Time,X,Y,Z,Psi,Vx_B,Vy_B,Vz_B,Ref_X,Ref_Y,Ref_Z,Ref_Psi,Ux,Uy,Uz,Upsi,Err_Int_X,Err_Int_Y,Err_Int_Z,Err_Int_Psi,CalcTime
0,1,0,0.5,1.5707963267949,1,6.12323399573677e-17,0.2,1,0,0.5,1.5707963267949,0,0,0.545,0,0,0,0,0,0.0001054
0.02,1.00000012915085,0.0199003337487212,0.504,1.5898288431877,0.989870403419763,-0.0188611709720419,0.2,0.999800006666578,0.0199986666933331,0.504,1.5907963267949,0.00786454919941354,0.0152645239903136,0.545000000000058,0.0261239923614047,2.0424747953288e-06,3.96429658234348e-06,8.88178419700125e-18,1.93496721438446e-05,2.65e-05
0.04,0.999994532531263,0.0396056465769456,0.508,1.60761127084218,0.979852238627946,-0.0355159457854953,0.200000000000021,0.999200106660978,0.0399893341866342,0.508,1.6107963267949,0.0241212852079019,0.0451855976552594,0.544999999999959,0.0618177256226043,1.02958300616545e-05,1.95596030855914e-05,1.11022302462516e-17,8.30507911981337e-05,1.02e-05
0.06,0.999964625634034,0.0591266679008746,0.512,1.6255719074222,0.970290911206251,-0.0507858433083296,0.200000000000006,0.998200539935204,0.0599640064794446,0.512,1.6307963267949,0.0408794615984102,0.0736455158587187,0.544999999999928,0.0614516781626885,2.89490948148297e-05,5.38715458058501e-05,2.22044604925031e-18,0.000187539178651974,7.4e-06
0.08,0.999885968746078,0.0784766069044226,0.516,1.64442743549974,0.96117264802282,-0.0654372990134298,0.19999999999998,0.996801706302619,0.0799146939691727,0.516,1.6507963267949,0.0579847349364126,0.100085568266588,0.545000000000056,0.0413810723524823,6.21707551741108e-05,0.000113273809848093,2.22044604925031e-18,0.00031491700455518,6.4e-06
0.1,0.999735327014167,0.0976680366348414,0.52,1.66365401139816,0.952533863779053,-0.0790528510767787,0.2,0.995004165278026,0.0998334166468282,0.52,1.6707963267949,0.0752711573396073,0.12461291640347,0.545000000000058,0.0336660096642653,0.000114065651501685,0.000203473724055846,1.11022302462516e-17,0.000457763312490012,6.1e-06
0.12,0.999490839901475,0.116712841960691,0.524,1.68263367230761,0.944444026196462,-0.0911403649266256,0.200000000000021,0.992808635853866,0.119712207288919,0.524,1.6907963267949,0.0924205060738185,0.147455264074065,0.544999999999959,0.0418958878783977,0.000188593462039659,0.000329588048297143,1.33226762955019e-17,0.000621016402235726,5.4e-06
0.14,0.999131895672799,0.135622133613591,0.528,1.70140640463973,0.936922213846951,-0.101834579116233,0.200000000000006,0.990215996212637,0.139543114644236,0.528,1.7107963267949,0.10942177183369,0.168675050526531,0.544999999999928,0.04954241749178,0.000289569118349249,0.000496173939066457,4.44089209850063e-18,0.000808814845338976,5.6e-06
0.16,0.998639036451395,0.15440618997282,0.532,1.72032710135988,0.929945727192442,-0.11155798236793,0.199999999999981,0.987227283375627,0.159318206614246,0.532,1.7307963267949,0.126460682096386,0.188210325971494,0.545000000000056,0.0480228528016838,0.00042071432253005,0.000707226874889568,4.44089209850063e-18,0.00101819935403923,5.4e-06
0.18,0.997993952032122,0.173074563532541,0.536,1.73950789376856,0.923511074599518,-0.120500398751234,0.200000000000001,0.983843692788121,0.179029573425824,0.536,1.7507963267949,0.143475996272516,0.206140951571759,0.545000000000058,0.043181452637105,0.000585643592699963,0.00096621553804266,1.33226762955019e-17,0.00124396801456587,8.6e-06
0.2,0.997179461388561,0.19163617569953,0.54,1.75878847872362,0.917642615166802,-0.128595390060774,0.200000000000021,0.980066577841242,0.198669330795061,0.54,1.7707963267949,0.160179948327616,0.22269771136934,0.544999999999945,0.0421494847637182,0.000787791856475692,0.0012761550499046,1.33226762955019e-17,0.00148412497599137,5.6e-06
0.22,0.996179411991077,0.210099240027649,0.544,1.77803661947167,0.91235493116312,-0.135796554473187,0.200000000000001,0.975897449330606,0.218229623080869,0.544,1.7907963267949,0.176440732781594,0.238027129886449,0.544999999999942,0.0444898278575948,0.00103038446159511,0.00163965647097817,4.44089209850063e-18,0.00173931912245598,5.7e-06
0.24,0.99497857054578,0.22847115261396,0.548,1.79728423154213,0.907636939728942,-0.142202716155783,0.199999999999981,0.97133797485203,0.237702626427135,0.548,1.8107963267949,0.192371810973454,0.252115781475592,0.545000000000056,0.0460348448467535,0.00131647169388715,0.00205893352130047,4.44089209850063e-18,0.00200956102751136,5.8e-06
0.26,0.993562585017342,0.246758530404317,0.552,1.81661316773565,0.903471865206643,-0.147956701070973,0.200000000000001,0.966389978134513,0.257080551892155,0.552,1.8307963267949,0.208056768143362,0.264960593833436,0.545000000000058,0.0453722357013427,0.00164895465801949,0.00253581186587426,1.33226762955019e-17,0.00229322420869632,5e-06
0.28,0.991917983009135,0.264967331185273,0.556,1.83603355368998,0.899853683579278,-0.153134698708951,0.200000000000021,0.961055438310771,0.276355648564114,0.556,1.8507963267949,0.223389107938425,0.276686473833314,0.544999999999945,0.0442747453187188,0.00203056113668607,0.00307177144516321,1.33226762955019e-17,0.00258847967079472,9.2e-06
0.3,0.990032132630936,0.283102883200314,0.56,1.85549934968624,0.896780015897847,-0.157756796347146,0.200000000000001,0.955336489125606,0.29552020666134,0.56,1.8707963267949,0.238221307137733,0.287454918292686,0.544999999999942,0.0442384962318932,0.00246381144744288,0.00366799724828064,4.44089209850063e-18,0.00289441921296775,8.6e-06
0.32,0.987893166592746,0.301169816990685,0.564,1.87498265650437,0.894240078516797,-0.161852792152013,0.199999999999981,0.949235418082441,0.314566560616118,0.564,1.8907963267949,0.252534832028014,0.297341139119503,0.545000000000056,0.0448657393898116,0.00295101871705521,0.0043254063905182,4.44089209850063e-18,0.00321069261877829,6.9e-06
0.34,0.985489923581124,0.319172030203371,0.568,1.89449452674288,0.892215607270621,-0.165483728870145,0.200000000000001,0.942754665528346,0.333487092140814,0.568,1.9107963267949,0.266396340354505,0.306355678966951,0.545000000000058,0.0451605170033088,0.00349431130036706,0.00504465772389375,1.33226762955019e-17,0.00353672861981866,6.2e-06
0.36,0.982811925868219,0.337112740105473,0.572,1.91405160388755,0.890688891201529,-0.168714276229959,0.200000000000021,0.935896823677935,0.35227423327509,0.572,1.9307963267949,0.279821935655217,0.314541907362608,0.54499999999993,0.0449496795055754,0.00409564150876192,0.00582616975574908,1.11022302462516e-17,0.00387162307796551,5.2e-06
0.38,0.97984936257612,0.354994548365236,0.576,1.93365118126099,0.889645124832779,-0.171589273170203,0.199999999999996,0.92866463557651,0.370920469412983,0.576,1.9507963267949,0.29275495180897,0.32199810984768,0.544999999999985,0.0447223093307869,0.00475677523491057,0.00667015239292018,6.66133814775094e-18,0.00421452598864364,6.8e-06
0.4,0.97659305418376,0.372819449043303,0.58,1.95327995099534,0.889068575509007,-0.174139488499689,0.199999999999991,0.921060994002885,0.389418342308651,0.58,1.9707963267949,0.305148789339829,0.328817518556481,0.545000000000057,0.044769993590749,0.00547928448689856,0.00757663657205318,1.11022302462516e-17,0.00456485350463472,5.4e-06
0.42,0.973034409234062,0.390588805854852,0.584,1.97293143583975,0.888940154637413,-0.176397337727259,0.200000000000011,0.913088940312308,0.40776045305957,0.584,1.9907963267949,0.317013589021858,0.335049392951443,0.545000000000001,0.0449348759325366,0.00626455487820707,0.00854549171980391,1.55431223447522e-17,0.00492215132373769,5.3e-06
0.44,0.969165393128146,0.408303357054753,0.588,1.99260800612627,0.889239179669438,-0.17840039532453,0.200000000000011,0.904751663219963,0.425939465066,0.588,2.0107963267949,0.328379536724262,0.340724577694345,0.544999999999915,0.0449909759478354,0.00711379815224733,0.0095764379958459,6.66133814775094e-18,0.00528591773711016,4.9e-06
0.46,0.964978509381708,0.425963253316981,0.592,2.0123119048573,0.88994567586799,-0.18018415877866,0.199999999999981,0.896052497525525,0.44394810696552,0.592,2.0307963267949,0.339251616118339,0.345891945685179,0.545000000000027,0.04493693621704,0.00802805785740075,0.0106690629177638,2.22044604925031e-18,0.00565560617586204,1.09e-05
0.48,0.960466780820206,0.443568091176284,0.596,2.03204053613934,0.891040315487166,-0.181777157274746,0.19999999999999,0.886994922779284,0.461779175541483,0.596,2.0507963267949,0.349615021442942,0.350615914467957,0.545000000000057,0.0448988714589416,0.00900820975633324,0.011822841606298,6.66133814775094e-18,0.00603072198897308,6.8e-06
0.5,0.955623725580883,0.461116923264883,0.6,2.05178960617485,0.892503203477788,-0.183203131635762,0.200000000000011,0.877582561890373,0.479425538604203,0.6,2.0707963267949,0.359465879025333,0.354951435228561,0.54500000000003,0.0449277759926793,0.0100549650855487,0.0130371540582987,1.55431223447522e-17,0.00641085640137407,9.2e-06
0.52,0.950443333482177,0.478608262438396,0.604,2.07155700001557,0.894313665127016,-0.184484883203787,0.200000000000021,0.86781917967765,0.496880137843737,0.604,2.0907963267949,0.368819708414132,0.358935664948151,0.544999999999916,0.0449733718343701,0.0111688787877767,0.0143112973599275,1.11022302462516e-17,0.00679564293696067,5.9e-06
0.54,0.944920047810161,0.496040098921585,0.608,2.09134255369882,0.896451059178954,-0.185644817080454,0.199999999999991,0.857708681363824,0.514135991653113,0.608,2.1107963267949,0.377695166176016,0.362600937188018,0.544999999999984,0.0449871759507968,0.0123503583644908,0.0156444963391811,4.44089209850063e-18,0.00718471839888227,7e-06
0.56,0.939048750983178,0.513409927060784,0.612,2.1111457827841,0.898895337202621,-0.186703134426116,0.199999999999986,0.847255111013416,0.531186197920883,0.612,2.1307963267949,0.386101987430412,0.365985437787066,0.545000000000056,0.0449781338174958,0.0135996701995579,0.0170359154696365,6.66133814775094e-18,0.00757772927909826,5.5e-06
0.58,0.932824750426964,0.530714767924284,0.615999999999999,2.13096509779375,0.901626884146946,-0.187676909458899,0.200000000000006,0.836462649915187,0.548023936791874,0.616,2.1507963267949,0.394045986597618,0.36912932607226,0.545000000000058,0.0449770181468429,0.0149169447179319,0.0184846709838672,1.77635683940025e-17,0.00797435385912116,1.4e-05
0.6,0.926243764055432,0.547951184290345,0.62,2.15079875614542,0.904626237369264,-0.188580880135308,0.200000000000027,0.825335614909678,0.564642473395035,0.62,2.1707963267949,0.401538247312856,0.372066519824121,0.544999999999916,0.044991113034332,0.0163021827958067,0.019989841055987,1.55431223447522e-17,0.0083743052721106,5.3e-06
0.62,0.919301907101459,0.565115295286871,0.624,2.17064567244457,0.9078741760852,-0.189428456282699,0.199999999999997,0.813878456662534,0.581035160537305,0.624,2.1907963267949,0.40859550418528,0.374823957075135,0.544999999999956,0.0450061330579347,0.0177552634878772,0.0215504739106802,6.66133814775094e-18,0.00877731835911714,8.4e-06
0.64,0.911995681158475,0.582202795757474,0.628,2.19050520044069,0.911352005400529,-0.190231836189158,0.199999999999981,0.802095757884293,0.597195441362392,0.628,2.2107963267949,0.415234475629928,0.37742657721215,0.545000000000056,0.0450123668941422,0.0192759515645298,0.0231655952054099,6.66133814775094e-18,0.00918314088620136,4.6e-06
0.66,0.904321964663783,0.599208977818639,0.632,2.21037658589004,0.915041679970564,-0.191001617841692,0.200000000000001,0.789992231497365,0.613116851973434,0.632,2.2307963267949,0.42146916755692,0.379899923133162,0.545000000000058,0.0450139991464151,0.0208639041626915,0.0248342153796123,1.55431223447522e-17,0.00959153570429859,4.8e-06
0.68,0.896278003968194,0.616128750380122,0.636,2.23025886496652,0.918925741941192,-0.191746703255411,0.200000000000022,0.777572718750928,0.628793024018469,0.636,2.2507963267949,0.427313044180888,0.382268239677007,0.544999999999945,0.0450181752388232,0.0225186771363847,0.0265553364769364,1.55431223447522e-17,0.0100022849408662,4.6e-06
0.7,0.887861404998768,0.632956656446822,0.64,2.25015112460762,0.922987274424139,-0.192474611395588,0.200000000000002,0.764842187284488,0.644217687237691,0.64,2.2707963267949,0.432781363069402,0.384552240521682,0.544999999999942,0.0450254322455053,0.024239731720426,0.028327957873443,6.66133814775094e-18,0.0104151889846118,4.3e-06
0.72,0.879070125869832,0.649686890697946,0.644,2.27005265765837,0.927209961018622,-0.193191789871957,0.199999999999981,0.751805729140895,0.659384671971473,0.644,2.2907963267949,0.437890664331856,0.386769513954175,0.545000000000056,0.0450320182410164,0.0260264413655699,0.0301510810449576,6.66133814775094e-18,0.0108300623673424,4.4e-06
0.74,0.869902470464562,0.666313318433851,0.648,2.28996287384949,0.931578167378602,-0.193903686264353,0.200000000000001,0.738468558729588,0.674287911628145,0.648,2.3107963267949,0.442657039247524,0.388936188718284,0.545000000000058,0.0450361742553115,0.0278780982900873,0.0320237138306675,1.55431223447522e-17,0.0112467314262504,1.75e-05
0.76,0.860357082723723,0.682829494780447,0.652,2.30988117295218,0.936076960791924,-0.194614713861205,0.200000000000022,0.724836010740905,0.688921445110551,0.652,2.3307963267949,0.447095624342676,0.391067493835578,0.544999999999945,0.0450393335686015,0.029793919622937,0.0339448743509459,1.55431223447522e-17,0.0116650345031048,8.4e-06
0.78,0.850432941461026,0.699228683014565,0.656,2.3298069399691,0.940692086139649,-0.195328305736749,0.200000000000002,0.710913538012277,0.70327941920041,0.656,2.3507963267949,0.451221324840669,0.393177107487964,0.544999999999942,0.0450430804525362,0.031773053336277,0.0359135944188219,6.66133814775094e-18,0.0120848222396208,5.7e-06
0.8,0.840129355696615,0.715503872200388,0.66,2.34973961034207,0.945409955165162,-0.196047060870453,0.199999999999981,0.696706709347165,0.717356090899523,0.66,2.3707963267949,0.455049314330835,0.3952766874029,0.545000000000056,0.0450472692381566,0.0338145841018108,0.0379289223359051,6.66133814775094e-18,0.0125059565686772,5.1e-06
0.82,0.829445960513775,0.731647794878673,0.664,2.36967869493518,0.950217660589561,-0.19677287234002,0.200000000000001,0.682221207287613,0.731145829726896,0.664,2.3907963267949,0.458594728413514,0.397376201251161,0.545000000000058,0.0450509798124614,0.0359175389926338,0.0399899251742754,1.55431223447522e-17,0.0129283092058716,5.8e-06
0.84,0.818382713370307,0.747652944975632,0.668,2.38962375006892,0.955102986790624,-0.197506989585831,0.200000000000022,0.667462825841308,0.744643119970859,0.668,2.4107963267949,0.46187217855498,0.39948446500883,0.544999999999945,0.0450539511822934,0.0380808929076176,0.0420956906972751,1.55431223447522e-17,0.0133517607403911,5.3e-06
0.86,0.806939890776729,0.763511595538498,0.672,2.40957434847439,0.960054400053057,-0.198250058041779,0.200000000000002,0.652437468164052,0.757842562895277,0.672,2.4307963267949,0.464895678628978,0.401609281363779,0.544999999999942,0.0450566165349427,0.0403035737057904,0.044245328964322,6.66133814775094e-18,0.0137762003068011,5.2e-06
0.88,0.795118085287386,0.779215816025552,0.676,2.42953008161373,0.965061028902477,-0.19900218182544,0.199999999999981,0.63715114419858,0.770738878898969,0.676,2.4507963267949,0.467678851328988,0.403757289429454,0.545000000000056,0.0450593143999569,0.0425844671112246,0.0464379735887534,6.66133814775094e-18,0.0142015252104245,5.1e-06
0.9,0.782918202768239,0.794757489261968,0.68,2.44949057416768,0.970112648978598,-0.199763003681536,0.200000000000001,0.621609968270664,0.783326909627483,0.68,2.4707963267949,0.470235012803058,0.405933932630895,0.545000000000058,0.0450619554319126,0.0449224214157631,0.0486727826492532,1.55431223447522e-17,0.0146276402629687,4.8e-06
0.92,0.770341459895369,0.810128328256383,0.684,2.46945548598809,0.975199672384683,-0.20053177364702,0.200000000000022,0.605820156643463,0.795601620036366,0.684,2.4907963267949,0.472577052284559,0.408143640833834,0.544999999999945,0.0450643318112163,0.047316251952991,0.0509489393110849,1.55431223447522e-17,0.0150544570791048,4.6e-06
0.94,0.757389381834135,0.825319892880577,0.688000000000001,2.48942450243129,0.980313133523495,-0.201307398122615,0.200000000000002,0.589788025031098,0.807558100405114,0.688,2.5107963267949,0.474717307777995,0.41039002354418,0.544999999999942,0.0450664270040028,0.0497647453165557,0.0532656522148008,6.66133814775094e-18,0.0154818935663769,1.28e-05
0.96,0.744063800059748,0.84032360628942,0.692,2.50939732725862,0.985444668758862,-0.202088482469554,0.199999999999981,0.573519986072457,0.819191568300998,0.692,2.5307963267949,0.476667566104268,0.412675936127564,0.545000000000041,0.04506836574493,0.0522666633289733,0.0556221556556408,4.44089209850063e-18,0.0159098735571024,7.9e-06
0.98,0.730366850287421,0.855130771022528,0.696,2.52937368322061,0.990586493872984,-0.202873377491426,0.199999999999996,0.557022546766217,0.83049737049197,0.696,2.5507963267949,0.478439120764167,0.4150034838533,0.545000000000057,0.0450702207417778,0.0548207467819445,0.0580177095601144,1.11022302462516e-17,0.0163383264285882,8.3e-06
1,0.716300970477246,0.869732584829232,0.7,2.54935331440273,0.995731382748252,-0.203660226723159,0.200000000000016,0.54030230586814,0.841470984807897,0.7,2.5707963267949,0.480042785777604,0.417374070944719,0.544999999999987,0.0450719638988339,0.0574257189572538,0.060451599277798,1.55431223447522e-17,0.0167671866764315,5.4e-06
1.02,0.70186889887702,0.884120156261654,0.704,2.56933598510215,1.00087264662478,-0.204447007512568,0.200000000000011,0.52336595125165,0.852108021949363,0.704,2.5907963267949,0.481488862938047,0.419788499354967,0.544999999999915,0.0450735552509985,0.0600802889250163,0.0629231352188523,6.66133814775094e-18,0.0171963935102863,5.1e-06
1.04,0.687073672072264,0.898284520024122,0.708,2.58932147646227,1.00600411198015,-0.205231564978584,0.199999999999981,0.506220257232778,0.862404227243338,0.708,2.6107963267949,0.482787120078256,0.422247056341638,0.545000000000027,0.0450750057140753,0.0627831546190106,0.0654316523640765,2.22044604925032e-18,0.0176258905169389,5e-06
1.06,0.671918623019617,0.912216652043346,0.712,2.60930958427379,1.0111200968973,-0.206011642691417,0.19999999999999,0.488872081860527,0.872355482344986,0.712,2.6307963267949,0.483946804393836,0.424749563842517,0.545000000000057,0.0450763522908122,0.0655330056979777,0.0679765096637132,6.66133814775094e-18,0.0180556253673609,4.7e-06
1.08,0.656407379040904,0.925907484247761,0.716,2.62930011860241,1.01621538722648,-0.206784912374492,0.200000000000011,0.47132836417374,0.881957806884948,0.716,2.6507963267949,0.484976666653729,0.427295414571514,0.54500000000003,0.0450776131226828,0.0683285262043876,0.0705570893373601,1.55431223447522e-17,0.0184855495312106,6.2e-06
1.1,0.640543859753471,0.939347919068267,0.72,2.64929290358866,1.02128521333772,-0.20754900156811,0.200000000000021,0.453596121425577,0.891207360061435,0.72,2.6707963267949,0.485884972318526,0.42988362063537,0.544999999999916,0.0450787835558034,0.0711683970285023,0.0731727960902864,1.11022302462516e-17,0.0189156179953354,5e-06
1.12,0.624332274913961,0.952528843668645,0.724,2.66928777638545,1.02632522720903,-0.20830151770631,0.199999999999991,0.435682446276712,0.900100442176505,0.724,2.6907963267949,0.486679503564325,0.432512870584424,0.544999999999984,0.0450798597993898,0.0740512981830226,0.0758230562632543,4.44089209850063e-18,0.0193457890035242,6.9e-06
1.14,0.607777122157151,0.965441143898945,0.728,2.68928458574169,1.03133147945468,-0.209040068779584,0.199999999999986,0.417594503958358,0.908633496115883,0.728,2.7107963267949,0.487367567305418,0.435181578414161,0.545000000000056,0.0450808505828626,0.0769759108950508,0.0785073169304175,6.66133814775094e-18,0.0197760238245883,5.5e-06
1.16,0.590883184614715,0.978075717961803,0.731999999999999,2.7092831910075,1.03630039642874,-0.209762281732783,0.200000000000006,0.399339529406273,0.916803108771767,0.732,2.7307963267949,0.487956012625016,0.437887920464324,0.545000000000058,0.0450817685835684,0.0799409195243934,0.0812250449563521,1.77635683940025e-17,0.0202062865403362,7.1e-06
1.18,0.573655528399346,0.990423489789182,0.736,2.72928346157902,1.04122875781017,-0.210465819156455,0.200000000000027,0.380924824366882,0.92460601240802,0.736,2.7507963267949,0.488451249989618,0.44062986830494,0.544999999999916,0.0450826205282281,0.0829450133174753,0.0839757260219492,1.55431223447522e-17,0.0206365438446537,5.7e-06
1.2,0.5560994999399,1.00247542213222,0.74,2.74928527635024,1.04611367486112,-0.211148394026642,0.199999999999997,0.362357754476674,0.932039085967226,0.74,2.7707963267949,0.488859266963637,0.443405223340549,0.544999999999956,0.0450834080943675,0.0859868880050125,0.086758863629096,6.66133814775094e-18,0.0210667648535469,5.3e-06
1.22,0.5382207231551,1.0142225293648,0.744,2.76928852298491,1.05095256929391,-0.211807782254051,0.199999999999981,0.343645746316047,0.939099356319068,0.744,2.7907963267949,0.489185642452029,0.446211650909466,0.545000000000056,0.0450841338461961,0.0890652472510102,0.0895739780936838,6.66133814775094e-18,0.0214969209297467,7.3e-06
1.24,0.520025096455854,1.0256558899978,0.748,2.78929309717194,1.05574315269019,-0.212441833258258,0.200000000000001,0.324796284438776,0.945783999449539,0.748,2.8107963267949,0.48943556309449,0.449046709854081,0.545000000000058,0.0450848031221521,0.0921788039610376,0.092420605535058,1.55431223447522e-17,0.0219269855222058,8e-06
1.26,0.501518789567904,1.03676665890101,0.752,2.80929890202965,1.06048340655288,-0.213048478956917,0.200000000000022,0.305816908378289,0.952090341590516,0.752,2.8307963267949,0.489613841894632,0.45190787740695,0.544999999999945,0.0450854214896514,0.0953262814581202,0.0952982968685973,1.55431223447522e-17,0.0223569340175107,6.9e-06
1.28,0.482708240167298,1.04754607923171,0.756,2.82930584762917,1.06517156310867,-0.213625741364461,0.200000000000002,0.286715209631956,0.958015860289225,0.756,2.8507963267949,0.489724936856628,0.454792571814609,0.544999999999942,0.0450859927035044,0.0985064145343928,0.0982066168073461,6.66133814775094e-18,0.0227867436008253,5.8e-06
1.3,0.463600150322009,1.05798549407009,0.76,2.84931385052918,1.06980608690421,-0.214171738809493,0.199999999999981,0.267498828624587,0.963558185417193,0.76,2.8707963267949,0.489772968527074,0.457698173919079,0.545000000000056,0.0450865193437796,0.101717950386174,0.1011451428782,6.66133814775094e-18,0.0232163931261396,1.54e-05
1.32,0.44420148273444,1.06807635776076,0.764,2.86932283329191,1.07438565717834,-0.21468469080947,0.200000000000001,0.248175451652373,0.968715100118265,0.764,2.8907963267949,0.489761737133078,0.460622046957886,0.545000000000058,0.0450870042373283,0.104959649439834,0.104113464457533,1.55431223447522e-17,0.0236458629961993,9.5e-06
1.34,0.424519456780973,1.07781024695899,0.768,2.88933272402616,1.0789091510023,-0.215162921751462,0.200000000000022,0.228752807808459,0.973484541695319,0.768,2.9107963267949,0.489694740095879,0.463561553749349,0.544999999999945,0.0450874506864794,0.108230286075751,0.107111181830347,1.55431223447522e-17,0.0240751350515741,8.3e-06
1.36,0.404561544345791,1.08717887138061,0.772,2.9093434559891,1.08337562721033,-0.215604863548269,0.200000000000002,0.209238665891419,0.977864602435316,0.772,2.9307963267949,0.489575189722798,0.466514071512765,0.544999999999942,0.0450878617847215,0.111528649257514,0.110137905276302,6.66133814775094e-18,0.02450419246769,6.5e-06
1.38,0.384335465446955,1.09617408425465,0.776,2.92935496723144,1.08778431114242,-0.216009057377642,0.199999999999981,0.189640831297834,0.98185353037236,0.776,2.9507963267949,0.489406030453648,0.469477005053188,0.545000000000056,0.0450882400344901,0.114853543073235,0.113193254185468,6.66133814775094e-18,0.0249330196589592,8.6e-06
1.4,0.36384918365352,1.10478789247849,0.78,2.94936720025919,1.09213458019669,-0.216374154568814,0.200000000000001,0.169967142900241,0.98544972998846,0.78,2.9707963267949,0.489189955439503,0.472447798607139,0.545000000000058,0.0450885875964747,0.118203787195519,0.116276856206216,1.55431223447522e-17,0.0253616021896733,6.8e-06
1.42,0.34311090129347,1.11301246647489,0.784,2.96938010170817,1.09642595017398,-0.216698916711044,0.200000000000022,0.150225469911686,0.98865176285172,0.784,2.9907963267949,0.488929422647677,0.475423946194289,0.544999999999945,0.0450889066181078,0.12157821726632,0.119388346427199,1.55431223447522e-17,0.0257899266914078,6.6e-06
1.44,0.322129054453083,1.12084014974995,0.788,2.98939362204194,1.1006580623999,-0.216982215080975,0.200000000000002,0.130423708738146,0.991458348191686,0.788,3.0107963267949,0.488626670635668,0.478403000383876,0.544999999999942,0.0450891992402389,0.124975685212692,0.122527366594932,6.66133814775094e-18,0.0262179807864669,7.1e-06
1.46,0.300912307769104,1.1282634681516,0.792,3.00940771527818,1.10483067161524,-0.217223029481808,0.199999999999981,0.11056977982007,0.993868363411645,0.792,3.0307963267949,0.488283733887548,0.481382579659017,0.545000000000056,0.0450894674291116,0.128395059499194,0.125693564368042,6.66133814775094e-18,0.0266457530168012,2.55e-05
1.48,0.279469549015703,1.13527513882802,0.796,3.02942233873716,1.10894363462168,-0.217420446566809,0.200000000000001,0.0906716244643097,0.99588084453764,0.796,3.0507963267949,0.487902457547743,0.484360374633409,0.545000000000058,0.0450897129189371,0.13183522532238,0.128886592608949,1.55431223447522e-17,0.0270732327779559,1.93e-05
1.5,0.257809883488824,1.14186807888559,0.8,3.04943745280553,1.11299689966257,-0.217573657707228,0.200000000000022,0.0707372016677029,0.997494986604054,0.8,3.0707963267949,0.487484511510894,0.4873341532368,0.544999999999945,0.045089937295115,0.135295084752532,0.132106108713438,1.55431223447522e-17,0.0275004102577432,9.3e-06
1.52,0.235942628191163,1.14803541374606,0.804,3.06945302071465,1.11699049651439,-0.21768195646533,0.200000000000002,0.0507744849335792,0.998710143975583,0.804,3.0907963267949,0.487031403921602,0.490301764887879,0.544999999999942,0.0450901420703979,0.138773556827487,0.135351773978303,6.66133814775094e-18,0.0279272763793481,6.4e-06
1.54,0.213877305821583,1.15377048520242,0.808,3.08946900833526,1.12092452726508,-0.217744735734688,0.199999999999981,0.0307914590824661,0.999525830605479,0.808,3.1107963267949,0.486544494108086,0.493261143705191,0.545000000000056,0.0450903286790729,0.142269577603172,0.13862325300699,6.66133814775094e-18,0.0283538227485409,5.6e-06
1.56,0.191623638573268,1.15906685917328,0.812,3.10948538398853,1.12479915775606,-0.217761484604444,0.200000000000001,0.0107961170582674,0.999941720229966,0.812,3.1307963267949,0.486025004917161,0.496210310869478,0.545000000000058,0.0450904984413787,0.14578210016516,0.141920213152931,1.55431223447522e-17,0.0287800416046683,5.1e-06
1.58,0.169191541745366,1.16391833315549,0.816,3.12950211827108,1.12861460966271,-0.21773178499601,0.200000000000022,-0.00920354326880834,0.99995764649874,0.816,3.1507963267949,0.485474034416303,0.499147376251778,0.544999999999945,0.045090652561427,0.149310094605308,0.145242324000081,1.55431223447522e-17,0.0292059257751446,5.1e-06
1.6,0.146591117173299,1.16831894337487,0.820000000000001,3.14951918389168,1.13237115318659,-0.217655308115269,0.200000000000002,-0.0291995223012888,0.999573603041505,0.82,3.1707963267949,0.484892566965442,0.502070539382234,0.544999999999942,0.0450907921547525,0.152852547967265,0.148589256880017,6.66133814775094e-18,0.029631468633209,5.5e-06
1.62,0.123832646483336,1.17226297163497,0.824,3.16953655551925,1.13606910033133,-0.217531810760965,0.199999999999981,-0.0491838219141706,0.998789743470524,0.824,3.1907963267949,0.484281483682141,0.504978089808735,0.545000000000056,0.0450909182679737,0.156408464164393,0.151960684424786,6.66133814775094e-18,0.030056664058722,5.3e-06
1.64,0.10092658417735,1.17574495186376,0.828,3.18955420964197,1.13970879873488,-0.217361131527631,0.200000000000001,-0.0691484486540622,0.997606381319174,0.828,3.2107963267949,0.483641572314102,0.507868406907176,0.545000000000058,0.0450910318780473,0.159976863873381,0.155356280154581,1.55431223447522e-17,0.0304815064017806,5.2e-06
1.66,0.077883550554062,1.17875967635849,0.832,3.20957212443688,1.14329062603065,-0.217143186937225,0.200000000000022,-0.0890854169364592,0.996023989916537,0.832,3.2307963267949,0.482973536521012,0.510739959213181,0.544999999999945,0.0450911338879886,0.163556784406634,0.158775718099229,1.55431223447522e-17,0.0309059904489409,5.1e-06
1.68,0.0547143244733001,1.1813022017286,0.836000000000001,3.22959027964888,1.14681498471032,-0.21687796752943,0.200000000000002,-0.108986752239871,0.994043202198076,0.836,3.2507963267949,0.482278004571963,0.513591303340983,0.544999999999942,0.0450912251311895,0.167147279566241,0.162218672452358,6.66133814775094e-18,0.0313301113918612,8.5e-06
1.7,0.0314298359701313,1.18336785453718,0.84,3.24960865647815,1.15028229746051,-0.216565533937218,0.199999999999981,-0.128844494295525,0.991664810452469,0.84,3.2707963267949,0.481555537474869,0.516421082540925,0.545000000000056,0.0450913063816427,0.170747419482153,0.165684817257071,6.66133814775094e-18,0.0317538647981961,6.2e-06
1.72,0.00804115872592022,1.18495223664116,0.844,3.26962723747561,1.15369300294638,-0.216206012971807,0.200000000000001,-0.148650700271364,0.988889766004701,0.844,3.2907963267949,0.480806636558472,0.519228024940295,0.545000000000058,0.0450913783604884,0.17435629043696,0.16917382612189,1.55431223447522e-17,0.0321772465845818,6.2e-06
1.74,-0.0154404975963871,1.18605123023064,0.848,3.28964600644597,1.15704755201536,-0.215799593738612,0.200000000000022,-0.168397447949077,0.985719178835553,0.848,3.3107963267949,0.480031750526411,0.522010941513055,0.544999999999945,0.0450914417381332,0.177972994679484,0.172685371965682,1.55431223447522e-17,0.0326002529915604,5.8e-06
1.76,-0.0390037951452809,1.18666100256793,0.852000000000001,3.30966494835776,1.16034640429516,-0.215346523803018,0.200000000000002,-0.18807683889288,0.982154317137618,0.852,3.3307963267949,0.479231281998654,0.524768723822319,0.544999999999942,0.0450914971355654,0.181596650229184,0.176219126790266,6.66133814775094e-18,0.0330228805603031,5.9e-06
1.78,-0.062637275794362,1.18677801042694,0.856,3.32968404925987,1.16359002516072,-0.214847105422231,0.199999999999981,-0.207681001608784,0.978196606808045,0.856,3.3507963267949,0.478405593559589,0.527500341576731,0.545000000000056,0.0450915451282955,0.185226390673236,0.179774761479364,6.66133814775094e-18,0.0334451261110036,5.3e-06
1.8,-0.0863293691688852,1.18639900423354,0.86,3.349703296204,1.16677888304535,-0.214301691857202,0.200000000000001,-0.227202094693087,0.973847630878195,0.86,3.3707963267949,0.47755501333332,0.530204840034552,0.545000000000058,0.0450915862507379,0.188861364957924,0.18335194562257,1.55431223447522e-17,0.0338669867228215,6.1e-06
1.82,-0.110068400777256,1.18552103190784,0.864,3.36972267717266,1.1699134470722,-0.213710683776701,0.200000000000022,-0.246632309968834,0.969109128880456,0.864,3.3907963267949,0.476679840108365,0.532881337286844,0.544999999999945,0.0450916209997142,0.192500737175872,0.186950347362992,1.55431223447522e-17,0.0342884597152663,7.2e-06
1.84,-0.133842600239459,1.18414144240932,0.868000000000001,3.38974218101233,1.17299418498301,-0.213074525763782,0.200000000000002,-0.26596387560898,0.963982996152448,0.868,3.4107963267949,0.475780348032808,0.53552902144938,0.544999999999942,0.0450916498363031,0.19614368635046,0.190569633267252,6.66133814775094e-18,0.0347095426309176,5.7e-06
1.86,-0.157640109604318,1.18225788898581,0.872,3.40976179737154,1.17602156134201,-0.212393702933065,0.199999999999981,-0.285189059245021,0.958471283078914,0.872,3.4307963267949,0.474856790900273,0.538147147789854,0.545000000000056,0.045091673188447,0.199789406218641,0.194209468216513,6.66133814775094e-18,0.0351302332193847,5.4e-06
1.88,-0.1814489917474,1.17986833212762,0.876,3.42978151664325,1.17899603599381,-0.211668737665647,0.200000000000001,-0.304300171059833,0.952576194271595,0.876,3.4507963267949,0.47390940604814,0.540735035814714,0.545000000000058,0.0450916914529339,0.203437105013243,0.197869515317262,1.55431223447522e-17,0.0355505294224177,5.8e-06
1.9,-0.20525723884135,1.17697104222804,0.88,3.44980132991143,1.18191806275488,-0.210900186467005,0.200000000000022,-0.323289566863504,0.946300087687414,0.88,3.4707963267949,0.472938417888895,0.543292066336683,0.544999999999945,0.0450917049982739,0.207086005245717,0.201549435830569,1.55431223447522e-17,0.035970429360087,5.8e-06
1.92,-0.229052780890369,1.1735646019517,0.884000000000001,3.46982122890151,1.18478808831922,-0.210088636951975,0.200000000000002,-0.342149651150898,0.939645473685325,0.884,3.4907963267949,0.471944041095877,0.545817678542034,0.544999999999928,0.0450917141665728,0.210735343490166,0.205248889118591,4.44089209850063e-18,0.0363899313179547,9.3e-06
1.94,-0.252823494320566,1.16964790831237,0.888,3.48984120593428,1.18760655136001,-0.209234704959686,0.199999999999976,-0.360872880139767,0.9326150140222,0.888,3.5107963267949,0.470926483463856,0.54831136707408,0.545000000000055,0.0450917192756581,0.214384370169403,0.208967532607124,2.22044604925032e-18,0.0368090337351671,6.3e-06
1.96,-0.276557210617872,1.16522017446184,0.892,3.50986125388318,1.19037388180943,-0.208339031800266,0.199999999999995,-0.379451764788155,0.925211520788168,0.892,3.5307963267949,0.469885948464425,0.550772679147945,0.545000000000057,0.0450917206202434,0.21803234934367,0.212705021763037,8.88178419700126e-18,0.0372277351934015,6.2e-06
1.98,-0.300241725005224,1.16028093119183,0.896,3.52988136613467,1.19309050030056,-0.207402281634164,0.200000000000016,-0.397878873789916,0.91743795528181,0.896,3.5507963267949,0.468822637515641,0.55320121170987,0.544999999999987,0.0450917184738332,0.221678558502571,0.216461010085463,1.33226762955019e-17,0.0376460344066061,5.9e-06
2,-0.323864805150736,1.15483002815078,0.9,3.54990153655138,1.19575681775533,-0.206425138984058,0.200000000000011,-0.416146836547142,0.909297426825682,0.9,3.5707963267949,0.467736751984907,0.555596608652129,0.544999999999915,0.0450917130903563,0.225322288360671,0.22023514910967,4.44089209850063e-18,0.0380639302114764,5.6e-06
2.02,-0.347414199898621,1.14886763477765,0.904,3.56992175943795,1.19837323510424,-0.205408306378571,0.19999999999998,-0.4342483461183,0.900793191522627,0.904,3.5907963267949,0.466628494943885,0.557958558093145,0.544999999999998,0.0450917047056281,0.228962842657162,0.224027088422568,-4.44089209850062e-18,0.0384814215586154,5.6e-06
2.04,-0.370877648014631,1.14239424095511,0.908,3.58994202950927,1.20094014312376,-0.20435250212637,0.199999999999979,-0.452176162140912,0.89192865095338,0.908,3.6107963267949,0.465498072692829,0.560286789730664,0.545000000000012,0.045091693538546,0.232599537959902,0.227836475688868,-1.11022302462516e-17,0.0388985075043278,5.3e-06
2.06,-0.394242886937873,1.13541065738427,0.912,3.6099623418611,1.20345792237879,-0.203258458218615,0.199999999999984,-0.469923113727602,0.882707350815974,0.912,3.6307963267949,0.464345696071894,0.562581072275093,0.544999999999998,0.045091679792167,0.236231703474088,0.231662956686934,-1.77635683940025e-17,0.0393151872030038,5.5e-06
2.08,-0.417497661530882,1.12791801568368,0.916,3.62998269194268,1.20592694325786,-0.20212691835722,0.199999999999983,-0.487482102334359,0.873132979507516,0.916,3.6507963267949,0.463171581575311,0.564841210968872,0.544999999999998,0.0450916636549757,0.239858680855735,0.235506175353438,-2.44249065417534e-17,0.0397314599000481,6.1e-06
2.1,-0.440629732819934,1.11991776821516,0.92,3.65000307553138,1.2083475660902,-0.200958636105937,0.199999999999983,-0.504846104599858,0.863209366648874,0.92,3.6707963267949,0.461975952284407,0.567067045195357,0.544999999999998,0.0450916453019566,0.243479824030137,0.239365773835949,-3.10862446895044e-17,0.0401473249253184,8.7e-06
2.12,-0.463626886717633,1.11141168763928,0.924,3.67002348870916,1.21072014133386,-0.199754373160947,0.199999999999982,-0.522008175154707,0.852940481552876,0.924,3.6907963267949,0.460759038634552,0.569258446181919,0.545000000000013,0.0450916248956538,0.247094499015366,0.243241392552656,-3.5527136788005e-17,0.040562781687033,7.3e-06
2.14,-0.486476942719905,1.10240186620346,0.928,3.69004392784069,1.21304500982564,-0.198514897737289,0.199999999999987,-0.538961449399512,0.842330431636646,0.928,3.7107963267949,0.459521079030261,0.571415314798006,0.544999999999999,0.0450916025868043,0.25070208375089,0.247132670258453,-3.99680288865056e-17,0.0409778296661171,1.13e-05
2.16,-0.509167762569625,1.09289071476575,0.932,3.71006438955307,1.2153225030836,-0.197240983067248,0.199999999999986,-0.555699146250613,0.831383460778683,0.932,3.7307963267949,0.458262320321709,0.573537579451658,0.544999999999999,0.0450915785153263,0.254301967931297,0.25103924411667,-4.44089209850063e-17,0.0413924684109536,7.5e-06
2.18,-0.531687258879208,1.08288096155747,0.936,3.73008487071699,1.2175529436541,-0.19593340600658,0.199999999999986,-0.572214570852437,0.820103947621374,0.936,3.7507963267949,0.456983018155757,0.575625194083768,0.544999999999999,0.0450915528111502,0.257893552845131,0.254960749775763,-4.88498130835069e-17,0.0418066975325118,9.2e-06
2.2,-0.554023403704597,1.07237565068823,0.94,3.75010536842925,1.21973664549591,-0.194592945744335,0.199999999999985,-0.588501117255346,0.80849640381959,0.94,3.7707963267949,0.45568343721348,0.577678136261517,0.544999999999999,0.045091525594795,0.261476251218763,0.258896821450343,-5.32907051820075e-17,0.0422205166998248,6.9e-06
2.22,-0.576164237063201,1.06137814039658,0.944,3.77012587999653,1.22187391439424,-0.19322038261189,0.199999999999984,-0.60455227105793,0.796565472236087,0.944,3.7907963267949,0.454363851345566,0.579696405369524,0.544999999999999,0.0450914969782542,0.265049487065239,0.262847092005939,-5.77315972805081e-17,0.0426339256357922,6.3e-06
2.24,-0.598097875388452,1.04989210105021,0.948,3.79014640292033,1.22396504839875,-0.191816496986777,0.199999999999984,-0.62036161201268,0.78431592508442,0.948,3.8107963267949,0.453024543616178,0.581680020898371,0.544999999999999,0.0450914670654299,0.268612695538,0.266811193046941,-6.21724893790088e-17,0.0430469241132835,6.2e-06
2.26,-0.619812519913799,1.03792151289921,0.952,3.81016693488298,1.22601033827953,-0.190382068286818,0.199999999999983,-0.635922816594003,0.771752662020126,0.952,3.8307963267949,0.451665806265684,0.583629020829345,0.544999999999999,0.0450914359527101,0.272165322789358,0.270788755007223,-6.66133814775094e-17,0.0434595119515218,6.4e-06
2.28,-0.641296464979054,1.0254706635865,0.956,3.83018747373467,1.2280100679961,-0.188917874050051,0.199999999999983,-0.651229660527546,0.758880708180922,0.956,3.8507963267949,0.450287940601034,0.585543460112708,0.545000000000013,0.0450914037295324,0.275706825833585,0.274779407242949,-6.88338275267597e-17,0.0438716890127264,5.8e-06
2.3,-0.662538106252187,1.01254414541929,0.96,3.85020801748138,1.22996451517467,-0.187424689096011,0.199999999999988,-0.666276021279824,0.74570521217672,0.96,3.8707963267949,0.448891256822711,0.587423409238418,0.544999999999999,0.0450913704790773,0.279236672414486,0.278782778127144,-7.105427357601e-17,0.0442834551989967,5.9e-06
2.32,-0.683525948859772,0.999146852405932,0.964,3.87022856427374,1.23187395158952,-0.185903284763905,0.199999999999987,-0.681055880507152,0.732231444030251,0.964,3.8907963267949,0.447476073796773,0.58926895289607,0.544999999999985,0.0450913362784188,0.282754340877274,0.2827984951456,-7.54951656745107e-17,0.0446948104494199,6e-06
2.34,-0.704248615419468,0.98528397706227,0.968,3.89024911239658,1.23373864364483,-0.184354428223325,0.199999999999982,-0.695563326462902,0.718464793069126,0.968,3.9107963267949,0.44604271877906,0.591080188721658,0.544999999999999,0.0450913011991475,0.286259320044602,0.286826184993764,-7.99360577730113e-17,0.0451057547373861,6.2e-06
2.36,-0.724694853968049,0.970961006991996,0.972,3.91026966025939,1.23555885285355,-0.182778881853218,0.199999999999981,-0.70979255636212,0.704410765770176,0.972,3.9307963267949,0.444591527098079,0.59285722612853,0.544999999999999,0.0450912653076252,0.289751109096558,0.290865473674259,-8.43769498715119e-17,0.0455162880680962,8.3e-06
2.38,-0.744853545778667,0.956183721245559,0.976,3.93029020638728,1.23733483631054,-0.181177402684891,0.199999999999981,-0.723737878702569,0.690074983556936,0.976,3.9507963267949,0.443122841804228,0.594600185219179,0.545000000000013,0.0450912286655985,0.293229217454458,0.294915986594722,-8.65973959207622e-17,0.0459264104762485,5.8e-06
2.4,-0.764713713061192,0.940958186462241,0.98,3.95031074941274,1.23906684715736,-0.179550741904994,0.199999999999985,-0.737393715541245,0.675463180551151,0.98,3.9707963267949,0.441637013290046,0.596309195774532,0.544999999999999,0.0450911913302491,0.296693164668244,0.298977348665676,-8.88178419700125e-17,0.0463361220238916,5.9e-06
2.42,-0.784264526539638,0.925290752800206,0.984,3.97033128806791,1.24075513503653,-0.177899644414516,0.199999999999985,-0.750754604725491,0.660581201279201,0.984,3.9907963267949,0.440134398887217,0.59798439631812,0.544999999999999,0.0450911533546984,0.300142480307318,0.303049184398195,-9.10382880192629e-17,0.0467454227984314,7.2e-06
2.44,-0.803495312900847,0.909188049659382,0.988,3.99035182117742,1.24239994653337,-0.176224848439949,0.199999999999985,-0.763815202077774,0.645434998334371,0.988,4.0107963267949,0.438615362445536,0.599625933251411,0.544999999999999,0.0450911147882892,0.303576703854602,0.307131118001104,-9.32587340685132e-17,0.047154312910781,5.8e-06
2.46,-0.822395562108793,0.892656981202187,0.992,4.01037234765177,1.24400152560384,-0.17452708519292,0.199999999999984,-0.776570283533293,0.630030629995892,0.992,4.0307963267949,0.437080273898007,0.601233960056511,0.544999999999999,0.0450910756768392,0.30699538460367,0.311222773477526,-9.54791801177635e-17,0.0475627924936436,6.2e-06
2.48,-0.840954934579021,0.875704721677185,0.996,4.03039286648116,1.24556011398701,-0.172807078574778,0.199999999999984,-0.789014747229531,0.614374257805712,0.996,4.0507963267949,0.435529508815951,0.602808636563932,0.544999999999999,0.0450910360627137,0.310398081558745,0.315323774720587,-9.76996261670138e-17,0.0479708616999184,5.9e-06
2.5,-0.859163268207927,0.85833871055088,1,4.05041337672976,1.24707595160115,-0.171065544922672,0.199999999999984,-0.801143615546934,0.598472144103956,1,4.0707963267949,0.43396344795835,0.604350128281042,0.545000000000014,0.0450909959852819,0.313784363337401,0.319433745608108,-9.76996261670138e-17,0.0483785207012211,5.3e-06
2.52,-0.877010585251773,0.840566647452942,1.004,4.07043387753041,1.24854927692242,-0.169303192793909,0.199999999999989,-0.81295203709989,0.582330649524082,1.004,4.0907963267949,0.432382476817719,0.605858605778593,0.545,0.0450909554812993,0.317153808075774,0.323552310096144,-9.76996261670138e-17,0.0487857696865107,5.3e-06
2.54,-0.894487099050492,0.822396486940252,1.008,4.09045436807969,1.24998032734566,-0.167520722785471,0.199999999999989,-0.824435288677222,0.565956230448703,1.008,4.1107963267949,0.430786985166857,0.60733424413133,0.545000000000029,0.0450909145847375,0.320506003336138,0.327679092311236,-9.32587340685132e-17,0.0491926088608149,8.3e-06
2.56,-0.911583220591546,0.80383643308525,1.012,4.11047484763331,1.25136933952673,-0.165718827385764,0.199999999999999,-0.835588777131408,0.549355436427127,1.012,4.1307963267949,0.429177366607414,0.608777222410159,0.545000000000001,0.04509087332699,0.323840546016647,0.331813716641285,-8.88178419700125e-17,0.0495990384440467,2.76e-05
2.58,-0.928289564909273,0.784894933894154,1.016,4.13049531550193,1.25271654970599,-0.163898190855765,0.199999999999999,-0.846408041215776,0.532534907555621,1.016,4.1507963267949,0.427554018123917,0.610187723222343,0.545000000000001,0.0450908317372709,0.327157042263116,0.33595580782492,-8.43769498715119e-17,0.0500050586699059,6.7e-06
2.6,-0.944596957315357,0.765580675560682,1.02,4.15051577104717,1.25402219401294,-0.162059489136946,0.2,-0.856888753368947,0.515501371821464,1.02,4.1707963267949,0.425917339644301,0.611565932296603,0.545000000000001,0.0450907898429092,0.33045510738265,0.340104991039311,-7.99360577730113e-17,0.0504106697848604,2.06e-05
2.62,-0.960496439456238,0.745902576561022,1.024,4.17053621367796,1.25528650875176,-0.160203389783479,0.2,-0.867026721445802,0.498261642411839,1.024,4.1907963267949,0.424267733609458,0.612912038110196,0.545000000000001,0.045090747669074,0.33373436575901,0.344260891986346,-7.54951656745107e-17,0.0508158720471992,8.6e-06
2.64,-0.975979275193475,0.725869781595811,1.028,4.19055664284712,1.25650973066804,-0.158330551916376,0.2,-0.876817890394281,0.480822614988648,1.028,4.2107963267949,0.422605604552799,0.614226231555157,0.545000000000001,0.0450907052390589,0.336994450769534,0.348423136977111,-7.105427357601e-17,0.0512206657261547,6.7e-06
2.66,-0.991036956303275,0.705491655385015,1.032,4.21057705804827,1.25769209719668,-0.156441626197337,0.200000000000001,-0.886258343877352,0.463191264930345,1.032,4.2307963267949,0.420931358691017,0.615508705640965,0.545000000000001,0.0450906625745854,0.34023500470351,0.352591353014645,-6.66133814775094e-17,0.0516250511010872,5.5e-06
2.68,-1.00566120799157,0.684777776321614,1.036,4.23059745881284,1.25883384669142,-0.154537254820263,0.200000000000001,-0.895344305839492,0.445374644541871,1.036,4.2507963267949,0.419245403527624,0.616759655230543,0.545000000000001,0.0450906196958339,0.343455678681846,0.356765167874916,-6.21724893790088e-17,0.0520290284607282,5.8e-06
2.7,-1.01984399422126,0.663737929990065,1.04,4.25061784470739,1.25993521863622,-0.152618071518498,0.200000000000001,-0.904072142017061,0.42737988023383,1.04,4.2707963267949,0.417548147469551,0.617979276807582,0.545000000000001,0.0450905766215662,0.346656132577934,0.360944210186015,-5.77315972805081e-17,0.0524325981024783,5.7e-06
2.72,-1.03357752284841,0.6423821025556,1.044,4.27063821533106,1.26099645383893,-0.150684701586007,0.200000000000001,-0.912438361391958,0.409214169672017,1.044,4.2907963267949,0.415839999458185,0.619167768272193,0.545000000000001,0.0450905333691022,0.349836034939576,0.365128109505532,-5.32907051820075e-17,0.052835760331755,5.5e-06
2.74,-1.04685425056435,0.620720474030411,1.048,4.29065857031327,1.26201779460777,-0.14873776191082,0.200000000000002,-0.920439617587981,0.390884778898452,1.048,4.3107963267949,0.414121368614607,0.620325328762884,0.545000000000001,0.0450904899542812,0.352995062911866,0.369316496396118,-4.88498130835069e-17,0.0532385154613876,5.4e-06
2.76,-1.05966688764093,0.598763411422853,1.052,4.31067890931149,1.26299948491119,-0.146777861019183,0.200000000000002,-0.928072710209333,0.372399039425055,1.052,4.3307963267949,0.412392663899627,0.621452158502983,0.545000000000001,0.0450904463924764,0.356132902160932,0.373509002499222,-4.44089209850063e-17,0.0536408638110558,5.2e-06
2.78,-1.07200840247622,0.576521461775838,1.056,4.33069923200927,1.26394177052145,-0.144805599129,0.200000000000002,-0.935334586120739,0.353764345301143,1.056,4.3507963267949,0.41065429379005,0.62254845866781,0.545000000000001,0.0450904026973986,0.359249246798436,0.377705260607014,-3.99680288865056e-17,0.0540428057067684,5.3e-06
2.8,-1.08387202593834,0.554005345100584,1.06,4.35071953811436,1.26484489914285,-0.142821568211271,0.200000000000003,-0.942222340668658,0.334988150155905,1.06,4.3707963267949,0.408906665969283,0.623614431272868,0.545000000000001,0.0450903588817996,0.362343799306736,0.381904904732503,-3.5527136788005e-17,0.0544443414803791,5.3e-06
2.82,-1.09525125550513,0.531225947211963,1.064,4.37073982735697,1.26570912052499,-0.140826352058262,0.200000000000003,-0.948733218843107,0.316077964217054,1.064,4.3907963267949,0.407150187033725,0.62465027907956,0.545000000000001,0.0450903149576265,0.365416270464639,0.386107570177846,-3.10862446895044e-17,0.0548454714691377,7.5e-06
2.84,-1.10613985919754,0.50819431247167,1.068,4.39076009948813,1.26653468656172,-0.138820526357341,0.200000000000003,-0.954864616379626,0.297041351306832,1.068,4.4107963267949,0.405385262215044,0.625656205516904,0.545000000000001,0.045090270935963,0.368466379273655,0.390312893600899,-2.66453525910038e-17,0.0552461960152731,6.1e-06
2.86,-1.11653187930513,0.484921636445488,1.072,4.41078035427823,1.26732185137659,-0.136804658769467,0.200000000000003,-0.960614080800952,0.277885925816587,1.072,4.4307963267949,0.403612295116729,0.626632414618346,0.545000000000001,0.0450902268273644,0.371493852884691,0.394520513079997,-2.22044604925031e-17,0.0556465154656064,5.5e-06
2.88,-1.1264216359018,0.461419258480903,1.076,4.43080059151561,1.2680708713953,-0.1347793090114,0.200000000000004,-0.965979312397975,0.258619349661111,1.076,4.4507963267949,0.401831687467192,0.627579110970619,0.545000000000001,0.045090182641213,0.374498426525103,0.39873006817701,-1.77635683940025e-17,0.0560464301711922,5.7e-06
2.9,-1.13580373015046,0.437698654211352,1.08,4.45082081100528,1.2687820054059,-0.132745028940828,0.200000000000004,-0.970958165149591,0.239249329213982,1.08,4.4707963267949,0.400043838886427,0.628496499675112,0.545000000000001,0.045090138386179,0.37747984342607,0.402941199998692,-1.33226762955019e-17,0.0564459404869845,5.3e-06
2.92,-1.14467304739531,0.413771427993393,1.084,4.47084101256772,1.26945551460737,-0.130702362643604,0.200000000000004,-0.975548647581083,0.219783612225117,1.084,4.4907963267949,0.398249146667557,0.629384786318873,0.545000000000001,0.0450900940705369,0.380437854750204,0.407153551256353,-8.88178419700125e-18,0.0568450467715281,5.5e-06
2.94,-1.15302476004068,0.389649305283056,1.088,4.49086119603775,1.27009166264726,-0.12865184652247,0.200000000000004,-0.979748923560684,0.200229984721771,1.088,4.5107963267949,0.396448005572863,0.630244176954561,0.545000000000001,0.0450900497020582,0.383372219519377,0.411366766323892,-4.44089209850062e-18,0.0572437493866709,9.9e-06
2.96,-1.16085433021558,0.365344124957653,1.092,4.51088136126354,1.27069071564904,-0.126594009386658,0.200000000000005,-0.983557313034006,0.180596267894233,1.092,4.5307963267949,0.394640807643372,0.631074878088053,0.545000000000001,0.0450900052878863,0.386282704542694,0.415580491294206,1.54074395550979e-33,0.0576420486972981,9.5e-06
2.98,-1.16815751222321,0.340867831589294,1.096,4.53090150810559,1.27125294222975,-0.124529372541827,0.200000000000005,-0.986972292696038,0.160890314967456,1.096,4.5507963267949,0.392827942021937,0.631877096672672,0.545000000000001,0.0450899608344123,0.389169084344587,0.419794374034033,4.44089209850063e-18,0.0580399450710842,6.7e-06
3,-1.17493035477503,0.31623246767636,1.1,4.55092163643592,1.2717786135087,-0.12245844987986,0.200000000000005,-0.989992496600445,0.141120008059867,1.1,4.5707963267949,0.391009794788946,0.632651040109292,0.545000000000001,0.0450899163475897,0.392031141092987,0.424008064237239,8.88178419700125e-18,0.0584374388782638,6.1e-06
3.02,-1.18116920300899,0.291450165839129,1.104,4.57094174613717,1.2722680031077,-0.120381747968095,0.200000000000006,-0.992616716705937,0.12129325503063,1.104,4.5907963267949,0.389186748810489,0.633396916251109,0.545000000000001,0.0450898718332312,0.394868664527545,0.428221213476598,1.33226762955019e-17,0.0588345304914183,5.8e-06
3.04,-1.18687070029181,0.266533140985744,1.108,4.59096183710188,1.27272138714341,-0.118299766137654,0.200000000000006,-0.994843903359459,0.101417986316602,1.108,4.6107963267949,0.387359183598621,0.634114933412112,0.545000000000001,0.0450898272967208,0.397681451887869,0.432433475254101,1.77635683940025e-17,0.0592312202852786,5.3e-06
3.06,-1.19203178980537,0.241493682454687,1.112,4.61098190923177,1.2731390442126,-0.116212996570556,0.200000000000006,-0.996673165716047,0.0815021517602691,1.112,4.6307963267949,0.385527475183271,0.63480530037863,0.545000000000001,0.0450897827427745,0.400469307841759,0.436644505049812,2.22044604925031e-17,0.0596275086365411,6.1e-06
3.08,-1.1966497159175,0.216344146139862,1.116,4.63100196243706,1.27352125537051,-0.114121924385344,0.200000000000006,-0.998103772095146,0.0615537174299131,1.116,4.6507963267949,0.383691995994593,0.635468226423567,0.545000000000001,0.0450897381757907,0.403232044413415,0.440853960369332,2.66453525910038e-17,0.0600233959236978,5.5e-06
3.1,-1.20072202533744,0.191096946604363,1.12,4.65102199663589,1.27386830410324,-0.112027027720988,0.200000000000007,-0.999135150273279,0.0415806624332905,1.12,4.6707963267949,0.381853114755821,0.636103921322735,0.545000000000001,0.0450896936000312,0.4059694809116,0.445061500789886,3.10862446895044e-17,0.060418882526878,6e-06
3.12,-1.20424656805666,0.165764549188959,1.124,4.67104201175371,1.27418047629438,-0.109928777818888,0.200000000000007,-0.999766887712928,0.021590975726096,1.124,4.6907963267949,0.380011196386192,0.636712595371641,0.545000000000001,0.0450896490195527,0.408681443857742,0.449266788005066,3.5527136788005e-17,0.0608139688277017,1.99e-05
3.14,-1.20722149807576,0.140359462121259,1.128,4.69106200772281,1.27445806018647,-0.107827639102863,0.200000000000008,-0.99999873172754,0.00159265291648683,1.128,4.7107963267949,0.378166601913505,0.637294459403549,0.545000000000001,0.0450896044377281,0.411367766913974,0.453469485868286,3.99680288865056e-17,0.0612086552091436,1.13e-05
3.16,-1.20964527391837,0.114894228631492,1.132,4.71108198448176,1.27470134633788,-0.105724069256959,0.200000000000008,-0.999830589582598,-0.0184063069330538,1.132,4.7307963267949,0.376319688394961,0.63784972480783,0.545000000000001,0.0450895598578527,0.41402829081108,0.457669260434952,4.44089209850063e-17,0.0616029420554062,7e-06
3.18,-1.21151665893318,0.0893814190807466,1.136,4.73110194197503,1.27491062757531,-0.103618519301011,0.200000000000009,-0.999262528532721,-0.0383979045052354,1.136,4.7507963267949,0.374470808846696,0.638378603548352,0.545000000000001,0.0450895152832164,0.416662863276367,0.461865780003405,4.88498130835069e-17,0.0619968297518035,7e-06
3.2,-1.21283472138522,0.063833623107476,1.14,4.7511218801525,1.27508619894257,-0.101511433663896,0.200000000000009,-0.998294775794753,-0.0583741434275801,1.14,4.7707963267949,0.372620312181578,0.638881308180802,0.545000000000001,0.0450894707165314,0.419271338961439,0.466058715154652,5.32907051820075e-17,0.0623903186846514,1.54e-05
3.22,-1.21359883433798,0.03826344179799,1.144,4.7711417989691,1.2752283576459,-0.0994032502544482,0.20000000000001,-0.996927718456887,-0.0783270334708653,1.144,4.7907963267949,0.37076854315365,0.639358051870025,0.545000000000001,0.0450894261606936,0.421853579369878,0.470247738790926,5.77315972805081e-17,0.0627834092411673,1.3e-05
3.24,-1.21380867532785,0.012683479886588,1.148,4.79116169838446,1.27533740299621,-0.0972944005300104,0.200000000000011,-0.99516190332383,-0.0982485937451087,1.148,4.8107963267949,0.368915842310721,0.6398090484056,0.545000000000001,0.0450893816177619,0.42440945278483,0.474432526173093,6.21724893790088e-17,0.063176101809376,1.8e-05
3.26,-1.21346422583256,-0.012893662009088,1.152,4.81118157836255,1.27541363634871,-0.0951853095626193,0.200000000000011,-0.992998036698093,-0.118130855891818,1.152,4.8307963267949,0.367062545951994,0.640234512217258,0.545000000000001,0.0450893370903494,0.426938834196498,0.478612754956954,6.66133814775094e-17,0.063568396778023,9.9e-06
3.28,-1.21256577053559,-0.0384553951119838,1.156,4.83120143887136,1.27545736104013,-0.093076396102831,0.200000000000012,-0.990436984097473,-0.137965867271227,1.156,4.8507963267949,0.365208986093245,0.64063465838736,0.544999999999972,0.0450892925804278,0.429441605229546,0.482788105228449,6.66133814775094e-17,0.0639602945364937,7.1e-06
3.3,-1.21111389638851,-0.0639891501634335,1.16,4.85122127988264,1.27546888232389,-0.0909680726412745,0.200000000000002,-0.987479769908865,-0.157745694143249,1.16,4.8707963267949,0.36335549043666,0.64100970266315,0.545,0.0450892480900777,0.431917654070411,0.486958259537799,6.66133814775094e-17,0.0643517954747389,5.9e-06
3.32,-1.20910949147343,-0.0894823850495054,1.164,4.8712411013716,1.27544850730356,-0.0888607454679118,0.200000000000002,-0.984127576978514,-0.177462424840861,1.164,4.8907963267949,0.361502382346739,0.641359861466475,0.545,0.0450892036209566,0.434366875394539,0.49112290293262,6.66133814775094e-17,0.0647428999832049,8.3e-06
3.34,-1.20655374366794,-0.114922592370659,1.168,4.89126090331667,1.27539654486484,-0.0867548147291003,0.200000000000002,-0.980381746138899,-0.19710817293467,1.168,4.9107963267949,0.359649980830413,0.641685351902074,0.545,0.0450891591748356,0.436789170293543,0.49528172299002,6.66133814775094e-17,0.0651336084527694,8.5e-06
3.36,-1.20344813911477,-0.140297306949575,1.172,4.91128068569929,1.27531330560628,-0.0846506744825051,0.200000000000002,-0.97624377567241,-0.21667508038738,1.172,4.9307963267949,0.357798600522271,0.641986391763602,0.545,0.0450891147533221,0.439184446202292,0.499434409847705,6.66133814775094e-17,0.0655239212746816,8.2e-06
3.38,-1.19979446049908,-0.165594113272113,1.176,4.93130044850364,1.27519910176907,-0.0825487127499577,0.200000000000002,-0.971715320712062,-0.236155320696897,1.176,4.9507963267949,0.355948551673616,0.642263199538192,0.545,0.0450890703578126,0.441552616825947,0.503580656234131,6.66133814775094e-17,0.0659138388405068,6.6e-06
3.4,-1.19559478513578,-0.190800652856466,1.18,4.95132019171649,1.27505424716602,-0.0804493115683084,0.200000000000002,-0.966798192579461,-0.255541102026831,1.18,4.9707963267949,0.35410014014566,0.642515994408431,0.545,0.0450890259896001,0.443893602066939,0.507720157497704,6.66133814775094e-17,0.0663033615420749,8.4e-06
3.42,-1.19085148286987,-0.215904631545663,1.184,4.97133991532701,1.27487905710997,-0.0783528470383842,0.200000000000002,-0.961494358060299,-0.274824670323124,1.184,4.9907963267949,0.352253667406113,0.642744996252873,0.545,0.0450889816499122,0.446207327951912,0.511852611635064,6.66133814775094e-17,0.0666924897714326,7e-06
3.44,-1.18556721379272,-0.240893826718706,1.188,4.99135961932656,1.27467384834188,-0.0762596893721219,0.200000000000002,-0.955805938617666,-0.293998312415568,1.188,5.0107963267949,0.350409430529043,0.64295042564399,0.545,0.0450889373399678,0.44849372655864,0.515977719318462,6.66133814775094e-17,0.0670812239207992,8.2e-06
3.46,-1.17974492577744,-0.265756094415706,1.192,5.01137930370856,1.27443893895863,-0.0741702029379924,0.200000000000002,-0.949735209543496,-0.31305435910297,1.192,5.0307963267949,0.348567722197798,0.643132503844694,0.545,0.0450888930608951,0.450752735942914,0.520095183922262,6.66133814775094e-17,0.0674695643825259,8.3e-06
3.48,-1.17338785183632,-0.290479376372535,1.196,5.03139896846834,1.27417464834076,-0.0720847463047852,0.200000000000002,-0.943284599048476,-0.331985188220734,1.196,5.0507963267949,0.34672883071077,0.643291452802332,0.545,0.0450888488135184,0.452984300065434,0.524204711548567,6.66133814775094e-17,0.0678575115490569,8.8e-06
3.5,-1.16649950730388,-0.315051706960572,1.2,5.051418613603,1.27388129708042,-0.0700036722838612,0.200000000000002,-0.936456687290796,-0.35078322768962,1.2,5.0707963267949,0.344893039989235,0.643427495141118,0.545,0.045088804598756,0.455188368718703,0.528306011052012,6.66133814775094e-17,0.0682450658128949,1.08e-05
3.52,-1.15908368684878,-0.339461220027308,1.204,5.07143823911125,1.27355920690934,-0.0679273279699613,0.200000000000002,-0.929254205344123,-0.369440958544477,1.204,5.0907963267949,0.343060629587776,0.643540854152408,0.545,0.0450887604175227,0.457364897453928,0.532398794063709,6.66133814775094e-17,0.0686322275665677,7.4e-06
3.54,-1.15114446131818,-0.363696155633617,1.208,5.09145784499336,1.27320870062729,-0.065856054780682,0.200000000000002,-0.921680034105203,-0.38795091794173,1.208,5.1107963267949,0.341231874706734,0.643631753783494,0.545,0.0450887162706751,0.459513847507966,0.536482775014396,6.66133814775094e-17,0.0690189972025984,8.4e-06
3.56,-1.14268617441804,-0.387744866683696,1.212,5.11147743125098,1.27283010203083,-0.0637901884946951,0.200000000000002,-0.913737203141545,-0.406305702144417,1.212,5.1307963267949,0.339407046206415,0.643700418623839,0.545,0.0450886721587454,0.4616351857303,0.540557671156765,6.66133814775094e-17,0.0694053751134768,8.1e-06
3.58,-1.13371343923319,-0.411595825443749,1.216,5.13149699788707,1.27242373584274,-0.061730059288825,0.200000000000002,-0.90542888947963,-0.424497969483583,1.216,5.1507963267949,0.337586410622802,0.643747073890661,0.545,0.045088628082401,0.463728884510071,0.544623202587019,6.66133814775094e-17,0.0697913616916332,8e-06
3.6,-1.12423113459086,-0.435237629945628,1.22,5.15151654490582,1.27198992764188,-0.0596759917740402,0.200000000000002,-0.896758416334147,-0.442520443294852,1.22,5.1707963267949,0.335770230184885,0.643771945411968,0.545,0.0450885840423997,0.465794921703182,0.548679092265651,6.66133814775094e-17,0.0701769573294147,8.6e-06
3.62,-1.1142444012716,-0.458659010271804,1.224,5.17153607231251,1.27152900379386,-0.0576283050304934,0.200000000000002,-0.88772925177875,-0.460365914828998,1.224,5.1907963267949,0.333958762833402,0.643775259608516,0.545,0.0450885400393567,0.467833280559472,0.552725066037459,6.66133814775094e-17,0.0705621624190624,8.1e-06
3.64,-1.10375863807148,-0.481848834718113,1.228,5.1915555801135,1.27104129138238,-0.0555873126416714,0.200000000000002,-0.878345007358874,-0.478027246135343,1.228,5.2107963267949,0.332152262240661,0.64375724347384,0.545,0.0450884960735269,0.469843949649993,0.556760852650817,6.66133814775094e-17,0.0709469773526904,6.4e-06
3.66,-1.09277949771961,-0.504796115830899,1.232,5.21157506831607,1.27052711814141,-0.0535533227277416,0.200000000000002,-0.868609436647165,-0.495497372916845,1.232,5.2307963267949,0.330350977831091,0.643718124553383,0.545,0.0450884521454714,0.471826922794379,0.560786183776209,6.66133814775094e-17,0.0713314025222669,5.9e-06
3.68,-1.08131288265515,-0.527490016315299,1.236,5.23159453692843,1.26998681238817,-0.0515266379781713,0.200000000000002,-0.858526433742102,-0.512769307355724,1.236,5.2507963267949,0.32855515480306,0.64365813092203,0.545,0.0450884082558513,0.473782198988341,0.564800794024034,6.66133814775094e-17,0.0717154383195961,8.5e-06
3.7,-1.06936494066786,-0.549919854811527,1.24,5.25161398595961,1.26942070295702,-0.0495075556837193,0.200000000000002,-0.848100031710408,-0.529836140908493,1.24,5.2707963267949,0.326765034151651,0.643577491160202,0.545,0.0450883644049052,0.475709782331289,0.568804420961703,6.66133814775094e-17,0.0720990851363019,8.1e-06
3.72,-1.05694206040651,-0.572075111536172,1.244,5.27163341541938,1.26882911913429,-0.0474963677678604,0.200000000000002,-0.83733440097388,-0.546691047069287,1.244,5.2907963267949,0.32498085269151,0.643476434329107,0.545,0.0450883205929573,0.477609681954085,0.572796805130021,6.66133814775094e-17,0.0724823433638122,1.32e-05
3.74,-1.04405086675938,-0.593945433785647,1.248,5.29165282531827,1.26821239059402,-0.0454933608177051,0.200000000000002,-0.826233847641272,-0.56332728410037,1.248,5.3107963267949,0.323202843080755,0.643355189944653,0.545,0.0450882768203555,0.479481911946966,0.576777690058879,6.66133814775094e-17,0.0728652133933446,9.5e-06
3.76,-1.03069821611124,-0.61552064129908,1.252,5.31167221566743,1.2675708473347,-0.0434988161145011,0.200000000000002,-0.814802811785912,-0.579738197728743,1.252,5.3307963267949,0.321431233845172,0.643213987950604,0.545,0.0450882330875616,0.481326491287618,0.580746822282264,6.66133814775094e-17,0.0732476956158939,8.7e-06
3.78,-1.01689119148114,-0.636790731478039,1.256,5.33169158647862,1.26690481961697,-0.0415130096637744,0.200000000000002,-0.803045865669731,-0.595917223807764,1.256,5.3507963267949,0.319666249402999,0.643053058690526,0.545,0.0450881893949332,0.483143443769425,0.584703951352577,6.66133814775094e-17,0.0736297904222194,9.1e-06
3.8,-1.00263709754552,-0.657745884460662,1.26,5.3517109377642,1.26621463790238,-0.0395362122251774,0.200000000000002,-0.790967711914417,-0.611857890942719,1.26,5.3707963267949,0.317908110090131,0.642872632878882,0.545,0.0450881457424021,0.48493279792992,0.588648829854298,6.66133814775094e-17,0.0740114982028334,8.8e-06
3.82,-0.987943455551026,-0.678376468047877,1.264,5.37173026953701,1.26550063279311,-0.0375686893420867,0.200000000000002,-0.778573181620432,-0.627553823079294,1.264,5.3907963267949,0.316157032185271,0.642672941571947,0.545,0.0450881021302556,0.486694586979414,0.592581213416978,6.66133814775094e-17,0.0743928193479911,8.3e-06
3.84,-0.972817998121704,-0.698673042479533,1.268,5.3917495818104,1.26476313497272,-0.0356107013709958,0.200000000000002,-0.765867232434637,-0.642998742053909,1.268,5.4107963267949,0.314413227935269,0.64245421613716,0.544999999999971,0.0450880585591027,0.488428848729848,0.596500860727581,6.21724893790088e-17,0.0747737542476812,8.1e-06
3.86,-0.95726866396491,-0.718626365058416,1.272,5.41176887459815,1.26400247514795,-0.0336625035108071,0.199999999999991,-0.752854946567295,-0.658186470104905,1.272,5.4307963267949,0.312676905581756,0.64221668822246,0.544999999999999,0.0450880150289009,0.49013562552386,0.600407533542182,5.77315972805081e-17,0.0751543032916162,6.7e-06
3.88,-0.941303592480704,-0.738227394620251,1.276,5.43178814791447,1.26321898399153,-0.0317243458320173,0.199999999999991,-0.739541528759258,-0.673110932343562,1.276,5.4507963267949,0.310948269386287,0.641960589724683,0.544999999999999,0.0450879715397174,0.491814964164081,0.604300996697021,5.32907051820075e-17,0.0755344668692247,6.1e-06
3.9,-0.924931118279225,-0.757467295847936,1.28,5.45180740177395,1.26241299208598,-0.0297964733058515,0.199999999999991,-0.72593230420014,-0.687766159183974,1.28,5.4707963267949,0.309227519656634,0.641686152758092,0.544999999999999,0.04508792809193,0.49346691584267,0.608181018118928,4.88498130835069e-17,0.0759142453696437,5.4e-06
3.92,-0.90815976561071,-0.776337443428376,1.284,5.47182663619152,1.26158482986848,-0.027879125833388,0.199999999999991,-0.71203271639831,-0.702146288730805,1.284,5.4907963267949,0.307514852773105,0.641393609621606,0.544999999999999,0.0450878846855683,0.495091536071096,0.612047368835125,4.44089209850063e-17,0.0762936391817113,5.8e-06
3.94,-0.890998242712789,-0.794829426050458,1.288,5.49184585118246,1.26073482757669,-0.0259725382747335,0.19999999999999,-0.697848325003564,-0.716245569123971,1.288,5.5107963267949,0.305810461214532,0.641083192766509,0.544999999999999,0.0450878413208728,0.49668888461019,0.615899822982401,3.99680288865056e-17,0.0766726486939601,5.3e-06
3.96,-0.873455436079707,-0.812935050242798,1.292,5.51186504676232,1.25986331519561,-0.0240769404782478,0.19999999999999,-0.683384803583336,-0.7300583608393,1.292,5.5307963267949,0.304114533584613,0.6407551347633,0.544999999999999,0.0450877979978861,0.498259025400446,0.619738157815685,3.5527136788005e-17,0.0770512742946115,6e-06
3.98,-0.855540404658138,-0.83064634405007,1.296,5.53188422294698,1.25897062240544,-0.0221925573098741,0.19999999999999,-0.668647937353351,-0.743579138944275,1.296,5.5507963267949,0.302427254638079,0.640409668268682,0.544999999999999,0.045087754716703,0.499802026492615,0.623562153716002,3.10862446895044e-17,0.0774295163715699,5.7e-06
4,-0.837262373974258,-0.847955560546828,1.3,5.55190337975252,1.25805707853033,-0.0203196086825868,0.199999999999989,-0.653643620863612,-0.756802495307928,1.3,5.5707963267949,0.300748805306835,0.640047025992051,0.544999999999999,0.0450877114773789,0.501317959978576,0.627371594197842,2.66453525910038e-17,0.0778073753124174,5.3e-06
4.02,-0.81863073019674,-0.864855181187909,1.304,5.5719225171953,1.25712301248823,-0.018458309585998,0.199999999999989,-0.638377855640659,-0.769723140764024,1.304,5.5907963267949,0.299079362726266,0.639667440662279,0.545000000000028,0.0450876682803044,0.502806901922503,0.631166265915922,2.66453525910038e-17,0.0781848515044095,8.1e-06
4.04,-0.799655014140336,-0.881337918994583,1.308,5.59194163529186,1.25616875274154,-0.0166088701161359,0.199999999999999,-0.622856747787041,-0.782335907226653,1.308,5.6107963267949,0.297419100261303,0.639271144993879,0.544999999999971,0.0450876251253125,0.504268932292333,0.634945958671365,2.22044604925031e-17,0.0785619453344701,6.3e-06
4.06,-0.780344915214699,-0.89739672157581,1.312,5.61196073405899,1.25519462724884,-0.0147714955054247,0.199999999999989,-0.607086505538954,-0.794635749757397,1.312,5.6307963267949,0.295768187532906,0.638858371653635,0.545000000000028,0.0450875820126074,0.50570413489154,0.638710465417301,2.22044604925031e-17,0.0789386571891883,5.6e-06
4.08,-0.760710265323094,-0.913024773984042,1.316,5.63197981351363,1.25420096341743,-0.0129463861528637,0.199999999999999,-0.591073436783031,-0.806617748583241,1.316,5.6507963267949,0.294126790443576,0.638429353226925,0.544999999999971,0.0450875389419653,0.507112597291234,0.642459582263888,1.77635683940025e-17,0.0793149874548136,6e-06
4.1,-0.740761032715625,-0.928215501405186,1.32,5.65199887367291,1.25318808805683,-0.011133737654439,0.199999999999989,-0.574823946533269,-0.81827711106441,1.32,5.6707963267949,0.292495071203795,0.63798432218437,0.54499999999997,0.0450874959136926,0.508494410762579,0.646193108482756,8.88178419700125e-18,0.0796909365172534,5.9e-06
4.12,-0.72050731580159,-0.942962571682429,1.324,5.67201791455411,1.25215632733316,-0.00933374083377548,0.199999999999978,-0.55834453436911,-0.829609173611371,1.324,5.6907963267949,0.290873188357904,0.637523510848291,0.545000000000056,0.0450874529278823,0.509849670209539,0.649910846510898,8.88178419700125e-18,0.0800665047620692,6.4e-06
4.14,-0.69995933692555,-0.957259897673801,1.328,5.69203693617465,1.2511060067244,-0.00754658177305591,0.199999999999998,-0.541641791835699,-0.840609403550195,1.328,5.7107963267949,0.289261296809764,0.637047151359515,0.544999999999971,0.0450874099844472,0.51117847410197,0.653612601953993,4.44089209850063e-18,0.0804416925744742,6.1e-06
4.16,-0.67912743611169,-0.971101639443425,1.332,5.71205593855209,1.25003745097648,-0.00577244184418974,0.199999999999988,-0.524722399807346,-0.851273400935574,1.332,5.7307963267949,0.287659547849368,0.636555475644256,0.545000000000057,0.0450873670835649,0.512480924409051,0.657298183589176,8.88178419700125e-18,0.0808165003393304,5.9e-06
4.18,-0.65802206478098,-0.984482206286588,1.336,5.73207492170411,1.24895098406026,-0.00401149774025627,0.200000000000008,-0.507593125815277,-0.861596900310741,1.336,5.7507963267949,0.286068089177775,0.636048715381112,0.544999999999972,0.0450873242250734,0.513757126533067,0.660967403367263,8.88178419700125e-18,0.0811909284411461,5.8e-06
4.2,-0.636653779445674,-0.997396258588836,1.34,5.75209388564851,1.2478469291293,-0.00226392150722729,0.199999999999998,-0.490260821340699,-0.871575772413588,1.34,5.7707963267949,0.284487064933644,0.635527101968522,0.545000000000029,0.0450872814091153,0.515007189243554,0.664620076414429,1.33226762955019e-17,0.0815649772640738,5.7e-06
4.22,-0.615033235385579,-1.00983870951945,1.344,5.77211283040319,1.24672560847843,-0.000529880575965396,0.200000000000008,-0.47273241907431,-0.881206025828325,1.344,5.7907963267949,0.282916615718303,0.6349908664923,0.544999999999972,0.0450872386356549,0.516231224611798,0.66825602103335,1.33226762955019e-17,0.0819386471919079,5.8e-06
4.24,-0.593171180310549,-1.02180472655978,1.348,5.79213175598613,1.24558734350318,0.0011904622054877,0.199999999999998,-0.455014930143305,-0.890483808581989,1.348,5.8107963267949,0.281356878622211,0.634440239693351,0.545000000000029,0.0450871959048419,0.51742934794571,0.671875058703817,1.77635683940025e-17,0.0823119386080832,8e-06
4.26,-0.571078448013581,-1.03328973286699,1.352,5.81215066241541,1.24443245465992,0.00289694853933003,0.200000000000009,-0.437115441307028,-0.899405409685178,1.352,5.8307963267949,0.279807987249895,0.633875451935951,0.544999999999972,0.0450871532164929,0.518601677725076,0.675477014082815,1.77635683940025e-17,0.0826848518956729,6e-06
4.28,-0.548765952018841,-1.04428940847396,1.356,5.83216954970919,1.24326126142679,0.00458942464514071,0.199999999999999,-0.419041112122356,-0.907967260616405,1.356,5.8507963267949,0.278270071746323,0.6332967331762,0.545000000000029,0.0450871105708487,0.51974833553718,0.679061715004093,2.22044604925031e-17,0.0830573874373871,6.9e-06
4.3,-0.526244679228946,-1.05479969132617,1.36,5.85218841788567,1.24207408226542,0.00626774122673092,0.200000000000009,-0.400799172079975,-0.916165936749455,1.36,5.8707963267949,0.276743258821706,0.632704312930694,0.544999999999972,0.0450870679677594,0.520869446012817,0.682628992477205,2.22044604925031e-17,0.0834295456155715,5.6e-06
4.32,-0.503525683575701,-1.06481677815636,1.364,5.87220726696318,1.2408712345833,0.00793175343870326,0.199999999999999,-0.38239691771268,-0.923998158723188,1.364,5.8907963267949,0.275227671778239,0.632098420245741,0.545000000000029,0.0450870254071482,0.521965136762697,0.686178680686056,2.66453525910038e-17,0.083801326812206,5.7e-06
4.34,-0.480620079678525,-1.0743371251982,1.368,5.89222609696003,1.23965303469701,0.00958132085273952,0.20000000000001,-0.363841709676858,-0.931460793753243,1.368,5.9107963267949,0.273723430534325,0.631479283666962,0.544999999999972,0.0450869828891255,0.523035538314237,0.689710616986929,2.66453525910038e-17,0.0841727314089032,5.2e-06
4.36,-0.45753903651466,-1.08335744874,1.372,5.91224490789465,1.23841979779599,0.0112163074236043,0.2,-0.345140969808323,-0.938550856885108,1.372,5.9307963267949,0.272230651651544,0.630847131209106,0.545000000000029,0.045086940413825,0.524080784048756,0.693224641906029,3.10862446895044e-17,0.0845437597869081,5.6e-06
4.38,-0.43429377110526,-1.0918747255197,1.376,5.93226369978547,1.23717183790717,0.0128365814548648,0.200000000000011,-0.326302178153684,-0.945265512188063,1.376,5.9507963267949,0.270749448359212,0.630202190326297,0.544999999999972,0.0450868979809597,0.525101010139078,0.696720599136517,3.10862446895044e-17,0.0849144123270966,5.3e-06
4.4,-0.41089554222136,-1.09988619296248,1.38,5.952282472651,1.23590946786016,0.0144420155643485,0.200000000000001,-0.307332869978419,-0.951602073889516,1.38,5.9707963267949,0.269279930580876,0.629544687882817,0.545000000000029,0.0450868555907118,0.526096355487531,0.700198335535074,3.5527136788005e-17,0.0852846894099746,5.2e-06
4.42,-0.387355644113682,-1.10738934926258,1.384,5.97230122650975,1.23463299925322,0.0160324866493381,0.200000000000011,-0.288240632752882,-0.957558007449271,1.384,5.9907963267949,0.267822204959034,0.628874850124285,0.544999999999972,0.0450868132429396,0.527066961664368,0.703657701117972,3.5527136788005e-17,0.0856545914156775,5.7e-06
4.44,-0.363685400270145,-1.11438195331065,1.388,5.99231996138031,1.23334274241981,0.0176078758515062,0.200000000000001,-0.269033103117399,-0.963130930573317,1.388,6.0107963267949,0.266376374881771,0.628192902649032,0.545000000000029,0.0450867709377848,0.528012972846602,0.70709854905667,3.99680288865056e-17,0.0860241187239693,7.1e-06
4.46,-0.339896157204905,-1.12086202446844,1.392,6.01233867728125,1.23203900639584,0.0191680685215919,0.200000000000012,-0.249717963827731,-0.968318614166707,1.392,6.0307963267949,0.264942540507552,0.627499070380167,0.544999999999972,0.0450867286750792,0.528934535757252,0.710520735672945,3.99680288865056e-17,0.0863932717142422,5.9e-06
4.48,-0.315999278282662,-1.12682784219256,1.396,6.03235737423121,1.23072209888753,0.0207129541838379,0.200000000000002,-0.230302940682059,-0.973118983225174,1.396,6.0507963267949,0.26352079879182,0.626793577538033,0.545000000000029,0.0450866864549529,0.529831799605026,0.713924120433557,4.44089209850063e-17,0.086762050765516,8.1e-06
4.5,-0.292006137581897,-1.13227794550896,1.4,6.05237605224883,1.22939232623994,0.0222424265001919,0.200000000000012,-0.21079579943078,-0.977530117665097,1.4,6.0707963267949,0.262111243511828,0.626076647612955,0.544999999999972,0.0450866442772149,0.530704916024416,0.717308565944448,4.44089209850063e-17,0.0871304562564373,6.8e-06
4.52,-0.267928113800638,-1.1372111323403,1.404,6.07239471135278,1.22804999340611,0.0237563832342754,0.200000000000002,-0.191204342670301,-0.981550253091516,1.404,6.0907963267949,0.260713965293449,0.625348503338581,0.545000000000029,0.0450866021419374,0.531554039016234,0.720673937944503,4.88498130835069e-17,0.0874984885652795,6e-06
4.54,-0.243776584208275,-1.14162645868797,1.408,6.09241335156175,1.22669540391678,0.0252547262151344,0.200000000000013,-0.171536406722112,-0.985177781503859,1.408,6.1107963267949,0.259329051635928,0.62460936666571,0.544999999999972,0.0450865600490732,0.532379324888573,0.724020105298847,4.88498130835069e-17,0.0878661480699424,6e-06
4.56,-0.219562918646851,-1.14552323767095,1.412,6.11243197289444,1.22532885985075,0.0267373613007764,0.200000000000003,-0.151799858498355,-0.988411251939131,1.412,6.1307963267949,0.257956586938958,0.62385945873625,0.545000000000029,0.0450865179986439,0.533180932198213,0.727346939991711,5.32907051820075e-17,0.0882334351479516,7e-06
4.58,-0.195298473585196,-1.14890103842366,1.416,6.13245057536954,1.22395066180584,0.0282041983414954,0.200000000000013,-0.13200259235517,-0.991249371052267,1.416,6.1507963267949,0.2565966525274,0.623098999858257,0.544999999999972,0.0450864759906311,0.533959021692455,0.730654317118864,5.32907051820075e-17,0.0886003501764587,5.9e-06
4.6,-0.170994586229177,-1.15175968485495,1.42,6.1524691590058,1.22256110887044,0.0296551511430164,0.200000000000003,-0.112152526935054,-0.993691003633465,1.42,6.1707963267949,0.25524932667862,0.622328209480576,0.545000000000029,0.0450864340250028,0.534713756251405,0.733942114879609,5.77315972805081e-17,0.0889668935322406,5.7e-06
4.62,-0.146662568691258,-1.15409925427067,1.424,6.17248772382194,1.22116049859559,0.0310901374294362,0.200000000000014,-0.0922576019995117,-0.995735173062245,1.424,6.1907963267949,0.253914684647266,0.621547306168845,0.544999999999972,0.0450863921015712,0.535445300830703,0.737210214568356,5.77315972805081e-17,0.0893330655916997,5.4e-06
4.64,-0.122313702222467,-1.155920075862,1.428,6.1925062698367,1.21974912696771,0.0325090788060088,0.200000000000004,-0.0723257752532545,-0.997381061698093,1.428,6.2107963267949,0.252592798692434,0.620756507581178,0.545,0.0450863502204191,0.536153822404692,0.740458500565784,5.77315972805081e-17,0.0896988667308635,5.4e-06
4.66,-0.0979592315098139,-1.15722272906212,1.432,6.21252479706883,1.21832728838186,0.0339119007217458,0.200000000000004,-0.0523650191612259,-0.998628011207499,1.432,6.2307963267949,0.251283738103203,0.619956030444864,0.545,0.045086308381636,0.536839489910044,0.743686860329586,5.77315972805081e-17,0.090064297325385,1.41e-05
4.68,-0.0736103590420599,-1.15800804177369,1.436,6.23254330553705,1.21689527561555,0.0352985324318593,0.200000000000004,-0.0323833177597247,-0.999475522827284,1.436,6.2507963267949,0.249987569225002,0.619146090533156,0.545,0.0450862665850818,0.537502474189836,0.746895184384806,5.77315972805081e-17,0.0904293577505419,7.6e-06
4.7,-0.0492782395467192,-1.15827708846966,1.44,6.25256179526013,1.21545337980314,0.0366689069600556,0.200000000000004,-0.0123886634628906,-0.999923257564101,1.44,6.2707963267949,0.248704355486549,0.618326902642634,0.545,0.0450862248307331,0.53814294793808,0.750083366313783,5.77315972805081e-17,0.0907940483812372,2.16e-05
4.72,-0.0249739745010208,-1.15803118817001,1.444,6.27258026625681,1.21400189041075,0.0380229610606904,0.200000000000004,0.0076109461341479,-0.999971036330024,1.444,6.2907963267949,0.247434157425188,0.617498680571147,0.545,0.0450861831184308,0.538761085644708,0.753251302745695,5.77315972805081e-17,0.091158369591999,9.9e-06
4.74,-0.000708606719510548,-1.15727190229718,1.448,6.29259871854583,1.21254109521176,0.0393606351807965,0.200000000000004,0.0276075114542115,-0.999618840014185,1.448,6.3107963267949,0.246177032714405,0.61666163709624,0.545,0.0450861414483294,0.53935706354102,0.756398893345719,5.77315972805081e-17,0.0915223217569804,7e-06
4.76,0.0235068849791384,-1.15600103241285,1.452,6.31261715214593,1.21107128026281,0.0406818734219903,0.200000000000004,0.0475930341377878,-0.998866809490414,1.452,6.3307963267949,0.244933036189364,0.61581598395333,0.545000000000029,0.045086099820348,0.539931059545587,0.759526040803808,6.21724893790088e-17,0.0918859052499597,6.2e-06
4.78,0.0476615910236235,-1.1542206178388,1.456,6.33263556707585,1.20959272988034,0.0419866235022396,0.200000000000014,0.0675595202422752,-0.997715245560893,1.456,6.3507963267949,0.243702219874601,0.614961931815458,0.545000000000001,0.0450860582344894,0.540483253210625,0.762632650823091,6.66133814775094e-17,0.0922491204443406,5.8e-06
4.8,0.0717446762574308,-1.15193293316479,1.46,6.35265396335433,1.20810572661769,0.0432748367175553,0.200000000000015,0.0874989834394464,-0.996164608835841,1.46,6.3707963267949,0.242484633009574,0.614099690272691,0.545000000000001,0.0450860166905621,0.541013825668824,0.765718632107903,7.105427357601e-17,0.092611967713152,5.6e-06
4.82,0.0957453850198768,-1.14914048564614,1.464,6.37267234100008,1.2066105512427,0.0445464679035801,0.200000000000016,0.10740344820988,-0.994215519549271,1.464,6.3907963267949,0.241280322076418,0.613229467812029,0.545000000000001,0.0450859751886474,0.541522959580651,0.768783896351457,7.54951656745107e-17,0.0929744474290483,5.7e-06
4.84,0.119653046138573,-1.14584601249417,1.468,6.39269070003184,1.20510748271582,0.0458014753970827,0.200000000000016,0.127264953033056,-0.991868757310913,1.468,6.4107963267949,0.240089330825726,0.612351471798165,0.545000000000001,0.045085933728642,0.542010839082115,0.77182835822315,7.99360577730113e-17,0.0933365599643095,5.4e-06
4.86,0.143457077831203,-1.14205247806207,1.472,6.4127090404683,1.20359679816875,0.047039820997381,0.200000000000017,0.147075553571863,-0.98912526079437,1.472,6.4307963267949,0.238911700304436,0.611465908454097,0.545000000000001,0.0450858923106781,0.542477649733006,0.774851935355519,8.43769498715119e-17,0.0936983056908413,5.7e-06
4.88,0.167146992514607,-1.13776307092959,1.476,6.43272736232818,1.20207877288362,0.0482614699276818,0.200000000000017,0.166827325850222,-0.98598612736167,1.476,6.4507963267949,0.237747468881863,0.610572982842895,0.545000000000001,0.0450858509345192,0.5429235784656,0.77785454833086,8.88178419700125e-17,0.0940596849801757,7.8e-06
4.9,0.190712401519238,-1.13298120088919,1.48,6.45274566563016,1.20055368027261,0.0494663907963797,0.200000000000018,0.186512369422576,-0.982452612624332,1.48,6.4707963267949,0.236596672277464,0.609672898848948,0.545000000000001,0.045085809600301,0.543348813533844,0.780836120667494,9.32587340685132e-17,0.0944206982034704,6.6e-06
4.92,0.214143019707189,-1.12771049583688,1.484,6.47276395039293,1.19902179185816,0.050654555558279,0.200000000000018,0.206122810533958,-0.978526129941139,1.484,6.4907963267949,0.235459343587133,0.60876585916068,0.545000000000001,0.0450857683077461,0.543753544463005,0.783796578805712,9.76996261670138e-17,0.0947813457315096,7.4e-06
4.94,0.23742866999204,-1.12195479857075,1.488,6.49278221663517,1.19748337725361,0.0518259394757939,0.200000000000019,0.225650805269396,-0.974208249852809,1.488,6.5107963267949,0.234335513311084,0.607852065252851,0.545000000000001,0.0450857270570451,0.544137961999801,0.78673585209338,1.02140518265514e-16,0.0951416279347042,6.6e-06
4.96,0.260559287758902,-1.11571816350029,1.492,6.51280046437553,1.19593870414434,0.0529805210800949,0.200000000000019,0.245088542691362,-0.969500699453809,1.492,6.5307963267949,0.233225209380093,0.606931717369484,0.545000000000001,0.0450856858480542,0.544502258063004,0.789653872771234,1.06581410364015e-16,0.0955015451830915,7.9e-06
4.98,0.283524925183122,-1.10900485326947,1.496,6.53281869363266,1.19438803826948,0.0541182821322187,0.20000000000002,0.264428247964056,-0.96440536170153,1.496,6.5507963267949,0.232128457183843,0.606005014507774,0.545000000000001,0.0450856446807749,0.544846625694524,0.792550575957853,1.11022302462516e-16,0.0958610978463362,7e-06
5,0.306315755446187,-1.10181933529694,1.5,6.55283690442521,1.19283164340404,0.0552392075841794,0.200000000000021,0.283662185463226,-0.958924274663138,1.5,6.5707963267949,0.231045279596931,0.605072154401486,0.545000000000001,0.0450856035551502,0.545171259010963,0.795425899634322,1.15463194561016e-16,0.09622028629373,6.2e-06
5.02,0.328922076847493,-1.09416627823621,1.504,6.57285509677179,1.19126978134151,0.0563432855400443,0.200000000000021,0.302782661870324,-0.953059630700367,1.504,6.5907963267949,0.229975697007474,0.60413333350546,0.54500000000003,0.0450855624711086,0.545476353155658,0.798279784628594,1.24344978758018e-16,0.0965791108941922,5.8e-06
5.04,0.35133431681071,-1.0860505483591,1.508,6.59287327069102,1.18970271187705,0.0574305072170139,0.200000000000032,0.321782029249722,-0.946813775592609,1.508,6.6107963267949,0.228919727343044,0.603188746980008,0.544999999999974,0.0450855214286604,0.545762104251196,0.801112174599556,1.28785870856518e-16,0.0969375720162698,6.1e-06
5.06,0.373543035783582,-1.07747720586557,1.512,6.61289142620149,1.188130692791,0.0585008669064899,0.200000000000023,0.34065268810779,-0.940189207598628,1.512,6.6307963267949,0.227877386099566,0.602238588676356,0.54500000000003,0.0450854804278329,0.546028709352415,0.803923016020795,1.37667655053519e-16,0.097295670028138,5.8e-06
5.08,0.395538931030087,-1.06845150112311,1.516,6.63290956332179,1.18655397983305,0.0595543619351626,0.200000000000033,0.35938709043259,-0.933188576457298,1.516,6.6507963267949,0.226848686367357,0.60128305112165,0.544999999999974,0.0450854394683849,0.54627636639988,0.806712258164091,1.4210854715202e-16,0.0976534052976001,5.4e-06
5.1,0.417312840313979,-1.05897887083872,1.52,6.6529276820705,1.18497282670672,0.0605909926261017,0.200000000000024,0.377977742712981,-0.925814682327732,1.52,6.6707963267949,0.225833638859763,0.600322325505142,0.54500000000003,0.0450853985504335,0.546505274173845,0.809479853082616,1.50990331349021e-16,0.0980107781920881,8.4e-06
5.12,0.438855745472827,-1.04906493416681,1.524,6.67294578246615,1.18338748505446,0.0616107622598779,0.200000000000035,0.396417208935922,-0.918070474669267,1.524,6.6907963267949,0.224832251939515,0.599356601664183,0.544999999999974,0.0450853576738838,0.546715632248698,0.812225755593872,1.55431223447522e-16,0.098367789078663,6.1e-06
5.14,0.46015877588174,-1.03871548875606,1.528,6.69296386452731,1.18179820444304,0.0626136770357001,0.200000000000025,0.414698113560782,-0.909959051061711,1.528,6.7107963267949,0.223844531647392,0.598386068070923,0.545000000000001,0.0450853168387492,0.546907640947885,0.814949923262353,1.59872115546023e-16,0.0987244383240148,5.2e-06
5.16,0.481213211806078,-1.02793650673836,1.532,6.71298192827248,1.18020523234961,0.0635997460325914,0.200000000000026,0.432813144469452,-0.901483655966355,1.532,6.7307963267949,0.222870481728898,0.597410911819228,0.545000000000001,0.0450852760450391,0.547081501299322,0.817652316381945,1.64313007644523e-16,0.0990807262944632,5.1e-06
5.18,0.502010487642531,-1.0167341306631,1.536,6.73299997372018,1.17860881414807,0.0645689811706004,0.200000000000026,0.450755055891099,-0.892647679428235,1.536,6.7507963267949,0.221910103662078,0.596431318612063,0.545000000000001,0.0450852352924964,0.547237414991285,0.820332897958077,1.68753899743024e-16,0.0994366533559576,5.2e-06
5.2,0.522542195048028,-1.00511466937978,1.54,6.7530180008889,1.17700919309597,0.0655213971720668,0.200000000000027,0.468516671300377,-0.883454655720153,1.54,6.7707963267949,0.220963396685483,0.595447472749269,0.545000000000001,0.0450851945812485,0.547375584328786,0.822991633689608,1.73194791841525e-16,0.0997922198740774,5.5e-06
5.22,0.542800085956027,-0.99308459387221,1.544,6.77303600979713,1.17540661032182,0.0664570115229373,0.200000000000028,0.48609088628794,-0.873908261929022,1.544,6.7907963267949,0.220030357824808,0.594459557115399,0.545000000000001,0.0450851539111666,0.547496212190438,0.825628491950487,1.77635683940025e-16,0.100147426214033,5.2e-06
5.24,0.562776075479838,-0.980650533047224,1.548,6.79305400046333,1.17380130481291,0.067375844434125,0.200000000000028,0.503470671402114,-0.864012316485074,1.548,6.8107963267949,0.219110981921772,0.59346775316854,0.545000000000001,0.0450851132823496,0.547599501985794,0.828243443771156,1.82076576038526e-16,0.100502272740664,5.8e-06
5.26,0.582462244702692,-0.967819269481198,1.552,6.81307197290593,1.17219351340355,0.0682779188029495,0.200000000000029,0.520649074960579,-0.853770777634543,1.552,6.8307963267949,0.218205261660338,0.592472240928807,0.545000000000001,0.0450850726946625,0.547685657613181,0.830836462819736,1.86517468137026e-16,0.100856759818443,6.6e-06
5.28,0.601850843354367,-0.954597735127271,1.556,6.83308992714338,1.17058347076374,0.0691632601746322,0.200000000000029,0.537619225830956,-0.843187741856417,1.556,6.8507963267949,0.217313187595678,0.591473198967668,0.545000000000001,0.045085032148102,0.54775488341801,0.833407525382969,1.90958360235527e-16,0.101210887811474,6.8e-06
5.3,0.620934292374266,-0.940993006986405,1.56,6.85310786319408,1.16897140938833,0.0700318967038752,0.20000000000003,0.554374336179161,-0.832267442223901,1.56,6.8707963267949,0.216434748180391,0.590470804397407,0.545000000000002,0.0450849916424478,0.547807384151571,0.835956610346956,1.95399252334028e-16,0.10156465708349,9.4e-06
5.32,0.639705186360908,-0.927012302745266,1.564,6.87312578107643,1.16735755958656,0.0708838591165208,0.20000000000003,0.570907704184454,-0.821014246711247,1.564,6.8907963267949,0.215569929793344,0.589465232861032,0.545000000000002,0.0450849511780139,0.54784336493032,0.838483699177663,1.99840144432528e-16,0.101918067997859,6.4e-06
5.34,0.658156295907891,-0.912662976383948,1.568,6.89314368080881,1.16574214947211,0.0717191806712869,0.200000000000031,0.587212716720073,-0.809432656446619,1.568,6.9107963267949,0.21471871676616,0.58845665852235,0.545000000000002,0.0450849107544182,0.547863031195638,0.840988775901227,2.04281036531029e-16,0.102271120917581,8.1e-06
5.36,0.676280569826449,-0.897952513756489,1.572,6.91316156240959,1.16412540495354,0.0725378971215937,0.200000000000031,0.603282851998404,-0.797527303911704,1.572,6.9307963267949,0.213881091411761,0.58744525405675,0.545000000000002,0.0450848703717052,0.547866588674085,0.843471827084054,2.0872192862953e-16,0.102623816205288,6.7e-06
5.38,0.694071137254808,-0.882888528147132,1.576,6.9331794258971,1.16250754972515,0.0733400466775001,0.200000000000032,0.619111682179599,-0.785302951088781,1.576,6.9507963267949,0.213057034050786,0.586431190641953,0.545000000000002,0.0450848300300193,0.547854243338125,0.845932841812712,2.1316282072803e-16,0.102976154223243,5.3e-06
5.4,0.711521309654622,-0.867478755805235,1.58,6.95319727128968,1.16088880525831,0.0741256699677197,0.200000000000033,0.634692875942635,-0.772764487555987,1.58,6.9707963267949,0.212246523040382,0.58541463794923,0.545000000000002,0.0450847897292517,0.547826201367348,0.848371811673642,2.17603712826531e-16,0.103328135333348,5.5e-06
5.42,0.72862458269484,-0.851731051461705,1.584,6.97321509860564,1.15926939079318,0.0748948100017466,0.200000000000033,0.650020201017752,-0.759916928531561,1.584,6.9907963267949,0.211449534800427,0.584395764135016,0.545000000000002,0.0450847494691906,0.547782669110162,0.85078873073267,2.22044604925031e-16,0.103679759897133,5.8e-06
5.44,0.745374638023427,-0.8356533838298,1.588,6.99323290786328,1.15764952333089,0.0756475121321011,0.200000000000034,0.665087526679283,-0.746765412867812,1.588,7.0107963267949,0.210666043842131,0.583374735832773,0.545000000000002,0.0450847092498239,0.547723853045972,0.85318359551434,2.26485497023532e-16,0.104031028275765,5.7e-06
5.46,0.761765344927439,-0.819253831093101,1.592,7.01325069908088,1.1560294176261,0.0763838240166837,0.200000000000034,0.679888826197857,-0.733315200995657,1.592,7.0307963267949,0.209896022794174,0.582351718145272,0.545000000000002,0.0450846690712129,0.547649959747845,0.855556404981072,2.30926389122033e-16,0.104381940830046,5.7e-06
5.48,0.777790761882003,-0.802540576383422,1.596,7.03326847227668,1.15440928617998,0.0771037955812444,0.200000000000035,0.694418179251016,-0.719571672820507,1.596,7.0507963267949,0.209139442431461,0.581326874637084,0.545000000000002,0.0450846289334241,0.547561195845645,0.857907160512144,2.35367281220533e-16,0.10473249792041,5.7e-06
5.5,0.793445137988849,-0.785521903251383,1.6,7.05328622746893,1.15278933923366,0.0778074789819693,0.200000000000035,0.70866977429126,-0.705540325570392,1.6,7.0707963267949,0.208396271701142,0.580300367327473,0.545000000000002,0.0450845888362673,0.54745776798966,0.860235865882508,2.39808173319034e-16,0.105082699906929,5.6e-06
5.52,0.80872291430507,-0.768206191132336,1.604,7.07330396467587,1.15116978476199,0.0784949285682032,0.200000000000036,0.722637910870592,-0.691226771597126,1.604,7.0907963267949,0.207666477751165,0.579272356683538,0.545000000000002,0.0450845487796582,0.547339882814698,0.862542527241452,2.44249065417535e-16,0.10543254714931,5.5e-06
5.54,0.823618725062879,-0.750601910810282,1.608,7.09332168391569,1.14955082846781,0.0791662008453034,0.200000000000036,0.736317001920619,-0.676636736131457,1.608,7.1107963267949,0.206950025956136,0.578243001613766,0.545000000000002,0.0450845087636042,0.547207746904672,0.864827153091089,2.48689957516035e-16,0.105782040006894,5.3e-06
5.56,0.838127398781183,-0.732717619882378,1.612,7.11333938520658,1.14793267377652,0.0798213544376268,0.200000000000037,0.749701575987308,-0.661776054993037,1.612,7.1307963267949,0.206246879945865,0.577212459461822,0.545000000000002,0.0450844687880916,0.547061566757651,0.867089754264718,2.53130849614536e-16,0.10613117883866,5.1e-06
5.58,0.852243959269848,-0.714561958226594,1.616,7.13335706856672,1.14631552183115,0.0804604500516524,0.200000000000038,0.762786279419489,-0.646650672256183,1.616,7.1507963267949,0.205557001631122,0.576180886000668,0.545000000000002,0.0450844288530834,0.546901548751398,0.869330343905018,2.57571741713036e-16,0.106479964003224,8.4e-06
5.6,0.865963626527585,-0.696143643475017,1.62,7.15337473401427,1.14469957148776,0.0810835504392486,0.200000000000038,0.77556587851025,-0.631266637872321,1.62,7.1707963267949,0.204880351232084,0.575148435426936,0.545000000000002,0.045084388958566,0.546727899109379,0.871548937442117,2.62012633811537e-16,0.106828395858836,6.1e-06
5.62,0.879281817534473,-0.677471466495272,1.624,7.17339238156735,1.14308501931124,0.0816907203610851,0.200000000000039,0.788035261590348,-0.615630105250086,1.624,7.1907963267949,0.204216887303952,0.57411526035581,0.545000000000002,0.0450843491043827,0.54654082386725,0.873745552571517,2.66453525910038e-16,0.107176474763387,5.5e-06
5.64,0.892194146940138,-0.658554286882464,1.628,7.19341001124409,1.14147205957149,0.0822820265502043,0.200000000000039,0.800189441072806,-0.599747328794044,1.628,7.2107963267949,0.203566566765082,0.573081511815799,0.544999999999973,0.0450843092905834,0.546340528839811,0.875920209231894,2.66453525910038e-16,0.107524201074403,5.2e-06
5.66,0.904696427648703,-0.639401028463997,1.632,7.21342762306258,1.13986088424007,0.0828575376757342,0.200000000000029,0.812023555447886,-0.583624661403007,1.632,7.2307963267949,0.202929344923005,0.572047339244356,0.545000000000029,0.045084269517128,0.546127219588442,0.878072929582769,2.70894418008538e-16,0.10787157514905,5.5e-06
5.68,0.916784671301656,-0.620020674819597,1.636,7.23344521704092,1.13825168298709,0.0834173243067691,0.20000000000004,0.823532871227622,-0.567268551928969,1.636,7.2507963267949,0.202305175501276,0.571012890483312,0.544999999999973,0.0450842297839044,0.545901101389007,0.88020373798206,2.70894418008538e-16,0.108218597344129,5.6e-06
5.7,0.928455088659826,-0.600422264818773,1.64,7.25346279319716,1.13664464317858,0.0839614588764069,0.20000000000003,0.83471278483916,-0.550685542597638,1.64,7.2707963267949,0.201694010666804,0.569978311774769,0.545000000000029,0.045084190091034,0.545662379200224,0.882312660963524,2.75335310107039e-16,0.108565268016084,5.6e-06
5.72,0.939704089885722,-0.58061488817794,1.644,7.27348035154936,1.13503994987422,0.0844900156459467,0.200000000000041,0.845558824466117,-0.533882266391644,1.644,7.2907963267949,0.201095801055533,0.568943747757396,0.544999999999973,0.0450841504383144,0.545411257632511,0.88439972721408,2.75335310107039e-16,0.108911587520995,5.3e-06
5.74,0.950528284727514,-0.560607681039348,1.648,7.29349789211553,1.13343778582538,0.0850030706692607,0.200000000000031,0.856066651837255,-0.516865444397429,1.648,7.3107963267949,0.200510495799893,0.567909341462927,0.545000000000029,0.045084110825794,0.545147940917294,0.886464967551033,2.7977620220554e-16,0.109257556214582,5.6e-06
5.76,0.960924482605987,-0.540409821573916,1.652,7.31351541491371,1.13183833147363,0.0855007017573389,0.200000000000042,0.866232063961728,-0.499641883116902,1.652,7.3307963267949,0.199938042554291,0.566875234312769,0.544999999999973,0.0450840712532882,0.544872632876789,0.888508414899199,2.7977620220554e-16,0.109603174452206,5.6e-06
5.78,0.970889692605844,-0.520030525610007,1.656,7.33353291996187,1.13024176494951,0.0859829884430022,0.200000000000032,0.876050994810224,-0.482218471744932,1.656,7.3507963267949,0.199378387522401,0.565841566115262,0.545000000000029,0.0450840317209128,0.544585536894238,0.890530104267927,2.8421709430404e-16,0.109948442588866,6e-06
5.8,0.980421123372766,-0.499479042290147,1.66,7.35355040727799,1.12864826207173,0.0864500119457982,0.200000000000043,0.885519516941319,-0.464602179413757,1.66,7.3707963267949,0.198831475482446,0.564808475062755,0.544999999999973,0.0450839922286278,0.544286855884621,0.892530072728039,2.8421709430404e-16,0.110293360979204,5.6e-06
5.82,0.98951618291767,-0.478764649757602,1.664,7.37356787688004,1.12705799634666,0.0869018551370655,0.200000000000033,0.894633843072407,-0.44680005240543,1.664,7.3907963267949,0.1982972498144,0.563776097729496,0.545000000000029,0.0450839527763689,0.54397679226582,0.894508359388676,2.88657986402541e-16,0.110637929977501,5.6e-06
5.84,0.998172478329654,-0.457896650874698,1.668,7.39358532878594,1.12547113896826,0.0873386025051973,0.200000000000043,0.903390327594559,-0.428819211333396,1.668,7.4107963267949,0.197775652524878,0.562744569069242,0.544999999999973,0.0450839133639735,0.543655547930251,0.896465005374072,2.88657986402541e-16,0.11098214993768,7.4e-06
5.86,1.00638781539913,-0.4368843689747,1.672,7.41360276301364,1.12388785881828,0.0877603401210841,0.200000000000034,0.911785468030717,-0.410666848294341,1.672,7.4307963267949,0.197266624274254,0.561714022413495,0.545000000000029,0.0450838739915344,0.543323324216947,0.89840005380024,2.93098878501041e-16,0.111326021213306,6.4e-06
5.88,1.01416019815273,-0.415737143649005,1.676,7.43362017958102,1.12230832246681,0.0881671556037448,0.200000000000044,0.919815906436639,-0.392350223991454,1.676,7.4507963267949,0.19677010440131,0.560684589469966,0.544999999999973,0.0450838346590096,0.542980321884108,0.900313549751596,2.93098878501041e-16,0.111669544157583,7.1e-06
5.9,1.02148782830144,-0.394464326571369,1.68,7.45363757850597,1.12073269417326,0.0885591380861503,0.200000000000034,0.927478430744036,-0.373876664830236,1.68,7.4707963267949,0.196286030950162,0.559656400321152,0.545000000000029,0.0450837953663578,0.542626741082098,0.902205540257513,2.97539770599542e-16,0.112012719123362,6.1e-06
5.92,1.02836910460379,-0.373075277360788,1.684,7.47365495980637,1.11916113588751,0.0889363781812414,0.200000000000045,0.934769976045349,-0.355253559988043,1.684,7.4907963267949,0.195814340694787,0.558629583423252,0.544999999999973,0.0450837561133695,0.542262781326902,0.904076074268806,2.97539770599542e-16,0.112355546463132,5.6e-06
5.94,1.03480262214543,-0.351579359484649,1.688,7.49367232350006,1.11759380725158,0.0892989679481478,0.200000000000035,0.941687625819678,-0.336488358458504,1.688,7.5107963267949,0.195354969165399,0.557604265605455,0.545000000000029,0.0450837169002778,0.54188864147403,0.905925202634166,3.01980662698043e-16,0.112698026529029,5.7e-06
5.96,1.04078717153699,-0.329985936203658,1.692,7.51368966960488,1.11603086560149,0.0896470008586041,0.200000000000046,0.948228613099346,-0.317588566072035,1.692,7.5307963267949,0.19490785067307,0.556580572069192,0.544999999999973,0.0450836777268583,0.541504519692876,0.907752978076538,3.01980662698043e-16,0.113040159672829,5.1e-06
5.98,1.04632173803178,-0.308304366560031,1.696,7.53370699813864,1.11447246596949,0.0899805717635621,0.200000000000036,0.954390321576654,-0.298561742493594,1.696,7.5507963267949,0.194472918335816,0.555558626388034,0.54500000000003,0.0450836385931343,0.541110613441522,0.909559455169446,3.06421554796543e-16,0.113381946245954,5e-06
6,1.05140550056501,-0.28654400141036,1.7,7.55372430911914,1.11291876108662,0.0902997768600212,0.200000000000047,0.960170286650366,-0.279415498198926,1.7,7.5707963267949,0.194050104102786,0.554538550507522,0.545000000000002,0.0450835994989447,0.540707119441991,0.911344690313279,3.10862446895044e-16,0.11372338659947,5.4e-06
6.02,1.05603783071627,-0.264714179504501,1.704,7.57374160256416,1.11136990138558,0.0906047136580605,0.200000000000047,0.965566196411518,-0.260157491430468,1.704,7.5907963267949,0.19363933878028,0.553520464745308,0.545000000000002,0.0450835604445016,0.540294233655941,0.91310874171153,3.15303338993545e-16,0.114064481084084,5e-06
6.04,1.06021829159699,-0.242824223611802,1.708,7.59375887849145,1.10982603500394,0.0908954809480743,0.200000000000048,0.970575892568149,-0.240795425134159,1.708,7.6107963267949,0.193240552055653,0.552504487791621,0.545000000000002,0.045083521429582,0.539872151260809,0.914851669346999,3.19744231092045e-16,0.114405230050153,5e-06
6.06,1.06394663666462,-0.220883436695891,1.712,7.61377613691876,1.10828730778755,0.0911721787682229,0.200000000000048,0.975197371308593,-0.221337043878359,1.712,7.6307963267949,0.192853672523093,0.551490736709956,0.545000000000002,0.0450834824541874,0.539441066626384,0.916573534957971,3.24185123190546e-16,0.114745633847676,5.1e-06
6.08,1.06722280846524,-0.19890109813922,1.716,7.63379337786383,1.10675386329444,0.0914349083721046,0.200000000000049,0.979428784102971,-0.201790130756129,1.716,7.6507963267949,0.192478627707157,0.550479326938053,0.545000000000002,0.0450834435181801,0.53900117329183,0.918274402014354,3.28626015289047e-16,0.115085692826297,7e-06
6.1,1.07004693730641,-0.17688646001849,1.72,7.65381060134434,1.1052258427988,0.0916837721966442,0.200000000000049,0.983268438442585,-0.182162504272095,1.72,7.6707963267949,0.192115344088381,0.54947037228862,0.545000000000002,0.0450834046217029,0.538552663943139,0.919954335693802,3.33066907387547e-16,0.115425407335309,5.7e-06
6.12,1.07241933986194,-0.154848743432031,1.724,7.67382780737801,1.10370338529547,0.0919188738301794,0.20000000000005,0.986714798516892,-0.162462015215154,1.724,7.6907963267949,0.191763747126512,0.54846398495143,0.545000000000002,0.0450833657646009,0.538095730391019,0.921613402857817,3.37507799486048e-16,0.115764777723646,4.9e-06
6.14,1.07434051771054,-0.132797134880139,1.728,7.69384499598248,1.10218662750456,0.0921403179808004,0.200000000000051,0.989766485827815,-0.142696543518258,1.728,7.7107963267949,0.191423761285892,0.547460275494196,0.545000000000002,0.0450833269468787,0.537630563549217,0.923251672027826,3.41948691584548e-16,0.116103804339895,5e-06
6.16,1.07581115580985,-0.110740782699339,1.732,7.71386216717543,1.10067570387647,0.0923482104448833,0.200000000000051,0.992422279741117,-0.12287399510655,1.732,7.7307963267949,0.191095310058363,0.546459352864759,0.545000000000002,0.0450832881684483,0.537157353413268,0.924869213361259,3.46389583683049e-16,0.116442487532284,5e-06
6.18,1.07683212090792,-0.0886887935514808,1.736,7.73387932097449,1.09917074659709,0.0925426580758636,0.200000000000052,0.994681117974643,-0.103002298735098,1.736,7.7507963267949,0.19077831598826,0.545461324393206,0.544999999999973,0.045083249429315,0.536676289039673,0.926466098627611,3.46389583683049e-16,0.116780827648692,4.8e-06
6.2,1.07740445989367,-0.0666502289684952,1.74,7.75389645739727,1.09767188559339,0.0927237687532383,0.200000000000042,0.996542097023217,-0.0830894028174964,1.74,7.7707963267949,0.190472700695561,0.544466295793762,0.54500000000003,0.0450832107294637,0.536187558525504,0.928042401184499,3.5083047578155e-16,0.117118825036645,4.7e-06
6.22,1.07752939808838,-0.0446341019536314,1.744,7.77391357646137,1.0961792485392,0.0928916513517794,0.200000000000052,0.998004472520033,-0.0631432722466128,1.744,7.7907963267949,0.190178384899479,0.543474371167761,0.544999999999973,0.0450831720686654,0.535691348988432,0.929598195953726,3.5083047578155e-16,0.117456480043315,6e-06
6.24,1.07720833747965,-0.0226493736398944,1.748,7.79393067818439,1.09469296086131,0.0930464157110037,0.200000000000043,0.99906765953439,-0.0431718852087287,1.748,7.8107963267949,0.189895288442635,0.542485653005832,0.54500000000003,0.0450831334471323,0.535187846547172,0.931133559397338,3.5527136788005e-16,0.117793793015525,5.5e-06
6.26,1.07644285490005,-0.000704950006380397,1.752,7.81394776258388,1.09321314574583,0.0931881726048469,0.200000000000053,0.999731232805658,-0.0231832299923794,1.752,7.8307963267949,0.189623330313414,0.541500242191322,0.544999999999973,0.0450830948647863,0.53467723630235,0.932648569493699,3.5527136788005e-16,0.118130764299746,5.2e-06
6.28,1.07523470015175,0.0211903213468575,1.756,7.83396482967739,1.0917399241448,0.0933170337115911,0.200000000000044,0.999994926913375,-0.00318530179313799,1.756,7.8507963267949,0.189362428670323,0.540518238002974,0.54500000000003,0.0450830563215213,0.534159702317787,0.934143305713569,3.59712259978551e-16,0.118467394242096,5.5e-06
6.3,1.07358579407933,0.0430276543648303,1.76,7.85398187948245,1.09027341478307,0.0934331115840154,0.200000000000054,0.999858636383415,0.0168139004843497,1.76,7.8707963267949,0.189112500863831,0.539539738118507,0.544999999999973,0.0450830178171777,0.533635427602189,0.935617848996201,3.59712259978551e-16,0.118803683188345,5.3e-06
6.32,1.0714982265923,0.064798327643987,1.764,7.87399891201658,1.08881373416544,0.0935365196197966,0.200000000000044,0.999322415730172,0.0368063774258269,1.764,7.8907963267949,0.188873463460379,0.538564838617963,0.54500000000003,0.0450829793518528,0.53310459409126,0.937072281725454,3.64153152077052e-16,0.119139631483911,4.9e-06
6.34,1.06897425463903,0.0864936874784597,1.768,7.89401592729726,1.08736099658406,0.0936273720321353,0.200000000000055,0.998386479434759,0.0567841323070781,1.768,7.9107963267949,0.188645232264026,0.537593633987752,0.544999999999973,0.0450829409255342,0.532567382630213,0.938506687705931,3.64153152077052e-16,0.119475239473864,6.9e-06
6.36,1.06601630013414,0.108105150845745,1.772,7.91403292534198,1.08591531412605,0.0937057838206322,0.200000000000046,0.997051201859214,0.0767391742925189,1.772,7.9307963267949,0.188427722340167,0.536626217124155,0.54500000000003,0.0450829025381638,0.532023972956688,0.939921152139137,3.68594044175552e-16,0.119810507502922,5.9e-06
6.38,1.06262694784071,0.129624208331439,1.776,7.93404990616819,1.08447679668139,0.0937718707423919,0.200000000000056,0.995317117096764,0.0966635216314172,1.776,7.9507963267949,0.188220848036805,0.53566267933779,0.544999999999973,0.0450828641896591,0.531474543684086,0.941315761599671,3.68594044175552e-16,0.120145435915456,5.4e-06
6.4,1.05880894320926,0.15104242699268,1.78,7.95406686979334,1.08304555195106,0.0938257492833857,0.200000000000047,0.993184918758193,0.116549204850494,1.78,7.9707963267949,0.188024523007901,0.534703110357655,0.545000000000001,0.0450828258800539,0.530919272285282,0.942690604011453,3.68594044175552e-16,0.120480025055488,4.9e-06
6.42,1.05456519017525,0.17235145316002,1.784,7.97408381623484,1.08162168545536,0.0938675366300446,0.200000000000047,0.990655459694407,0.136388269941598,1.784,7.9907963267949,0.187838660234409,0.533747598335818,0.544999999999972,0.0450827876091249,0.530358335076758,0.944045768623973,3.64153152077052e-16,0.120814275266689,4.9e-06
6.44,1.04989874891655,0.193543015177467,1.788,7.99410074551012,1.08020530054256,0.0938973506411097,0.200000000000037,0.987729751655308,0.156172781543212,1.788,8.0107963267949,0.187663172047238,0.532796229852143,0.545000000000029,0.0450827493769699,0.529791907203116,0.945381345988599,3.64153152077052e-16,0.121148186892384,4.9e-06
6.46,1.04481283357281,0.2146089260805,1.792,8.01411765763654,1.07879649839767,0.0939153098197276,0.200000000000047,0.984408964885101,0.175894826114484,1.792,8.0307963267949,0.187497970147937,0.531849089918908,0.544999999999972,0.0450827111836994,0.529220162621994,0.94669742793491,3.59712259978551e-16,0.121481760275551,4.9e-06
6.48,1.03931080992829,0.235541086211903,1.796,8.03413455263148,1.07739537805151,0.0939215332857771,0.200000000000037,0.980694427654217,0.195546515100544,1.796,8.0507963267949,0.187342965631483,0.530906261986082,0.545000000000028,0.045082673029099,0.528643274089366,0.947994107547086,3.59712259978551e-16,0.12181499575882,4.9e-06
6.5,1.03339619305972,0.256331485775289,1.8,8.05415143051231,1.07600203638999,0.093916140748461,0.200000000000047,0.976587625728023,0.215119988087816,1.8,8.0707963267949,0.187198069006507,0.529967827946459,0.544999999999972,0.0450826349128686,0.52806141314523,0.949271479140343,3.5527136788005e-16,0.122147893684471,5e-06
6.52,1.02707264495101,0.276972207326257,1.804,8.07416829129635,1.07461656816358,0.0938992524791532,0.200000000000037,0.972090201772533,0.234607415948081,1.804,8.0907963267949,0.187063190217562,0.529033868141002,0.545000000000028,0.0450825968355776,0.527474750099686,0.950529638237417,3.5527136788005e-16,0.122480454394442,8.9e-06
6.54,1.02034397207617,0.297455428201134,1.808,8.09418513500092,1.07323906599702,0.0938709892844759,0.200000000000047,0.967203954697364,0.254001003970023,1.808,8.1107963267949,0.186938238665397,0.528104461364634,0.544999999999972,0.0450825587967388,0.526883454019392,0.95176868154511,3.5083047578155e-16,0.122812678230322,9.4e-06
6.56,1.01321412295225,0.317773422883305,1.812,8.11420196164332,1.07186962039919,0.093831472479643,0.200000000000037,0.961930838936196,0.273292994977013,1.812,8.1307963267949,0.186823123228734,0.52717968487184,0.545000000000028,0.0450825207965016,0.526287692714397,0.952988706930891,3.5083047578155e-16,0.123144565533353,6.9e-06
6.58,1.00568718566372,0.337918565307188,1.816,8.13421877124084,1.07050831977329,0.0937808238620598,0.200000000000047,0.956272963665028,0.29247567242987,1.816,8.1507963267949,0.186717752284013,0.526259614382442,0.544999999999972,0.0450824828344556,0.525687632725355,0.954189813399557,3.46389583683049e-16,0.123476116644434,5.9e-06
6.6,0.997767385359836,0.357883331099921,1.82,8.15423556381074,1.06915525042711,0.0937191656851691,0.200000000000037,0.950232591958529,0.311541363513379,1.82,8.1707963267949,0.186622033726887,0.525344324087848,0.545000000000028,0.0450824449112659,0.525083439311113,0.955372101069959,3.46389583683049e-16,0.123807331904117,5.8e-06
6.62,0.98945908172665,0.377660299760871,1.824,8.17425233937027,1.06781049658354,0.0936466206325465,0.200000000000047,0.943812139884847,0.330482442205311,1.824,8.1907963267949,0.186535874991889,0.524433886657369,0.544999999999972,0.0450824070263568,0.524475276436661,0.9565356711518,3.41948691584548e-16,0.12413821165261,5.8e-06
6.64,0.980766766434946,0.397242156779139,1.828,8.19426909793666,1.06647414039129,0.0935633117922603,0.200000000000037,0.937014175539204,0.349291332326736,1.828,8.2107963267949,0.186459183073446,0.523528373244449,0.545000000000028,0.0450823691796867,0.523863306761467,0.957680625922498,3.41948691584548e-16,0.124468756229775,5.3e-06
6.66,0.97169506056574,0.416621695689212,1.832,8.21428583952712,1.06514626193582,0.0934693626314958,0.200000000000047,0.929841418016701,0.367960510572385,1.832,8.2307963267949,0.186391864544835,0.522627853493163,0.544999999999972,0.045082331371455,0.523247691628155,0.958807068704124,3.37507799486048e-16,0.12479896597513,5.5e-06
6.68,0.962248712014709,0.435791820065003,1.836,8.23430256415886,1.06382693925034,0.0933648969714163,0.200000000000037,0.922296736324713,0.386482509519879,1.836,8.2507963267949,0.186333825579188,0.521732395545112,0.545,0.0450822936015442,0.522628591051567,0.959915103840415,3.33066907387547e-16,0.125128841227851,5.1e-06
6.7,0.952432592876979,0.454745545452513,1.84,8.25431927184904,1.06251624832716,0.0932500389622922,0.200000000000037,0.914383148235319,0.404849920616598,1.84,8.2707963267949,0.186284971968551,0.520842066046183,0.545,0.0450822558698783,0.522006163708167,0.96100483667387,3.28626015289047e-16,0.125458382326768,5.7e-06
6.72,0.942251696813678,0.473476001241397,1.844,8.27433596261483,1.0612142631291,0.0931249130588906,0.200000000000036,0.906103819078245,0.423055397142997,1.844,8.2907963267949,0.186245209143175,0.519956930153521,0.545,0.0450822181763801,0.521380566925811,0.962076373522921,3.24185123190546e-16,0.12578758961037,5.6e-06
6.74,0.931711136401592,0.491976432475725,1.848,8.29435263647338,1.05992105560109,0.0929896439961222,0.200000000000036,0.897462060474762,0.441091657151202,1.848,8.3107963267949,0.186214442191712,0.519077051542658,0.545,0.0450821805210652,0.520751956673868,0.963129821659196,3.19744231092045e-16,0.1261164634168,6e-06
6.76,0.920816140467293,0.510240201604298,1.852,8.31436929344179,1.05863669568201,0.0928443567649437,0.200000000000036,0.888461329013091,0.45895148637769,1.852,8.3307963267949,0.186192575879246,0.518202492414869,0.545,0.0450821429040977,0.52012048755369,0.964165289284858,3.15303338993545e-16,0.126445004083862,7.6e-06
6.78,0.909572051407017,0.528260790170847,1.856,8.3343859335372,1.05736125131659,0.0926891765885181,0.200000000000036,0.879105224865808,0.476627741128899,1.856,8.3507963267949,0.186179514667489,0.517333313504669,0.545,0.0450821053250346,0.519486312789432,0.965182885510049,3.10862446895044e-16,0.126773211949016,5.8e-06
6.8,0.897984322493596,0.546031800444518,1.86,8.3544025567767,1.05609478846757,0.0925242288986498,0.200000000000035,0.869397490349825,0.494113351138608,1.86,8.3707963267949,0.186175162732264,0.516469574087092,0.545,0.0450820677839287,0.518849584219213,0.966182720330409,3.06421554796543e-16,0.12710108734938,5.3e-06
6.82,0.886058515171678,0.563546956991048,1.864,8.37441916317735,1.05483737112799,0.0923496393124693,0.200000000000035,0.859342008429514,0.511401322395952,1.864,8.3907963267949,0.186179423983255,0.515611331985644,0.544999999999999,0.0450820302810345,0.51821045228662,0.967164904604704,3.01980662698043e-16,0.127428630621731,5.1e-06
6.84,0.873800296342473,0.580800108185054,1.868,8.39443575275621,1.0535890613336,0.0921655336093745,0.200000000000035,0.848942801163572,0.528484739942931,1.868,8.4107963267949,0.186192202081508,0.514758643580028,0.544999999999999,0.0450819928161482,0.517569066032553,0.96812955003254,2.97539770599542e-16,0.127755842102504,7.6e-06
6.86,0.861215435639218,0.597785227663892,1.872,8.41445232553031,1.05234991917545,0.0919720377082356,0.200000000000034,0.838204028096251,0.545356770640302,1.872,8.4307963267949,0.186213400458562,0.513911563814169,0.544999999999999,0.04508195538939,0.516925573087401,0.969076769132185,2.93098878501041e-16,0.128082722127796,5.8e-06
6.88,0.848309802694507,0.614496415723568,1.876,8.4344688815167,1.05112000281266,0.0917692776448677,0.200000000000034,0.827129984593597,0.562010665900743,1.876,8.4507963267949,0.186242922333554,0.513070146204217,0.544999999999999,0.0450819180000765,0.516280119663551,0.970006675218487,2.88657986402541e-16,0.12840927103336,5.2e-06
6.9,0.835089364400651,0.630927900657169,1.88,8.45448542073237,1.04989936848529,0.0915573795497731,0.200000000000034,0.815725100125357,0.5784397643882,1.88,8.4707963267949,0.186280670731953,0.512234442846738,0.544999999999999,0.045081880648627,0.515632850548233,0.9709193823809,2.8421709430404e-16,0.128735489154611,4.9e-06
6.92,0.821560182164152,0.647074040036341,1.884,8.47450194319431,1.04868807052735,0.0913364696261367,0.200000000000034,0.803993936493257,0.594637494682329,1.884,8.4907963267949,0.186326548502257,0.511404504426985,0.544999999999999,0.0450818433354505,0.514983909096677,0.971815005461613,2.7977620220554e-16,0.129061376826622,5e-06
6.94,0.807728409155374,0.662929321936344,1.888,8.49451844891947,1.04748616138001,0.0911066741280573,0.200000000000033,0.791941186006336,0.610597377906979,1.888,8.5107963267949,0.186380458334805,0.51058038022759,0.544999999999999,0.0450818060601256,0.514333437225608,0.972693660033791,2.75335310107039e-16,0.129386934384131,4.7e-06
6.96,0.793600287554461,0.678488366105201,1.892,8.51453493792484,1.04629369160484,0.090868119339073,0.200000000000033,0.779571669604088,0.626313030321656,1.892,8.5307963267949,0.186442302777713,0.509762118136922,0.544999999999999,0.0450817688221527,0.513681575407054,0.973555462379924,2.70894418008538e-16,0.129712162161532,5.3e-06
6.98,0.779182145794516,0.693745925077525,1.896,8.53455141022734,1.0451107098973,0.0906209315509607,0.200000000000033,0.766890334928147,0.641778165874934,1.896,8.5507963267949,0.186511984255047,0.508949764657652,0.544999999999999,0.04508173162191,0.513028462662469,0.974400529470293,2.66453525910038e-16,0.130037060492883,4.8e-06
7,0.764480395803024,0.708696885233575,1.9,8.55456786584388,1.04393726310027,0.0903652370427732,0.200000000000033,0.753902254343305,0.656986598718789,1.9,8.5707963267949,0.18658940508278,0.508143364915708,0.544999999999999,0.0450816944595689,0.512374236557173,0.975228978941548,2.62012633811537e-16,0.130361629711903,7.1e-06
7.02,0.749501530242488,0.723336267804129,1.904,8.57458430479138,1.04277339621771,0.0901011620601323,0.200000000000032,0.74061262290862,0.671932245682862,1.904,8.5907963267949,0.186674467486745,0.507342962669164,0.544999999999999,0.0450816573349342,0.511719033195102,0.976040929075402,2.57571741713036e-16,0.130685870151974,5.3e-06
7.04,0.734252119751196,0.737659229821764,1.908,8.59460072708671,1.04161915242854,0.0898288327947985,0.200000000000032,0.727026756299476,0.686609128707638,1.908,8.6107963267949,0.186767073617935,0.506548600317125,0.544999999999999,0.0450816202477487,0.511062987213867,0.976836498777448,2.53130849614536e-16,0.131009782146138,5e-06
7.06,0.718738810185016,0.751661065019154,1.912,8.61461713274675,1.04047457310048,0.0895483753645083,0.200000000000032,0.713150088681372,0.701011377235599,1.912,8.6307963267949,0.186867125569938,0.505760318908861,0.544999999999999,0.0450815831979803,0.510406231780114,0.977615807556099,2.48689957516035e-16,0.1313333660271,5e-06
7.08,0.702968319861103,0.765337204674978,1.916,8.63463352178834,1.03933969780414,0.0892599157930698,0.200000000000031,0.698988170536338,0.715133230559358,1.916,8.6507963267949,0.186974525393993,0.504978158152975,0.544999999999999,0.0450815461860299,0.509748898585186,0.978378975501643,2.44249065417535e-16,0.131656622127232,4.9e-06
7.1,0.68694743680434,0.778683218408084,1.92,8.65464989422832,1.0382145643271,0.0889635799907063,0.200000000000031,0.684546666442806,0.728969040125876,1.92,8.6707963267949,0.187089175116398,0.504202156426742,0.544999999999999,0.0450815092116127,0.509091117841086,0.97912612326543,2.39808173319034e-16,0.131979550778563,5.4e-06
7.12,0.670683015997338,0.791694814920514,1.924,8.6746662500835,1.03709920868827,0.0886594937346691,0.200000000000031,0.669831352809865,0.742513271795802,1.924,8.6907963267949,0.187210976752817,0.503432350785469,0.544999999999999,0.0450814722743286,0.508433018276732,0.979857372039189,2.35367281220533e-16,0.132302152312791,4.9e-06
7.14,0.654181976634775,0.804367842690027,1.928,8.6946825893707,1.03599366515214,0.0883477826501297,0.200000000000031,0.654848115566765,0.755760508057054,1.928,8.7107963267949,0.187339832325099,0.5026687769719,0.544999999999999,0.0450814353746148,0.507774727134507,0.980572843534461,2.30926389122033e-16,0.132624427061275,5.2e-06
7.16,0.637451299382823,0.816698290612769,1.932,8.71469891210669,1.03489796624329,0.0880285721913128,0.20000000000003,0.639602947808631,0.768705450191756,1.932,8.7307963267949,0.187475643875765,0.501911469425819,0.544999999999999,0.0450813985123218,0.507116370167091,0.981272659962179,2.26485497023532e-16,0.132946375355039,4.8e-06
7.18,0.620498023644398,0.82868228859671,1.936,8.73471521830822,1.03381214276093,0.0877019876228867,0.20000000000003,0.624101947399299,0.78134292039565,1.936,8.7507963267949,0.187618313484096,0.501160461293809,0.544999999999971,0.0450813616873398,0.506458071634586,0.981956944012369,2.17603712826531e-16,0.133267997524773,5e-06
7.2,0.603329244830931,0.840316108106512,1.94,8.75473150799207,1.03273622379357,0.0873681540016325,0.200000000000019,0.608351314532255,0.793667863849153,1.94,8.7707963267949,0.187767743280537,0.500415784438801,0.545000000000027,0.0450813248997455,0.50579995430192,0.982625818833989,2.1316282072803e-16,0.133589293900829,4.7e-06
7.22,0.585952111641326,0.851596162660464,1.944,8.77474778117494,1.03167023673372,0.0870271961583597,0.200000000000029,0.592357349250641,0.805675350739213,1.944,8.7907963267949,0.187923835461635,0.499677469450002,0.544999999999971,0.0450812881492895,0.505142139436529,0.983279408014902,2.04281036531029e-16,0.133910264813228,5.2e-06
7.24,0.568373823348761,0.862519008280126,1.948,8.79476403787357,1.03061420729272,0.0866792386800896,0.200000000000019,0.576126448927319,0.817360578231173,1.948,8.8107963267949,0.18808649230514,0.498945545652755,0.545000000000027,0.0450812514360419,0.504484746806318,0.983917835561991,1.99840144432528e-16,0.134230910591655,5.1e-06
7.26,0.550601627095943,0.873081343893342,1.952,8.81478027810465,1.02956815951569,0.0863244058924972,0.200000000000028,0.55966510570601,0.828718872389835,1.952,8.8307963267949,0.188255616183862,0.498220041118541,0.54499999999997,0.0450812147600824,0.50382789467789,0.984541225881411,1.90958360235527e-16,0.13455123156546,7.1e-06
7.28,0.532642815199415,0.88328001169126,1.956,8.83479650188485,1.02853211579647,0.0859628218426044,0.200000000000018,0.542979903904521,0.83974569004898,1.956,8.8507963267949,0.188431109580657,0.49750098267492,0.545000000000027,0.0450811781213561,0.503171699815051,0.985149703758974,1.86517468137026e-16,0.134871228063661,5.9e-06
7.3,0.51450472246348,0.893111997440004,1.96,8.85481270923085,1.02750609689271,0.0855946102817327,0.200000000000028,0.526077517381105,0.850436620628564,1.96,8.8707963267949,0.188612875101634,0.49678839591588,0.54499999999997,0.0450811415195666,0.502516277477575,0.98574339434069,1.77635683940025e-16,0.135190900414941,5.4e-06
7.32,0.496194723504297,0.902574430747647,1.964,8.8748289001593,1.026490121941,0.0852198946487296,0.200000000000017,0.50896470686501,0.860787387898902,1.964,8.8907963267949,0.188800815491123,0.49608230521172,0.545000000000027,0.0450811049547827,0.501861741420236,0.986322423113441,1.73194791841524e-16,0.135510248947653,5.9e-06
7.34,0.477720230084642,0.911664585287115,1.968,8.89484507468682,1.02548420847211,0.0848387980534375,0.200000000000027,0.491648317252275,0.870793851691091,1.968,8.9107963267949,0.188994833644256,0.49538273371953,0.54499999999997,0.0450810684272257,0.5012082038921,0.986886915885802,1.64313007644523e-16,0.135829273989815,5.7e-06
7.36,0.459088688459868,0.920379878975669,1.972,8.91486123283002,1.02448837242623,0.0844514432604159,0.200000000000016,0.474135274867862,0.880452009553034,1.972,8.9307963267949,0.18919483262167,0.494689703393478,0.545000000000027,0.0450810319367059,0.500555775636072,0.987436998769014,1.59872115546023e-16,0.136147975869112,5.4e-06
7.38,0.440307576735498,0.928717874111588,1.976,8.9348773746055,1.02350262816834,0.0840579526729265,0.200000000000026,0.456432584695223,0.88975799835036,1.976,8.9507963267949,0.189400715661715,0.494003234995086,0.54499999999997,0.0450809954829736,0.499904565888699,0.987972798158094,1.50990331349021e-16,0.1364663549129,5e-06
7.4,0.421384402236929,0.93667627746869,1.98,8.95489350002985,1.02252698850362,0.0836584483171774,0.200000000000015,0.43854732757439,0.898708095811627,1.98,8.9707963267949,0.189612386194667,0.49332334810382,0.545000000000027,0.0450809590662431,0.49925468238022,0.988494440713107,1.46549439250521e-16,0.136784411448201,4.8e-06
7.42,0.40232669889166,0.944252940349292,1.984,8.97490960911962,1.02156146469289,0.0832530518268201,0.200000000000025,0.420486657369749,0.907298722017184,1.984,8.9907963267949,0.189829747854651,0.492650061127469,0.54499999999997,0.0450809226864136,0.498606231334867,0.989002053340576,1.37667655053519e-16,0.137102145801707,4.7e-06
7.44,0.383142024624457,0.951445858596248,1.988,8.99492570189136,1.02060606646817,0.0828418844276906,0.200000000000014,0.402257798108573,0.91552644083109,1.988,9.0107963267949,0.190052704493461,0.491983391312803,0.545000000000027,0.045080886343475,0.497959317471408,0.989495763175052,1.33226762955019e-16,0.137419558299777,4.8e-06
7.46,0.36383795876584,0.958253172564652,1.992,9.0149417783616,1.01966080204823,0.0824250669228148,0.200000000000024,0.38386804109152,0.923387961275519,1.992,9.0307963267949,0.190281160192134,0.491323354756127,0.54499999999997,0.0450808500373721,0.497314044003933,0.989975697560834,1.24344978758018e-16,0.137736649268443,4.8e-06
7.48,0.344422099474256,0.964673167053819,1.996,9.03495783854687,1.0187256781542,0.0820027196776612,0.200000000000013,0.365324741976202,0.930880138847114,1.996,9.0507963267949,0.190515019274433,0.490669966413948,0.545000000000027,0.0450808137679046,0.496670512642873,0.990441984033842,1.19904086659517e-16,0.138053419033404,4.5e-06
7.5,0.324902061172288,0.970704271200125,2,9.05497388246364,1.0178007000253,0.0815749626056502,0.200000000000023,0.346635317835026,0.937999976774739,2,9.0707963267949,0.190754186317837,0.490023240113724,0.54499999999997,0.0450807775352444,0.496028823596262,0.990894750303645,1.11022302462516e-16,0.138369867920029,4.6e-06
7.52,0.305285471997229,0.976345058331295,2.004,9.0749899101284,1.01688587143449,0.0811419151539097,0.200000000000012,0.327807244188458,0.944744627218154,2.004,9.0907963267949,0.190998566166877,0.48938318856458,0.545000000000056,0.0450807413392921,0.49538907557122,0.991334124235647,1.11022302462516e-16,0.138685996253359,6.9e-06
7.54,0.285579971266324,0.981594245782711,2.008,9.09500592155762,1.01598119470427,0.0807036962892771,0.200000000000032,0.30884805201492,0.951111392407109,2.008,9.1107963267949,0.191248063943697,0.488749823368166,0.544999999999943,0.0450807051799439,0.494751365775674,0.991760233833428,1.02140518265514e-16,0.139001804358105,5.2e-06
7.56,0.265793206956984,0.986450694676307,2.012,9.11502191676773,1.01508667072245,0.0802604244845584,0.200000000000011,0.289765324738494,0.957097725720417,2.012,9.1307963267949,0.191502585060932,0.48812315502951,0.545000000000056,0.0450806690573316,0.494115789920298,0.992173207221247,1.02140518265514e-16,0.139317292558648,5e-06
7.58,0.245932833202241,0.990913409662589,2.016,9.13503789577517,1.01420229895801,0.0798122177050299,0.200000000000031,0.27056669519566,0.96270123270457,2.016,9.1507963267949,0.191762035232058,0.487503192967813,0.544999999999943,0.0450806329713123,0.493482442220678,0.992573172626694,9.32587340685132e-17,0.139632461179042,4.9e-06
7.6,0.226006507801704,0.994981538626353,2.02,9.15505385859636,1.01332807747695,0.0793591933951849,0.20000000000001,0.251259842582255,0.967919672031487,2.02,9.1707963267949,0.192026320483735,0.486889945527496,0.545000000000056,0.045080596921735,0.492851415399694,0.992960258363518,9.32587340685132e-17,0.139947310543013,4.7e-06
7.62,0.20602188974827,0.998654372356602,2.024,9.17506980524768,1.01246400295817,0.0789014684657365,0.20000000000003,0.231852489381904,0.972750956395014,2.024,9.1907963267949,0.192295347165841,0.486283419989106,0.544999999999943,0.0450805609088252,0.492222800690117,0.993334592814602,8.43769498715119e-17,0.140261840973958,4.7e-06
7.64,0.18598663677081,1.00193134418121,2.028,9.19508573574551,1.01161007070942,0.0784391592808553,0.200000000000009,0.212352398277125,0.977193153345823,2.028,9.2107963267949,0.192569021963527,0.485683622580336,0.545000000000056,0.0450805249323961,0.491596687837423,0.993696304415105,8.43769498715119e-17,0.140576052794945,4.9e-06
7.66,0.16590840289306,1.0048120295668,2.032,9.21510165010623,1.01076627468323,0.0779723816456532,0.200000000000029,0.192767369044364,0.981244486064362,2.032,9.2307963267949,0.192847251906806,0.485090558487013,0.544999999999942,0.0450804889921545,0.490973165102815,0.994045521635769,7.54951656745107e-17,0.140889946328719,4.8e-06
7.68,0.145794836008911,1.00729614568443,2.036,9.23511754834618,1.00993260749287,0.0775012507939189,0.200000000000009,0.173105235434182,0.984903334071561,2.036,9.2507963267949,0.193129944382132,0.484504231864258,0.544999999999998,0.0450804530884598,0.490352319266442,0.994382372966385,6.66133814775094e-17,0.141203521897693,4.9e-06
7.7,0.125653575474297,1.00938355094142,2.04,9.25513343048168,1.00910906042837,0.0770258813760878,0.200000000000008,0.153373862037864,0.988168233877,2.04,9.2707963267949,0.193417007142126,0.48392464584749,0.544999999999998,0.0450804172213674,0.489734235630839,0.994706986899425,5.77315972805082e-17,0.141516779823957,4.8e-06
7.72,0.105492249715861,1.01107424447999,2.044,9.27514929652906,1.0082956234725,0.076546387447441,0.200000000000007,0.13358114114169,0.99103787956429,2.044,9.2907963267949,0.193708348315802,0.48335180256356,0.544999999999998,0.0450803813902191,0.489118998024552,0.995019491913844,4.88498130835069e-17,0.141829720429274,5e-06
7.74,0.0853184738565723,1.01236836564292,2.048,9.2951651465046,1.00749228531678,0.0760628824565685,0.200000000000006,0.113734989570117,0.993511123313416,2.048,9.3107963267949,0.194003876419138,0.482785703141887,0.544999999999998,0.0450803455956047,0.488506688805964,0.995320016459033,3.99680288865057e-17,0.14214234403508,4.8e-06
7.76,0.0651398473584465,1.01326619340699,2.052,9.31518098042458,1.00669903337754,0.0755754792340571,0.200000000000005,0.0938433455191623,0.995586975859855,2.052,9.3307963267949,0.194303500364004,0.482226347725748,0.544999999999998,0.0450803098373494,0.487897388867322,0.99560868893896,3.10862446895044e-17,0.142454650962486,4.9e-06
7.78,0.0449639516825361,1.01376814578435,2.056,9.33519679830527,1.00591585381193,0.0750842899814114,0.200000000000004,0.0739141653812273,0.997264606890266,2.056,9.3507963267949,0.194607129468863,0.481673735483227,0.544999999999998,0.045080274115121,0.487291177638943,0.995885637696456,2.22044604925032e-17,0.142766641532279,7.9e-06
7.8,0.0247983479663192,1.01387477919241,2.06,9.35521260016293,1.00514273153401,0.0745894262602217,0.200000000000004,0.0539554205626498,0.998543345374605,2.06,9.3707963267949,0.194914673467132,0.481127864618637,0.544999999999998,0.0450802384289509,0.486688133093618,0.996150990997684,1.33226762955019e-17,0.143078316064918,6.1e-06
7.82,0.00465057471863122,1.01358678779264,2.064,9.37522838601378,1.00437965023072,0.0740909989815702,0.200000000000003,0.0339750942952423,0.999422679834528,2.064,9.3907963267949,0.195226042517575,0.480588732383636,0.544999999999998,0.0450802027791161,0.486088331751195,0.99640487701677,4.44089209850065e-18,0.14338967488054,5.4e-06
7.84,-0.0154718544677345,1.01290500279861,2.068,9.39524415587402,1.00362659237803,0.0735891183956542,0.200000000000002,0.0139811784431128,0.999902258547975,2.068,9.4107963267949,0.195541147212358,0.480056335088428,0.544999999999998,0.0450801671655348,0.485491848683348,0.996647423820602,-4.44089209850061e-18,0.143700718298958,5.1e-06
7.86,-0.035561453185635,1.01183039175372,2.072,9.41525990975987,1.0028835392569,0.0730838940816422,0.200000000000001,-0.0060183296939816,0.999981889689856,2.072,9.4307963267949,0.195859898587071,0.479530668113139,0.544999999999998,0.0450801315878809,0.484898757518516,0.996878759353798,-1.33226762955019e-17,0.144011446639658,5.4e-06
7.88,-0.0556107644652775,1.01036405777904,2.076,9.4352756476875,1.0021504709694,0.0725754349377817,0.2,-0.0260154305794408,0.999661541408774,2.076,9.4507963267949,0.19618220812837,0.479011725918914,0.544999999999998,0.0450800960461426,0.484309130447032,0.997099011423848,-2.22044604925031e-17,0.144321860221806,5.6e-06
7.9,-0.0756123630078984,1.00850723879143,2.08,9.45529136967308,1.00142736645469,0.0720638491717267,0.199999999999999,-0.0460021256395369,0.998941341839772,2.08,9.4707963267949,0.196507987783675,0.478499502059402,0.544999999999998,0.0450800605405515,0.483723038226411,0.99730830768642,-3.10862446895044e-17,0.144631959364243,5.1e-06
7.92,-0.0955588574013149,1.00626130669257,2.084,9.47530707573276,1.00071420350511,0.071549244291091,0.199999999999999,-0.0659704204627299,0.997821579053074,2.084,9.4907963267949,0.196837149968524,0.477993989191834,0.544999999999998,0.0450800250708797,0.483140550186811,0.997506775630842,-3.99680288865056e-17,0.144941744385485,4.6e-06
7.94,-0.115442892317243,1.00362776652892,2.088,9.49532276588267,1.00001095878216,0.0710317270942255,0.199999999999998,-0.0859123279973325,0.996302700938866,2.088,9.5107963267949,0.197169607575845,0.477495179088251,0.544999999999998,0.0450799896371251,0.482561734236671,0.997694542565747,-4.88498130835069e-17,0.14525121560373,4.8e-06
7.96,-0.135257150690281,1.00060825562324,2.092,9.51533844013892,0.999317607832514,0.0705114036612252,0.199999999999997,-0.105819871746218,0.99438531502814,2.092,9.5307963267949,0.197505273982988,0.477003062647138,0.544999999999998,0.0450799542392894,0.481986656868496,0.997871735604901,-5.77315972805081e-17,0.145560373336849,5.2e-06
7.98,-0.154994355878462,0.997204542677773,2.096,9.53535409851762,0.998634125104044,0.069988379345169,0.199999999999996,-0.125685088957318,0.992070188249698,2.096,9.5507963267949,0.197844063060667,0.476517629904273,0.544999999999998,0.0450799188774245,0.481415383164812,0.998038481653187,-6.66133814775094e-17,0.145869217902395,5.2e-06
8,-0.174647273805268,0.993418526849407,2.1,9.55536974103484,0.997960483961776,0.0694627587635647,0.199999999999995,-0.145500033808614,0.989358246623382,2.1,9.5707963267949,0.198185889179652,0.476038870044398,0.544999999999998,0.0450798835512543,0.480847976804284,0.998194907392777,-7.54951656745106e-17,0.146177749617596,5e-06
8.02,-0.194208715083024,0.989252236797254,2.104,9.57538536770666,0.997296656703842,0.0689346457900372,0.199999999999994,-0.16525678058636,0.986250574889684,2.104,9.5907963267949,0.198530667219272,0.475566771412278,0.545000000000229,0.0450798482608204,0.480284500067973,0.998341139269463,-4.88498130835069e-17,0.146485968799361,7.2e-06
8.04,-0.213671537117557,0.984707829702745,2.108,9.59540097854913,0.996642614577438,0.0684041435462278,0.200000000000077,-0.184947426855268,0.982748416075862,2.108,9.6107963267949,0.19887831257425,0.475101321523925,0.544999999999891,0.0450798130063146,0.479725013845761,0.998477303479165,-3.99680288865056e-17,0.146793875764276,5.4e-06
8.06,-0.233028646194037,0.979787590262599,2.112,9.61541657357829,0.995998327794726,0.0678713543938996,0.200000000000038,-0.204564096619365,0.978853170998747,2.112,9.6307963267949,0.199228741161542,0.474642507078184,0.544999999999656,0.0450797777872281,0.479169577642916,0.998603525954616,-8.43769498715119e-17,0.147101470828608,5.1e-06
8.08,-0.252272999543895,0.974493929654906,2.116,9.63543215281014,0.995363765548706,0.0673363799272859,0.199999999999914,-0.2240989434723,0.974566397704435,2.116,9.6507963267949,0.199581869428671,0.474190313967612,0.545000000000162,0.0450797426040227,0.478618249586804,0.998719932352209,-1.02140518265514e-16,0.147408754308303,7.3e-06
8.1,-0.271397607392717,0.968829384478557,2.12,9.65544771626069,0.994738896029106,0.0667993209656322,0.199999999999972,-0.243544153735791,0.969889810845086,2.12,9.6707963267949,0.199937614359315,0.473744727290082,0.545000000000226,0.0450797074566241,0.478071086433744,0.998826648039026,-8.43769498715119e-17,0.147715726518988,5.4e-06
8.12,-0.290395534989018,0.962796615666255,2.124,9.67546326394593,0.994123686438191,0.0662602775459571,0.200000000000054,-0.262891949585002,0.964825280993091,2.124,9.6907963267949,0.200295893480758,0.473305731359891,0.54500000000012,0.045079672344571,0.477528143576009,0.998923798080035,-4.88498130835069e-17,0.148022387775967,5.4e-06
8.14,-0.309259904613783,0.956398407371333,2.128,9.69547879588183,0.99351810300657,0.0657193489160421,0.200000000000097,-0.282134592159557,0.959374833892864,2.128,9.7107963267949,0.200656624869641,0.47287330971891,0.544999999999605,0.045079637267945,0.476989475048954,0.99901150722546,-7.54951656745106e-17,0.148328738394228,4.7e-06
8.16,-0.327983897570674,0.949637665828597,2.132,9.71549431208434,0.992922111008937,0.0651766335276231,0.199999999999954,-0.301264384658992,0.953540649650574,2.132,9.7307963267949,0.201019727159787,0.472447445147971,0.544999999999935,0.045079602227127,0.476455133538287,0.999089899898329,-1.11022302462516e-16,0.14863477868844,4.9e-06
8.18,-0.346560756156785,0.942517418189378,2.136,9.7355098125694,0.992335674779833,0.0646322290297815,0.199999999999931,-0.320273675421368,0.94732506186213,2.136,9.7507963267949,0.201385119546949,0.472028119678054,0.545000000000222,0.0450795672219059,0.47592517038747,0.999159100182184,-1.11022302462516e-16,0.14894050897295,4.8e-06
8.2,-0.364983785613843,0.935040811331013,2.14,9.75552529735293,0.991758757729309,0.0640862322625494,0.200000000000011,-0.339154860983835,0.940730556679773,2.14,9.7707963267949,0.201752721795639,0.471615314601439,0.545000000000173,0.045079532251865,0.475399635605244,0.999219231808978,-8.43769498715119e-17,0.149245929561789,5.4e-06
8.22,-0.383246356059709,0.927211110640919,2.144,9.77554076645083,0.991191322358585,0.0635387392507376,0.200000000000073,-0.357900389123914,0.933759771817651,2.144,9.7907963267949,0.202122454244999,0.471209010482862,0.544999999999833,0.0450794973173265,0.474878577873285,0.99927041814713,-8.43769498715119e-17,0.14955104076867,5e-06
8.24,-0.401341904400081,0.919031698775447,2.148,9.79555621987901,0.99063333027566,0.0629898451979545,0.200000000000013,-0.376502761880283,0.926415495496766,2.148,9.8107963267949,0.202494237813836,0.470809187170727,0.544999999999769,0.0450794624182099,0.474362044553984,0.999312782189765,-1.19904086659517e-16,0.149855842906988,4.9e-06
8.26,-0.419263936220251,0.910506074393694,2.152,9.81557165765331,0.990084742210855,0.062439644480825,0.19999999999993,-0.394954538551871,0.918700665329725,2.152,9.8307963267949,0.202867994007632,0.470415823808333,0.545000000000222,0.0450794275544308,0.473850081698343,0.999346446543121,-1.19904086659517e-16,0.15016033628982,4.7e-06
8.28,-0.43700602765678,0.901637850866414,2.156,9.83558707978962,0.989545518032361,0.0618882306434236,0.20000000000001,-0.413248338674028,0.91061836714573,2.156,9.8507963267949,0.203243644922541,0.470028898844787,0.545000000000173,0.045079392725998,0.47334273405399,0.999371533415126,-9.32587340685131e-17,0.150464521229925,6.8e-06
8.3,-0.454561827248961,0.892430754960208,2.16,9.85560248630375,0.989015616761691,0.0613356963918979,0.200000000000072,-0.431376844970621,0.902171833756293,2.16,9.8707963267949,0.203621113251548,0.469648390046342,0.544999999999833,0.0450793579328281,0.472840045073312,0.999388164604156,-9.32587340685131e-17,0.150768398039748,5.8e-06
8.32,-0.471925057769898,0.882888625497121,2.164,9.87561787721155,0.988494996589111,0.0607821335893008,0.200000000000012,-0.449332806280839,0.893364443662152,2.164,9.8907963267949,0.204000322288646,0.469274274507239,0.544999999999769,0.045079323174882,0.472342056921698,0.999396461487955,-1.28785870856518e-16,0.151071967031415,4.9e-06
8.34,-0.489089518037066,0.873015411989815,2.168,9.89563325252882,0.987983614888989,0.0602276332506118,0.199999999999929,-0.467109040459569,0.884199719701913,2.168,9.9107963267949,0.204381195935287,0.468906528660944,0.545000000000222,0.0450792884520737,0.47184881048589,0.999396545012734,-1.28785870856518e-16,0.151375228516737,5.4e-06
8.36,-0.506049084702167,0.862815173252422,2.172,9.91564861227135,0.987481428235145,0.0596722855379619,0.200000000000009,-0.484698437250152,0.874681327642965,2.172,9.9307963267949,0.204763658703757,0.468545128291036,0.545000000000173,0.045079253764601,0.471360345382444,0.999388535682441,-1.02140518265514e-16,0.151678182807208,6.4e-06
8.38,-0.522797714020132,0.852292075987253,2.176,9.93566395645492,0.98698839241609,0.0591161797560419,0.200000000000071,-0.502093961128397,0.864813074715222,2.176,9.9507963267949,0.205147635722664,0.468190048542308,0.544999999999833,0.0450792191122492,0.470876699966293,0.999372553548199,-1.02140518265514e-16,0.151980830214007,5.7e-06
8.4,-0.539329443597065,0.841450393347448,2.18,9.95567928509528,0.986504462450251,0.0585594043477116,0.200000000000011,-0.519288654116686,0.854598908088281,2.18,9.9707963267949,0.20553305274056,0.46784126393161,0.544999999999769,0.0450791844948847,0.470397911339411,0.99934871819792,-1.37667655053519e-16,0.152283171048,5.5e-06
8.42,-0.555638394116966,0.830294503475734,2.184,9.97569459820819,0.986029592601093,0.0580020468898009,0.199999999999928,-0.536275638567084,0.844042913292604,2.184,9.9907963267949,0.205919836131749,0.467498748358926,0.545000000000222,0.0450791499125601,0.469924015359578,0.999317148746086,-1.37667655053519e-16,0.152585205619734,5.1e-06
8.44,-0.571718771047006,0.818828888019382,2.188,9.99570989580938,0.985563736392243,0.0574441940891015,0.200000000000008,-0.553048119912302,0.833149312585366,2.188,10.0107963267949,0.206307912899095,0.467162475118111,0.545000000000173,0.0450791153653828,0.46945504664924,0.999277963823704,-1.11022302462516e-16,0.152886934239444,4.9e-06
8.46,-0.587564866321185,0.8070581306215,2.192,10.0157251779145,0.985106846622499,0.056885931778533,0.20000000000007,-0.569599389383433,0.821922463261602,2.192,10.0307963267949,0.206697210678871,0.466832416907804,0.544999999999891,0.0450790808532802,0.468991038604464,0.999231281568429,-1.02140518265514e-16,0.153188357217051,4.9e-06
8.48,-0.603171060002123,0.794986915388776,2.196,10.0357404445394,0.984658875380809,0.056327344913501,0.200000000000031,-0.585922826693367,0.810366855911355,2.196,10.0507963267949,0.207087657743845,0.466508545842407,0.544999999999713,0.0450790463759843,0.468532023403979,0.999177219614859,-1.37667655053519e-16,0.153489474862161,5e-06
8.5,-0.61853182192079,0.782620025335786,2.2,10.0557556956996,0.984219774061152,0.0557685175684535,0.199999999999927,-0.602011902684824,0.79848711262349,2.2,10.0707963267949,0.207479183008418,0.466190833462635,0.545000000000164,0.0450790119336421,0.468078032018311,0.999115895084997,-1.46549439250521e-16,0.153790287484067,8.7e-06
8.52,-0.633641713293923,0.769962340805981,2.204,10.0757709314109,0.983789493377404,0.0552095329336048,0.199999999999986,-0.617860181941925,0.786287985136929,2.204,10.0907963267949,0.207871716030863,0.465879250746456,0.545000000000171,0.0450789775259834,0.467629094219004,0.999047424578886,-1.28785870856518e-16,0.154090795391748,6.4e-06
8.54,-0.648495388318901,0.757018837869478,2.208,10.0957861516888,0.98336798337809,0.0546504733118469,0.200000000000048,-0.633461325364276,0.773774352940012,2.208,10.1107963267949,0.2082651870177,0.465573768119624,0.54500000000012,0.0450789431535366,0.467185238587918,0.998971924165411,-9.32587340685132e-17,0.15439099889387,3.62e-05
8.56,-0.663087595745817,0.743794586697748,2.212,10.115801356549,0.982955193461099,0.0540914201158254,0.200000000000091,-0.648809092702519,0.760951221318774,2.212,10.1307963267949,0.208659526826013,0.465274355466578,0.544999999999662,0.045078908815914,0.466746492526618,0.998889509373268,-1.11022302462516e-16,0.154690898298788,1.41e-05
8.58,-0.677413180426503,0.730294749915352,2.216,10.1358165460072,0.982551072388291,0.0535324538652052,0.199999999999969,-0.663897345054353,0.74782371935489,2.216,10.1507963267949,0.209054666968282,0.464980982140991,0.54499999999988,0.0450788745127962,0.466312882265828,0.998800295182103,-1.46549439250521e-16,0.154990493914542,8.9e-06
8.6,-0.691467084840215,0.716524580928801,2.22,10.1558317200789,0.982155568300094,0.0529736541841257,0.199999999999926,-0.678720047320012,0.734397097874113,2.22,10.1707963267949,0.209450539613755,0.464693616976216,0.545000000000164,0.0450788402444667,0.465884432874974,0.998704396013817,-1.55431223447522e-16,0.155289786048863,8.1e-06
8.62,-0.705244350595727,0.702489422232694,2.224,10.1758468787797,0.981768628729964,0.052415099798809,0.199999999999985,-0.693271270616225,0.720676727346017,2.224,10.1907963267949,0.209847077592469,0.464412228295991,0.545000000000286,0.0450788060111868,0.465461168271794,0.998601925724041,-1.19904086659517e-16,0.155588775009167,7e-06
8.64,-0.718740119909519,0.688194703693234,2.228,10.1958620221252,0.981390200618819,0.0518568685353339,0.200000000000088,-0.707545194647683,0.706668095735878,2.228,10.2107963267949,0.210244214396964,0.464136783924949,0.544999999999893,0.0450787718121367,0.465043111232016,0.998492997593773,-1.02140518265514e-16,0.155887461102561,1.59e-05
8.66,-0.731949637059781,0.673645940809264,2.232,10.2158771501309,0.981020230329347,0.0512990373176065,0.20000000000005,-0.721536110035093,0.69237680630956,2.232,10.2307963267949,0.210641884186511,0.463867251198939,0.544999999999716,0.0450787376478763,0.464630283399111,0.998377724321184,-1.28785870856518e-16,0.156185844635841,0.0001128
8.68,-0.744868249815923,0.658848732950926,2.236,10.2358922628125,0.980658663660311,0.0507416821654853,0.199999999999947,-0.735238420598841,0.677808575392287,2.236,10.2507963267949,0.211040021788028,0.463603596975638,0.544999999999993,0.0450787035182925,0.464222705294112,0.99825621801359,-1.55431223447522e-16,0.15648392591549,1.48e-05
8.7,-0.757491410843261,0.643808761576108,2.24,10.2559073601853,0.980305445860702,0.050184878193066,0.199999999999945,-0.7486466455974,0.662969230082182,2.24,10.2707963267949,0.211438562699445,0.463345787644677,0.545000000000282,0.0450786694233626,0.463820396325485,0.998128590179583,-1.37667655053519e-16,0.156781705247682,1.04e-05
8.72,-0.769814679082573,0.628531788424788,2.244,10.2759224422649,0.979960521643862,0.0496286996071363,0.200000000000046,-0.76175542191954,0.647864705919518,2.244,10.2907963267949,0.211837443091023,0.463093789138237,0.545000000000177,0.0450786353629203,0.46342337479908,0.997994951721337,-9.32587340685132e-17,0.157079182938282,2.53e-05
8.74,-0.78183372110418,0.613023653691432,2.248,10.2959375090669,0.979623835201483,0.0490732197058054,0.20000000000011,-0.774559506229517,0.632501044512566,2.248,10.3107963267949,0.212236599808847,0.462847566940992,0.544999999999665,0.0450786013367426,0.463031657928126,0.997855412927066,-1.02140518265514e-16,0.157376359292842,1.9e-05
8.76,-0.793544312436209,0.597290274175595,2.252,10.3159525606066,0.979295330217586,0.0485185108772866,0.199999999999989,-0.787053777064324,0.616884391121045,2.252,10.3307963267949,0.212635970375465,0.462607086100591,0.544999999999767,0.0450785673454078,0.462645261843288,0.997710083463651,-1.46549439250521e-16,0.157673234616609,2.38e-05
8.78,-0.804942338866692,0.581337641410865,2.256,10.3359675968995,0.978974949882358,0.0479646445988332,0.199999999999905,-0.799233236882215,0.60102099219809,2.256,10.3507963267949,0.213035492992341,0.462372311237733,0.545000000000277,0.0450785333881987,0.462264201602782,0.997559072369429,-1.46549439250521e-16,0.157969809214516,1.89e-05
8.8,-0.816023797719133,0.565171819772338,2.26,10.3559826179612,0.978662636905934,0.0474116914358423,0.200000000000005,-0.811093014061656,0.584917192891762,2.26,10.3707963267949,0.2134351065417,0.462143206556186,0.545000000000231,0.0450784994655454,0.461888491202533,0.997402488047143,-1.11022302462516e-16,0.158266083391191,8.5e-06
8.82,-0.826784799101186,0.548798944562761,2.264,10.3759976238069,0.978358333532098,0.0468597210411116,0.200000000000088,-0.8226283648499,0.56857943450707,2.264,10.3907963267949,0.213834750587285,0.461919735852951,0.544999999999778,0.0450784655771467,0.461518143586393,0.997240438257053,-1.11022302462516e-16,0.15856205745095,6e-06
8.84,-0.837221567126048,0.532225220077546,2.268,10.3960126144522,0.978061981551862,0.0463088021542478,0.200000000000008,-0.833834675260437,0.552014251929533,2.268,10.4107963267949,0.214234365377318,0.461701862528255,0.544999999999711,0.0450784317231612,0.461153170656399,0.997073030110205,-1.55431223447522e-16,0.158857731697804,5.6e-06
8.86,-0.84733044110621,0.515456917648829,2.272,10.4160275899124,0.977773522317018,0.0457590026012328,0.199999999999904,-0.844707462918517,0.535228271011316,2.272,10.4307963267949,0.214633891844449,0.46148954959548,0.545000000000277,0.0450783979035708,0.460793583283081,0.996900370061863,-1.55431223447522e-16,0.159153106435453,4.8e-06
8.88,-0.857107876719147,0.498500373668766,2.276,10.4360425502029,0.977492896753553,0.045210389294134,0.200000000000004,-0.855242378854046,0.518228205920975,2.276,10.4507963267949,0.21503327160768,0.46128275969105,0.545000000000231,0.0450783641180711,0.460439391315811,0.996722563905099,-1.19904086659517e-16,0.159448181967293,5.7e-06
8.9,-0.866550447144565,0.481361987592279,2.28,10.4560574953391,0.977220045374993,0.0446630282309735,0.200000000000087,-0.865435209241112,0.501020856457885,2.28,10.4707963267949,0.215432446972858,0.461081455084195,0.544999999999778,0.045078330366769,0.46009060359319,0.996539716764537,-1.19904086659517e-16,0.159742958596409,4.6e-06
8.92,-0.875654844172791,0.464048219919453,2.284,10.4760724253363,0.976954908295639,0.0441169844957392,0.200000000000007,-0.875281877083464,0.4836131053324,2.284,10.4907963267949,0.215831360934801,0.460885597686908,0.544999999999711,0.0450782966496396,0.459747227953484,0.99635193309026,-1.64313007644523e-16,0.160037436625581,1.17e-05
8.94,-0.884417879283903,0.446565590157822,2.288,10.4960873402099,0.976697425243755,0.0435723222585427,0.199999999999903,-0.884778443845253,0.466011915412871,2.288,10.5107963267949,0.216229957177004,0.46069514906344,0.545000000000277,0.0450782629668992,0.459409271245083,0.996159316651871,-1.64313007644523e-16,0.160331616357282,5.8e-06
8.96,-0.89283648469716,0.428920674764768,2.292,10.5161022399751,0.976447535574618,0.0430291047759091,0.200000000000003,-0.893921111026392,0.448224326940585,2.292,10.5307963267949,0.216628180072982,0.460510070440172,0.545000000000231,0.0450782293181595,0.459076739337005,0.995961970532705,-1.28785870856518e-16,0.160625498093678,5.3e-06
8.98,-0.900907714390339,0.411120105070285,2.296,10.5361171246473,0.976205178283503,0.0424873943912275,0.200000000000086,-0.90270622168191,0.430257454713769,2.296,10.5507963267949,0.217025974686249,0.460330322715079,0.544999999999778,0.045078195703389,0.458749637129429,0.995759997124206,-1.28785870856518e-16,0.16091908213663,7.1e-06
9,-0.908628745088513,0.393170565180359,2.3,10.5561319942418,0.975970292018541,0.0419472525353393,0.200000000000006,-0.911130261884677,0.412118485241757,2.3,10.5707963267949,0.217423286772127,0.460155866467225,0.544999999999711,0.0450781621228452,0.458427968564254,0.99555349812045,-1.73194791841524e-16,0.161212368787692,5.4e-06
9.02,-0.915996877221865,0.375078789861252,2.304,10.5761468487738,0.97574281509354,0.0414087397272501,0.199999999999902,-0.919189862130932,0.393814673870488,2.304,10.5907963267949,0.217820062776853,0.459986661966387,0.545000000000277,0.0450781285762331,0.458111736635697,0.99534257451282,-1.73194791841524e-16,0.161505358348114,5.4e-06
9.04,-0.923009535852078,0.35685156240494,2.308,10.5961616882587,0.975522685500657,0.0408719155749902,0.200000000000002,-0.926881798688036,0.375353341880461,2.308,10.6107963267949,0.218216249838495,0.459822669182369,0.545000000000231,0.0450780950635251,0.457800943400904,0.99512732658484,-1.37667655053519e-16,0.161798051118839,9.1e-06
9.06,-0.929664271566866,0.338495712476034,2.312,10.6161765127115,0.975309840922996,0.0403368387766119,0.200000000000085,-0.934202994883924,0.356741873558329,2.312,10.6307963267949,0.218611795786529,0.459663847794381,0.544999999999778,0.0450780615847917,0.457495589990597,0.994907853907156,-1.37667655053519e-16,0.162090447400506,8.4e-06
9.08,-0.935958761342196,0.320018113940477,2.316,10.6361913221477,0.975104218747092,0.0398035671213133,0.200000000000005,-0.941150522337732,0.337987713243268,2.316,10.6507963267949,0.219006649143167,0.459510157200319,0.544999999999711,0.0450780281401591,0.457195676619735,0.994684255332667,-1.82076576038526e-16,0.16238254749345,6.5e-06
9.1,-0.941890809371746,0.30142568267633,2.32,10.6562061165823,0.974905756075339,0.0392721574906894,0.199999999999901,-0.947721602131112,0.319098362349352,2.32,10.6707963267949,0.219400759121933,0.45936155652594,0.545000000000277,0.0450779947292392,0.456901202598201,0.994456628991809,-1.82076576038526e-16,0.162674351697702,6.7e-06
9.12,-0.947458347863146,0.282725374367005,2.324,10.6762208960306,0.97471438973827,0.0387426658601224,0.200000000000001,-0.953913605919759,0.300081376365083,2.324,10.6907963267949,0.219794075628394,0.459218004634135,0.545000000000231,0.0450779613522397,0.4566121663415,0.994225072287984,-1.46549439250521e-16,0.162965860312988,5.6e-06
9.14,-0.952659437800554,0.263924182277277,2.328,10.6962356605078,0.974530056306772,0.0382151473003003,0.200000000000084,-0.959724056984716,0.280944361831302,2.328,10.7107963267949,0.220186549259013,0.4590794601339,0.544999999999836,0.0450779280089084,0.456328565381485,0.993989681893138,-1.37667655053519e-16,0.16325707363873,5.5e-06
9.16,-0.957492269673089,0.245029135012445,2.332,10.716250410029,0.974352692104161,0.0376896559788557,0.200000000000024,-0.965150631223029,0.261694973298663,2.332,10.7307963267949,0.220578131302245,0.458945881389396,0.544999999999656,0.0450778946993609,0.456050396377084,0.993750553743487,-1.82076576038526e-16,0.163547991974049,5.1e-06
9.18,-0.96195516416868,0.226047294261031,2.336,10.7362651446093,0.97418223321822,0.0371662451621305,0.1999999999999,-0.970191158077357,0.242340910265924,2.336,10.7507963267949,0.220968773736641,0.458817226528898,0.545000000000277,0.0450778614236764,0.45577765512505,0.993507783035389,-1.82076576038526e-16,0.16383861561776,5.2e-06
9.2,-0.966046572832859,0.206985752521388,2.34,10.756279864264,0.974018615513077,0.0366449672170567,0.2,-0.974843621404164,0.222889914100246,2.34,10.7707963267949,0.221358429231094,0.45869345345381,0.545000000000231,0.045077828181848,0.455510336570717,0.993261464221356,-1.46549439250521e-16,0.164128944868377,5.3e-06
9.22,-0.969765078692042,0.187851630812661,2.344,10.7762945690081,0.97386177464101,0.0361258736131658,0.200000000000083,-0.97910616028015,0.203349764940756,2.344,10.7907963267949,0.22174705114341,0.458574519847251,0.544999999999836,0.045077794973486,0.455248434818766,0.993011691006219,-1.37667655053519e-16,0.164418980024113,8.5e-06
9.24,-0.973109396840831,0.16865207637049,2.348,10.7963092588568,0.973711646054123,0.0356090149247176,0.200000000000024,-0.982977069746599,0.183728278586583,2.348,10.8107963267949,0.222134593520844,0.458460383183028,0.544999999999656,0.0450777617985583,0.454991943143994,0.992758556343426,-1.82076576038526e-16,0.164708721382876,5.9e-06
9.26,-0.976078374992887,0.149394260327924,2.352,10.816323933825,0.973568165015966,0.0350944408329542,0.1999999999999,-0.986454801491336,0.164033303370653,2.352,10.8307963267949,0.222521011097978,0.458351000734139,0.545000000000277,0.0450777286574659,0.4547408540021,0.99250215243149,-1.82076576038526e-16,0.164998169242274,5.5e-06
9.28,-0.978670993994896,0.130085375381992,2.356,10.836338593928,0.973431266613008,0.0345822001284456,0.2,-0.989537964468031,0.144272717020457,2.356,10.8507963267949,0.222906259296331,0.45824632958153,0.545000000000173,0.0450776955501642,0.454495159040456,0.992242570710571,-1.55431223447522e-16,0.165287323899612,5.2e-06
9.3,-0.980886368303202,0.110732633446397,2.36,10.8563532391807,0.973300885766023,0.0340723407135557,0.200000000000062,-0.992225325452603,0.124454423507062,2.36,10.8707963267949,0.223290294223324,0.45814632662261,0.545000000000006,0.0450776624762231,0.454254849108898,0.991979901859207,-1.28785870856518e-16,0.165576185651897,5.7e-06
9.32,-0.982723746422615,0.0913432632908365,2.364,10.8763678695982,0.973176957241372,0.0335649096050374,0.200000000000064,-0.994515809536489,0.104586349883635,2.364,10.8907963267949,0.223673072670509,0.458050948579627,0.54499999999966,0.0450776294354702,0.454019914270507,0.991714235791173,-1.55431223447522e-16,0.165864754795832,5.8e-06
9.34,-0.984182511306974,0.0719245081674478,2.368,10.8963824851955,0.973059415662155,0.0330599529367345,0.199999999999942,-0.996408500556594,0.0846764431147214,2.368,10.9107963267949,0.224054552113668,0.457960152008144,0.545000000000109,0.0450775964285397,0.453790343812388,0.991445661652486,-1.64313007644523e-16,0.16615303162782,5.6e-06
9.36,-0.985262180721001,0.0524836234248949,2.372,10.9163970859876,0.972948195519317,0.0325575159623732,0.199999999999981,-0.997902641461745,0.0647326668975659,2.372,10.9307963267949,0.224434690710066,0.457873893305482,0.545000000000171,0.0450775634550144,0.453566126256449,0.991174267818543,-1.46549439250521e-16,0.166441016443965,6.3e-06
9.38,-0.985962407563005,0.0330278741106455,2.376,10.9364116719896,0.972843231182581,0.0320576430584699,0.200000000000043,-0.998997634615504,0.0447629984767403,2.376,10.9507963267949,0.224813447297915,0.45779212871867,0.545000000000177,0.0450775305149268,0.453347249370174,0.990900141891397,-1.02140518265514e-16,0.166728709540071,1.54e-05
9.4,-0.986282980148002,0.0135645325619858,2.38,10.9564262432164,0.972744456911318,0.0315603777273448,0.200000000000106,-0.999693042035206,0.0247754254533578,2.38,10.9707963267949,0.22519078139399,0.457714814352983,0.544999999999607,0.0450774976079311,0.453133700177388,0.990623370697165,-1.19904086659517e-16,0.16701611121164,5.6e-06
9.42,-0.986223822450808,-0.00589912401365354,2.384,10.976440799683,0.972651806865269,0.0310657626002508,0.199999999999965,-0.999988585567158,0.00477794259012851,2.384,10.9907963267949,0.225566653193439,0.457641906179832,0.544999999999938,0.0450774647344742,0.452925464969015,0.990344040283572,-1.46549439250521e-16,0.167303221753877,6.9e-06
9.44,-0.985784994308696,-0.0253558159684715,2.388,10.9964553414043,0.972565215115223,0.0305738394405855,0.199999999999942,-0.999884146997886,-0.0152214513864317,2.388,11.0107963267949,0.225941023566704,0.457573360044768,0.545000000000166,0.0450774318942729,0.452722529313822,0.990062235917627,-1.46549439250521e-16,0.167590041461689,5.8e-06
9.46,-0.984966691583176,-0.0447982636535677,2.392,11.0164698683953,0.972484615653524,0.0300846491472002,0.200000000000002,-0.999379768101426,-0.0352147569853874,2.392,11.0307963267949,0.226313854058429,0.457509131675759,0.545000000000231,0.045077399087457,0.452524878069161,0.98977804208343,-1.11022302462516e-16,0.16787657062968,8.7e-06
9.48,-0.983769246280495,-0.064219189867089,2.396,11.0364843806709,0.972409942404502,0.0295982317578274,0.200000000000085,-0.998475650622611,-0.0551939771510745,2.396,11.0507963267949,0.226685106885611,0.457449176690667,0.544999999999778,0.0450773663137847,0.452332495391682,0.989491542480109,-1.11022302462516e-16,0.16816280955216,5.3e-06
9.5,-0.982193126630458,-0.0836113223106134,2.4,11.056498878246,0.972341129234795,0.0291146264525855,0.200000000000005,-0.997172156196378,-0.0751511204618093,2.4,11.0707963267949,0.227054744934996,0.457393450605381,0.544999999999827,0.045077333573239,0.45214536474805,0.989202820019885,-1.37667655053519e-16,0.168448758523138,5.5e-06
9.52,-0.98023893712316,-0.102967396053118,2.404,11.0765133611354,0.972278109963532,0.0286338715575947,0.199999999999943,-0.995469806203119,-0.095078204326361,2.404,11.0907963267949,0.227422731762403,0.457341908841372,0.545000000000166,0.0450773008659007,0.451963468925629,0.988911956826272,-1.37667655053519e-16,0.168734417836327,1.23e-05
9.54,-0.977907418503252,-0.122280156001862,2.408,11.0965278293542,0.972220818372465,0.0281560045486699,0.200000000000003,-0.993369281560131,-0.114967258176875,2.408,11.1107963267949,0.227789031589281,0.457294506733531,0.545000000000231,0.0450772681917641,0.451786790043159,0.988619034232394,-1.02140518265514e-16,0.169019787785142,7.2e-06
9.56,-0.975199447721359,-0.141542359379497,2.412,11.116542282917,0.972169188215936,0.0276810620551131,0.200000000000086,-0.990871422449267,-0.134810326656995,2.412,11.1307963267949,0.228153609301315,0.457251199537558,0.544999999999778,0.0450772355506817,0.451615309561408,0.988324132779434,-1.02140518265514e-16,0.169304868662699,6.2e-06
9.58,-0.972116037842285,-0.1607467782067,2.416,11.1365567218389,0.972123153230767,0.0272090798635906,0.200000000000006,-0.987977227980866,-0.154599472803899,2.416,11.1507963267949,0.228516430445401,0.457211942437636,0.544999999999827,0.045077202942594,0.451449008293805,0.988027332215208,-1.28785870856518e-16,0.16958966076182,5.4e-06
9.6,-0.968658337909644,-0.179886201789617,2.42,11.1565711461345,0.972082647146006,0.026740092922106,0.199999999999943,-0.984687855794127,-0.17432678122298,2.42,11.1707963267949,0.228877461228649,0.457176690553841,0.545000000000166,0.0450771703677273,0.451287866417055,0.987728711492859,-1.28785870856518e-16,0.169874164375028,5.6e-06
9.62,-0.964827632766579,-0.19895343921138,2.424,11.1765855558187,0.972047603692622,0.0262741353440497,0.200000000000003,-0.981004621594066,-0.193984361253897,2.424,11.1907963267949,0.229236668514585,0.457145398949457,0.545000000000231,0.0450771378257534,0.45113186348172,0.98742834876968,-9.32587340685132e-17,0.170158379794552,5.7e-06
9.64,-0.960625342832233,-0.217941321826944,2.428,11.1965999509064,0.972017956613025,0.0258112404123368,0.200000000000086,-0.976928998625256,-0.213564350126737,2.428,11.2107963267949,0.229594019821446,0.45711802263834,0.544999999999778,0.0450771053166084,0.450980978422786,0.987126321406047,-9.32587340685132e-17,0.170442307312322,5.1e-06
9.66,-0.956053023833652,-0.236842705760484,2.432,11.2166143314123,0.971993639670519,0.025351440583637,0.200000000000006,-0.97246261708254,-0.233058916107014,2.432,11.2307963267949,0.229949483319504,0.457094516592032,0.544999999999827,0.0450770728404678,0.450835189570197,0.986822705964485,-1.19904086659517e-16,0.170725947219975,5.5e-06
9.68,-0.95111236649281,-0.255650474404574,2.436,11.2366286973511,0.971974586658627,0.0248947674926693,0.199999999999944,-0.967607263458988,-0.252460261628258,2.436,11.2507963267949,0.230303027827893,0.457074835746984,0.545000000000166,0.0450770403972836,0.450694474659362,0.986517578208845,-1.19904086659517e-16,0.171009299808851,5.4e-06
9.7,-0.945805196168475,-0.274357540920351,2.44,11.2566430487377,0.971960731410293,0.0244412519565814,0.200000000000004,-0.96236487983131,-0.271760626410942,2.44,11.2707963267949,0.230654622813152,0.45705893501163,0.545000000000231,0.0450770079870067,0.450558810841639,0.9862110131036,-8.43769498715119e-17,0.171292365369995,5.3e-06
9.72,-0.940133472452622,-0.292956850737849,2.444,11.2766573855867,0.971952007807018,0.0239909239794115,0.200000000000087,-0.956737563083061,-0.290952290566489,2.444,11.2907963267949,0.231004238385167,0.457046769273262,0.544999999999778,0.0450769756094432,0.450428174694775,0.985903084813262,-8.43769498715119e-17,0.171575144194158,1.4e-05
9.74,-0.934099288721147,-0.311441384055689,2.448,11.296671707913,0.971948349787832,0.0235438127566249,0.200000000000007,-0.950727564065908,-0.310027577685123,2.448,11.3107963267949,0.231351845295193,0.457038293405011,0.544999999999827,0.045076943264771,0.450302542233331,0.985593866701908,-1.11022302462516e-16,0.171857636571797,8.3e-06
9.76,-0.92770487163862,-0.329804158339291,2.452,11.3166860157311,0.971949691358193,0.0230999466797231,0.199999999999945,-0.944337286699328,-0.328978857906327,2.452,11.3307963267949,0.231697414932088,0.457033462272722,0.545000000000166,0.0450769109528494,0.45018188891906,0.985283431332825,-1.11022302462516e-16,0.172139842793072,5.6e-06
9.78,-0.920952580616854,-0.348038230816739,2.456,11.3367003090559,0.971955966598736,0.0226593533409274,0.200000000000004,-0.937569287009064,-0.347798550970695,2.456,11.3507963267949,0.232040919320686,0.457032230741573,0.545000000000231,0.0450768786736251,0.450066189671259,0.984971850468265,-7.54951656745107e-17,0.172421763147852,6.1e-06
9.8,-0.913844907227074,-0.366136700971455,2.46,11.356714587902,0.97196710967397,0.0222220595379326,0.200000000000087,-0.930426272104754,-0.366479129251927,2.46,11.3707963267949,0.232382331117497,0.457034553682896,0.544999999999778,0.045076846427092,0.449955418877085,0.984659195069317,-7.54951656745107e-17,0.17270339792571,5e-06
9.82,-0.906384474565485,-0.384092713030801,2.464,11.376728852284,0.971983054840806,0.0217880912787336,0.200000000000008,-0.922911099097119,-0.385013120767783,2.464,11.3907963267949,0.232721623608384,0.457040385980632,0.544999999999827,0.0450768142131989,0.449849550401825,0.984345535295882,-1.02140518265514e-16,0.172984747415929,4.9e-06
9.84,-0.898574036572067,-0.401899458449708,2.468,11.3967431022166,0.972003736457008,0.0213574737865149,0.199999999999945,-0.915026773955164,-0.40339311216877,2.468,11.4107963267949,0.233058770704588,0.457049682537917,0.545000000000166,0.0450767820319893,0.449748557599146,0.984030940506767,-1.02140518265514e-16,0.173265811907495,4.6e-06
9.86,-0.890416477302434,-0.419550178388447,2.472,11.4167573377144,0.972029088989501,0.0209302315046078,0.200000000000005,-0.906776450303821,-0.421611751703392,2.472,11.4307963267949,0.23339374694093,0.4570623982836,0.545000000000231,0.0450767498834173,0.449652413321284,0.983715479259876,-6.66133814775094e-17,0.173546591689104,4.3e-06
9.88,-0.881914810152601,-0.437038166183622,2.476,11.4367715587922,0.972059047022622,0.0205063881015165,0.200000000000088,-0.898163428162547,-0.439661752158748,2.476,11.4507963267949,0.233726527471137,0.457078488178425,0.544999999999778,0.0450767177673399,0.449561089929212,0.98339921931252,-6.66133814775094e-17,0.173827087049159,4.4e-06
9.9,-0.873072177036557,-0.454356769811465,2.48,11.4567857654644,0.972093545266204,0.0200859664760032,0.200000000000008,-0.889191152625361,-0.457535893775321,2.48,11.4707963267949,0.234057088065357,0.457097907221492,0.544999999999827,0.0450766856837985,0.449474559302756,0.983082227621826,-9.32587340685132e-17,0.174107298275769,4.6e-06
9.92,-0.863891847516528,-0.47149939434249,2.484,11.4767999577456,0.972132518563584,0.0196689887622413,0.199999999999946,-0.879863212482849,-0.47522702713478,2.484,11.4907963267949,0.234385405105951,0.457120610456326,0.545000000000166,0.0450766536327447,0.449392792850671,0.982764570345249,-9.32587340685132e-17,0.174387225656755,1.55e-05
9.94,-0.854377217885845,-0.488459504386578,2.488,11.4968141356505,0.972175901899463,0.0192554763350205,0.200000000000006,-0.870183338786697,-0.49272807601966,2.488,11.5107963267949,0.234711455585437,0.457146552977121,0.545000000000231,0.0450766216141771,0.449315761520672,0.982446312841196,-5.77315972805082e-17,0.174666869479643,5.7e-06
9.96,-0.844531810204365,-0.505230626527526,2.492,11.5168282991936,0.972223630407718,0.0188454498150173,0.200000000000089,-0.860155403357321,-0.510032040243753,2.492,11.5307963267949,0.235035217101619,0.457175689934658,0.544999999999778,0.0450765896281456,0.449243435809426,0.982127519669741,-5.77315972805082e-17,0.174946230031668,5.2e-06
9.98,-0.834359271286387,-0.5218063517461,2.496,11.5368424483895,0.972275639379039,0.0184389290741142,0.200000000000009,-0.849783417235186,-0.527131998452086,2.496,11.5507963267949,0.235356667854875,0.457207976542395,0.544999999999827,0.0450765576745143,0.44917578577249,0.981808254593453,-8.43769498715119e-17,0.175225307599777,5e-06
10,-0.823863371641059,-0.538180337830626,2.5,11.5568565832526,0.972331864268497,0.0180359332407838,0.199999999999946,-0.839071529076452,-0.54402111088937,2.5,11.5707963267949,0.235675786643696,0.45724336808235,0.545000000000166,0.0450765257529959,0.449112781034208,0.981488580578314,-8.43769498715119e-17,0.175504102470622,5e-06
10.02,-0.813048004365272,-0.554346311774133,2.504,11.5768707037976,0.972392240702959,0.0176364807055325,0.200000000000006,-0.82802402349356,-0.560692622135816,2.504,11.5907963267949,0.235992552862515,0.457281819910779,0.545000000000231,0.0450764938639079,0.449054390797561,0.98116855979474,-4.88498130835069e-17,0.175782614930569,5.4e-06
10.04,-0.801917183989052,-0.570298072157072,2.508,11.5968848100388,0.972456704488457,0.0172405891263819,0.200000000000089,-0.816645319341443,-0.57713986380921,2.508,11.6107963267949,0.236306946496555,0.457323287464148,0.544999999999778,0.0450764620072602,0.449000583853961,0.980848253618701,-4.88498130835069e-17,0.17606084526569,5.3e-06
10.06,-0.790475045273518,-0.586029491514598,2.512,11.6168989019909,0.972525191617387,0.0168482754344049,0.200000000000009,-0.804939967950047,-0.593356257232177,2.512,11.6307963267949,0.236618948118896,0.457367726264525,0.544999999999769,0.0450764301829699,0.448951328593006,0.980527722632936,-8.43769498715119e-17,0.17633879376177,5.6e-06
10.08,-0.778725841961462,-0.601534518687438,2.516,11.6369129796682,0.972597638275634,0.0164595558393096,0.199999999999926,-0.792912651303862,-0.609335316063561,2.516,11.6507963267949,0.236928538885872,0.457415091925355,0.545000000000222,0.0450763983906138,0.448906593012175,0.980207026628259,-8.43769498715119e-17,0.176616460704304,5.3e-06
10.1,-0.766673945480642,-0.616807181155322,2.52,11.6569270430853,0.972673980849545,0.0160744458350886,0.200000000000006,-0.780568180169184,-0.625070648892882,2.52,11.6707963267949,0.237235700534759,0.457465340156931,0.545000000000231,0.0450763666305554,0.448866344726475,0.979886224604964,-4.88498130835069e-17,0.176893846378497,5.5e-06
10.12,-0.754323843599909,-0.631841587351976,2.524,11.6769410922565,0.972754155932863,0.0156929602057037,0.200000000000089,-0.767911492169875,-0.64055596179681,2.524,11.6907963267949,0.237540415378249,0.457518426771715,0.544999999999778,0.0450763349027582,0.448830550978037,0.979565374774322,-4.88498130835069e-17,0.177170951069264,4.8e-06
10.14,-0.741680139038311,-0.646631928960661,2.528,11.6969551271963,0.972838100333481,0.0153151130308032,0.200000000000009,-0.754947649812381,-0.655785060856652,2.528,11.7107963267949,0.237842666301472,0.457574307689859,0.544999999999769,0.0450763032071851,0.448799178645656,0.979244534560166,-8.43769498715119e-17,0.177447775061235,4.8e-06
10.16,-0.728747548027327,-0.661172483189229,2.532,11.7169691479192,0.972925751080129,0.0149409176915002,0.199999999999926,-0.741681838460795,-0.670751854635837,2.532,11.7307963267949,0.238142436757819,0.457632938944258,0.545000000000222,0.0450762715435587,0.448772194254281,0.978923760600572,-8.43769498715119e-17,0.177724318638749,5.8e-06
10.18,-0.715530898826428,-0.675457615023695,2.536,11.7369831544395,0.97301704542894,0.0145703868761886,0.200000000000006,-0.728119364262786,-0.685450356616405,2.536,11.7507963267949,0.238439710764376,0.457694276685943,0.545000000000231,0.0450762399118715,0.44874956398444,0.978603108749619,-4.88498130835069e-17,0.178000582085857,7.7e-06
10.2,-0.702035130192176,-0.689481779459273,2.54,11.7569971467716,0.973111920869881,0.0142035325864081,0.200000000000089,-0.7142656520272,-0.699874687593542,2.54,11.7707963267949,0.238734472899302,0.457758277189071,0.544999999999778,0.0450762083125505,0.448731253681624,0.97828263407925,-4.88498130835069e-17,0.178276565686322,6e-06
10.22,-0.688265289801098,-0.703239523707877,2.544,11.7770111249299,0.973210315133144,0.0138403661427281,0.200000000000009,-0.700126243054219,-0.714019078027181,2.544,11.7907963267949,0.239026708296081,0.457824896856021,0.544999999999769,0.0450761767451468,0.448717228865598,0.977962390881205,-8.43769498715119e-17,0.178552269723622,5.2e-06
10.24,-0.674226532626597,-0.71672548938104,2.548,11.7970250889287,0.973312166195356,0.0134808981906832,0.199999999999925,-0.685706792918906,-0.727877870349737,2.548,11.8107963267949,0.239316402640601,0.457894092222333,0.545000000000222,0.0450761452096111,0.44870745473967,0.977642432669055,-8.43769498715119e-17,0.178827694480945,5.1e-06
10.26,-0.659924119270189,-0.729934414647229,2.552,11.8170390387825,0.973417412285725,0.0131251387067538,0.200000000000005,-0.671013069209063,-0.74144552122906,2.552,11.8307963267949,0.239603542165929,0.457965819961552,0.545000000000231,0.0450761137059414,0.448701896199886,0.977322812180304,-4.88498130835069e-17,0.179102840241194,5.2e-06
10.28,-0.64536341424738,-0.742861136362529,2.556,11.8370529745054,0.973525991892046,0.0127730970043712,0.200000000000088,-0.656050949218258,-0.754716603785701,2.556,11.8507963267949,0.239888113649487,0.458040036890133,0.544999999999778,0.045076082234379,0.448700517844182,0.977003581378586,-4.88498130835069e-17,0.179377707286984,5e-06
10.3,-0.630549884228517,-0.755500592173678,2.56,11.8570668961118,0.973637843766647,0.0124247817399545,0.200000000000008,-0.640826417594995,-0.767685809763581,2.56,11.8707963267949,0.240170104407548,0.458116699972052,0.544999999999769,0.045076050794755,0.448703283981462,0.976684791455936,-8.43769498715119e-17,0.179652295900645,5.9e-06
10.32,-0.615489096234991,-0.767847822592399,2.564,11.8770808036161,0.973752906932181,0.01208020091898,0.199999999999925,-0.62534556394893,-0.780347951653232,2.564,11.8907963267949,0.240449502291769,0.458195766323569,0.545000000000222,0.0450760193868409,0.448710158640623,0.976366492835149,-8.43769498715119e-17,0.17992660636422,5.7e-06
10.34,-0.600186715791156,-0.779897973040047,2.568,11.8970946970325,0.973871120687344,0.0117393619020963,0.200000000000005,-0.609614580415118,-0.79269796476672,2.568,11.9107963267949,0.240726295683946,0.458277193217693,0.545000000000231,0.0450759880106824,0.448721105579519,0.976048735172209,-4.88498130835069e-17,0.180200638959467,6e-06
10.36,-0.584648505032412,-0.791646295861511,2.572,11.9171085763753,0.973992424612447,0.0114022714112597,0.200000000000088,-0.593639759177225,-0.804730909263467,2.572,11.9307963267949,0.241000473493196,0.458360938088793,0.544999999999778,0.045075956666188,0.448736088293858,0.975731567358803,-4.88498130835069e-17,0.180474393967859,5.7e-06
10.38,-0.568880320769869,-0.803088152307385,2.576,11.9371224416587,0.974116758574946,0.0110689355359005,0.200000000000008,-0.577427489950752,-0.816441972126111,2.576,11.9507963267949,0.241272025150188,0.458446958536938,0.544999999999769,0.0450759253538378,0.448755070026042,0.975415037524907,-8.43769498715119e-17,0.180747871670582,5.7e-06
10.4,-0.552888112512074,-0.814219014483373,2.58,11.957136292897,0.974244062734806,0.0107393597391036,0.199999999999925,-0.560984257427229,-0.827826469085654,2.58,11.9707963267949,0.241540940603581,0.458535212332291,0.545000000000222,0.0450758940731443,0.448778013773939,0.975099193041452,-8.43769498715119e-17,0.181021072348539,5.6e-06
10.42,-0.536677920444278,-0.825034467265941,2.584,11.9771501301044,0.974374277549799,0.0104135488638274,0.200000000000005,-0.544316638680426,-0.8388798464951,2.584,11.9907963267949,0.241807210314617,0.458625657419328,0.545000000000231,0.0450758628239199,0.448804882299597,0.974784080523064,-4.88498130835069e-17,0.181293996282348,5.7e-06
10.44,-0.52025587336579,-0.835530210183201,2.588,11.9971639532952,0.974507343780654,0.0100915071391586,0.200000000000088,-0.52743130053561,-0.849597683150864,2.588,12.0107963267949,0.242070825254345,0.45871825192107,0.544999999999778,0.0450758316061579,0.448835638137883,0.974469745830869,-4.88498130835069e-17,0.181566643752342,1.01e-05
10.46,-0.503628186585932,-0.845702059260035,2.592,12.0171777624834,0.97464320249617,0.00977323818658064,0.200000000000008,-0.510334996902903,-0.859975692061185,2.592,12.0307963267949,0.242331776897509,0.458812954143295,0.544999999999769,0.0450758004204312,0.448870243605069,0.974156234075381,-8.43769498715119e-17,0.181839015038571,6.3e-06
10.48,-0.486801159779184,-0.855545948826479,2.596,12.0371915576834,0.974781795078163,0.00945874502625319,0.199999999999925,-0.493034566075809,-0.870009722160873,2.596,12.0507963267949,0.242590057218997,0.458909722578389,0.545000000000222,0.0450757692663514,0.448908660807346,0.973843589619457,-8.43769498715119e-17,0.182111110420801,5.8e-06
10.5,-0.469781174800121,-0.865057933288375,2.6,12.0572053389092,0.974923063226347,0.00914803008331318,0.200000000000004,-0.475536927995993,-0.87969575997167,2.6,12.0707963267949,0.24284565868846,0.459008515909469,0.545000000000231,0.045075738143502,0.448950851649268,0.973531856081315,-4.88498130835069e-17,0.182382930178515,6.3e-06
10.52,-0.45257469345874,-0.874234188859339,2.604,12.0772191061751,0.975066948963074,0.00884109519422354,0.200000000000087,-0.457849081485386,-0.889029931207599,2.604,12.0907963267949,0.243098574267167,0.459109293014211,0.544999999999778,0.0450757070522534,0.448996777842139,0.973221076337629,-4.88498130835069e-17,0.182654474590911,5.2e-06
10.54,-0.435188255256856,-0.883071015253063,2.608,12.0972328594951,0.975213394638034,0.00853794161311972,0.200000000000008,-0.439978101446758,-0.89800850232462,2.608,12.1107963267949,0.243348797401956,0.45921201296875,0.544999999999769,0.0450756759925285,0.449046400912324,0.972911292526691,-8.43769498715119e-17,0.182925743936907,5.6e-06
10.56,-0.417628475086211,-0.891564837335019,2.612,12.1172465988834,0.97536234293279,0.0082385700181704,0.199999999999924,-0.421931136033846,-0.906627882013998,2.612,12.1307963267949,0.243596322021605,0.459316635051339,0.545000000000222,0.0450756449643906,0.449099682209496,0.972602546051627,-8.43769498715119e-17,0.183196738495136,5.2e-06
10.58,-0.399902040889016,-0.899712206732609,2.616,12.1372603243542,0.975513736865251,0.0079429805179576,0.200000000000004,-0.403715403792196,-0.914884622638781,2.616,12.1507963267949,0.243841142531326,0.45942311874605,0.545000000000231,0.0450756139675749,0.449156582914813,0.972294877583696,-4.88498130835069e-17,0.183467458543951,5.1e-06
10.6,-0.382015711281641,-0.907509803402844,2.62,12.1572740359214,0.975667519794012,0.00765117265787723,0.200000000000087,-0.38533819077183,-0.922775421612807,2.62,12.1707963267949,0.244083253809451,0.459531423746424,0.544999999999778,0.0450755830021825,0.449217064049026,0.971988327065637,-4.88498130835069e-17,0.183737904361421,4.9e-06
10.62,-0.363976313142195,-0.914954437156638,2.624,12.1772877335992,0.975823635422642,0.00736314542655384,0.200000000000007,-0.366806847612928,-0.930297122721696,2.624,12.1907963267949,0.244322651201502,0.459641509958955,0.544999999999769,0.0450755520680376,0.449281086480522,0.971682933715086,-8.43769498715119e-17,0.184008076225334,4.8e-06
10.64,-0.345790739162787,-0.922043049138799,2.628,12.1973014174017,0.975982027803823,0.00707889726226447,0.199999999999924,-0.348128786605673,-0.937446717385293,2.628,12.2107963267949,0.244559330516286,0.459753337506563,0.545000000000222,0.0450755211654338,0.449348610933291,0.971378736028055,-8.43769498715119e-17,0.184277974413197,4.9e-06
10.66,-0.327465945367241,-0.928772713262845,2.632,12.2173150873429,0.97614264134342,0.0067984260593704,0.200000000000004,-0.329311478725432,-0.944221345861059,2.632,12.2307963267949,0.244793288020383,0.45986686673198,0.545000000000231,0.0450754902940183,0.449419597994826,0.971075771782463,-4.88498130835069e-17,0.184547599202237,6.5e-06
10.68,-0.309008948595105,-0.935140637599756,2.636,12.2373287434369,0.976305420804423,0.00652172917476398,0.200000000000087,-0.310362450644462,-0.95061829838793,2.636,12.2507963267949,0.245024520434858,0.45998205820106,0.544999999999778,0.0450754594537496,0.44949400812395,0.970774078041738,-4.88498130835069e-17,0.184816950869397,5.6e-06
10.7,-0.2904268239528,-0.941144165719822,2.64,12.2573423856976,0.97647031131084,0.00624880343433104,0.200000000000007,-0.291289281721345,-0.956635016270188,2.64,12.2707963267949,0.245253024929129,0.460098872705991,0.544999999999769,0.0450754286449222,0.449571801658577,0.970473691158468,-8.43769498715119e-17,0.185086029691342,5.3e-06
10.72,-0.271726702232755,-0.946780777986713,2.644,12.2773560141392,0.976637258351444,0.00597964513940607,0.199999999999924,-0.272099600969346,-0.962269092900901,2.644,12.2907963267949,0.245478799116906,0.46021727126857,0.545000000000164,0.0450753978673764,0.449652938823397,0.970174646778109,-9.32587340685132e-17,0.185354835944456,5e-06
10.74,-0.252915767301453,-0.952048092802977,2.648,12.2973696287755,0.976806207783442,0.00571425007324248,0.199999999999983,-0.252801084004902,-0.967518274724538,2.648,12.3107963267949,0.245701841051488,0.460337215143127,0.545000000000286,0.0450753671208462,0.449737379737489,0.969876979842751,-5.77315972805082e-17,0.185623369904844,5e-06
10.76,-0.234001253457273,-0.956943867806132,2.652,12.3173832296206,0.97697710583606,0.0054526135074931,0.200000000000086,-0.233401449977495,-0.972380462138356,2.652,12.3307963267949,0.245922149220287,0.46045866581977,0.544999999999893,0.0450753364054318,0.449825084421868,0.969580724594941,-3.99680288865057e-17,0.185891631848329,4.8e-06
10.78,-0.214990442759084,-0.961466001014568,2.656,12.3373968166885,0.977149899113987,0.00519473020869847,0.200000000000048,-0.213908458482075,-0.976853710332219,2.656,12.3507963267949,0.246139722541446,0.460581585027138,0.544999999999716,0.0450753057211972,0.449916012806948,0.969285914581552,-6.66133814775094e-17,0.186159622050457,5e-06
10.8,-0.195890662326547,-0.965612531922486,2.66,12.3574103899931,0.977324534600801,0.0049405944447635,0.199999999999945,-0.194329906455337,-0.980936230066491,2.66,12.3707963267949,0.246354560357686,0.460705934735399,0.545000000000051,0.0450752750680215,0.450010124739945,0.968992582657706,-8.43769498715119e-17,0.186427340786493,5.7e-06
10.82,-0.176709281613092,-0.969381642543122,2.664,12.3774239495483,0.977500959662221,0.0046901999914462,0.199999999999963,-0.174673625057045,-0.984626388387713,2.664,12.3907963267949,0.246566662432313,0.460831677159094,0.545000000000284,0.0450752444459215,0.450107379992198,0.968700760990757,-5.77315972805082e-17,0.186694788331425,5e-06
10.84,-0.157453709652597,-0.972771658399508,2.668,12.3974374953681,0.97767912204932,0.0044435401388505,0.200000000000066,-0.154947476537683,-0.987922709281756,2.668,12.4107963267949,0.24677602894362,0.460958774759765,0.545000000000064,0.0450752138547261,0.450207738266421,0.968410481064306,-2.22044604925032e-17,0.186961964959961,4.8e-06
10.86,-0.138131392280773,-0.975781049462072,2.672,12.4174510274664,0.977858969901594,0.00420060769791549,0.200000000000089,-0.135159351093645,-0.990823874264213,2.672,12.4307963267949,0.246982660481458,0.461087190248775,0.544999999999662,0.0450751832946379,0.450311159203879,0.968121773682285,-3.99680288865057e-17,0.187228870946532,4.9e-06
10.88,-0.1187498093323,-0.978408431032373,2.676,12.437464545857,0.978040451750007,0.00396139500690583,0.199999999999968,-0.11531716371127,-0.993328722907773,2.676,12.4507963267949,0.247186558041009,0.461216886589881,0.544999999999822,0.0450751527655901,0.450417602391494,0.967834668973071,-8.43769498715119e-17,0.187495506565289,6.1e-06
10.9,-0.0993164718147923,-0.980652564572297,2.68,12.457478050554,0.978223516519876,0.00372589393789751,0.199999999999903,-0.0954288510009524,-0.995436253306377,2.68,12.4707963267949,0.247387723018676,0.461347827001702,0.54500000000022,0.0450751222674171,0.450527027368867,0.967549196393655,-9.32587340685132e-17,0.187761872090108,5.1e-06
10.92,-0.0798389190606587,-0.982512358478074,2.684,12.4774915415711,0.978408113533702,0.00349409590326599,0.199999999999983,-0.0755023680226002,-0.997145622475965,2.684,12.4907963267949,0.247586157207265,0.461479974960268,0.545000000000286,0.0450750917999914,0.450639393635242,0.967265384733859,-5.77315972805082e-17,0.188027967794584,7.5e-06
10.94,-0.0603247158579668,-0.983986868798479,2.688,12.4975050189221,0.978594192513903,0.00326599186217461,0.200000000000086,-0.0555456851037256,-0.99845614669166,2.688,12.5107963267949,0.247781862790457,0.461613294201419,0.544999999999893,0.0450750613635145,0.450754660656376,0.966983262120588,-3.99680288865057e-17,0.188293793952039,5.4e-06
10.96,-0.040781449561435,-0.985075299896612,2.692,12.5175184826211,0.978781703585435,0.00304157232705034,0.200000000000047,-0.0355667846514069,-0.99936730176125,2.692,12.5307963267949,0.247974842339463,0.4617477487232,0.544999999999716,0.045075030957919,0.450872787871351,0.966702856022132,-6.66133814775094e-17,0.188559350835516,5.3e-06
10.98,-0.0212167271846848,-0.985777005054691,2.696,12.5375319326817,0.97897059727838,0.00282082737005553,0.199999999999945,-0.015573657959447,-0.999878723234854,2.696,12.5507963267949,0.248165098806159,0.461883302788002,0.545000000000109,0.0450750005830383,0.450993734699303,0.966424193252509,-7.54951656745107e-17,0.18882463871778,5.5e-06
11,-0.00163817247491104,-0.986091487021281,2.7,12.5575453691178,0.97916082453036,0.0026037466295557,0.199999999999984,0.00442569798805079,-0.999990206550703,2.7,12.5707963267949,0.248352635520268,0.462019920924874,0.545000000000229,0.0450749702388405,0.451117460546074,0.966147299975847,-4.88498130835069e-17,0.189089657871322,5.4e-06
11.02,0.017946577028857,-0.986018398500441,2.704,12.5775587919432,0.979352336688954,0.00239031931658321,0.200000000000066,0.0244232837153618,-0.999701707116957,2.704,12.5907963267949,0.248537456183058,0.462157567931702,0.544999999999949,0.0450749399257736,0.451243924810793,0.965872201710807,-3.10862446895044e-17,0.189354408568357,5.6e-06
11.04,0.0375298729527168,-0.985557542582285,2.708,12.5975722011716,0.979545085513955,0.00218053422128103,0.200000000000048,0.0444111004548262,-0.999013340329543,2.708,12.6107963267949,0.248719564863094,0.462296208877151,0.544999999999658,0.0450749096431231,0.45137308689238,0.965598923335043,-6.66133814775094e-17,0.189618891080822,1.34e-05
11.06,0.0571040590588713,-0.984708873114464,2.712,12.6175855968169,0.979739023179577,0.00197437971934763,0.199999999999925,0.0643811533462487,-0.997925381525997,2.712,12.6307963267949,0.248898965991347,0.46243580910288,0.545000000000106,0.0450748793910333,0.451504906195977,0.965327489089703,-8.43769498715119e-17,0.189883105680381,5.5e-06
11.08,0.0766614742294061,-0.983472495014128,2.716,12.6375989788929,0.979934102276564,0.00177184377848507,0.199999999999963,0.0843254546347384,-0.996438265875335,2.716,12.6507963267949,0.24907566435645,0.462576334225273,0.545000000000284,0.0450748491697598,0.451639342139295,0.965057922583965,-5.77315972805082e-17,0.190147052638422,5.2e-06
11.1,0.096194455461633,-0.981848664519935,2.72,12.6576123474131,0.980130275814222,0.00157291396480632,0.200000000000066,0.104236026865697,-0.994552588203989,2.72,12.6707963267949,0.249249665099175,0.462717750137525,0.545000000000064,0.0450748189791484,0.451776354158895,0.964790246799607,-2.22044604925031e-17,0.190410732226057,5.7e-06
11.12,0.115695340873752,-0.979837789383707,2.724,12.6776257023915,0.980327497222338,0.0013775774492468,0.200000000000089,0.124104906075706,-0.992269102757886,2.724,12.6907963267949,0.249420973709058,0.462860023011334,0.544999999999662,0.0450747888190355,0.45191590171639,0.964524484095613,-3.99680288865056e-17,0.190674144714125,4.9e-06
11.14,0.135156472719574,-0.97744042900136,2.728,12.6976390438417,0.980525720353073,0.0011858210139664,0.199999999999967,0.143924144977993,-0.989588722900758,2.728,12.7107963267949,0.249589596017598,0.463003119298721,0.544999999999938,0.0450747586893915,0.452057944304563,0.964260656212811,-6.66133814775094e-17,0.190937290373189,4.9e-06
11.16,0.154570200411027,-0.974657294482768,2.732,12.7176523717774,0.98072489948269,0.00099763105873726,0.199999999999945,0.163685816141252,-0.98651252074881,2.732,12.7307963267949,0.249755538195377,0.463147005733715,0.545000000000224,0.0450747285902839,0.452202441453426,0.963998784278547,-5.77315972805082e-17,0.191200169473539,5.3e-06
11.18,0.173928883547171,-0.971489248660238,2.736,12.7376656862122,0.980924989313284,0.000812993607312021,0.200000000000026,0.183382015160503,-0.983041726741888,2.736,12.7507963267949,0.249918806745805,0.463291649333986,0.545000000000233,0.0450746985218363,0.452349352736182,0.963738888811389,-1.33226762955019e-17,0.191462782285192,7.4e-06
11.2,0.193224894948418,-0.967937306035315,2.74,12.75767898716,0.981125944974365,0.000631894313773492,0.200000000000109,0.20300486381875,-0.979177729151317,2.74,12.7707963267949,0.250079408500926,0.463437017402501,0.544999999999607,0.0450746684839439,0.45249863777513,0.963480989725856,-3.10862446895044e-17,0.19172512907789,5.2e-06
11.22,0.212450623694654,-0.964002632663656,2.744,12.7776922746343,0.981327722024391,0.00045431846887626,0.199999999999968,0.222546513238166,-0.974922073524615,2.744,12.7907963267949,0.25023735061645,0.463583077528859,0.54499999999988,0.045074638476065,0.45265025624748,0.963225106337183,-6.66133814775094e-17,0.191987210121103,4.9e-06
11.24,0.231598478165957,-0.959686545977741,2.748,12.7977055486488,0.981530276452206,0.000280251006377905,0.199999999999925,0.241999147019533,-0.97027646206729,2.748,12.8107963267949,0.250392640567007,0.463729797590907,0.545000000000222,0.0450746084986741,0.452804167891099,0.962971257366115,-6.66133814775094e-17,0.192249025684025,4.8e-06
11.26,0.250660889084573,-0.954990514547228,2.752,12.8177188092171,0.981733564678413,0.000109676509345817,0.200000000000004,0.261354984368707,-0.965242752961986,2.752,12.8307963267949,0.250545286141463,0.46387714575616,0.545000000000289,0.0450745785520949,0.452960332510179,0.962719460943719,-2.22044604925031e-17,0.192510576035582,5.2e-06
11.28,0.269630312556829,-0.949916157776779,2.756,12.8377320563528,0.981937543556658,-5.74207835708578e-05,0.200000000000108,0.280606283208818,-0.959822959625228,2.756,12.8507963267949,0.250695295437324,0.464025090482959,0.544999999999722,0.0450745486353817,0.453118709980828,0.962469734616236,-2.22044604925031e-17,0.192771861444424,5.5e-06
11.3,0.288499233113644,-0.944465245541217,2.76,12.8577452900696,0.982142170374816,-0.00022105697186369,0.200000000000008,0.299745343277015,-0.954019249902089,2.76,12.8707963267949,0.250842676857602,0.4641736005219,0.544999999999769,0.0450745187491021,0.453279260256584,0.962222095349947,-5.77315972805081e-17,0.193032882178931,5.7e-06
11.32,0.307260166748286,-0.938639697757909,2.764,12.877758510381,0.982347402856156,-0.000381248486908418,0.199999999999925,0.31876450920445,-0.947833945199076,2.764,12.8907963267949,0.250987439103942,0.464322644917018,0.545000000000222,0.0450744888931513,0.453441943373858,0.961976559536068,-5.77315972805081e-17,0.193293638507209,5.7e-06
11.34,0.325905663950029,-0.932441583896293,2.768,12.8977717173006,0.982553199160353,-0.000538012085747687,0.200000000000005,0.337656173578341,-0.941269519555602,2.768,12.9107963267949,0.251129591173793,0.464472193006908,0.545000000000231,0.0450744590673229,0.453606719457292,0.961733142995668,-2.22044604925031e-17,0.193554130697095,6.2e-06
11.36,0.34442831273235,-0.925873122424508,2.772,12.917784910842,0.982759517884491,-0.000691364844879423,0.200000000000088,0.356412779984822,-0.934328598654398,2.772,12.9307963267949,0.251269142354325,0.464622214425875,0.54499999999972,0.0450744292718291,0.45377354872505,0.961491860984612,-3.10862446895044e-17,0.193814359016152,5.4e-06
11.38,0.362820741654313,-0.918936680193106,2.776,12.9377980910188,0.98296631806395,-0.00084132415407269,0.199999999999988,0.375026826031416,-0.927013958771281,2.776,12.9507963267949,0.251406102218162,0.464772679104962,0.544999999999825,0.0450743995065179,0.453942391494028,0.96125272819852,-6.66133814775094e-17,0.194074323731674,6.7e-06
11.4,0.381075622833757,-0.911634771755861,2.78,12.9578112578444,0.983173559173225,-0.000987907710207683,0.199999999999924,0.393490866347889,-0.919328525664676,2.78,12.9707963267949,0.251540480618691,0.464923557272942,0.545000000000222,0.0450743697713715,0.454113208184987,0.961015758777751,-6.66133814775094e-17,0.194334025110684,5.3e-06
11.42,0.399185674950951,-0.903970058627732,2.784,12.9778244113324,0.98338120112668,-0.00113113351113382,0.200000000000004,0.4117975155643,-0.911275373405356,2.784,12.9907963267949,0.25167228768533,0.465074819457232,0.545000000000289,0.0450743400663255,0.454285959327615,0.960780966312405,-2.22044604925031e-17,0.194593463419933,8.5e-06
11.44,0.41714366624131,-0.895945348480042,2.788,12.9978375514964,0.983589204279231,-0.00127101984955502,0.200000000000108,0.429939451265043,-0.90285772314685,2.788,13.0107963267949,0.251801533818208,0.465226436484835,0.544999999999722,0.0450743103911696,0.454460605565509,0.960548363847344,-2.22044604925031e-17,0.194852638925903,6e-06
11.46,0.434942417475834,-0.887563594272999,2.792,13.0178506783497,0.983797529426919,-0.00140758530693276,0.200000000000008,0.447909416917731,-0.894078941837027,2.792,13.0307963267949,0.251928229684934,0.465378379483035,0.544999999999769,0.0450742807463043,0.454637107661082,0.960317963887229,-5.77315972805081e-17,0.195111551894807,5.8e-06
11.48,0.45257480492788,-0.878827893325694,2.796,13.0378637919059,0.984006137807485,-0.00154084874743033,0.199999999999925,0.465700224775697,-0.884942540871364,2.796,13.0507963267949,0.252052386213881,0.465530619880362,0.545000000000222,0.0450742511314439,0.454815426500397,0.960089778401579,-5.77315972805081e-17,0.195370202592586,5.1e-06
11.5,0.470033763324897,-0.86974148632375,2.8,13.0578768921785,0.984214991100783,-0.00167082931187216,0.200000000000005,0.483304758753006,-0.875452174688429,2.8,13.0707963267949,0.252174014591521,0.465683129407105,0.545000000000231,0.0450742215465228,0.454995523097922,0.959863818829841,-2.22044604925031e-17,0.195628591284913,5.1e-06
11.52,0.487312288783771,-0.860307756264826,2.804,13.0778899791809,0.984424051429206,-0.00179754641172869,0.200000000000088,0.500715977270791,-0.865611639308158,2.804,13.0907963267949,0.252293126256314,0.465835880096079,0.54499999999972,0.0450741919915691,0.455177358601215,0.959640096086473,-3.10862446895044e-17,0.195886718237192,5e-06
11.54,0.504403441728387,-0.850530227342224,2.808,13.0979030529266,0.984633281357983,-0.00192101972313107,0.199999999999987,0.517926916073792,-0.855424870813499,2.808,13.1107963267949,0.252409732894704,0.465988844283246,0.544999999999825,0.0450741624667603,0.455360894295525,0.95941862056605,-6.66133814775094e-17,0.196144583714559,5e-06
11.56,0.521300349788063,-0.840412563766851,2.812,13.1179161134289,0.984842643895434,-0.00204126918091816,0.199999999999924,0.534930691015964,-0.844895943776027,2.812,13.1307963267949,0.252523846436369,0.466141994608202,0.545000000000222,0.0450741329716177,0.455546091608329,0.959199402148374,-6.66133814775094e-17,0.196402187981878,5.1e-06
11.58,0.537996210675489,-0.829958568527856,2.816,13.1379291607014,0.985052102493149,-0.00215831497270354,0.200000000000004,0.551720500814045,-0.834029069626173,2.816,13.1507963267949,0.252635479049783,0.466295304014781,0.545000000000289,0.0450741035063004,0.455732912113786,0.958982450203602,-2.22044604925031e-17,0.196659531303748,5e-06
11.6,0.554484295042804,-0.819172182092262,2.82,13.1579421947573,0.985261621046113,-0.00227217753296818,0.200000000000108,0.568289629767974,-0.822828594968709,2.82,13.1707963267949,0.252744643136831,0.466448745751378,0.544999999999722,0.0450740740709354,0.455921317537119,0.958767773597383,-2.22044604925031e-17,0.1969166139445,5.2e-06
11.62,0.570757949314482,-0.808057481043967,2.824,13.1779552156102,0.985471163892722,-0.00238287753720066,0.200000000000008,0.584631450447091,-0.811298999844158,2.824,13.1907963267949,0.252851351329882,0.466602293371473,0.544999999999769,0.045074044665566,0.456111269758923,0.958555380696007,-5.77315972805081e-17,0.197173436168195,5.2e-06
11.64,0.586810598495647,-0.796618676662504,2.828,13.1979682232733,0.985680695814808,-0.00249043589605955,0.199999999999925,0.60073942634101,-0.799444895936846,2.828,13.2107963267949,0.252955616485088,0.466755920733891,0.545000000000222,0.0450740152896651,0.456302730819402,0.958345279371562,-5.77315972805081e-17,0.197429998238628,5e-06
11.66,0.602635748954515,-0.784860113441993,2.832,13.21798121776,0.985890182037511,-0.00259487374955619,0.200000000000004,0.616607114474145,-0.787271024730282,2.832,13.2307963267949,0.253057451679856,0.466909602003188,0.545000000000231,0.0450739859435319,0.456495662922522,0.958137477007103,-2.22044604925031e-17,0.197686300419326,6.6e-06
11.68,0.618226991177598,-0.772786267550743,2.836,13.2379941990837,0.986099588229162,-0.00269621246127177,0.200000000000088,0.632228167982809,-0.774782255610634,2.836,13.2507963267949,0.253156870206919,0.467063311649849,0.54499999999972,0.0450739566275394,0.456690028440104,0.957931980501825,-3.10862446895044e-17,0.19794234297355,5.6e-06
11.7,0.633578002496369,-0.760401745231996,2.84,13.2580071672577,0.986308880501056,-0.0027944736126275,0.199999999999987,0.647596338653876,-0.761983583919033,2.84,13.2707963267949,0.253253885570463,0.467217024450436,0.544999999999882,0.0450739273409886,0.456885789915829,0.957728796276245,-5.77315972805081e-17,0.198198126164295,5.5e-06
11.72,0.648682549784061,-0.747711281146339,2.844,13.2780201222953,0.986518025407173,-0.00288967899716663,0.199999999999944,0.662705479423984,-0.748880128953511,2.844,13.2907963267949,0.253348511481538,0.467370715487941,0.545000000000224,0.0450738980839915,0.457082910069184,0.957527930277394,-4.88498130835069e-17,0.198453650254287,4.8e-06
11.74,0.663534492121296,-0.734719736656328,2.848,13.2980330642099,0.986726989943849,-0.00298185061485692,0.200000000000025,0.677549546838278,-0.735477131921342,2.848,13.3107963267949,0.253440761853521,0.467524360151634,0.545000000000233,0.0450738688565294,0.457281351799323,0.95732938798401,-4.44089209850062e-18,0.198708915505988,5.1e-06
11.76,0.678127783429258,-0.721432098053917,2.852,13.3180459930146,0.986935741549368,-0.00307101066645235,0.200000000000109,0.692122603467712,-0.721779953842635,2.852,13.3307963267949,0.253530650797932,0.467677934137391,0.544999999999665,0.0450738396590163,0.457481078188862,0.957133174411734,-1.33226762955019e-17,0.198963922181593,4.9e-06
11.78,0.692456475069116,-0.707853474731307,2.856,13.3380589087229,0.987144248103514,-0.00315718154788366,0.199999999999988,0.706418820283935,-0.707794073405996,2.856,13.3507963267949,0.253618192619184,0.467831413447434,0.544999999999825,0.0450738104911334,0.457682052507599,0.95693929411832,-4.88498130835069e-17,0.199218670543032,4.9e-06
11.8,0.706514718406428,-0.693989097295853,2.86,13.358071811348,0.987352477927023,-0.00324038584468679,0.199999999999925,0.720432478990839,-0.693525084777122,2.86,13.3707963267949,0.253703401811812,0.467984774390494,0.54500000000028,0.0450737813523944,0.457884238216162,0.956747751208835,-3.99680288865056e-17,0.19947316085197,4.9e-06
11.82,0.720296767339276,-0.679844315629708,2.864,13.3780847009031,0.987560399781044,-0.0033206463264393,0.200000000000026,0.734157974311783,-0.678978695361217,2.864,13.3907963267949,0.253786293054011,0.468137993581734,0.545000000000233,0.0450737522432872,0.458087598969585,0.956558549340872,4.44089209850063e-18,0.199727393369806,4.8e-06
11.84,0.733796980788877,-0.665424596894916,2.868,13.3980975774014,0.987767982866462,-0.0033979859412511,0.20000000000011,0.747589816231644,-0.664160723520095,2.868,13.4107963267949,0.253866881205271,0.468291047942512,0.544999999999607,0.0450737231639084,0.458292098620814,0.956371691729759,-1.33226762955019e-17,0.199981368357676,4.9e-06
11.86,0.747009825151444,-0.650735523484676,2.872,13.4181104408563,0.987975196823233,-0.00347242781030666,0.199999999999968,0.760722632192745,-0.649077096244924,2.872,13.4307963267949,0.253945181300618,0.468443914700259,0.54499999999988,0.0450736941136449,0.458497701224138,0.956187181153773,-4.88498130835069e-17,0.200235086076448,5.1e-06
11.88,0.759929876710087,-0.635782790921549,2.876,13.4381232912808,0.988182011729616,-0.00354399522241743,0.199999999999925,0.773551169243801,-0.6337338467855,2.876,13.4507963267949,0.254021208546986,0.468596571388353,0.545000000000222,0.0450736650931339,0.458704371038552,0.956005019959346,-4.88498130835069e-17,0.200488546786729,4.8e-06
11.9,0.772551824005537,-0.620572205703394,2.88,13.4581361286883,0.988388398101368,-0.00361271162862006,0.200000000000005,0.786070296141038,-0.618137112237035,2.88,13.4707963267949,0.254094978318697,0.468748995845749,0.545000000000231,0.0450736361019616,0.458912072531047,0.955825210066285,-1.33226762955019e-17,0.200741750748862,4.5e-06
11.92,0.784870470164535,-0.605109683097868,2.884,13.4781489530918,0.988594326890878,-0.0036786006368196,0.200000000000088,0.798275005400617,-0.602293131085391,2.884,13.4907963267949,0.254166506153471,0.468901166216738,0.544999999999778,0.0450736071399716,0.459120770379831,0.955647752972973,-1.33226762955019e-17,0.200994698222923,4.6e-06
11.94,0.796880735184699,-0.589401244886317,2.888,13.4981617645046,0.98879976948626,-0.00374168600645119,0.200000000000008,0.81016041530156,-0.586208240711783,2.888,13.5107963267949,0.254235807747396,0.469053060950594,0.544999999999769,0.0450735782073351,0.45933042947748,0.955472649761584,-4.88498130835069e-17,0.201247389468729,6.9e-06
11.96,0.80857765817473,-0.573453017057955,2.892,13.5181745629398,0.989004697710353,-0.00380199164319324,0.199999999999925,0.821721771838378,-0.569888874857894,2.892,13.5307963267949,0.254302898952347,0.46920465880125,0.54500000000028,0.0450735493041914,0.459541014934018,0.955299901103283,-3.99680288865056e-17,0.20149982474583,5.6e-06
11.98,0.81995639954883,-0.557271227455221,2.896,13.5381873484106,0.98920908381974,-0.00385954159372223,0.200000000000026,0.832954450622604,-0.55334156105248,2.896,13.5507963267949,0.254367795769553,0.469355938826769,0.545000000000233,0.0450735204301651,0.459752492079926,0.955129507263429,4.44089209850064e-18,0.201752004313515,5e-06
12,0.831012243174214,-0.540862203371255,2.9,13.5582001209301,0.989412900503621,-0.00391436004049825,0.200000000000109,0.843853958732492,-0.536572918000435,2.9,13.5707963267949,0.254430514347727,0.469506880389011,0.544999999999665,0.0450734915855738,0.459964826469086,0.954961468106776,-4.44089209850062e-18,0.202003928430811,5.1e-06
12.02,0.841740598470632,-0.524232369100443,2.904,13.5782128805114,0.989616120882728,-0.00396647129658852,0.199999999999989,0.854415936510123,-0.5195896529354,2.904,13.5907963267949,0.254491070977208,0.469657463152976,0.544999999999767,0.0450734627699951,0.460177983881654,0.95479578310266,-4.88498130835069e-17,0.20225559735648,4.8e-06
12.04,0.85213700246083,-0.507388243443014,2.908,13.5982256271676,0.989818718508122,-0.00401589980053502,0.199999999999905,0.864636159305211,-0.50239855893696,2.908,13.6107963267949,0.254549482086673,0.469807667086391,0.54500000000022,0.0450734339836481,0.460391930326863,0.954632451330189,-5.77315972805081e-17,0.202507011349025,4.9e-06
12.06,0.862197121770899,-0.490336437164702,2.912,13.6182383609119,0.990020667359968,-0.0040626701112549,0.199999999999984,0.874510539164905,-0.485006512213503,2.912,13.6307963267949,0.254605764238872,0.469957472459107,0.545000000000229,0.045073405226484,0.460606632045759,0.954471471483422,-3.10862446895044e-17,0.202758170666685,4.7e-06
12.08,0.871916754579493,-0.473083650412507,2.916,13.6382510817572,0.990221941846258,-0.00410680690298931,0.200000000000066,0.884035126468919,-0.467420469351827,2.916,13.6507963267949,0.254659934126722,0.470106859842457,0.545000000000064,0.0450733764985968,0.460822055513871,0.954312841876547,4.44089209850064e-18,0.203009075567439,4.6e-06
12.1,0.881291832514897,-0.455636670087602,2.92,13.6582637897167,0.990422516801488,-0.00414833496029069,0.20000000000009,0.893206111509322,-0.449647464534601,2.92,13.6707963267949,0.254712008568546,0.470255810108595,0.544999999999605,0.0450733477996581,0.46103816744381,0.954156560449042,-2.22044604925031e-17,0.203259726309002,4.6e-06
12.12,0.890318422498981,-0.438002367176485,2.924,13.6782764848035,0.990622367485263,-0.00418727917304395,0.199999999999947,0.902019826014379,-0.43169460672678,2.924,13.6907963267949,0.254762004505645,0.470404304429792,0.544999999999993,0.0450733191297487,0.461254934787806,0.954002624770833,-4.88498130835069e-17,0.20351012314883,4.8e-06
12.14,0.89899272853707,-0.420187694041464,2.928,13.6982891670304,0.990821469580911,-0.0042236645315298,0.199999999999945,0.9104727446158,-0.413569076832121,2.928,13.7107963267949,0.25480993899625,0.470552324277729,0.545000000000224,0.0450732904889109,0.461472324740172,0.953851032047449,-3.99680288865056e-17,0.20376026634412,5.1e-06
12.16,0.907311093452803,-0.402199681671618,2.932,13.7183018364107,0.991019799193977,-0.00425751612153585,0.200000000000026,0.918561486258849,-0.39527812482091,2.932,13.7307963267949,0.254855829213596,0.470699851422726,0.545000000000233,0.0450732618770009,0.461690304739709,0.953701779125156,4.44089209850064e-18,0.204010156151804,5.1e-06
12.18,0.91527000056707,-0.384045436895367,2.936,13.7383144929572,0.991217332850741,-0.004288859119504,0.200000000000109,0.926282815554718,-0.376829066830075,2.936,13.7507963267949,0.254899692440562,0.470846867932976,0.544999999999607,0.0450732332943465,0.461908842472038,0.953554862496087,-1.33226762955019e-17,0.204259792828557,5.1e-06
12.2,0.922866075320145,-0.365732139555842,2.94,13.7583271366831,0.991414047496647,-0.00431771878772443,0.199999999999968,0.933633644074637,-0.358229282236829,2.94,13.7707963267949,0.254941546066371,0.470993356173614,0.54499999999988,0.0450732047406312,0.462127905871873,0.953410278303364,-4.88498130835069e-17,0.204509176630793,7e-06
12.22,0.930096086836157,-0.347267039650231,2.944,13.7783397676012,0.991609920494696,-0.0043441204695705,0.199999999999925,0.94061103158521,-0.339486210707014,2.944,13.7907963267949,0.254981407582705,0.47113929880588,0.545000000000222,0.0450731762155159,0.462347463125224,0.9532680223462,-4.88498130835069e-17,0.204758307814666,5.5e-06
12.24,0.936956949429064,-0.32865745443433,2.948,13.7983523857246,0.99180492962381,-0.00436808958476072,0.200000000000004,0.947212187224461,-0.32060734921934,2.948,13.8107963267949,0.255019294579782,0.471284678786328,0.545000000000231,0.045073147719455,0.462567482671539,0.953128090085,-1.33226762955019e-17,0.205007186636072,4.8e-06
12.26,0.94344572404934,-0.309910765493512,2.952,13.8183649910662,0.991999053077142,-0.00438965162467577,0.200000000000088,0.953434470618151,-0.301600249066684,2.952,13.8307963267949,0.25505522474278,0.471429479365685,0.544999999999778,0.0450731192524606,0.462787933205777,0.952990476646439,-1.33226762955019e-17,0.205255813350646,4.9e-06
12.28,0.94955961967057,-0.291034415781386,2.956,13.838377583639,0.992192269460351,-0.00440883214773305,0.200000000000008,0.959275392935883,-0.282472512835685,2.956,13.8507963267949,0.255089215847262,0.471573684088003,0.544999999999769,0.0450730908140203,0.463008783680427,0.952855176828535,-4.88498130835069e-17,0.205504188213764,5.8e-06
12.3,0.955295994615243,-0.272035906627405,2.96,13.8583901634558,0.992384557789811,-0.0044256567747772,0.199999999999925,0.96473261788661,-0.263231791365801,2.96,13.8707963267949,0.255121285757055,0.47171727678967,0.54500000000028,0.0450730624044962,0.463230003307451,0.952722185105704,-3.99680288865056e-17,0.205752311480545,5.5e-06
12.32,0.960652357818981,-0.252922794714719,2.964,13.8784027305297,0.992575897490841,-0.00444015118452197,0.200000000000025,0.969803962653111,-0.243885780689082,2.964,13.8907963267949,0.255151452418411,0.471860241598283,0.545000000000233,0.0450730340236098,0.463451561560172,0.952591495633798,4.44089209850065e-18,0.206000183405848,5.4e-06
12.34,0.965626370032545,-0.233702689029565,2.968,13.8984152848736,0.992766268395806,-0.00445234110904346,0.200000000000109,0.974487398765098,-0.224442218951855,2.968,13.9107963267949,0.255179733858448,0.472002562931624,0.544999999999607,0.0450730056717359,0.463673428175101,0.952463102255138,-1.33226762955019e-17,0.206247804244275,6.1e-06
12.36,0.970215844960937,-0.21438324778354,2.972,13.9184278265002,0.992955650742275,-0.00446225232931531,0.199999999999968,0.978781052910571,-0.204908883319571,2.972,13.9307963267949,0.255206148179888,0.472144225496597,0.54499999999988,0.0450729773484644,0.463895573153695,0.952336998503519,-4.88498130835069e-17,0.206495174250169,5.2e-06
12.38,0.974418750338963,-0.194972175310064,2.976,13.9384403554225,0.993144025171068,-0.00446991067078229,0.199999999999924,0.98268320768512,-0.18529358686604,2.976,13.9507963267949,0.255230713558231,0.472285214287966,0.545000000000222,0.0450729490538356,0.464117966764059,0.952213177609211,-4.88498130835069e-17,0.206742293677616,5.2e-06
12.4,0.978233208942667,-0.175477218936419,2.98,13.9584528716535,0.993331372724298,-0.00447534199897646,0.200000000000004,0.986192302278863,-0.165604175448311,2.98,13.9707963267949,0.255253448237944,0.472425514587433,0.545000000000231,0.0450729207878965,0.464340579542587,0.952091632503934,-1.33226762955019e-17,0.206989162780445,5.1e-06
12.42,0.981657499536051,-0.155906165832707,2.984,13.9784653752058,0.99351767484337,-0.00447857221517752,0.200000000000087,0.98930693310075,-0.145848524568428,2.984,13.9907963267949,0.255274370529089,0.472565111962168,0.544999999999778,0.0450728925506998,0.464563382295538,0.951972355825819,-1.33226762955019e-17,0.207235781812227,5.5e-06
12.44,0.984690057752541,-0.136266839839114,2.988,13.9984778660924,0.993702913366954,-0.00447962725212892,0.200000000000008,0.99202585433998,-0.126034536223339,2.988,14.0107963267949,0.2552934988031,0.472703992263813,0.544999999999769,0.0450728643419211,0.464786346100556,0.951855339924356,-4.88498130835069e-17,0.207482151026276,7.9e-06
12.46,0.987329476910681,-0.116567098272889,2.992,14.0184903443262,0.993887070528888,-0.00447853306978022,0.199999999999924,0.994347978464309,-0.106170135744198,2.992,14.0307963267949,0.255310851490763,0.472842141627051,0.54500000000028,0.0450728361618853,0.465009442308128,0.95174057686532,-3.99680288865056e-17,0.207728270675651,6.1e-06
12.48,0.989574508763592,-0.0968148287164199,2.996,14.0385028099198,0.994070128956114,-0.0044753156510886,0.200000000000025,0.996272376655049,-0.0862632686263439,2.996,14.0507963267949,0.255326447076756,0.472979546468485,0.545000000000233,0.0450728080101775,0.465232642542986,0.951628058435675,4.44089209850065e-18,0.207974141013153,5.3e-06
12.5,0.991424064181723,-0.0770179457878443,3,14.0585152628862,0.994252071666491,-0.00447000099785558,0.200000000000109,0.997798279178581,-0.0663218973512007,3,14.0707963267949,0.255340304098203,0.473116193485263,0.544999999999607,0.0450727798871212,0.465455918705443,0.951517776148465,-1.33226762955019e-17,0.208219762291327,4.9e-06
12.52,0.992877213768496,-0.0571843878956158,3.004,14.0785277032381,0.994432882066667,-0.00446261512661197,0.199999999999967,0.998925075694241,-0.0463539982013972,3.004,14.0907963267949,0.255352441139827,0.473252069653717,0.54499999999988,0.0450727517925878,0.465679242972682,0.951409721247683,-4.88498130835069e-17,0.208465134762463,4.8e-06
12.54,0.993933188408439,-0.0373221139784636,3.008,14.0985401309883,0.994612543949846,-0.00445318406455473,0.199999999999924,0.999652315498447,-0.0263675580703583,3.008,14.1107963267949,0.255362876831211,0.473387162228112,0.545000000000222,0.0450727237265847,0.465902587799975,0.951303884713123,-4.88498130835069e-17,0.208710258678596,4.6e-06
12.56,0.994591379747481,-0.0174391002321964,3.012,14.1185525461495,0.994791041493564,-0.00444173384551719,0.200000000000004,0.999979707704973,-0.00637057126765391,3.012,14.1307963267949,0.255371629843365,0.473521458739091,0.545000000000231,0.0450726956888829,0.466125925921852,0.951200257265202,-1.33226762955019e-17,0.208955134291504,4.6e-06
12.58,0.994851340605058,0.00245666317519409,3.016,14.1385649487346,0.994968359257416,-0.00442829050598939,0.200000000000087,0.999907121361303,0.0136289636786195,3.016,14.1507963267949,0.255378718885536,0.473654946992496,0.544999999999778,0.0450726676795738,0.466349230353216,0.951098829369774,-1.33226762955019e-17,0.209199761852711,4.5e-06
12.6,0.994712785317763,0.0223571753986661,3.02,14.1585773387562,0.995144482180767,-0.00441288008117648,0.200000000000007,0.999434585501005,0.0336230472211367,3.02,14.1707963267949,0.255384162701265,0.473787615067742,0.544999999999711,0.0450726396985669,0.46657247439039,0.950999591242915,-5.77315972805081e-17,0.209444141613485,4.9e-06
12.62,0.994175590014273,0.0422544282200261,3.024,14.1785897162271,0.995319395580405,-0.00439552860111295,0.199999999999903,0.998562289132123,0.0536036819930686,3.024,14.1907963267949,0.255387980066638,0.473919451316388,0.545000000000277,0.0450726117461038,0.466795631612121,0.950902532855686,-5.77315972805081e-17,0.209688273824842,4.9e-06
12.64,0.993239792821338,0.0621404093591143,3.028,14.1986020811599,0.995493085148223,-0.00437626208682438,0.200000000000003,0.997290581161575,0.0735628760069077,3.028,14.2107963267949,0.255390189785048,0.474050444360828,0.545000000000231,0.045072583821823,0.46701867588052,0.950807643938876,-2.22044604925031e-17,0.209932158737542,4.6e-06
12.66,0.991905594000631,0.0820071057907956,3.032,14.2186144335675,0.99566553694879,-0.00435510654652065,0.200000000000086,0.995619970255593,0.0934926458511693,3.032,14.2307963267949,0.255390810686037,0.474180583092477,0.54499999999972,0.0450725559257694,0.467241581341951,0.950714913987723,-3.10862446895044e-17,0.21017579660209,4.5e-06
12.68,0.990173356016323,0.101846507066269,3.036,14.2386267734624,0.995836737416979,-0.0043320879718442,0.199999999999986,0.993551124636264,0.113385019883642,3.036,14.2507963267949,0.255389861620702,0.474309856670636,0.544999999999882,0.0450725280582341,0.467464322427867,0.95062433226661,-5.77315972805081e-17,0.210419187668739,4.7e-06
12.7,0.988043603533229,0.121650608637202,3.04,14.2586391008574,0.996006673355511,-0.0043072323341613,0.199999999999943,0.991084871814253,0.133232041419942,3.04,14.2707963267949,0.25538736145921,0.474438254520534,0.545000000000224,0.0450725002187176,0.467686873855585,0.950535887813737,-4.88498130835069e-17,0.210662332187488,7.1e-06
12.72,0.985517023345469,0.141411415181199,3.044,14.2786514157651,0.996175331932491,-0.00428056558090315,0.200000000000024,0.988222198257805,0.153025771916078,3.044,14.2907963267949,0.255383329087636,0.474565766332093,0.545000000000233,0.0450724724074514,0.467909210629017,0.950449569445772,-4.4408920985006e-18,0.210905230408083,5.5e-06
12.74,0.982594464235563,0.161120943927107,3.048,14.2986637181982,0.996342700678924,-0.00425211363193848,0.200000000000108,0.984964248998174,0.172758294143763,3.048,14.3107963267949,0.25537778340489,0.474692382058128,0.544999999999665,0.0450724446243045,0.468131308039344,0.950365365762475,-1.33226762955019e-17,0.211147882580016,5.1e-06
12.76,0.979276936763948,0.180771227978654,3.052,14.3186760081693,0.996508767486198,-0.00422190237600772,0.199999999999987,0.981312327171625,0.192421715357206,3.052,14.3307963267949,0.255370743319875,0.474818091912846,0.544999999999825,0.045072416869426,0.468353141665633,0.9502832651513,-4.88498130835069e-17,0.211390288952528,5.1e-06
12.78,0.975565612988928,0.200354319634933,3.056,14.338688285691,0.996673520603552,-0.00418995766719662,0.199999999999924,0.977267893498198,0.212008170450093,3.056,14.3507963267949,0.255362227747774,0.47494288637012,0.545000000000222,0.0450723891424514,0.46857468737541,0.950203255791967,-4.88498130835069e-17,0.211632449774605,4.8e-06
12.8,0.971461826117093,0.219862293706223,3.06,14.358700550776,0.996836948635494,-0.0041563053214536,0.200000000000004,0.972832565697435,0.231509825101539,3.06,14.3707963267949,0.255352255608682,0.475066756161932,0.545000000000289,0.04507236144371,0.468795921325179,0.950125325661014,-4.4408920985006e-18,0.211874365294984,4.8e-06
12.82,0.9669670700843,0.239287250823654,3.064,14.3787128034367,0.996999040539254,-0.00412097111315347,0.200000000000107,0.968008117841322,0.2509188789097,3.064,14.3907963267949,0.255340845822603,0.47518969227664,0.544999999999722,0.0450723337729844,0.469016819960888,0.950049462536322,-4.4408920985006e-18,0.212116035762147,4.5e-06
12.84,0.962082999067307,0.25862132074122,3.068,14.3987250436859,0.997159785622135,-0.00408398077171178,0.200000000000007,0.962796479644676,0.270227568511837,3.068,14.4107963267949,0.255328017308614,0.475311685957322,0.544999999999711,0.0450723061304736,0.469237360018344,0.949975654001611,-4.88498130835069e-17,0.212357461424326,4.6e-06
12.86,0.956811426926224,0.277856665628643,3.072,14.4187372715361,0.997319173538922,-0.00404535997824042,0.199999999999903,0.957199735693287,0.289428170689555,3.072,14.4307963267949,0.255313788980564,0.47543272869998,0.54500000000022,0.045072278515819,0.469457518523585,0.949903887450911,-5.77315972805081e-17,0.212598642529501,4.7e-06
12.88,0.951154326577946,0.296985483353602,3.076,14.4387494869999,0.997477194289215,-0.00400513436224926,0.199999999999982,0.951220124610113,0.308513005457989,3.076,14.4507963267949,0.255298179744913,0.475552812251962,0.545000000000229,0.0450722509290683,0.469677272793196,0.949834150093011,-3.10862446895044e-17,0.212839579325402,4.9e-06
12.9,0.945113829300786,0.316000010751839,3.08,14.4587616900897,0.997633838214759,-0.00396332949838429,0.200000000000065,0.944860038159861,0.327474439137691,3.08,14.4707963267949,0.255281208497812,0.475671928610111,0.545000000000007,0.0450722233701802,0.469896600434578,0.949766428955869,-4.44089209850061e-18,0.213080272059506,4.9e-06
12.92,0.938692223970545,0.334892526883655,3.084,14.4787738808182,0.997789095996765,-0.00391997090322272,0.200000000000067,0.938122020292311,0.346304887408008,3.084,14.4907963267949,0.255262894122583,0.475790070018987,0.54499999999966,0.0450721958394971,0.470115479346171,0.94970071089101,-3.10862446895044e-17,0.21332072097904,4.7e-06
12.94,0.93189195622831,0.353655356275327,3.088,14.4987860591978,0.9979429586532,-0.00387508403212055,0.199999999999945,0.931008766124771,0.364996818340697,3.088,14.5107963267949,0.255243255486184,0.47590722896916,0.544999999999993,0.0450721683365739,0.470333887717626,0.949636982577882,-5.77315972805081e-17,0.213560926330981,5.1e-06
12.96,0.92471562758027,0.372280872143979,3.092,14.5187982252411,0.998095417536045,-0.00382869427609273,0.199999999999943,0.923523120864065,0.38354275541261,3.092,14.5307963267949,0.25522231143816,0.476023398195348,0.545000000000282,0.0450721408613655,0.470551804029932,0.949575230528195,-3.99680288865056e-17,0.213800888362057,4.8e-06
12.98,0.917165994429911,0.390761499604426,3.096,14.5388103789606,0.998246464328587,-0.00378082695873402,0.200000000000044,0.915668078668492,0.401935280496192,3.096,14.5507963267949,0.255200080805925,0.476138570674685,0.54500000000012,0.0450721134141141,0.470769207055498,0.949515441090221,-4.4408920985006e-18,0.214040607318744,6.5e-06
13,0.909245967042961,0.40908971885656,3.1,14.5588225203687,0.998396091042615,-0.00373150733319719,0.200000000000087,0.907446781450196,0.420167036826641,3.1,14.5707963267949,0.255176582394186,0.476252739624856,0.544999999999663,0.0450720859947475,0.470986075858182,0.949457600453077,-2.22044604925031e-17,0.214280083447268,5e-06
13.02,0.900958608445478,0.427258068351812,3.104,14.5788346494779,0.998544290015686,-0.00368076057921692,0.199999999999966,0.898862517618449,0.438230731944512,3.104,14.5907963267949,0.255151834980874,0.47636589850217,0.544999999999938,0.045072058602998,0.471202389793286,0.94940169465097,-4.88498130835069e-17,0.214519316993608,4.9e-06
13.04,0.892307133255546,0.445259147937261,3.108,14.5988467663007,0.998691053908306,-0.00362861180017125,0.199999999999943,0.889918720764329,0.456119140612603,3.108,14.6107963267949,0.25512585731526,0.476478040999859,0.545000000000224,0.0450720312391077,0.471418128507495,0.949347709567415,-3.99680288865056e-17,0.214758308203493,4.7e-06
13.06,0.883294906449029,0.463085621975968,3.112,14.6188588708495,0.998836375701127,-0.00357508602018938,0.200000000000024,0.880618968287328,0.473825107705957,3.112,14.6307963267949,0.25509866811539,0.476589161046134,0.545000000000233,0.0450720039029564,0.471633271938775,0.949295630939427,4.44089209850066e-18,0.214997057322401,4.8e-06
13.08,0.873925442059895,0.4807302224421,3.116,14.6388709631367,0.998980248692127,-0.00352020818131014,0.200000000000108,0.870966979964441,0.491341551073814,3.116,14.6507963267949,0.25507028606569,0.476699252802271,0.544999999999665,0.0450719765944166,0.471847800316231,0.949245444361678,-4.44089209850059e-18,0.215235564595565,4.8e-06
13.1,0.864202401815646,0.498185751989462,3.12,14.6588830431749,0.999122666493781,-0.00346400314067908,0.199999999999987,0.860966616462307,0.508661464372374,3.12,14.6707963267949,0.255040729813866,0.476808310660784,0.544999999999825,0.0450719493134977,0.472061694159918,0.949197135290628,-3.99680288865056e-17,0.215473830267965,4.5e-06
13.12,0.854129593708412,0.515445086992028,3.124,14.6788951109763,0.999263623030185,-0.00340649566779047,0.199999999999924,0.850621877792988,0.525777919867248,3.124,14.6907963267949,0.25501001796996,0.476916329243457,0.54500000000028,0.0450719220603087,0.472274934280608,0.949150689048623,-3.10862446895043e-17,0.215711854584338,4.7e-06
13.14,0.843710970502318,0.53250118055509,3.128,14.6989071665534,0.999403112534231,-0.00334771044178197,0.200000000000025,0.839936901714028,0.542684071204453,3.128,14.7107963267949,0.254978169102043,0.47702330339945,0.545000000000175,0.0450718948346334,0.472487501779517,0.949106090827965,4.44089209850066e-18,0.215949637789168,4.7e-06
13.16,0.832950628177731,0.549347065495673,3.132,14.7189192099185,0.999541129544693,-0.00328767204876756,0.200000000000088,0.828915962073391,0.559373156148867,3.132,14.7307963267949,0.254945201735816,0.477129228203362,0.544999999999663,0.0450718676365775,0.47269937804799,0.94906332569495,-1.33226762955018e-17,0.216187180126695,4.6e-06
13.18,0.821852804313066,0.565975857290847,3.136,14.7389312410841,0.999677668903375,-0.00322640497921547,0.199999999999966,0.817563467099991,0.575838499289031,3.136,14.7507963267949,0.254911134350776,0.477234098953359,0.544999999999938,0.0450718404661612,0.472910544767143,0.949022378593871,-3.99680288865056e-17,0.216424481840911,4.6e-06
13.2,0.810421876404822,0.582380756992609,3.14,14.7589432600625,0.999812725752189,-0.00316393362537277,0.199999999999944,0.805883957640451,0.592073514707223,3.14,14.7707963267949,0.254875985378825,0.477337911169112,0.545000000000224,0.0450718133233129,0.473120983907467,0.948983234351,-3.10862446895043e-17,0.21666154317556,4.6e-06
13.22,0.798662360126563,0.598555054108006,3.144,14.778955266866,0.999946295530255,-0.00310028227873455,0.200000000000025,0.793882105342831,0.608071708613741,3.144,14.7907963267949,0.254839773201669,0.477440660589824,0.545000000000233,0.0450717862077177,0.473330677728391,0.948945877678529,1.33226762955019e-17,0.216898364374138,4.7e-06
13.24,0.7865789075276,0.614492129443199,3.148,14.7989672615069,1.00007837397098,-0.00303547512755075,0.200000000000109,0.781562710788028,0.623826681944328,3.148,14.8107963267949,0.254802516148808,0.477542343172378,0.544999999999607,0.0450717591196148,0.473539608777799,0.948910293178481,-4.44089209850058e-18,0.217134945679897,7e-06
13.26,0.774176305172141,0.630185457910178,3.152,14.8189792439977,1.00020895709914,-0.00296953625437952,0.199999999999967,0.768930701569605,0.639332132919717,3.152,14.8307963267949,0.254764232495326,0.477642955089293,0.544999999999938,0.0450717320592173,0.473747759891522,0.948876465346595,-3.10862446895043e-17,0.217371287335841,5.2e-06
13.28,0.761459472219704,0.64562861129485,3.156,14.8389912143505,1.00033804122793,-0.00290248963369798,0.199999999999944,0.755991130322829,0.654581859566251,3.156,14.8507963267949,0.254724940459198,0.477742492726704,0.545000000000224,0.0450717050260849,0.473955114192774,0.94884437857617,-2.22044604925031e-17,0.217607389584728,4.8e-06
13.3,0.748433458447629,0.66081526098526,3.16,14.8590031725778,1.000465622956,-0.00283435912954231,0.200000000000025,0.742749172703669,0.669569762196602,3.16,14.8707963267949,0.254684658200634,0.477840952682324,0.545000000000233,0.045071678020177,0.474161655091567,0.948814017161886,2.22044604925032e-17,0.217843252669071,5e-06
13.32,0.735103442216552,0.675739180658692,3.164,14.8790151186917,1.00059169916456,-0.00276516849318839,0.200000000000109,0.72921012531862,0.684289845849551,3.164,14.8907963267949,0.254643403818059,0.477938331763613,0.544999999999665,0.0450716510418373,0.474367366284073,0.948785365303587,1.33226762955019e-17,0.218078876831135,4.8e-06
13.34,0.721474728379706,0.690394248926459,3.168,14.8990270527045,1.00071626701435,-0.00269494136088622,0.199999999999988,0.715379403606115,0.698736222687903,3.168,14.9107963267949,0.254601195347957,0.478034626985555,0.544999999999825,0.0450716240907185,0.474572231751961,0.948758407110031,-2.22044604925031e-17,0.218314262312942,6.8e-06
13.36,0.70755274613697,0.704774451935161,3.172,14.9190389746286,1.00083932394274,-0.00262370125163837,0.199999999999925,0.701262539670433,0.712903114353539,3.172,14.9307963267949,0.254558050761488,0.478129835568714,0.545000000000222,0.0450715971670247,0.474776235761691,0.94873312660261,-2.22044604925031e-17,0.218549409356268,5.5e-06
13.38,0.693343046834608,0.718873885923256,3.176,14.9390508844761,1.00096086766068,-0.00255147156501601,0.200000000000005,0.686865180068925,0.726784854278681,3.176,14.9507963267949,0.254513987963153,0.478223954937245,0.545000000000231,0.04507157027045,0.474979362863774,0.948709507719039,1.33226762955019e-17,0.218784318202644,5.2e-06
13.4,0.678851301711641,0.73268675973178,3.18,14.9590627822593,1.00108089614979,-0.00247827557901633,0.200000000000089,0.672193083553469,0.740375889952447,3.18,14.9707963267949,0.254469024788825,0.478316982716777,0.54499999999972,0.0450715434012438,0.475181597891996,0.948687534317005,4.44089209850067e-18,0.219018989093357,4.8e-06
13.42,0.664083299593851,0.746207397268091,3.184,14.9790746679903,1.00119940765935,-0.00240413644796808,0.199999999999988,0.657252118767046,0.753670785141781,3.184,14.9907963267949,0.254423179003799,0.478408916732481,0.544999999999882,0.0450715165591492,0.475382925962608,0.948667190177788,-2.22044604925031e-17,0.219253422269448,4.8e-06
13.44,0.649044944536422,0.759430239921516,3.188,14.9990865416815,1.0013164007033,-0.00232907720047556,0.199999999999945,0.642048261896362,0.766664222065866,3.188,15.0107963267949,0.25437646830035,0.478499755006811,0.545000000000224,0.0450714897442758,0.47558333247348,0.948648459009849,-1.33226762955018e-17,0.219487617971716,5e-06
13.46,0.633742253416257,0.772349848929835,3.192,15.019098403345,1.00143187405722,-0.00225312073741084,0.200000000000026,0.626587594281448,0.77935100352318,3.192,15.0307963267949,0.254328910297462,0.478589495757707,0.545000000000233,0.0450714629566006,0.475782803103224,0.948631324452385,3.10862446895044e-17,0.219721576440714,1.42e-05
13.48,0.618181353475012,0.784960907695509,3.196,15.039110252993,1.00154582675543,-0.00217628982994271,0.20000000000011,0.610876299983212,0.791726054970291,3.196,15.0507963267949,0.254280522536778,0.478678137396347,0.544999999999665,0.0450714361960049,0.475981323810282,0.948615770078844,2.22044604925032e-17,0.219955297916752,7.5e-06
13.5,0.602368479813952,0.797258224050639,3.2,15.0591220906376,1.00165825808786,-0.00209860711761032,0.199999999999989,0.594920663309892,0.803784426551621,3.2,15.0707963267949,0.254231322483098,0.478765678525147,0.544999999999825,0.0450714094626035,0.476178880831979,0.948601779400414,-1.33226762955018e-17,0.220188782639897,6e-06
13.52,0.586309972841708,0.809236732469629,3.204,15.0791339162911,1.00176916759716,-0.00202009510643911,0.199999999999926,0.578727066303418,0.815521295079313,3.204,15.0907963267949,0.254181327520977,0.478852117935687,0.545000000000222,0.0450713827562825,0.476375460683549,0.948589335869476,-1.33226762955018e-17,0.220422030849973,5.5e-06
13.54,0.570012275676072,0.820891496228553,3.208,15.0991457299655,1.0018785550756,-0.00194077616709865,0.200000000000006,0.56230198618668,0.826931965962445,3.208,15.1107963267949,0.25413055495377,0.478937454606614,0.545000000000231,0.0450713560768733,0.476571050157123,0.948578422883021,2.22044604925032e-17,0.220655042786561,5e-06
13.56,0.553481931500965,0.832217709510281,3.212,15.119157531673,1.00198642056216,-0.00186067253309683,0.20000000000009,0.545651992772727,0.838011875084806,3.212,15.1307963267949,0.254079022001799,0.479021687701564,0.54499999999972,0.0450713294246294,0.476765636320694,0.948569023786035,1.33226762955019e-17,0.220887818688999,7.4e-06
13.58,0.536725580879754,0.843210699454401,3.216,15.1391693214258,1.00209276433941,-0.00177980629902368,0.199999999999989,0.528783745836927,0.848756590630475,3.216,15.1507963267949,0.254026745800842,0.479104816567181,0.544999999999882,0.0450713027993939,0.476959206517039,0.948561121874848,-1.33226762955018e-17,0.221120358796381,5.8e-06
13.6,0.519749959026092,0.853865928151043,3.22,15.1591810992358,1.00219758693061,-0.00169819941883182,0.199999999999946,0.511703992453149,0.859161814856496,3.22,15.1707963267949,0.253973743399837,0.479186840730837,0.545000000000224,0.0450712762010006,0.477151748362628,0.948554700400453,-4.44089209850057e-18,0.221352663347562,5.3e-06
13.62,0.502561893033492,0.864178994577697,3.224,15.1791928651153,1.00230088909661,-0.00161587370415676,0.200000000000027,0.494419564295017,0.869223385811913,3.224,15.1907963267949,0.253920031760878,0.47926775989867,0.545000000000233,0.0450712496296564,0.477343249746483,0.948549742571786,3.99680288865057e-17,0.221584732581154,5e-06
13.64,0.48516829906485,0.874145636478187,3.228,15.1992046190764,1.00240267183289,-0.00153285082268129,0.200000000000111,0.476937374903342,0.878937279002494,3.228,15.2107963267949,0.253865627755444,0.479347573953555,0.544999999999665,0.0450712230850596,0.477533698829028,0.948546231558974,3.10862446895044e-17,0.221816566735524,5.1e-06
13.66,0.467576179503174,0.883761732182938,3.232,15.219216361131,1.00250293636653,-0.00144915229653414,0.199999999999991,0.459264416920786,0.888299609000483,3.232,15.2307963267949,0.253810548165162,0.479426282952767,0.544999999999825,0.045071196567559,0.477723084040896,0.948544150496547,-4.44089209850057e-18,0.222048166048803,5.2e-06
13.68,0.449792620064749,0.893023302369766,3.236,15.2392280912912,1.00260168415321,-0.00136479950074286,0.199999999999928,0.441407759294906,0.897306630998707,3.236,15.2507963267949,0.253754809678575,0.479503887126252,0.545000000000222,0.0450711700769092,0.477911394081712,0.948543482486621,-4.44089209850057e-18,0.222279530758876,5e-06
13.7,0.431824786876041,0.901926511764373,3.24,15.2592398095692,1.00269891687422,-0.00127981366171172,0.200000000000007,0.423374544450665,0.905954742308462,3.24,15.2707963267949,0.253698428890558,0.479580386874167,0.545000000000231,0.0450711436130396,0.478098617918852,0.948544210602037,3.10862446895044e-17,0.222510661103391,5.9e-06
13.72,0.413679923515613,0.910467670779832,3.244,15.2792515159769,1.00279463643341,-0.00119421585574607,0.200000000000091,0.405171985433564,0.914240483800528,3.244,15.2907963267949,0.253641422300675,0.479655782764988,0.54499999999972,0.045071117175829,0.478284744786172,0.948546317889473,2.22044604925032e-17,0.222741557319751,5.1e-06
13.74,0.395365348022362,0.918643237094315,3.248,15.2992632105263,1.00288884495421,-0.00110802700761052,0.19999999999999,0.38680736302451,0.922160541288785,3.248,15.3107963267949,0.253583806311814,0.479730075533414,0.544999999999825,0.0450710907656295,0.47846976418271,0.94854978737252,-1.33226762955018e-17,0.222972219645123,4.5e-06
13.76,0.376888449871408,0.926449817166384,3.252,15.3192748932295,1.00298154477665,-0.00102126788913597,0.199999999999927,0.368288022827607,0.929711746855837,3.252,15.3307963267949,0.253525597228902,0.479803266078131,0.54500000000028,0.0450710643821988,0.478653665871363,0.948554602054722,-4.44089209850058e-18,0.223202648316431,4.9e-06
13.78,0.358256686918949,0.933884167687184,3.256,15.3392865640985,1.00307273845433,-0.00093395911786789,0.200000000000028,0.349621372332016,0.936891080120137,3.256,15.3507963267949,0.253466811256993,0.479875355459903,0.545000000000233,0.0450710380252781,0.478836439877535,0.948560744922581,3.99680288865057e-17,0.223432843570359,4.6e-06
13.8,0.339477582317451,0.940943196968893,3.26,15.3592982231452,1.00316242875143,-0.000846121155732483,0.200000000000112,0.330814877949047,0.943695669444105,3.26,15.3707963267949,0.253407464501369,0.479946344899279,0.544999999999665,0.0450710116951666,0.47901807648777,0.948568198948528,3.10862446895044e-17,0.223662805643352,6.8e-06
13.82,0.320558721402521,0.947623966268829,3.264,15.3793098703817,1.00325061863974,-0.000757774307762386,0.199999999999991,0.311876062025706,0.950122793082735,3.264,15.3907963267949,0.25334757296432,0.480016235774653,0.544999999999825,0.0450709853917106,0.479198566248347,0.94857694709386,-4.44089209850057e-18,0.223892534771616,5.4e-06
13.84,0.301507748552844,0.953923691048648,3.268,15.3993215058199,1.00333731129564,-0.000668938720855652,0.199999999999928,0.292812499835847,0.956169880272267,3.268,15.4107963267949,0.253287152545831,0.480085029620105,0.545000000000222,0.0450709591148894,0.479377899963861,0.948586972311642,-4.44089209850057e-18,0.224122031191116,7.1e-06
13.86,0.282332364024555,0.959839742168078,3.272,15.4193331294717,1.00342251009718,-0.000579634382568497,0.200000000000008,0.273631816550168,0.961834512258452,3.272,15.4307963267949,0.253226219040969,0.48015272812326,0.545000000000231,0.0450709328647804,0.479556068695775,0.948598257549572,3.10862446895044e-17,0.22435129513758,5.6e-06
13.88,0.263040320761461,0.965369647012678,3.276,15.4393447413491,1.00350621862103,-0.000489881119953104,0.200000000000091,0.254341684186245,0.967114423264023,3.276,15.4507963267949,0.253164788139362,0.480219333123346,0.54499999999972,0.0450709066411804,0.479733063760953,0.948610785752814,2.22044604925032e-17,0.224580326846496,5.4e-06
13.9,0.243639421182497,0.970511090555143,3.28,15.459356341464,1.00358844063955,-0.000399698598422321,0.199999999999991,0.234949818539825,0.972007501394976,3.28,15.4707963267949,0.253102875423894,0.480284846608802,0.544999999999825,0.0450708804441134,0.479908876730168,0.948624539866798,-1.33226762955018e-17,0.224809126553114,4.8e-06
13.92,0.224137513947845,0.975261916349694,3.284,15.4793679298284,1.00366918011782,-0.000309106320663459,0.199999999999928,0.215463976098609,0.976511789485297,3.284,15.4907963267949,0.253040496369715,0.480349270715586,0.54500000000028,0.0450708542736075,0.480083499426587,0.948639502839975,-4.44089209850058e-18,0.225037694492444,4.6e-06
13.94,0.204542490705129,0.979620127459149,3.288,15.499379506454,1.00374844121068,-0.000218123625577715,0.200000000000028,0.19589195093977,0.980625485879809,3.288,15.5107963267949,0.252977666342492,0.480412607724792,0.545000000000233,0.0450708281296481,0.480256923924237,0.948655657626553,3.99680288865057e-17,0.225266030899262,4.7e-06
13.96,0.184862282817124,0.983583887314256,3.292,15.5193910713529,1.00382622825977,-0.00012676968726754,0.200000000000112,0.176241571612412,0.9843469451548,3.292,15.5307963267949,0.252914400598836,0.480474860060647,0.544999999999665,0.0450708020122689,0.480429142546448,0.948672987189185,3.10862446895044e-17,0.225494136008101,4.7e-06
13.98,0.165104858072415,0.987151520504958,3.296,15.5394026245369,1.00390254579061,-3.50635140571917e-05,0.199999999999992,0.156520698006267,0.98767467877618,3.296,15.5507963267949,0.252850714283218,0.480536030288468,0.544999999999825,0.045070775921077,0.480600147864277,0.948691474501629,-4.44089209850057e-18,0.22572201005326,5e-06
14,0.14527821738044,0.990321513503242,3.3,15.5594141660179,1.0039773985096,5.69760524603909e-05,0.199999999999929,0.136737218207834,0.99060735569487,3.3,15.5707963267949,0.252786622429024,0.480596121112533,0.545000000000222,0.04507074985642,0.48076993269491,0.94871110255137,-4.44089209850057e-18,0.225949653268799,4.7e-06
14.02,0.125390391452386,0.993092515317289,3.304,15.5794256958077,1.00405079130119,0.000149330338330733,0.200000000000009,0.116899045345256,0.993143802879204,3.304,15.5907963267949,0.252722139956066,0.480655135374054,0.545000000000231,0.0450707238182904,0.480938490100049,0.948731854342209,3.10862446895044e-17,0.226177065888543,4.9e-06
14.04,0.105449437469377,0.995463338076644,3.308,15.5994372139182,1.00412272922487,0.000241980838103757,0.200000000000092,0.0970141144231735,0.995283005784127,3.308,15.6107963267949,0.25265728167029,0.480713076049052,0.54499999999972,0.0450706978065389,0.481105813384269,0.948753712896819,2.22044604925032e-17,0.226404248146077,5.1e-06
14.06,0.0854634357394186,0.997432957548192,3.312,15.6194487203611,1.00419321751229,0.000334909215673258,0.199999999999991,0.0770903791488259,0.997024108757,3.312,15.6307963267949,0.252592062262788,0.480769946246323,0.544999999999825,0.0450706718210064,0.481271896093371,0.948776661259261,-1.33226762955018e-17,0.226631200274752,6.5e-06
14.08,0.065440486344565,0.999000513582718,3.316,15.6394602151484,1.00426226156434,0.000428097305085443,0.199999999999928,0.0571358087506751,0.998366415379847,3.316,15.6507963267949,0.252526496308979,0.48082574920538,0.54500000000028,0.045070645861764,0.481436732012704,0.948800682497473,-4.44089209850058e-18,0.226857922507682,5.4e-06
14.1,0.0453887057797732,1.0001653104919,3.32,15.6594716982918,1.00432986694831,0.000521527111307627,0.200000000000029,0.0371583847908264,0.999309388747918,3.32,15.6707963267949,0.252460598267098,0.48088048829437,0.545000000000233,0.0450706199289874,0.481600315165479,0.948825759705716,3.99680288865057e-17,0.227084415077743,4.8e-06
14.12,0.0253162235849098,1.00092681735558,3.324,15.6794831698031,1.0043960393949,0.000615180810954154,0.200000000000113,0.0171660979724981,0.999852651684436,3.324,15.6907963267949,0.252394382478849,0.48093416700803,0.544999999999665,0.0450705940222923,0.481762639811059,0.948851876006992,3.10862446895044e-17,0.227310678217579,4.8e-06
14.14,0.00523117897138416,1.0012846682592,3.328,15.6994946296942,1.00446078479546,0.000709040752988946,0.199999999999992,-0.00283305505613911,0.999995986891472,3.328,15.7107963267949,0.25232786316655,0.480986788965653,0.544999999999767,0.045070568142082,0.481923700443232,0.948879014555428,-1.33226762955018e-17,0.227536712159593,5.1e-06
14.16,-0.0148582825551226,1.00123866246139,3.332,15.7195060779766,1.00452410919902,0.000803089459388997,0.199999999999908,-0.0228310749005275,0.999739337036853,3.332,15.7307963267949,0.252261054434401,0.481038357909063,0.54500000000022,0.0450705422878827,0.482083491788476,0.948907158538615,-2.22044604925031e-17,0.227762517135959,4.8e-06
14.18,-0.0349440125743623,1.00078876449153,3.336,15.7395175146624,1.00458601880951,0.000897309625777594,0.199999999999987,-0.0428199626193659,0.9990828047771,3.336,15.7507963267949,0.252193970266237,0.481088877700397,0.545000000000229,0.0450705164598574,0.482242008804199,0.948936291179931,4.44089209850067e-18,0.227988093378609,4.6e-06
14.2,-0.0550178631321855,0.999935104177432,3.34,15.7595289397631,1.00464651998286,0.000991684122020978,0.20000000000007,-0.0627917229240818,0.998026652716362,3.34,15.7707963267949,0.252126624525459,0.48113835232046,0.544999999999891,0.0450704906581366,0.482399246676964,0.948966395740809,1.33226762955019e-17,0.228213441119246,5.1e-06
14.22,-0.0750716901207016,0.998677976603068,3.344,15.7795403532905,1.00470561922422,0.00108619599279502,0.200000000000031,-0.0827383673768398,0.996571303301382,3.344,15.7907963267949,0.252059030954229,0.481186785866318,0.544999999999714,0.0450704648824796,0.482555200820707,0.948997455522991,-2.22044604925031e-17,0.228438560589335,4.7e-06
14.24,-0.0950973566564629,0.997017841996376,3.348,15.7995517552563,1.00476332318507,0.00118082845811252,0.199999999999928,-0.102651917585811,0.994717338652522,3.348,15.8107963267949,0.251991203172767,0.481234182549406,0.545000000000164,0.0450704391330605,0.482709866874934,0.94902945387073,-3.10862446895043e-17,0.228663452020106,6e-06
14.26,-0.11508673645521,0.994955325547308,3.352,15.8195631456723,1.00481963866047,0.0012755649138219,0.199999999999987,-0.122524408396423,0.992465500330922,3.352,15.8307963267949,0.251923154678867,0.481280546693607,0.545000000000286,0.0450704134095901,0.482863240702902,0.949062374172971,4.44089209850067e-18,0.228888115642558,5.2e-06
14.28,-0.135031717201713,0.992491217156164,3.356,15.8395745245502,1.00487457258621,0.00137038893207888,0.20000000000009,-0.142347891077312,0.989816689041886,3.356,15.8507963267949,0.251854898846566,0.481325882733103,0.544999999999778,0.0450703877120463,0.483015318389794,0.949096199865492,4.44089209850067e-18,0.229112551687453,4.7e-06
14.3,-0.15492420391326,0.989626471112387,3.36,15.8595858919015,1.00492813203607,0.00146528426178407,0.20000000000001,-0.162114436499718,0.986771964274613,3.36,15.8707963267949,0.251786448927072,0.481370195210489,0.544999999999769,0.0450703620406969,0.483166096240872,0.94913091443301,-3.10862446895043e-17,0.22933676038532,4.9e-06
14.32,-0.17475612229532,0.986362205703981,3.364,15.8795972477381,1.00498032421898,0.00156023482898106,0.199999999999927,-0.18181613830902,0.983332543878415,3.364,15.8907963267949,0.251717818046139,0.481413488774699,0.545000000000222,0.045070336395305,0.483315570779625,0.949166501411261,-3.10862446895043e-17,0.229560741966455,7.2e-06
14.34,-0.19451942208796,0.982699702757771,3.368,15.8996085920716,1.00503115647634,0.00165522473722546,0.200000000000007,-0.201445116087181,0.979499803575591,3.368,15.9107963267949,0.25164901920557,0.481455768179115,0.545000000000231,0.0450703107759524,0.483463738745899,0.949202944389033,4.44089209850067e-18,0.229784496660921,5.6e-06
14.36,-0.214206080401546,0.978640407110723,3.372,15.9196199249136,1.00508063627918,0.00175023826793064,0.20000000000009,-0.220993518504806,0.975275276411161,3.372,15.9307963267949,0.251580065281185,0.481497038279467,0.54499999999972,0.0450702851826348,0.483610597094019,0.949240227010181,-4.44089209850058e-18,0.230008024698547,5.4e-06
14.38,-0.233808105040316,0.974185926012608,3.376,15.9396312462758,1.0051287712255,0.00184525988067244,0.199999999999989,-0.24045352646157,0.970660652139663,3.376,15.9507963267949,0.251510969023026,0.481537304031931,0.544999999999825,0.0450702596150607,0.483756142990897,0.949278332975597,-3.99680288865056e-17,0.23023132630893,5.1e-06
14.4,-0.253317537812372,0.969338028460302,3.38,15.9596425561697,1.0051755690375,0.00194027421347465,0.199999999999926,-0.259817356213754,0.965657776549278,3.38,15.9707963267949,0.251441743054762,0.481576570491288,0.545000000000222,0.0450702340734951,0.483900373814128,0.949317246045149,-3.99680288865056e-17,0.230454401721433,5.1e-06
14.42,-0.272726457824697,0.964098644464038,3.384,15.9796538546071,1.00522103755889,0.00203526608306275,0.200000000000006,-0.279077262487639,0.960268650723539,3.384,15.9907963267949,0.251372399873345,0.481614842808655,0.545000000000289,0.0450702085576981,0.484043287150079,0.949356950039594,4.44089209850067e-18,0.230677251165189,4.9e-06
14.44,-0.292026984761765,0.958469864245986,3.388,15.9996651415995,1.00526518475219,0.00213022048507406,0.20000000000011,-0.298225541577508,0.954495430240921,3.388,16.0107963267949,0.251302951847904,0.481652126229849,0.544999999999722,0.0450701830677493,0.484184880791968,0.949397428842444,4.44089209850067e-18,0.230899874869097,4.8e-06
14.46,-0.311211282146348,0.952453937371527,3.392,16.0196764171585,1.00530801869601,0.00222512259425519,0.20000000000001,-0.317254534427036,0.948340424312644,3.392,16.0307963267949,0.251233411220914,0.481688426093332,0.544999999999769,0.0450701576038334,0.484325152737925,0.949438666401816,-3.10862446895043e-17,0.231122273061825,4.9e-06
14.48,-0.330271560581127,0.946053271813661,3.396,16.0396876812957,1.00534954758247,0.00231995776461598,0.199999999999927,-0.336156629692795,0.941806094859011,3.396,16.0507963267949,0.251163790105753,0.481723747828295,0.545000000000222,0.0450701321653833,0.484464101189054,0.949480646732234,-3.10862446895043e-17,0.231344445971809,4.7e-06
14.5,-0.349200080969722,0.939270432950963,3.4,16.0596989340227,1.00538977971445,0.00241471152956994,0.200000000000007,-0.354924266788705,0.934895055524683,3.4,16.0707963267949,0.251094100488302,0.48175809695268,0.545000000000231,0.0450701067531819,0.484601724547483,0.949523353916405,4.44089209850067e-18,0.231566393827253,4.7e-06
14.52,-0.367989157715771,0.932108142499592,3.404,16.079710175351,1.00542872350303,0.00250936960202933,0.20000000000009,-0.37354993891016,0.927610070633246,3.404,16.0907963267949,0.251024354225279,0.48179147907136,0.54499999999972,0.0450700813661081,0.484738021414399,0.949566772106966,-4.44089209850058e-18,0.231788116856132,4.8e-06
14.54,-0.386631161898695,0.924569277379831,3.408,16.0997214052921,1.00546638746481,0.0026039178744892,0.199999999999989,-0.392026196036651,0.919954054081525,3.408,16.1107963267949,0.25095456304451,0.481823899874205,0.544999999999825,0.0450700560051153,0.484872990588083,0.949610885528191,-3.99680288865056e-17,0.232009615286187,4.7e-06
14.56,-0.405118524424805,0.916656868517701,3.412,16.1197326238577,1.00550278021934,0.00269834241907633,0.199999999999926,-0.410345647911673,0.911930068174062,3.412,16.1307963267949,0.250884738544513,0.481855365134182,0.545000000000222,0.0450700306696026,0.485006631061935,0.949655678477668,-3.99680288865056e-17,0.232230889344931,5e-06
14.58,-0.423443739152408,0.908374099582206,3.416,16.1397438310592,1.00553791048651,0.00279262948756047,0.200000000000006,-0.428500966998735,0.903541322398234,3.416,16.1507963267949,0.250814892194464,0.481885880705473,0.545000000000289,0.045070005360268,0.485138942022488,0.949701135327949,4.44089209850067e-18,0.232451939259646,6.6e-06
14.6,-0.441599365989597,0.899724305658791,3.42,16.1597550269081,1.00557178708398,0.00288676551134307,0.20000000000011,-0.446484891412266,0.894791172140504,3.42,16.1707963267949,0.250745035333201,0.481915452521621,0.544999999999722,0.0450699800760416,0.485269922847418,0.94974724052816,4.44089209850067e-18,0.232672765257381,5.4e-06
14.62,-0.459578033963412,0.890710971859624,3.424,16.179766211416,1.0056044189246,0.0029807371014316,0.20000000000001,-0.464290227822285,0.885683117344307,3.424,16.1907963267949,0.25067517917053,0.481944086593712,0.544999999999769,0.0450699548176926,0.48539957310355,0.949793978605583,-3.10862446895043e-17,0.23289336756496,5.2e-06
14.64,-0.477372444259076,0.881337731871353,3.428,16.1997773845943,1.00563581501391,0.00307453104838484,0.199999999999926,-0.481909854331628,0.876220801110125,3.428,16.2107963267949,0.250605334785036,0.481971789008399,0.545000000000222,0.045069929584901,0.485527892544851,0.94984133416721,-3.10862446895043e-17,0.233113746408972,5e-06
14.66,-0.494975373228039,0.87160836644099,3.432,16.2197885464545,1.00566598444755,0.00316813432221159,0.200000000000006,-0.499336723324618,0.866408008238286,3.432,16.2307963267949,0.250535513125883,0.481998565926185,0.545000000000231,0.0450699043772283,0.485654881110421,0.949889291901255,4.44089209850067e-18,0.233333902015781,5.1e-06
14.68,-0.512379675363545,0.861526801800628,3.436,16.239799697008,1.00569493640882,0.00326153407227466,0.20000000000009,-0.516563864286012,0.856248663715105,3.436,16.2507963267949,0.250465725011237,0.482024423579516,0.54499999999972,0.0450698791958365,0.485780538922484,0.949937836578648,-4.44089209850058e-18,0.233553834611518,4.7e-06
14.7,-0.5295782862425,0.851097108031696,3.44,16.2598108362664,1.00572268016613,0.00335471762713222,0.199999999999989,-0.533584386589118,0.845746831142934,3.44,16.2707963267949,0.250395981128791,0.482049368271046,0.544999999999825,0.0450698540392922,0.48590486628436,0.949986953054483,-3.99680288865056e-17,0.233773544422087,4.6e-06
14.72,-0.546564225432382,0.840323497369509,3.444,16.2798219642411,1.00574922507053,0.00344767249438188,0.199999999999926,-0.550391482251952,0.834906711114781,3.444,16.2907963267949,0.250326292035569,0.482073406371717,0.545000000000222,0.0450698289087404,0.486027863678445,0.950036626269449,-3.99680288865056e-17,0.233993031673164,4.5e-06
14.74,-0.563330599362005,0.82921032244887,3.448,16.2998330809434,1.00577458055327,0.00354038636047265,0.200000000000006,-0.566978428660341,0.823732639534121,3.448,16.3107963267949,0.250256668157878,0.482096544319088,0.545000000000289,0.0450698038032101,0.486149531764185,0.95008684125122,4.44089209850067e-18,0.234212296590193,4.6e-06
14.76,-0.579870604154928,0.817762074491528,3.452,16.3198441863849,1.00579875612335,0.00363284709048895,0.200000000000109,-0.583338591256877,0.812229085880604,3.452,16.3307963267949,0.250187119790686,0.482118788615443,0.544999999999722,0.0450697787234804,0.486269871376036,0.950137583115817,4.44089209850067e-18,0.234431339398393,4.9e-06
14.78,-0.596177528424321,0.805983381436301,3.456,16.3398552805769,1.00582176136508,0.00372504272791256,0.200000000000009,-0.599465426194654,0.800400651422312,3.456,16.3507963267949,0.250117657098886,0.482140145826041,0.544999999999711,0.0450697536691461,0.486388883521433,0.950188837068941,-3.99680288865056e-17,0.234650160322754,4.8e-06
14.8,-0.612244756028157,0.79387900601271,3.46,16.3598663635307,1.00584360593568,0.00381696149435022,0.199999999999905,-0.615352482954721,0.788252067375316,3.46,16.3707963267949,0.250048290116038,0.48216062257742,0.545000000000277,0.0450697286398677,0.486506569378749,0.950240588407276,-3.99680288865056e-17,0.234868759588037,4.9e-06
14.82,-0.628065768783551,0.781453843758983,3.464,16.3798774352579,1.0058642995629,0.00390859178926413,0.200000000000005,-0.630993406926194,0.775788193011259,3.464,16.3907963267949,0.249979028744416,0.482180225555606,0.545000000000231,0.0450697036361464,0.48662293029525,0.950292822519757,-4.44089209850058e-18,0.235087137418777,4.5e-06
14.84,-0.643634149139164,0.76871292098533,3.468,16.3998884957698,1.00588385204261,0.00399992218965675,0.200000000000089,-0.646381941948031,0.763014013713701,3.468,16.4107963267949,0.24990988275619,0.482198961504289,0.54499999999972,0.0450696786575655,0.486737967785054,0.950345524888813,-1.33226762955018e-17,0.235305294039279,6.5e-06
14.86,-0.658943582804536,0.755661392683377,3.472,16.4198995450777,1.0059022732365,0.00409094144973124,0.199999999999988,-0.661511932811399,0.749934638984043,3.472,16.4307963267949,0.24984086179219,0.48221683722326,0.544999999999825,0.0450696537047333,0.486851683527078,0.950398681091575,-4.88498130835068e-17,0.235523229673623,5.6e-06
14.88,-0.673987861335288,0.742304540382713,3.476,16.4399105831929,1.00591957306969,0.00418163850053349,0.199999999999924,-0.676377327721684,0.736555300397787,3.476,16.4507963267949,0.249771975362542,0.482233859566509,0.545000000000222,0.0450696287766762,0.486964079362993,0.950452276801063,-4.88498130835068e-17,0.235740944545662,4.9e-06
14.9,-0.688760884673133,0.728647769955487,3.48,16.4599216101269,1.00593576152845,0.00427200244957708,0.200000000000004,-0.690972180719126,0.722881349511976,3.48,16.4707963267949,0.249703232846836,0.482250035440705,0.545000000000289,0.045069603874362,0.487075157295169,0.950506297787329,-4.44089209850058e-18,0.235958438879021,4.9e-06
14.92,-0.703256663639638,0.714696609370039,3.484,16.479932625891,1.00595084865789,0.00436202258044398,0.200000000000108,-0.705290654057118,0.708918255724651,3.484,16.4907963267949,0.249634643493496,0.482265371803384,0.544999999999722,0.0450695789967255,0.487184919484627,0.950560729918586,-4.44089209850058e-18,0.2361757128971,4.7e-06
14.94,-0.717469322382743,0.700456706394556,3.488,16.4999436304964,1.00596484455964,0.00445168835236204,0.200000000000008,-0.719327020537238,0.694671604087154,3.488,16.5107963267949,0.249566216421274,0.482279875661271,0.544999999999711,0.0450695541443485,0.487293368248981,0.950615559162299,-4.88498130835068e-17,0.236392766823071,5.3e-06
14.96,-0.731393100775026,0.685933826251764,3.492,16.5199546239544,1.00597775938964,0.00454098939976743,0.199999999999904,-0.733075665800043,0.680147093070186,3.492,16.5307963267949,0.249497960618145,0.482293554068716,0.545000000000277,0.045069529318053,0.487400506060388,0.950670771586247,-4.88498130835068e-17,0.236609600879881,4.7e-06
14.98,-0.745022356762747,0.671133849225697,3.496,16.5399656062764,1.00598960335588,0.00462991553180974,0.200000000000004,-0.746531090570739,0.665350532284497,3.496,16.5507963267949,0.249429884941458,0.482306414125918,0.545000000000231,0.0450695045158461,0.487506335543491,0.95072635335956,-1.33226762955018e-17,0.236826215290251,4.9e-06
15,-0.758351568664713,0.656062768221595,3.5,16.5599765774737,1.00600038671616,0.00471845673189038,0.200000000000087,-0.759687912858821,0.650287840157117,3.5,16.5707963267949,0.249361998119321,0.482318462977312,0.54499999999972,0.0450694797390377,0.487610859473366,0.950782290753721,-2.22044604925031e-17,0.237042610276676,4.6e-06
15.02,-0.771375337420055,0.640726686279995,3.504,16.5799875375574,1.00601011977589,0.00480660315716575,0.199999999999987,-0.772540870110797,0.634965041564063,3.504,16.5907963267949,0.249294308749514,0.482329707810043,0.544999999999882,0.0450694549873164,0.487714080773468,0.95083857014355,-4.88498130835068e-17,0.237258786061425,4.7e-06
15.04,-0.784088388783988,0.625131814046117,3.508,16.5999984865389,1.0060188128859,0.00489434513799964,0.199999999999944,-0.785084821315137,0.619388265420471,3.508,16.6107963267949,0.249226825300321,0.482340155852148,0.545000000000224,0.0450694302610195,0.487816002513578,0.95089517800815,-3.99680288865056e-17,0.237474742866545,4.7e-06
15.06,-0.796485575470691,0.609284467195639,3.512,16.6200094244294,1.00602647644029,0.00498167317740921,0.200000000000025,-0.797314749058608,0.603563742229111,3.512,16.6307963267949,0.249159556110453,0.482349814371195,0.545000000000233,0.0450694055594567,0.487916627907753,0.950952100931826,4.44089209850067e-18,0.237690480913855,4.6e-06
15.08,-0.80856187924245,0.593191063817998,3.516,16.6400203512402,1.00603312087425,0.00506857795051034,0.200000000000109,-0.809225761533179,0.587497801588267,3.516,16.6507963267949,0.24909250938974,0.482358690672481,0.544999999999665,0.045069380882942,0.488015960312269,0.951009325604983,-4.44089209850058e-18,0.237906000424949,4.6e-06
15.1,-0.820312412944224,0.576858121758345,3.52,16.6600312669824,1.00603875666198,0.00515505030393362,0.199999999999988,-0.820813094492668,0.571196869659989,3.52,16.6707963267949,0.249025693218459,0.482366792097585,0.544999999999825,0.0450693562315288,0.488114003223579,0.95106683882499,-3.99680288865056e-17,0.238121301621199,1.28e-05
15.12,-0.831732422482832,0.560292255919321,3.524,16.6800421716673,1.00604339431451,0.00524108125521087,0.199999999999925,-0.832072113158389,0.554667466599703,3.524,16.6907963267949,0.248959115549063,0.482374126022796,0.545000000000222,0.0450693316048926,0.48821076027626,0.951124627497015,-3.99680288865056e-17,0.238336384723751,5.9e-06
15.14,-0.842817288749977,0.543500175523818,3.528,16.7000530653061,1.00604704437766,0.00532666199215718,0.200000000000005,-0.842998314072995,0.537916203948244,3.528,16.7107963267949,0.248892784205273,0.482380699857377,0.545000000000289,0.0450693070036461,0.488306235240972,0.951182678634843,4.44089209850067e-18,0.238551249953527,5.7e-06
15.16,-0.853562529488356,0.526488681339911,3.532,16.7200639479099,1.00604971742997,0.00541178387221346,0.200000000000109,-0.853587326901798,0.520949781987327,3.532,16.7307963267949,0.248826706882272,0.48238652104236,0.544999999999722,0.045069282426628,0.488400432022411,0.951240979361652,4.44089209850067e-18,0.238765897531226,4.9e-06
15.18,-0.86396380110012,0.509264662869169,3.536,16.74007481949,1.00605142408061,0.00549643842180499,0.200000000000009,-0.863834916180852,0.50377498705952,3.536,16.7507963267949,0.248760891148418,0.482391597048753,0.544999999999711,0.0450692578751804,0.488493354657272,0.951299516910776,-3.99680288865056e-17,0.238980327677323,5e-06
15.2,-0.874016900396969,0.491835095499555,3.54,16.7600856800575,1.00605217496741,0.00558061733565218,0.199999999999905,-0.87373698301108,0.4863986888538,3.54,16.7707963267949,0.248695344444032,0.482395935376113,0.54500000000022,0.0450692333480655,0.488585007312212,0.951358278626433,-4.88498130835068e-17,0.23919454061207,4.9e-06
15.22,-0.883717766291225,0.474207037624132,3.544,16.7800965296236,1.0060519807548,0.00566431247607157,0.199999999999984,-0.883289566697775,0.468827837657767,3.544,16.7907963267949,0.248630074082597,0.482399543551032,0.545000000000229,0.0450692088460622,0.488675394281813,0.951417251964428,-2.22044604925031e-17,0.239408536555496,5e-06
15.24,-0.893062481427208,0.456387627726833,3.548,16.8001073681994,1.0060508521318,0.00574751587226954,0.200000000000066,-0.892488846334828,0.451069461577624,3.548,16.8107963267949,0.248565087250999,0.482402429125732,0.545000000000007,0.0450691843690531,0.488764519986556,0.951476424492833,4.44089209850067e-18,0.239622315727405,4.8e-06
15.26,-0.902047273752298,0.438384081436536,3.552,16.820118195796,1.00604879981015,0.00583021971959869,0.200000000000069,-0.901331142333039,0.433130663727031,3.552,16.8307963267949,0.248500391009316,0.482404599676474,0.54499999999966,0.0450691599166253,0.488852388970793,0.951535783892638,-2.22044604925031e-17,0.239835878347382,4.5e-06
15.28,-0.910668518027083,0.420203688550703,3.556,16.8401290124247,1.00604583452221,0.00591241637881951,0.199999999999946,-0.909812917891906,0.415018619385946,3.556,16.8507963267949,0.248435992292563,0.482406062802191,0.544999999999993,0.0450691354886237,0.488939005900723,0.951595317958377,-4.88498130835068e-17,0.240049224634787,4.6e-06
15.3,-0.918922737274017,0.401853810029866,3.56,16.8601398180963,1.00604196701918,0.00599409837534881,0.199999999999944,-0.917930780414293,0.396740573130612,3.56,16.8707963267949,0.248371897909804,0.482406826123006,0.545000000000282,0.0450691110859412,0.489024375562377,0.951655014598726,-3.10862446895043e-17,0.240262354808758,4.8e-06
15.32,-0.926806604164037,0.383341874964237,3.564,16.8801506128222,1.00603720806908,0.00607525839846105,0.200000000000045,-0.925681482863428,0.378303835935832,3.564,16.8907963267949,0.248308114544683,0.482406897278817,0.54500000000012,0.0450690867080053,0.489108502859602,0.951714861837081,4.44089209850067e-18,0.240475269088212,4.8e-06
15.34,-0.93431694234063,0.364675377513743,3.568,16.9001613966133,1.00603156845492,0.00615588930048686,0.200000000000089,-0.933061925061673,0.359715782250661,3.568,16.9107963267949,0.248244648757015,0.482406283927883,0.544999999999663,0.0450690623542005,0.489191392812055,0.951774847812108,-1.33226762955018e-17,0.240687967691844,6e-06
15.36,-0.94145072768085,0.345861873822775,3.572,16.9201721694808,1.00602505897278,0.00623598409602805,0.199999999999967,-0.940069154930553,0.340983847048736,3.572,16.9307963267949,0.248181506981908,0.482404993745399,0.544999999999938,0.0450690380253065,0.489273050553199,0.951834960778266,-3.99680288865056e-17,0.240900450838126,4.9e-06
15.38,-0.948205089492819,0.326908978910977,3.576,16.9401829314357,1.00601769043002,0.00631553596112456,0.199999999999944,-0.946700369671549,0.322115522854383,3.576,16.9507963267949,0.248118695530917,0.482403034422117,0.545000000000224,0.0450690137212069,0.489353481328305,0.951895189106308,-3.10862446895043e-17,0.241112718745311,6.8e-06
15.4,-0.954577311649279,0.30782436354139,3.58,16.960193682489,1.00600947364342,0.00639453823239814,0.200000000000025,-0.95295291688718,0.303118356745702,3.58,16.9707963267949,0.248056220592506,0.48240041366303,0.545000000000233,0.0450689894419693,0.489432690492458,0.951955521283757,1.33226762955019e-17,0.24132477163143,5.5e-06
15.42,-0.960564833656788,0.288615751067261,3.584,16.9802044226518,1.00600041943735,0.00647298440620016,0.200000000000109,-0.958824295641926,0.283999947335849,3.584,16.9907963267949,0.247994088231867,0.482397139185931,0.544999999999665,0.0450689651868043,0.489510683508577,0.952015945915357,4.44089209850068e-18,0.241536609714291,5.5e-06
15.44,-0.966165251660164,0.269290914258882,3.588,17.0002151519352,1.00599053864202,0.00655086813775626,0.199999999999988,-0.964312157462568,0.264767941733678,3.588,17.0107963267949,0.247932304392805,0.482393218720099,0.544999999999825,0.0450689409562078,0.489587465945424,0.952076451723503,-3.10862446895043e-17,0.241748233211486,5.4e-06
15.46,-0.971376319381843,0.249857672111767,3.592,17.0202258703501,1.00597984209169,0.00662818324028717,0.199999999999925,-0.969414307277549,0.245430032485003,3.592,17.0307963267949,0.247870874896971,0.48238866000502,0.54500000000028,0.0450689167505258,0.489663043475641,0.952137027548639,-2.22044604925031e-17,0.241959642340381,4.8e-06
15.48,-0.976195948995806,0.230323886637525,3.596,17.0402365779076,1.00596834062294,0.00670492368409373,0.200000000000026,-0.974128704294971,0.225993954495693,3.596,17.0507963267949,0.247809805444483,0.482383470788958,0.545000000000175,0.0450688925691729,0.489737421873777,0.952197662349646,1.33226762955019e-17,0.242170837318127,5e-06
15.5,-0.980622211935786,0.210697459638786,3.6,17.0602472746186,1.0059560450729,0.00678108359564965,0.200000000000089,-0.978453462818884,0.206467481937797,3.6,17.0707963267949,0.247749101615664,0.482377658827722,0.544999999999663,0.0450688684126713,0.489810607014328,0.952258345204192,-4.44089209850057e-18,0.242381818361652,4.41e-05
15.52,-0.984653339637491,0.190986329469516,3.604,17.0802579604942,1.00594296627762,0.00685665725667879,0.199999999999968,-0.982386853003542,0.186858425139989,3.604,17.0907963267949,0.247688768870191,0.482371231883447,0.544999999999938,0.0450688442800503,0.489882604869782,0.952319065309069,-3.10862446895043e-17,0.242592585687666,1.25e-05
15.54,-0.988287724214579,0.171198467782098,3.608,17.1002686355454,1.0059291150703,0.00693163910323177,0.199999999999945,-0.985927301545316,0.167174627463537,3.608,17.1107963267949,0.247628812548381,0.482364197723172,0.545000000000224,0.0450688201720905,0.489953421508677,0.952379811980503,-2.22044604925031e-17,0.242803139512656,8.4e-06
15.56,-0.991523919068197,0.151341876262521,3.612,17.120279299783,1.0059145022797,0.00700602372473632,0.200000000000026,-0.989073392311993,0.147423962165065,3.612,17.1307963267949,0.247569237871642,0.482356564117677,0.545000000000233,0.0450687960881963,0.490023063093659,0.952440574654442,2.22044604925032e-17,0.243013480052894,6.5e-06
15.58,-0.994360639429878,0.131424583355061,3.616,17.1402899532181,1.00589913872843,0.00707980586303257,0.20000000000011,-0.991823866909215,0.127614329247352,3.616,17.1507963267949,0.247510049943161,0.482348338840219,0.544999999999665,0.0450687720297442,0.490091535879552,0.952501342886824,1.33226762955019e-17,0.243223607524431,6.3e-06
15.6,-0.996796762837649,0.111454640977801,3.62,17.1603005958615,1.00588303523139,0.0071529804113823,0.199999999999989,-0.994177625183815,0.107753652299444,3.62,17.1707963267949,0.247451253747881,0.482339529665348,0.544999999999825,0.0450687479950502,0.490158846211433,0.952562106353817,-2.22044604925031e-17,0.243433522143099,5.7e-06
15.62,-0.998831329545212,0.0914401212303681,3.624,17.1803112277243,1.0058662025941,0.00722554241349549,0.199999999999926,-0.996133725663867,0.0878498753273122,3.624,17.1907963267949,0.247392854154433,0.482330144367495,0.545000000000222,0.045068723984221,0.490225000522717,0.952622854852041,-2.22044604925031e-17,0.243643224124511,5.8e-06
15.64,-1.00046354286411,0.0713891130952596,3.628,17.2003218488173,1.00584865161116,0.00729748706256166,0.200000000000006,-0.997691385935259,0.0679109595763636,3.628,17.2107963267949,0.247334855914531,0.482320190720102,0.545000000000231,0.045068699998432,0.490290005333254,0.952683578298771,1.33226762955019e-17,0.243852713684063,1.01e-05
15.66,-1.00169276943876,0.0513097191341104,3.632,17.2203324591515,1.00583039306471,0.00736880970022011,0.200000000000089,-0.998849982954651,0.0479448803470537,3.632,17.2307963267949,0.247277263663639,0.482309676494122,0.544999999999778,0.0450686760364565,0.490353867247423,0.952744266732113,1.33226762955019e-17,0.244061991036932,7.1e-06
15.68,-1.00251853945441,0.0312100521802879,3.636,17.2403430587377,1.00581143772282,0.00743950581553959,0.200000000000009,-0.999609053298684,0.0279596238048615,3.636,17.2507963267949,0.247220081922799,0.482298609457006,0.544999999999769,0.0450686520992769,0.490416592952249,0.952804910311161,-2.22044604925031e-17,0.244271056398077,2.34e-05
15.7,-1.00294054677786,0.0110982320291716,3.64,17.2603536475868,1.00579179633802,0.00750957104399602,0.199999999999926,-0.99996829334934,0.00796318378593734,3.64,17.2707963267949,0.247163315097964,0.482286997371538,0.545000000000222,0.0450686281854594,0.490478189215519,0.952865499316133,-2.22044604925031e-17,0.244479909982239,9.6e-06
15.72,-1.00295864903105,-0.00901761787251316,3.644,17.2803642257098,1.0057714796458,0.00757900116644566,0.200000000000006,-0.999927559415389,-0.0120364414003268,3.644,17.2907963267949,0.2471069674813,0.482274847994626,0.545000000000231,0.0450686042969166,0.490538662883908,0.952926024148488,1.33226762955019e-17,0.244688552003942,8.8e-06
15.74,-1.00257286759755,-0.0291293737369428,3.648,17.3003747931174,1.0057504983631,0.00764779210806272,0.200000000000089,-0.999486867789862,-0.0320312521705163,3.648,17.3107963267949,0.247051043251895,0.482262169076235,0.544999999999836,0.0450685804322564,0.490598020881122,0.952986475331018,2.22044604925032e-17,0.244896982677492,7.7e-06
15.76,-1.00178338756202,-0.0492289147436637,3.652,17.3203853498205,1.00572886318689,0.00771593993727303,0.20000000000003,-0.998646394743533,-0.0520132508669136,3.652,17.3307963267949,0.246995546475744,0.482248968358236,0.544999999999714,0.0450685565914188,0.490656270206038,0.953046843507925,-1.33226762955018e-17,0.245105202216979,8.4e-06
15.78,-1.00059055758261,-0.069308126344921,3.656,17.3403958958301,1.00570658479267,0.00778344086471806,0.199999999999927,-0.997406476454414,-0.0719744449564648,3.656,17.3507963267949,0.246940481107794,0.482235253573311,0.545000000000164,0.0450685327746309,0.490713417930862,0.953107119444874,-2.22044604925031e-17,0.245313210836275,6.9e-06
15.8,-0.998994889696655,-0.0893589035664933,3.66,17.3604064311568,1.00568367383314,0.00785029124217278,0.199999999999986,-0.995767608873289,-0.0919068502276816,3.66,17.3707963267949,0.246885850991436,0.482221032443853,0.545000000000229,0.0450685089823331,0.4907694711993,0.953167294029026,4.44089209850069e-18,0.245521008749036,6.5e-06
15.82,-0.996997059059566,-0.109373154302683,3.664,17.3804169558116,1.00566014093673,0.00791648756144435,0.200000000000069,-0.993730447525339,-0.111802493984214,3.664,17.3907963267949,0.246831659859199,0.482206312680941,0.544999999999949,0.0450684852145208,0.490824437224725,0.953227358269057,2.22044604925032e-17,0.245728596168703,6.8e-06
15.84,-0.994597903617279,-0.129342802604111,3.668,17.4004274698052,1.00563599670625,0.00798202645327108,0.20000000000005,-0.991295807247941,-0.131653418233833,3.668,17.4107963267949,0.246777911334704,0.482191101983284,0.544999999999716,0.0450684614700384,0.490878323288371,0.953287303295148,-4.44089209850057e-18,0.245935973308496,6.8e-06
15.86,-0.991798423712346,-0.149259791956987,3.672,17.4204379731484,1.00561125171752,0.0080469046862482,0.199999999999948,-0.988464661864746,-0.151451682871513,3.672,17.4307963267949,0.246724608932037,0.482175408036062,0.545000000000051,0.0450684377499469,0.490931136737523,0.953347120358966,-2.22044604925031e-17,0.246143140381426,7.3e-06
15.88,-0.988599781623957,-0.169116088552498,3.676,17.4404484658521,1.00558591651806,0.00811111916571403,0.199999999999966,-0.985238143796158,-0.171189368855374,3.676,17.4507963267949,0.24667175605712,0.482159238510057,0.545000000000227,0.0450684140535696,0.490982884983726,0.953406800833618,-4.44089209850057e-18,0.246350097600281,5.9e-06
15.9,-0.985003301042122,-0.188903684545011,3.68,17.460458947927,1.00556000162576,0.00817466693262686,0.200000000000048,-0.981617543606384,-0.190858581374189,3.68,17.4707963267949,0.246619356008502,0.482142601060505,0.54500000000012,0.0450683903816187,0.491033575501005,0.953466336213591,3.10862446895044e-17,0.246556845177639,1.96e-05
15.92,-0.981010466476306,-0.20861460129775,3.684,17.4804694193838,1.00553351752758,0.00823754516243561,0.200000000000091,-0.977604309487228,-0.2104514530052,3.684,17.4907963267949,0.246567411977406,0.482125503326199,0.544999999999663,0.0450683667337121,0.491083215824085,0.953525718114674,1.33226762955019e-17,0.24676338332586,1.02e-05
15.94,-0.976622922598824,-0.228240892614635,3.688,17.5004798802334,1.00550647467826,0.00829975116394282,0.199999999999969,-0.973200046678827,-0.229960146860991,3.688,17.5107963267949,0.246515927049843,0.482107952928439,0.54499999999988,0.0450683431094389,0.491131813546638,0.953584938273857,-2.22044604925031e-17,0.24696971225709,8.4e-06
15.96,-0.971842473523321,-0.247774647956982,3.692,17.5204903304865,1.00547888349909,0.00836128237818177,0.199999999999926,-0.968406516827582,-0.249376859724133,3.692,17.5307963267949,0.246464904206176,0.482089957470079,0.545000000000222,0.0450683195091272,0.491179376319526,0.953643988549215,-2.22044604925031e-17,0.247175832183259,6.6e-06
15.98,-0.966671082018712,-0.267207995643763,3.696,17.5405007701537,1.00545075437669,0.00842213637727051,0.200000000000006,-0.963225637281521,-0.268693825168365,3.696,17.5507963267949,0.246414346321835,0.482071524534539,0.545000000000231,0.0450682959324616,0.491225911849066,0.953702860919778,1.33226762955019e-17,0.247381743316082,5.7e-06
16,-0.961110868658952,-0.286533106034126,3.7,17.5605111992459,1.00542209766173,0.00848231086325703,0.200000000000089,-0.957659480323385,-0.287903316665065,3.7,17.5707963267949,0.246364256169404,0.48205266168495,0.544999999999778,0.0450682723804484,0.491271427895298,0.953761547485377,1.33226762955019e-17,0.247587445867062,5.2e-06
16.02,-0.955164110909065,-0.305742194690909,3.704,17.5805216177737,1.00539292366781,0.00854180366694664,0.200000000000009,-0.951710272341742,-0.30699765067376,3.704,17.5907963267949,0.246314636417948,0.482033376463156,0.544999999999827,0.045068248851774,0.491315932270274,0.953820040466475,-1.33226762955018e-17,0.247792940047486,5e-06
16.04,-0.948833242147848,-0.324827525523867,3.708,17.6005320257479,1.00536324267024,0.00860061274674452,0.199999999999947,-0.945380392940463,-0.325969189715432,3.708,17.6107963267949,0.246265489634592,0.482013676388781,0.545000000000051,0.0450682253469432,0.491359432836345,0.953878332203982,-3.10862446895043e-17,0.247998226068427,5e-06
16.06,-0.942120850627732,-0.343781413911359,3.712,17.620542423179,1.00533306490489,0.00865873618750038,0.199999999999965,-0.938672373986913,-0.344810345427416,3.712,17.6307963267949,0.246216818285068,0.481993568958381,0.545000000000284,0.0450682018659285,0.491401937504475,0.953936415159054,-4.44089209850056e-18,0.248203304140744,9.4e-06
16.08,-0.935029678372276,-0.362596229799234,3.716,17.640552810078,1.00530240056706,0.00871617219932151,0.200000000000068,-0.931588898599232,-0.363513581598639,3.716,17.6507963267949,0.246168624734622,0.481973061644551,0.544999999999834,0.0450681784088937,0.491443454232554,0.953994281912875,-4.44089209850056e-18,0.248408174475083,5.9e-06
16.1,-0.927562620011803,-0.381264400775688,3.72,17.6605631864552,1.00527125981038,0.00877291911638866,0.200000000000008,-0.92413280007313,-0.382071417184009,3.72,17.6707963267949,0.246120911248989,0.481952161894991,0.544999999999942,0.0450681549756333,0.491483991023731,0.954051925166418,-1.33226762955018e-17,0.248612837281876,5.4e-06
16.12,-0.919722721557721,-0.399778415120864,3.724,17.6805735523216,1.0052396527457,0.00882897539576846,0.199999999999987,-0.916307060748606,-0.40047642929672,3.724,17.6907963267949,0.246073679993976,0.481930877131738,0.544999999999767,0.0450681315655438,0.491523555924757,0.954109337740197,-5.77315972805081e-17,0.248817292771343,5.2e-06
16.14,-0.911513179116081,-0.418130824829971,3.728,17.7005839076876,1.00520758943999,0.00888433961624138,0.199999999999903,-0.908114810817047,-0.418721256177326,3.728,17.7107963267949,0.246026933038893,0.481909214750279,0.545000000000277,0.0450681081798017,0.491562157024334,0.954166512573998,-5.77315972805081e-17,0.24902154115349,5e-06
16.16,-0.902937337540966,-0.436314248608737,3.732,17.7205942525639,1.00517507991531,0.00893901047709125,0.200000000000003,-0.899559327069198,-0.436798600138338,3.732,17.7307963267949,0.245980672354728,0.481887182118721,0.545000000000231,0.0450680848174697,0.491599802451488,0.954223442726597,-2.22044604925031e-17,0.249225582638109,6.8e-06
16.18,-0.8939986890283,-0.454321374839986,3.736,17.7406045869612,1.00514213414781,0.00899298679690038,0.200000000000086,-0.890644031584486,-0.454701230483197,3.736,17.7507963267949,0.245934899816251,0.481864786576938,0.544999999999778,0.0450680614791702,0.491636500373945,0.954280121375464,-2.22044604925031e-17,0.249429417434784,8.5e-06
16.2,-0.884700871650728,-0.472144964520185,3.74,17.76061491089,1.00510876206662,0.00904626751235008,0.200000000000006,-0.881372490362235,-0.472421986398466,3.74,17.7707963267949,0.245889617202729,0.481842035435878,0.544999999999827,0.0450680381638486,0.49167225899652,0.954336541816446,-4.88498130835068e-17,0.249633045752882,5.8e-06
16.22,-0.875047667834199,-0.489777854164785,3.744,17.780625224361,1.00507497355295,0.00909885167702511,0.199999999999944,-0.871748411895315,-0.489953779818051,3.744,17.7907963267949,0.245844826198584,0.481818935976627,0.544999999999993,0.0450680148725789,0.491707086559528,0.95439269746344,-7.54951656745106e-17,0.249836467801559,5.6e-06
16.24,-0.865043002776939,-0.507212958681214,3.748,17.8006355273848,1.00504077843904,0.00915073846019608,0.199999999999941,-0.861775645686795,-0.507289598258339,3.748,17.8107963267949,0.245800528394394,0.481795495449782,0.54500000000034,0.0450679916047934,0.491740991337191,0.954448581848051,-4.88498130835068e-17,0.250039683789761,5.8e-06
16.26,-0.854690942811515,-0.524443274208396,3.752,17.8206458199719,1.00500618650722,0.00920192714559621,0.200000000000064,-0.851458180710189,-0.524422507623095,3.752,17.8307963267949,0.245756725287608,0.4817717210746,0.544999999999949,0.0450679683608416,0.491773981636075,0.954504188619234,-3.10862446895043e-17,0.25024269392622,5.4e-06
16.28,-0.843995693710694,-0.541461880921665,3.756,17.8406561021329,1.00497120748901,0.00925241713020658,0.200000000000045,-0.840800143813921,-0.541345654977011,3.756,17.8507963267949,0.245713418283861,0.481747620038224,0.544999999999831,0.045067945140142,0.491806065793531,0.954559511542923,-3.99680288865056e-17,0.250445498419459,6e-06
16.3,-0.832961598937847,-0.558261945801992,3.76,17.8606663738785,1.00493585106415,0.00930220792303774,0.199999999999984,-0.829805798070649,-0.558052271286779,3.76,17.8707963267949,0.245670608696211,0.481723199495117,0.544999999999825,0.0450679219426464,0.491837252176146,0.954614544501645,-7.54951656745106e-17,0.250648097477788,1.89e-05
16.32,-0.821593137842663,-0.57483672536842,3.764,17.880676635219,1.00490012685968,0.00935129914392322,0.199999999999921,-0.818479541072078,-0.574535674128631,3.764,17.8907963267949,0.245628297748966,0.481698466566076,0.54500000000028,0.0450678987691701,0.491867549178215,0.95466928149412,-6.66133814775093e-17,0.250850491309306,9.9e-06
16.34,-0.809894923802948,-0.591179568372656,3.768,17.9006868861651,1.00486404444912,0.00939969052226825,0.200000000000022,-0.806825903169994,-0.590789270361204,3.768,17.9107963267949,0.245586486575676,0.481673428337841,0.545000000000175,0.0450678756192495,0.491896965220221,0.954723716634847,-3.10862446895043e-17,0.251052680121902,6.5e-06
16.36,-0.797871702313313,-0.607283918454762,3.772,17.9206971267273,1.0048276133516,0.0094473818958206,0.200000000000085,-0.794849545664176,-0.606806558762718,3.772,17.9307963267949,0.245545176221446,0.481648091862114,0.544999999999778,0.0450678524927698,0.49192550874733,0.954777844153681,-3.10862446895043e-17,0.251254664123254,5.6e-06
16.38,-0.785528349021576,-0.6231433167589,3.776,17.9407073569161,1.00479084303094,0.00949437320944736,0.200000000000005,-0.782555258937946,-0.622581132631374,3.776,17.9507963267949,0.245504367643442,0.48162246415505,0.544999999999769,0.0450678293891292,0.491953188227899,0.954831658395392,-6.66133814775093e-17,0.251456443520829,7e-06
16.4,-0.772869867713723,-0.638751404508136,3.78,17.9607175767421,1.00475374289489,0.00954066451391884,0.199999999999922,-0.769947960542072,-0.638106682347947,3.78,17.9707963267949,0.2454640617119,0.481596552196556,0.545000000000164,0.0450678063093149,0.491980012151995,0.954885153819211,-7.54951656745106e-17,0.251658018521886,5.4e-06
16.42,-0.759901388248284,-0.654101925537283,3.784,17.9807277862156,1.00471632229431,0.00958625596466356,0.199999999999981,-0.757032693227814,-0.65337699789956,3.784,17.9907963267949,0.245424259211182,0.481570362929642,0.54500000000046,0.0450677832530491,0.492005989029931,0.954938324998367,-1.33226762955018e-17,0.251859389333472,4.8e-06
16.44,-0.746628164441004,-0.669188728782822,3.788,18.0007379853473,1.00467859052239,0.0096311478205172,0.200000000000146,-0.743814622929902,-0.668385971363588,3.788,18.0107963267949,0.245384960839291,0.481543903259721,0.544999999999727,0.0450677602196497,0.492031127390816,0.954991166619609,4.44089209850069e-18,0.252060556162424,4.7e-06
16.46,-0.73305557190072,-0.684005770728913,3.792,18.0207481741475,1.00464055681381,0.00967534044250461,0.200000000000048,-0.730299036700215,-0.683127599350765,3.792,18.0307963267949,0.24534616721154,0.481517180054116,0.544999999999774,0.0450677372100157,0.492055435781111,0.955043673482719,-1.33226762955018e-17,0.252261519215371,4.4e-06
16.48,-0.719189105817347,-0.698547117808587,3.796,18.0407583526268,1.00460223034407,0.00971883429259817,0.199999999999966,-0.716491340593037,-0.697595985406447,3.796,18.0507963267949,0.245307878858645,0.481490200141312,0.544999999999822,0.0450677142232951,0.492078922763212,0.955095840500006,-5.77315972805081e-17,0.252462278698732,4.8e-06
16.5,-0.705034378702916,-0.712806948759166,3.8,18.0607685207956,1.00456362022872,0.00976162993247504,0.199999999999902,-0.702397057502714,-0.711785342369123,3.8,18.0707963267949,0.245270096229024,0.481462970310405,0.545000000000335,0.0450676912602989,0.492101596914029,0.955147662695795,-4.88498130835068e-17,0.252662834818717,4.7e-06
16.52,-0.690597118086615,-0.726779556931018,3.804,18.0807786786644,1.00452473552264,0.00980372802227666,0.200000000000023,-0.688021824954558,-0.725689994685196,3.804,18.0907963267949,0.245232819689437,0.481435497310591,0.545000000000175,0.0450676683201761,0.492123466823599,0.955199135205903,-1.33226762955018e-17,0.252863187781327,4.8e-06
16.54,-0.675883164164804,-0.740459352548775,3.808,18.1007888262435,1.00448558521935,0.00984512931937212,0.200000000000086,-0.673371392849922,-0.739304380679132,3.808,18.1107963267949,0.245196049525801,0.481407787850503,0.54499999999972,0.0450676454036425,0.492144541093694,0.955250253277102,-2.22044604925031e-17,0.253063337792354,4.8e-06
16.56,-0.660898467406986,-0.753840864924119,3.812,18.1207989635435,1.00444617825032,0.00988583467711818,0.199999999999986,-0.658451621166313,-0.752623054778057,3.812,18.1307963267949,0.245159785944154,0.481379848597612,0.544999999999825,0.0450676225102246,0.492164828336455,0.955301012266573,-5.77315972805081e-17,0.253263285057383,4.7e-06
16.58,-0.645649086118739,-0.766918744619334,3.816,18.1408090905746,1.00440652348429,0.0099258450436103,0.199999999999922,-0.643268477613474,-0.765640689689912,3.816,18.1507963267949,0.245124029071518,0.48135168617788,0.54500000000028,0.0450675996399892,0.492184337173037,0.955351407641345,-4.88498130835068e-17,0.253463029781788,4.8e-06
16.6,-0.630141183962629,-0.779687765560762,3.82,18.1608192073474,1.00436662972666,0.00996516146045595,0.200000000000023,-0.627828035246386,-0.778352078534298,3.82,18.1707963267949,0.245088778957096,0.481323307174978,0.545000000000233,0.0450675767928188,0.492203076232264,0.955401434977729,-4.44089209850056e-18,0.253662572170738,4.4e-06
16.62,-0.614381027438128,-0.79214282710139,3.824,18.1808293138722,1.00432650571884,0.0100037850615296,0.200000000000107,-0.612136470036131,-0.790752136925159,3.824,18.1907963267949,0.245054035571728,0.481294718129936,0.54499999999978,0.0450675539684936,0.492221054149303,0.95545108996074,4.44089209850069e-18,0.253861912429193,1.47e-05
16.64,-0.598374983321595,-0.804278956031774,3.828,18.2008394101594,1.00428616013764,0.0100417170717413,0.200000000000028,-0.596200058399572,-0.80283590500447,3.828,18.2107963267949,0.245019798811644,0.481265925540562,0.544999999999771,0.0450675311677392,0.492238279564348,0.955500368383504,-2.22044604925031e-17,0.254061050761903,7.6e-06
16.66,-0.582129516067382,-0.816091308538541,3.832,18.2208494962193,1.00424560159466,0.0100789588057848,0.199999999999945,-0.580025174688882,-0.814598549426116,3.832,18.2307963267949,0.244986068496609,0.481236935860984,0.544999999999993,0.0450675083898999,0.492254761121323,0.95554926614666,-4.88498130835068e-17,0.254259987373415,5.6e-06
16.68,-0.565651185171123,-0.827575172109743,3.836,18.2408595720624,1.00420483863575,0.0101155116668976,0.199999999999943,-0.563618288641882,-0.82603536528916,3.836,18.2507963267949,0.244952844372069,0.481207755501121,0.54500000000034,0.0450674856357097,0.492270507466595,0.955597779257753,-2.22044604925031e-17,0.254458722468066,5e-06
16.7,-0.548946642496327,-0.838725967386336,3.84,18.2608696376989,1.00416387974042,0.0101513771456212,0.200000000000065,-0.546985962794236,-0.837141778019747,3.84,18.2707963267949,0.24492012610993,0.481178390826296,0.544999999999891,0.0450674629035619,0.4922855272477,0.955645903830612,-1.33226762955018e-17,0.254657256249986,4.9e-06
16.72,-0.532022629565342,-0.8495392499591,3.844,18.2808796931392,1.00412273332131,0.0101865568185862,0.200000000000026,-0.530134849854521,-0.847913345200867,3.844,18.2907963267949,0.244887913309347,0.481148848156619,0.544999999999771,0.0450674401952788,0.492299829112089,0.955693636084726,-3.99680288865056e-17,0.254855588923099,4.9e-06
16.74,-0.514885974815838,-0.860010712110327,3.848,18.3008897383937,1.00408140772365,0.0102210523472658,0.199999999999944,-0.513071690043234,-0.858345758349268,3.848,18.3107963267949,0.244856205497748,0.481119133766788,0.544999999999993,0.0450674175093724,0.492313421705882,0.955740972344601,-6.66133814775093e-17,0.255053720691123,4.7e-06
16.76,-0.497543590823911,-0.870136184499629,3.852,18.3208997734727,1.00403991122476,0.0102548654767415,0.199999999999941,-0.495803308396795,-0.868434844638786,3.852,18.3307963267949,0.244825002131652,0.481089253885368,0.54500000000034,0.0450673948467354,0.492326313672641,0.95578790903912,-3.99680288865056e-17,0.255251651757568,5.5e-06
16.78,-0.480002471494956,-0.879911637793246,3.856,18.3409097983864,1.00399825203355,0.0102879980344773,0.200000000000063,-0.478336612037616,-0.878176568569428,3.856,18.3507963267949,0.244794302597864,0.481059214694627,0.545000000000007,0.0450673722072774,0.492338513652151,0.955834442700884,-1.33226762955018e-17,0.255449382325739,4.9e-06
16.8,-0.462269689223468,-0.889333184236249,3.86,18.3609198131451,1.00395643829009,0.010320451929076,0.200000000000066,-0.460678587411363,-0.887567033581505,3.86,18.3707963267949,0.244764106213024,0.481029022329928,0.544999999999776,0.0450673495903259,0.492350030279226,0.95588056996555,-2.22044604925031e-17,0.255646912598734,5e-06
16.82,-0.444352392022911,-0.898397079167064,3.864,18.3809298177592,1.00391447806503,0.0103522291490652,0.199999999999985,-0.442836297492443,-0.896602483614218,3.864,18.3907963267949,0.244734412227229,0.48099868287949,0.544999999999825,0.0450673269965984,0.492360872182516,0.955926287571157,-5.77315972805081e-17,0.255844242779448,7.7e-06
16.84,-0.426257800626848,-0.907099722473756,3.868,18.400939812239,1.00387237935929,0.0103833317616723,0.199999999999922,-0.424816878958933,-0.905279304608026,3.868,18.4107963267949,0.244705219822247,0.480968202383889,0.54500000000028,0.045067304425335,0.492371047983339,0.955971592357452,-4.88498130835068e-17,0.256041373070566,5.6e-06
16.86,-0.407993205562497,-0.915437659991554,3.872,18.4209497965946,1.00383015010358,0.0104137619115994,0.200000000000022,-0.406627539337988,-0.913594025950221,3.872,18.4307963267949,0.244676528113745,0.480937586835731,0.545000000000118,0.0450672818777343,0.492380566294522,0.956016481265194,-2.22044604925031e-17,0.256238303674573,5.5e-06
16.88,-0.389565964197907,-0.923407584841102,3.876,18.4409597708363,1.00378779815795,0.0104435218197923,0.200000000000065,-0.388275554122936,-0.921543321863127,3.876,18.4507963267949,0.244648336151921,0.480906842179304,0.544999999999776,0.0450672593523064,0.492389435719256,0.956060951335466,-3.10862446895043e-17,0.256435034793744,5.3e-06
16.9,-0.370983497763959,-0.931006338706952,3.88,18.4609697349745,1.00374533131144,0.0104726137822305,0.199999999999984,-0.369768263863173,-0.929124012734368,3.88,18.4707963267949,0.244620642922453,0.480875974310196,0.544999999999825,0.0450672368498463,0.49239766484997,0.956104999708965,-6.66133814775093e-17,0.256631566630151,1.65e-05
16.92,-0.352253288352387,-0.938230913055847,3.884,18.4809796890193,1.0037027572817,0.0105010401687247,0.199999999999921,-0.35111307122804,-0.936333066388672,3.884,18.4907963267949,0.244593447347621,0.480844989074966,0.545000000000337,0.0450672143702549,0.492405262267215,0.956148623625299,-4.88498130835068e-17,0.256827899385664,5e-06
16.94,-0.333382875891051,-0.94507845029436,3.888,18.5009896329809,1.0036600837146,0.0105288034216877,0.200000000000042,-0.332317438045864,-0.943167599300694,3.888,18.5107963267949,0.244566748285856,0.480813892270841,0.545000000000062,0.0450671919131389,0.492412236538562,0.956191820422263,-2.22044604925031e-17,0.257024033261943,4.6e-06
16.96,-0.314379855097661,-0.951546244865467,3.892,18.5209995668696,1.00361731818387,0.0105559060549372,0.200000000000065,-0.313388882319309,-0.949624877748395,3.892,18.5307963267949,0.244540544535428,0.480782689645331,0.544999999999776,0.0450671694794204,0.492418596217517,0.956234587535119,-3.10862446895043e-17,0.257219968460449,5.1e-06
16.98,-0.295251872413209,-0.957631744283686,3.896,18.5410094906956,1.00357446819081,0.0105823506524744,0.199999999999984,-0.29433497521829,-0.955702318906493,3.896,18.5507963267949,0.244514834832522,0.480751386896067,0.544999999999825,0.0450671470677914,0.49242434984245,0.956276922495861,-6.66133814775093e-17,0.257415705182435,7.2e-06
17,-0.276006622916316,-0.963332550108409,3.9,18.561019404469,1.00353154116395,0.0106081398672944,0.199999999999921,-0.275163338051597,-0.961397491879557,3.9,18.5707963267949,0.244489617853595,0.480719989670329,0.54500000000028,0.0450671246791475,0.492429505935537,0.95631882293248,-5.77315972805081e-17,0.257611243628953,5.8e-06
17.02,-0.256651847219761,-0.968646418855092,3.904,18.5810293082001,1.00348854445873,0.010633276420191,0.200000000000022,-0.255881639218479,-0.966708118674331,3.904,18.5907963267949,0.244464892215897,0.480688503564875,0.545000000000118,0.0450671023129214,0.492434073001717,0.956360286568222,-3.10862446895043e-17,0.25780658400085,6.1e-06
17.04,-0.237195328350423,-0.973571262843999,3.908,18.6010392018989,1.00344548535724,0.010657763098554,0.200000000000064,-0.236497591141384,-0.971632075110905,3.908,18.6107963267949,0.244440656478486,0.480656934125727,0.544999999999776,0.0450670799698472,0.492438059527662,0.956401311220831,-3.99680288865056e-17,0.258001726498769,5.4e-06
17.06,-0.21764488861389,-0.978105150986205,3.912,18.6210490855758,1.0034023710679,0.0106816027551769,0.199999999999983,-0.217018947181091,-0.976167391672356,3.912,18.6307963267949,0.244416909143012,0.480625286847687,0.544999999999825,0.045067057649086,0.492441473980765,0.9564418948018,-7.54951656745106e-17,0.25819667132315,1.23e-05
17.08,-0.198008386445004,-0.982246309506599,3.916,18.6410589592408,1.00335920872524,0.010704798307066,0.19999999999992,-0.197453498535473,-0.98031225429253,3.916,18.6507963267949,0.244393648654701,0.480593567174362,0.54500000000028,0.0450670353509832,0.492444324808138,0.956482035315606,-6.66133814775093e-17,0.258391418674233,6e-06
17.1,-0.178293713245579,-0.985993122603652,3.92,18.6610688229041,1.00331600538967,0.0107273527342715,0.200000000000021,-0.177809071123116,-0.984065005081643,3.92,18.6707963267949,0.244370873403454,0.480561780497724,0.545000000000233,0.0450670130754338,0.492446620435628,0.956521730858941,-2.22044604925031e-17,0.25858596875205,5.6e-06
17.12,-0.158508790210583,-0.989344133045739,3.924,18.6810786765757,1.0032727680472,0.0107492690786994,0.200000000000104,-0.158093522453069,-0.987424142989415,3.924,18.6907963267949,0.244348581723393,0.48052993215799,0.54499999999978,0.0450669908224228,0.492448369266842,0.956560979619942,-1.33226762955018e-17,0.258780321756433,5.2e-06
17.14,-0.13866156514403,-0.99229804270382,3.928,18.7010885202659,1.00322950360923,0.01077055044294,0.200000000000025,-0.138314738481926,-0.990388324405471,3.928,18.7107963267949,0.244326771896488,0.480498027443368,0.544999999999771,0.0450669685919363,0.492449579682196,0.956599779877411,-3.99680288865056e-17,0.258974477887013,5.4e-06
17.16,-0.118760009265866,-0.994853713020332,3.932,18.7210983539847,1.00318621891239,0.0107911999890967,0.199999999999943,-0.118480630459562,-0.992956363696766,3.932,18.7307963267949,0.244305442150716,0.480466071589828,0.544999999999993,0.0450669463839613,0.492450260037964,0.956638130000035,-6.66133814775093e-17,0.259168437343216,5.7e-06
17.18,-0.0988121140111022,-0.997010165414141,3.936,18.7411081777423,1.0031429207183,0.0108112209376194,0.19999999999994,-0.0985991317647353,-0.995127233681824,3.936,18.7507963267949,0.244284590662274,0.480434069780974,0.545000000000282,0.0450669241989658,0.492450418665356,0.956676028445592,-4.88498130835068e-17,0.259362200324269,6.2e-06
17.2,-0.0788258878224986,-0.998766581621453,3.94,18.7611179915487,1.00309961571346,0.010830616566134,0.200000000000042,-0.0786781947318402,-0.996900066041596,3.94,18.7707963267949,0.244264215556215,0.480402027147788,0.545000000000004,0.0450669020357277,0.4924500638696,0.956713473760166,-3.10862446895043e-17,0.259555767029193,7.7e-06
17.22,-0.0588093529380381,-1.00012230397259,3.944,18.781127795414,1.003056310509,0.0108493902083026,0.200000000000044,-0.0587257874700809,-0.998274151666775,3.944,18.7907963267949,0.244244314907322,0.480369948768472,0.544999999999773,0.0450668798952358,0.492449203929044,0.956750464577343,-4.88498130835068e-17,0.259749137656812,6.7e-06
17.24,-0.0387705421744918,-1.00107683560459,3.948,18.8011375893482,1.00301301164061,0.0108675452526739,0.199999999999962,-0.0387498906763337,-0.999248940941431,3.948,18.8107963267949,0.244224886740972,0.480337839668362,0.54499999999988,0.0450668577771194,0.492447847094268,0.956786999617414,-8.43769498715118e-17,0.259942312405746,6.9e-06
17.26,-0.0187174957083379,-1.00162984060954,3.952,18.8211473733615,1.00296972556837,0.0108850851415261,0.199999999999919,-0.0187584944429742,-0.999824043962853,3.952,18.8307963267949,0.244205929034018,0.480305704819684,0.545000000000337,0.0450668356820359,0.49244600158721,0.956823077686568,-6.66133814775093e-17,0.260135291474413,6.3e-06
17.28,0.00134174214468769,-1.0017811441187,3.956,18.8411571474639,1.00292645867664,0.010902013369718,0.20000000000004,0.00124040493805602,-0.999999230697499,3.956,18.8507963267949,0.244187439715942,0.480273549141304,0.54500000000012,0.0450668136084872,0.492443675600313,0.956858697676082,-3.10862446895043e-17,0.260328075061033,6.4e-06
17.3,0.0213991261501347,-1.00153073232241,3.96,18.8611669116654,1.00288321727394,0.0109183334835674,0.200000000000083,0.021238808173646,-0.999774431073011,3.96,18.8707963267949,0.24416941666832,0.480241377498961,0.544999999999836,0.0450667915569732,0.492440877295679,0.95689385856151,-2.22044604925031e-17,0.260520663363622,5.93e-05
17.32,0.0414466133742046,-1.00087875242577,3.964,18.8811766659761,1.00284000759287,0.0109340490797497,0.200000000000024,0.0412287161691469,-0.999149735006242,3.964,18.8907963267949,0.244151857728447,0.480209194704721,0.544999999999771,0.045066769528805,0.492437614804238,0.956928559401863,-4.88498130835068e-17,0.260713056579998,1.25e-05
17.34,0.0614761664006672,-0.999825512540205,3.968,18.9011864104059,1.00279683579,0.0109491638041239,0.199999999999942,0.061202133227889,-0.99812539236729,3.968,18.9107963267949,0.244134760687482,0.480177005517067,0.544999999999935,0.0450667475228046,0.492433896224931,0.95696279933879,-8.43769498715118e-17,0.260905254907777,7.4e-06
17.36,0.0814797565440619,-0.99837148151105,3.972,18.921196144965,1.00275370794587,0.0109636813506136,0.199999999999918,0.0811510702493575,-0.996701812879551,3.972,18.9307963267949,0.244118123292626,0.480144814640868,0.545000000000337,0.0450667255388539,0.492429729623912,0.956996577595757,-6.66133814775093e-17,0.261097258544376,5.6e-06
17.38,0.101449367057914,-0.99651728868112,3.976,18.9412058696632,1.00271063006483,0.010977605460126,0.20000000000004,0.101067547924726,-0.994879565955841,3.976,18.9507963267949,0.244101943247727,0.480112626727046,0.545000000000062,0.0450667035767333,0.49242512303376,0.957029893477214,-3.99680288865056e-17,0.261289067687011,5.1e-06
17.4,0.121376996336707,-0.994263723590559,3.98,18.9612155845106,1.0026676080751,0.0109909399194435,0.200000000000062,0.120943599928474,-0.992659380470633,3.98,18.9707963267949,0.244086218214132,0.480080446372734,0.544999999999776,0.0450666816374569,0.492420084452699,0.957062746367774,-4.88498130835068e-17,0.261480682532697,1.1e-05
17.42,0.141254661110352,-0.991611735613045,3.984,18.9812252895171,1.00262464782866,0.0110036885601082,0.199999999999982,0.140771276104814,-0.990042144468518,3.984,18.9907963267949,0.244070945811798,0.480048278121046,0.544999999999882,0.0450666597203924,0.492414621843844,0.957095135731373,-7.54951656745106e-17,0.261672103278254,8.9e-06
17.44,0.161074399629894,-0.988562433528565,3.988,19.0012349846927,1.00258175510129,0.0110158552573155,0.199999999999939,0.160542645647634,-0.987028904809002,3.988,19.0107963267949,0.24405612361879,0.480016126461075,0.545000000000282,0.0450666378253378,0.492408743134454,0.957127061110438,-5.77315972805081e-17,0.261863330120297,6.9e-06
17.46,0.180828274843215,-0.985117085032951,3.992,19.0212446700474,1.00253893559248,0.0110274439288448,0.200000000000041,0.180249800272735,-0.983620866747772,3.992,19.0307963267949,0.244041749174822,0.47998399582779,0.545000000000004,0.0450666159524631,0.492402456215196,0.957158522125051,-3.99680288865055e-17,0.262054363255247,5.7e-06
17.48,0.200508377559481,-0.981277116184446,3.996,19.0412543455912,1.00249619492553,0.0110384585339743,0.200000000000042,0.199884857381025,-0.979819393454614,3.996,19.0507963267949,0.244027819979403,0.479951890602008,0.544999999999773,0.0450665941015693,0.492395768939427,0.957189518472107,-5.77315972805081e-17,0.262245202879321,9.3e-06
17.5,0.220106829601094,-0.977044110787527,4,19.0612640113339,1.00245353864752,0.0110489030724031,0.199999999999961,0.219439963211459,-0.975626005468158,4,19.0707963267949,0.244014333493983,0.479919815110382,0.544999999999764,0.0450665722731165,0.492388689122492,0.957220049924472,-1.11022302462516e-16,0.262435849188541,6.3e-06
17.52,0.23961578694192,-0.972419809714283,4.004,19.0812736672855,1.00241097222934,0.0110587815831762,0.199999999999876,0.238907295982436,-0.971042380087687,4.004,19.0907963267949,0.244001287142552,0.479887773625286,0.544999999999755,0.0450665504666426,0.492381224541028,0.957250116330142,-1.99840144432528e-16,0.262626302378729,6.3e-06
17.54,0.259027442830567,-0.967406110163663,4.008,19.1012833134559,1.00236850106572,0.0110680981436173,0.199999999999788,0.258279069020408,-0.966070350702241,4.008,19.1107963267949,0.243988678312439,0.479855770364902,0.545000000000786,0.0450665286827065,0.49237338293229,0.957279717611395,-1.64313007644523e-16,0.262816562645509,5.4e-06
17.56,0.27833403089748,-0.96200506485891,4.012,19.121292949855,1.00232613047529,0.0110768568682719,0.200000000000071,0.277547533874446,-0.960711906057281,4.012,19.1307963267949,0.243976504355166,0.47982380949317,0.54500000000024,0.0450665069200887,0.492365171993482,0.957308853763943,-9.32587340685131e-17,0.263006630184306,5.3e-06
17.58,0.29752782824466,-0.956218881183547,4.016,19.1413025764928,1.00228386570066,0.0110850619078718,0.200000000000157,0.296704983415519,-0.954969189459218,4.016,19.1507963267949,0.243964762587206,0.47979189511963,0.544999999999671,0.0450664851797809,0.49235659938111,0.957337524856084,-7.54951656745106e-17,0.263196505190349,5.2e-06
17.6,0.316601158516789,-0.950049920256286,4.02,19.161312193379,1.00224171190846,0.0110927174482879,0.200000000000039,0.315743754919243,-0.948844497918124,4.02,19.1707963267949,0.243953450291127,0.47976003129969,0.544999999999889,0.0450664634617996,0.492347672710341,0.957365731027855,-7.54951656745106e-17,0.263386187858667,5.7e-06
17.62,0.335546394952564,-0.94350069594527,4.024,19.1813218005236,1.00219967418945,0.0110998277094767,0.199999999999999,0.334656233130857,-0.942340281228955,4.024,19.1907963267949,0.243942564715002,0.479728222034401,0.544999999999884,0.0450664417652035,0.492338399554381,0.957393472490174,-9.32587340685131e-17,0.263575678384092,5.2e-06
17.64,0.354355963415061,-0.936573873822069,4.028,19.2013313979365,1.00215775755857,0.0111063969444664,0.199999999999957,0.353434853311242,-0.935459140991663,4.028,19.2107963267949,0.243932103075954,0.479696471270626,0.544999999999764,0.0450664200912838,0.492328787443863,0.957420749523994,-1.46549439250521e-16,0.26376497696126,4.8e-06
17.66,0.373022345399942,-0.929272270055872,4.032,19.2213409856275,1.00211596695513,0.0111124294383263,0.199999999999872,0.372072104262704,-0.928203829570598,4.032,19.2307963267949,0.243922062558248,0.479664782900989,0.544999999999755,0.0450663984387473,0.492318843866248,0.957447562479445,-2.35367281220533e-16,0.263954083784609,8.6e-06
17.68,0.391538081020342,-0.921598850248357,4.036,19.2413505636064,1.00207430724283,0.0111179295071498,0.199999999999784,0.390560531333356,-0.92057724899359,4.036,19.2507963267949,0.243912440315382,0.479633160763931,0.54500000000067,0.0450663768086007,0.492308576265242,0.957473911774982,-2.17603712826531e-16,0.264142999048379,6.1e-06
17.7,0.409895771967268,-0.913556728209722,4.04,19.2613601318831,1.00203278320995,0.0111229014970503,0.200000000000026,0.40889273939888,-0.912582449791185,4.04,19.2707963267949,0.243903233470681,0.479601608643816,0.545000000000235,0.045066355200204,0.492297992040223,0.957499797896529,-1.64313007644523e-16,0.264331722946614,5.5e-06
17.72,0.428088084444372,-0.905149164676397,4.044,19.2813696904675,1.00199139956946,0.0111273497831537,0.20000000000011,0.427061395820474,-0.904222629776466,4.044,19.2907963267949,0.243894439118049,0.479570130270798,0.544999999999898,0.0450663336136368,0.492287098545684,0.957525221396627,-1.28785870856518e-16,0.264520255673163,7.1e-06
17.74,0.446107752075951,-0.896379565970975,4.048,19.3013792393692,1.00195016095918,0.01113127876861,0.200000000000073,0.445059233377816,-0.895501132765978,4.048,19.3107963267949,0.243886054322718,0.479538729321095,0.544999999999778,0.0450663120487947,0.492275903090686,0.957550182893573,-1.28785870856518e-16,0.264708597421676,5.7e-06
17.76,0.463947578787056,-0.887251482604916,4.052,19.3213887785983,1.00190907194191,0.0111346928836098,0.199999999999993,0.462879053175851,-0.88642144724224,4.052,19.3307963267949,0.243878076122107,0.479507409416878,0.544999999999769,0.0450662905059529,0.492264412938324,0.957574683070567,-1.64313007644523e-16,0.264896748385608,5.3e-06
17.78,0.481600441654583,-0.877768607824615,4.056,19.3413983081644,1.00186813700562,0.0111375965843959,0.19999999999991,0.480513727524258,-0.876987204958398,4.056,19.3507963267949,0.243870501526773,0.479476174126526,0.544999999999991,0.0450662689851209,0.492252635305213,0.957598722674857,-1.99840144432528e-16,0.265084708758219,5e-06
17.8,0.499059293728254,-0.867934776101423,4.06,19.3614078280773,1.00182736056363,0.011139994352288,0.199999999999907,0.497956202788415,-0.867202179485581,4.06,19.3707963267949,0.243863327519876,0.479445026964533,0.54499999999976,0.0450662474856389,0.492240577360971,0.957622302516882,-2.70894418008538e-16,0.265272478732572,4.9e-06
17.82,0.516317166820392,-0.857753961566254,4.064,19.3814173383468,1.00178674695476,0.0111418906927298,0.19999999999982,0.515199502210785,-0.857070284703512,4.064,19.3907963267949,0.243856551060624,0.479413971391636,0.545000000000213,0.0450662260083336,0.492228246227735,0.957645423469414,-3.06421554796543e-16,0.265460058501534,6.1e-06
17.84,0.533367174263413,-0.847230276389423,4.068,19.4014268389827,1.00174630044354,0.0111432901343244,0.199999999999897,0.532236728701506,-0.846595573235013,4.068,19.4107963267949,0.24385016908245,0.479383010815043,0.545000000000452,0.045066204552563,0.492215648979671,0.957668086466707,-2.70894418008538e-16,0.265647448257778,6.9e-06
17.86,0.550202513633969,-0.836367969106369,4.072,19.4214363299947,1.00170602522047,0.0111441972278844,0.20000000000006,0.549061067597141,-0.83578223482501,4.072,19.4307963267949,0.243844178494795,0.479352148588358,0.544999999999893,0.0450661831188839,0.492202792642512,0.957690292503638,-2.53130849614536e-16,0.265834648193781,5.1e-06
17.88,0.566816469442696,-0.825171422889963,4.076,19.4414458113927,1.00166592540213,0.011144616545488,0.200000000000021,0.565665789386454,-0.824634594664691,4.076,19.4507963267949,0.243838576183971,0.479321388011772,0.544999999999888,0.0450661617065548,0.492189684193094,0.957712042634855,-2.53130849614536e-16,0.266021658501826,5.2e-06
17.9,0.583202415788522,-0.813645153770092,4.08,19.4614552831862,1.00162600503147,0.0111445526795492,0.199999999999981,0.582044252402122,-0.813157111661489,4.08,19.4707963267949,0.243833359013647,0.479290732332166,0.544999999999769,0.045066140316026,0.492176330558916,0.957733337973923,-2.88657986402541e-16,0.266208479374,5.1e-06
17.92,0.599353818976521,-0.801793808801259,4.084,19.4814647453851,1.00158626807803,0.0111440102418952,0.199999999999898,0.598189905477316,-0.801354376655571,4.084,19.4907963267949,0.243828523825628,0.479260184743262,0.54499999999976,0.0450661189468261,0.492162738617709,0.957754179692468,-3.59712259978551e-16,0.266395111002195,5.2e-06
17.94,0.615264240098298,-0.789622164178931,4.088,19.5014741979991,1.00154671843817,0.011142993862849,0.199999999999811,0.614096290566081,-0.789231110583572,4.088,19.5107963267949,0.243824067440962,0.4792297483857,0.545000000000559,0.0450660975997932,0.492148915197011,0.957774569019331,-3.41948691584548e-16,0.266581553578111,5.3e-06
17.96,0.630927337573914,-0.777135123305403,4.092,19.5214836410379,1.00150735993532,0.0111415081903073,0.200000000000012,0.629757045326459,-0.776792162590283,4.092,19.5307963267949,0.24381998665923,0.479199426347218,0.545000000000119,0.0450660762744878,0.492134867073766,0.957794507239711,-3.06421554796543e-16,0.266767807293252,5.1e-06
17.98,0.646336869654381,-0.764337714805962,4.096,19.5414930745111,1.00146819632022,0.0111395578888303,0.200000000000055,0.645165905665354,-0.764042508089049,4.096,19.5507963267949,0.243816278261917,0.479169221662775,0.544999999999777,0.0450660549700533,0.492120600973923,0.957813995694318,-3.06421554796543e-16,0.266953872338927,7.2e-06
18,0.661486696883751,-0.751235090496155,4.1,19.5615024984285,1.00142923127121,0.011137147638775,0.199999999999975,0.66031670824408,-0.750987246771676,4.1,19.5707963267949,0.243812939010563,0.479139137314723,0.544999999999768,0.0450660336878736,0.492106123572057,0.957833035778528,-3.41948691584548e-16,0.267139748906255,5.8e-06
18.02,0.676370784519866,-0.737832523300979,4.104,19.5815119127998,1.00139046839449,0.0111342821353944,0.199999999999892,0.675203392943614,-0.737631600568625,4.104,19.5907963267949,0.243809965648706,0.479109176232925,0.544999999999875,0.0450660124267547,0.492091441490993,0.957851628941526,-3.95239396766556e-16,0.267325437186156,5.5e-06
18.04,0.690983204912837,-0.724135405126816,4.108,19.6015213176346,1.0013519112244,0.0111309660879542,0.199999999999847,0.689820005288563,-0.723980911560303,4.108,19.6107963267949,0.243807354902382,0.47907934129487,0.545000000000217,0.0450659911875231,0.49207656130145,0.957869776685474,-4.13002965160558e-16,0.267510937369362,5.5e-06
18.06,0.705318139840336,-0.710149244687003,4.112,19.6215307129426,1.00131356322372,0.0111272042188663,0.199999999999925,0.704160698828874,-0.710040639840307,4.112,19.6307963267949,0.243805103480749,0.479049635326012,0.54500000000011,0.0450659699698237,0.492061489521694,0.957887480564655,-4.13002965160558e-16,0.267696249646408,5.8e-06
18.08,0.719369882798808,-0.695879665281871,4.116,19.6415400987334,1.00127542778392,0.0111230012628196,0.199999999999964,0.718219737478337,-0.695816361331457,4.116,19.6507963267949,0.243803208076874,0.479020061099796,0.544999999999768,0.0450659487736592,0.492046232617195,0.957904742184639,-4.48530101948563e-16,0.267881374207638,6.1e-06
18.1,0.733132841249732,-0.681332402534166,4.12,19.6615494750167,1.00123750822554,0.0111183619659317,0.199999999999881,0.731991497808947,-0.6813137655555,4.12,19.6707963267949,0.243801665368664,0.478990621337876,0.54499999999999,0.0450659275985543,0.492030797000311,0.957921563201437,-4.84057238736568e-16,0.268066311243202,5.9e-06
18.12,0.746601538820056,-0.666513302080756,4.124,19.6815588418021,1.00119980779842,0.0111132910849117,0.199999999999877,0.745470471300187,-0.666538653357386,4.124,19.6907963267949,0.243800472018099,0.478961318710229,0.544999999999759,0.0450659064447678,0.492015189029971,0.95793794532067,-5.55111512312578e-16,0.268251060943058,5.8e-06
18.14,0.759770617455985,-0.651428317221538,4.128,19.7015681990992,1.00116232968205,0.0111077933862221,0.199999999999791,0.758651266542381,-0.651496934584992,4.128,19.7107963267949,0.243799624674774,0.478932155835554,0.545000000000674,0.0450658853132533,0.491999415011372,0.957953890296724,-5.19584375524573e-16,0.268435623496972,6.4e-06
18.16,0.772634839529278,-0.63608350652649,4.132,19.7215775469177,1.00112507698594,0.011101873645227,0.200000000000033,0.771528611393173,-0.636194625725274,4.132,19.7307963267949,0.243799119973757,0.478903135281235,0.545000000000123,0.0450658642026396,0.491983481195691,0.957969399931924,-4.66293670342566e-16,0.268619999094517,6.6e-06
18.18,0.785189089895266,-0.620485031401824,4.136,19.741586885267,1.00108805274987,0.0110955366453767,0.200000000000078,0.78409735508632,-0.620637847497748,4.136,19.7507963267949,0.243798954537594,0.478874259563695,0.544999999999897,0.0450658431135611,0.491967393779807,0.957984476075697,-4.30766533554561e-16,0.268804187925074,4.06e-05
18.2,0.797428377901797,-0.604639153616196,4.14,19.761596214157,1.00105125994428,0.011088787177412,0.200000000000041,0.796352470291923,-0.604832822406284,4.14,19.7707963267949,0.243799124976771,0.478845531148494,0.544999999999893,0.0450658220455533,0.491951158906029,0.957999120623745,-4.13002965160558e-16,0.268988190177832,1.63e-05
18.22,0.809347839348338,-0.588552232787985,4.144,19.781605533597,1.00101470147062,0.0110816300385519,0.200000000000002,0.808289055127301,-0.588785872250188,4.144,19.7907963267949,0.24379962789029,0.478816952450659,0.544999999999773,0.0450658009991733,0.491934782661846,0.958013335517218,-4.30766533554561e-16,0.26917200604179,9.2e-06
18.24,0.820942738394504,-0.572230723834602,4.148,19.8016148435967,1.00097838016166,0.0110740700316965,0.19999999999992,0.819902335117672,-0.572503415595565,4.148,19.8107963267949,0.243800459866426,0.478788525834816,0.544999999999764,0.0450657799737759,0.491918271079674,0.95802712274189,-4.84057238736568e-16,0.269355635705754,6.8e-06
18.26,0.832208469417264,-0.555681174384875,4.152,19.8216241441657,1.00094229878189,0.0110661119646396,0.199999999999835,0.831187665105884,-0.555991965207978,4.152,19.8307963267949,0.243801617483477,0.47876025361542,0.545000000000332,0.0450657589702032,0.491901630136628,0.958040484327338,-4.84057238736568e-16,0.269539079358338,5.8e-06
18.28,0.843140558816139,-0.538910222155519,4.156,19.8416334353134,1.00090646002787,0.0110577606492823,0.199999999999954,0.842140531110405,-0.539258125447438,4.156,19.8507963267949,0.243803097309186,0.478732138057034,0.545000000000115,0.045065737987733,0.491884865754292,0.95805342234612,-4.66293670342566e-16,0.269722337187967,4.8e-06
18.3,0.853734666765684,-0.521924592292735,4.16,19.8616427170496,1.00087086652858,0.0110490209008613,0.199999999999996,0.852756552130873,-0.522308589626732,4.16,19.8707963267949,0.243804895903997,0.478704181374495,0.544999999999773,0.0450657170258759,0.491867983798512,0.958065938912965,-4.84057238736568e-16,0.269905409382874,4.9e-06
18.32,0.863986588914614,-0.504731094679989,4.164,19.8816519893836,1.00083552084584,0.0110398975372103,0.199999999999914,0.863031481900425,-0.505150137334196,4.164,19.8907963267949,0.243807009819054,0.478676385733242,0.544999999999764,0.0450656960861239,0.491850990079188,0.958078036183954,-5.37347943918576e-16,0.270088296131101,4.7e-06
18.34,0.873892258030898,-0.487336621213043,4.168,19.9016612523249,1.00080042547466,0.011030395377983,0.199999999999829,0.872961210584149,-0.487789631721972,4.168,19.9107963267949,0.243809435598089,0.478648753249442,0.545000000000217,0.0450656751671111,0.491833890350087,0.958089716355715,-5.55111512312578e-16,0.2702709976205,4.5e-06
18.36,0.883447745592229,-0.469748143043301,4.172,19.9216705058833,1.00076558284364,0.0110205192439031,0.199999999999907,0.882541766422967,-0.470234016760835,4.172,19.9307963267949,0.243812169777738,0.478621285990362,0.545000000000456,0.0450656542695737,0.491816690308656,0.958100981664615,-5.01820807130571e-16,0.270453514038733,4.8e-06
18.38,0.892649263321236,-0.451972707790578,4.176,19.941679750068,1.00073099531535,0.0110102739560424,0.200000000000071,0.891769317322283,-0.452490314462696,4.176,19.9507963267949,0.243815208888271,0.478593985974531,0.544999999999781,0.0450656333928681,0.491799395595858,0.958111834385953,-4.84057238736568e-16,0.270635845573271,4.9e-06
18.4,0.901493164664886,-0.434017436726375,4.18,19.9616889848886,1.00069666518676,0.0109996643350881,0.199999999999992,0.900640172384768,-0.434565622071897,4.18,19.9707963267949,0.243818549454088,0.478566855172003,0.544999999999773,0.0450656125376463,0.491782011796004,0.958122276833168,-5.01820807130571e-16,0.270817992411396,7e-06
18.42,0.909975946217487,-0.415889521928785,4.184,19.9816982103547,1.00066259468961,0.01098869520062,0.19999999999991,0.909150783386676,-0.416467109226399,4.184,19.9907963267949,0.243822187994335,0.478539895504718,0.544999999999764,0.0450655917031735,0.491764544436607,0.958132311357033,-5.55111512312578e-16,0.270999954740201,5.4e-06
18.44,0.918094249086784,-0.39759622341014,4.188,20.0017074264756,1.00062878599087,0.0109773713704034,0.199999999999825,0.917297746197079,-0.398202015090029,4.188,20.0107963267949,0.243826121023801,0.478513108846629,0.545000000000447,0.0450655708902911,0.491746998988242,0.958141940344869,-5.37347943918576e-16,0.271181732746587,5e-06
18.46,0.925844860202605,-0.379144866218539,4.192,20.0217166332609,1.0005952411931,0.01096569765968,0.199999999999986,0.925077802139475,-0.379777645456915,4.192,20.0307963267949,0.243830345052061,0.47848649702405,0.545000000000119,0.0450655500983719,0.49172938086441,0.958151166219752,-5.01820807130571e-16,0.271363326617268,4.8e-06
18.48,0.93322471356758,-0.360542837514394,4.196,20.0417258307199,1.00056196233488,0.0109536788804692,0.200000000000029,0.932487839295222,-0.361201369829252,4.196,20.0507963267949,0.243834856586859,0.478460061815898,0.544999999999777,0.0450655293268378,0.491711695421426,0.958159991439728,-5.01820807130571e-16,0.271544736538767,4.7e-06
18.5,0.940230891449463,-0.34179758362315,4.2,20.0617350188623,1.00052895139128,0.0109413198409072,0.199999999999949,0.939524893748256,-0.342480618469613,4.2,20.0707963267949,0.243839652131886,0.478433804954047,0.544999999999884,0.0450655085769885,0.491693947958298,0.95816841849703,-5.19584375524573e-16,0.27172596269742,4.7e-06
18.52,0.946860625514593,-0.322916607065326,4.204,20.0817441976973,1.00049621027426,0.0109286253445528,0.199999999999907,0.946186150770622,-0.323622879428932,4.204,20.0907963267949,0.243844728188751,0.478407728123503,0.544999999999879,0.0450654878480191,0.491676143716637,0.958176449917303,-5.55111512312578e-16,0.271907005279373,5.1e-06
18.54,0.953111297902081,-0.303907463565065,4.208,20.1017533672344,1.0004637408331,0.0109156001897069,0.199999999999863,0.952468945948328,-0.304635695551394,4.208,20.1107963267949,0.24385008125725,0.478381832962726,0.544999999999759,0.0450654671404072,0.491658287880555,0.958184088258824,-6.26165785888588e-16,0.272087864470583,4.7e-06
18.56,0.958980442238325,-0.284777759038346,4.212,20.121762527483,1.00043154485484,0.0109022491687579,0.199999999999776,0.95837076624707,-0.285526661457391,4.212,20.1307963267949,0.243855707835868,0.478356121063988,0.545000000000789,0.0450654464532284,0.491640385576592,0.958191336111736,-5.72875080706581e-16,0.272268540456821,4.7e-06
18.58,0.964465744591453,-0.265535146562056,4.216,20.1417716784526,1.00039962406474,0.0108885770675424,0.20000000000006,0.96388925101742,-0.266303420505776,4.216,20.1507963267949,0.243861604422406,0.478330593973556,0.545000000000128,0.045065425787313,0.491622441873637,0.95819819609728,-5.01820807130571e-16,0.272449033423667,4.3e-06
18.6,0.969565044365362,-0.246187323325107,4.22,20.1617808201525,1.00036798012673,0.0108745886646995,0.200000000000107,0.96902219293905,-0.246973661736621,4.22,20.1707963267949,0.243867767514733,0.478305253192111,0.545000000000017,0.0450654051420227,0.491604461782869,0.958204670867033,-4.30766533554561e-16,0.272629343556514,4.8e-06
18.62,0.974276335132993,-0.226742027562797,4.224,20.1817899525922,1.00033661464386,0.0108602887310344,0.200000000000113,0.973767538903626,-0.227545116795712,4.224,20.1907963267949,0.243874193609963,0.478280100174893,0.544999999999786,0.0450653845178231,0.4915864502577,0.95821076310215,-3.95239396766556e-16,0.272809471040568,4.6e-06
18.64,0.978597765408565,-0.207207035475612,4.228,20.201799075781,1.0003055291587,0.0108456820288909,0.200000000000036,0.978123390836036,-0.20802555684198,4.228,20.2107963267949,0.24388087920772,0.478255136332208,0.544999999999777,0.0450653639148343,0.491568412193733,0.958216475512607,-3.95239396766556e-16,0.272989416060846,4.9e-06
18.66,0.982527639358444,-0.187590158133683,4.232,20.2218081897282,1.0002747251539,0.0108307733115262,0.199999999999955,0.982088006453582,-0.188422789439148,4.232,20.2307963267949,0.243887820807952,0.478230363029481,0.544999999999884,0.0450653433323227,0.491550352428725,0.958221810836459,-4.13002965160558e-16,0.27316917880218,7.8e-06
18.68,0.986064417450415,-0.167899238368109,4.236,20.2418172944433,1.00024420405261,0.0108155673225087,0.199999999999913,0.985659799962879,-0.168744655432811,4.236,20.2507963267949,0.243895014912732,0.478205781587853,0.544999999999879,0.0450653227707475,0.491532275742559,0.958226771839085,-4.48530101948563e-16,0.273348759449212,2.09e-05
18.7,0.989206717041109,-0.148142147650364,4.24,20.2618263899356,1.00021396721891,0.0108000687951288,0.19999999999987,0.988837342694146,-0.148999025814199,4.24,20.2707963267949,0.243902458026568,0.478181393284219,0.544999999999759,0.0450653022299345,0.491514186857228,0.958231361312455,-5.19584375524573e-16,0.273528158186397,6.3e-06
18.72,0.991953312901355,-0.128326782961014,4.244,20.2818354762144,1.00018401595835,0.0107842824517941,0.199999999999783,0.991619363672658,-0.129193798571889,4.244,20.2907963267949,0.243910146656846,0.4781571993518,0.54500000000079,0.0450652817100816,0.491496090436825,0.958235582074392,-4.66293670342566e-16,0.273707375198007,6.4e-06
18.74,0.99430313767929,-0.108461063648963,4.248,20.3018445532891,1.00015435151837,0.01076821300345,0.200000000000067,0.994004750127115,-0.109336895532711,4.248,20.3107963267949,0.243918077314396,0.478133200980199,0.545000000000128,0.0450652612109241,0.491477991087541,0.958239436967835,-3.95239396766556e-16,0.273886410668122,5.8e-06
18.76,0.996255282301046,-0.0885529282824663,4.252,20.321853621169,1.00012497508883,0.0107518651490005,0.200000000000114,0.995992547934743,-0.0894362591931219,4.252,20.3307963267949,0.243926246514156,0.478109399315994,0.545000000000017,0.0450652407324662,0.491459893357676,0.95824292886012,-3.24185123190546e-16,0.27406526478064,5.8e-06
18.78,0.997808996308863,-0.0686103314931348,4.256,20.3418626798634,1.00009588780244,0.0107352435747514,0.20000000000012,0.997581962002919,-0.0694998495423269,4.256,20.3507963267949,0.243934650774361,0.478085795462852,0.544999999999786,0.0450652202750987,0.491441801737654,0.958246060642253,-2.88657986402541e-16,0.27424393771927,5.3e-06
18.8,0.998963688136536,-0.0486412408141769,4.26,20.3618717293816,1.00006709073526,0.0107183529538404,0.200000000000043,0.99877235658721,-0.0495356408783674,4.26,20.3707963267949,0.243943286619723,0.478062390481968,0.544999999999777,0.0450651998379006,0.491423720660045,0.958248835228192,-2.88657986402541e-16,0.274422429667535,5.2e-06
18.82,0.999718925322069,-0.0286536335141028,4.264,20.3818807697329,1.00003858490723,0.0107011979457001,0.199999999999963,0.999563255545654,-0.0295516186185229,4.264,20.3907963267949,0.24395215057919,0.478039185392364,0.544999999999884,0.0450651794218965,0.491405654499602,0.958251255554137,-3.06421554796543e-16,0.274600740808774,4.7e-06
18.84,1.00007443465748,-0.00865549342713741,4.268,20.4018898009267,1.00001037128261,0.0106837831955132,0.199999999999921,0.999954342529211,-0.00955577610524739,4.268,20.4107963267949,0.243961239187729,0.478016181171206,0.544999999999879,0.0450651590260823,0.491387607573301,0.958253324577819,-3.41948691584548e-16,0.274778871326139,6.7e-06
