Time,X,Y,Z,Psi,Vx_B,Vy_B,Vz_B,Ref_X,Ref_Y,Ref_Z,Ref_Psi,Ux,Uy,Uz,Upsi,Int_X,Int_Y,Cost,CalcTime
0,0.75,0,0,0,0,0,0,1.4142135623731,0,1,1.5707963267949,0.999999999993387,0.999999999933558,0.999999999999373,0.99999999999787,0,0,1588.94934142933,0.0068495
0.02,0.75039714157673,0.000420322457663417,0.00163799999999774,0.021478136079625,0.0403913839377688,0.0412602647825108,0.163799999999774,1.41379784470165,0.0197931694835827,1,1.6127963267949,0.999999999997682,0.99999999999274,0.999999999999762,0.902999710645807,0.0300053077713346,5.60039826814953e-06,1511.19253909056,0.0064274
0.04,0.751565305118203,0.0016931721947131,0.00655199999999237,0.0810811582516107,0.0834907019324115,0.0789809097801389,0.327599999999689,1.4125516959854,0.0395494993782265,1,1.6547837889808,0.999999999956539,0.9999999997965,0.999999999995203,0.289432170552714,0.0600420666692482,4.49804993209095e-05,1441.58296862149,0.0063721
0.06,0.753445474298665,0.00385481595535852,0.0147419999999689,0.15998762790682,0.129994863606995,0.11179002283851,0.491399999997962,1.41047836697619,0.0592303657525772,1,1.69673408431756,0.999999999973126,0.999999999776623,0.999999999996807,0.183547385191219,0.0901400347053161,0.000152900906454894,1371.84112415129,0.0081667
0.08,0.755958300673888,0.00695093393233321,0.0262079999999166,0.241340088365255,0.178732595458012,0.140233600345917,0.655199999996812,1.4075835226015,0.0787974859604839,1,1.73862269042572,0.999999999999997,0.999999984655026,1,0.164195461756198,0.120326142660746,0.000365827780093711,1300.64019157044,0.0066326
0.1,0.75901761169445,0.0110229555406966,0.0409499999998528,0.322290473723267,0.229055748921875,0.164518954763576,0.818999999996811,1.40387520129865,0.0982131079949406,1,1.78042526312545,0.999999999999281,0.909397184079742,0.999999999999899,0.157752311008928,0.150623986388138,0.000721990997118941,1229.43233481699,0.0066374
0.12,0.762547417443996,0.0160693356598541,0.0589679999997887,0.402336641785944,0.280361093939407,0.180949147969015,0.982799999996775,1.3993637567748,0.117440194433348,1,1.82211770661211,0.999999999874699,0.799799472096066,0.999999999996423,0.153724897068221,0.181053822423158,0.00126065763976259,1158.86951261555,0.0056282
0.14,0.766492979681857,0.0220409128955756,0.0802619999997113,0.481344288523305,0.33193338403462,0.18887495409331,1.14659999999549,1.39406178298683,0.136442599102593,1,1.86367624175054,0.999999999996092,0.703410589579106,0.999999999999309,0.150109938453439,0.211633320080494,0.00201987500632469,1089.37120375238,0.0057281
0.16,0.770811322660785,0.0288849914255362,0.104831999999619,0.559250934033208,0.38310235816132,0.189051268872142,1.31039999999524,1.38798402335848,0.155185234719905,1,1.90507747200073,0.999999999805558,0.620558248105931,0.999999999987837,0.146638054513731,0.242378228556347,0.00303556500470432,1021.31698528915,0.0049791
0.18,0.775464543086114,0.0365586139269718,0.13267799999948,0.636011685507352,0.433293499344129,0.182290509458819,1.47419999999086,1.38114726545213,0.173634229921748,1,1.94629844651979,0.999999999998526,0.550467047806859,0.999999999999617,0.143400582771018,0.27330268874025,0.00434173579045009,955.043893194857,0.0059004
0.2,0.780417348465999,0.0450281834989611,0.163799999999295,0.711593929230553,0.482026857218268,0.169404649181241,1.63799999999072,1.37357022248734,0.191757074274054,1,1.98731672002266,0.999999999940094,0.493187061489121,0.999999999993139,0.140224808711298,0.304419384693387,0.00597086760986847,890.884375087933,0.0052233
0.22,0.78563487068747,0.0542686549962117,0.198197999999085,0.785974349934973,0.528913673990947,0.151229301433835,1.80179999998825,1.36527340324328,0.209522750058172,1,2.02811040902676,0.999999999994046,0.447809843736203,0.999999999994998,0.137302592355167,0.33573960476536,0.00795427008900403,829.126266153486,0.0062287
0.24,0.791080812860517,0.0642624400566311,0.235871999998832,0.859138578751494,0.573651764604472,0.128572988348399,1.96559999998645,1.35627897199621,0.226901849843055,1,2.06865824415231,1,0.413889174214078,0.640555555593188,0.134447422042556,0.367273218829594,0.0103224052235747,770.016720881561,0.0058126
0.26,0.796716046929258,0.0749979791574986,0.275527999998697,0.931080321634223,0.616018798219583,0.102227808492805,2,1.34661060022375,0.243866679080014,1,2.10893961819981,0.999999999763655,0.390671545819384,0.544999999993476,0.131764337322066,0.399028592795774,0.0131051565275722,715.148350835345,0.0053984
0.28,0.80249751220715,0.0864682722061988,0.315527999998673,1.00179897239057,0.655865030415229,0.0729500158884966,1.99999999999765,1.33629331185554,0.260391343186683,1,2.14893462977767,0.999999999482952,0.377241764638973,0.544999999883767,0.129223824054797,0.431012451601072,0.0163320416201019,663.922859441231,0.0062052
0.3,0.808377600964898,0.098669257783167,0.355527999998208,1.07130061959862,0.693105327856881,0.0414462619753103,1.99999999995581,1.32535332386485,0.276451818816393,1,2.18862412230603,0.999999998411347,0.372925166314635,0.545000000001243,0.12664992515391,0.463229708111333,0.0200323623795183,616.16676329901,0.0064084
0.32,0.814303843660852,0.111598256557859,0.395527999997329,1.139593017157,0.727710887994734,0.00838198925149128,1.99999999995625,1.31381788397893,0.29202600923311,1,2.22798971827543,0.935185370565819,0.376657878332974,0.545000000111087,0.124048127270476,0.495683274457377,0.0242352907530072,571.814207902532,0.005355
0.34,0.820208682892591,0.125228772782493,0.435527999996854,1.20668188831036,0.757124042636291,-0.0255495709882275,1.99999999999624,1.30171510724047,0.30709378392599,1,2.26701384869138,0.835619763323499,0.387355215534811,0.545000000010431,0.121504292038132,0.528373727705416,0.0289695787684433,531.004981291185,0.0065776
0.36,0.826009167731132,0.139494858852095,0.475527999996816,1.27257307701944,0.780060909559391,-0.05959477723596,2,1.28907381307928,0.321637002797525,1,2.30567977768618,0.743328659891451,0.403885085264099,0.544999999999604,0.119061568104376,0.561298574111607,0.0342620691828928,493.720422799557,0.0055528
0.38,0.83162355114701,0.154315487050319,0.515527999996815,1.33727524691986,0.796971520135624,-0.0930500918158137,1.99999999999986,1.27592336445794,0.335639525441887,1,2.34397162232749,0.658386482233039,0.425251876124657,0.545000000000342,0.116711683802375,0.594451976351739,0.0401365633870633,459.775963571626,0.0063463
0.4,0.836978401232332,0.169610128920844,0.555527999996813,1.40080033170674,0.808343530560267,-0.12531429310848,1.99999999999998,1.26229351053858,0.349087206192833,1,2.38187436769827,0.580776203758891,0.4505199017756,0.475243592450799,0.11444598940672,0.62782499451358,0.0466136300424073,428.97823148686,0.005577
0.42,0.842008291234924,0.18529921637292,0.595276876929636,1.46316286633142,0.814688644929176,-0.155884122868789,1.97488769328227,1.2482142341861,0.361967875761376,1,2.41937387736413,0.510400835081902,0.478819231793403,0.339017274147683,0.112256685573453,0.661405912584503,0.0537106344109286,401.197905695876,0.0050278
0.44,0.84665546696969,0.20130456141827,0.634033092982213,1.52437939225398,0.816530717997759,-0.184348701584822,1.90073391197543,1.23371560547853,0.374271310401278,1,2.45645689938153,0.447095234423503,0.509348941850184,0.252216892000407,0.110136385479742,0.695180552075051,0.0614417853027139,376.301817545336,0.0050498
0.46,0.850869495690102,0.217549734669935,0.670993752032923,1.58446794581954,0.814395535553366,-0.210383105817571,1.79533199309558,1.21882764224246,0.38598918963456,1,2.49311106803343,0.390637196624623,0.541378701898376,0.201576480469323,0.108078066851697,0.729132571953899,0.0698181979865007,354.144549029576,0.0048175
0.48,0.85460690053168,0.233960403248942,0.705664067224524,1.64344761172156,0.808802193674119,-0.233741401557142,1.67169952606454,1.20358017847411,0.3971150436398,1,2.52932490150759,0.340757746608103,0.574248954056856,0.177019064501843,0.106075119714456,0.763243754235938,0.0788479714258021,334.542961678642,0.0048694
0.5,0.857830784337066,0.250464628998763,0.737773326378022,1.7013381353873,0.800255969854398,-0.254249387059667,1.5392263892852,1.18800274134766,0.407644191453632,1,2.56508779575625,0.297150555500361,0.607369967972221,0.170930053087864,0.104121389982593,0.797494274723475,0.0885362782340667,317.282131995512,0.004597
0.52,0.860510446385509,0.266993128132755,0.767211202354842,1.75815959060645,0.78924255950792,-0.271797251994397,1.40456120839683,1.17212443735625,0.417573671161591,1,2.60039001479565,0.259480469359928,0.640219994118413,0.177591395158185,0.10221120839696,0.83186295854726,0.0988854657830127,302.129835808339,0.0043157
0.54,0.862620995264274,0.283479493630755,0.793979755545348,1.8139320986729,0.776223542705469,-0.286332317245393,1.27229411065378,1.15597384797896,0.426902163259913,1,2.63522267771804,0.227391159237088,0.672342708006446,0.192741520176511,0.100339405513627,0.866327520289183,0.109895166947171,288.850921486497,0.0045079
0.56,0.864142960850226,0.299860381870047,0.818157507231059,1.86867559506064,0.761632944101896,-0.297851982172006,1.14548105791732,1.139578935123,0.435629908356833,1,2.66957774269931,0.200511916383971,0.70334412558994,0.213233639610941,0.0985013144499596,0.900864788592558,0.121562419023778,277.218424046257,0.004639
0.58,0.86506190810816,0.316075665120118,0.839872769492005,1.92240963948061,0.745874752074886,-0.30639697334609,1.02604516817726,1.12296695645496,0.443758620352408,1,2.70344798829136,0.178463633407747,0.732889137314178,0.236770890554011,0.0966927641100016,0.935450915279407,0.133881789429547,267.020856705004,0.0046761
0.6,0.865368055154637,0.332068551649815,0.859284048061545,1.9751532651019,0.729321269830926,-0.312044961555782,0.915082688776708,1.10616439061093,0.451291396192203,1,2.73682699229057,0.160864021879488,0.76069777978708,0.261701450142915,0.0949100653567516,0.970061569097234,0.146845506843473,258.066182387651,0.0041268
0.62,0.865055897786629,0.347785675292774,0.876565827057594,2.02692486277245,0.712312180203253,-0.314904591744709,0.813095210828157,1.08919687216285,0.458232623234521,1,2.7697091084724,0.147332119869586,0.78654134869968,0.286860401098375,0.0931499916239268,1.00467211431072,0.160443596536797,250.18328658222,0.0050331
0.64,0.864123842432491,0.363177156393293,0.891898428718111,2.07774209620506,0.695154215943886,-0.315109952564958,0.720164955223572,1.07208913611938,0.464587885205571,1,2.80208944147748,0.137492145805381,0.810238437379233,0.311447996938544,0.0914097554800441,1.03925777443686,0.174664018706684,243.221755373491,0.0045524
0.66,0.862573849247165,0.378196636110142,0.905460940611561,2.12762184427575,0.678121337864268,-0.312815498055155,0.636086234121448,1.05486497165293,0.470363867644263,1,2.83396382012757,0.13097675492164,0.831650970756582,0.33493622735046,0.0896869823214905,1.07379378149568,0.189492808708226,237.05061823561,0.004318
0.68,0.860411086844321,0.392801286090721,0.917426435712452,2.17658016680258,0.66145533362983,-0.308191422949073,0.560463275967613,1.03754718467175,0.475568263660302,1,2.86532876943959,0.127429753107707,0.850680280388504,0.356997351454386,0.0879796821049764,1.10825551121291,0.204914218159262,231.556544876783,0.0046992
0.7,0.85764359993945,0.406951795545447,0.92795889169704,2.22463229041674,0.645366759998601,-0.301419485221934,0.492782322491192,1.02015756879568,0.480209680747926,1,2.8961814815946,0.126508320770895,0.86726321889061,0.377449452895428,0.0862862198452182,1.14261860466619,0.220910855973379,226.641832269733,0.0049663
0.72,0.854281990985166,0.420612337766261,0.937211356177287,2.27179261139307,0.630036160557078,-0.292689265244894,0.432464125533546,1.00271688424674,0.484297549314739,1,2.92651978610489,0.127884796197705,0.881368253298792,0.39621515740153,0.0846052851399866,1.17685907691362,0.237463828457931,222.222396279979,0.0053041
0.74,0.850339116735462,0.433750518174031,0.945325013254603,2.31807471255866,0.615615499345597,-0.282194850447695,0.378901582198097,0.985244844129882,0.487842033502275,1,2.9563421194078,0.131248065028743,0.892991631159576,0.413290504841576,0.082935861217313,1.21095341318331,0.254552877696313,218.225892887865,0.0056262
0.76,0.845829800531163,0.446337306029935,0.952428890715995,2.36349139164191,0.602229758292562,-0.270131928447406,0.331486163941064,0.96776010755458,0.490853944793518,1,2.98564749409927,0.136304600140882,0.902154307049465,0.428721634407913,0.0812771961151033,1.24487865323759,0.272156517518245,214.590032073398,0.0044286
0.78,0.840770560727941,0.458346951776089,0.958640011878685,2.40805469871133,0.589978653822747,-0.256695241648283,0.289625952327912,0.950280279032992,0.493344658823834,1,3.0144354680038,0.142779198954485,0.908918254986532,0.442587463033247,0.0796288336387578,1.278612464551,0.290252166445159,211.26110615931,0.0048869
0.8,0.83517935005087,0.469756885666559,0.964063845792163,2.45177598190527,0.578938452042199,-0.242075577801734,0.252757439019881,0.932821913584994,0.495326035736492,1,3.04270611326078,0.150415325184475,0.913320410438096,0.454986944817672,0.0779904166261791,1.31213320487884,0.308816276990083,208.1927040156,0.0047476
0.82,0.829075318666417,0.480547612773485,0.968794947573904,2.49466593708123,0.569163803840606,-0.226459731697519,0.220352739154243,0.915400526982489,0.49681034435311,1,3.07045998559072,0.158975492513532,0.91544943386466,0.466029817560568,0.0763618232332127,1.34541997475556,0.327824460693733,205.344702242582,0.0048258
0.84,0.822478595659561,0.490702601375104,0.972917709700207,2.53673465985189,0.560689600006609,-0.210027425182482,0.191923473476048,0.898030610574654,0.497810190363252,1,3.09769809388807,0.168241147104578,0.91539700123154,0.475829990879811,0.074743108580866,1.37845266103571,0.347251608986564,202.682329831385,0.0045785
0.86,0.815410079692895,0.500208155749768,0.976507167136895,2.57799170135867,0.553532839242205,-0.1929504484211,0.16702227019278,0.880725650150886,0.498338448676719,1,3.12442187027109,0.178012501949685,0.913265588767064,0.484500923905114,0.0731344438300633,1.4112119717897,0.367072009174805,200.175438285362,0.0047647
0.88,0.807891248775723,0.50905328604138,0.979629815866809,2.61844612490632,0.547694460899898,-0.175391627364503,0.145242602798621,0.863498148318111,0.49840820002684,1,3.15063314070361,0.188108190196281,0.909166230044952,0.492152491139139,0.0715361119289227,1.44367946322889,0.387259455295547,197.797883719916,0.0046909
0.9,0.799943985877507,0.517229573500071,0.982344416890882,2.65810656201963,0.543161133715189,-0.157504025419648,0.126217499608711,0.846359649893031,0.498032671863424,1,3.17633409628824,0.198364781340005,0.903203533143491,0.498888952100964,0.0699484540216893,1.47583755933953,0.407787353669271,195.527011804137,0.0043711
0.92,0.791590422419074,0.524731037277242,0.98470276711062,2.69698126673781,0.539906975365206,-0.139430897929228,0.109617522365058,0.829320769836762,0.497225183530124,1,3.20152726531617,0.208636237194825,0.895532267413915,0.504807731162769,0.0683719708816445,1.50766956488422,0.428628823056517,193.343249062044,0.0043212
0.94,0.782852790299423,0.531553987060019,0.986750425390107,2.73507816937967,0.537895230158579,-0.121303388822955,0.0951483055836551,0.812391223288466,0.495999095682382,1,3.2262154861451,0.218793092251907,0.886255091537823,0.509998784243427,0.066807159945846,1.53915967238931,0.449756789344834,191.229661485463,0.0042586
0.96,0.773753290576212,0.53769687827284,0.988527387125057,2.77240492843677,0.537079851741208,-0.103242622198574,0.0825478679112889,0.795579857285232,0.494367763868995,1,3.25040188096413,0.228721814559828,0.875499500405116,0.514544383393348,0.0652545261296396,1.57029296341966,0.47114407413844,189.171737199404,0.0042663
0.98,0.764313981625664,0.543160179372691,0.990068704263498,2.8089689776196,0.53740697808128,-0.0853586428160304,0.0715838459328941,0.778894683786962,0.492344496172154,1,3.2740898304925,0.238323953344756,0.863393148350414,0.518519192115778,0.0637146270928057,1.60105540509487,0.492763477989239,187.157083154485,0.0044656
1,0.754556675748443,0.547946231505806,0.991405050273773,2.84477756971503,0.538816331153701,-0.0677504730374994,0.062050755094574,0.762342913656808,0.48994251477742,1,3.2972829496483,0.247515274734047,0.850062292395122,0.521990536464805,0.0621880333720006,1.63143384227155,0.514587858106459,185.175194559587,0.0044102
1.02,0.744502848259384,0.552059110154016,0.992563231306938,2.87983781764232,0.54124251876687,-0.0505063008208835,0.0537673482219038,0.745930991279368,0.487174921326077,1,3.31998506421301,0.256224869983191,0.835630809788356,0.525018801612845,0.0606753139632633,1.6614159858415,0.536590200488711,183.21725321268,0.0041503
1.04,0.734173558346227,0.555504489652903,0.993566645957183,2.91415673183662,0.544616236203065,-0.0337037639504578,0.0465741168025282,0.729664629529846,0.484054665887353,1,3.34220018850895,0.264394247016978,0.820219449757751,0.527657902379827,0.0591770262579114,1.69099039763158,0.558743686577098,181.275948805722,0.0043365
1.06,0.723589380888469,0.5582895111621,0.994435696741801,2.94774125379373,0.548865366977093,-0.0174103110913468,0.040330961659266,0.713548844837523,0.480594519376694,1,3.36393250409846,0.271976415978455,0.803945191478193,0.529955790534633,0.0576937079665462,1.72014647235979,0.581021754556462,179.345318912466,0.0041323
1.08,0.712770348431539,0.560422654541713,0.99518815682091,2.98059828575885,0.55391598325382,-0.00168362638732865,0.0349150462517339,0.697587992115819,0.476807049238284,1,3.38518633950611,0.278934978232538,0.786920665538269,0.531954972473033,0.056225870261928,1.74887441706991,0.603398155452165,177.420604515362,0.0040853
1.1,0.701735902539823,0.561913614531454,0.995839495646848,3.01273471661117,0.559693247453258,0.0134278931866874,0.0302188363420259,0.681785799358753,0.472704598204934,1,3.40596615095914,0.285243227291729,0.769253661963,0.533693019005309,0.0547739919707157,1.77716522843522,0.625847004186743,175.498118735057,0.0041393
1.12,0.690504853778498,0.56277318158109,0.996403167242108,3.04415744403933,0.566122217438997,0.0278846187869745,0.0261483231839371,0.666145401729624,0.468299265945997,1,3.42627650413537,0.290883268982322,0.751046734660725,0.535203055043595,0.0533385147992231,1.80501066829132,0.648342825775659,173.575126946394,0.0044538
1.14,0.679095349595545,0.563013127619279,0.996890864703943,3.07487339313723,0.573128558459778,0.0416551397690026,0.0226214229996315,0.650669374992068,0.463602893413682,1,3.44612205690297,0.295845167077836,0.732396900779634,0.536514221456305,0.0519198395538895,1.83240323772872,0.670860596854216,171.649736868243,0.0043972
1.16,0.667524849397371,0.562646096981677,0.997312744361179,3.1048895315807,0.580639165677402,0.0547156928968236,0.0195665427239013,0.635359768156292,0.458627049699842,1,3.46550754303242,0.300126119597432,0.713395427613178,0.537652104628845,0.050518323286696,1.85933615004677,0.693375782737771,169.720797529183,0.0041783
1.18,0.655810106136721,0.561685502655246,0.997677622792321,3.13421288157047,0.588582701659033,0.0670495797388906,0.0169213003902856,0.620218135234176,0.453383021218574,1,3.48443775685705,0.303729670009619,0.694127699021634,0.538639131626624,0.0491342772826935,1.88580330284319,0.715864370224978,167.787806252088,0.0044499
1.2,0.643967153760198,0.560145427936732,0.997993149673982,3.16285052874668,0.596890053640099,0.0786465802939188,0.0146313877758702,0.605245566016107,0.447881803034621,1,3.50291753885599,0.306664931127561,0.674670256429598,0.539494925807973,0.0477679536349393,1.91179924948644,0.738302896358852,165.850823135674,0.0039105
1.22,0.632011299867319,0.558040534762921,0.998265959162408,3.19080962803298,0.605494712960224,0.0895022489145032,0.0126495610667405,0.590442715799829,0.442134092163273,1,3.52095176213051,0.308945988224364,0.655103561338319,0.540236653921695,0.0464195966017603,1.93731917019234,0.760668473379474,163.910396198068,0.0037601
1.24,0.619957123054519,0.555385974564266,0.998501802337861,3.21809740752651,0.614333093469609,0.0996177540505479,0.0109347564785507,0.575809834017414,0.436150282674092,1,3.53854531974319,0.310591047074234,0.635490642477287,0.540879284628681,0.0450893601756431,1.96235884290193,0.7829388100961,161.96747441496,0.0037921
1.26,0.607818474415655,0.552197305258246,0.998705662892096,3.24472116991626,0.623344776987644,0.108998833652926,0.00945129894487575,0.561346791720614,0.429940462438013,1,3.55570311288753,0.31162194326991,0.615893535357869,0.541435877643084,0.0437773640897284,1.98691461413912,0.8050922297565,160.023357883616,0.0042142
1.28,0.595608482529303,0.548490416393953,0.998881858030508,3.27068829115537,0.632472701388725,0.117655457208814,0.00816821489638599,0.547053107897514,0.42351441136518,1,3.57243003985471,0.312063527374509,0.596368500609363,0.541917810525551,0.0424836850019612,2.01098336999907,0.827107684805213,158.079630033156,0.0039496
1.3,0.583339561575534,0.5442814575519,0.999034126446328,3.29600621762297,0.641663296756454,0.125601302323293,0.00705862668558424,0.532927974604645,0.416881600988891,1,3.58873098576346,0.31194312990273,0.576966263566543,0.542334986817151,0.0412083540339528,2.03456250740036,0.848964768699256,156.138102142598,0.0037412
1.32,0.571023422119196,0.539586771908229,0.999165704932581,3.32068246168319,0.650866573446536,0.132853259108017,0.00609922193975844,0.518970280908544,0.410051195259384,1,3.60461081301856,0.311290069232768,0.557732245279833,0.542696020270726,0.0399513587674105,2.05764990571649,0.870643724963789,154.200762787783,0.0038095
1.34,0.558671084150194,0.534422834766276,0.999279395044351,3.34472459578563,0.660036167292059,0.139430962998953,0.00526978923721966,0.505178635639368,0.403032052419492,1,3.62007435246328,0.310135203263312,0.538706803120662,0.543008397704049,0.0387126452378288,2.08024389888524,0.892125453690344,152.269732002039,0.0044503
1.36,0.546292892008808,0.528806196862015,0.99937762106083,3.36814024533046,0.669129347026355,0.145356356967642,0.00455281241067712,0.491551388966598,0.395832727842569,1,3.63512639519144,0.308510521730702,0.519925476696289,0.543278622312451,0.0374921199623114,2.10234324807845,0.913391515672432,150.347219924387,0.003784
1.38,0.53389853085891,0.522753432247043,0.999462480349368,3.39093708050059,0.67810698866918,0.15065328358915,0.00393311644315936,0.478086652813242,0.388461477721306,1,3.64977168498471,0.306448778694958,0.501419244103893,0.543512339691892,0.0362896521138505,2.12394711500089,0.934424134365581,148.435489694806,0.0036239
1.4,0.521497044404916,0.516281090548939,0.999535787101122,3.41312280724813,0.686933521387258,0.155347107357815,0.00339755873224031,0.464782320130295,0.380926263504129,1,3.66401491134167,0.303983162711835,0.48321478372255,0.543714448334083,0.0351050757574672,2.14505503587384,0.95520619585092,146.536824362572,0.0039594
1.42,0.50909685357954,0.509405653404386,0.99959911028977,3.43470515760866,0.695576849019883,0.159464367194783,0.00293476013251023,0.451636083057762,0.373234756983696,1,3.67786070306551,0.301147006184181,0.465334748180863,0.543889196872637,0.0339381922739035,2.16566689614771,0.975721246973314,144.653497549641,0.0052421
1.44,0.496705775958763,0.502143494854592,0.999653806601161,3.45569187950599,0.704008251296779,0.163032459159094,0.0025348710066596,0.438645450002171,0.365394345949561,1,3.69131362237808,0.297973524195008,0.447798025747099,0.544040268354165,0.0327887725373015,2.18578290597736,0.995953491816791,142.787747682554,0.0038342
1.46,0.484331045688317,0.494510845494089,0.99970104898737,3.47609072619286,0.712202268156662,0.166079348167733,0.00218936761415914,0.425807761663544,0.35741214032437,1,3.70437815952911,0.294495589089479,0.430620011231097,0.544170854471117,0.0316565593436926,2.20540357648503,1.01588778667153,140.94175552476,0.003941
1.48,0.471979333731826,0.486523760166196,0.999741851415749,3.49590944545969,0.72013657059874,0.168633308321926,0.0018908752237614,0.413120206047039,0.349294978709827,1,3.71705872787004,0.290745534132411,0.413812870266913,0.54428372016145,0.0305412697095994,2.2245296968273,1.03550963363841,139.117624805957,0.0042978
1.5,0.459656768274589,0.478198088997534,0.999777090312805,3.51515576873326,0.727791821014868,0.170722690648943,0.00163301448188334,0.400579832496301,0.341049435275281,1,3.72935965936313,0.286754985056621,0.39738579813029,0.544381259924902,0.0294425971325313,2.24316231207563,1.05480517300891,137.317365729249,0.0039636
1.52,0.447368955139073,0.469549451569187,0.999807523138173,3.5338374001721,0.735151525687461,0.172375717041687,0.00141026805484795,0.388183564786748,0.332681826928022,1,3.74128520049768,0.282554717284551,0.381345271106193,0.544465546857858,0.0283602137888428,2.26130270191368,1.0737611745497,135.542881146665,0.0037826
1.54,0.435120998088434,0.460593214027367,0.999833804467958,3.55196200585309,0.742201881845695,0.173620299042248,0.00121786492367668,0.375928213317857,0.324198220710195,1,3.752839508586,0.278174536786982,0.365695289536038,0.544538375332114,0.0272937726579064,2.27895236014948,1.09236502781358,133.795955199026,0.0036554
1.56,0.422917518912725,0.451344468942497,0.999856499917627,3.56953720313178,0.748931621398438,0.174483880048449,0.00105168004323761,0.363810486443928,0.315604441372781,1,3.76402664841328,0.273643182516942,0.350437611234162,0.544601298113849,0.0262429095594072,2.29611297503562,1.11060473159039,132.078244223186,0.0043829
1.58,0.410762677209145,0.441818017732441,0.999876098191701,3.58657055024796,0.75533185320002,0.174993299455893,0.000908147364223089,0.351827000982886,0.306906079082233,1,3.77485058921631,0.268988248345362,0.33557197416836,0.544655658604657,0.025207245092604,2.31278641038709,1.12846888260424,130.391269738049,0.0039013
1.6,0.398660189782661,0.432028355473139,0.999893021509963,3.6030695362369,0.761395905455171,0.175174677206827,0.000784184461899669,0.339974291942496,0.298108497220137,1,3.78531520196738,0.264236122659114,0.321096308084571,0.544702618842644,0.0241863864755406,2.32897468748297,1.14594666355592,128.736413327103,0.0038557
1.62,0.386613349606721,0.421989657927861,0.999907634627034,3.61904157119713,0.767119169642992,0.175053317222667,0.000677127245251432,0.328248821502925,0.289216840240753,1,3.7954242569408,0.259411943740179,0.307006934468723,0.54474318377162,0.0231799292776253,2.34467996773549,1.16302783060271,127.114913243991,0.003696
1.64,0.374625044295735,0.411715770634489,0.999920252633517,3.63449397695618,0.772498947125636,0.174653628201848,0.000584673403034612,0.316646987293964,0.280236041555388,1,3.8051814215404,0.254539569588156,0.293298755269744,0.544778222482721,0.0221874590525532,2.35990453610795,1.17970270036097,125.527862572022,0.0038039
1.66,0.362697774051557,0.401220199898299,0.999931147702515,3.64943397816749,0.777534299428911,0.173999060321619,0.000504833496814311,0.305165130004386,0.27117083141641,1,3.8145902583678,0.249641559741883,0.279965428639708,0.544808486310216,0.0212085528478493,2.37465078526102,1.19596213651096,123.976208785892,0.0037594
1.68,0.350833669055481,0.390516105546307,0.999940554923168,3.66386869386376,0.782225902972487,0.173112056355956,0.000435888568492215,0.293799540360034,0.262025744777198,1,3.82365422351203,0.244739168512692,0.266999533628032,0.544834624758632,0.0202427806200586,2.38892120040606,1.21179753607688,122.4607545597,0.0037783
1.7,0.339034506285368,0.379616295307633,0.999948677343669,3.67780512948516,0.786575908905293,0.172014015855043,0.000376353481599691,0.28254646550613,0.252805129107572,1,3.83237666504243,0.239852347754132,0.254392722869663,0.544857199235876,0.0192897065392456,2.40271834484249,1.22720081545024,120.982159682583,0.0037437
1.72,0.327301725744586,0.368533220692233,0.99995569033055,3.69125016939451,0.790587808540628,0.170725271046556,0.000324945206515065,0.271402114828225,0.243513152147208,1,3.84076082168735,0.234999757988289,0.242135863754188,0.544876694948768,0.0183488901898416,2.41604484615629,1.24216439621867,119.540943947942,0.0038302
1.74,0.315636446095492,0.357278974248452,0.999961745336496,3.70421056988603,0.794266304763648,0.169265073197407,0.000280555388071439,0.260362665244969,0.234153809582256,1,3.84880982168276,0.230198786710428,0.230219168383471,0.544893531203754,0.0174198876711672,2.42890338305562,1.2566811908579,118.137490890924,0.0038026
1.76,0.304039479695372,0.345865288087563,0.999966973156591,3.71669295268937,0.797617189673024,0.167651588246357,0.000242226621423026,0.249424266004713,0.224730932632862,1,3.85652668177523,0.225465572785046,0.218632312678457,0.544908070319904,0.016502252600874,2.44129667281992,1.27074458833981,116.772052256826,0.0037402
1.78,0.292511347037139,0.334303533570968,0.999971486742171,3.72870379896598,0.800647228621308,0.165901900592005,0.000209131936588339,0.238583043016634,0.215248195541526,1,3.86391430636515,0.220815036003672,0.20736454509553,0.544920625360078,0.0155955370267315,2.45322745933848,1.28434843970488,115.444753090258,0.0037426
1.8,0.281052290600789,0.322604722062812,0.999975383632199,3.74024944379163,0.803364050736741,0.16403202399811,0.000180557066216264,0.227835102745874,0.205709122954306,1,3.87097548677662,0.216260910823793,0.196404785323404,0.544931466795816,0.0146992922481969,2.46469850171486,1.29748704364394,114.155597344201,0.0038952
1.82,0.269662288124646,0.310779506657688,0.999978748053989,3.75133607111525,0.805776045933634,0.162056918650536,0.000155885112710184,0.217176535700868,0.196117097188707,1,3.87771290064145,0.211815783575476,0.185741713520129,0.544940828287042,0.0138130695554657,2.4757125634137,1.31015513212968,112.904473913529,0.0037178
1.84,0.258341065307961,0.298838184799536,0.999981652738076,3.76196970918179,0.807892268360973,0.159990513478318,0.000134583296045204,0.206603419539821,0.186475365383799,1,3.88412911138558,0.207491132389847,0.175363850558637,0.544948911680503,0.0129364208892739,2.48627240192699,1.32234785613542,111.691163006046,0.0036617
1.86,0.247088107958412,0.28679070171406,0.999984160486047,3.77215622640441,0.809722346186711,0.157845732923237,0.000116191501026418,0.196111821822044,0.176787046529592,1,3.89022656780674,0.203297369210539,0.165259629789951,0.544955891331082,0.0120688994262608,2.49638075893727,1.33406077147516,110.51534277081,0.0036467
1.88,0.235902673599685,0.274646654582747,0.999986325524859,3.78190132766953,0.811276397573188,0.155634527413263,0.00010031238021578,0.185697802428666,0.167055138374087,1,3.89600760373326,0.199243883325508,0.155417460839211,0.544961917838263,0.0112100600948707,2.5060403509559,1.34528982479595,109.376596110195,0.0038864
1.9,0.224783802555483,0.262415297392075,0.999988194676681,3.79121055105683,0.812564952665143,0.153367906863365,8.66028019904416e-05,0.175357415676066,0.157282524207633,1,3.90147443775444,0.19533908592078,0.145825785945084,0.544967121276462,0.0103594600265107,2.51525386041512,1.35603133975097,108.274417608687,0.0043073
1.92,0.213730328527294,0.250105546396648,0.999989808369316,3.80008926495509,0.813598881384908,0.151055976592185,7.4766461516614e-05,0.165086712144244,0.147471979525335,1,3.90662917301353,0.191590455219233,0.136473129346292,0.544971613987422,0.00951665894661325,2.5240239271932,1.36628200337904,107.208220517621,0.0040691
1.94,0.202740888683821,0.237725986139786,0.999991201508901,3.80854266555395,0.814389326808649,0.148707975104467,6.45474969886702e-05,0.154881740241281,0.137626178569209,1,3.91147379705526,0.188004581823834,0.1273481402083,0.544975492993757,0.0086812195101455,2.53235314055301,1.37603885271401,106.177343741009,0.0038596
1.96,0.191813933280448,0.225284875979641,0.999992404233618,3.81657577469119,0.814947643882311,0.146332313247051,5.57249747412566e-05,0.144738547523964,0.127747700752694,1,3.91601018172011,0.184587213936268,0.118439629569368,0.544978842084811,0.00785270758597389,2.54024403147459,1.38529926164519,105.181058773303,0.0043941
1.98,0.180947734827311,0.212790157073096,0.999993442564618,3.82419343803473,0.815285343225413,0.143936614300364,4.81081252733414e-05,0.134653181793723,0.117839036970894,1,3.92024008307851,0.181343302168514,0.109736601768868,0.544981733619178,0.00703069249431775,2.54769906536345,1.39406092804821,104.218576545301,0.0042553
2,0.170140396824648,0.200249459773636,0.999994338968153,3.83140032357858,0.815414039764477,0.141527754617756,4.15322281773352e-05,0.12462169198604,0.107902595800612,1,3.92416514139825,0.178277043707226,0.101228280802564,0.54498423008219,0.00621474720139281,2.5547206351169,1.40232186120358,103.289054139508,0.0039359
2.02,0.159389862084016,0.187670111403026,0.999995112841013,3.83820092043185,0.815345405934884,0.139111904471763,3.5855057765762e-05,0.114640128870654,0.0979407095948574,1,3.92778688113945,0.175391925628757,0.0929041320299501,0.544986385431615,0.00540444847512515,2.56131105453143,1.41008036951885,102.391601341104,0.0040379
2.04,0.148693920653861,0.175059144360048,0.999995780929722,3.84459953788049,0.815091129190012,0.13669456880944,3.09538131472105e-05,0.104704545579031,0.0879556404770614,1,3.93110671097137,0.172690767196744,0.0847538796381509,0.544988246260249,0.00459937700568128,2.56747255203493,1.4173350485684,101.52528699517,0.0041513
2.06,0.138050217367657,0.162423304532683,0.999996357692521,3.85060030470147,0.81466287355893,0.134280627658461,2.67224668369688e-05,0.0948109979748302,0.0779495862406881,1,3.93412592380631,0.170175761004611,0.0767675202457592,0.544989852800256,0.00379911749434621,2.5732072647284,1.42408476946382,100.689145145105,0.0038982
2.08,0.127456259032595,0.14976905998308,0.999996855611939,3.85620716870984,0.814072244998427,0.131874375961881,2.30694749289636e-05,0.0849555448823655,0.067924686160369,1,3.93684569684604,0.167848512852321,0.0689353330085057,0.544991239790759,0.00300325871412449,2.57851723272224,1.43032866756637,99.882180931135,0.0038434
2.1,0.116909421276452,0.137102609877339,0.999997285464684,3.86142389651977,0.813330760291223,0.129479562652313,1.99157996020712e-05,0.0751342481874109,0.0578830267210432,1,3.93926709163661,0.165710080265732,0.061247886565237,0.544992437215578,0.00221139354527627,2.58340439375331,1.43606613155168,99.1033762315944,0.0037712
2.12,0.106406955069967,0.124429893634725,0.999997656554653,3.86625407350102,0.812449819249479,0.127099428806122,1.71931972102153e-05,0.0653431728241188,0.0478266472719045,1,3.94139105412812,0.163761009614545,0.053696043152691,0.544993470981121,0.00142311898866066,2.58787057806919,1.44129679283628,98.3516950326887,0.0040572
2.14,0.0959459929416626,0.11175660027319,0.999997976914129,3.87070110391346,0.811440679991938,0.124736744745505,1.48427504138733e-05,0.0555783866612579,0.0377575456122332,1,3.94321841473597,0.162001371747497,0.0462709601718456,0.544994363459777,0.000638036160071422,2.59191750356724,1.44602051537397,97.6260885164727,0.0037794
2.16,0.0855235549017528,0.0990881779303133,0.999998253477592,3.87476821120272,0.810314437070882,0.122393845979968,1.28135959336613e-05,0.0458359603005114,0.0276776835164224,1,3.94474988840094,0.160430796130206,0.0389640894931595,0.544995133957233,-0.000144249731999817,2.59554677117631,1.45023738582965,96.9254998589507,0.0036232
2.18,0.0751365540914006,0.0864298435407614,0.999998492231756,3.87845843844112,0.809082002235412,0.120072667900792,1.10618205375952e-05,0.0361119667991397,0.0175889922057106,1,3.94598607464557,0.159048503478428,0.0317671747620212,0.544995799142121,-0.00092412942262244,2.59875986046989,1.45394770413718,96.2488687329734,0.0036778
2.2,0.0647818021733116,0.0737865926532383,0.999998698345079,3.8817746488988,0.807754087628005,0.117774779161531,9.54951170099986e-06,0.0264024813289476,0.00749337777429781,1,3.94692745762474,0.157853336867457,0.0246722469383723,0.544996373406017,-0.00170198963804335,2.60155812549999,1.45715197444713,95.5951355134053,0.0038984
2.22,0.054456014479338,0.0611632093716215,0.999998876279574,3.88471952673082,0.80634119122098,0.115501413694597,8.24393786710356e-06,0.0167035807831777,-0.00260727342233875,1,3.94757440616865,0.156843791326328,0.0176716182937214,0.544996869174379,-0.00247821315254586,2.60394279084173,1.45985089646979,94.9632451839885,0.0036603
2.24,0.0441558149305266,0.0485642764065897,0.999999029887359,3.88729557776708,0.804853584309882,0.113253501329174,7.1168406433382e-06,0.00701134334269619,-0.0127110894090043,1,3.94792717381696,0.156018041930021,0.0107578750698302,0.544997297175008,-0.00325317885229005,2.60591494783926,1.46204535721808,94.3521509473989,0.0036115
2.26,0.0338777407448215,0.0359941852255283,0.999999162494002,3.88950513039266,0.803301300891031,0.111031696989117,6.1438236461593e-06,-0.00267815198736978,-0.0228162072542104,1,3.94798589884281,0.155373970410161,0.00392386898703885,0.544997666669915,-0.00402726180404762,2.60747555104416,1.46373642315449,93.7608175417623,0.0036057
2.28,0.0236182469474601,0.0234571462898756,0.999999276970487,3.8913503365072,0.801694128760487,0.108836408461108,5.30382481552418e-06,-0.0123688258595283,-0.0329207677473934,1,3.94775060426625,0.154909190310564,-0.00283729222518035,0.544997985655519,-0.00480083332681862,2.60862541483813,1.46492533274582,93.1882242685014,0.0042556
2.3,0.013373710698969,0.0109571993703457,0.999999375795343,3.89283317255279,0.800041602181526,0.106667822733546,4.57866080245519e-06,-0.022064599073434,-0.0430229100818159,1,3.94722119785645,0.154621070718918,-0.00953225511732357,0.544998261035525,-0.00557426106443109,2.60936521023246,1.46561348942901,92.6333677377739,0.0039755
2.32,0.00314043545558618,-0.00150177606836096,0.999999461108287,3.8939554406009,0.79835299597722,0.104525930915346,3.95263359130051e-06,-0.0317693930621329,-0.0531207665350307,1,3.94639747212274,0.154506758609762,-0.0161674314840399,0.544998498770196,-0.00634790905725356,2.60969546183717,1.46580245499099,92.0952643389936,0.0037981
2.34,-0.00708534502310011,-0.0139160504206646,0.999999534756531,3.89471876948953,0.796637320913924,0.102410551751391,3.41219086176305e-06,-0.0414871303641426,-0.0632124571387857,1,3.94527910429477,0.154563199836919,-0.0227490098714546,0.54499870400525,-0.00712213781124021,2.60961654499347,1.46549394336516,91.5729524449706,0.0036998
2.36,-0.0173074628044806,-0.0262820334373343,0.999999598334767,3.89512461600301,0.794903320250313,0.100321353757705,2.9456327517148e-06,-0.0512217350703994,-0.0732960843302843,1,3.9438656562923,0.154787158815905,-0.0292829675074671,0.544998881183142,-0.00789730436257542,2.60912868306373,1.46468981484695,91.065494359103,0.0035307
2.38,-0.0275298120363381,-0.038596263672227,0.999999653219682,3.8951742660874,0.793159467335031,0.0982578760048201,2.54285868293304e-06,-0.0609771332349763,-0.083369727576761,1,3.94215657468565,0.155175236938427,-0.0357750825457117,0.544999034139167,-0.00867376233620644,2.60823194487371,1.46339207073041,90.5719780158045,0.0035481
2.4,-0.0377563453083287,-0.0508553978830902,0.999999700599757,3.89486883609563,0.791413964144076,0.0962195475822319,2.19514878302031e-06,-0.0707572532382955,-0.093431437965412,1,3.94015119064787,0.155723889762209,-0.0422309465239581,0.544999166184409,-0.00945186199660859,2.60692624230247,1.46160284836798,90.0915184449449,0.0036432
2.42,-0.0479910701063316,-0.0630562003902166,0.999999741500996,3.89420927405715,0.789674740656663,0.0942057057804917,1.89497517026306e-06,-0.0805660260913229,-0.103479232750817,1,3.93784871990057,0.156429443019954,-0.048655976946939,0.544999280177397,-0.010231950289132,2.60521132801587,1.45932441665497,89.6232590115777,0.0035288
2.44,-0.0582380453442274,-0.0751955323960568,0.999999776809138,3.89319636096788,0.787949454975512,0.0922156130304004,1.63583903300359e-06,-0.0904073856689373,-0.113511089852114,1,3.93524826265497,0.157288107491496,-0.0550554299120765,0.544999378585925,-0.0110143708702975,2.60308679334032,1.4565591719406,89.1663724425717,0.0037376
2.46,-0.0685013779573626,-0.0872703412682818,0.999999807288828,3.891830712097,0.786245494104316,0.0902484726410373,1.41212996591046e-06,-0.100285268860323,-0.123524942292352,1,3.93234880355084,0.158295992782987,-0.0614344127042941,0.54499946354047,-0.0117994641254124,2.60055206627398,1.4533096343669,88.7200616520262,0.0035592
2.48,-0.0787852195416043,-0.0992776497882469,0.999999833600173,3.89011277830796,0.784569975301537,0.0883034433800709,1.21900453513414e-06,-0.110203615623828,-0.13351867257262,1,3.92914921159577,0.159449120056583,-0.0677978962931064,0.544999536880292,-0.0125875671718765,2.59760640963325,1.44957844463701,88.283560377494,0.0035382
2.5,-0.089093763021469,-0.111214545366345,0.999999856313033,3.88804284739191,0.782929747935643,0.0863796529410007,1.05228144028426e-06,-0.120166368933269,-0.143490106973778,1,3.92564824010798,0.160743433753342,-0.074150727671509,0.544999600193223,-0.0133790138465225,2.59424891933304,1.44536836121426,87.8561336390994,0.0034872
2.52,-0.0994312393303381,-0.123078169225347,0.999999875919357,3.88562104541256,0.78133139577255,0.0844762103427554,9.08351000593182e-07,-0.130177474602148,-0.153437009778882,1,3.92184452666608,0.162174812351233,-0.0804976419818851,0.544999654850049,-0.0141741346753353,2.59047852280002,1.44068225795318,87.4370780336096,0.0054643
2.54,-0.109801914085234,-0.134865705552504,0.999999892843837,3.88284733806243,0.779781239631207,0.082592217307452,7.84097018165636e-07,-0.140240880971682,-0.163357077409673,1,3.91773659306966,0.163739078198303,-0.0868432743786212,0.544999702032987,-0.0149732568237934,2.58629397751877,1.4355231221639,87.02572187544,0.0040792
2.56,-0.120210084238046,-0.14657437062097,0.999999907453096,3.87972153203085,0.778285340348162,0.0807267786622006,6.76828893578357e-07,-0.150360538447886,-0.173247932470869,1,3.9133228453151,0.165432006460662,-0.0931921715820305,0.544999742758935,-0.0157767040261269,2.58169386971124,1.42989405311105,86.6214251963925,0.0037204
2.58,-0.130660074684423,-0.15820140188092,0.999999920063606,3.8762432763854,0.776849501996425,0.0788790118106067,5.84222110003434e-07,-0.160540398872306,-0.183107117696383,1,3.90860157359128,0.167249333235173,-0.0995488030914401,0.544999777917665,-0.0165847964925722,2.57667661315107,1.42379826094835,86.2235796155778,0.0040492
2.6,-0.141156234810883,-0.169744047020707,0.999999930948552,3.87241206396877,0.775479275308634,0.0770480553187685,5.04272469531014e-07,-0.170784414710215,-0.192932089792041,1,3.90357095230045,0.169186762833101,-0.105917571995762,0.544999808270261,-0.017397850790089,2.57124044811459,1.41723906609025,85.8316080911832,0.0039273
2.62,-0.151702934959866,-0.181199552998387,0.999999940343775,3.86822723281425,0.774179961257192,0.0752330766608443,4.35249763544714e-07,-0.181096538039316,-0.202720213169895,1,3.89822904011006,0.171239974305421,-0.112302825372765,0.544999834473529,-0.0182161796984262,2.56538344047162,1.41021989902167,85.4449645646771,0.003988
2.64,-0.162304562791673,-0.192565155044083,0.999999948452874,3.86368796758342,0.77295661474903,0.0734332791672841,3.75660233825197e-07,-0.191480719321099,-0.212468753569816,1,3.89257378004172,0.173404627225337,-0.118708864230754,0.544999857094497,-0.0190400920369146,2.55910348091962,1.40274430054704,85.0631335083015,0.0039683
2.66,-0.172965519521344,-0.203838065633879,0.999999955451619,3.85879330103088,0.771814048395246,0.0716479082183828,3.2421425273223e-07,-0.20194090593615,-0.222174871564692,1,3.88660299960415,0.17567636676493,-0.125139952964765,0.544999876622838,-0.0198698924609348,2.55239828436574,1.39481592247989,84.6856293860512,0.0040475
2.68,-0.183690216007588,-0.215015463436239,0.999999961491747,3.85354211550124,0.770756836319081,0.0698762567245194,2.79798474228226e-07,-0.212481040463674,-0.231835615946329,1,3.88031441097751,0.178050828084283,-0.131600328288273,0.544999893426458,-0.0207058812238496,2.54526538946238,1.38643852877395,84.3119960381532,0.003881
2.7,-0.19448306866989,-0.226094482232415,0.999999966704051,3.84793314446472,0.769789317968028,0.0681176699335683,2.41431999146851e-07,-0.223105058684538,-0.241447916989955,1,3.87370561125692,0.180523640125826,-0.138094207659736,0.544999907919613,-0.0215483539128242,2.53770215830243,1.377615997097,83.9418059976241,0.0039242
2.72,-0.205348495208923,-0.237072199812865,0.999999971201202,3.84196497409825,0.768915601900949,0.066371549602744,2.08283059837793e-07,-0.233816887286049,-0.251008579596222,1,3.86677408276407,0.183090428730023,-0.144625797090519,0.544999920437412,-0.0223976011345102,2.52970577628175,1.36835232084832,83.5746597493153,0.0040207
2.74,-0.216290910104272,-0.247945626852402,0.999999975080438,3.8356360449201,0.768139569518981,0.0646373575742503,1.79640527971497e-07,-0.244620441245557,-0.260514276310574,1,3.85951719343595,0.185746819193355,-0.15119929837942,0.544999931249609,-0.0232539081702956,2.52127325213723,1.35865161162078,83.2101849387405,0.0039785
2.76,-0.227314719862385,-0.258711695767627,0.999999978425747,3.8289446534867,0.767464878714992,0.0629146187895265,1.54890387190203e-07,-0.255519620868869,-0.269961540221106,1,3.85193219730069,0.18848843826855,-0.157818915725417,0.544999940590863,-0.0241175545891891,2.51240141816972,1.34851810210826,82.8480355390202,0.0039826
2.78,-0.238424317986496,-0.269367249561225,0.999999981309682,3.82188895416137,0.766894967417271,0.0612029237764104,1.33503097846226e-07,-0.26651830845822,-0.279346757737279,1,3.84401623505137,0.191310915624581,-0.16448886168555,0.544999948663776,-0.0249888138152585,2.50308693066262,1.33795614945905,82.4878909835872,0.0039482
2.8,-0.249624079639095,-0.279909030658822,0.999999983794933,3.81446696096536,0.766433057004777,0.0595019306421977,1.15022057361596e-07,-0.277620364583349,-0.288666161253357,1,3.83576633472905,0.194209884792029,-0.171213362449942,0.544999955634399,-0.0258679526482069,2.4933262705077,1.32697023907563,82.1294552716927,0.0039538
2.82,-0.260918355966313,-0.290333669745472,0.999999985935658,3.80667654952267,0.766082155573002,0.0578113666039868,9.90504408700122e-08,-0.288829623928004,-0.297915821702008,1,3.8271794125275,0.19718098363578,-0.177996662425,0.544999961651041,-0.0267552307378271,2.48311574405104,1.31556498886112,81.7724560530894,0.003901
2.84,-0.272311468052372,-0.300637674610358,0.999999987778611,3.79851545911102,0.765845061031918,0.0561310290853404,8.52448156758601e-08,-0.300149890682899,-0.307091641005323,1,3.81825227373247,0.200219854354508,-0.184843028069335,0.544999966843801,-0.0276509000039879,2.47245148417329,1.30374515391194,81.4166436982713,0.0037296
2.86,-0.283807700471036,-0.310817419009995,0.999999989364145,3.7899812948321,0.765724364018019,0.0544607864077878,7.33085838684633e-08,-0.31158493345491,-0.316189344432456,1,3.80898161380978,0.20332214303979,-0.191756750962451,0.544999971324802,-0.0285552040030091,2.46132945161976,1.29151563165654,81.0617903597989,0.003529
2.88,-0.295411294399785,-0.320869131562215,0.999999990727086,3.78107152991564,0.765722450604351,0.0528005781036038,6.29855126883672e-08,-0.323138479661039,-0.32520447287527,1,3.79936401965683,0.20648349881732,-0.198742150073975,0.544999975189962,-0.0294683772371921,2.44974543659703,1.27888146743894,80.7076890299027,0.0035136
2.9,-0.307126440261246,-0.330788884685337,0.99999999189748,3.77178350817234,0.765841504793759,0.0511504148747153,5.40538990530126e-08,-0.334814209374403,-0.334132375055754,1,3.78939597103354,0.209699572591748,-0.205803573197226,0.544999978525018,-0.0303906444047146,2.43769506065431,1.26584786054563,80.3541525991208,0.0034176
2.92,-0.31895726985526,-0.340572583599377,0.999999992901248,3.76211444661205,0.766083510781918,0.0495103782210993,4.63229056786463e-08,-0.346615748588354,-0.342968199681585,1,3.77907384218947,0.212966015414341,-0.212945397510388,0.54499998140224,-0.0313222195860592,2.42517377886924,1.25242017067382,80.0010129203124,0.0034059
2.94,-0.330907847943896,-0.350215955408824,0.999999993760754,3.75206143824453,0.766450254977805,0.047880619760478,3.96277119814203e-08,-0.358546661863614,-0.351706887569088,1,3.76839390370495,0.216278476497437,-0.220172029226036,0.544999983884053,-0.0322633053656104,2.41217688235925,1.23860392483799,79.6481198819296,0.0033703
2.96,-0.34298216325068,-0.359714538289457,0.999999994495291,3.74162145508117,0.766943327770635,0.0462613602596022,3.38259708849864e-08,-0.370610444322302,-0.360343163755963,1,3.75735232456503,0.219632600896043,-0.227487902287332,0.544999986024382,-0.0332140918846049,2.39869950114102,1.22440482471115,79.2953404940652,0.0034476
2.98,-0.355184118834424,-0.369063670804932,0.999999995121498,3.73079135135712,0.767564125033395,0.0446528883959361,2.87947482997697e-08,-0.382810512951689,-0.368871529629533,1,3.74594517448634,0.223024026878876,-0.234897476066737,0.544999987869811,-0.0341747558229821,2.38473660736242,1.20982875439619,78.9425579903877,0.0034094
3,-0.367517521797237,-0.378258481382401,0.999999995653724,3.71956786699446,0.768313849354308,0.0430555592670871,2.44278803303177e-08,-0.395150197179692,-0.377286255100002,1,3.73416842651767,0.226448383011381,-0.242405232020414,0.544999989460578,-0.0351454593073816,2.37028301893266,1.19488178862136,78.5896709487153,0.0033892
3.02,-0.379986072285705,-0.387293877980329,0.99999999610434,3.7079476313279,0.76919351098877,0.0414697926639025,2.06336885251335e-08,-0.407632728683398,-0.385581370852178,1,3.7220179599367,0.229901284974104,-0.250015669248896,0.544999990831445,-0.0361263487426427,2.35533340357809,1.17957020135314,78.236592432616,0.0033771
3.04,-0.392593351743761,-0.396164537985817,0.999999996484007,3.69592716711615,0.770203928525538,0.0398960711217647,1.73330086534906e-08,-0.420261230391399,-0.393750660713465,1,3.70948956346593,0.233378332140662,-0.257733298911796,0.544999992012436,-0.0371175535643023,2.33988228335278,1.16390047481784,77.8832491560912,0.0034072
3.06,-0.405342810375599,-0.404864898383348,0.999999996801912,3.68350289486242,0.771345729262202,0.0383349377632653,1.44574855805035e-08,-0.433038704640409,-0.401787654180578,1,3.69657893883238,0.236875103940889,-0.26556263744185,0.5449999930295,-0.0381191849097552,2.32392403963474,1.14787930892206,77.5295806730798,0.0035505
3.08,-0.418237753777056,-0.413389146241724,0.999999997065968,3.67067113746942,0.772619349286308,0.036786993944137,1.19481056411064e-08,-0.445968020446625,-0.409685619152454,1,3.68328170469663,0.240387156036056,-0.273508198500907,0.544999993905049,-0.0391313342059265,2.30745291863995,1.1315136310602,77.1755385932083,0.0035397
3.1,-0.431281328694251,-0.421731209571222,0.999999997282989,3.65742812525484,0.774025033259918,0.0352528967130617,9.75392345405222e-09,-0.459051899852556,-0.417437554922168,1,3.66959340097788,0.243910016155199,-0.28157448336473,0.544999994632724,-0.0401540716512871,2.29046303748861,1.11481060629529,76.8210858253521,0.00345
3.12,-0.444476507868958,-0.42988474860871,0.999999997458745,3.64377000135492,0.775562833899661,0.03373335610499,7.8217039496553e-09,-0.472292903310707,-0.42503618548642,1,3.65550949360294,0.247439179914317,-0.289765970068145,0.544999995183532,-0.0411874446364587,2.27294839085908,1.09777764789713,76.4661958490924,0.0033884
3.14,-0.457826073931314,-0.437843147594449,0.99999999759784,3.62969282754469,0.77723261115756,0.0322291322700134,6.0877754644184e-09,-0.485693414066552,-0.432473953237198,1,3.64102537970801,0.250970107745097,-0.298087102844645,0.544999995666602,-0.0422314762095106,2.25490285826697,1.08042242821945,76.1108520124549,0.0036296
3.16,-0.471332602302971,-0.445599507110227,0.999999997703995,3.61519259050102,0.779034031153544,0.0307410323749632,4.52775199401455e-09,-0.499255621504787,-0.439743013106689,1,3.62613639332331,0.25449821925363,-0.306542276503581,0.544999996089028,-0.0432861630724952,2.23632021200819,1.062752889895,75.755046864566,0.0034863
3.18,-0.484998443075199,-0.453146637055594,0.999999997780471,3.60026520854113,0.780966564763792,0.029269907431084,3.11980200630612e-09,-0.512981503424934,-0.446835227243299,1,3.61083781157148,0.258018889408778,-0.315135821834413,0.544999996457506,-0.0443514738765851,2.21719412580623,1.04477725732467,75.3987815134357,0.00343
3.2,-0.498825701828888,-0.460477050346205,0.999999997830114,3.58490653886975,0.783029485945352,0.0278166489418195,1.84450409458801e-09,-0.526872807215048,-0.45374216030375,1,3.59512486141175,0.261527444265491,-0.323871988701088,0.544999996777247,-0.045427347261154,2.19751818420542,1.02650404843328,75.0420650141574,0.0034542
3.22,-0.512816219367787,-0.467582957425213,0.999999997855402,3.56911238536388,0.785221869786354,0.0263821854055337,6.84312827086127e-10,-0.540931029895721,-0.460455075453697,1,3.57899272696243,0.265019156758338,-0.332754927434042,0.544999997056187,-0.0465136898260218,2.17728589275303,1.00794208666166,74.6849137861317,0.0037303
3.24,-0.526971550340358,-0.474456261686441,0.999999997858491,3.55287850692836,0.787542590293162,0.0249674786761285,-3.75459886943224e-10,-0.555157397010667,-0.466964931177003,1,3.56243655743538,0.268489242591692,-0.34178866845229,0.544999997299857,-0.0476103740167147,2.15649068901411,0.989100513160258,74.3273510588807,0.0047553
3.26,-0.541292940730793,-0.481088555915909,0.999999997841261,3.53620062645545,0.789990317927503,0.0235735201843025,-1.34751123302525e-09,-0.569552840345262,-0.473262379001816,1,3.54545147571621,0.271932856297101,-0.350977100059992,0.544999997513402,-0.0487172359317596,2.13512595446417,0.969988799145866,73.969406345779,0.003575
3.28,-0.555781304205874,-0.487471119866391,0.999999997805359,3.51907444042206,0.79256351691015,0.0222013270213841,-2.2426866512615e-09,-0.58411797446031,-0.479337762259739,1,3.52803258762483,0.275345087501682,-0.360323944361422,0.544999997701596,-0.0498340730495217,2.11318502730493,0.950616758378417,73.6111149448991,0.0034586
3.3,-0.570437197311498,-0.493594919087824,0.999999997752231,3.50149562915811,0.795260442310265,0.0208519378871294,-3.07011192622444e-09,-0.598853072035348,-0.485181116002718,1,3.51017499189074,0.278720957466203,-0.369832731248045,0.544999997868847,-0.0509606418812101,2.09066121624926,0.930994559710113,73.2525174660096,0.0036227
3.32,-0.585260793521024,-0.499450605144655,0.999999997683157,3.48345986782006,0.798079136942685,0.0195264089021602,-3.83732715979026e-09,-0.613758038023891,-0.490782168210598,1,3.49187379087775,0.28205541595194,-0.379506770422009,0.544999998019204,-0.0520966555557629,2.06754781532124,0.911132739654033,72.8936593825962,0.0034414
3.34,-0.600251856147088,-0.505028517359334,0.999999997599279,3.46496283810292,0.801017428098742,0.0182258092849622,-4.55041367407151e-09,-0.628832382632393,-0.496130342430656,1,3.47312410209239,0.285343419138654,-0.389349119815497,0.545000013841763,-0.0532418023569758,2.04383811971706,0.89104221491401,72.5345905680477,0.0038515
3.36,-0.615409710169687,-0.510318686239864,0.999999997558101,3.44600024027255,0.804072927339026,0.0169512173521359,4.32620933092915e-10,-0.644075193145342,-0.501214761998584,1,3.4539210705096,0.288579618314846,-0.399362557571363,0.545000009389175,-0.0543956471308034,2.01952544277144,0.870734294811666,72.1753650557992,0.0038884
3.38,-0.630733212928899,-0.515310838715902,0.999999997600554,3.42656780722037,0.807243017869112,0.0157037151836767,3.81272381512641e-09,-0.65948510463099,-0.506024255998283,1,3.43425988174855,0.291758804841334,-0.409549541838205,0.545000006086308,-0.0555578026880233,1.99460313407295,0.850220693540425,71.8160404150865,0.0040034
3.4,-0.646220723782988,-0.519994405365956,0.99999999769872,3.40666131871458,0.810524859720966,0.0144843839185504,6.00379485528489e-09,-0.675060269575768,-0.510547367125355,1,3.41413577612983,0.294875621357131,-0.419912178983969,0.545000003661686,-0.0567277736669322,1.9690645987737,0.829513542171211,71.456677548889,0.0038478
3.42,-0.6618700728555,-0.524358529823985,0.999999997831978,3.38627661562225,0.813915383343142,0.0132942995044868,7.32200176779994e-09,-0.690798326510604,-0.514772361626008,1,3.39354406364393,0.297924631259188,-0.430452183746867,0.545000001905065,-0.0579050172630561,1.94290331813032,0.808625400325788,71.0973403122612,0.0038299
3.44,-0.6776785288696,-0.528392080511329,0.999999997985276,3.36540961604401,0.817411286037591,0.0121345275395485,8.00782500600004e-09,-0.706696367709087,-0.518687241489246,1,3.3724801398581,0.300900319205003,-0.441170838812181,0.545000000654008,-0.0590889330660269,1.91611287131394,0.787569267427982,70.7380951832362,0.0038383
3.46,-0.693642766195266,-0.532083664883433,0.999999998147787,3.34405633213632,0.821009028468104,0.0110061181764625,8.24326803107621e-09,-0.722750906055957,-0.522279759075275,1,3.35093950278661,0.303797092561293,-0.452068952370434,0.544999999783321,-0.0602788596187626,1.88868695852277,0.766358593435935,70.3790109481894,0.004158
3.48,-0.7097588312289,-0.535421646374752,0.999999998311872,3.32221288784067,0.824704831300244,0.00991010093657732,8.1652636192575e-09,-0.73895784120454,-0.525537434366946,1,3.32891777074538,0.306609283860755,-0.463146813748988,0.544999999196771,-0.061474071765835,1.86061942542664,0.74500728895115,70.0201583991315,0.004341
3.5,-0.726022108246964,-0.53839416422734,0.999999998472286,3.29987553756193,0.828494672034081,0.00884747942058023,7.87610128962111e-09,-0.755312425163724,-0.528447575033365,1,3.30641070120872,0.309331154368608,-0.474404147230617,0.544999998820632,-0.0626737781992264,1.8319042889674,0.723529734592672,69.661610040835,0.0041352
3.52,-0.742427284898968,-0.540989156388851,0.999999998625562,3.27704068581338,0.832374282096036,0.00781922592075636,7.45152884131126e-09,-0.771809227478747,-0.530997299495402,1,3.28341421068053,0.311956898861036,-0.485840064197771,0.54499999859863,-0.0638771191264607,1.80253576453292,0.701940789517372,69.3034398057042,0.0039249
3.54,-0.758968317530499,-0.543194385663857,0.999999998769548,3.25370490783745,0.836339144261089,0.00682627594412843,6.94703561189723e-09,-0.788442100195381,-0.533173563181232,1,3.25992439558768,0.314480651718459,-0.497453013775357,0.544999998487999,-0.0650831640742489,1.7725082945155,0.680255798959837,68.9457227742923,0.0041105
3.56,-0.775638396553903,-0.544997469298061,0.999999998903045,3.22986497120482,0.840384490481655,0.0058695226583942,6.40271511211263e-09,-0.805204142824084,-0.534963188156081,1,3.23593755419647,0.316896494436646,-0.509240732182461,0.544999998456411,-0.0662909098577212,1.74181657825717,0.658490600658151,68.5885348993497,0.0038139
3.58,-0.792429912112597,-0.546385912167872,0.999999999025542,3.20551785838827,0.844505300204213,0.00494981127507342,5.84702301533066e-09,-0.822087667549045,-0.536352896303549,1,3.21145020954666,0.319198464656621,-0.521200191045904,0.544999998479578,-0.067499278750241,1.71045560337514,0.63666153002475,68.2319527313196,0.0038034
3.6,-0.809334420314522,-0.547347143737544,0.999999999137009,3.1806607902998,0.848696299259424,0.00406793338693166,5.29967105601823e-09,-0.839084164956756,-0.53732934622595,1,3.18645913338933,0.321380566811371,-0.533327544973656,0.544999998539389,-0.068707116891921,1.67842067845025,0.614785423914867,67.8760531432268,0.0039055
3.62,-0.826342610340849,-0.547868558932289,0.999999999237744,3.15529125077163,0.852951959415697,0.00322462127963462,4.77385099297175e-09,-0.85618427058943,-0.537879174017684,1,3.16096137110644,0.323436784481839,-0.545618078735016,0.544999998622465,-0.069913192977458,1.64570746704975,0.592879622838844,67.5209130529836,0.0048401
3.64,-0.843444272767219,-0.547937563058077,0.999999999328262,3.12940701195254,0.857266498689957,0.00242054224066558,4.27793849079758e-09,-0.873377732660025,-0.537989038048246,1,3.1349542675801,0.32536109454539,-0.558066154449704,0.544999998719044,-0.0711161972657332,1.61231202304247,0.570961971458979,67.1666091412412,0.0043978
3.66,-0.860628269466384,-0.547541620876922,0.99999999940921,3.1030061605809,0.861633882512478,0.00165629289162877,3.8167941591882e-09,-0.89065338129743,-0.537645667869947,1,3.10843549396912,0.327147483184899,-0.570665159251229,0.544999998822101,-0.0723147409548629,1.578230827151,0.549050817206805,66.8132175630499,0.004271
3.68,-0.877882505492411,-0.546668309919875,0.999999999481305,3.07608712508501,0.866047825844808,0.000932393572869113,3.39275060336372e-09,-0.907999099722033,-0.536835917339125,1,3.08140307533892,0.328789963799937,-0.583407453969561,0.544999998926707,-0.0735073559657783,1.54346082466937,0.527165006852815,66.4608136517779,0.004242
3.7,-0.895193903377292,-0.545305378088533,0.999999999545296,3.04864870344968,0.870501796350553,0.00024928281114619,3.00636513751892e-09,-0.925401797782985,-0.53554682200854,1,3.05385541907854,0.330282596812653,-0.596284323490508,0.544999999029529,-0.0746924951738378,1.50799946425866,0.505323880858022,66.1094716139551,0.0042303
3.72,-0.912548380300112,-0.543440805559138,0.99999999960193,3.02069009177555,0.874989018717226,-0.000392688099610106,2.65699560865637e-09,-0.942847388318273,-0.533765660812263,1,3.02579134402507,0.331619511275795,-0.609285929610824,0.544999999128528,-0.0758685331204059,1.4718447377149,0.483547265335378,65.7592642139793,0.0040564
3.74,-0.929930828616088,-0.541062870961238,0.999999999651932,2.99221091344524,0.879502480222148,-0.000993260380048986,2.34326573102403e-09,-0.960320766826605,-0.531480022022596,1,2.99721011020183,0.332794927997465,-0.622401267431329,0.544999999222098,-0.0770337672086954,1.4349952205846,0.46185546144937,65.4102624479508,0.0038916
3.76,-0.947325100257041,-0.538160221754952,0.999999999695997,2.96321124879805,0.884034937622399,-0.00155227289919518,2.0632208726101e-09,-0.977805794965328,-0.528677873411219,1,2.96811144906178,0.333803242350939,-0.63561800684005,0.544999999308019,-0.0781864336215207,1.39745011348348,0.44026923208417,65.0625352054544,0.0041807
3.78,-0.964713995567283,-0.534721948722196,0.99999999973477,2.93369166489812,0.888578927686209,-0.00206966186075806,1.81410775136778e-09,-0.99528528841017,-0.525347636493755,1,2.93849559411199,0.334638865435307,-0.648922852188818,0.544999999383279,-0.079324653290758,1.35920928395251,0.418809785614166,64.7161489282495,0.0041744
3.8,-0.982079257053482,-0.530737664277457,0.999999999768832,2.90365324621697,0.893126771903493,-0.0025454774460439,1.59208833518273e-09,-1.01274100962979,-0.521478264678408,1,2.90836331177897,0.335296499843375,-0.662300980088179,0.544999999452349,-0.0804465302433031,1.32027330866336,0.397498756616745,64.37116723712,0.0041297
3.82,-0.99940156864012,-0.526197584401101,0.999999999798702,2.87309762515346,0.897670592697866,-0.00297987758768211,1.39493379360142e-09,-1.03015366613976,-0.517059325075347,1,2.87771593235828,0.335771024116944,-0.675736335383877,0.544999999515212,-0.0815500762292691,1.28064351576653,0.376358183380585,64.0276505730208,0.0042764
3.84,-1.01666056105132,-0.521092613952841,0.999999999824856,2.84202701198257,0.902202325312487,-0.00337313437190662,1.2204100736812e-09,-1.04750291480576,-0.512081083654515,1,2.84655538087501,0.336057560152628,-0.689211537448468,0.544999999572058,-0.0826332470169274,1.24032202714811,0.355410482067001,63.6856558176209,0.0042748
3.86,-1.03383482381774,-0.515414434878127,0.999999999847723,2.81044422507354,0.906713732866544,-0.00372563728405828,1.06635101483785e-09,-1.06476737276348,-0.506534593365927,1,2.81488420766515,0.336151508483354,-0.702707868757749,0.544999999623172,-0.083693944318646,1.19931180034072,0.334678417399662,63.3452359100763,0.0042482
3.88,-1.05090192447759,-0.509155596866101,0.999999999867694,2.77835272055626,0.911196423237184,-0.00403789580426312,9.30692810168192e-10,-1.08192463551156,-0.500411784759076,1,2.78270561847138,0.336048584874193,-0.71620527221643,0.54499999966895,-0.0847300218722904,1.1576166698121,0.314185069775308,63.0064394606412,0.0042244
3.9,-1.06783843550051,-0.502309609909121,0.999999999885116,2.74575662131804,0.91564186779995,-0.00431054137686044,8.11514613967528e-10,-1.09895130271344,-0.493705558557538,1,2.7500235038309,0.335744857773973,-0.729682358475099,0.544999999709845,-0.0857392926459076,1.11524138733295,0.293953798708158,62.6693103643653,0.0042006
3.92,-1.08461996943117,-0.494871038131931,0.999999999900301,2.71266074511312,0.920041422036352,-0.0045443287169392,7.07058650088992e-10,-1.11582301221266,-0.486409879562515,1,2.71684246751788,0.335236785752829,-0.743116424941597,0.544999999746488,-0.0867195368203847,1.07219166110497,0.274008202544298,62.3338874188273,0.0041855
3.94,-1.10122122270507,-0.486835594175905,0.99999999991353,2.67907063154845,0.924386347975754,-0.0047401364486743,6.15794409479757e-10,-1.13251448272326,-0.478519871175957,1,2.68316785378906,0.334521253050482,-0.75648348941828,0.544999999780133,-0.0876685102820477,1.02847419331115,0.254372074409282,62.0002039506389,0.0041549
3.96,-1.11761602853133,-0.478200233341623,0.999999999925054,2.64499256770435,0.928667838359482,-0.0048989671691221,5.36642329034246e-10,-1.14899956560214,-0.470031909751775,1,2.64900577316863,0.333595677159075,-0.769758233453957,0.544999999803468,-0.0885839694385848,0.98409671573331,0.235069354382401,61.6682874529312,0.0049074
3.98,-1.1337774192132,-0.46896324663782,0.99999999993508,2.6104336118105,0.932877045276161,-0.00502194226134398,4.65890675609396e-10,-1.16525130604231,-0.460943717904096,1,2.61436312649805,0.332457858649165,-0.782914330520639,0.544999999828809,-0.0894636311559348,0.93906802306682,0.216124077924239,61.3381592521842,0.0048962
4,-1.14967769807704,-0.459124351744596,0.999999999943781,2.57540161550736,0.937005103039255,-0.00511030783126679,4.04261929058928e-10,-1.18124201394489,-0.451254455826415,1,2.57924762696789,0.331106244678782,-0.795924183734699,0.544999999851023,-0.0903052605010194,0.8933980035502,0.197560320620268,61.0098341840992,0.004723
4.02,-1.16528852118642,-0.448684780891585,0.99999999995133,2.53990524377526,0.941043161765631,-0.00516542575050686,3.50630305472304e-10,-1.19694334463364,-0.440964809607002,1,2.54366781984343,0.329539840078999,-0.808759193268142,0.544999999870481,-0.0911066242827664,0.847097666523175,0.179402139344655,60.6833203140402,0.0048959
4.04,-1.18058098895147,-0.437647364610022,0.999999999957876,2.50395399192833,0.944982417331796,-0.00518877109464063,3.04003389810487e-10,-1.21232638946868,-0.430077075466152,1,2.50763309959284,0.327758269065831,-0.821389812670909,0.544999999887592,-0.0918655249215023,0.800179166517672,0.161673509987501,60.3586186910103,0.0048461
4.06,-1.19552574749542,-0.426016610201862,0.999999999963551,2.46755820019006,0.948814143776837,-0.00518192727626123,2.63536311233521e-10,-1.22736177629624,-0.418595238792094,1,2.47115372412767,0.325761807180775,-0.833785660318361,0.54499999990276,-0.0925798114815389,0.752655823488965,0.144398261933908,60.0357231471012,0.0046955
4.08,-1.21009309959064,-0.413798773780194,0.999999999968472,2.4307290651403,0.952529726840276,-0.00514658015801275,2.28529753580872e-10,-1.24201977954079,-0.406525046816958,1,2.43424082586989,0.323551397728592,-0.845915663183338,0.544999999917724,-0.0932473904906582,0.704542138799854,0.127600009528966,59.7146201500535,0.0048741
4.1,-1.22425312480884,-0.401001924704727,0.999999999972746,2.39347864786972,0.956120697933847,-0.00508451200887192,1.98910459896481e-10,-1.25627043960436,-0.39387407375429,1,2.39690641936816,0.321128690184287,-0.857748180849615,0.544999999933634,-0.0938662443594446,0.65585380658166,0.111302080809279,59.3952887155295,0.0046877
4.12,-1.2379758083899,-0.387636001238765,0.999999999976486,2.35581987853466,0.959578769329071,-0.00499759385100938,1.75018638042233e-10,-1.27008369108954,-0.380651777217423,1,2.35916340519913,0.318496416008722,-0.869250706121753,0.544999999932187,-0.09443451372841,0.60660772011299,0.0955274438287665,59.0777003147355,0.0052298
4.14,-1.25123117842264,-0.37371285630684,0.999999999979742,2.31776655550368,0.962895883490874,-0.0048877561767693,1.50605881781261e-10,-1.28342949920692,-0.366869544755478,1,2.32102556990653,0.315657323095357,-0.880391423060131,0.54499999994175,-0.0949502434928865,0.556821972876651,0.0802986309525682,58.7618190845697,0.0054204
4.16,-1.26398945004568,-0.359246292152303,0.999999999982544,2.27933334335468,0.966064219635619,-0.00475702025404689,1.29635811656458e-10,-1.29627800357007,-0.35254072938247,1,2.28250758175349,0.312615512584807,-0.89113768289567,0.544999999949941,-0.0954118136957338,0.506515853981182,0.0656376615382906,58.4476017558549,0.0054413
4.18,-1.27622117586728,-0.344252082881706,0.999999999984957,2.2405357658533,0.96907625337598,-0.00460745644770454,1.11614635993606e-10,-1.30859966842262,-0.337680673036326,1,2.24362498208953,0.309375702138125,-0.90145715431559,0.544999999956962,-0.0958176309796459,0.455709837692375,0.0515659634707554,58.1349979390406,0.0054695
4.2,-1.28789740186946,-0.328747983976214,0.999999999987034,2.20139019206578,0.971924785538004,-0.00444117960922631,9.61208608418525e-11,-1.32036543818682,-0.322306716989324,1,2.20439417216548,0.305943390724662,-0.911317811129402,0.54499999996298,-0.09616625820206,0.404425566831023,0.0381042940520212,57.823950378188,0.0051789
4.22,-1.29898982714408,-0.312753727850762,0.999999999988824,2.16191381988562,0.974602976853334,-0.00426033696495953,8.27937791813892e-11,-1.33154689707476,-0.306438198339839,1,2.16483239526521,0.302323721418013,-0.920689880878133,0.54500000000283,-0.096456192379885,0.352685829854141,0.0252726607874562,57.5143953585371,0.0046342
4.24,-1.30947096531118,-0.296291004730978,0.99999999999049,2.1221246592968,0.977104337907869,-0.00406717353989349,8.38124132473748e-11,-1.34211643136598,-0.290096431847099,1,2.1249577140628,0.29852623102657,-0.929538797227711,0.544999999984853,-0.0966869801656127,0.300514531502511,0.0130902426408078,57.2062628260925,0.0045423
4.26,-1.3193143088336,-0.279383428363437,0.999999999992111,2.08204149605322,0.979422904488207,-0.003863776404152,7.83594596031944e-11,-1.35204739283199,-0.273304676524824,1,2.08478898315791,0.294557399598861,-0.937836641592233,0.544999999974319,-0.0968570853529909,0.247936656952203,0.00157531235639691,56.8994774486013,0.0045894
4.28,-1.3284944926004,-0.262056486033934,0.999999999993586,2.04168386026718,0.981553113336437,-0.00365229986998702,6.91144459596727e-11,-1.36131426168407,-0.256088086584622,1,2.04434581678868,0.290425698001906,-0.945554782505964,0.544999999970688,-0.0969658907400444,0.194978229365409,-0.00925483953523267,56.5939588135599,0.00461
4.3,-1.33698745329304,-0.244337472731003,0.999999999994863,2.00107200074388,0.983489882780243,-0.00343488384785818,5.85622468451732e-11,-1.36989280733805,-0.238473646513365,1,2.00364855177151,0.286140326485153,-0.952665918355483,0.544999999971509,-0.0970128685903862,0.141666261001704,-0.0193839783948126,56.2896221790504,0.0044971
4.32,-1.34477058563654,-0.22625540951186,0.999999999995932,1.96022684074529,0.985228639885599,-0.00321363466478788,4.83054203459292e-11,-1.37776024523297,-0.220490090277572,1,1.96271820576843,0.281711147939208,-0.95914433302403,0.544999999974667,-0.0969976696851026,0.0880286980049257,-0.0287969962023332,55.986379198609,0.0045004
4.34,-1.35182289280856,-0.207840946262016,0.999999999996807,1.91916993227095,0.986765343545496,-0.0029906108839415,3.91854266967646e-11,-1.38489538791204,-0.202167804868243,1,1.92157643103582,0.277148678092073,-0.964966024973979,0.544999999978552,-0.0969201542666839,0.0340943590507086,-0.0374799787064087,55.6841386972719,0.0046455
4.36,-1.35812512923204,-0.189126249299836,0.999999999997513,1.87792340648207,0.988096505818567,-0.00276780676083015,3.14642074772172e-11,-1.39127878857632,-0.183538718627509,1,1.88024546386084,0.272464018891315,-0.970108916607657,0.54499999998239,-0.0967803900845299,-0.0201071318756967,-0.0454202683790473,55.3828074967937,0.0044833
4.38,-1.36365993402695,-0.170144874504413,0.999999999998079,1.83650992003521,0.989219209208935,-0.00254713680919014,2.51246741344922e-11,-1.39689287535619,-0.164636175029061,1,1.83874806994478,0.267668770806972,-0.974552908031813,0.544999999985845,-0.096578645855835,-0.0745454182322968,-0.0526065225824253,55.0822912798214,0.0044704
4.4,-1.36841195347966,-0.150931626896212,0.99999999999853,1.79495259789582,0.990131118994164,-0.00233041595666067,2.00287682150312e-11,-1.40172207461324,-0.145494792812614,1,1.7971074860427,0.262774981286507,-0.978279184286102,0.544999999988788,-0.0963153948482161,-0.129189488796782,-0.0590287663862859,54.7824954827005,0.005169
4.42,-1.37236795135627,-0.131522407876911,0.999999999998891,1.75327497302549,0.990830491265072,-0.00211930497059356,1.59926012588196e-11,-1.40575292168588,-0.126150313593276,1,1.75534735821715,0.257795084526613,-0.981269472909262,0.544999999991435,-0.0959913108489575,-0.184007760201294,-0.0646784395172685,54.483326218309,0.0046498
4.44,-1.37551690635254,-0.111954051486453,0.99999999999918,1.71150092325265,0.991316174901554,-0.00191522021475115,1.29092010569887e-11,-1.40897415762496,-0.106639438274444,1,1.71349167710796,0.252741842714198,-0.983508190999874,0.544999999994012,-0.0956072750222191,-0.238968163624481,-0.0695484369736078,54.1846912437693,0.0045956
4.46,-1.37785009495081,-0.0922641508865384,0.999999999999416,1.66965460553102,0.991587608668838,-0.00171932971785063,1.07536986137869e-11,-1.41137681062866,-0.0869996537824888,1,1.67156471066007,0.247628281580535,-0.984988721846582,0.544999999996225,-0.0951643969711926,-0.294038235099194,-0.073633142891098,53.8865009604284,0.004957
4.48,-1.37936115516528,-0.0724908762760827,0.999999999999618,1.62776038723984,0.991644820508495,-0.00153280775682045,9.39467905023542e-12,-1.41295426107658,-0.0672690518082085,1,1.62959093478597,0.242467589859358,-0.985713788758842,0.544999999997491,-0.0946639919187952,-0.349185208772822,-0.0769284572924695,53.5886693379028,0.0047575
4.5,-1.3800461275455,-0.0526727864442129,0.999999999999797,1.58584277485972,0.991488433245703,-0.00135709950294751,8.4914371245372e-12,-1.41370228927724,-0.0474861413794766,1,1.58759496246756,0.237273014641899,-0.985689052069793,0.5449999999974,-0.0941075526725801,-0.40437611226619,-0.0794318154161255,53.291114637802,0.0051062
4.52,-1.37990347538511,-0.0328486370471569,0.999999999999957,1.54392634135014,0.991119671047942,-0.00119391371553838,7.55540365158365e-12,-1.41361910527688,-0.0276896571979881,1,1.54560147182416,0.232057762547884,-0.984913148674319,0.544999999996464,-0.093496698073717,-0.459577863240158,-0.0811421994310548,52.9937599548414,0.0051876
4.54,-1.37893409074289,-0.0130571880133503,1.0000000000001,1.50203565404183,0.990540352442945,-0.00104479931644316,6.28250186760624e-12,-1.41270536032555,-0.00791836574757499,1,1.50363513368769,0.226834940282719,-0.983378130484424,0.544999999995655,-0.0928331698368367,-0.514757366459353,-0.0820601424598544,52.696533748476,0.0048741
4.56,-1.3771412901951,0.00666298896516175,1.00000000000021,1.46019520413374,0.989752863460405,-0.000910746454494914,4.71820650769363e-12,-1.41096413985359,0.0117891287797545,1,1.46172053923302,0.221617510403686,-0.981078380907707,0.544999999995609,-0.0921188499411335,-0.569881610892697,-0.0821877248986222,52.399370526916,0.0047753
4.58,-1.37453079641144,0.0262737020529754,1.00000000000028,1.41842933733406,0.98876012030269,-0.000792167178840219,3.1373555020378e-12,-1.40840093807158,0.031394576692166,1,1.41988212821075,0.21641823527087,-0.978017929321889,0.54499999999624,-0.091355771299529,-0.624917766385175,-0.0815285630498286,52.1022116315883,0.004836
4.6,-1.37111069899218,0.0457373278514177,1.00000000000033,1.37676218494598,0.987565535727443,-0.000689185522032648,1.7835939547309e-12,-1.40502361456421,0.0508602711280716,1,1.37814411832116,0.211249601388169,-0.974209421048688,0.544999999997115,-0.0905461019018712,-0.679833279196905,-0.0800877901413295,51.8050059292122,0.0048254
4.62,-1.36689139254699,0.0650169939749501,1.00000000000036,1.3352175954748,0.986172993951448,-0.000601885600537778,7.4492258359681e-13,-1.40084233349747,0.0701492305664508,1,1.3365304362522,0.206123738736431,-0.969669018328321,0.544999999997915,-0.0896921131840418,-0.734595965514987,-0.0778720299125191,51.507710295758,0.0047233
4.64,-1.36188549548455,0.0840767532935479,1.00000000000037,1.2938190677156,0.984586828511129,-0.000530348878596855,-5.58818104977986e-15,-1.39586948629329,0.0892253736811209,1,1.29506465088113,0.201052349533556,-0.964413839042619,0.544999999998556,-0.0887961536210724,-0.789174102085184,-0.0748893630583847,51.2102899275883,0.0047225
4.66,-1.35610775375444,0.102881748413339,1.00000000000036,1.25258968640474,0.982811796955565,-0.000474589830612981,-5.25279137984706e-13,-1.39011959884163,0.108053684838965,1,1.25376990911005,0.196046648066371,-0.958462240268737,0.544999999999048,-0.087860632173991,-0.843536513283489,-0.071149286895259,50.9127185523503,0.0047671
4.68,-1.34957493164003,0.121398365186652,1.00000000000035,1.21155206109545,0.980853051212329,-0.000434510901804756,-8.68044953715371e-13,-1.3836092245123,0.126600368705877,1,1.2126688747694,0.19111730791589,-0.951834459122192,0.544999999999416,-0.0868880046924453,-0.897652654075136,-0.0666626686624929,50.6149785651702,0.0047621
4.7,-1.34230569051137,0.139594373967377,1.00000000000033,1.17072826858654,0.978716105161181,-0.000409892244507697,-1.07833007636357e-12,-1.37635682439405,0.144832992611095,1,1.17178367098319,0.186274406212753,-0.944540134263357,0.545000000002506,-0.0858806899589981,-0.951492688361722,-0.0614416929245247,50.3170610847846,0.0042098
4.72,-1.33432046148515,0.157439059552294,1.00000000000032,1.13013980065176,0.976406789733632,-0.000399869241116734,-1.76118437632201e-13,-1.36838263632385,0.162720615525834,1,1.13113582634393,0.181527464192646,-0.936637857558881,0.545000000000182,-0.0848413818929964,-1.00502756231989,-0.055499803559795,50.0189660979372,0.0042503
4.74,-1.32564129534671,0.174903331067197,1.00000000000031,1.08980751160407,0.9739312400213,-0.000404909876222146,-1.10428761711181e-13,-1.35970853437238,0.180233902730576,1,1.09074622519703,0.176885218724101,-0.928125706280603,0.544999999999514,-0.0837724391813524,-1.05822907233852,-0.0488516408829167,49.7207020337949,0.0043656
4.76,-1.31629171089233,0.191959818971071,1.00000000000031,1.04975157233419,0.971295860307623,-0.000424206955535302,-2.85399910392102e-13,-1.35035788052263,0.197345225471781,1,1.0506350622831,0.172355780544908,-0.919035249082233,0.544999999999398,-0.082676382568121,-1.11106992663518,-0.041512974749743,49.4222855856811,0.0043809
4.78,-1.30629654876145,0.208582961939224,1.0000000000003,1.00999143220652,0.968507271366804,-0.000457036787274889,-5.01973336251776e-13,-1.34035537031584,0.21402874513787,1,1.01082180193418,0.167946550367412,-0.90939675373022,0.544999999999466,-0.0815556935872312,-1.16352380115269,-0.0335006338791536,49.1237416027882,0.0043934
4.8,-1.2956818098192,0.224749073018097,1.00000000000029,0.97054578205659,0.965572280598604,-0.000502657325459596,-6.94139619138091e-13,-1.32972687424435,0.230260481711064,1,0.971325141966791,0.163664206460173,-0.899240602388241,0.5449999999996,-0.0804128123526085,-1.21556538920441,-0.0248324321509552,48.8251027184573,0.0042596
4.82,-1.28447449259321,0.2404363905158,1.00000000000027,0.931432522414083,0.962497849554902,-0.000560275797135417,-8.38095577403084e-13,-1.31849927664591,0.246018366471364,1,0.932162982362106,0.159514698520799,-0.888597782670916,0.544999999999742,-0.0792501298107865,-1.26717044463443,-0.0155270925618428,48.5264089393239,0.0042276
4.84,-1.27270243052932,0.255625113510484,1.00000000000026,0.892668736666207,0.959291061174539,-0.00062904624493419,-9.31141148650867e-13,-1.30670031380019,0.26128227913732,1,0.893352398772383,0.155503247527396,-0.877499907229511,0.54499999999987,-0.0780699787363252,-1.31831581846791,-0.00560416945364246,48.2277071893445,0.0041971
4.86,-1.260394130326,0.27029742221432,1.00000000000024,0.854270669045814,0.955959087761281,-0.000708076735586865,-9.78108023484608e-13,-1.29435841284929,0.276034069821648,1,0.85490962084341,0.151634351418491,-0.865979068721606,0.544999999999976,-0.0768746250717957,-1.36897948906866,0.00491603037456497,47.9290508113706,0.0043166
4.88,-1.24757861275948,0.284437483703767,1.00000000000022,0.816253707358088,0.952509160153648,-0.000796438952374306,-9.86883226271245e-13,-1.28150253306285,0.290257566355127,1,0.816850015296463,0.14791179628674,-0.85406765354667,0.545000000000055,-0.0756662601636228,-1.41914058587501,0.0160125270741317,47.6304990328798,0.0043579
4.9,-1.23428525737387,0.2980314437199,1.0000000000002,0.778632370341574,0.948948538322142,-0.000893178052240648,-9.67023556806751e-13,-1.26816201084847,0.303938567687162,1,0.779188073670219,0.144338672651957,-0.841798152951938,0.545000000000113,-0.0744469940690942,-1.4687794068417,0.0276637471025291,47.332116403679,0.0042911
4.92,-1.22054365229665,0.31106740538681,1.00000000000018,0.741420299527565,0.945284483551335,-0.000997322241248882,-9.2645156659485e-13,-1.25436640977372,0.317064824204359,1,0.741937404583947,0.14091737526898,-0.829197648308047,0.545000000009747,-0.0732188040648201,-1.51787742976782,0.0398476019863749,47.0339722135857,0.004138
4.94,-1.20638345179267,0.323535397468792,1.00000000000019,0.704630256414756,0.941524227410347,-0.00110766978384437,2.58231504399881e-12,-1.24014537672051,0.329626005918236,1,0.705110730348401,0.137649735358669,-0.816311768556689,0.545000000002941,-0.0719837472057921,-1.56641731775885,0.0525415660094942,46.7361399483306,0.0045208
4.96,-1.19183423718587,0.335427327391306,1.00000000000026,0.668274120957666,0.937674957331126,-0.00122358395062409,3.6411303016917e-12,-1.22552850513999,0.341613659559725,1,0.668719887720448,0.134536852070769,-0.80316270346341,0.544999999999368,-0.0707435560119599,-1.61438291910017,0.0657227523731193,46.4386966211227,0.0045098
4.98,-1.17692538715504,0.346736925531072,1.00000000000033,0.632362895511996,0.93374379239223,-0.00134403248682602,3.41343688201738e-12,-1.21054520622017,0.353021155681332,1,0.632775832571688,0.131579279972741,-0.78978243913658,0.544999999997686,-0.069499989407901,-1.66175926167395,0.0793679872117905,46.141722142791,0.0043022
5,-1.16168596017031,0.357459684702527,1.00000000000039,0.596906714579323,0.929737757744755,-0.00146803287018798,2.58025447006511e-12,-1.19522458862219,0.363843626908854,1,0.597288648220249,0.128777017223771,-0.776201850745342,0.544999999997112,-0.068254692438331,-1.70853254249206,0.0934538813497995,45.8452987869166,0.004634
5.02,-1.14614458327635,0.367592788921193,1.00000000000043,0.561914855521852,0.925663766862996,-0.00159464042721757,1.54069492051132e-12,-1.17959534728792,0.374077898504273,1,0.562267557158446,0.126129541221887,-0.762450808903747,0.54499999999717,-0.0670092072020974,-1.75469011263131,0.107956899396691,45.5495106081719,0.0040757
5.04,-1.13032935059111,0.377135035871149,1.00000000000045,0.527395752834366,0.921528605159549,-0.00172294572315146,5.21741110294566e-13,-1.16368566167383,0.383722412401841,1,0.527720935897013,0.123635845589404,-0.748558184664482,0.544999999997548,-0.065764975566906,-1.80022045791372,0.122853425863909,45.2544428809472,0.0040305
5.06,-1.11426773162016,0.386086754135026,1.00000000000045,0.493357015349393,0.917338915225299,-0.00185207600723383,-3.60895076066612e-13,-1.14752310362612,0.392777145861963,1,0.49365633263889,0.121294478005384,-0.734551808074919,0.544999999998065,-0.0645233404510823,-1.84511317572303,0.138119828071811,44.9601815612411,0.0039795
5.08,-1.09798648941565,0.394449716257606,1.00000000000044,0.459805446012544,0.913101183782815,-0.00198119809033839,-1.05740459279544e-12,-1.13113455498194,0.401243525854685,1,0.460080487491814,0.119103578440006,-0.720458411529991,0.5449999999986,-0.0632855473259624,-1.88935894835051,0.153732515659001,44.6668127747275,0.0041458
5.1,-1.08151160851752,0.402227048692389,1.00000000000041,0.42674706392454,0.908821730352407,-0.0021095214308604,-1.56146360954364e-12,-1.11454613486233,0.409124340238377,1,0.426999354928914,0.117060917383234,-0.7063035736657,0.544999999999093,-0.0620527461729293,-1.93294951326332,0.169667996548422,44.3744223335916,0.00404
5.12,-1.06486823252001,0.409423139634916,1.00000000000038,0.394187128360969,0.904506697584375,-0.00223630090633525,-1.88788694235182e-12,-1.09778313651537,0.416423646741955,1,0.394418128209804,0.115163933697882,-0.692111670823513,0.544999999999513,-0.0608259938830376,-1.97587763068356,0.185902929265803,44.0830952842723,0.0039688
5.14,-1.04808061101699,0.416043545685417,1.00000000000034,0.362130164489393,0.900162043187127,-0.00236083907654189,-2.0632844166742e-12,-1.08086997347362,0.423146680692893,1,0.362341265480876,0.113409771767181,-0.677905838716061,0.544999999999849,-0.0596062570422994,-2.01813704885858,0.202414171544986,43.7929154877337,0.0041305
5.16,-1.03117205559979,0.422094898212071,1.00000000000029,0.330579990512583,0.895793533367771,-0.00248248788751735,-2.117783044507e-12,-1.06383013470856,0.429299762360476,1,0.330772517282337,0.111795317648289,-0.663707944882861,0.545000000000104,-0.058394415038328,-2.05972246739142,0.219178825191001,43.5039652333727,0.0045468
5.18,-1.01416490451351,0.427584810208917,1.00000000000025,0.299539745977608,0.891406737694285,-0.00260064982528937,-2.08044402374281e-12,-1.04668614839608,0.434890204706361,1,0.299714955200452,0.11031723387066,-0.649538568379836,0.544999999983723,-0.0571912633419479,-2.10062949898563,0.236174277205047,43.2163248871,0.004595
5.2,-0.997080495522326,0.432521784363008,1.00000000000015,0.269011921004782,0.887007025277379,-0.00271477841701144,-7.94032549269302e-12,-1.02945955385134,0.439926222254286,1,0.269171001416319,0.10897199338884,-0.635417006157206,0.544999999989933,-0.0559975174652261,-2.14085462994215,0.253378237205726,42.9300725743189,0.0046915
5.22,-0.979939146489015,0.436915122958139,0.999999999999957,0.238998386195781,0.882599562205184,-0.0028243788208431,-1.15644131893005e-11,-1.01217088114718,0.444416841709534,1,0.239142458916611,0.10775591066251,-0.621361253542327,0.544999999994468,-0.0548138159371265,-2.18039517972688,0.270768771207757,42.6452838962638,0.0061358
5.24,-0.962760143143878,0.44077484016806,0.999999999999706,0.209500423010139,0.878189310076764,-0.00292900709127446,-1.35560644776361e-11,-0.994839637898209,0.448371814877917,1,0.209630542147108,0.106665172310803,-0.607388029068183,0.54499999999773,-0.0536407247567428,-2.21924925990688,0.288324331842883,42.3620316807976,0.0042331
5.26,-0.945561733496441,0.444111577211863,0.999999999999427,0.180518754408095,0.873781025585869,-0.00302826968725879,-1.43733307323073e-11,-0.977484302670213,0.451801534354952,1,0.180635907905798,0.10569586524421,-0.593512787839039,0.545000000000028,-0.0524787409855111,-2.25741573273208,0.306023785128345,42.080385765679,0.0041278
5.28,-0.928361128328732,0.446936520760295,0.999999999999139,0.152053575564782,0.869379261038412,-0.00312182247122882,-1.43632765525963e-11,-0.960122324462663,0.454716952379584,1,0.1521586862889,0.104844003039549,-0.579749745223919,0.545000000001602,-0.0513282966322667,-2.29489416961704,0.323846433905402,41.8004128135993,0.0043544
5.3,-0.911174507207574,0.44926132491449,0.999999999998858,0.1241045844909,0.864988365713377,-0.00320936941232106,-1.37867066496638e-11,-0.942770127707833,0.45712950317419,1,0.124198511519819,0.104105550381685,-0.566111906151436,0.545000000002634,-0.0501897624984717,-2.33168480975459,0.341772038084593,41.5221761576176,0.0047585
5.32,-0.894017029456853,0.451098037008252,0.999999999998591,0.0966710124054628,0.860612487977059,-0.00329066103613699,-1.28383807873816e-11,-0.925443122234018,0.45905102902437,1,0.0967545525077142,0.103476445563719,-0.552611099200951,0.545000000003267,-0.0490634519657313,-2.36778851907106,0.359780831845903,41.2457356755379,0.004564
5.34,-0.876902849541312,0.452459027421183,0.999999999998346,0.0697516537230054,0.85625557806444,-0.00336549266186161,-1.16621128154676e-11,-0.908155717650399,0.460493710288597,1,0.0698255429987605,0.1029526210598,-0.539258014724109,0.545000000003607,-0.0479496247048244,-2.40320674971045,0.377853537950708,40.9711476916334,0.0044953
5.36,-0.859845136329593,0.453356923531352,0.999999999998126,0.0433448955335731,0.851921391445801,-0.00343370246538265,-1.03634183301821e-11,-0.890921341626848,0.461469999469717,1,0.0434098111991654,0.102529968385592,-0.526059978123451,0.544999973246474,-0.0468484458053,-2.43794150021328,0.395971379328702,40.6984648277296,0.0041003
5.38,-0.842856095779231,0.453804548831875,0.999999999901606,0.017448747424543,0.847613489341327,-0.00349507536929933,-9.64163264048449e-09,-0.873752461562152,0.461992559427461,1,0.0175053087644204,0.102204586237629,-0.513030645976187,0.544999983460589,-0.045760200666815,-2.47199527653566,0.414116088119716,40.4277362433362,0.0039792
5.4,-0.825946996351078,0.453814864141976,0.999999999649231,-0.00793913215467882,0.843335251758632,-0.00354964895768769,-1.559582050324e-08,-0.856660609157985,0.46207420576392,1,-0.00789036093601962,0.101972424221273,-0.500174563531599,0.544999990892716,-0.0446849049900002,-2.5053710540336,0.432269912349015,40.1590072167877,0.0036853
5.42,-0.809128196917149,0.453400913363155,0.999999999304529,-0.0328214087435883,0.839089875437861,-0.00359737023312416,-1.88744426414652e-08,-0.839656407442547,0.461727853372084,1,-0.0327799153554779,0.101829560034858,-0.487498347388564,0.544999996213228,-0.043622658985783,-2.53807224051241,0.45041562029875,39.8923193615431,0.0037346
5.44,-0.792409176765709,0.45257577553576,0.999999998913408,-0.057201043517473,0.834880380015652,-0.00363822266675025,-2.02376805551304e-08,-0.822749599816407,0.460966467101021,1,-0.0571663661719717,0.101772141257444,-0.47500768930706,0.54499999993975,-0.0425735100085969,-2.57010264043801,0.468536502867065,39.6277105966763,0.003646
5.46,-0.775798567103383,0.451352519724475,0.999999998508437,-0.081081268252818,0.830709613318939,-0.00367222276461458,-2.02593706537364e-08,-0.805949080723035,0.45980301645987,1,-0.0810529936068441,0.101796395516312,-0.462707410069065,0.545000002470912,-0.0415374676308882,-2.60146642037889,0.486616374057834,39.3652151763232,0.0035764
5.48,-0.759304183778222,0.449744163900699,0.999999998112145,-0.10446556076554,0.826580256829423,-0.00369941724886591,-1.93698423449469e-08,-0.789262927577157,0.458250434256228,1,-0.104443321700361,0.101898639230755,-0.450601511747829,0.545000004112828,-0.0405145095765354,-2.6321680757339,0.504639569746172,39.1048637345426,0.0035822
5.5,-0.742933060884663,0.447763637687287,0.999999997739554,-0.127357621217647,0.822494831284365,-0.00371988048909027,-1.78892243700554e-08,-0.772698433614925,0.456321579042492,1,-0.12734109457416,0.102075285015241,-0.438693228425177,0.545000005099795,-0.0395045848703664,-2.66221239878756,0.522590944876963,38.8466833439076,0.0042388
5.52,-0.726691484942659,0.445423748814538,0.999999997400129,-0.149761349400594,0.81845570237576,-0.00373371207396544,-1.605329822117e-08,-0.756262141360485,0.454029201225858,1,-0.149750253701008,0.102322847192888,-0.426985070645419,0.545000005553593,-0.038507616200807,-2.69160444812205,0.540455869247937,38.5906975807787,0.0036274
5.54,-0.710585029373794,0.442737153125185,0.999999997099056,-0.171680823018563,0.814465086483862,-0.00374103429305512,-1.40540046193857e-08,-0.739959876433475,0.451385912683702,1,-0.171674916193782,0.102637948837981,-0.415478888757612,0.545000005680874,-0.0375235030072391,-2.72034951940325,0.558220222022511,38.3369266234466,0.0036168
5.56,-0.694618589026866,0.439716327949778,0.999999996838427,-0.193120276991893,0.810525056523907,-0.00374199035735041,-1.2008889857402e-08,-0.723796781451032,0.44840415971557,1,-0.193119354117959,0.103017323616498,-0.404175902921984,0.545000005585173,-0.0365521226294761,-2.74845311754746,0.575870385110883,38.085387326343,0.0036406
5.58,-0.678796414533772,0.436373548671811,0.999999996618356,-0.214084083772427,0.806637547709261,-0.00373674202198964,-9.998227678427e-09,-0.70777734980568,0.445096199155634,1,-0.214087974825098,0.103457819453791,-0.39307675345342,0.545000005340117,-0.0355933328902512,-2.77592093026661,0.593393235550497,37.8360933238246,0.0038331
5.6,-0.663122146303101,0.432720868301942,0.999999996437616,-0.234576734653805,0.802804363311465,-0.00372546753932004,-8.07578566839981e-09,-0.691905459126978,0.441474077464873,1,-0.234585302298818,0.10395640069834,-0.382181544410393,0.545000005000207,-0.0346469739347454,-2.80275880298085,0.610776137009933,37.5890551360768,0.0036103
5.62,-0.647598847984241,0.428770099871678,0.999999996294101,-0.254602822075188,0.799027180371259,-0.0037083597169043,-6.27571116116989e-09,-0.676184404259707,0.437549612620101,1,-0.254615959499557,0.104510149454987,-0.371489885154675,0.545000004605347,-0.0337128699632368,-2.82897271508102,0.628006930532785,37.3442802803155,0.0035441
5.64,-0.632229039258497,0.424532801459439,0.999999996185166,-0.274167022899314,0.795307555338561,-0.00368562406916104,-4.61778630598924e-09,-0.660616929614761,0.433334378616894,1,-0.274184651689885,0.10511626621442,-0.36100093015729,0.545000004184346,-0.032790830855456,-2.85456875751649,0.645073924630551,37.1017733865795,0.0036139
5.66,-0.617014727835614,0.420020263664077,0.999999996107874,-0.293274082643022,0.791646929623843,-0.00365747706461307,-3.11142170848596e-09,-0.645205260770566,0.428839692405271,1,-0.293296150718335,0.105772069856483,-0.350713416996313,0.545000003757625,-0.0318806536764661,-2.87955311167924,0.661965884826125,36.8615363171429,0.0043635
5.68,-0.601957440554376,0.415243499344413,0.999999996059173,-0.311928800635725,0.788046635045968,-0.00362414446964679,-1.75867655703543e-09,-0.629951135222865,0.424076603080226,1,-0.31195528023648,0.106474997090087,-0.340625702448367,0.545000003337602,-0.0309821240646645,-2.90393202955012,0.678672022742152,36.6235682885532,0.0037295
5.7,-0.587058253504488,0.410213235448182,0.999999996036015,-0.330136016078596,0.7845078991635,-0.00358585978637823,-5.57139944608068e-10,-0.614855832199055,0.419055883153811,1,-0.330166901821336,0.107222601448556,-0.330735796964969,0.545000002935694,-0.0300950175220463,-2.92771181506987,0.695181984821332,36.3878659959614,0.0036514
5.72,-0.572317821103808,0.404939906759478,0.999999996035441,-0.347900594975309,0.781031850480771,-0.00354286279434722,4.99709774242027e-10,-0.599920201469931,0.413788021741,1,-0.347935901973065,0.108012551803399,-0.321041396908708,0.54500000255804,-0.0292191005793613,-2.95089880669423,0.711485840758806,36.1544237380689,0.0035742
5.74,-0.557736404080267,0.399433651400484,0.999999996054644,-0.36522741790323,0.777619523517888,-0.00349539817921641,1.42060413945038e-09,-0.585144691106803,0.408283219498008,1,-0.365267179956242,0.108842630535882,-0.311539915080127,0.545000002204908,-0.0283541318783168,-2.97349936109047,0.727574071720063,35.9232335427461,0.0036961
5.76,-0.543313896321471,0.393704307930576,0.999999996090993,-0.382121368592518,0.774271863738778,-0.00344371425306432,2.21437086291179e-09,-0.570529374145522,0.402551385158707,1,-0.382165636451761,0.109710731456016,-0.302228509724253,0.545000001881826,-0.0274998631730275,-2.99551983793057,0.743437558411381,35.6942852930845,0.0038258
5.78,-0.529049850567237,0.387761413893405,0.999999996142055,-0.398587323280247,0.770989732334566,-0.00338806177678358,2.89182817094104e-09,-0.556073974131031,0.396602133522275,1,-0.398636162985543,0.110614857362872,-0.293104111178298,0.545000001589016,-0.0266560402140821,-3.01696658573538,0.759067569063668,35.4675668518731,0.0038222
5.8,-0.514943502931108,0.38161420567063,0.999999996205612,-0.414630140805591,0.76777391085465,-0.00332869285847714,3.46387379958501e-09,-0.541777889526817,0.390444784753,1,-0.414683632099701,0.11155311745275,-0.284163447132375,0.545000001325504,-0.0258224035804968,-3.03784592872303,0.774455747384779,35.2430641855123,0.0035459
5.82,-0.500993796246369,0.37527161950924,0.999999996279662,-0.430254653411787,0.764625105685521,-0.00326585994049067,3.94105522284903e-09,-0.527640216983046,0.384088364861066,1,-0.430312888231589,0.112523724538666,-0.275403066104398,0.54500000108981,-0.0249986894266015,-3.05816415461473,0.789594100529884,35.020761486233,0.0036607
5.84,-0.487199402240391,0.368742293597468,0.999999996362406,-0.445465658220933,0.761543952375476,-0.00319981486822885,4.33338661688807e-09,-0.513659773465418,0.377541607241222,1,-0.445528739266137,0.113524992129442,-0.266819359256786,0.545000000880145,-0.0241846301595579,-3.07792750335093,0.80447498713431,34.8006412923427,0.003528
5.86,-0.473558742548303,0.362034571072563,0.999999996452242,-0.460267909347668,0.758531019804758,-0.00313080803689986,4.65023879693701e-09,-0.499835117253877,0.370812955154184,1,-0.460335948727176,0.114555331402602,-0.258408580625293,0.545000000695003,-0.0233799550525683,-3.09714215667122,0.819091105448421,34.5826846061831,0.0035032
5.88,-0.460070008583052,0.35515650385172,0.999999996547749,-0.474666110618179,0.755586814201551,-0.00305908761257614,4.90043979463491e-09,-0.486164567826447,0.363910565043532,1,-0.474739228573839,0.115613248100235,-0.2501668658243,0.545000000533408,-0.0225843907980874,-3.11581422851178,0.833435481609628,34.366871009508,0.0034477
5.9,-0.446731180284146,0.348115857185409,0.999999996647678,-0.488664908861551,0.752711783004979,-0.00298489882386593,5.09246652692792e-09,-0.472646224648589,0.356842310588571,1,-0.488743232568754,0.11669733936895,-0.24209024927535,0.545000000389963,-0.0217976620045864,-3.13394975617521,0.847501458082409,34.1531787759903,0.0035938
5.92,-0.433540043771633,0.340920114839988,0.999999996750931,-0.502268887741157,0.749906318576662,-0.00290848331962737,5.23285307375983e-09,-0.459277984892818,0.349615787401134,1,-0.502352550185452,0.117806290580502,-0.234174680091373,0.545000000261947,-0.0210194916440282,-3.15155469222824,0.86128268229334,33.9415849807801,0.0035321
5.94,-0.420494207935427,0.333576484823889,0.999999996856531,-0.515482562094626,0.747170761763467,-0.00283007859082471,5.32715396085888e-09,-0.446057560116882,0.342238318281542,1,-0.515571701023277,0.118938872151926,-0.226416036665504,0.545000000150559,-0.020249601451732,-3.16863489708425,0.874773095484577,33.7320656069062,0.0035616
5.96,-0.40759111999294,0.326091905578732,0.999999996963616,-0.52831037275188,0.744505405314492,-0.00274991745377044,5.38135519102962e-09,-0.432982491931628,0.334716958955872,1,-0.528405129699002,0.120093936340836,-0.218810139878332,0.545000000054123,-0.0194877122761278,-3.1851961322286,0.887966921805939,33.5245956480374,0.0035057
5.98,-0.394828080050164,0.318473052563538,0.999999997071438,-0.540756681801555,0.741910497153985,-0.00266822758567496,5.40083948076681e-09,-0.420050166691992,0.327058504223332,1,-0.540857201185373,0.121270414093101,-0.211352765243498,0.544999999971073,-0.0187335443960606,-3.20124405404621,0.900858657662722,33.3191492080083,0.0038794
6,-0.382202254703037,0.310726345166646,0.999999997179351,-0.552825768277232,0.739386243514676,-0.00258523111403731,5.39042580195865e-09,-0.407257829246196,0.319269494448836,1,-0.552932196567862,0.122467311918716,-0.204039653905398,0.544999999899969,-0.0179868177969666,-3.21678420821224,0.913443061333641,33.1156995967094,0.0038677
6.02,-0.369710689717086,0.302857953886,0.999999997286799,-0.564521824236031,0.736932811934773,-0.00250114425498093,5.35441467898618e-09,-0.394602595779507,0.31135622234183,1,-0.564634309192,0.123683708814648,-0.196866522589175,0.54499999983949,-0.0172472524131136,-3.23182202460834,0.925715142870813,32.9142194223394,0.0036826
6.04,-0.357350321824105,0.29487380772419,0.99999999739331,-0.575848951203198,0.734550334122367,-0.00241617699726309,5.29663096339601e-09,-0.382081465789694,0.303324739968052,1,-0.575967641174795,0.124918753243551,-0.189829072567133,0.544999999788433,-0.0165145683383944,-3.24636281272821,0.937670154291403,32.7146806799727,0.003562
6.06,-0.345117989674998,0.286779601750044,0.999999997498481,-0.586811156957385,0.732238908691086,-0.00233053282881099,5.22046696384433e-09,-0.369691333231761,0.295180865946156,1,-0.586936200254892,0.126171660177903,-0.182922997715457,0.54499999975194,-0.0157884860085524,-3.26041175753805,0.949303580068569,32.5170548364419,0.0037059
6.08,-0.333010443987987,0.278580804783552,0.999999997601997,-0.597412352632514,0.729998603771054,-0.00224440850326186,5.13116552648836e-09,-0.357428996869665,0.286930192786107,1,-0.597543896957258,0.127441708208832,-0.176143991680632,0.544999999732537,-0.0150687263558077,-3.27397391575895,0.960611127927462,32.3213129114452,0.0037669
6.1,-0.321024356931169,0.270282667165639,0.999999997703657,-0.607656350113207,0.727829459498954,-0.00215799384244561,5.03487892113282e-09,-0.345291169872564,0.278578094330815,1,-0.607794542049326,0.128728236723442,-0.169487754228749,0.544999999712021,-0.0143550109391673,-3.28705421253966,0.971588719950444,32.1274255548891,0.0037547
6.12,-0.309156330777936,0.261890228578651,0.999999997803318,-0.61754685970184,0.725731490390987,-0.00207147157158093,4.93120629509332e-09,-0.333274488692764,0.270129733266781,1,-0.617691844266676,0.130030643178624,-0.162949996938834,0.544999999691889,-0.0136470620558402,-3.29965743849009,0.982232483994222,31.9353631207388,0.0036243
6.14,-0.297402905873192,0.25340832588743,0.999999997900833,-0.627087488036486,0.723704687603503,-0.00198501718849406,4.82028631078476e-09,-0.321375521261975,0.261590068673497,1,-0.627239408287431,0.131348380437145,-0.156526448105142,0.544999999673147,-0.0129446028277677,-3.31178824704708,0.992538745420305,31.7450957370121,0.0040138
6.16,-0.285760567947438,0.244841600974595,0.999999997996062,-0.636281736240043,0.721749021084578,-0.00189879886046887,4.7026191902931e-09,-0.309590774541727,0.252963863584995,1,-0.636440732935641,0.132680954189653,-0.150212857021893,0.544999999656422,-0.0122473572719511,-3.32345115214566,1.00250401913906,31.5565933722032,0.0037775
6.18,-0.274225754814921,0.236194508547114,0.999999998088878,-0.645132998281853,0.719864441620614,-0.00181297734772462,4.57893096618575e-09,-0.297916701462964,0.244255692540347,1,-0.645299209595013,0.134027920458279,-0.144004997667576,0.544999999642081,-0.0115550503536529,-3.33465052617039,1.01212500196671,31.3698258981261,0.0036709
6.2,-0.262794862490982,0.227471323894381,0.999999998179168,-0.653644559534189,0.718050882781792,-0.00172770595135782,4.45008011619605e-09,-0.28634970728884,0.235469949103003,1,-0.65381812081536,0.135388883181868,-0.13789867183329,0.544999999630288,-0.010867408024217,-3.34539059816301,1.02139856529362,31.1847631492427,0.0037598
6.22,-0.251464250762616,0.21867615058095,0.999999998266839,-0.661819595506993,0.7163082627701,-0.00164313048372363,4.31698366677877e-09,-0.274886155433721,0.226610853331752,1,-0.66200063909516,0.136763491882255,-0.131889711737097,0.544999999621071,-0.0101841572449742,-3.35567545226356,1.03032174806173,31.0013749785362,0.0038715
6.24,-0.240230248245138,0.209812928059696,0.999999998351815,-0.6696611707452,0.714636486173565,-0.00155938925936173,4.18056919594832e-09,-0.263522372770269,0.21768245918867,1,-0.669849825824599,0.138151439410435,-0.125973982163811,0.544999999614365,-0.0095050259985658,-3.36550902636415,1.03889175004809,30.8196313100048,0.0037991
6.26,-0.229089156956579,0.200885439193624,0.999999998434038,-0.677172237873909,0.713035445630197,-0.00147661310469535,4.04174054959171e-09,-0.252254654455361,0.208688661871819,1,-0.677368630374388,0.139552459771065,-0.120147382167309,0.544999999610036,-0.00882974328891079,-3.37489511095505,1.04710592545117,30.639502187851,0.0036978
6.28,-0.218037256440251,0.191897317676744,0.999999998513469,-0.684355636777566,0.711505023405056,-0.00139492538484953,3.90135339879848e-09,-0.241079268304403,0.199633205062669,1,-0.684559889316572,0.140966326023361,-0.114405846370052,0.544999999607913,-0.00815803913095246,-3.38383734814476,1.05496177677601,30.4609578224484,0.0036322
6.3,-0.207070807464663,0.182852055346433,0.999999998590084,-0.691214093900201,0.71004509288368,-0.00131444204604698,3.76020202376581e-09,-0.229992458742436,0.19051968808015,1,-0.691426325764382,0.142392848256076,-0.1087453458923,0.544999999607801,-0.00748964453125369,-3.39233923083634,1.06245694901409,30.283968633171,0.0042928
6.32,-0.196186055328711,0.173753009381528,0.999999998663876,-0.697750221654544,0.708655519985043,-0.00123527167214536,3.61901050306856e-09,-0.218990450359224,0.181351572935079,1,-0.697970548819056,0.143831871632945,-0.103161888939872,0.544999999607235,-0.00682429146036708,-3.40040410204382,1.06958922411342,30.1085052881686,0.0042642
6.34,-0.185379232798877,0.164603409382039,0.999999998734843,-0.703966517928683,0.707336164496969,-0.00115751555391988,3.47761523424184e-09,-0.208069451094377,0.172132191280314,1,-0.704195053112301,0.145283274493229,-0.0976515210637233,0.544999999574678,-0.00616171281743731,-3.40803515433334,1.07635651573419,29.9345387411291,0.0041058
6.36,-0.174646562703916,0.155406364327863,0.999999998802864,-0.709865365679643,0.706086881336334,-0.0010812677691717,3.32449931429879e-09,-0.197225655077368,0.162864751253479,1,-0.710102218433857,0.146746966583357,-0.0922103252183948,0.544999999560555,-0.00550164239168048,-3.41523542937483,1.0827568642852,29.7620402654391,0.003949
6.38,-0.16398426021139,0.146164869415193,0.999999998867771,-0.715449032604039,0.704907521739378,-0.0010066152760021,3.16629914133715e-09,-0.186455245146211,0.153552344210406,1,-0.715694309434346,0.148222887229683,-0.0868344213974204,0.54499999946484,-0.00484381481100169,-3.4220078175911,1.08878843223618,29.5909814849799,0.0041735
6.4,-0.153388534809204,0.136881812770535,0.99999999892917,-0.720719670876582,0.70379793437985,-0.000933638011412764,2.97364166025761e-09,-0.175754395067451,0.144197951348656,1,-0.720973475394254,0.149711003705803,-0.0815199662145407,0.544999999371124,-0.00418796549511791,-3.42835505789189,1.09444949970113,29.4213344031017,0.0040285
6.42,-0.14285559201424,0.127559982043333,0.999999998986379,-0.725679316947901,0.702757966422815,-0.000862409001962655,2.74724611794443e-09,-0.165119271479071,0.13480445022156,1,-0.725941750050588,0.151211309560884,-0.0762631521348105,0.544999999325033,-0.00353383059699445,-3.43427973748179,1.09973846028782,29.2530714282705,0.0037543
6.44,-0.132381634829111,0.118202070879135,0.999999999038894,-0.730329891393791,0.701787464512627,-0.000792994479936639,2.50425780403009e-09,-0.154546035576895,0.125374621144152,1,-0.730601051473343,0.152723823024547,-0.071060206547989,0.544999999312698,-0.00288114694429015,-3.43978429173133,1.10465381720852,29.0861653974318,0.0037397
6.46,-0.121962864967028,0.108810685276116,0.999999999086505,-0.734673198808548,0.700886275698169,-0.000725454005891491,2.25682895328863e-09,-0.144030844564114,0.115911153493262,1,-0.734953181984524,0.154248585475586,-0.0659073906793141,0.544999999323574,-0.00222965197820964,-3.44487100410165,1.10919417964739,28.9205895970971,0.0036597
6.48,-0.11159548386384,0.099388349828559,0.999999999129207,-0.738710927735628,0.700054248297954,-0.000659840597469899,2.01331558381971e-09,-0.133569852882619,0.10641665190477,1,-0.738999828113044,0.155785659947599,-0.0608009983265395,0.544999999349987,-0.00157908368948983,-3.44954200611381,1.11335825937979,28.7563177820543,0.0036434
6.5,-0.10127569349538,0.0899375138615017,0.999999999167133,-0.742444650629476,0.699291232706619,-0.000596200863267903,1.77931094593068e-09,-0.123159213243974,0.0968936423717437,1,-0.742742560579335,0.15733512967623,-0.0557373544500393,0.544999999386281,-0.00092918055304522,-3.4537992773547,1.11714486763923,28.5933241918635,0.0038116
6.52,-0.0909996970173869,0.0804605574614281,0.99999999920051,-0.74587582384278,0.69859708214452,-0.000534575141078933,1.55837201655677e-09,-0.112795077477015,0.0873445782477428,1,-0.74618283430405,0.158897096684468,-0.0507128136305674,0.544999999428254,-0.000279681461761494,-3.45764464551199,1.12055291222749,28.4315835652267,0.0037054
6.54,-0.0807636992444991,0.0709597974083606,0.999999999229619,-0.749005787633993,0.697971653352001,-0.000474997639890199,1.35254359558294e-09,-0.102473597208327,0.0777718461601394,1,-0.749321988435694,0.160471680402348,-0.0457237584080942,0.544999999472879,0.000369674340013588,-3.46107978643141,1.12358139486406,28.2710711523261,0.0036847
6.56,-0.0705639069840328,0.0614374930151976,0.999999999254772,-0.751835766190359,0.697414807229784,-0.000417496585053742,1.16277997743047e-09,-0.0921909243911074,0.0681777718387682,1,-0.752161246392537,0.162059016317288,-0.0407665975141347,0.544999999518019,0.00101914732271495,-3.46410622419023,1.12622940877101,28.1117627252141,0.0036429
6.58,-0.0603965292396056,0.0518958518805361,0.999999999276292,-0.754366867662177,0.69692640942677,-0.000362094366095721,9.89266684807641e-10,-0.0819432116972783,0.058564625865626,1,-0.754701715914541,0.163659254645864,-0.0358377640061543,0.544999999552502,0.00166899773701675,-3.4667253311815,1.12849613648956,27.9536345863221,0.0036975
6.6,-0.0502577772990083,0.0423370355615722,0.999999999294467,-0.756600084204454,0.696506330876199,-0.000308807686542901,8.28167319848417e-10,-0.071726612787113,0.0489346293517113,1,-0.756944389121544,0.165272559050867,-0.030933713330472,0.544999999588044,0.00231948567768531,-3.46893832820394,1.13038084792529,27.7966635752717,0.0037001
6.62,-0.0401438647201645,0.0327631651739688,0.999999999309547,-0.758536292022502,0.696154448282065,-0.000257647715833432,6.7986330189335e-10,-0.0615372824700732,0.0392899595474023,1,-0.758890142574269,0.166899105344671,-0.0260509212915141,0.544999999623344,0.00297087114588386,-3.47074628455342,1.13188289861868,27.6408270738743,0.0037654
6.64,-0.0300510072284954,0.0231763269258411,0.999999999321788,-0.760176251418453,0.69587064455536,-0.000208620242064412,5.44267269713079e-10,-0.0513713767700756,0.0296327553930489,1,-0.760539737335204,0.168539080229829,-0.0211858819698648,0.544999999655662,0.00362341410856445,-3.47215011811193,1.13300172823834,27.4861030095887,0.0037196
6.66,-0.0199754225385482,0.0135785775932362,0.999999999331434,-0.761520606836016,0.69565480920175,-0.000161725825747107,4.20305699815281e-10,-0.0412250529079593,0.0199651230166795,1,-0.761893819026709,0.170192680046927,-0.0163351055817301,0.544999999682104,0.00427737455488584,-3.47315059543099,1.1337368592944,27.3324698574273,0.0038125
6.68,-0.00991333011233996,0.0039719499446567,0.999999999338696,-0.762569886901219,0.695506838661124,-0.000116959954079185,3.05863306475596e-10,-0.0310944692135429,0.0102891411859265,1,-0.762952917884126,0.171860109532962,-0.011495116292286,0.544999999708425,0.00493301254891879,-3.47374833180654,1.13408789606988,27.1799066404131,0.0038081
6.7,0.000139049133478788,-0.00564154187767306,0.999999999343763,-0.763324504457197,0.695426636599579,-7.43131954424597e-05,2.00896249207231e-10,-0.0209757849793286,0.000606866721431155,1,-0.763717448802,0.173541580577621,-0.00666244998674858,0.544999999733892,0.00559058827803717,-3.47394379134313,1.13405452376814,27.0283929286099,0.0036902
6.72,0.0101854931598308,-0.0152598970119789,0.999999999346823,-0.76378475659147,0.695414114153944,-3.37713536837308e-05,1.0509728933124e-10,-0.0108651602676355,-0.00907966012087385,1,-0.764187711371881,0.175237310985299,-0.00183365201291196,0.544999999758031,0.00625036209632148,-3.47373728700561,1.13363650787486,26.8779088368654,0.0035959
6.74,0.0202297791652115,-0.0248811225586379,0.999999999348054,-0.763950824654474,0.695469190129271,4.68437798747833e-06,1.79884447492797e-11,-0.000758755682725454,-0.0187684102911053,1,-0.764363889910498,0.176947523232293,0.00299472510098088,0.544999999780565,0.00691259456236082,-3.47312898065686,1.13283369373325,26.728435021291,0.0037879
6.76,0.0302756839620884,-0.0345032282814411,0.999999999347624,-0.763822774268489,0.695591791149289,4.10772637803042e-05,-6.1008275527055e-11,0.00934726788068721,-0.0284573606028158,1,-0.764246053477475,0.178672443216733,0.00782612394491604,0.544999999801342,0.00757754647075403,-3.47211888308082,1.13164600633161,26.5799526745578,0.0038455
6.78,0.0403269843584295,-0.0441242213204129,0.999999999345689,-0.763400555326378,0.695781851759789,7.54348730228971e-05,-1.3252514795118e-10,0.0194567495012591,-0.0381444883987964,1,-0.763834155882029,0.1804122989973,0.0126639845351679,0.54499999982032,0.00824547887659399,-3.47070685399028,1.13007345030253,26.4324435200689,0.0040559
6.8,0.0503874575331619,-0.0537421009081707,0.999999999342391,-0.762684001979972,0.696039314484741,0.000107788929002297,-1.97209796699604e-10,0.0295735284959535,-0.0478277662176396,1,-0.763128035678487,0.182167319516778,0.0175117466246013,0.544999999837518,0.00891665311218472,-3.46889260201954,1.12811611013356,26.285889805068,0.0038684
6.82,0.0604608813943748,-0.0633548530818238,0.999999999337862,-0.761672832618174,0.696364129834791,0.00013817515914502,-2.55703308955667e-10,0.0397014446748716,-0.0575051564534051,1,-0.762127416150724,0.1839377333064,0.0223728520080751,0.544999999853001,0.00959133079519973,-3.46667568470229,1.1257741505892,26.1402742927415,0.004007
6.84,0.0705510349090413,-0.0729604453824472,0.999999999332219,-0.760366649835273,0.696756256267708,0.000166633146722327,-3.08623075302469e-10,0.049844338574715,-0.0671746060007508,1,-0.760831905286007,0.185723767166925,0.0272507468157088,0.544999999866867,0.0102697738274506,-3.46405550843579,1.1230478173447,25.995580253373,0.0037023
6.86,0.0806616983929366,-0.0825568215342302,0.999999999325567,-0.758764940390235,0.697215660100132,0.000193206184247238,-3.5655092365919e-10,0.0600060516595108,-0.0768340408779403,1,-0.759240995739017,0.187525644822295,0.0321488837866166,0.544999999879231,0.0109522443833911,-3.46103132843251,1.1199374378322,25.8517914545968,0.0036068
6.88,0.0907966537492796,-0.0921418960954869,0.999999999318001,-0.75686707515811,0.697742315369909,0.000217941128714186,-4.00027896791972e-10,0.0701904264770771,-0.0864813608202089,1,-0.757354064787188,0.189343585541712,0.0370707245154953,0.54499999989021,0.0116390048874211,-3.45760224866124,1.11644342230034,25.7088921508064,0.0035691
6.9,0.100959684644419,-0.101713549073832,0.999999999309605,-0.754672309075036,0.698336203648091,0.000240888258817318,-4.39552369375679e-10,0.0804013067594938,-0.0961144338360686,1,-0.755170374278827,0.191177802725845,0.0420197416641441,0.544999999899933,0.0123303179790176,-3.45376722177985,1.11256626508841,25.5668670717617,0.003642
6.92,0.111154576608623,-0.111269620497973,0.999999999300454,-0.752179781078658,0.698997313799596,0.000262101134268398,-4.75576459753074e-10,0.0906425374555787,-0.105731090719261,1,-0.752689070575825,0.193028502452882,0.0469994211296423,0.544999999908523,0.013026446464646,-3.44952504906249,1.1083065461168,25.425701410442,0.003563
6.94,0.121385117049712,-0.120807904938727,0.999999999290613,-0.749388514046168,0.699725641691312,0.000281636457321649,-5.0850816156303e-10,0.100917964683053,-0.115329119509222,1,-0.749909184493141,0.194895881980018,0.0520132641604427,0.544999999916097,0.013727653255356,-3.44487438032443,1.10366493259555,25.2853808101877,0.0036122
6.96,0.131655095166905,-0.130326145972109,0.999999999280141,-0.746297414732519,0.700521189846356,0.000299553936598487,-5.3871312009737e-10,0.111231435587701,-0.124906259893111,1,-0.746829631237581,0.196780128195926,0.057064789411164,0.544999999922768,0.0144342012888924,-3.43981371384831,1.09864218095323,25.1458913511711,0.003554
6.98,0.141968301751819,-0.139822030577547,0.999999999269089,-0.742905273711783,0.701383967042969,0.000315916153292729,-5.66516550766252e-10,0.121586798096406,-0.134460197542688,1,-0.743449210348807,0.198681416019695,0.0621575349262304,0.544999999928641,0.0151463534350892,-3.43434139631612,1.09323913898848,25.007219536236,0.0035364
7,0.152328528863075,-0.149293183464568,0.999999999257501,-0.739210765324983,0.702313987856451,0.000330788429823202,-5.922059746877e-10,0.131987900550453,-0.143988558379571,1,-0.739766605645869,0.200599906743917,0.0672950600418359,0.544999999936006,0.0158643723833018,-3.42845562275152,1.08745674824714,24.8693522761494,0.0036922
7.02,0.162739569360431,-0.158737161321653,0.999999999245427,-0.735212447638182,0.70331127214242,0.000344238700985863,-6.15243830754976e-10,0.142438591204963,-0.153488902762735,1,-0.735780385182991,0.202535746309259,0.0724809471951938,0.544999999945259,0.0165885205102199,-3.42215443647802,1.0812960466278,24.7322768742727,0.0036005
7.04,0.173205216283749,-0.168151446981282,0.999999999232925,-0.730908762415026,0.704375844459241,0.000356337387656652,-6.34950449314188e-10,0.15294271757971,-0.162958719592435,1,-0.731489001218742,0.204489063511755,0.0777188036284669,0.544999999952485,0.0173190597268876,-3.41543572909876,1.07475817121901,24.5959810107058,0.0035725
7.06,0.18372926206148,-0.177533443495632,0.999999999220055,-0.726298035108393,0.705507733427538,0.000367157273064413,-6.52056019607739e-10,0.163504125645951,-0.172395420325167,1,-0.726890790203187,0.206459968148755,0.0830122629747856,0.544999999958141,0.0180562513036742,-3.4082972405046,1.06784436137174,24.4604527259744,0.0035097
7.08,0.194315497532603,-0.1868804681179,0.999999999206864,-0.721378474876272,0.706706971024973,0.000376773381650633,-6.67125387583423e-10,0.174126658833165,-0.181796332894728,1,-0.721983972788061,0.208448549076801,0.0883649867123866,0.54499999996259,0.0188003556706048,-3.40073655891747,1.06055596201062,24.325680404212,0.005387
7.1,0.204967710765244,-0.196189746184695,0.999999999193386,-0.716148174627494,0.707973591813436,0.000385262860526178,-6.80592908015609e-10,0.184814156838863,-0.191158695534952,1,-0.716766653865502,0.210454872190861,0.0937806654715073,0.544999999966121,0.0195516321921944,-3.39275112097684,1.05289442718795,24.1916527559151,0.0042153
7.12,0.21568968565434,-0.205458404895638,0.999999999179653,-0.710605111103441,0.709307632096229,0.000392704863517431,-6.92789409602067e-10,0.195570454223821,-0.200479650500303,1,-0.7112368226414,0.212478978316778,0.099263020177786,0.54499999996895,0.0203103389146268,-3.38433821187788,1.04486132388435,24.0583588002908,0.0036081
7.14,0.226485200279871,-0.214683466986916,0.999999999165685,-0.704747145002446,0.710709129002491,0.000399180437780757,-7.03967561339634e-10,0.206399378774201,-0.209756237681158,1,-0.705392352749918,0.214520881012063,0.104815803014577,0.544999999971259,0.0210767322833967,-3.37549496557036,1.03645833606051,23.9257878472177,0.0036981
7.16,0.237358025006257,-0.223861844296365,0.999999999151503,-0.698572021154108,0.712178119496,0.000404772412953435,-7.14314271494952e-10,0.217304749611149,-0.218985388111381,1,-0.699231002416355,0.216580564270174,0.110442798185145,0.544999999973187,0.0218510668294039,-3.36621836502839,1.02768726896397,23.7939294788541,0.0036412
7.18,0.248311920302555,-0.232990331218497,0.99999999913712,-0.692077368751403,0.713714639305296,0.000409565292795501,-7.23967065614526e-10,0.228290375027474,-0.228163917366607,1,-0.692750414676057,0.218657980123483,0.116147822454249,0.54499999997484,0.0226335948213854,-3.35650524260164,1.01855005369564,23.6627735309112,0.0037549
7.2,0.259350634262073,-0.242065598048832,0.99999999912255,-0.685260701649059,0.715318721771947,0.000413645149264901,-7.33024495975807e-10,0.239360050029998,-0.237288518852607,1,-0.685948117657746,0.2207530461402,0.121934725447009,0.544999999976309,0.0234245658824721,-3.34635228045975,1.00904875204025,23.5323100736264,0.0034929
7.22,0.270477899798962,-0.251084184218017,0.999999999107804,-0.678119418737363,0.716990396613596,0.000417099518954434,-7.41553318068819e-10,0.25051755356516,-0.246355756984171,1,-0.678821524940254,0.222865642810604,0.127807389681254,0.544999999977657,0.0242242265685556,-3.33575601114232,0.999185561565277,23.4025293924528,0.0037679
7.24,0.281697431498271,-0.260042491417361,0.999999999092893,-0.670650804401228,0.718729688598295,0.000420017301806326,-7.49596910527581e-10,0.261766645404314,-0.255362060256076,1,-0.671367935992362,0.224995610818142,0.133769730307723,0.544999999978942,0.0250328199060493,-3.32471281822783,0.988962820992672,23.2734219685031,0.003718
7.26,0.293012922094787,-0.26893677661877,0.999999999077825,-0.6628520290751,0.720536616126522,0.000422488662005273,-7.57177655448268e-10,0.273111062664081,-0.264303714209057,1,-0.66358453670612,0.227142748191036,0.139825694530608,0.544999999980208,0.0258505848865352,-3.31321893713603,0.978383015847677,23.144978458769,0.0037806
7.28,0.304428038554875,-0.277763144993534,0.99999999906261,-0.654720149905044,0.722411189717082,0.000424604930937371,-7.64302906948197e-10,0.284554515935957,-0.273176854295091,1,-0.65546840003484,0.229306807330396,0.145979260678875,0.544999999981493,0.026677755915692,-3.30127045607886,0.967448784388905,23.0171896761488,0.0035749
7.3,0.315946417734329,-0.28651754273603,0.999999999047258,-0.646252111530135,0.724353410393025,0.000426458512087004,-7.70965630654283e-10,0.296100684998192,-0.281977458647956,1,-0.647016486747656,0.23148749192611,0.152234436897273,0.544999999993514,0.027514562214573,-3.28886331717662,0.956162923823584,22.8900465693572,0.0039616
7.32,0.327571661584057,-0.295195749800233,0.999999999031815,-0.637444746996123,0.726363267964189,0.000428142787738012,-7.73300651719675e-10,0.307753214081802,-0.290701340766732,1,-0.638225646313452,0.233684453693743,0.158595259420264,0.545000000010028,0.0283612271667799,-3.27599331775674,0.944528396811629,22.7635402025822,0.003545
7.34,0.339307331874267,-0.303793372558848,0.999999999016385,-0.628294778815222,0.728440739200323,0.000429752027248911,-7.69690632769236e-10,0.319515706661368,-0.299344142121916,1,-0.62909261792775,0.235897288999189,0.165065790402632,0.544999999983346,0.0292179676140052,-3.26265611185377,0.932548338261833,22.6376617351301,0.0034706
7.36,0.35115694440659,-0.312305836397097,0.999999999000932,-0.618798820186837,0.730585785891503,0.000431381297084124,-7.75685943683622e-10,0.331391719740118,-0.307901324695904,1,-0.619614031697094,0.238125535344206,0.171650115266301,0.544999999806574,0.0300849930938573,-3.24884721193067,0.92022606242305,22.51240240104,0.0034009
7.38,0.363123962682472,-0.320728378255537,0.999999998984721,-0.608953376394889,0.732798352791479,0.000433126372655465,-8.45319309423794e-10,0.34338475759763,-0.316368163471998,1,-0.609786409996364,0.240368667941501,0.178352339453304,0.544999999681912,0.0309625050311309,-3.2345619908423,0.907565070272692,22.3877534891243,0.0034641
7.4,0.375211790995082,-0.329056039138985,0.99999999896667,-0.59875484639816,0.735078365448731,0.00043508364888108,-9.59831158315899e-10,0.355498264967368,-0.324739738888608,1,-0.599606169015437,0.242626095678758,0.185176584707874,0.544999999596218,0.0318506958312879,-3.21979568406359,0.894569057204255,22.2637063221238,0.0034303
7.42,0.387423766910895,-0.337283656611382,0.99999999894602,-0.588199524631546,0.737425727902093,0.000437350053745921,-1.10519267669364e-09,0.367735619610232,-0.333010929278185,1,-0.589069620512615,0.244897157293781,0.192126984669408,0.544999999539451,0.0327497479429471,-3.20454339220619,0.881241921014844,22.1402522367097,0.0033768
7.44,0.399763153106065,-0.345405857299532,0.999999998922258,-0.577283603037129,0.739840320250705,0.000440022961889894,-1.2709904344388e-09,0.380100124249289,-0.341176403313433,1,-0.578172973793254,0.247181117319582,0.199207679812699,0.544999999503971,0.0336598328365972,-3.18880008384855,0.867587770192799,22.0173825634806,0.0034262
7.46,0.412233128521928,-0.353417049432042,0.999999998895053,-0.566003173344586,0.742321996090433,0.000443200108457934,-1.44956083734771e-09,0.392594997829989,-0.349230612486724,1,-0.566912337933113,0.249477161892372,0.206422811667199,0.544999999483997,0.0345811099128578,-3.17256059870614,0.85361093250457,21.8950886072247,0.00346
7.48,0.424836778803193,-0.361311415443478,0.999999998864204,-0.554354229621902,0.744870579812615,0.000446979502954693,-1.63532196826966e-09,0.405223366069399,-0.357167783652198,1,-0.555283724267015,0.251784394425378,0.213776516261211,0.544999999475186,0.0355137253361518,-3.1558196511696,0.839315963878832,21.7733616275312,0.0034994
7.5,0.437577085981789,-0.369082904677673,0.999999998829608,-0.542332671118369,0.74748586376115,0.000451459342793261,-1.82425503301831e-09,0.417988251257381,-0.364981911664004,1,-0.543283049164527,0.254101831152812,0.221272916734266,0.544999999474306,0.0364578107907201,-3.13857183424036,0.824707657584573,21.6521928198484,0.0034434
7.52,0.450456917368937,-0.376725226228392,0.99999999879123,-0.529934305423021,0.750167605244116,0.000456737926196914,-2.0135049998271e-09,0.430892561272221,-0.372666752148287,1,-0.530906137115508,0.256428396549832,0.228916115058459,0.544999999478962,0.0374134821562399,-3.1208116238946,0.80979105369843,21.5315732970924,0.003422
7.54,0.463479013617852,-0.384231841960149,0.999999998749084,-0.517154851962766,0.752915523396367,0.00046291356408527,-2.20107872526797e-09,0.443939077773029,-0.380215814451127,1,-0.518148724149489,0.258762918636169,0.236710182807106,0.544999999487418,0.0383808381005226,-3.10253338390801,0.794571448854961,21.4114940719316,0.0033956
7.56,0.476645975919574,-0.391595959756905,0.999999998703218,-0.50398994586563,0.755729295889845,0.000470084490548182,-2.38560820141175e-09,0.457130443531258,-0.387622354809454,1,-0.505006461614022,0.261104124172959,0.244659150906909,0.544999999498435,0.0393599585870014,-3.08373137117523,0.779054406271677,21.2919460398745,0.0033846
7.58,0.489960252294833,-0.398810527051605,0.9999999986537,-0.490435142215658,0.758608555488733,0.000478348771480986,-2.56617157011306e-09,0.470469148864113,-0.394879369797201,1,-0.491474920338268,0.263450633736244,0.252766998294233,0.544999999508184,0.040350903293057,-3.06439974155943,0.763245766038708,21.1729199632635,0.003393
7.6,0.50342412294562,-0.405868224695133,0.999999998600606,-0.476485920727188,0.761552886445881,0.000487804210396295,-2.74322517744395e-09,0.483957517133295,-0.401979590104501,1,-0.47754959520922,0.265800955751634,0.261037638932751,0.544999999411405,0.0413537098726298,-3.04453255630891,0.747151655660695,21.0544064546406,0.0033926
7.62,0.517039684630893,-0.412761461229225,0.999999998543623,-0.462137690868746,0.764561820700373,0.000498548231923083,-2.95511957280723e-09,0.497597689273719,-0.40891547471361,1,-0.46322591018906,0.268153484443796,0.269474909567864,0.544999999343001,0.0423683924529312,-3.02412378907899,0.73077850083608,20.9363959686617,0.0033799
7.64,0.530808834033853,-0.419482367634152,0.999999998482155,-0.44738579746217,0.767634834033989,0.000510677820687396,-3.19163928329089e-09,0.511391607318387,-0.41567920554151,1,-0.448499223803251,0.270506491821919,0.278082553371032,0.544999999295921,0.0433949394530523,-3.00316733359902,0.714133036456218,20.8188787847873,0.0035241
7.66,0.544733250089586,-0.426022792628576,0.999999998415788,-0.432225526789809,0.770771341949272,0.000524289398011827,-3.44510781834059e-09,0.525340996887798,-0.422262682625659,1,-0.433364835129923,0.272858123518739,0.286864204022881,0.544999999264891,0.0444333118183618,-2.9816570120253,0.697222317803822,20.701844998668,0.0034217
7.68,0.558814375243766,-0.432374298605913,0.999999998344239,-0.416652113244698,0.773970695424642,0.000539478714462316,-3.70974725759195e-09,0.539447348614981,-0.428657519936312,1,-0.417817990322123,0.275206393686051,0.295823367940766,0.544999999246016,0.0454834409668642,-2.95958658402225,0.680053731926961,20.5852845138018,0.003403
7.7,0.573053395617923,-0.438528158298797,0.99999999826733,-0.400660746552817,0.777232176509899,0.000556340736739632,-3.98118136833543e-09,0.553711898480634,-0.434855041905936,1,-0.401853889695331,0.277549179924624,0.304963405009974,0.544999999236476,0.0465452266643286,-2.93694975661498,0.662635009161374,20.4691870354134,0.0034211
7.72,0.587451220060611,-0.444475352270731,0.999999998184958,-0.384246579601288,0.780554993764453,0.000574969528746906,-4.25605006502789e-09,0.568135607037063,-0.440846280773778,1,-0.385467695413392,0.279884218282299,0.31428750775286,0.544999999234282,0.0476185348160554,-2.9137401948575,0.644974234769995,20.3535420668389,0.0034224
7.74,0.602008458068946,-0.450206567341702,0.99999999809708,-0.367404736906437,0.783938277541925,0.000595458126279906,-4.53170867207969e-09,0.582719137504552,-0.446621974851258,1,-0.368654539806667,0.282209098358182,0.323798678873417,0.544999999238076,0.0487031951752633,-2.88995153336142,0.627079860664506,20.2383389087206,0.0040924
7.76,0.616725396570983,-0.455712196062421,0.999999998003703,-0.350130323755901,0.787381075126096,0.000617898404727,-4.80600150941196e-09,0.597462832729731,-0.452172567821755,1,-0.351409534356645,0.284521258554788,0.333499707119389,0.54499999924699,0.0497989989717375,-2.86557738873057,0.608960717169283,20.1235666613337,0.0034857
7.78,0.631601975566479,-0.460982337359861,0.999999997904872,-0.332418436059194,0.7908823457247,0.000642380939198623,-5.07708496731534e-09,0.612366691002431,-0.457488209196318,1,-0.333727779381562,0.286817981524588,0.34339314141118,0.544999999260528,0.0509056964660417,-2.84061137294711,0.590626024783377,20.0092142303931,0.0034466
7.8,0.64663776263174,-0.466006798484745,0.999999997800669,-0.31426417094109,0.79444095532925,0.00066899485662776,-5.34329488364841e-09,0.627430340735478,-0.462558756054864,1,-0.315604374457626,0.289096389861431,0.353481263195479,0.544999999278472,0.0520229944359083,-2.81504710775481,0.572085405891077,19.8952703367028,0.0034462
7.82,0.661831926303585,-0.47077509839964,0.999999997691205,-0.295662638111947,0.798055671450889,0.000697827679593431,-5.60304482964506e-09,0.642653014021119,-0.467373776210373,1,-0.297034429610265,0.291353442091182,0.363766056993429,0.544999999300821,0.0531505536028291,-2.78887824008465,0.553348896366239,19.7817235300339,0.0037524
7.84,0.677183208368139,-0.475276472754042,0.999999997576627,-0.276608972048512,0.80172515774419,0.000728965161987287,-5.85474922919041e-09,0.658033519088202,-0.471922552941448,1,-0.278013077309355,0.293586022838346,0.37424911253641,0.545000015141214,0.0542880022317048,-2.76209845856695,0.534426957009851,19.668562266385,0.003828
7.86,0.692689895120708,-0.479499880637206,0.999999997514041,-0.257098344669452,0.805447972237964,0.000762488015716996,-4.03912185238423e-10,0.673570211696065,-0.476194091446106,1,-0.258535485301567,0.2957905762689,0.384931846514643,0.545000010341159,0.0554348599094587,-2.734701511173,0.515330484753809,19.555774701019,0.0038305
7.88,0.708349787566024,-0.483434013163637,0.999999997543191,-0.23712597981311,0.80922255103138,0.000798480125940755,3.3189050692316e-09,0.68926096551437,-0.480177127176818,1,-0.238596870311835,0.297963633433583,0.395815097647932,0.545000006774237,0.0565906663699922,-2.70668122402688,0.496070823557534,19.4433490547984,0.0039309
7.9,0.724160170674969,-0.487067304125683,0.999999997633956,-0.216687168162474,0.813047213150697,0.000837020857526752,5.75763045086869e-09,0.705103141552876,-0.483860136223319,1,-0.218192512644349,0.300101465857907,0.406899329410812,0.545000004149948,0.0577548654314757,-2.67803152142943,0.476659774921765,19.3312734301839,0.0038823
7.92,0.74011778183798,-0.490387942957165,0.999999997764048,-0.195777282391409,0.816920151499329,0.000878186796482596,7.25161188720882e-09,0.721093556721558,-0.487231347915495,1,-0.197317771711443,0.302200168215699,0.418184532548523,0.545000002243278,0.0589268465478321,-2.64874644712771,0.457109607929727,19.2195359055558,0.0037855
7.94,0.756218778536593,-0.493383890084205,0.999999997917156,-0.174391794029733,0.82083942719655,0.000922051647039592,8.05919181014337e-09,0.737228451619443,-0.490278759823399,1,-0.175968102516228,0.304255657760334,0.429670184599678,0.545000000880293,0.0601059382639739,-2.61882018686243,0.437433068722823,19.1081245830704,0.0041849
7.96,0.772458705379547,-0.496042894877511,0.999999998081509,-0.152526291160954,0.824802963935458,0.000968686000437753,8.37609724537035e-09,0.753503457670234,-0.492990155335032,1,-0.154139073111691,0.306263674620306,0.441355207633792,0.544999999926865,0.0612914047343205,-2.58824709222168,0.417643389310863,18.9970276436112,0.0038761
7.98,0.788832460645985,-0.498352516389038,0.999999998248768,-0.130176497084144,0.82880854239082,0.00101815706180211,8.34976879483949e-09,0.769913563744135,-0.4953531239946,1,-0.131826383055292,0.308219783074975,0.453237924398012,0.544999999279838,0.0624824430735429,-2.5570217058236,0.397754295609145,18.8862334091887,0.0040041
8,0.805334262501497,-0.500300147056093,0.99999999841317,-0.107338289977458,0.832853794712423,0.00107052835354271,8.09051050888886e-09,0.786453082428321,-0.497355084784307,1,-0.109025882873737,0.310119373919533,0.465316013021352,0.544999998860124,0.0636781809420388,-2.52513878784449,0.37778001458731,18.77573041312,0.0038249
8.02,0.821957615077582,-0.501873039553928,0.999999998570877,-0.0840077235748454,0.836936199143575,0.00112585939749751,7.6801551680703e-09,0.80311561613311,-0.498983312531021,1,-0.0857335945474941,0.311957668031453,0.477586460452406,0.544999998607314,0.064877674293467,-2.49259334390157,0.357735280407672,18.6655074782583,0.0037753
8.04,0.838695274631526,-0.503058336973459,0.999999998719467,-0.0601810488580919,0.841053074808283,0.00118420537540311,7.17878818458507e-09,0.819894023247089,-0.500224967615082,1,-0.0619457330188487,0.313729721253631,0.490045514842931,0.544999998475452,0.0660799053009502,-2.45938065429188,0.337635339423517,18.5555538034806,0.0038085
8.06,0.855539216031394,-0.50384310649354,0.999999998857554,-0.0358547367588949,0.845201576714625,0.0012456167669367,6.62995090673781e-09,0.836780384582003,-0.501067129151735,1,-0.0376587287206041,0.315430430711579,0.502688637130144,0.544999998429764,0.0672837804955472,-2.42549630457903,0.317495953900953,18.4458590585577,0.0040055
8.08,0.872480599839834,-0.504214376706968,0.9999999989845,-0.0110255018579245,0.849378691025859,0.00131013896464253,6.06466609222459e-09,0.853765970377027,-0.501496831805789,1,-0.0128692511151108,0.317054542682751,0.515510452114185,0.544999998444089,0.0684881291555109,-2.39093621750958,0.297333404321304,18.3364134874411,0.0037647
8.1,0.88950974030028,-0.504159178745618,0.999999999100192,0.0143096729407425,0.853581230654811,0.0013778118652343,5.50453797056188e-09,0.870841208161826,-0.501501106386892,1,0.0124257667750736,0.318596662135343,0.528504699373974,0.544999998498882,0.0696917019875963,-2.35569668622906,0.277164490114937,18.2272080198813,0.0037534
8.12,0.906616074559733,-0.50366459133254,0.999999999204879,0.0401535107908476,0.857805831241085,0.00144866943701757,4.96413533236801e-09,0.887995651808319,-0.501067024355712,1,0.0382291028728318,0.320051264050981,0.541664184414426,0.544999998579677,0.0708931701438104,-2.31977440875502,0.257006528671944,18.1182343911661,0.0038247
8.14,0.92378813349313,-0.502717789867062,0.999999999299048,0.0665084143821892,0.862048947574467,0.00152273926352348,4.45281890317103e-09,0.905217952131875,-0.500181746350166,1,0.0645432196265637,0.321412706639755,0.554980730491615,0.544999998675884,0.0720911246186198,-2.28316652365037,0.236877352470388,18.0094852696223,0.0038442
8.16,0.941013514525014,-0.501306099622703,0.999999999383338,0.093376438568431,0.866306850531498,0.00160004206397677,3.97613724014021e-09,0.922495829433429,-0.498832574815184,1,0.0913702367139175,0.322675246545301,0.568445131621854,0.544999998779862,0.0732840760724299,-2.24587064682515,0.216795304159102,17.9009543913499,0.0037888
8.18,0.958278856874216,-0.499417053106555,0.999999999458468,0.120759262209096,0.870575624595409,0.00168059119213774,3.53688750133628e-09,0.939816048404106,-0.497007010789051,1,0.118711902930435,0.323833056118192,0.582047107350597,0.544999998886205,0.0744704551266166,-2.20788490937849,0.19677922942946,17.7926367014884,0.0037706
8.2,0.97556981967598,-0.497038451592594,0.999999999525196,0.148658159303198,0.874851166032024,0.00176439211681661,3.1359211301195e-09,0.957164395842908,-0.494692814863891,1,0.14656956733729,0.324880242800196,0.59577525994773,0.544999998991211,0.0756486131725166,-2.16920799637478,0.17684846750926,17.6845285011079,0.0039745
8.22,0.992871063462642,-0.494158430799867,0.999999999584283,0.177073969505418,0.879129181795433,0.00185144189093553,2.77275723116632e-09,0.974525661665038,-0.491878072297092,1,0.174944149756102,0.325810870558006,0.609617034830258,0.54499999909161,0.0768168237191261,-2.12983918642938,0.157022839112205,17.5766275986138,0.0039452
8.24,1.0101662355079,-0.490765530639437,0.999999999636468,0.206007068129349,0.88340518923441,0.00194172862371497,2.44573690035156e-09,0.991883623702918,-0.488551262204278,1,0.203836110713347,0.326618983260136,0.623558685231098,0.544999999184716,0.0779732843192877,-2.08977839195962,0.137322631678555,17.4689334643584,0.0038206
8.26,1.02743795955988,-0.48684876890133,0.999999999682448,0.235457335755972,0.887674516666469,0.00203523098599512,2.15223464673943e-09,1.00922103682293,-0.484701330712804,1,0.233245420952226,0.32729867398689,0.637585154621199,0.5449999992799,0.0791161296523844,-2.04902619993603,0.117768581746566,17.3614473866329,0.0041242
8.28,1.04466783052949,-0.482397718725831,0.9999999997229,0.265424127805953,0.89193230658129,0.00213191390487605,1.89299877841211e-09,1.02651962689762,-0.480317767897605,1,0.263171530645668,0.327843971686533,0.651680340840584,0.544999999357796,0.0802433930742461,-2.00758391294706,0.0983818543002537,17.2541726277187,0.0044649
8.3,1.06183641462861,-0.477402589534516,0.999999999758449,0.29590624352514,0.896173514298034,0.00223173691443626,1.66180533180285e-09,1.04376009018434,-0.475390688258909,1,0.29361333846054,0.328249059421528,0.665826686150319,0.544999999429393,0.0813530801404128,-1.96545359036862,0.0791840189474684,17.1471145771419,0.0042783
8.32,1.07892325554018,-0.471854311142095,0.99999999978963,0.326901895219477,0.900392915276089,0.00233464599749476,1.45638675187901e-09,1.0609220986666,-0.469910914433971,1,0.324569160639703,0.328508195023006,0.680005400340836,0.544999999494638,0.0824431168223893,-1.92263808941011,0.0601970227968804,17.0402809017276,0.0041996
8.34,1.09590688721847,-0.465744620713407,0.999999999816939,0.358408678130769,0.90458510903026,0.00244057502331074,1.27445651211692e-09,1.07798431191191,-0.463870063763213,1,0.356036700285289,0.328615772394592,0.694196399678837,0.544999999553682,0.0835113765825113,-1.87914110578229,0.0414431599115899,16.9336816875436,0.0041405
8.36,1.11276485380942,-0.459066152033751,0.999999999840821,0.390423540398058,0.908744525399414,0.00254944522137054,1.11378190960513e-09,1.09492439598941,-0.457260637255485,1,0.388013017043147,0.328566359043492,0.70837830952578,0.544999999606816,0.0845556850005997,-1.8349672137127,0.0229450372366426,16.8273295726161,0.0046725
8.38,1.12947373722658,-0.451812526568263,0.999999999861682,0.422942753758301,0.912865432167662,0.00266116461565341,9.7223554386565e-10,1.1117190499706,-0.450076110418555,1,0.420494497404523,0.328354735438483,0.722528476459903,0.544999999654415,0.0855738267970022,-1.79012190501287,0.00472553691800231,16.7212398672358,0.0042032
8.4,1.14600919287107,-0.443978445684984,0.999999999879882,0.455961885162947,0.916941944097047,0.00277562747701106,8.4782480437744e-10,1.12834404050609,-0.442311025340352,1,0.453476825856557,0.327975935878669,0.736622990944953,0.544999999696921,0.0865635539904163,-1.7446116268811,-0.0131922250463454,16.6154306589324,0.0041764
8.42,1.16234599394104,-0.435559783334965,0.999999999895748,0.489475769544365,0.920968033419613,0.0028927138219889,7.38716490882243e-10,1.14477424492979,-0.433961083325183,1,0.486954957127581,0.327425290221903,0.750636721877777,0.544999999734871,0.0875225948577485,-1.69844381810612,-0.0307849438558432,16.5099228991334,0.0042865
8.44,1.17845808472041,-0.426553678402194,0.999999999909568,0.523478483984617,0.92493754181243,0.00301228900431925,6.43269924676053e-10,1.16098370328863,-0.425023237308645,1,0.520923089786336,0.326698464992056,0.764543365349066,0.544999999769109,0.0884486634579967,-1.65162694331993,-0.0480291746601695,16.4047404685967,0.00421
8.46,1.1943186431676,-0.416958625857904,0.999999999921602,0.557963323543809,0.928844193823895,0.00313420351938393,5.60149249888504e-10,1.17694567962953,-0.415495783196806,1,0.555374641465542,0.325791501133204,0.778315511503337,0.544999999801503,0.0893394694001568,-1.60417052493406,-0.064901384985142,16.2999102195075,0.0042673
8.48,1.20990015304077,-0.406774565779478,0.99999999993209,0.592922778997732,0.932681611619325,0.00325829329562173,4.88690251170207e-10,1.19263273279701,-0.405378449201403,1,0.590302225989581,0.324700992697866,0.79192452783618,0.544999999819672,0.0901927579638725,-1.55608517238218,-0.0813780107653369,16.1954619815769,0.0046918
8.5,1.22517448579212,-0.396002969263614,0.999999999941215,0.628348517367749,0.936443336513855,0.00338437160673023,4.23772011497402e-10,1.20801679690243,-0.39467248217518,1,0.625697632692771,0.323423758625014,0.805341171894176,0.544999999843227,0.091006224537237,-1.50738260828324,-0.0974355158785688,16.0914285631939,0.0047573
8.52,1.24011299211572,-0.384646920102184,0.999999999949126,0.664231363972954,0.940122837292143,0.00351224424635493,3.67333850685936e-10,1.22306927152165,-0.383380729892343,1,0.661551808218646,0.321957329080644,0.81853505794331,0.544999999863811,0.0917776733840998,-1.45807569113404,-0.113050455036458,15.9878456829957,0.0047023
8.54,1.2546866031199,-0.372711191136928,0.999999999955982,0.700561287492282,0.94371353785524,0.00364169810160539,3.18305833484302e-10,1.23776112156075,-0.371507718170508,1,0.69785484109127,0.320299740655492,0.831475125658619,0.544999999881811,0.0925049198050661,-1.40817843414894,-0.128199539838547,15.8847518986728,0.0046972
8.56,1.26886594104824,-0.360202314199479,0.999999999961923,0.737327388946999,0.947208836253349,0.00377250396523849,2.75757717342841e-10,1.25206298660162,-0.359059721694857,1,0.734595949346664,0.31844962900436,0.844129691247997,0.544999999897682,0.0931858430222673,-1.35770601985969,-0.142859707756639,15.7821884851551,0.0048151
8.58,1.28262143907337,-0.347128642420152,0.999999999967069,0.774517893333836,0.950602127259732,0.00390441700914309,2.38923181921039e-10,1.26594529940068,-0.346044827384641,1,0.771763471505498,0.316406264409494,0.856466591995587,0.544999999912071,0.0938183961388715,-1.30667481010375,-0.157008193767899,15.6801992786625,0.0048544
8.6,1.29592346970408,-0.333500403757281,0.999999999971531,0.812120144969068,0.953886826151452,0.00403717751367897,2.07268609624337e-10,1.27937841306819,-0.332472989138802,1,0.809344861157086,0.314169586773493,0.868453342024591,0.544999999925684,0.0944006199247184,-1.25510235104675,-0.170622604308581,15.5788304831074,0.0047566
8.62,1.30874248115715,-0.319329744602004,0.999999999975409,0.850120606693393,0.957056393684701,0.00417051187453299,1.80514863738994e-10,1.29233273630265,-0.3183560728133,1,0.84732668540914,0.311740241513532,0.880057297135856,0.54499999993882,0.0949306575887673,-1.20300737290691,-0.1836809931742,15.4781304363785,0.0047534
8.64,1.32104914089268,-0.304630762352883,0.999999999978799,0.888504863173863,0.960104362310033,0.00430413374322994,1.58490206085775e-10,1.30477887589953,-0.303707890319369,1,0.885694627437572,0.309119611439787,0.891245833831608,0.54499999995122,0.0954067686078285,-1.15040978407844,-0.196161938946894,15.3781493376613,0.0047674
8.66,1.33281448535649,-0.289419525915085,0.999999999981793,0.927257628516898,0.963024363476484,0.00443774540484262,1.40929462115696e-10,1.31668778559658,-0.288544221790692,1,0.924433493345815,0.306309839515244,0.901986546364245,0.544999999962098,0.0958273410281553,-1.09733065938585,-0.208044623487627,15.2789389455192,0.0047907
8.68,1.34401007481489,-0.273714083162093,0.999999999984475,0.966362758333597,0.965810155681162,0.00457103974946898,1.27284696798074e-10,1.3280309201651,-0.272882824849343,1,0.963527223513609,0.303313836239085,0.912247469211767,0.544999999970716,0.0961909017356744,-1.04379222224286,-0.219308910990647,15.1805522459068,0.0046844
8.7,1.35460815200843,-0.257534454505846,0.999999999986916,1.00580326630982,0.968455652698124,0.00470370362393526,1.16742480809012e-10,1.33878039350886,-0.2567434301055,1,1.00295890858121,0.300135277609068,0.921997319809593,0.544999999977163,0.0964961267667721,-0.989817820536896,-0.229935427061234,15.0830430818615,0.0046744
8.72,1.3645818032014,-0.240902611854095,0.999999999989168,1.04556134528717,0.970954951693309,0.00483542321522437,1.08521288193447e-10,1.34890913939556,-0.240147722154384,1,1.04271081017668,0.296778447357164,0.931206075635852,0.544999999986204,0.09674181808763,-0.935431896114671,-0.239905637246147,14.9864657661671,0.0046078
8.74,1.37390511992718,-0.223842442377005,0.999999999991289,1.08561839214098,0.973302355411668,0.00496590610458364,1.03554594470484e-10,1.35839107332277,-0.223119305484539,1,1.08276438645155,0.293248546840315,0.939844707056608,0.544999999998741,0.0969270009128167,-0.880659947805423,-0.24920192442024,14.8908746599747,0.004503
8.76,1.38255335987798,-0.206379696702619,0.999999999993356,1.12595503770198,0.975492407090517,0.00509488308710423,1.0310148136789e-10,1.36720125391497,-0.205683654883087,1,1.12310032244457,0.289558858137983,0.947867336319387,0.544999999931186,0.0970526763136908,-0.825528487987517,-0.257807664413183,14.7963233441727,0.0052373
8.78,1.39050311353215,-0.188541921920861,0.99999999999517,1.16655122090599,0.977520194610465,0.00522131067825452,7.83284444127515e-11,1.37531604216453,-0.187868050113632,1,1.16369856524433,0.285704798202602,0.955273875693812,0.54499999994694,0.0971142282879909,-0.770064992652576,-0.265707299257113,14.7028653858424,0.0051749
8.8,1.39773245469187,-0.170358377828009,0.999999999996546,1.20738617628955,0.979380639954578,0.00534529022932472,5.92266753573556e-11,1.38271325677082,-0.169701494848153,1,1.20453836387083,0.281698945491045,0.96202769911618,0.544999999959326,0.0971142533473335,-0.714297844933178,-0.272886407431174,14.6105521512643,0.0052557
8.82,1.40422108246265,-0.151859937734724,0.999999999997584,1.24843846089759,0.981069199034461,0.00546648618445601,4.45839172402221e-11,1.38937232380033,-0.151214620052009,1,1.24559831374354,0.277549695914585,0.968105328803999,0.544999999969117,0.0970519957032409,-0.658256273023123,-0.279331770429267,14.5194335130096,0.0056405
8.84,1.40995046769355,-0.133078974845784,0.999999999998364,1.28968605646241,0.982581680641406,0.00558454929791676,3.34661261080577e-11,1.39527441888995,-0.132439572246863,1,1.28685640555039,0.273266186373828,0.973485123623888,0.544999999976722,0.0969273999264004,-0.601970282173557,-0.285031435079992,14.4295570897289,0.0052813
8.86,1.41490398490652,-0.114049233912341,0.99999999999895,1.3311064072606,0.983914272223845,0.0056991259504699,2.50858785010929e-11,1.40040260024669,-0.113409887305356,1,1.32829007827973,0.268858189946562,0.978147626245816,0.544999999982479,0.0967406858032421,-0.545470581150852,-0.289974771022054,14.3409677971196,0.0055872
8.88,1.41906703319187,-0.0948056893930806,0.999999999999388,1.37267647482782,0.985063561642733,0.00580986193069583,1.87783551086138e-11,1.4047419307609,-0.0941603506587165,1,1.36987627612545,0.264336126163082,0.982075422830124,0.544999999986589,0.0964923209517515,-0.48878850363204,-0.294152522772622,14.2537074140966,0.0051674
8.9,1.42242714454727,-0.0753843912419364,0.999999999999716,1.41437279850709,0.986026559117757,0.00591639127774654,1.3950217219124e-11,1.40827958764719,-0.074726845018915,1,1.41159150892647,0.259710864584525,0.985253867092342,0.544999999989228,0.0961829357895197,-0.431955925011366,-0.297556855870546,14.1678141719171,0.0051677
8.92,1.42497407809452,-0.0558222996480838,0.999999999999956,1.45617155888028,0.986800711315033,0.00601834973709157,1.00723947115766e-11,1.41100495815612,-0.0551461869252812,1,1.45341191575583,0.2549936571382,0.987671525830553,0.544999999991302,0.0958133258514752,-0.375005175149491,-0.300181396625393,14.0833223694068,0.0057302
8.94,1.42669989851149,-0.0361571102625132,1.00000000000013,1.49804864209162,0.987383913613084,0.00611540340318292,6.9410684022187e-12,1.4129097200593,-0.0354559536164152,1,1.49531333123281,0.25019620072377,0.989319803056023,0.544999999993196,0.0953845163357029,-0.31796894766488,-0.302021265060339,14.0002620274903,0.0051618
8.96,1.4275990376657,-0.0164270716282968,1.00000000000024,1.53997970641303,0.98777452566484,0.00620725700803155,4.49154337495938e-12,1.41398790579787,-0.015694301896952,1,1.53727135409449,0.245330635011376,0.990192381622347,0.544999999994909,0.0948977849616929,-0.260880206421963,-0.30307310070224,13.9186585922937,0.0051285
