Time,X,Y,Z,Psi,Vx_B,Vy_B,Vz_B,Ref_X,Ref_Y,Ref_Z,Ref_Psi,Ux,Uy,Uz,Upsi,Int_X,Int_Y,Cost,CalcTime
0,3,0,0.5,1.5707963267949,1.4,8.57252759403147e-17,0.2,3,0,0.5,1.5707963267949,0.350761188161175,0.708972482276004,0.544999999645834,0.0475652952307763,0,0,0.0184719162459988,0.0059818
0.02,2.99970225029908,0.0279982188679144,0.503999999998725,1.59180208289098,1.40003417142071,0.000366958850084878,0.1999999998725,2.99970601080434,0.0279979420453784,0.504,1.5917963267949,0.359413574505185,0.708424169350221,0.545000000067559,0.0471437299803615,0.11999602991986,0.000559983203955391,0.0181272077251649,0.0045763
0.04,2.99880929597024,0.0559879870955067,0.507999999996418,1.61280956028492,1.40041966835501,0.000701271338566751,0.199999999896821,2.99882411268122,0.0559869721518592,0.507999999999999,1.61279110337189,0.368126577702869,0.707710779476419,0.545000000078678,0.0468472898342588,0.239968243927489,0.0022397448672322,0.0177885502015996,0.0045602
0.06,2.9973217402676,0.0839636921793576,0.511999999994638,1.63380347057405,1.401154807811,0.00101028205003545,0.199999999925145,2.99735447829323,0.083961603929477,0.511999999999999,1.63377039979058,0.376887696399457,0.706836230784195,0.545000000074855,0.0465535071250294,0.359892845542881,0.00503883469092548,0.0174564356286822,0.0045699
0.08,2.99524029351891,0.111919730039769,0.51599999999341,1.65477263667158,1.40223749786259,0.00129578552674357,0.199999999952093,2.99529739551699,0.111916353852798,0.515999999999998,1.65472401575425,0.38568425468698,0.70580268566014,0.545000000063562,0.0462433589631113,0.479746064564256,0.0089565780357907,0.0171316551698699,0.0042545
0.1,2.99256577182249,0.13985050684629,0.519999999992681,1.67570664883746,1.40366518162913,0.00155868566722389,0.199999999974976,2.99265326738393,0.139845742332148,0.519999999999998,1.67564184502063,0.394503601351363,0.704612399492971,0.545000000049626,0.0459146934300542,0.599504161320125,0.0139920762999892,0.0168149330020335,0.0046345
0.12,2.98929909662381,0.167750440203225,0.523999999992359,1.69659535025403,1.40543483553243,0.00179975328677737,0.199999999992841,2.98942261199887,0.167744294784359,0.523999999999998,1.69651391216224,0.403333186163899,0.703268010046515,0.545000000036172,0.0455681508044291,0.719143430890877,0.0201442073535112,0.0165069577644383,0.0043666
0.14,2.98544129442707,0.195613960217014,0.527999999992346,1.71742878200519,1.40754297816914,0.00201974868041719,0.200000000005863,2.98560606243632,0.195606542702782,0.527999999999997,1.71733040815234,0.412160610744008,0.701772569592341,0.54500000002491,0.0452048581318456,0.838640207316808,0.0274116260170832,0.0162083781316135,0.0041917
0.16,2.98099349652001,0.223435510529546,0.531999999992553,1.7381972017516,1.40998568228854,0.00221944036708198,0.20000000001483,2.98120436661456,0.223427024726365,0.531999999999997,1.73808172447656,0.420973673404555,0.700129530654752,0.545000000016032,0.044826044706571,0.957970867794979,0.0357927645829977,0.0159197916981981,0.0044492
0.18,2.97595693869345,0.251209549330876,0.535999999992907,1.75889111293695,1.41275858852562,0.00239960663958142,0.200000000020602,2.97621838714747,0.251200287707546,0.535999999999996,1.75875848549459,0.429760318706567,0.698341140373445,0.544999999981798,0.0444328533417687,1.07711183686497,0.0452858333768476,0.0156417354036647,0.0043844
0.2,2.97033296161196,0.27893055044643,0.539999999993254,1.77950129148149,1.41585691622566,0.00256097154150705,0.200000000014049,2.97064910117408,0.278920887778751,0.539999999999996,1.77935157880374,0.438509130368941,0.69641617546579,0.545000000010742,0.0440269769241576,1.19603959059205,0.0558888213606238,0.0153747139271184,0.0042379
0.22,2.96412300926234,0.306593004145649,0.543999999993573,1.80001881995339,1.41927549565443,0.00270445208116124,0.200000000017916,2.9644976001659,0.306583391417259,0.543999999999995,1.79985218338769,0.447208492078231,0.694354957255844,0.545000000009043,0.0436091649871999,1.31473066074825,0.0675994967768059,0.0151190562541252,0.0040843
0.24,2.95732862849799,0.334191418062785,0.547999999993964,1.82043510965402,1.42300876493435,0.00283079137627145,0.200000000021171,2.95776508971204,0.334182376508231,0.547999999999995,1.8202517953672,0.455847420893989,0.69216305099766,0.544999999130123,0.0431809113631742,1.43316163891177,0.0804154078211486,0.0148751047900125,0.0041381
0.26,2.94995147015749,0.361720318357208,0.551999999991256,1.84074191699044,1.42705079870933,0.00294077352398941,0.199999999708016,2.95045288928207,0.361712433405654,0.551999999999995,1.84054225120527,0.464415306619313,0.68984615751591,0.544999999423025,0.0427435079802678,1.55130918061779,0.0943338833623972,0.0146431175594111,0.0044283
0.28,2.94199328817462,0.389174250561453,0.555999999983339,1.8609313694154,1.43139532798199,0.00303520695637318,0.199999999500305,2.94256243196681,0.38916816599101,0.555999999999994,1.86071574825531,0.472901888843456,0.687409389535996,0.544999999638568,0.0422981341600155,1.66915000949972,0.109352033700374,0.0144232558587414,0.0039427
0.3,2.9334559390861,0.416547780464393,0.559999999972044,1.88099598228587,1.4360357581663,0.00311488791640863,0.199999999370189,2.93409526419686,0.416544192729425,0.559999999999994,1.88076486257752,0.481297343555759,0.68485826414213,0.544999999795229,0.0418459946948197,1.78666092140089,0.125466751358207,0.0142156133817788,0.0038466
0.32,2.9243413817923,0.443835495028904,0.563999999958711,1.90092867232508,1.44096519001041,0.00318060800865089,0.199999999296472,2.92505304543913,0.443835147723098,0.563999999999993,1.90068256398462,0.489592298012965,0.682198636467611,0.545000000817374,0.0413882677954507,1.90381878847446,0.142674711911073,0.0140202154513132,0.004181
0.34,2.91465167716376,0.471032003262595,0.567999999947583,1.92072276976164,1.44617644090226,0.0032331582366278,0.199999999590726,2.91543754787125,0.471035681761782,0.567999999999993,1.9204622283124,0.497777803425144,0.679435883971463,0.545000000585877,0.0409260341440221,2.02060056327053,0.160972374850749,0.0138370094017615,0.004137
0.36,2.90438898782601,0.49813193713043,0.571999999941506,1.94037202666657,1.45166206452482,0.00327330182047123,0.199999999801642,2.90525065603401,0.498140463370114,0.571999999999992,1.94009764694343,0.505845409743009,0.676575841288758,0.545000000389392,0.0404603902696305,2.13698328280905,0.180355984485193,0.013665893207486,0.0039669
0.38,2.89355557804201,0.525129952503686,0.575999999938941,1.95987062281119,1.4574143730697,0.00330178746503591,0.199999999941824,2.89449436646183,0.525144179851563,0.575999999999992,1.95958303364217,0.513787167124653,0.673626106802114,0.54500000029879,0.0399924747098748,2.2529440726486,0.200821570876041,0.0135067035120442,0.0039933
0.4,2.88215381278729,0.552020729810833,0.579999999938853,1.97921317219911,1.46342545995968,0.00331941380546565,0.200000000049388,2.88317078729135,0.552041538328798,0.579999999999992,1.97891302878742,0.521595531812192,0.670590910695918,0.545000000199266,0.0395230811247024,2.36846015093778,0.222364950809651,0.0133592089932152,0.0041766
0.42,2.87018615751174,0.578798974919801,0.583999999940558,1.99839472244193,1.46968721768173,0.00332688679839419,0.200000000121124,2.87128213784819,0.57882726678026,0.583999999999991,1.99808270111175,0.52926349716988,0.667477016040268,0.545000000125441,0.0390532467304672,2.48350883243009,0.244981728793678,0.0132231465143794,0.0049224
0.44,2.85765517824266,0.605459420155455,0.587999999943432,2.01741075226099,1.4761913603027,0.0033249257694517,0.200000000166282,2.85883074821197,0.605496115072722,0.587999999999991,2.01708754707864,0.536784520554073,0.664290515515925,0.545000000070905,0.0385838250075076,2.59806753251147,0.268667298097502,0.0130982041663501,0.0046711
0.46,2.84456354095806,0.631996825033965,0.591999999947013,2.03625717034019,1.48292944344958,0.00331423071061098,0.200000000191808,2.84581905875966,0.632042855989635,0.59199999999999,2.0359234880453,0.544152533834688,0.661037472154269,0.545000000030478,0.0381156284639605,2.71211377120922,0.29341684182456,0.0129840320955377,0.0043846
0.48,2.83091401121493,0.658405977089309,0.595999999950959,2.05493030959105,1.48989288413224,0.00329548155675572,0.200000000202781,2.8322496196873,0.658462286255049,0.59599999999999,2.05458686537246,0.551361936471769,0.657723896229648,0.545000000000087,0.0376494160686918,2.82562517718261,0.319225334016547,0.0128802478103788,0.0042064
0.5,2.8167094537693,0.684681692693535,0.599999999955015,2.07342691996248,1.49707298002357,0.00326933705343447,0.200000000202812,2.81812509051027,0.684749227552902,0.599999999999989,2.07307443365334,0.558407584453906,0.654355719413791,0.544999999826276,0.0371858911735682,2.9385794916984,0.346087540790557,0.0127864412458422,0.0042189
0.52,2.80195283218921,0.710818817871555,0.603999999958446,2.09174415962788,1.50446092804275,0.00323643353295113,0.200000000140271,2.80344823954211,0.710898527541471,0.603999999999989,2.09138335224035,0.565284786449517,0.650938790554723,0.544999999830647,0.0367257035121236,3.05095457259117,0.373998021508913,0.0127021798248818,0.0045026
0.54,2.78664720845475,0.736812229110543,0.607999999960642,2.10987958470408,1.51204784255136,0.00319738446438052,0.200000000079304,2.78822194335203,0.736905060862783,0.607999999999988,2.10951117525229,0.571989280753338,0.647478834640375,0.544999999833683,0.0362694474371275,3.16272839820781,0.402951129981493,0.0126270129593864,0.0046182
0.56,2.77079574254777,0.762656834164796,0.611999999961629,2.12783113764512,1.51982477241007,0.00315277921032961,0.20000000001943,2.77244918620122,0.762763730146783,0.611999999999988,2.12745584024551,0.578517227623743,0.643981451706928,0.5449999998352,0.0358176658607967,3.27387907133582,0.432941015700327,0.0125604766581891,0.0045115
0.58,2.75440169203451,0.788347572856864,0.615999999961425,2.14559713448529,1.52778271752893,0.00310318259696947,0.199999999960103,2.75613305945801,0.788469467010058,0.615999999999988,2.14521565573098,0.584865192400631,0.640452099025037,0.544999999835093,0.0353708510396101,3.38438482311506,0.463961625106317,0.0125020977119687,0.0045133
0.6,2.73746841163504,0.813879417874843,0.619999999960033,2.16317625113954,1.53591264456399,0.00304913445913259,0.199999999900736,2.73927676099212,0.814017233048909,0.619999999999987,2.16278928771525,0.591030129226278,0.636896078800407,0.544999999833378,0.0349294466718942,3.4942240169326,0.496006702887925,0.0124513976386218,0.0046331
0.62,2.71999935278073,0.83924737556637,0.623999999957448,2.18056750891222,1.54420550180109,0.00299114933809306,0.199999999840752,2.72188359454793,0.839402020826588,0.623999999999987,2.18017574543719,0.597009364044406,0.633318527699936,0.544999999830197,0.0344938500940148,3.6033751523,0.529069793311686,0.0124078963494542,0.0038749
0.64,2.70199806315908,0.864446486729661,0.627999999953652,2.19777025938042,1.55265223321494,0.00292971632073494,0.199999999779623,2.70395696909705,0.864618854854493,0.627999999999986,2.19737436646506,0.602800577082825,0.629724408138965,0.544999999825898,0.0340644145984092,3.71181686871275,0.563144241584416,0.0123711155310011,0.0035441
0.66,2.68346818624505,0.889471827401845,0.631999999948617,2.21478416880673,1.56124379169925,0.00286529901142315,0.199999999716946,2.68550039817025,0.889662792567121,0.631999999999986,2.21438480130929,0.608401784504793,0.626118500697217,0.544999999793434,0.0336414517889173,3.81952794949117,0.598223195247016,0.0123405817326789,0.0036414
0.68,2.66441346081874,0.914318509644821,0.635999999942213,2.23160920222489,1.56997115144989,0.00279833560661286,0.199999999642582,2.66651749916888,0.914528925290595,0.635999999999985,2.23120699769659,0.613811321192082,0.622505399585249,0.54499999973424,0.0332252341657891,3.92648732560232,0.63429960559975,0.0123158291881528,0.0036869
0.7,2.64483772046855,0.938981682328795,0.639999999934108,2.24824560733409,1.57882531956085,0.00272923912164611,0.199999999546909,2.64701199265591,0.939212379204571,0.639999999999985,2.24784118464014,0.619027820991965,0.618889506691688,0.54499999965678,0.0328159973108654,4.0326740794623,0.671366229158911,0.0122964023451901,0.0036662
0.72,2.62474489307966,0.963456531913636,0.64399999992381,2.26469389832053,1.5877973467448,0.00265839764471582,0.199999999423349,2.62698770162676,0.963708316297325,0.643999999999984,2.26428785642941,0.624050202352739,0.615275033628984,0.544999999583168,0.0324139430919114,4.1380674487184,0.709415629144794,0.0122818581065727,0.0034601
0.74,2.60413900030614,0.987738283227982,0.647999999910777,2.28095483972759,1.59687833740662,0.0025861748696401,0.19999999927329,2.60644855076,0.988011935313841,0.647999999999984,2.28054775665186,0.628877648745093,0.611665996761363,0.544999999526361,0.0320192413367828,4.24264683001049,0.748440177000868,0.0122717678396998,0.0036597
0.76,2.58302415702524,1.01182220024629,0.651999999894537,2.29702943047241,1.60605945887258,0.00251291055182637,0.19999999910278,2.58539856564821,1.0121184726967,0.651999999999984,2.29662186234701,0.633509590603528,0.608066216744308,0.544999999485188,0.0316320323906469,4.34639178271093,0.788432053944073,0.012265719109437,0.0038548
0.78,2.5614045707755,1.03570358686398,0.65599999987474,2.31291888808459,1.61533194984534,0.00243892104028712,0.199999998917448,2.56384187200887,1.03602320351962,0.655999999999983,2.31251136838215,0.637945689464869,0.604479320446768,0.544999999466897,0.0312524296355448,4.44928203264226,0.829383252546166,0.0122633171619167,0.0036713
0.8,2.5392845411778,1.05937778767043,0.65999999985117,2.32862463325329,1.62468712818249,0.0023644999184984,0.19999999872553,2.54178269487582,1.05972144241339,0.659999999999983,2.32821767212788,0.642186176197829,0.600908903114071,0.545000001778625,0.0308805469574261,4.5512974757722,0.871285578346024,0.0122641864532573,0.0035733
0.82,2.51666845919218,1.08284018877559,0.663999999832083,2.34414827529546,1.63411641214805,0.00228992441050621,0.199999999365835,2.5192253577711,1.08320854448406,0.663999999999982,2.34374235850079,0.646230473652931,0.597357886037752,0.545000001262142,0.0305163826865443,4.65241818188306,0.914130651493576,0.0122679746320968,0.0035799
0.84,2.49356080663471,1.10608621853561,0.667999999823944,2.35949159653558,1.64361128655765,0.0022154374785474,0.199999999820207,2.49617428185752,1.10647990622331,0.667999999999982,2.35908718543073,0.650079139133427,0.593829489086918,0.5450000008741,0.0301600382085851,4.75262439821292,0.957909908426153,0.0122743437883253,0.0035243
0.86,2.46996615569008,1.12911134826541,0.671999999823495,2.37465653798469,1.65316334665695,0.00214126934217954,0.200000000134883,2.47263398507209,1.12953096641052,0.671999999999981,2.37425406980025,0.653731988414484,0.590326413973488,0.544999997394759,0.0298114967651146,4.85189655308286,1.00261460357168,0.0122829800136063,0.0034668
0.88,2.44588916835535,1.15191109292806,0.675999999816813,2.38964518598558,1.6627642669671,0.00206762379449872,0.199999999196996,2.44860908124047,1.15235720700676,0.675999999999981,2.38924507389494,0.657191359582816,0.586851869626187,0.545000001477297,0.0294708891017001,4.95021525949832,1.04823581108187,0.0122935852138715,0.0038417
0.9,2.42133459534054,1.17448101211195,0.679999999806072,2.40445976084277,1.67240590049379,0.00199470450256612,0.199999999728823,2.42410427917261,1.17495415404015,0.679999999999981,2.40406239239529,0.66045628940217,0.583407883201095,0.54500000102745,0.0291380355127714,5.04756131872549,1.09476442659473,0.0123059013301627,0.0042302
0.92,2.39630727535927,1.19681671079723,0.683999999804347,2.41910260293063,1.68208014503997,0.00192267571255429,0.200000000098705,2.39912438173978,1.19731737848275,0.68399999999998,2.41870833993289,0.663528180287466,0.579996976590069,0.545000000691484,0.0288130180303148,5.14391572381715,1.14219116903923,0.0123196749500049,0.0039627
0.94,2.37081213484812,1.21891383989993,0.68799999980881,2.43357615929599,1.69177903642649,0.00185169371049153,0.200000000347639,2.37367428493315,1.21944249711846,0.68799999999998,2.43318533922702,0.66640800873633,0.576621347642661,0.545000000442762,0.0284957897723419,5.23925966313283,1.19050658245906,0.0123346802701755,0.0038786
0.96,2.34485418703123,1.24076809712403,0.691999999817357,2.44788297420405,1.70149472983462,0.00178189749813976,0.200000000507034,2.34775897690408,1.2413251734021,0.691999999999979,2.44749590981159,0.669096860007847,0.573283038319759,0.545000000260619,0.0281863062781464,5.33357452382777,1.23970103786782,0.012350713249798,0.0039498
0.98,2.3184385311713,1.26237522770951,0.695999999828436,2.46202567795803,1.7112195025886,0.00171341034859987,0.200000000600857,2.32138353698644,1.2629611183093,0.695999999999979,2.46164265735679,0.671595918185799,0.56998394109552,0.545000000129066,0.0278845158894398,5.42684189530945,1.2897647351355,0.0123675912839731,0.0043422
1,2.29157035180057,1.28373102517678,0.699999999840918,2.47600697667836,1.72094575655493,0.00164634076826679,0.200000000647321,2.29455313470092,1.284346091177,0.699999999999978,2.47562826358506,0.673906456919601,0.566725805241112,0.545000000035761,0.0275903590954008,5.51904357266385,1.34068770490482,0.0123851527487099,0.0043845
1.02,2.26425491793169,1.30483133206742,0.703999999853993,2.48982964273642,1.73066602018266,0.00158078335038277,0.200000000660194,2.26727302874177,1.30547590053459,0.703999999999978,2.48945547677657,0.67602983084023,0.563510243140706,0.544999999971189,0.0273037693265761,5.61016156005052,1.39245981053727,0.0124032564422433,0.0041493
1.04,2.23649758224829,1.32567204068073,0.707999999867093,2.50349650578383,1.74037295021242,0.00151681959929045,0.200000000649822,2.239548565946,1.3263464049253,0.707999999999977,2.50312710285613,0.67796746763192,0.560338736625723,0.544999999928054,0.0270246739086896,5.70017807406566,1.44507075008871,0.0124217809361937,0.0040045
1.06,2.20830378027523,1.34624909380615,0.711999999879831,2.51701044435773,1.75005933308155,0.00145451873573568,0.200000000623922,2.21138518024533,1.34695351371791,0.711999999999977,2.51664599704988,0.679720860727841,0.557212643292001,0.544999999900767,0.0267529949717354,5.78907554707244,1.49851005831434,0.0124406238480631,0.0041579
1.08,2.17967902952835,1.3665584854511,0.715999999891952,2.53037437804642,1.75971808605129,0.00139393848272979,0.200000000588198,2.18278839160105,1.36729318790837,0.715999999999977,2.53001505609802,0.681291562607427,0.554133202766729,0.544999999885058,0.0264886502861677,5.87683663049772,1.55276710870287,0.0124597010460328,0.0041374
1.1,2.15062892864392,1.38659626156406,0.719999999903302,2.54359126019907,1.76934225808099,0.00133512583009371,0.200000000546818,2.15376380492204,1.3873614409114,0.719999999999976,2.54323721100722,0.682681178665774,0.55110154289478,0.544999999877686,0.0262315540255256,5.96344419809432,1.60783111553974,0.01247894579665,0.0040347
1.12,2.12115915648754,1.40635852075269,0.723999999913798,2.55666407116125,1.77892503047252,0.00127811777586099,0.200000000502785,2.12431710896611,1.40715433934174,0.723999999999976,2.55631542032501,0.683891361623427,0.548118685818629,0.544999999876203,0.0259816174595789,6.04888134916813,1.66369113599912,0.0124983078655178,0.0040486
1.14,2.09127547124268,1.42584141499658,0.727999999923408,2.56959581201721,1.78845971730719,0.00122294204302116,0.200000000458218,2.09445407522493,1.42666800378505,0.727999999999975,2.56925266391695,0.684923806447578,0.54518555392998,0.544999999878775,0.0257387495828833,6.13313141176905,1.72033607226454,0.0125177525803975,0.0040241
1.16,2.06098370947881,1.44504115035455,0.731999999932136,2.58238949881838,1.79793976569561,0.00116961777039671,0.200000000414577,2.06418055679273,1.44589860955817,0.731999999999975,2.58205193722637,0.685780245754393,0.542302975674965,0.544999999884033,0.025502857683459,6.21617794584523,1.77775467367798,0.0125372598658924,0.0041297
1.18,2.0302897851992,1.46395398766607,0.73599999994001,2.59504815727728,1.80735875586004,0.00111815617673918,0.200000000372829,2.03350248721902,1.46484238745869,0.735999999999974,2.59471624599585,0.686462445662655,0.539471691197858,0.544999999890968,0.0252738478561306,6.29800474635944,1.83593553891703,0.0125568232581229,0.0040867
1.2,1.99919968886852,1.48257624324664,0.739999999947074,2.60757481790516,1.81671040106708,0.00106856119738642,0.200000000333578,2.00242587934555,1.48349562450362,0.739999999999974,2.60724860142901,0.686972202069561,0.536692357811403,0.544999999898845,0.0250516254649169,6.3785958463671,1.89486711820008,0.0125764489073556,0.0041194
1.22,1.96771948642019,1.50090428957678,0.743999999953382,2.61997251157201,1.82598854742764,0.00102083009306143,0.200000000297162,1.97095682412768,1.50185466465706,0.743999999999973,2.61965201577133,0.687311337319546,0.533965555284506,0.544999999907136,0.0248360955585846,6.45793552005495,1.95453771551915,0.012596154575923,0.003987
1.24,1.93585531824382,1.51893455598439,0.74799999995899,2.63224426546703,1.83518717357966,0.000974954030605236,0.20000000026373,1.93910148944052,1.5199159095467,0.747999999999973,2.63192949828824,0.68748169723972,0.531291790940357,0.544999999915471,0.0246271632432957,6.53600828573957,2.01493549090017,0.0126159686382812,0.0045036
1.26,1.9036133981526,1.53666352932014,0.751999999963961,2.64439309943827,1.84430039026792,0.000930918635618942,0.2000000002333,1.90686611886993,1.53767581916902,0.751999999999973,2.64408405161922,0.687485148514048,0.528671504560257,0.544999999923593,0.0244247340159655,6.61279890882508,2.07604846269041,0.0126359290894016,0.0045998
1.28,1.87100001233103,1.55408775462572,0.755999999968352,2.65642202269012,1.85332243983441,0.000888704517156611,0.200000000205794,1.8742570304887,1.55513091258307,0.755999999999972,2.65611866848696,0.68732357637135,0.526105073090314,0.544999999931336,0.0242287140618092,6.68829240471911,2.13786450987274,0.0126560825671431,0.0044865
1.3,1.83802151826302,1.5712038357945,0.75999999997222,2.66833403081805,1.86224769563118,0.000848287764756209,0.200000000181075,1.84128061561817,1.57227776859261,0.759999999999972,2.66803632874078,0.686998882562644,0.523592815149692,0.544999999938598,0.0240390105192234,6.76247404170626,2.20037137440658,0.0126764833937965,0.0044486
1.32,1.80468434364054,1.58800843622449,0.763999999975621,2.68013210316022,1.87107066136714,0.000809640418216408,0.20000000015897,1.80794333757544,1.58911302641666,0.763999999999971,2.67983999671438,0.686512983604714,0.521134995340662,0.544999999945322,0.0238555317150022,6.83532934377829,2.26355666359498,0.0126971926412768,0.0043616
1.34,1.77099498525308,1.60449827946315,0.767999999978603,2.69181920044653,1.87978597039887,0.000772730910636676,0.200000000139286,1.77425173040652,1.60563338634804,0.767999999999971,2.69153261887837,0.685867809267995,0.51873182836189,0.544999999951487,0.0236781873726135,6.90684409342035,2.32740785247778,0.0127182772240933,0.0045654
1.36,1.73696000785808,1.62067014984389,0.771999999981214,2.70339826272599,1.88838838497489,0.000737524485330073,0.200000000121822,1.74021239760558,1.62183561040013,0.77199999999997,2.70311712176879,0.685065301288154,0.516383482927285,0.544999999957094,0.0235068887960652,6.97700433435232,2.39191228625033,0.0127398090235173,0.004287
1.38,1.70258604303257,1.63652089311385,0.775999999983496,2.71487220755437,1.89687279544186,0.000703983587288115,0.200000000106375,1.7058320108206,1.63771652294137,0.77599999999997,2.71459641017354,0.684107412282005,0.51409008549398,0.544999999962156,0.0233415490317225,7.04579637422463,2.4570571827075,0.0127618640460461,0.0044903
1.4,1.6678797880062,1.65204741705282,0.779999999985488,2.72624392842452,1.90523421942049,0.00067206822994951,0.200000000092751,1.67111730854574,1.65327301131766,0.779999999999969,2.72597336555934,0.682996104849473,0.511851723803249,0.544999999966704,0.0231820830101926,7.11320678726775,2.52282963471267,0.0127845216187258,0.004227
1.42,1.63284800447605,1.66724669208286,0.783999999987223,2.73751629342275,1.91346780095812,0.000641736338063835,0.200000000080765,1.63607509480046,1.66850202646231,0.783999999999969,2.73725084472276,0.681733350844856,0.509668450239246,0.544999999970771,0.0230284076702651,7.17922241689469,2.58921661269121,0.0128078636233543,0.0042767
1.44,1.59749751740328,1.68211575186845,0.787999999988733,2.74869214409535,1.92156880966429,0.000612944067489872,0.200000000070242,1.60071223779593,1.68340058349364,0.787999999999969,2.74843167864942,0.680321130801377,0.507540285010626,0.54499999997439,0.0228804420667056,7.24383037825564,2.65620496714828,0.0128319737713191,0.0042831
1.46,1.5618352137921,1.69665169390683,0.791999999990045,2.75977429451012,1.92953263983496,0.00058564610279371,0.200000000061023,1.56503566858882,1.69796576229992,0.791999999999968,2.75951867156647,0.678761433494564,0.50546721916055,0.544999999977603,0.0227381074635518,7.30701806074421,2.72378143121028,0.0128569369202967,0.0042409
1.48,1.52586804145117,1.71085168010825,0.795999999991185,2.77076553049868,1.93735480957068,0.000559795933532373,0.20000000005296,1.52905237972278,1.71219470811164,0.795999999999968,2.77051460017416,0.677056255630693,0.503449217410945,0.544999999980444,0.0226013274144099,7.36877313045444,2.79193262318986,0.0128828384336923,0.0042835
1.5,1.48960300773784,1.72471293736592,0.799999999992174,2.78166860906582,1.9450309598929,0.000535346110123846,0.20000000004592,1.49276942385784,1.72608463206097,0.799999999999967,2.78142221304299,0.675207601647894,0.501486220847013,0.544999999982952,0.0224700278311418,7.42908353258787,2.86064504917386,0.0129097635834048,0.0043362
1.52,1.45304717828546,1.73823275811525,0.803999999993031,2.79248625795347,1.95255685386291,0.000512248480210577,0.200000000039783,1.45619391238805,1.73963281172832,0.803999999999967,2.79224423016394,0.673217483615095,0.499578149448101,0.544999999985154,0.0223441370421505,7.48793749381015,2.92990510563384,0.0129377969960771,0.0046141
1.54,1.41620767571421,1.7514085008823,0.807999999993773,2.80322117534684,1.95992837570664,0.000490454406423372,0.200000000034439,1.41933301404768,1.75283659167586,0.807999999999966,2.80298334263976,0.671087921225665,0.497724904470822,0.544999999987074,0.0222235858414152,7.54532352455632,2.99969908205878,0.0129670221427502,0.0044822
1.56,1.37909167832553,1.76423759082095,0.811999999994416,2.81387602971187,1.96714152994871,0.000469914966436378,0.200000000029785,1.38219395350602,1.76569338396794,0.811999999999966,2.81364221250624,0.66882094188396,0.495926370692418,0.544999999988754,0.0221083075296136,7.60123042128423,3.07001316360949,0.0129975208715724,0.0041859
1.58,1.34170641878076,1.77671752023877,0.815999999994971,2.82445345975308,1.97419244055917,0.000450581136252119,0.200000000025737,1.34478400995142,1.77820066867823,0.815999999999966,2.82422347267289,0.666418580837371,0.494182418517331,0.544999999990229,0.0219982379473784,7.65564726867541,3.14083343379426,0.0130293729831409,0.0042822
1.6,1.30405918276414,1.78884584911109,0.819999999995451,2.83495607448211,1.98107735011427,0.000432403957524745,0.20000000002222,1.30711051566448,1.79035599438356,0.819999999999965,2.8347297269734,0.663882881384957,0.492492905955662,0.544999999991522,0.0218933155025685,7.70856344178279,3.21214587716538,0.0130626558473049,0.0044259
1.62,1.26615730763065,1.80062020558328,0.823999999995864,2.84538645338765,1.98779261897385,0.000415334689827706,0.200000000019167,1.26918085458093,1.80215697864439,0.823999999999965,2.84516355031656,0.66121589514515,0.490857680478971,0.544999999992655,0.0217934811918354,7.75996860812462,3.28393638203585,0.0130974440606356,0.004228
1.64,1.22800818103887,1.81203828646074,0.827999999996221,2.85574714669812,1.99433472447754,0.00039932494870857,0.200000000016523,1.23100246084437,1.81360130847165,0.827999999999964,2.85552748892923,0.658419682373755,0.489276580759301,0.544999999993656,0.0216986786171953,7.80985272972401,3.35619074321611,0.0131338091432698,0.0045061
1.66,1.18961923956955,1.8230978576865,0.831999999996529,2.86604067572908,2.00070026016119,0.000384326830354601,0.200000000014239,1.19258281734913,1.82468674078003,0.831999999999964,2.86582406068344,0.655496312313564,0.487749438296012,0.544999999994529,0.0216088539980673,7.85820606509345,3.42889466476998,0.0131718192739323,0.0044762
1.68,1.15099796732984,1.83379675480625,0.835999999996794,2.87626953330793,2.00688593499465,0.000370293023632736,0.20000000001227,1.15392945427367,1.83541110282762,0.835999999999963,2.87605575550019,0.652447863599502,0.486276078938402,0.54499999999529,0.0215239561799215,7.90501917116391,3.50203376278954,0.01321153906142,0.0053111
1.7,1.112151894544,1.84413288342043,0.839999999997022,2.88643618426899,2.0128885726426,0.000357176910332235,0.200000000010574,1.1150499476046,1.84577229264163,0.839999999999963,2.88622503582321,0.649276424686715,0.484856324307322,0.544999999995951,0.0214439366393537,7.95028290515768,3.57559356818829,0.0132530293512136,0.0044082
1.72,1.0730885961306,1.85410421962323,0.843999999997219,2.8965430660125,2.01870511074903,0.000344932654317116,0.200000000009117,1.07595191765179,1.85576827943041,0.843999999999962,2.89633433715621,0.645984094310022,0.483489993121944,0.544999999996527,0.0213687494864503,7.99398842640467,3.64955952951219,0.0132963470654402,0.004634
1.74,1.03381569026686,1.86370881042833,0.847999999997389,2.90659258912165,2.02433260024647,0.000333515280317864,0.200000000007866,1.03664302755483,1.86539710398135,0.847999999999962,2.906386068658,0.642572981966907,0.482176902436534,0.544999999997028,0.0212983514647503,8.03612719810153,3.72391701576795,0.0133415450744428,0.0043649
1.76,0.994340836940434,1.8729447741811,0.851999999997536,2.9165871380322,2.02976820469031,0.000322880743053592,0.200000000006796,0.997130981781006,1.87465687904488,0.851999999999962,2.91638261378989,0.63904520842334,0.480916868792009,0.544999999997464,0.0212327019491782,8.07669098901305,3.79865131926814,0.013388672098245,0.0043792
1.78,0.954671736489024,1.8818103009571,0.855999999997662,2.92652907174957,2.03500919961905,0.000312985987347112,0.200000000005883,0.95742352461523,1.88354578970432,0.855999999999961,2.9263263310105,0.635402906239009,0.479709709286963,0.544999999997843,0.0211717629422916,8.1156718751154,3.8737476584924,0.0134377726359994,0.0043372
1.8,0.914816128128267,1.89030365294675,0.859999999997772,2.93642072460875,2.04005297194079,0.000303788999869067,0.200000000005107,0.917528438642184,1.89206209373154,0.859999999999961,2.93621955451331,0.63164822030555,0.478555242572349,0.544999999998172,0.0211154990690679,8.15306224118077,3.94919118096446,0.0134888869216969,0.0044653
1.82,0.874781788468305,1.8984231648258,0.863999999997868,2.94626440707292,2.0448970193463,0.000295248853113081,0.200000000004448,0.877453543220924,1.90020412192837,0.86399999999996,2.94606459500296,0.62778330840181,0.477453289774202,0.544999999998458,0.0210638775706057,8.18885478230279,4.02496696614415,0.0135420509041737,0.0042254
1.84,0.834576530019451,1.90616724411168,0.867999999997951,2.95606240656663,2.04953894974894,0.000287325742183665,0.200000000003893,0.837206692952293,1.90797027845375,0.86799999999996,2.95586374050615,0.623810341757252,0.476403675348129,0.544999999998707,0.0210168682968336,8.22304250536255,4.10106002833401,0.0135972962497229,0.0042959
1.86,0.794208199687368,1.91353437150539,0.871999999998024,2.9658169883401,2.05397648075159,0.000279981014941597,0.200000000003428,0.796795776139429,1.91535904113648,0.871999999999959,2.96561925721389,0.619731505627193,0.475406227869508,0.544999999998921,0.0209744436985508,8.25561873043444,4.17745531959983,0.0136546503653271,0.0043316
1.88,0.75368467725818,1.92052310121876,0.875999999998089,2.97553039636139,2.05820743914071,0.000273177196032116,0.200000000003039,0.756228713241665,1.92236896177345,0.875999999999959,2.97533339035169,0.615546272254536,0.474460673035623,0.544999988863764,0.0209365447634199,8.28657709213179,4.25413773270457,0.0137141381462581,0.0037937
1.9,0.713013874954292,1.92713206115538,0.879999999958059,2.98520485350184,2.06222965183103,0.000266875526502349,0.199999995993994,0.715513455322134,1.92899866641353,0.879999999999958,2.9850083650748,0.61126267409749,0.473567068582523,0.544999992931838,0.0209032442124468,8.31591154090598,4.33109210405337,0.0137757519559152,0.0038015
1.92,0.672203734664517,1.93335995337677,0.883999999852494,2.99484256387969,2.06604128662936,0.000261046162864411,0.199999993449456,0.674657982489372,1.93524685562678,0.883999999999958,2.9946463873859,0.606879822007394,0.472725148285276,0.544999995922585,0.0208744388076976,8.34361634431118,4.40830321664775,0.0138395296194381,0.0037625
1.94,0.63126222534092,1.93920555450362,0.887999999706804,3.00444571393802,2.06964049376836,0.000255653565075981,0.199999991981586,0.633670302333228,1.94111230475908,0.887999999999958,3.00424964507265,0.602399964499245,0.471934763581101,0.544999998092206,0.0208501300839832,8.36968608811518,4.48575580306308,0.0139054825029659,0.0037586
1.96,0.590197342689785,1.94466771581944,0.891999999539568,3.01401647201507,2.07302553096695,0.000250664682996113,0.19999999129478,0.592558448355399,1.94659386417217,0.891999999999957,3.013820308663,0.597825367547386,0.471195773484511,0.54499999963962,0.0208303063905185,8.39411567738418,4.56343454843191,0.0139736180344437,0.0037717
1.98,0.549017107611657,1.94974536352392,0.895999999364166,3.02355698984877,2.07619476308386,0.000246047910059979,0.199999991165044,0.551330478394873,1.95169045946891,0.895999999999957,3.02336053239624,0.593158314767114,0.470508044767144,0.545000000717969,0.0208149560770857,8.4169003375217,4.64132409343568,0.0140439398157904,0.0037164
2,0.507729564633636,1.95443749897084,0.899999999190052,3.03306940366424,2.07914666177594,0.000241772910205177,0.199999991423512,0.509994473048618,1.95640109170384,0.899999999999956,3.0328724552079,0.588401108028087,0.469871452325052,0.54500000144502,0.0208040696258147,8.43803561524505,4.71940903730609,0.0141164477478796,0.0038368
2.02,0.466342780334588,1.95874319889055,0.903999999023724,3.04255583520354,2.08187980518252,0.000237810582811462,0.19999999194372,0.4685585340878,1.96072483757892,0.903999999999956,3.04235820172688,0.583556068023548,0.469285879555124,0.545000001911059,0.0207976399818697,8.45751737949895,4.79767394083585,0.0141911381634818,0.0038787
2.04,0.424864841763723,1.96266161559666,0.907999998869478,3.05201839275472,2.08439287763442,0.000234133047336669,0.199999992631701,0.427030782869858,1.96466084962449,0.907999999999956,3.05181988328348,0.578625534852531,0.468751218700433,0.545000002185045,0.0207956625983423,8.47534182230591,4.87610332939784,0.0142680039665344,0.0038128
2.06,0.383303854853038,1.96619197717731,0.911999998729978,3.06145917218786,2.08668466938817,0.000230713629098414,0.199999993418317,0.385419358746741,1.96820835636532,0.911999999999956,3.06125959892665,0.573611868614483,0.468267371159274,0.545000002319427,0.0207981354358035,8.49150545955342,4.9546816959724,0.0143470347762847,0.0037465
2.08,0.34166794282406,1.96933358767047,0.915999998606694,3.07088025799858,2.08875407638553,0.000227526843485077,0.199999994253311,0.343732417469615,1.97136666247179,0.915999999999956,3.07067943644964,0.5685174500157,0.46783424775832,0.545000002353897,0.0208050589547182,8.50600513171733,5.03339350418182,0.0144282170754003,0.0038368
2.1,0.299965244589354,1.97208582722357,0.919999998500235,3.08028372435797,2.09060010003875,0.000224548378378414,0.199999995100714,0.301978129590364,1.97413514889617,0.919999999999956,3.08008147342267,0.563344680987008,0.467451768991401,0.545000002318317,0.0208164361068071,8.51883800452152,5.11222319133158,0.0145115343607619,0.003961
2.12,0.258203913149241,1.97444815223721,0.923999998410595,3.08967163616806,2.09222184704165,0.000221755074957481,0.199999995935308,0.260164678860179,1.97651327299388,0.923999999999956,3.08946777823184,0.558095985311882,0.467119865225168,0.545000002234988,0.0208322723262573,8.53000156953347,5.19115517145769,0.0145969672961356,0.0036625
2.14,0.216392113984161,1.97642009549295,0.927999998337347,3.09904605012193,2.09361852920681,0.000219124907093978,0.199999996739904,0.218300260625578,1.97850056862986,0.927999999999956,3.09884041112316,0.552773809264391,0.466838476872881,0.545000002120429,0.0208525755208825,8.53949364469566,5.27017383837939,0.014684493865637,0.003606
2.16,0.174538023443115,1.97800126626521,0.931999998279778,3.10840901576762,2.09478946332894,0.000216636959542738,0.199999997503258,0.176393080222135,1.9800966462699,0.931999999999956,3.1082014252512,0.547380622256135,0.466607554537445,0.545000001986735,0.0208773560632033,8.54731237479251,5.3492635687567,0.0147740895273551,0.003661
2.18,0.132649827128613,1.97919135041709,0.935999998236996,3.11776257657516,2.09573407107468,0.000214271405117491,0.199999998218483,0.134451351366267,1.98130119305695,0.935999999999956,3.11755286773137,0.541918917491671,0.466427059124574,0.54500000184266,0.0209066267813389,8.55345623185288,5.4284087251521,0.0148657273661606,0.0035973
2.2,0.0907357182785435,1.97999011048025,0.939999998208,3.12710877100591,2.09645187889883,0.000212009481024981,0.19999999888184,0.0924832945453713,1.98211397287241,0.939999999999956,3.1268967806953,0.536391212631871,0.466296961926881,0.545000001694412,0.0209404029496274,8.55792401548782,5.50759365909571,0.0149593782452031,0.0034792
2.22,0.0488038961453873,1.98039738571878,0.943999998191736,3.13644963358383,2.09694251798709,0.000209833464517202,0.199999999491828,0.0504971354066365,1.98253482638244,0.943999999999956,3.13623520234865,0.530800050464841,0.466217244679574,0.545000001546313,0.020978702278859,8.56071485316361,5.58680271415339,0.0150550109553659,0.0034294
2.24,0.00686256437318791,1.98041309217695,0.947999998187139,3.14578719596781,2.09720572422552,0.000207726648010163,0.200000000048501,0.00850110314484662,1.98256367106909,0.947999999999956,3.14557016803086,0.52514799958574,0.466187899419092,0.54500000139801,0.0210215448878454,8.56182820040987,5.66602022899704,0.0151525923846185,0.0035101
2.26,-0.0350800706273185,1.98003722271114,0.951999998193142,3.15512348802443,2.09724133819662,0.000205673307542833,0.200000000551785,-0.0334965711105133,1.98220050124651,0.951999999999956,3.15490371127616,0.519437654220628,0.466208928464992,0.545000001227312,0.0210689532884893,8.56126384096274,5.74523054047648,0.0152520876525446,0.0044079
2.28,-0.0770158013046636,1.97926984700569,0.955999998208597,3.16446053889989,2.09704930516785,0.000203658672105049,0.200000000993617,-0.0754876559085288,1.98144538806203,0.955999999999956,3.16423786487548,0.513671637407068,0.466280345430823,0.545000001065951,0.02112095254035,8.559021886843,5.82441798669233,0.0153534601453918,0.0038833
2.3,-0.118936420593946,1.97811111157266,0.959999998232306,3.17380037809456,2.09662967520637,0.00020166893035699,0.200000001377359,-0.117463921090191,1.9802984794822,0.959999999999956,3.17357466193872,0.507852599440849,0.46640217389873,0.5450000009181,0.0211775699600504,8.55510277836921,5.90356691006915,0.0154566717904424,0.0037622
2.32,-0.160833723545143,1.97656123973522,0.963999998263159,3.18314503653648,2.09598260323039,0.000199691183730593,0.200000001707875,-0.159417139401477,1.97876000026376,0.963999999999956,3.18291613695681,0.5019832189397,0.466574447608679,0.545000000777542,0.0212388352457906,8.54950728410565,5.98266166042831,0.0155616831579344,0.0036616
2.34,-0.202699508951292,1.97462053159535,0.967999998300115,3.19249654765093,2.09510834910167,0.000197713417095302,0.20000000198779,-0.201339088105861,1.9768302519096,0.967999999999956,3.19226432686315,0.496066204183254,0.466797210722899,0.545000000653383,0.0213047805055548,8.54223650074516,6.06168659805979,0.0156684535479042,0.003575
2.36,-0.244525580976527,1.97228936398559,0.971999998342223,3.20185694842928,2.09400727777004,0.000195724482519629,0.200000002223008,-0.243221550595942,1.97450961260962,0.971999999999956,3.20162127209396,0.490104293319189,0.46707051731858,0.545000000544265,0.0213754401535542,8.53329185292688,6.14062609679247,0.0157769411557231,0.0035642
2.38,-0.28630375078362,1.9695681904047,0.975999998388643,3.21122828049584,2.09267985942414,0.000193714067200848,0.200000002418943,-0.285056318003866,1.97179853716661,0.975999999999956,3.21098901764691,0.484100255198464,0.467394431357433,0.545000000447791,0.0214508509358093,8.52267509298882,6.21946454706209,0.0158871031735159,0.0034545
2.4,-0.328025838160472,1.96645754093756,0.979999998438634,3.22061259117113,2.09112666967359,0.000191672668736732,0.200000002580148,-0.326835190810234,1.96869755690709,0.979999999999956,3.22036961413752,0.478056890174547,0.467769026497462,0.545000000361702,0.0215310519029042,8.51038830065539,6.29818635897635,0.0159988959026557,0.0034749
2.42,-0.369683673145229,1.96295802215923,0.983999998491539,3.2300119345319,2.08934838976065,0.000189591570514117,0.200000002710361,-0.368549980451178,1.96520727957718,0.983999999999956,3.22976511885279,0.471977030861434,0.468194385867754,0.545000000283861,0.021616084383331,8.49643388265992,6.3767759653765,0.0161122748613956,0.0036652
2.44,-0.411269097649644,1.95907031702311,0.987999998546768,3.23942837246709,2.0873458067996,0.000187462817362872,0.200000002812551,-0.410192510923286,1.96132838922345,0.987999999999956,3.23917759680135,0.465863542986613,0.46867060182931,0.545000000214206,0.0217059919594565,8.48081457230212,6.45521782489475,0.0162271948865691,0.0037752
2.46,-0.452773967080362,1.9547951847334,0.99199999860379,3.24886397572905,2.08511981404735,0.0001852791921828,0.200000002889665,-0.45175462038607,1.95706164605883,0.991999999999956,3.24860912175945,0.459719326046667,0.469197775665882,0.545000000151568,0.0218008204292099,8.46353342894075,6.53349642500693,0.016343610231534,0.0037543
2.48,-0.494190151957707,1.95013346060186,0.995999998662129,3.25832082497909,2.0826714111971,0.000183034192212861,0.200000002944229,-0.493228162761657,1.95240788631365,0.995999999999956,3.258061777312,0.453547314108005,0.469776017262013,0.545000000093923,0.0219006177741359,8.44459383742142,6.61159628507968,0.016461474657573,0.0037396
2.5,-0.535509539531565,1.94508605588884,0.999999998721352,3.26780101182648,2.08000170470063,0.000180722006069698,0.200000002978041,-0.534605009331386,1.94736802207168,0.999999999999956,3.26753765788785,0.447350476740871,0.4704054447763,0.545000000042063,0.0220054341275463,8.42399950743972,6.68950195941165,0.0165807415188098,0.0038486
2.52,-0.576724035394036,1.9396539576288,1.00399999878106,3.27730663986017,2.07711190812433,0.000178337492361374,0.200000002993184,-0.57587705032901,1.94194304109138,1.00399999999996,3.27703886978836,0.4411318196925,0.471086184219674,0.544999999995204,0.0221153217194393,8.40175447283976,6.76719804026797,0.0167013638443288,0.003704
2.54,-0.617825565088496,1.93383822844027,1.00799999884091,3.28683982567202,2.07400334252814,0.000175876157672349,0.200000002991458,-0.61703619653018,1.93613400661232,1.00799999999996,3.28656753220813,0.434894385747488,0.471818369029644,0.54499999995197,0.0222303348323346,8.3778630908483,6.84466916090751,0.0168232944132806,0.0036588
2.56,-0.658806075714632,1.92764000632038,1.01199999890057,3.29640269987038,2.07067743687479,0.000173334135671231,0.200000002974167,-0.6580743808379,1.92994205714673,1.01199999999996,3.2961257782469,0.428641255653119,0.472602139623578,0.544999999913222,0.0223505297515325,8.3523300412446,6.92189999860215,0.0169464858236526,0.003727
2.58,-0.699657537529168,1.92106050442401,1.01599999895974,3.30599740808275,2.06713572847149,0.000170708167667927,0.200000002942927,-0.698983559863653,1.92336840625642,1.01599999999996,3.30571575591116,0.422375547849479,0.473437642352787,0.544999999812173,0.0224759645681866,8.3251603254661,6.99887527764759,0.0170708905899075,0.0036758
2.6,-0.740371945541518,1.91410101082793,1.01999999901792,3.31562611194352,2.06337986339632,0.000167995567317042,0.200000002875309,-0.739755715503872,1.91641434231484,1.01999999999996,3.31533962910414,0.416100422631402,0.474325030479951,0.544999999735308,0.02260669958015,8.29635926565022,7.07557977236495,0.0171964611063988,0.0036507
2.62,-0.780941321104827,1.90676288827943,1.02399999907447,3.32529099007258,2.05941159708588,0.000165194240148632,0.20000000278002,-0.780382856511466,1.90908122825465,1.02399999999996,3.32499957860257,0.409819079774634,0.475264462165515,0.544999999690828,0.0227427966169473,8.26593250361245,7.15199831009272,0.0173231497898881,0.0036021
2.64,-0.821357713502044,1.89904757392953,1.02799999912896,3.33499423903956,2.05523279482252,0.000162302641788316,0.200000002668718,-0.820857020062068,1.90137050130052,1.02799999999996,3.33469780301856,0.403534760201377,0.476256100095705,0.544999999669505,0.0228843192279307,8.23388599976082,7.22811577416825,0.0174509091117196,0.0035785
2.66,-0.861613201525767,1.89095657905141,1.03199999918115,3.34473807430504,2.0508454322828,0.000159319760241465,0.20000000254974,-0.86117027331473,1.89328367268748,1.03199999999996,3.34443651974442,0.39725074715839,0.477300110896291,0.544999999664228,0.0230313326002412,8.2002260319471,7.30391710689835,0.0175796916363465,0.0038822
2.68,-0.901699895051925,1.88249148874398,1.03599999923093,3.35452473114311,2.0462515961272,0.000156245101768082,0.200000002428862,-0.901314714966728,1.8848223273647,1.03599999999996,3.3542179658786,0.390970367103213,0.478396664367355,0.544999999669725,0.0231839034289549,8.16495919425495,7.37938731251827,0.0177094500595465,0.0036804
2.7,-0.941609936607059,1.8736539616206,1.03999999927832,3.36435646554258,2.04145348461919,0.000153078675879782,0.200000002309963,-0.941282476802194,1.87598812368487,1.03999999999996,3.36404439913019,0.384696990585191,0.479545932615113,0.544999999676703,0.0233420997908343,8.12809239572517,7.45451146013859,0.017840137250586,0.003602
2.72,-0.981335502928851,1.86444572948312,1.04399999932336,3.37423555508337,2.03645340827315,0.000149820979246986,0.200000002193576,-0.981065725234261,1.86678279307915,1.04399999999996,3.37391809869944,0.378434033301255,0.480748089303121,0.544999999686536,0.0235059910376946,8.08963285901847,7.52927468667929,0.0179717062643469,0.0036165
2.74,-1.02086880651959,1.85486859698116,1.0479999993661,3.38416429978565,2.03125379053772,0.000146472985522316,0.200000002080729,-1.02065666284042,1.85720813971785,1.04799999999996,3.38384136613154,0.37218495692675,0.482003308620801,0.544999999699757,0.0236756476296428,8.04958811901594,7.60366219979053,0.018104110377458,0.0039044
2.76,-1.0602020971923,1.84492444125695,1.05199999940663,3.39414502292843,2.02585716850548,0.00014303613212752,0.200000001972642,-1.0600475298908,1.84726604015677,1.05199999999996,3.39381652614044,0.365953270052118,0.483311764254403,0.544999999714725,0.0238511409830904,8.00796602135748,7.67765928075953,0.0182373031114941,0.0036751
2.78,-1.09932766360911,1.8346152115756,1.05599999944506,3.40418007183379,2.02026619365279,0.000139512307897937,0.200000001869943,-1.09923060586903,1.8369584429695,1.05599999999996,3.4038459273994,0.359742529118247,0.48467362831503,0.544999999730196,0.0240325433017383,7.96477472091862,7.75125128740292,0.0183712382466218,0.003546
2.8,-1.13823783481166,1.8239429289412,1.05999999948149,3.41427181861335,2.01448363260946,0.000135903842435022,0.200000001772813,-1.13819821098549,1.82628736836541,1.05999999999996,3.41393194329446,0.353556339355613,0.48608907017359,0.544999999745365,0.0242199273859479,7.92002268022591,7.82442365694399,0.0185058698333978,0.0035394
2.82,-1.17692498174318,1.81290968569854,1.06399999951603,3.42442266087276,2.00851236795825,0.00013221349638388,0.200000001681145,-1.17694270768246,1.81525490779379,1.06399999999996,3.42407697263688,0.347398355697949,0.487558255209255,0.544999999759693,0.0244133664232398,7.87371866781124,7.89716190887438,0.0186411522004004,0.0040617
2.84,-1.21538151876186,1.80151764512085,1.06799999954878,3.43463502236993,2.0023553990627,0.000128444452546214,0.200000001594634,-1.21545650213111,1.80386322353389,1.06799999999996,3.43428344033005,0.341272283695154,0.48908134347268,0.544999999772861,0.0246129337601162,7.82587175650552,7.96945164779949,0.0187770399574636,0.0042073
2.86,-1.25359990514547,1.78976904098346,1.07199999957986,3.44491135362208,1.99601584292328,0.000124600307945956,0.200000001512864,-1.25373204571988,1.79211454827118,1.07199999999996,3.44455379798604,0.335181880406387,0.490658488256099,0.544999999784741,0.024818702652038,7.77649132167194,8.04127856626712,0.018913487994872,0.0040446
2.88,-1.29157264658656,1.77766617712359,1.07599999960934,3.4552541324563,1.98949693506052,0.000120685066802209,0.200000001435371,-1.29176183653397,1.78001118465971,1.07599999999996,3.45489052448663,0.329130955273138,0.492289834565609,0.54499999979531,0.0250307459904222,7.72558703937923,8.11262844757882,0.0190504514781718,0.0036457
2.9,-1.32929229667834,1.76521142698639,1.07999999963731,3.46566586449811,1.98280203042425,0.000116703134398941,0.200000001361683,-1.32953842082568,1.76755550487088,1.07999999999996,3.46529612648321,0.323123370969998,0.493975517493202,0.544999999804834,0.0252491360056356,7.67316888451536,8.18348716858332,0.019187885838522,0.00359
2.92,-1.36675145839062,1.75240723315729,1.08399999966384,3.47614908359169,1.97593460432785,0.000112659311927557,0.200000001291423,-1.3670543944754,1.75474995012845,1.08399999999996,3.47577313882923,0.317163044218065,0.495715660477343,0.544999999813925,0.0254739439426119,7.61924712884195,8.25384070245155,0.0193257467588237,0.0043348
2.94,-1.40394278553579,1.73925610688083,1.087999999689,3.48670635214524,1.9688982534057,0.000108558792152467,0.200000001224436,-1.40430240444274,1.74159703023015,1.08799999999996,3.48632412493877,0.311253946559454,0.497510373442246,0.54499999982156,0.0257052397050352,7.56383233898984,8.32367512143265,0.019463990161238,0.0039243
2.96,-1.44085898422438,1.72576062756606,1.09199999971285,3.49734026139421,1.96169669659204,0.000104407155748177,0.200000001160197,-1.44127515020775,1.72809932305573,1.09199999999996,3.49695167706403,0.305400105089255,0.499359750833445,0.544999999827465,0.0259430914775624,7.50693537439624,8.39297659959053,0.0196025721817801,0.0037045
2.98,-1.47749281431,1.71192344227865,1.09599999973543,3.50805343157468,1.95433377611957,0.000100210368900972,0.200000001098085,-1.47796538520181,1.71425947406179,1.09599999999996,3.50765841648396,0.299605603135099,0.5012638695192,0.544999999831644,0.0261875653116702,7.44856738518388,8.46173141552029,0.0197414491459464,0.0036039
3,-1.51383709082345,1.69774726521981,1.09999999975679,3.51884851199873,1.9468134585353,9.59747815892992e-05,0.200000001037477,-1.51436591822796,1.70008019576325,1.09999999999996,3.51844699359589,0.293874580876921,0.50322278656808,0.544999999836474,0.0264387246827602,7.38873980998255,8.52992595504411,0.0198805775327492,0.0035278
3.02,-1.54988468539562,1.68323487719215,1.10399999977695,3.52972818102297,1.93913983573125,9.17071266189023e-05,0.200000000978607,-1.55046961487035,1.68556426720175,1.10399999999996,3.52932008790113,0.288211235863005,0.505236536857278,0.544999999841679,0.0266966299837473,7.32746437369356,8.59754671388608,0.0200199139529514,0.0035925
3.04,-1.58562852766896,1.66838912505254,1.10799999979595,3.54069514590037,1.93131712598572,8.74145187924574e-05,0.200000000921612,-1.58626939889261,1.670714533401,1.10799999999996,3.54028040787516,0.282619823470936,0.507305130569077,0.544999999847024,0.0269613380203372,7.26475308519742,8.66458030032531,0.0201594151082972,0.0039721
3.06,-1.62106160669737,1.65321292115229,1.11199999981383,3.55175214250506,1.92334967501287,8.31044556104055e-05,0.20000000086654,-1.62175825362476,1.65553390480918,1.11199999999996,3.55133069071205,0.277104657261698,0.509428550526054,0.544999999852331,0.0272329014438459,7.20061823500536,8.73101343782696,0.0202990377502627,0.0036344
3.08,-1.65617697233406,1.63770924276449,1.11599999983063,3.56290193491966,1.91524195701631,7.87848183821657e-05,0.200000000813379,-1.65692922333855,1.64002535672857,1.11599999999996,3.56247370193241,0.27167010921949,0.511606749365508,0.544999999857307,0.0275113681435158,7.13507239285508,8.79683296765062,0.0204387386415705,0.0035379
3.1,-1.69096773660731,1.62188113149883,1.11999999984638,3.5741473148732,1.90699857574207,7.44638737744932e-05,0.20000000076201,-1.6917754146107,1.62419192873236,1.11999999999996,3.57371223484305,0.266320609868765,0.513839646554676,0.544999999861612,0.0277967805968922,7.0681284052512,8.86202585143549,0.020578474508731,0.0035919
3.12,-1.72542707508381,1.60573169270401,1.12399999986113,3.58549110101741,1.89862426552622,7.01502759162313e-05,0.20000000071219,-1.72628999767408,1.60803672406901,1.12399999999996,3.58504910983627,0.261060648249029,0.516127125236589,0.544999999864343,0.0280891751716357,6.999799392951,8.92657917376195,0.0207182019846635,0.0037687
3.14,-1.75954822821933,1.58926409485775,1.12799999987488,3.59693613802822,1.89012389233146,6.58530689558573e-05,0.200000000663353,-1.76046620775636,1.59156290905403,1.12799999999996,3.5964871735154,0.25589469937897,0.518468708669666,0.544999958702012,0.0283885073502592,6.93009874839576,8.99048014468897,0.0208579157966702,0.0032395
3.16,-1.79332450273018,1.57248156907766,1.13199999973948,3.60848529392863,1.88150245182113,6.15712989974215e-05,0.199999985796078,-1.79429734640587,1.57477371244943,1.13199999999996,3.60802929763291,0.250827549767816,0.520864981134667,0.544999990984736,0.0286950313696182,6.85904013308798,9.05371610226865,0.0209974760535465,0.0031778
3.18,-1.82674927287232,1.55538740829167,1.13599999942294,3.62014146240261,1.87276508060556,5.73334652425384e-05,0.199999982550583,-1.82777678280458,1.55767242483093,1.13599999999996,3.61967837782636,0.245863737156782,0.523315187431161,0.54500000675097,0.0290085256102294,6.78663747491461,9.11627451503829,0.0211369133770672,0.0030825
3.2,-1.85981598171958,1.53798496648051,1.13999999909826,3.63190756087471,1.86391704493685,5.31440495321857e-05,0.199999984980932,-1.86089795506769,1.54026239794307,1.13999999999996,3.63143733213667,0.24100798903159,0.525819038264732,0.545000012687278,0.0293290598316047,6.71290496542063,9.17814298447411,0.0212761672675525,0.0032223
3.22,-1.89251814251155,1.52027765822944,1.14399999884355,3.64378652514523,1.85496374688861,4.90121089179296e-05,0.199999989548352,-1.89365437152986,1.5225470440423,1.14399999999996,3.64330909929263,0.23626508294237,0.528376187421748,0.545000013002888,0.0296566367938124,6.63785705702908,9.23930924742591,0.0214151915941403,0.0031509
3.24,-1.92484933993971,1.5022689580508,1.14799999868133,3.65578130914998,1.84591072502961,4.49478494257034e-05,0.199999994229392,-1.92603961201753,1.50452983522827,1.14799999999996,3.6552966367444,0.231639846976962,0.530986224928869,0.545000009312536,0.0299912366792076,6.56150846020867,9.2997611785277,0.021553945297625,0.0031115
3.26,-1.95680323141748,1.48396239969927,1.15199999859944,3.66789488286619,1.8367636550916,4.09621030971211e-05,0.199999997581905,-1.95804732910737,1.48621430276332,1.15199999999996,3.6674029184284,0.227137169741343,0.533648705924954,0.545000006531629,0.0303328400485817,6.48387414059017,9.35948679258112,0.0216923799737947,0.0031603
3.28,-1.98837354833222,1.46536157546603,1.15599999857459,3.6801302299567,1.82752835103248,3.70671610586459e-05,0.199999999933291,-1.98967124937034,1.46760403638045,1.15599999999996,3.67963093224494,0.222761984047662,0.536363087702792,0.545000004450283,0.0306813971210532,6.40496931603252,9.41847424691116,0.0218304495844524,0.0031
3.3,-2.01955409728302,1.44647013546211,1.15999999858928,3.69249034499461,1.81821076543464,3.32753740592088e-05,0.200000001535393,-2.02090517460139,1.44870268357975,1.15999999999996,3.69198367722944,0.218519271251736,0.539128754324116,0.54500000290538,0.0310368483482608,6.32480945363901,9.47671184369321,0.0219681075048123,0.0031688
3.32,-2.05033876130735,1.42729178690261,1.16399999863045,3.7049782301119,1.80881699006779,2.95994513349758e-05,0.20000000258133,-2.05174298303429,1.4295139489136,1.16399999999996,3.70446416039737,0.214414054294282,0.541944992017449,0.544999999735659,0.0313991128279766,6.24341026672427,9.53418803225156,0.0221053086182762,0.0032041
3.34,-2.08072150109587,1.40783029338782,1.16799999868112,3.71759689130539,1.7993532561675,2.60519237902309e-05,0.200000002486167,-2.08217863054156,1.4100415932606,1.16799999999996,3.71707539324248,0.210451400188805,0.54481099763382,0.544999993493049,0.031768098580426,6.16078771173243,9.59089141132925,0.0222420029181119,0.0031678
3.36,-2.11069635619748,1.38808947418269,1.17199999870742,3.73034933441272,1.78982593480769,2.26451085903474e-05,0.200000000143665,-2.1122061518192,1.39028943308853,1.17199999999996,3.72982038786744,0.206636416629871,0.547725899607392,0.544999984607054,0.0321436983024645,6.07695798510679,9.64681073132899,0.0223781470865198,0.0031029
3.38,-2.14025744620748,1.36807320347912,1.17599999865488,3.7432385609121,1.78024153713868,1.93917919551166e-05,0.199999994602205,-2.14181966155586,1.3702613397064,1.17599999999996,3.74270215272567,0.202974322270766,0.550689128315275,0.545000010379705,0.0325258815608456,5.99193752011172,9.70193489652517,0.022513651734029,0.0036508
3.4,-2.16939897186673,1.34778540948604,1.17999999858429,3.75626756545431,1.77060671751449,1.63178256719542e-05,0.199999998338898,-2.17101335558648,1.34996123850571,1.17999999999996,3.75572368795279,0.199470183922377,0.553699058404623,0.545000007187467,0.0329142772147762,5.90574298360825,9.75625296724372,0.0226485281421492,0.0038416
3.42,-2.1981152162399,1.32723007372917,1.18399999857694,3.76943932790884,1.76092826595141,1.34270979233795e-05,0.200000000926386,-2.19978151202994,1.32939310819117,1.18399999999996,3.76888798026636,0.196129246578448,0.556754745709598,0.545000004802127,0.0333088649803692,5.81839127278576,9.80975416200642,0.0227826988583328,0.0036363
3.44,-2.22640054590972,1.30641123040229,1.18799999861276,3.78275680662475,1.75121311385571,1.07366340432407e-05,0.200000002655152,-2.2281184924106,1.30856098000096,1.18799999999996,3.78219799741219,0.192956731390518,0.559854911829627,0.545000003034584,0.03370941729558,5.7298995118442,9.86242785965261,0.022916112388133,0.0034407
3.46,-2.25424941205758,1.28533296548771,1.19199999867679,3.79622293516959,1.74146833174012,8.2622418910491e-06,0.200000003747602,-2.25601874276352,1.28746893691663,1.19199999999996,3.79565668213638,0.189957873039658,0.562998159250253,0.545000001737743,0.034115703798889,5.64028504863193,9.91426360142782,0.0230487165427362,0.0034223
3.48,-2.28165635156588,1.26399941595382,1.19599999875799,3.80984061501259,1.73170112838553,6.01982985351639e-06,0.20000000437319,-2.28347679472306,1.26612111286297,1.19599999999996,3.80926694566253,0.187137912723951,0.566182965661664,0.545000000799552,0.0345274702633042,5.54956545123967,9.9652510930393,0.0231804584943701,0.0035024
3.5,-2.30861598810394,1.24241476894263,1.19999999884834,3.82361270833333,1.72191884974058,4.02560055902183e-06,0.200000004661028,-2.3104872665948,1.24452169189778,1.19999999999996,3.82303166065446,0.184502090359224,0.569407677702035,0.545000000132412,0.034944433809295,5.45775850455072,10.0153802066792,0.0233112848601888,0.0033678
3.52,-2.33512303319748,1.22058326094721,1.20399999894203,3.83754203040362,1.71212897752337,2.29605802708507e-06,0.200000004708697,-2.33704486441036,1.22267490739192,1.20399999999996,3.836953653646,0.182055636001888,0.572670504600982,0.544999999668477,0.0353662808139903,5.36488220674801,10.0646409830152,0.0234411418125103,0.0033508
3.54,-2.36117228728128,1.19850917697884,1.20799999903501,3.85163134143873,1.70233912749615,8.4798090707335e-07,0.200000004589348,-2.36314438296513,1.20058504119962,1.20799999999996,3.85103569692109,0.17980376043742,0.57596951170951,0.544999999346383,0.0357926652520915,5.27095476577874,10.1130236331478,0.0235699752154163,0.0033651
3.56,-2.38675864073487,1.17619684972426,1.21199999912445,3.86588333788957,1.69255704738271,-3.01618462995907e-07,0.200000004354046,-2.38878070683853,1.17825642281929,1.21199999999996,3.86528049982924,0.177751644883529,0.579302613935477,0.544999999091785,0.0362232071295139,5.17599459577724,10.1605185405343,0.0236977308139995,0.0034065
3.58,-2.41187707490121,1.15365065869305,1.21599999920826,3.88030064316074,1.68279061439644,-1.13555042131962e-06,0.200000004027088,-2.41394881139673,1.15569342854506,1.21599999999996,3.87969069952369,0.175904430014065,0.582667570797898,0.544999998918251,0.0366574911862742,5.08002031344677,10.2071162628788,0.0238243542517057,0.0034079
3.6,-2.43652266308786,1.13087502935492,1.21999999928491,3.89488579774877,1.67304783235615,-1.63646195137116e-06,0.200000003637659,-2.4386437637775,1.13290048060907,1.21999999999996,3.89426885111299,0.174267203681297,0.58606197912543,0.544999998803869,0.0370950652135796,4.98305073440089,10.2528075339879,0.0239497914479763,0.0034545
3.62,-2.46069057155047,1.10787443226703,1.22399999935335,3.90964124879262,1.66333682834147,-1.78690983251254e-06,0.200000003207051,-2.46286072385717,1.10988204631479,1.22399999999996,3.90901741721948,0.172844987907422,0.589483267612726,0.544999998732643,0.0375354388883837,4.88510486946514,10.2975832655916,0.0240739887934286,0.0035285
3.64,-2.48437606045851,1.08465338219162,1.22799999941293,3.92456933903244,1.6536658488632,-1.56941980028998e-06,0.200000002750803,-2.48659494519932,1.08664263716151,1.22799999999996,3.92393875694264,0.171642724821443,0.592928691264835,0.544999998693017,0.0379780825547836,4.78620192093974,10.3414345491292,0.0241968934258725,0.0035365
3.66,-2.50757448484296,1.06121643720397,1.23199999946324,3.93967229518236,1.64404325551108,-9.6655328848872e-07,0.200000002280289,-2.50984177598516,1.06318680796012,1.23199999999996,3.93903511422963,0.170665261574944,0.596395326189475,0.54499999867671,0.038422426166698,4.68636127882406,10.3843526575,0.0243184535363499,0.0035583
3.68,-2.53028129552573,1.03756819779076,1.23599999950408,3.95495221572525,1.63447752004348,3.90189677184659e-08,0.200000001803905,-2.53259665992535,1.03951915594051,1.23599999999996,3.95430860566068,0.169917334220334,0.599880064815222,0.544999998677835,0.038867858405779,4.58560251700344,10.4263290467773,0.0244386187031775,0.0034684
3.7,-2.55249204003053,1.01371330593887,1.2399999995354,3.97041105814335,1.62497721888285,1.46443643753012e-06,0.200000001327926,-2.55485513715307,1.01564431985049,1.23999999999996,3.96976120766275,0.169403550542547,0.603379611619002,0.544999998692209,0.0393137260024095,4.48394538939934,10.4673553578869,0.0245573402514104,0.0034582
3.72,-2.57420236347496,0.989656444214677,1.24399999955725,3.9860506256057,1.61555102698093,3.32656129215604e-06,0.200000000857121,-2.57661284509825,0.991566979046701,1.24399999999996,3.98539474317162,0.169128371844393,0.606890479452032,0.544999998716873,0.0397593332913169,4.38140982608333,10.5074234182491,0.0246745716334331,0.0037489
3.74,-2.5954080094435,0.965402334834056,1.24799999956978,4.00187255314034,1.60620771101803,5.64188381149185e-06,0.200000000395195,-2.59786551934259,0.967291852577534,1.24799999999996,4.00121086776974,0.169096093717842,0.610408986681055,0.544999998754725,0.0402039420605466,4.27801592935583,10.5465252433826,0.0247902688131789,0.0036964
3.76,-2.61610482084118,0.940955738723035,1.2519999995732,4.01787829332783,1.59695612190233,8.4264249125856e-06,0.199999999946896,-2.61860899445553,0.942823698258219,1.25199999999996,4.01721105533522,0.169310825723356,0.613931254679023,0.544999998799439,0.0406467715930062,4.17378396979025,10.5846530384722,0.0249043907057581,0.0035653
3.78,-2.63628874072766,0.916321454569318,1.25599999956781,4.03406910155942,1.58780518653216,1.169561943314e-05,0.199999999514694,-2.63883920481061,0.918167311738355,1.25599999999996,4.03339658324595,0.169776470189096,0.617453206771164,0.544999998848629,0.0410869992241166,4.0687343822435,10.6217991998981,0.025016899558921,0.0034583
3.8,-2.65595581313137,0.89150431786483,1.25999999955396,4.05044602091417,1.57876389879337,1.546420317497e-05,0.199999999100201,-2.65855218538241,0.893327525562014,1.25999999999996,4.04976851719224,0.170496700033704,0.620970567920697,0.544999998901552,0.0415237611420921,3.96288776183338,10.6579563167276,0.0251277613564901,0.0034528
3.82,-2.67510218384351,0.866509199939335,1.26399999953201,4.06700986671991,1.56984130975996,1.97460907890238e-05,0.199999998704759,-2.67774407252365,0.868309208220595,1.26399999999996,4.06632769566127,0.171474935724972,0.62447886552228,0.544999998957595,0.0419561536228845,3.85626485988391,10.6931171721673,0.0252369462032275,0.0036463
3.84,-2.69372410119145,0.8413410069853,1.26799999950235,4.08376121087155,1.56104651707126,2.45542461293628e-05,0.199999998329494,-2.69641110472252,0.843117263198638,1.26799999999996,4.08307471416715,0.172714321461182,0.6279734314407,0.544999999016244,0.0423832347139474,3.7488865798393,10.7272747449776,0.0253444286781438,0.0034657
3.86,-2.71181791679142,0.816004679074195,1.2719999994654,4.1007003659913,1.55238865346231,2.99005465008729e-05,0.199999997975341,-2.71454962333987,0.817756628012769,1.27199999999996,4.10000990931127,0.174217778879372,0.631449660542193,0.545000004018567,0.0428041124137515,3.64077397314735,10.7604222108477,0.025450182254349,0.0037924
3.88,-2.72938008620979,0.790505189077972,1.27599999943937,4.11782737137511,1.54387687761611,3.58034377294569e-05,0.199999999422025,-2.73215607332627,0.79223227324397,1.27599999999996,4.117133342769,0.175987678709008,0.634902017441387,0.545000002782265,0.0432175504708015,3.53194823511415,10.7925529437293,0.0255542035908255,0.003736
3.9,-2.7464071697357,0.764847541750143,1.27999999943783,4.13514197392018,1.53552035183955,4.22616694818952e-05,0.200000000423641,-2.74922700391877,0.766549201563362,1.27999999999996,4.13444478531025,0.178026257081627,0.638325503277353,0.545000001860128,0.0436226923588436,3.42243070073189,10.8236605171289,0.0256564766663364,0.0037988
3.92,-2.76289583314093,0.739036772803644,1.283999999453,4.15264361187189,1.52732823663524,4.9285137862548e-05,0.200000001093287,-2.76575906931715,0.740712446751691,1.28399999999996,4.1519437009728,0.18033530349878,0.641714717385478,0.545000001181649,0.0440184312513895,3.31224284047339,10.8537387053664,0.0257569964951457,0.0037824
3.94,-2.77884284828369,0.713077947815289,1.28799999947912,4.17033140262977,1.51930967297923,5.68801153441783e-05,0.200000001518681,-2.78174902933966,0.71472707271271,1.28799999999996,4.16962923151878,0.182916204404592,0.645064094438605,0.545000000682662,0.0444036701472367,3.20140625606107,10.8827814847908,0.0258557634809539,0.0037547
3.96,-2.79424509375264,0.68697616120217,1.29199999951195,4.18820412672523,1.51147376641843,6.50506919856737e-05,0.200000001764439,-2.79719375005791,0.68859817248065,1.29199999999996,4.18750018131567,0.185769917796286,0.648367918357905,0.5450000003232,0.044777300106789,3.0899426762105,10.9107830349543,0.0259527832836548,0.0037331
3.98,-2.80909955548818,0.660736535191257,1.2959999995484,4.20626021327171,1.50382957032245,7.37989274088997e-05,0.200000001880791,-2.81209020441104,0.662330867221977,1.29599999999996,4.20555500279321,0.188896947726243,0.651620334995622,0.545000000069119,0.0451382008181539,2.97787395234871,10.9377377397455,0.0260480666269899,0.0040545
4,-2.82340332738061,0.63436421878205,1.29999999958627,4.22449772630709,1.49638606828286,8.3124743023642e-05,0.200000001905673,-2.82643547279886,0.635930305231621,1.29999999999996,4.22379178263728,0.192297319597623,0.654815367886387,0.544999999894128,0.0454852459391133,2.86522205430807,10.9636401884812,0.0261416289691885,0.0038879
4.02,-2.83715361184466,0.607864386702794,1.303999999624,4.24291435207012,1.48915215569793,9.30258002033922e-05,0.20000000186756,-2.84022674365393,0.609401660923893,1.30399999999996,4.24220822888986,0.195970556277959,0.65794693572181,0.544999999778043,0.0458173093944703,2.75200906599673,10.9884851769559,0.0262334900525827,0.003819
4.04,-2.85034772037023,0.581242238360555,1.30799999966055,4.26150738736807,1.48213662058339,0.000103497382030675,0.200000001787655,-2.85346131399238,0.582750133818264,1.30799999999996,4.26080165913074,0.199915655350743,0.66100887180509,0.544999999705415,0.0461332722674067,2.63825718104653,11.0122677084506,0.0263236733269739,0.0038229
4.06,-2.86298307404889,0.554502996785566,1.31199999969525,4.28027372921061,1.47534812366226,0.000114532286455087,0.200000001681605,-2.86613658994351,0.555980947520226,1.31199999999996,4.27956898992154,0.204131067797814,0.663994945470416,0.54499999966448,0.0464320301451438,2.52398869843942,11.0349829946984,0.0264122052498164,0.0040127
4.08,-2.87505720407577,0.527651907570278,1.31599999972767,4.29920986589047,1.46879517779824,0.000126120734124629,0.200000001560817,-2.87825008725795,0.52909934869742,1.31599999999996,4.29850672769514,0.208614678415416,0.666898885422411,0.544999999646299,0.0467125008450336,2.40922601811322,11.0566264568085,0.0264991144698299,0.0039362
4.1,-2.8865677522266,0.500694237803592,1.31999999975761,4.31831186969155,1.46248612684857,0.000138250293377138,0.200000001433485,-2.88979943179427,0.502110606051246,1.31999999999996,4.3176109612737,0.213363788273074,0.669714404920657,0.544999999644141,0.0469736324474928,2.29399163654789,11.0771937261473,0.0265844309060877,0.0038947
4.12,-2.89751247130962,0.473635275000751,1.323999999785,4.33757539140288,1.45642912402389,0.000150905824676772,0.200000001305376,-2.90078235998402,0.475020009284142,1.32399999999996,4.33687735619599,0.218375099526212,0.67243522870253,0.544999999652954,0.0472144115522217,2.17830814233317,11.0966806451768,0.0266681847380102,0.0039355
4.14,-2.90788922559198,0.446480326029434,1.32799999980986,4.35699565681049,1.4506321098546,0.000164069446622824,0.200000001180439,-2.91119671927512,0.447832868062748,1.32799999999996,4.35630115102891,0.223644702890129,0.675055121504403,0.544999999668979,0.0474338716630462,2.06219821171869,11.1150832682502,0.0267504053266949,0.0037759
4.16,-2.91769599120059,0.419234716032582,1.33199999983228,4.37656746533091,1.44510278987419,0.000177720525458494,0.200000001061272,-2.92104046855334,0.420554510977152,1.33199999999996,4.37587715582906,0.229168068073921,0.677567918007534,0.544999999689455,0.047631101596288,1.94568460414746,11.1323978623647,0.0268311200916883,0.0041252
4.18,-2.92693085649706,0.391903787348523,1.33599999985238,4.39628519093697,1.43984861214124,0.000191835689758046,0.200000000949475,-2.9303116785421,0.393190284496428,1.33599999999996,4.39559975290825,0.234940037458068,0.67996755400094,0.544999999712367,0.0478052537986702,1.82879015777395,11.1486209078706,0.0269103533711211,0.0039612
4.2,-2.93559202242661,0.364492898428991,1.33999999987034,4.4161427855113,1.4348767447318,0.000206388871662569,0.200000000845927,-2.93900853218015,0.36574555192066,1.33999999999996,4.41546290004057,0.240954823278254,0.682248098520157,0.544999999736277,0.0479555524535225,1.71153778496759,11.1637490991376,0.0269881252949667,0.0039769
4.22,-2.94367780284094,0.337007422755617,1.34399999988631,4.43613378474332,1.43019405334332,0.000221351375668775,0.200000000750987,-2.94712932497741,0.338225692329676,1.34399999999996,4.43546013622941,0.247206008550201,0.68440378668939,0.544999999760174,0.0480813012492434,1.59395046780291,11.1777793451777,0.0270644507042425,0.003814
4.24,-2.95118662479486,0.309452747755499,1.34799999990046,4.45625131666293,1.42580707915907,0.000236691975575008,0.20000000066465,-2.95467246534856,0.310636099528686,1.34799999999996,4.4555845901302,0.253686551936498,0.686429052964984,0.544999999783374,0.0481818906816519,1.47605125353727,11.1907087702247,0.0271393381485385,0.0039893
4.26,-2.95811702881677,0.28183427371646,1.35199999991298,4.4764881128782,1.42172201712885,0.000252377039735681,0.200000000586664,-2.96163647492469,0.282982180991033,1.35199999999996,4.47582899119821,0.260388796716135,0.688318564452292,0.544999999805427,0.0482568047624706,1.3578632500772,11.2025347142704,0.0272127889944004,0.0040902
4.28,-2.96446766915294,0.25415741270258,1.35599999992401,4.49683652255556,1.41794469482643,0.000268370684294888,0.200000000516618,-2.96801998884255,0.255269356798269,1.35599999999996,4.49618568360186,0.267304483971545,0.690067253946451,0.544999999826066,0.0483056270099673,1.23940962143451,11.213254733557,0.0272847966755403,0.004127
4.3,-2.97023731398577,0.226427587470599,1.35999999993372,4.51728852914955,1.41448055204749,0.00028463495357568,0.200000000454001,-2.97382175601173,0.227503058577765,1.35999999999996,4.51664664291018,0.274424770056716,0.691670352330312,0.544999999845143,0.0483280456045947,1.12071358317311,11.222866601027,0.0273553461123554,0.0039535
4.32,-2.97542484562615,0.198650230387754,1.36399999994224,4.53783576985555,1.41133462131228,0.000301130026275904,0.200000000398253,-2.97904063935942,0.199688728438062,1.36399999999996,4.53720349552923,0.281740248355462,0.693123419953476,0.544999999862605,0.0483238576037511,1.00179839784766,11.2313683067288,0.0274244133245821,0.0041737
4.34,-2.98002926068008,0.170830782351604,1.36799999994971,4.55846955772412,1.40851150943629,0.00031781444564301,0.200000000348791,-2.9836756160529,0.171831817902166,1.36799999999996,4.55784754082682,0.289240975279403,0.694422376612477,0.544999999878461,0.0482929721219658,0.88268737043498,11.2387580581799,0.0274919652556294,0.0042758
4.36,-2.98404967018985,0.142974691712351,1.37199999995625,4.57918090633949,1.40601538032844,0.000334645371344935,0.200000000305036,-2.98772577769962,0.143937786839013,1.37199999999996,4.57856977584852,0.296916500393394,0.695563529750943,0.544999999892768,0.048235412398752,0.763403843759341,11.2450342806861,0.0275579598209423,0.0038601
4.38,-2.9874852997501,0.11508741319815,1.37599999996196,4.59996055692863,1.40384993916986,0.000351578850209978,0.200000000266433,-2.99119033052487,0.116012102393294,1.37599999999996,4.59936092249145,0.304755900497146,0.69654360051448,0.544999999905605,0.0481513166987488,0.643971193912629,11.2501956176185,0.027622346186279,0.0039364
4.4,-2.9903354895991,0.087174406843831,1.37999999996695,4.62079900773187,1.40201841811825,0.000368570102703454,0.200000000232451,-2.99406859552702,0.0880602379138752,1.37999999999996,4.62021145696628,0.312747817428598,0.697359747309588,0.544999999917075,0.048040938006289,0.524412825670328,11.2542409306469,0.0276850652742103,0.0039829
4.42,-2.99259969468562,0.059241136923453,1.3839999999713,4.64168654543214,1.40052356367164,0.000385573821603019,0.200000000202598,-2.99636000861025,0.060087671880989,1.38399999999996,4.64111164134353,0.320880499296318,0.698009586542423,0.544999999927279,0.047904642501221,0.404752167904363,11.257169299931,0.0277460504905021,0.0038502
4.44,-2.99427748471187,0.0312930708870061,1.38799999997509,4.66261327840767,1.39936762581213,0.000402544479075285,0.200000000176418,-2.99806412069484,0.032099886832444,1.38799999999996,4.66205155694774,0.329141844792728,0.698491210245587,0.544999999936327,0.0477429068260788,0.285012668993735,11.2589800242683,0.0278052286545223,0.0038541
4.46,-2.99536854415302,0.00333567830157473,1.39199999997839,4.68356917154434,1.39855234903521,0.000419436638156714,0.200000000153496,-2.99918059780493,0.00410236828903715,1.39199999999996,4.68302113933391,0.337519450189474,0.698803200340496,0.544999999944326,0.0475563141786796,0.165217792233923,11.2596726212003,0.027862521111824,0.0039556
4.48,-2.99587267225366,-0.0246255702028141,1.39599999998126,4.70454408231861,1.39807896535272,0.000436205264528516,0.200000000133453,-2.99970922113374,-0.0238993963206098,1.39599999999996,4.70401021455483,0.346000658572028,0.698944639327239,0.544999999951381,0.0473455492874271,0.0453910112459599,11.2592468270759,0.0279178450008842,0.0038512
4.5,-2.99578978300192,-0.0525852039824773,1.39999999998375,4.72552779784091,1.39794818933912,0.000452806034424175,0.20000000011595,-2.99964988708622,-0.0518999187355811,1.39999999999996,4.72500853640697,0.35457261083462,0.69891511724796,0.544999999957589,0.04711139234935,-0.0744441946139058,11.2577025970731,0.027971114641494,0.0038782
4.52,-2.99511990508161,-0.0805377534243765,1.40399999998592,4.74651007253365,1.3981602152705,0.000469195634701622,0.200000000100682,-2.9990026072993,-0.0798937109383547,1.40399999999996,4.74600582432608,0.363222297927238,0.698714734814487,0.544999999963039,0.0468547120293157,-0.194264344843061,11.2550401051781,0.0280222430091032,0.0038125
4.54,-2.99386318180302,-0.108477750985372,1.4079999999878,4.76748066610705,1.39871471638491,0.000485332051031048,0.200000000087376,-2.9977675086394,-0.107875286230438,1.40799999999996,4.76699180159285,0.371936613829172,0.698344102657236,0.544999999967817,0.0465764576387094,-0.314045962379044,11.2512597441242,0.0280711432569304,0.004084
4.56,-2.99201987101288,-0.13639973222642,1.41199999998943,4.78842938149102,1.39961084627112,0.000501174840564644,0.200000000075791,-2.99594483317757,-0.135839160307741,1.41199999999996,4.78795623350395,0.380702408713959,0.697804336707903,0.544999999972002,0.0462776506247884,-0.433765578182869,11.2463621252874,0.0281177302469505,0.0039592
4.58,-2.98959034498402,-0.164298236841765,1.41599999999085,4.80934610238215,1.40084724237132,0.000516685385830249,0.200000000065711,-2.99353493814199,-0.163779852335471,1.41599999999996,4.80888896516393,0.389506541771032,0.697097049778146,0.544999999975657,0.0459593755121853,-0.553399735818347,11.2403480785422,0.0281619220519871,0.0037967
4.6,-2.98657509028524,-0.192167809683208,1.41999999999207,4.83022083007086,1.40242203156203,0.000531827126749039,0.200000000056948,-2.99053829584802,-0.191691886022353,1.41999999999996,4.82977995856034,0.398335933160953,0.696224339458622,0.544999999978851,0.0456227704464862,-0.672924996026589,11.2332186520753,0.0282036413927001,0.0038375
4.62,-2.98297470763183,-0.220003001779612,1.42399999999314,4.85104371922612,1.40433283775667,0.000546565768165544,0.200000000049334,-2.98695549360564,-0.219569790693953,1.42399999999996,4.850619328596,0.407177614602252,0.695188772525291,0.544999999981635,0.0452690174931071,-0.79231794129492,11.2249751121597,0.0282428169761955,0.0038671
4.64,-2.97878991171733,-0.247798371351801,1.42799999999406,4.87180511233196,1.40657679145392,0.00056086946117553,0.200000000042723,-2.98278723360449,-0.247408102364895,1.42799999999996,4.87139737776987,0.416018778114518,0.693993366056191,0.544999999984062,0.0448993328403598,-0.911555180419435,11.2156189428861,0.0282793847082196,0.0039482
4.66,-2.97402153102678,-0.275548484823081,1.43199999999485,4.89249557249231,1.4091505411375,0.0005747089561703,0.200000000036985,-2.9780343327764,-0.275201364809778,1.43199999999996,4.89210462922021,0.424846822483371,0.692641565549578,0.544999999986175,0.0445149570571094,-1.03061335306046,11.2051518458563,0.0283132887544422,0.0037929
4.68,-2.96867050763191,-0.303247917825614,1.43599999999554,4.91310591434644,1.41205026641688,0.000588057727004557,0.200000000032008,-2.97269772263548,-0.302944130632561,1.43599999999996,4.91273185786968,0.433649397053885,0.69113722033247,0.544999999988015,0.0441171455414319,-1.14946913429015,11.193575739834,0.0283444824327817,0.0038171
4.7,-2.96273789696874,-0.330891256202918,1.43999999999614,4.93362723286752,1.41527169278339,0.000600892065531542,0.200000000027694,-2.96677844909571,-0.330630962334226,1.43999999999996,4.93327011944263,0.442414442510669,0.689484556601524,0.544999999989613,0.0437071592897503,-1.26809923913162,11.1808927603566,0.0283729289241607,0.0044116
4.72,-2.95622486759758,-0.358473097008753,1.44399999999666,4.95405092984882,1.41881010784436,0.000613191146568092,0.200000000023955,-2.96027767226631,-0.358256433378506,1.44399999999996,4.95371077715717,0.451130228356223,0.687688148454798,0.544999999991,0.0432862561009829,-1.38648042708871,11.1671052593073,0.0283986017946688,0.0039645
4.74,-2.94913270094603,-0.385988049502695,1.4479999999971,4.97436873791714,1.42266037888751,0.0006249370638497,0.200000000020714,-2.95319666622458,-0.38581512925546,1.44799999999996,4.97404552592971,0.459785386855561,0.685752887276516,0.544999999992204,0.0428556823141506,-1.50458950666592,11.1522158044459,0.02842148532798,0.003921
4.76,-2.94146279103486,-0.41343073614267,1.45199999999749,4.99457274194844,1.42681697162018,0.000636114837542288,0.200000000017908,-2.94553681876654,-0.4133016485427,1.45199999999996,4.99426641396574,0.468368943274714,0.683683949872113,0.544999999993252,0.0424166651639252,-1.62240333987766,11.1362271789013,0.0284415746718461,0.003799
4.78,-2.93321664418716,-0.440795793574742,1.45599999999782,5.01465539779711,1.43127396992285,0.000646712394961388,0.200000000015478,-2.93729963113527,-0.44071060396406,1.45599999999996,5.01436586164732,0.476870342297527,0.681486765723774,0.544999999994159,0.0419704058177766,-1.7398988467462,11.1191423806238,0.0284588758072727,0.0041041
4.8,-2.92439587872062,-0.468077873620412,1.45999999999811,5.03460954828619,1.43602509645346,0.000656720526027289,0.200000000013376,-2.92848671772704,-0.468036623445487,1.45999999999996,5.03433667766361,0.485279470562811,0.679166983743605,0.544999999994947,0.0415180731430682,-1.85705300978769,11.1009646217974,0.0284734053526213,0.0038813
4.82,-2.91500222462323,-0.4952716442617,1.46399999999836,5.05442843644066,1.44106373393851,0.000666132815399862,0.200000000011556,-2.91909980577524,-0.495274351167975,1.46399999999996,5.05417207236641,0.493586675318241,0.67673043888589,0.54499999999563,0.0410607982343967,-1.97384287848551,11.0816973282134,0.0284851902184726,0.0038232
4.84,-2.90503752321223,-0.522371790624233,1.46799999999858,5.07410571597905,1.4463829469885,0.000674945553460576,0.200000000009983,-2.90914073501228,-0.522418448617297,1.46799999999996,5.07386566836584,0.501782779238407,0.674183118963523,0.544999999996221,0.0405996697153756,-2.09024557375028,11.0613441386041,0.0284942671312435,0.0039596
4.86,-2.89450372677631,-0.549373015958552,1.47199999999876,5.09363545910987,1.45197550427914,0.00068315762856338,0.200000000008623,-2.89861145730939,-0.549463595630372,1.47199999999996,5.09341150841263,0.509859091500605,0.671531131967603,0.544999999996732,0.0401357298122564,-2.206238292366,11.0399089039378,0.028500682044915,0.0039019
4.88,-2.88340289820104,-0.576270042619828,1.47599999999892,5.11301216170716,1.45783390094484,0.000690770402259523,0.200000000007446,-2.88751403629443,-0.576404491438024,1.47599999999996,5.112804060642,0.517807415255225,0.668780674254877,0.544999999997173,0.0396699711901334,-2.32179831142139,11.0173956866736,0.0285044894614261,0.0039504
4.9,-2.87173721057734,-0.603057613046132,1.47999999999906,5.13223074596528,1.46395038103867,0.000697787572193001,0.200000000006429,-2.87585064694785,-0.603235855703953,1.47999999999996,5.13203822127965,0.525620051659755,0.665937999741931,0.544999999997557,0.0392033345136506,-2.43690299272605,10.9938087599783,0.0285057516804181,0.0039974
4.92,-2.85950894679291,-0.629730490735372,1.48399999999918,5.15128656065457,1.47031695992071,0.00070421502229498,0.200000000005549,-2.86362357517681,-0.62995242955971,1.48399999999996,5.15110931493239,0.533289800681054,0.663009390443471,0.544999999997888,0.0387367067077694,-2.55152978721055,10.969152606903,0.028504537997875,0.0039521
4.94,-2.84672049910642,-0.656283461220996,1.48799999999928,5.17017537911813,1.47692544644699,0.000710060664436649,0.200000000004788,-2.85083521736746,-0.656548976635456,1.48799999999996,5.17001309260466,0.540809958891349,0.66000112850078,0.544999999998175,0.0382709198659485,-2.66565623930981,10.9434319195217,0.0285009238730163,0.0039472
4.96,-2.83337436870426,-0.682711333046496,1.49199999999937,5.18889339516532,1.48376746484101,0.000715334273424072,0.200000000004132,-2.83748807991572,-0.683020284086329,1.49199999999996,5.18874572759749,0.548174314506622,0.65691946984155,0.544999999998419,0.0378067507547973,-2.77925999132918,10.9166515980297,0.0284949900805725,0.0038452
4.98,-2.81947316523968,-0.709008938738741,1.49599999999945,5.20743721702844,1.49083447614156,0.000720047316380201,0.200000000003563,-2.82358477873633,-0.709361163614197,1.49599999999996,5.20730380945768,0.55537713990516,0.653770619814845,0.544999999998634,0.0373449208757349,-2.89231878779235,10.8888167498046,0.0284868218642406,0.0039104
5,-2.80501960635411,-0.735171135780096,1.49999999999952,5.22580385955837,1.49811779913091,0.000724212786061132,0.200000000003071,-2.80912803875051,-0.735566452484602,1.49999999999996,5.22568433615386,0.562413181930833,0.650560710385151,0.544999999998817,0.0368860969810839,-3.00481047977054,10.8599326884266,0.028476508106332,0.0038515
5.02,-2.79001651718033,-0.761192807579256,1.50399999999957,5.24399073483874,1.50560863066062,0.000727845026595713,0.200000000002645,-2.79412069335217,-0.761631014538699,1.50399999999996,5.24388470466055,0.569277650213381,0.647295779520926,0.544999999998977,0.0364308920449701,-3.11671302919213,10.8300049326617,0.0284641405230168,0.0038637
5.04,-2.77446682982733,-0.787068864440741,1.50799999999962,5.26199564140092,1.51329806530249,0.000730959563943212,0.200000000002276,-2.77856568385296,-0.787549741199986,1.50799999999996,5.26190270013368,0.575966203791896,0.643981752485677,0.544999999999114,0.0359798665863257,-3.22800451313207,10.7990392054046,0.0284498128963953,0.0037987
5.06,-2.75837358284675,-0.812794244532898,1.51199999999966,5.27981675222156,1.52117711426426,0.000733572938956133,0.200000000001957,-2.76246605890599,-0.813317552475633,1.51199999999996,5.27973648386052,0.582474936293781,0.640624425142233,0.544999999999231,0.0355335303043761,-3.33866312808037,10.7670414325839,0.028433620350621,0.0038306
5.08,-2.74173992068043,-0.838363914854274,1.5159999999997,5.29745260168101,1.52923672352038,0.000735702545415312,0.20000000000168,-2.7458249739086,-0.838929397952199,1.51599999999996,5.29738458016348,0.588800359918155,0.637229449238849,0.54499999999933,0.0350923439680707,-3.44866719418874,10.7340177420281,0.0284156586775061,0.0040004
5.1,-2.72456909308902,-0.863772872198139,1.51999999999973,5.31490207165618,1.53746779111872,0.000737366474448007,0.200000000001439,-2.72864569038415,-0.864380257785566,1.51999999999996,5.31484586243257,0.594939388487209,0.633802319579555,0.544999999999419,0.0346567215018647,-3.55799515949488,10.6999744622929,0.0283960237156591,0.003906
5.12,-2.7068644545614,-0.889016144114975,1.52399999999976,5.33216437691428,1.54586118363473,0.000738583364216486,0.20000000000123,-2.71093157534301,-0.889665143684868,1.52399999999996,5.33211953845386,0.600889319765031,0.630348363122141,0.544999999999497,0.0342270322315513,-3.6666256041235,10.6649181214506,0.0283748107850378,0.0039438
5.14,-2.68862946370466,-0.914088789872676,1.52799999999978,5.34923904996538,1.55440775175326,0.000739372257720452,0.200000000001049,-2.69268610062278,-0.914779099890241,1.52799999999996,5.34920513519325,0.60664781726802,0.626872729871869,0.544999999999567,0.0338036032367015,-3.77453724446328,10.62885544584,0.0283521141777811,0.0038193
5.16,-2.66986768261454,-0.938985901414209,1.5319999999998,5.36612592552267,1.56309834496667,0.00073975246875383,0.200000000000893,-2.67391284220807,-0.93971720414419,1.53199999999996,5.36610248318509,0.612212891760258,0.623380385496149,0.544999999999624,0.0333867217729457,-3.88170893731909,10.5917933587792,0.0283280267051103,0.0038856
5.18,-2.65058277622607,-0.963702604312452,1.53599999999982,5.38282512470849,1.57192382538653,0.000739743456426469,0.200000000000758,-2.65461547952973,-0.964474568656397,1.53599999999996,5.38281170066467,0.617582882607979,0.619876105568959,0.544999999999676,0.0329766377295428,-3.9881196840386,10.553738979239,0.0283026392986068,0.003921
5.2,-2.6307785116443,-0.988234058721902,1.53999999999983,5.39933703913354,1.58087508067229,0.000739364708660565,0.200000000000641,-2.63479779474381,-0.989046341061757,1.53999999999996,5.39933317757281,0.622756439156921,0.616364471335943,0.544999999999723,0.0325735660900517,-4.09374863461255,10.5146996204789,0.028276040663778,0.0038128
5.22,-2.61045875745502,-1.01257546032695,1.54399999999984,5.41566231496514,1.58994303608741,0.000738635634690026,0.200000000000542,-2.61446367199042,-1.01342770537148,1.54399999999996,5.41566755954912,0.62773250226893,0.612849866898497,0.54499999999976,0.0321776893713571,-4.19857509174785,10.4746827886445,0.0282483169831255,0.0038462
5.24,-2.58962748301531,-1.03672204128639,1.54799999999985,5.43180183708918,1.59911866569846,0.000737575466748967,0.200000000000455,-2.59361709663251,-1.03761388291705,1.54799999999996,5.4318157320191,0.632510286143673,0.609336477701797,0.544999999999795,0.0317891600177018,-4.30257851491262,10.4336961813281,0.0282195516651902,0.0039226
5.26,-2.56828875772379,-1.06066907117382,1.55199999999986,5.44775671345889,1.60839300273741,0.000736203170866295,0.200000000000381,-2.57226215447484,-1.06160013328687,1.55199999999996,5.44777880446899,0.637089260531399,0.605828290215074,0.544999999999824,0.0314081027317981,-4.40573852435259,10.3917476860902,0.0281898251366276,0.0038287
5.28,-2.54644675027061,-1.08441185791361,1.55599999999987,5.46352825971242,1.61775714915165,0.000734537366645951,0.200000000000318,-2.55040303096324,-1.08538175525542,1.55599999999996,5.46355809499053,0.641469133428198,0.602329092691044,0.544999999999849,0.0310346167279991,-4.50803490507779,10.3488453789445,0.0281592146729321,0.0038049
5.3,-2.52410572786707,-1.10794574871203,1.55999999999987,5.47911798413052,1.62720228436927,0.000732596255805923,0.200000000000263,-2.5280440103643,-1.10895408770468,1.55999999999996,5.47915511516766,0.645649834327591,0.598842476893981,0.544999999999872,0.0306687778957437,-4.60944761081888,10.3049975228053,0.0281277942648439,0.0037981
5.32,-2.50127005545479,-1.13126613098328,1.56399999999988,5.49452757299527,1.63671967331008,0.000730397559206051,0.200000000000217,-2.50518947492567,-1.13231251053776,1.56399999999996,5.49457155536604,0.649631498089851,0.595371840689181,0.544999999999891,0.0303106408652723,-4.70995676795225,10.2602125658975,0.0280956345161083,0.0038516
5.34,-2.47794419489448,-1.15436843326993,1.56799999999988,5.50975887640083,1.64630067367458,0.000727958462058029,0.200000000000178,-2.48184390401722,-1.15545244558444,1.56799999999996,5.50980927047713,0.65341444947632,0.591920391389398,0.544999999999907,0.0299602409688577,-4.80954267939307,10.2144991401299,0.0280628025696215,0.0042009
5.36,-2.4541327041344,-1.17724812615757,1.57199999999989,5.52481389455848,1.65593674254517,0.000725295566942421,0.200000000000144,-2.45801187325301,-1.17836935749847,1.57199999999996,5.52487026615886,0.656999188385128,0.588491149759262,0.544999999999922,0.029617596094067,-4.90818582845549,10.1678660594317,0.0280293620583961,0.003835
5.38,-2.42984023635836,-1.19990072318308,1.57599999999989,5.53969476462926,1.66561944233421,0.000722424854238314,0.200000000000116,-2.43369805359456,-1.20105875464653,1.57599999999996,5.53975668560668,0.660386375816335,0.585086954583599,0.544999999999933,0.0292827084271855,-5.00586688267918,10.1203223180528,0.0279953730782746,0.0038218
5.4,-2.40507153911349,-1.22232178173647,1.57999999999989,5.55440374811,1.67534044611503,0.000719361649528289,0.200000000000092,-2.40890721043526,-1.22351618998857,1.57999999999996,5.55447079688078,0.663576820572618,0.581710467712344,0.544999999999941,0.028955566085828,-5.10256669762137,10.0718770888276,0.0279608921794656,0.0038528
5.42,-2.37983145341774,-1.24450690395559,1.58399999999989,5.56894321879145,1.68509154237135,0.000716120597578037,0.200000000000071,-2.38364420266635,-1.24573726194943,1.58399999999996,5.5690149808082,0.666571466712155,0.578364179499107,0.544999999999946,0.028636144643032,-5.1982663206136,10.0225397214028,0.0279259723745584,0.0038514
5.44,-2.35412491284731,-1.26645173761366,1.58799999999989,5.58331565130059,1.69486463920092,0.000712715642440903,0.200000000000052,-2.35791398172454,-1.26771761528154,1.58799999999996,5.58339171947221,0.669371381748261,0.575050414557972,0.544999999999949,0.0283244085441115,-5.29294699448235,9.97231974042989,0.0278906631603561,0.0038066
5.46,-2.32795694260399,-1.28815197699908,1.59199999999989,5.59752361023371,1.7046517680089,0.000709160013244183,0.200000000000033,-2.33172159062153,-1.28945294191851,1.59199999999996,5.5976035852952,0.671977745586863,0.571771337768838,0.544999999999956,0.0280203124195886,-5.38659016123283,9.92122684372196,0.0278550105517138,0.003955
5.48,-2.30133265856272,-1.30960336378721,1.59599999999989,5.61156973988162,1.71444508672526,0.000705466215229902,0.200000000000018,-2.30507216295546,-1.31093898181952,1.59599999999996,5.61165323071679,0.67439184019987,0.568528960467177,0.544999999999959,0.0277238022984201,-5.47917746569497,9.86927090037582,0.0278190571252898,0.0043993
5.5,-2.27425726629927,-1.33080168790389,1.59999999999989,5.62545675454402,1.72423688258048,0.000701646025592653,0.200000000000003,-2.27797092190475,-1.33217152380425,1.59999999999996,5.6255433784639,0.676615040004792,0.565325146761637,0.544999999999963,0.0274348167250784,-5.57069075913101,9.81646194885908,0.0277828420720121,0.0044473
5.52,-2.24673606009854,-1.3517427883802,1.60399999999989,5.63918742942612,1.73401957447207,0.000697710493707413,0.199999999999989,-2.25042317920425,-1.35314640637825,1.60399999999996,5.63927681240589,0.678648802929981,0.562161619927806,0.544999999999961,0.0271532877855989,-5.6611121028037,9.76281019506304,0.0277464012563855,0.0043472
5.54,-2.21877442194324,-1.37242255419829,1.60799999999989,5.65276459210735,1.7437857149533,0.000693669945366413,0.199999999999975,-2.2224343341041,-1.37385951854855,1.60799999999996,5.65285636898465,0.680494662153761,0.559039968831259,0.544999999999959,0.0268791420477863,-5.75042377150459,9.70832601032158,0.0277097672818938,0.0040044
5.56,-2.19037782048358,-1.39283692512789,1.61199999999989,5.6661911145693,1.75352799187472,0.00068953399060915,0.199999999999961,-2.19400987231143,-1.39430680062941,1.61199999999996,5.66628492920639,0.682154218486808,0.55596165433971,0.544999999999958,0.0266123014201556,-5.83860825704134,9.65301992939627,0.0276729695612281,0.004494
5.58,-2.16155180998786,-1.41298189255321,1.61599999999989,5.67946990576752,1.76323922970762,0.000685311534760548,0.199999999999946,-2.16515536491505,-1.41448424503794,1.61599999999996,5.67956541118012,0.683629133340241,0.552928015689675,0.544999999999954,0.0263526839343864,-5.92564827168348,9.59690264842837,0.0276360343906152,0.0039618
5.6,-2.13230202927426,-1.43285350028995,1.61999999999989,5.69260390473019,1.77291239057577,0.000681010792385743,0.199999999999929,-2.13587646729352,-1.4343878970796,1.61999999999996,5.69270076318523,0.684921122315606,0.54994027677405,0.544999999999955,0.0261002044578167,-6.01152675156591,9.53998502285785,0.0275989850273679,0.0042598
5.62,-2.10263420062419,-1.45244784539203,1.62399999999989,5.70559607416504,1.78254057502318,0.000676639303752684,0.199999999999913,-2.10617891800654,-1.45401385572323,1.62399999999996,5.70569395724984,0.686031949343957,0.546999552325591,0.544999999999961,0.0258547753392818,-6.09622686004914,9.48227806530994,0.027561841770265,0.0039261
5.64,-2.07255412867728,-1.47176107894802,1.62799999999989,5.71844939455477,1.79211702254233,0.000672203953459201,0.199999999999899,-2.07606853767021,-1.47335827436565,1.62799999999996,5.71854798321983,0.686963421316258,0.544106853975252,0.544999999999957,0.0256163069932855,-6.17973199103582,9.42379294344969,0.0275246220422325,0.0038466
5.66,-2.04206769930828,-1.49078940686666,1.63199999999988,5.73116685872057,1.80163511188472,0.000667710991017996,0.199999999999883,-2.04555122781608,-1.4924173615855,1.63199999999996,5.73126584329807,0.687717383235045,0.541263096163451,0.544999999999956,0.0253847084284343,-6.26202577224266,9.36454097780477,0.0274873404748618,0.0038228
5.68,-2.01118087848626,-1.50952909065146,1.63599999999988,5.74375146683258,1.8110883611766,0.000663166053068483,0.199999999999867,-2.01463296973437,-1.51118738188638,1.63599999999996,5.74385054703264,0.688295713822944,0.538469101890395,0.544999999999956,0.025159887723313,-6.34309206842711,9.3045336395572,0.0274500089942586,0.0042224
5.7,-1.97989971111626,-1.52797644816408,1.63999999999988,5.75620622184598,1.82047042786008,0.000658574186953282,0.199999999999852,-1.98331982330159,-1.5296646564289,1.63999999999996,5.75630510673252,0.688700321565693,0.535725608292658,0.544999999999953,0.0249417524544548,-6.42291498456793,9.2437825483042,0.0274126369084507,0.0042034
5.72,-1.94823031986365,-1.54612785437615,1.64399999999988,5.76853412534127,1.82977510847847,0.000653939875419517,0.199999999999835,-1.95161792579276,-1.54784556375171,1.64399999999996,5.76863253328932,0.688933141161081,0.533033272036171,0.544999999999951,0.0247302100803584,-6.5014788689993,9.18229946978884,0.0273752309953625,0.004074
5.74,-1.91617890396162,-1.56397974210943,1.64799999999987,5.7807381737475,1.83899633832353,0.000649267062218534,0.199999999999817,-1.91953349067837,-1.56572654048124,1.64799999999996,5.78083583238355,0.688996130346009,0.530392674518358,0.544999999999958,0.0245251682852843,-6.57876831649733,9.12009631360074,0.0273377955919356,0.0042943
5.76,-1.88375173800198,-1.58152860276397,1.65199999999987,5.79282135492723,1.84812819096102,0.00064455917839638,0.199999999999802,-1.88707280640657,-1.5833040820301,1.65199999999996,5.79291800105415,0.688891267074958,0.527804326874183,0.544999999999962,0.0243265352863185,-6.6547681713187,9.05718513084752,0.0273003326836984,0.0041286
5.78,-1.85095517070955,-1.59877098703416,1.65599999999986,5.80478664510266,1.85716487764978,0.000639819169081468,0.199999999999788,-1.85424223517047,-1.60057474328389,1.65599999999996,5.80488202461072,0.68862054702411,0.525268674782952,0.544999999999966,0.0241342201069979,-6.72946353019055,8.99357811179725,0.0272628419948682,0.0038747
5.8,-1.81779562370055,-1.61570350561244,1.65999999999986,5.81663700610265,1.86610074666807,0.000635049520593993,0.199999999999776,-1.8210482116612,-1.61753513927641,1.65999999999996,5.81673087386785,0.688185981396705,0.522786103074275,0.544999999999968,0.0239481328204904,-6.80283974525099,8.92928758349261,0.0272253210786547,0.0038541
5.82,-1.78427959022525,-1.63232282988036,1.66399999999985,5.828375382911,1.87493028256025,0.000630252287715048,0.199999999999764,-1.78749724180656,-1.63418194585306,1.66399999999996,5.8284675026821,0.687589595006174,0.52035694013315,0.544999999999972,0.0237681847651881,-6.87488242693967,8.86432600733708,0.027187765408059,0.0039163
5.84,-1.75041363389512,-1.64862569258699,1.66799999999985,5.84000470149705,1.88364810531555,0.000625429120969713,0.199999999999754,-1.75359590149585,-1.65051190032232,1.66799999999996,5.8400948457723,0.686833424614784,0.51798146210519,0.54499999999998,0.0235942887352666,-6.94557744683777,8.79870597665376,0.0271501684664131,0.0038337
5.86,-1.71620438739491,-1.66460888851437,1.67199999999985,5.85152786691027,1.89224896948956,0.000620581293784875,0.199999999999747,-1.71935083529095,-1.66652180209515,1.67199999999996,5.85161581680494,0.685919517508148,0.51565989690494,0.544999999999988,0.0234263591486938,-7.01491094045668,8.73244021421733,0.0271125218382121,0.0038089
5.88,-1.68165855117993,-1.68026927512989,1.67599999999984,5.86294776162129,1.90072776327862,0.000615709729421569,0.199999999999743,-1.68476875512391,-1.68220851331233,1.67599999999996,5.86303330672702,0.684849930283659,0.513392428029329,0.544999999999996,0.023264312194721,-7.08286930997499,8.66554156975965,0.0270748152995843,0.0038196
5.9,-1.64678289215883,-1.69560377322536,1.67999999999984,5.87426724409257,1.90907950755571,0.000610815027547834,0.199999999999741,-1.64985643898139,-1.69756895945933,1.67999999999996,5.87435018232937,0.683626727836203,0.511179198181106,0.545,0.023108065963053,-7.14943922692295,8.59802301744947,0.0270370369088556,0.004138
5.92,-1.61158424236228,-1.71060936754275,1.68399999999983,5.88548914756268,1.9172993548764,0.000605897490367545,0.199999999999741,-1.6146207295761,-1.71260012996894,1.68399999999996,5.88556928502443,0.682251982523584,0.509020312706703,0.545000000000008,0.0229575405564654,-7.2146076348141,8.52989765334696,0.0269991730963288,0.0042188
5.94,-1.5760694975978,-1.72528310738632,1.68799999999983,5.89661627902909,1.92538258846186,0.000600957148222935,0.199999999999744,-1.57906853300563,-1.72729907881123,1.68799999999996,5.89669342982323,0.68072777349531,0.506915842853473,0.545000000000013,0.0228126581885651,-7.2783617517232,8.46117869283337,0.0269612087540931,0.0040806
5.96,-1.54024561609111,-1.73962210722108,1.69199999999982,5.90765141841479,1.93332462116599,0.000595993784592012,0.199999999999749,-1.54320681739877,-1.74166292507098,1.69199999999996,5.90772540449693,0.679056186180047,0.504865828851753,0.545000000000019,0.022673343268277,-7.34068907281027,8.39187946801654,0.02692312732496,0.0038741
5.98,-1.50411961711435,-1.75362354725737,1.69599999999982,5.91859731790528,1.94112099443281,0.000591006960405577,0.199999999999756,-1.50704261154976,-1.7556888535122,1.69599999999996,5.9186679689094,0.67723931188978,0.502870282828023,0.545000000000023,0.0225395224723229,-7.40157737278985,8.32201342511272,0.0268849108909381,0.004038
6,-1.46769857960146,-1.7672846740216,1.69999999999981,5.92945670144297,1.94876737724899,0.000585996037641376,0.199999999999764,-1.47058300354057,-1.76937411512997,1.69999999999996,5.92952385450761,0.675279247504804,0.50092919155539,0.545000000000027,0.0224111248069128,-7.46101470834526,8.25159412180532,0.0268465402609883,0.0038906
6.02,-1.43098964075116,-1.78060280091279,1.70399999999981,5.94023226436683,1.95625956509465,0.000580960202192308,0.199999999999774,-1.43383513935168,-1.78271602768909,1.70399999999996,5.940295763958,0.673178095388817,0.499042519045371,0.545000000000033,0.0222880816607716,-7.51898942048714,8.18063522458107,0.0268079950575043,0.0038751
6.04,-1.39399999461769,-1.79357530874499,1.7079999999998,5.95092667318591,1.96359347890161,0.000575898485874372,0.199999999999786,-1.39680622146133,-1.79571197624983,1.70799999999996,5.95098637091696,0.670937963265272,0.497210208991105,0.545000000000029,0.022170326848551,-7.57549013685591,8.10915050604422,0.0267692538022829,0.0038293
6.06,-1.3567368906899,-1.80619964627539,1.7119999999998,5.96154256547595,1.97076516401742,0.000570809787633002,0.199999999999796,-1.35950350743393,-1.80835941368035,1.71199999999996,5.96159831992509,0.668560964396268,0.495432187062839,0.545000000000028,0.0220577966485762,-7.63050577396761,8.03715384220932,0.0267302940010376,0.0039537
6.08,-1.31920763245877,-1.81847333071804,1.7159999999998,5.97208254988924,1.97777078918717,0.000565692893741132,0.199999999999806,-1.32193430849745,-1.82065586115593,1.71599999999996,5.97213422641481,0.66604921753575,0.493708363070372,0.545000000000031,0.0219504298313161,-7.68402553940265,7.9646592097732,0.0266910922275481,0.0038945
6.1,-1.28141957597384,-1.83039394824312,1.71999999999979,5.98254920626819,1.98460664554376,0.000560546497203622,0.199999999999818,-1.28410598811048,-1.83259890864474,1.71999999999996,5.98259667682218,0.663404847157082,0.492038632990148,0.545000000000035,0.0218481676844703,-7.73603893393712,7.89168068336665,0.0266516242058244,0.0037788
6.12,-1.24338012838885,-1.84195915446158,1.72399999999979,5.9929450858539,1.99126914561764,0.000555369216256361,0.19999999999983,-1.24602596051892,-1.84418621538017,1.72399999999996,5.99298822879411,0.660629983702129,0.490422880867554,0.545000000000039,0.0217509540320435,-7.786535753616,7.8182324327864,0.0266118648911502,0.0038101
6.14,-1.20509674649703,-1.85316667489518,1.72799999999978,6.00327271158172,1.99775482236645,0.000550159611941644,0.199999999999844,-1.2077016893028,-1.85541551031959,1.72799999999996,6.00331141148267,0.657726763883555,0.488860980599544,0.545000000000038,0.0216587352489839,-7.83550609176813,7.74432872020811,0.0265717885496487,0.0043786
6.16,-1.16657693525628,-1.86401430543173,1.73199999999978,6.01353457845612,2.00406032822656,0.000544916204758965,0.199999999999858,-1.1691406859134,-1.8662845925894,1.73199999999996,6.01356872591909,0.6546973310378,0.487352797603568,0.545000000000039,0.0215714602720041,-7.88294034096232,7.66998389738071,0.0265313688363921,0.0047778
6.18,-1.12782824630454,-1.87449991276561,1.73599999999978,6.0237331539979,2.01018243418834,0.000539637490395033,0.199999999999872,-1.13035050820098,-1.87679133191637,1.73599999999996,6.02376264546034,0.651543835520476,0.485898190378489,0.545000000000042,0.0214890806070157,-7.92882919490422,7.59521240280295,0.0264905788718794,0.0045933
6.2,-1.08885827646591,-1.88462143482332,1.73999999999978,6.03387087875728,2.01611802889644,0.00053432195453858,0.199999999999887,-1.09133875893348,-1.88693366904515,1.73999999999996,6.03389561630173,0.648268435142019,0.484497011963003,0.545000000000045,0.0214115503337102,-7.97316365027375,7.52002875888253,0.0264493913169085,0.0044886
6.22,-1.04967466624759,-1.89437688117416,1.74399999999977,6.04395016688676,2.02186411777653,0.000528968086788083,0.199999999999903,-1.05211308430629,-1.89670961614179,1.74399999999996,6.04397005804953,0.644873295635667,0.483149111296969,0.545000000000048,0.0213388261076229,-8.01593500850248,7.4444475690786,0.0264077784456146,0.0041211
6.24,-1.0102850983282,-1.90376433342589,1.74799999999977,6.05397340676829,2.02741782218947,0.000523574393666043,0.19999999999992,-1.01268117244369,-1.90611725718337,1.74799999999996,6.05398836434815,0.641360591162779,0.481854334490666,0.545000000000055,0.0212708671601646,-8.05713487749073,7.36848351502806,0.0263657122168664,0.0040132
6.26,-0.970697296037662,-1.91278194560538,1.75199999999977,6.06394296168962,2.03277637861413,0.000518139410749432,0.19999999999994,-0.973050751891893,-1.91515474833346,1.75199999999996,6.06395290355649,0.637732504833577,0.480612526007134,0.545000000000059,0.0212076352967892,-8.09675517326409,7.29215135365636,0.0263231643437486,0.0039884
6.28,-0.930919021829163,-1.92142794452409,1.75599999999977,6.073861170565,2.03793713785912,0.000512661713939295,0.199999999999962,-0.933229590104294,-1.9238203183035,1.75599999999996,6.07386601946896,0.633991229259751,0.479423529762145,0.545000000000058,0.0211490948937879,-8.1347881215689,7.21546591427338,0.0262801063611294,0.0040086
6.3,-0.890958075743325,-1.92970063012854,1.75999999999977,6.0837303486961,2.04289756430442,0.000507139929888264,0.199999999999983,-0.893225491919041,-1.93211226869992,1.75999999999996,6.0837300320768,0.63013896712315,0.478287190146367,0.545000000000058,0.0210952128938106,-8.17122625940653,7.13844209565497,0.0262365096913859,0.0039822
6.32,-0.850822293865119,-1.93759837583543,1.76399999999977,6.09355278856892,2.04765523517331,0.000501572745606386,0.200000000000004,-0.853046298029286,-1.94002897435698,1.76399999999996,6.09354723836553,0.62617793176382,0.477203352974026,0.545000000000059,0.0210459588004391,-8.206062436506,7.06109486311083,0.0261923457081779,0.0040033
6.34,-0.810519546773744,-1.94511962885174,1.76799999999977,6.10333076068332,2.05220783983492,0.000495958917270187,0.200000000000025,-0.812699883446419,-1.9475688836553,1.76799999999996,6.1033199131451,0.622110347779146,0.476171866362226,0.545000000000059,0.0210013046719951,-8.23928981673479,6.98343924553919,0.0261475857981176,0.0040249
6.36,-0.770057737985865,-1.95226291047941,1.77199999999977,6.11306651441152,2.05655317913764,0.000490297278264345,0.200000000000046,-0.77219415595657,-1.95473051882589,1.77199999999996,6.11305030990927,0.61793845164413,0.475192581544565,0.545000000000062,0.0209612251147507,-8.27090187944753,6.90549033246915,0.0261022014206036,0.0040244
6.38,-0.729444802392529,-1.95902681640489,1.77599999999977,6.12276227888287,2.06068916477391,0.000484586746476277,0.200000000000069,-0.731537054570693,-1.96151247623981,1.77599999999996,6.12274066172116,0.613664492333648,0.474265353622997,0.545000000000062,0.0209256972756913,-8.30089242077219,6.82726327109092,0.0260561641654866,0.0039791
6.4,-0.688688704690099,-1.96541001697332,1.77999999999977,6.1324202638918,2.06461381867603,0.0004788263308792,0.200000000000091,-0.690736547968531,-1.96791342668322,1.77999999999996,6.13239318212231,0.609290731960337,0.473390042261107,0.545000000000058,0.0208947008349908,-8.32925555483374,6.74877326327501,0.0260094458088588,0.003913
6.42,-0.647797437805555,-1.97141125744737,1.78399999999977,6.14204266082662,2.06832527244347,0.00047301513742894,0.200000000000112,-0.649800632936763,-1.97393211561787,1.78399999999996,6.14201006606251,0.604819446420514,0.472566512322221,0.545000000000054,0.0208682179982912,-8.35598571491486,6.67003556258059,0.0259620183666331,0.0040868
6.44,-0.606779021316483,-1.97702935825086,1.78799999999978,6.15163164361676,2.07182176680154,0.000467152374307001,0.200000000000131,-0.608737332801648,-1.979567363427,1.78799999999996,6.1515934908483,0.600252926046502,0.471794634455279,0.545000000000052,0.0208462334888638,-8.38107765455363,6.59106547125391,0.0259138541462158,0.0041797
6.46,-0.5656414998661,-1.98226321519691,1.79199999999978,6.16118936969642,2.07510165109141,0.000461237356539746,0.20000000000015,-0.567554695856469,-1.98481806564646,1.79199999999996,6.16114561710794,0.59559347626553,0.471074285631345,0.545000000000053,0.0208287345397652,-8.40452644857781,6.51187833721718,0.025864925796107,0.0042018
6.48,-0.524392941573648,-1.9871117997008,1.79599999999978,6.17071798098277,2.07816338279146,0.000455269510026287,0.200000000000169,-0.526260793784079,-1.98968319318118,1.79599999999996,6.17066858977098,0.590843418265449,0.470405349633385,0.545000000000052,0.0208157108860003,-8.42632749407572,6.43248955104876,0.0258152063535022,0.0042043
6.5,-0.483041436440484,-1.99157415897748,1.79999999999978,6.18021960486686,2.08100552706985,0.000449248375007003,0.200000000000187,-0.484863720074871,-1.99416179250688,1.79999999999996,6.18016453906069,0.586005087965538,0.469787717287285,0.544999999982829,0.0208071547142324,-8.44647651130342,6.35291454295501,0.0257646692926399,0.0042801
6.52,-0.441595094752889,-1.99564941622368,1.80399999999973,6.1896963552149,2.08362675630051,0.000443173602251265,0.199999999994006,-0.443371588440471,-1.99825298585687,1.80399999999996,6.1896355814979,0.58108084366284,0.469221287735333,0.544999999989081,0.0208030608582091,-8.46496954452804,6.27316877973466,0.0257132885477083,0.0042388
6.54,-0.400062045479796,-1.99933677078467,1.80799999999957,6.19915033338207,2.08602584988842,0.000437044979010761,0.199999999990075,-0.401792531223467,-2.00195597139411,1.80799999999996,6.19908382091469,0.576073055994174,0.468705967476413,0.544999999993661,0.0208034264096963,-8.48180296280719,6.19326776173613,0.0256610385973182,0.0041942
6.56,-0.358450434667307,-2.00263549830563,1.81199999999935,6.20858362923329,2.08820169369693,0.000430862402290574,0.199999999987793,-0.360134697803491,-2.00527002336836,1.81199999999996,6.20851134947687,0.570984115947379,0.468241671585295,0.544999999996975,0.0208082510578101,-8.4969734607041,6.1132270198085,0.0256078944693974,0.0044698
6.58,-0.316768423831658,-2.0055449508677,1.81599999999909,6.21799832216959,2.09015327979971,0.000424625893911577,0.199999999986704,-0.31840625299996,-2.00819449225835,1.81599999999996,6.21792024871393,0.565816433673473,0.467828323776374,0.544999999999323,0.0208175369364291,-8.51047805893864,6.03306211224674,0.0255538317886586,0.0044928
6.6,-0.275024188348791,-2.00806455710866,1.81999999999882,6.22739648216322,2.09187970618773,0.000418335600382217,0.199999999986461,-0.276615375471797,-2.01072880489911,1.81999999999996,6.22731259055555,0.560572439181151,0.467465856657551,0.545000000000955,0.020831288632983,-8.52231410497386,5.95278862173185,0.0254988268124009,0.0043038
6.62,-0.233225915841595,-2.01019382232825,1.82399999999856,6.23678017079781,2.09338017650699,0.000411991793485485,0.199999999986805,-0.234770256114427,-2.01287246459429,1.82399999999996,6.23669043837372,0.555254583035988,0.467154211951223,0.545000000002048,0.0208495131836746,-8.5324792735382,5.87242215226639,0.0254428564644079,0.0042471
6.64,-0.191381804565165,-2.01193232857826,1.8279999999983,6.24615144231308,2.09465399982641,0.000405594870707785,0.199999999987542,-0.192879096454396,-2.01462505121345,1.82799999999996,6.24605584802961,0.549865337064636,0.466893340683196,0.54500000000274,0.0208722200664037,-8.54097156708304,5.79197832610615,0.0253858983670128,0.0044257
6.66,-0.149500061790384,-2.01327973473715,1.83199999999806,6.2555123446534,2.09570059043627,0.000399145355394361,0.199999999988528,-0.150950107041885,-2.01598622127445,1.83199999999996,6.25541086892451,0.544407195064218,0.466683203340589,0.545000000003143,0.0208994211931841,-8.54778931617565,5.71147278068855,0.0253279308713872,0.0041839
6.68,-0.107588902186161,-2.01423577656955,1.83599999999784,6.26486492051967,2.09651946767667,0.000392643896640039,0.19999999998966,-0.108991505841472,-2.0169557080107,1.83599999999996,6.26475754505399,0.538882673517261,0.46652376999959,0.545000000003338,0.0209311309022233,-8.5529311798275,5.63092116555833,0.0252689330859941,0.0041846
6.7,-0.0656565462006552,-2.01480026677036,1.83999999999765,6.27421120842368,2.09711025579628,0.000386091268941899,0.199999999990861,-0.067011516621436,-2.01753332142345,1.83999999999996,6.27409791606486,0.533291951568178,0.466414700696893,0.5449999713107,0.020967302454538,-8.55639614575782,5.55033913929116,0.0252088880522582,0.0040759
6.72,-0.0237112193836648,-2.01497309512213,1.84399999989418,6.28355324238076,2.09747258982928,0.000379478287875456,0.199999989662713,-0.0250183673419209,-2.01771894831905,1.84399999999996,6.28343401831418,0.527642672732369,0.46635664384447,0.544999982057686,0.0210081316244136,-8.5581835306049,5.46974236641407,0.0251477573551515,0.0039935
6.74,0.0182388503324524,-2.0147542283824,1.84799999962284,6.29289305557161,2.09760641266574,0.00037282086232658,0.19999998320348,0.0169797114577168,-2.01751255233105,1.84799999999996,6.29276788592985,0.521934665666999,0.466349259604401,0.544999989906362,0.0210534855629358,-8.55829298009564,5.38914651432161,0.0250855360299211,0.0039692
6.76,0.0601854351689432,-2.01414371014569,1.85199999925058,6.30223268163536,2.09751166095898,0.000366117148778419,0.199999979569771,0.058974488272068,-2.01691417392739,1.85199999999996,6.30210155187221,0.516170550109355,0.466392556102517,0.544999995555974,0.0211034228796244,-8.55672446906917,5.3085672502021,0.0250222067908145,0.0040862
6.78,0.102120308012857,-2.01314166095716,1.85599999882597,6.31157415312499,2.0971883762175,0.000359367780120941,0.199999977969921,0.10095773224302,-2.01592393040238,1.85599999999995,6.31143704899621,0.510352970390188,0.466486551770803,0.544999999545625,0.0211579754111034,-8.55347830146784,5.22802023796097,0.0249577532783997,0.0042334
6.8,0.144035244039816,-2.0117482782822,1.85999999838373,6.32091950351204,2.09663670475223,0.000352573892148491,0.199999977806346,0.142921214772975,-2.01454201585379,1.85999999999995,6.32077641111362,0.504484593334283,0.466631272939994,0.545000002291793,0.0212171724309217,-8.54855511027817,5.14752113514334,0.0248921601472475,0.0041771
6.82,0.185922022333474,-2.00996383646148,1.86399999794811,6.33027076838929,2.09585689753134,0.000345736740148849,0.199999978631392,0.184856711137633,-2.01276870114471,1.86399999999995,6.3301216740548,0.498568125413772,0.46682676110414,0.545000004095498,0.0212810458325838,-8.54195585740688,5.06708558985803,0.0248254124728023,0.004054
6.84,0.227772427506621,-2.00778868664926,1.86799999753548,6.33962998656208,2.09484931071855,0.000338857854205346,0.199999980105771,0.226756002098004,-2.0106043338505,1.86799999999995,6.33947487672951,0.492606293719794,0.467073064287907,0.545000005203929,0.0213496287496535,-8.53368183349218,4.98672923770371,0.0247574964857507,0.0037912
6.86,0.269578251322154,-2.00522325673541,1.87199999715633,6.34899920111674,2.09361440544863,0.000331938879950354,0.199999981979186,0.268610875511357,-2.00804933819067,1.87199999999995,6.3488380621863,0.486601854554967,0.467370239990736,0.545000005808095,0.0214229568519823,-8.52373465765015,4.9064676986979,0.0246883993269832,0.0039797
6.88,0.311331294308926,-2.00226805125386,1.87599999681683,6.35838046046769,2.09215274794644,0.000324981590851368,0.1999999840701,0.310413127940769,-2.00510421494567,1.87599999999995,6.35821327866988,0.480557594023859,0.467718354988926,0.545000006050595,0.0215010681350876,-8.51211627715641,4.82631657420931,0.024618109064376,0.0039549
6.9,0.353023367375185,-1.99892365127592,1.87999999652001,6.36777581940748,2.09046500966841,0.000317987886869546,0.199999986248314,0.352154566262969,-2.0017695413588,1.87999999999995,6.36760258067593,0.474476328870949,0.468117485138397,0.545000006035757,0.0215840028725615,-8.49882896706324,4.74629144389416,0.0245466147059889,0.0043859
6.92,0.394646293419229,-1.99519071428878,1.8839999962667,6.37718734015412,2.08855196747594,0.000310959791479443,0.199999988421187,0.393827009274167,-1.99804597102302,1.88399999999995,6.37700803000272,0.468360907821601,0.468567715253987,0.54500000585747,0.0216718036074828,-8.48387532975212,4.66640786263708,0.024473906213227,0.003822
6.94,0.436191908937198,-1.99106997405916,1.88799999605622,6.3866170933949,2.08641450386037,0.000303899451957361,0.199999990529876,0.435422289293538,-1.99393423375284,1.88799999999995,6.38643169679883,0.462214212772059,0.469069138863294,0.545000005662216,0.0217645151232027,-8.46725829442203,4.58668135749713,0.0243999745410302,0.0039363
6.96,0.477652065628043,-1.98656224048189,1.8919999958872,6.39606715932603,2.08405360721319,0.000296809138261179,0.199999992568273,0.476932253764061,-1.98943513544132,1.89199999999995,6.39587566060628,0.456039156729919,0.469621857651959,0.545000005346554,0.0218621843014879,-8.44898111651336,4.50712742465963,0.0243248115384513,0.0037502
6.98,0.51901863199437,-1.98166839941401,1.89599999575781,6.40553962868504,2.08147037201149,0.000289691234565025,0.199999994493033,0.518348766850393,-1.98454955790207,1.89599999999995,6.40534201139824,0.449838688354234,0.470225981460283,0.545000004957141,0.0219648602645875,-8.42904737706782,4.42776152639426,0.0242484100682582,0.0038202
7,0.560283494939183,-1.97638941249415,1.89999999566552,6.41503660377663,2.07866599918226,0.000282548244285837,0.199999996277603,0.559663711033465,-1.97927845869643,1.89999999999995,6.41483285061034,0.4436157915023,0.470881627854575,0.545000004530745,0.0220725942331888,-8.40746098202431,4.34859908802018,0.0241707639720509,0.003699
7.02,0.601438561359157,-1.97072631694716,1.90399999560738,6.42456019949246,2.07564179644511,0.00027538278862323,0.199999997908672,0.600868988701486,-1.97362287094579,1.90399999999995,6.42435029216473,0.437373485842448,0.471588921647082,0.545000004087017,0.0221854394769835,-8.38422616145105,4.26965549487859,0.0240918680750706,0.0037367
7.04,0.642475759733528,-1.96468022537418,1.90799999558027,6.43411254432159,2.07239917867599,0.000268197603215272,0.199999999379998,0.641956523737052,-1.9675839031291,1.90799999999995,6.43389646348563,0.431114828109977,0.472347994575484,0.545000003644701,0.0223034512959391,-8.35934746871403,4.19094608931346,0.0240117181855983,0.003715
7.06,0.683387041708329,-1.95825232552821,1.91199999558099,6.44369578135085,2.06893966831718,0.00026099553976215,0.20000000069209,0.682918263100035,-1.96116273886562,1.91199999999995,6.44347350650517,0.4248429128885,0.473158984799409,0.545000003217813,0.0224266869443711,-8.332829779582,4.1124861676609,0.0239303110960342,0.0036937
7.08,0.724164383675793,-1.95144388007509,1.91599999560641,6.4533120692542,2.0652648958145,0.000253779565996352,0.200000001850503,0.723746178405953,-1.95436063668291,1.91599999999995,6.45308357865826,0.418560873298207,0.474022036290251,0.545000002807719,0.0225552055510436,-8.30467829126821,4.03429097724783,0.0238476445832989,0.0034982
7.1,0.764799788348486,-1.94425622634021,1.91999999565353,6.46296358326881,2.06137660007749,0.000246552762931978,0.200000002861281,0.764432267499508,-1.94717892977021,1.91999999999995,6.46272885386484,0.412271882405098,0.474937298460347,0.545000002425123,0.022689068092916,-8.27489852140906,3.95637571340045,0.0237637174019464,0.003583
7.12,0.805285286327996,-1.93669077604081,1.92399999571949,6.47265251615686,2.05727662899116,0.000239318329807463,0.200000003734325,0.804968556022986,-1.93961902571709,1.92399999999995,6.47241152349787,0.405979148233445,0.475904921485947,0.545000001718354,0.0228283365370335,-8.24349630697986,3.87875551646322,0.0236785293646605,0.0035394
7.14,0.845612937666057,-1.92874901500597,1.92799999580036,6.48238107913554,2.05296693972354,0.000232079451909555,0.200000004352933,0.8453470989792,-1.93168240623762,1.92799999999995,6.48213379733523,0.399685931178913,0.476925066625967,0.545000001094769,0.0229730763227529,-8.21047780314806,3.80144546882871,0.0235920810814532,0.0037643
7.16,0.885774833421492,-1.92043250288081,1.93199999589136,6.49215150281356,2.04844959972416,0.000224839576362314,0.200000004747049,0.88555998228869,-1.92337062687991,1.93199999999995,6.4918979044935,0.393395530236445,0.477997896381375,0.545000000634006,0.0231233531966538,-8.17584948206409,3.724460591979,0.0235043741829547,0.0035601
7.18,0.925763097213109,-1.91174287281397,1.93599999598858,6.50196603811743,2.04372678716498,0.000217602282267808,0.200000004975291,0.925599324340858,-1.91468531672131,1.93599999999995,6.5017060943413,0.387111286191554,0.47912357474656,0.54500000029093,0.023279234287343,-8.13961813158998,3.64781584353921,0.0234154112811996,0.0035275
7.2,0.965569886763998,-1.90268183113266,1.93999999608913,6.51182695716556,2.03880079150332,0.00021037125521209,0.200000005080026,0.965457277538741,-1.90562817804904,1.93999999999995,6.51156063738971,0.380836584506818,0.480302267589211,0.545000000043348,0.023440788225051,-8.10179085396607,3.57152611434386,0.0233251959286056,0.0035107
7.22,1.00518739543845,-1.89325115700433,1.94399999619089,6.52173655412016,2.03367401415422,0.000203150305572292,0.200000005095631,1.00512602983712,-1.89620098602661,1.94399999999995,6.52146382615709,0.374574855851096,0.481534141508873,0.544999999864645,0.0236080848037413,-8.06237506441606,3.49560622551641,0.0232337326116518,0.0037111
7.24,1.0446078537717,-1.88345270208429,1.94799999629232,6.53169714601428,2.02834896917721,0.00019594336844748,0.200000005046903,1.04459780627365,-1.88640558834588,1.94799999999995,6.53141797600526,0.36832957732275,0.482819363012153,0.544999999737862,0.0237811948630263,-8.02137848969073,3.42007092556267,0.0231410267330523,0.0038191
7.26,1.08382353099227,-1.87328839014957,1.95199999639231,6.54171107354677,2.02282828400516,0.00018875450946056,0.200000004952533,1.08386487049275,-1.87624390486496,1.95199999999995,6.54142542594378,0.362104273336031,0.484158097435648,0.544999999650112,0.0239601900981124,-7.97880916655067,3.34493488747857,0.0230470845967736,0.003939
7.28,1.12282673653648,-1.86276021671899,1.9559999964901,6.55178070184165,2.01711470020117,0.000181587928587592,0.200000004826574,1.1229195262619,-1.86571792723188,1.95599999999995,6.55148853939869,0.355902516533775,0.48555050779006,0.544999999588707,0.0241451428719799,-7.93467544018819,3.27021270587283,0.0229519133910284,0.0036056
7.3,1.16160982155506,-1.85187024865956,1.95999999658515,6.56190842116744,2.01121107424448,0.000174447963304793,0.200000004678508,1.16175411898007,-1.85482971849432,1.95999999999995,6.56160970494187,0.349727928772882,0.486996753512652,0.544999999537229,0.0243361260098409,-7.88898596258888,3.19591889410511,0.0228555211700755,0.0037135
7.32,1.20016518041142,-1.8406206237793,1.96399999667706,6.57209664761169,2.00512037834792,0.000167339091019735,0.200000004511911,1.20036103717805,-1.8435814126952,1.96399999999995,6.57179133697664,0.343584182160636,0.48849698942693,0.544999999497534,0.0245332126352475,-7.84174969083303,3.12206788144019,0.022757916825995,0.0038141
7.34,1.23848525217138,-1.82901355040657,1.96799999676548,6.58234782370746,1.99884570130857,0.000160265940753196,0.200000004331023,1.23873271401022,-1.83197521445447,1.96799999999995,6.58203587637508,0.337475000071363,0.490051364386815,0.544999999484264,0.0247364758995216,-7.79297588533729,3.04867401021872,0.0226591100652018,0.0039962
7.36,1.27656252208417,-1.81705130695567,1.97199999685025,6.5926644190069,1.9923902493908,0.000153233303697208,0.200000004145358,1.2768616287377,-1.82001339853706,1.97199999999995,6.59234579106189,0.3314041576416,0.491660019400102,0.544999999489606,0.0249459886344509,-7.74267410803692,2.975751533045,0.0225591113936243,0.0039351
7.38,1.3143895230543,-1.80473624147926,1.97599999693132,6.60304893059398,1.98575734722026,0.00014624613004204,0.200000003961616,1.31474030820235,-1.80769830940697,1.97599999999995,6.6027235765394,0.325375482969639,0.49332308628741,0.544999999508061,0.0251618231619326,-7.69085422050902,2.9033146099925,0.0224579320831539,0.0037626
7.4,1.35195883710403,-1.79207077120746,1.97999999700878,6.61350388353088,1.97895043871701,0.000139309537875297,0.200000003784518,1.35236132829153,-1.79503236076785,1.97999999999995,6.6131717563477,0.319392857831904,0.49504068598101,0.544999999534861,0.025384050955477,-7.63752638203698,2.83137730582745,0.0223555841424983,0.0038039
7.42,1.38926309682622,-1.77905738207392,1.98399999708279,6.62403183123297,1.97197308804805,0.000132428820345655,0.200000003617068,1.38971731539321,-1.78201803508993,1.98399999999995,6.62369288245364,0.313460218613766,0.496812926750783,0.544999999567015,0.0256127423007137,-7.58270104761677,2.75995358725122,0.0222520802847016,0.0038921
7.44,1.42629498682736,-1.76569862822869,1.98799999715358,6.63463535576514,1.96482898060776,0.00012560945390574,0.200000003461193,1.42680094784119,-1.76865788312347,1.98799999999995,6.63428953556151,0.307581556986506,0.498639902281064,0.544999999602196,0.0258479659216478,-7.5263889659051,2.68905732016186,0.022147433893551,0.0040117
7.46,1.46304724516039,-1.75199713153812,1.99199999722137,6.64531706805156,1.9575219240157,0.000118857106463703,0.200000003317984,1.46360495735015,-1.75495452339886,1.99199999999995,6.64496432533819,0.301760920698424,0.500521689641174,0.544999999638822,0.0260897885811134,-7.4686011771103,2.6187022669354,0.0220416589871345,0.0041504
7.48,1.49951266474719,-1.73795558107188,1.99599999728643,6.65607960799096,1.95005584913634,0.000112177646273626,0.20000000318796,1.50012213044019,-1.74091064171341,1.99599999999995,6.65571989054452,0.296002414172199,0.502458347116364,0.544999999675742,0.0263382746451111,-7.4093490108259,2.54890208372742,0.0219347701794183,0.0041438
7.5,1.53568409479041,-1.72357673257711,1.99999999734902,6.66692564446879,1.94243481111272,0.000105577151122942,0.200000003071227,1.53634530985073,-1.72652899060498,1.99999999999995,6.66655889906437,0.290310199136076,0.504449911905953,0.544999999712184,0.0265934856132683,-7.34864408380765,2.47967031779539,0.0218267826394323,0.0040001
7.52,1.57155444217442,-1.70886340793993,2.00399999740941,6.67785787525677,1.93466299041529,9.90619179735793e-05,0.200000002967613,1.57226739594329,-1.71181238881253,2.00399999999995,6.67748404782214,0.284688495106717,0.506496397678253,0.544999999747643,0.0268554796112989,-7.2864982976942,2.41102040484231,0.0217177120483232,0.0040152
7.54,1.6071166728551,-1.69381849463419,2.00799999746785,6.68887902679002,1.92674469389984,9.26384729829888e-05,0.200000002876764,1.60788134809303,-1.69676372072367,2.00799999999995,6.68849806257867,0.279141579784376,0.508597791975693,0.544999999781807,0.0271243108438966,-7.222923836672,2.34296566638209,0.0216075745541721,0.0039196
7.56,1.64236381323827,-1.67844494515785,2.0119999975246,6.69999185381114,1.91868435587114,8.63135818477721e-05,0.200000002798215,1.64318018606874,-1.68138593580938,2.01199999999995,6.69960369759506,0.273673789367793,0.510754053465515,0.544999999814495,0.0274000290061855,-7.15793316508485,2.27551930712735,0.0214963867246926,0.0038456
7.58,1.6772889515465,-1.6627457764568,2.0159999975799,6.71119913886974,1.91048653914881,8.00942604531839e-05,0.200000002731433,1.67815699140094,-1.66568204804592,2.01599999999995,6.71080373515302,0.268289518735078,0.512965109028736,0.544999999845633,0.0276826786512116,-7.09153902498854,2.20869441239984,0.0213841654979193,0.0037342
7.6,1.71188523917397,-1.64672406933641,2.01999999763397,6.72250369166562,1.90215593613034,7.39877857469328e-05,0.200000002675861,1.71280490873794,-1.64965513532419,2.01999999999995,6.72210098491972,0.262993221301018,0.515230850024211,0.544999999851186,0.0279722983746988,-7.02375443365097,2.14250394556435,0.0212709281472942,0.0039685
7.62,1.74614589202942,-1.63038296786109,2.02399999768695,6.73390834821953,1.89369736983806,6.80016848666292e-05,0.200000002622288,1.74711714718948,-1.63330833884647,2.02399999999995,6.73349828314439,0.257789409472909,0.517551130866557,0.544999999865017,0.0282689205466124,-6.9545926809985,2.07696074548623,0.0211566921735637,0.0038046
7.64,1.78006419186658,-1.61372567874151,2.02799999773891,6.74541596986547,1.88511579497461,6.21437927197758e-05,0.200000002573694,1.78108698165775,-1.61664486251082,2.02799999999995,6.74499849167301,0.252682653822161,0.519925764087727,0.544999999885838,0.0285725700374086,-6.8840673270086,2.01207752401326,0.0210414753182741,0.0037715
7.66,1.81363348760211,-1.59675547070941,2.03199999778998,6.75702944204843,1.8764162989355,5.64222409583856e-05,0.200000002532596,1.81470775415557,-1.59966797228315,2.03199999999995,6.75660449676683,0.247677582762691,0.52235451687863,0.544999999910602,0.0288832635128697,-6.81219219904975,1.94786686348228,0.0209252954758141,0.0036287
7.68,1.84684719662063,-1.5794756738807,2.03599999784031,6.76875167290456,1.86760410279916,5.08454634452231e-05,0.200000002500412,1.84797287511135,-1.58238099555714,2.03599999999995,6.76831920770951,0.242778881895947,0.524837107475044,0.544999999937527,0.0292010086465183,-6.7389813891687,1.88434121425105,0.0208081706425953,0.0037813
7.7,1.8796988060668,-1.56188967910678,2.03999999789009,6.78058559161282,1.85868456228168,4.54222096170331e-05,0.200000002477922,1.88087582466064,-1.56478732050217,2.03999999999995,6.78014555518698,0.23799129308351,0.527373201116465,0.544999999962289,0.0295258031391258,-6.66444925132591,1.82151289225575,0.0206901188590708,0.0037072
7.72,1.91218187412417,-1.54400093731418,2.04399999793951,6.79253414650253,1.84966316864571,4.01615538298252e-05,0.200000002464346,1.91341015392411,-1.54689039539922,2.04399999999995,6.79208648942333,0.233319613297747,0.529962405976533,0.544999999987528,0.0298576337574712,-6.58861039857953,1.75939407659484,0.0205711581641733,0.003669
7.74,1.94429003128054,-1.52581295883248,2.04799999798876,6.80460030289898,1.84054554955514,3.50729081841262e-05,0.200000002459856,1.94556948627151,-1.52869372796516,2.04799999999995,6.80414497805519,0.228768693139964,0.532604268668545,0.545000000012942,0.0301964752392473,-6.51147970021846,1.69799680713936,0.0204513065343032,0.0037143
7.76,1.9760169815796,-1.50732931271072,2.051999998038,6.81678704068856,1.83133746986303,3.01660298381953e-05,0.200000002464515,1.97734751857156,-1.51020088466522,2.05199999999995,6.81632400372635,0.224343435074902,0.535298269684892,0.545000000037832,0.0305422892068323,-6.43307227884513,1.63733298217049,0.0203305818342654,0.0037026
7.78,2.00735650385868,-1.48855362602232,2.05599999808743,6.82909735158401,1.82204483232197,2.54510291434838e-05,0.200000002478134,2.00873802242737,-1.49141549001405,2.05599999999995,6.82862656138376,0.2200487913197,0.538043818619994,0.545000000061709,0.0308950230025163,-6.35340350740845,1.57741435604463,0.0202090017703155,0.0037052
7.8,2.03830245297242,-1.46948958315872,2.05999999813721,6.84153423607074,1.81267367820403,2.09383767524294e-05,0.20000000250035,2.03973484539726,-1.47234122586542,2.05999999999995,6.84105565525524,0.215889761358936,0.540840249190494,0.545000000084175,0.0312546084653127,-6.27248900618754,1.51825253688651,0.0200865838473453,0.0036511
7.82,2.06884876100205,-1.45014092511175,2.06399999818752,6.85410070001411,1.80323018781629,1.6638909285451e-05,0.200000002530653,2.07033191220067,-1.45298183069059,2.06399999999995,6.85361429548864,0.211871389054251,0.543686814061858,0.545000000104948,0.0316209606526485,-6.19034463972684,1.45985898431077,0.0199633453318248,0.0036122
7.84,2.09898943845015,-1.43051144874481,2.06799999823851,6.8667997509071,1.79372068089688,1.25638333618229e-05,0.200000002568434,2.10052322590898,-1.43334109884566,2.06799999999995,6.86630549443192,0.207998759313809,0.546582679486667,0.545000000123746,0.031993976507759,-6.10698651372302,1.40224500717251,0.019839303222082,0.0037206
7.86,2.12871857542071,-1.41060500605302,2.07199999829033,6.8796343937373,1.78415161687514,8.72472772557526e-06,0.200000002612982,2.13030286912093,-1.41342287982794,2.07199999999995,6.87913226253279,0.204276994285581,0.54952691976189,0.545000000140337,0.0323735334751983,-6.02243097186458,1.34542176134717,0.0197144742273835,0.003738
7.88,2.15803034278414,-1.39042550341246,2.07599999834309,6.89260762645222,1.77452959497839,5.13354316435819e-06,0.200000002663504,2.15966500512252,-1.39323107752156,2.07599999999995,6.89209760383678,0.200711249036546,0.552518511514972,0.545000000154463,0.032759488067918,-5.93669459262436,1.28940024754025,0.0195888747576945,0.0036713
7.9,2.18691899332717,-1.36997690081841,2.07999999839692,6.90572243500139,1.76486135416615,1.80259989736399e-06,0.20000000271911,2.18860387903101,-1.37276964943231,2.07999999999995,6.90520451106192,0.1973067066788,0.555556327831692,0.545000000165877,0.0331516743904828,-5.84979418600587,1.23419130912725,0.019462520925807,0.0036264
7.92,2.21537886288742,-1.34926321111294,2.0839999984519,6.91898178793422,1.75515377287177,-1.2554178985658e-06,0.200000002778826,2.21711381892297,-1.35204260591211,2.08399999999995,6.9184559602288,0.194068572902221,0.558639132241229,0.545000000174376,0.0335499026240245,-5.7617467902439,1.17980563002435,0.019335428563937,0.0036804
7.94,2.24340437147238,-1.32828849920172,2.0879999985081,6.93238863053254,1.74541386852946,-4.02747078258064e-06,0.200000002841601,2.24518923694602,-1.33105400937301,2.08799999999995,6.93185490482453,0.191002069870952,0.561765572570028,0.545000000179354,0.0339539574783994,-5.67256966846003,1.12625373259013,0.0192076132572921,0.0036281
7.96,2.27099002436252,-1.30705688126029,2.09199999856558,6.94594587845746,1.73564879686366,-6.50017659320393e-06,0.200000002906169,2.27282463041413,-1.30980797349107,2.09199999999995,6.94540426948009,0.188112429445044,0.564934174707268,0.545000000180392,0.0343635966247474,-5.58228030527375,1.0735459755589,0.0190790903952842,0.0039137
7.98,2.29813041319864,-1.28557252392978,2.09599999862435,6.95965641089097,1.72586585091604,-8.65982672024845e-06,0.20000000297111,2.30001458288618,-1.28830866240013,2.09599999999995,6.95910694314075,0.185404885680683,0.568143336285206,0.54500000017702,0.0347785491113395,-5.4908964033697,1.02169255200591,0.0189498752441784,0.0035814
8,2.32482021705279,-1.26383964350218,2.09999999868441,6.97352306315367,1.71607245978409,-1.04924069644575e-05,0.200000003034837,2.32675376522768,-1.26656028987574,2.09999999999995,6.97296577171099,0.182884666568615,0.571391320318108,0.545000000168684,0.0351985137792734,-5.39843588002182,0.97070348734504,0.0188199830423608,0.0042188
8.02,2.35105420348304,-1.24186250509535,2.10399999874571,6.98754861878164,1.7062761870436,-1.19836232417317e-05,0.200000003095563,2.35303693665531,-1.24456711850931,2.10399999999995,6.98698355015604,0.180556984968133,0.574676248832705,0.545000000154763,0.0356231576895499,-5.30491686357494,0.920588637359187,0.0186894291203383,0.0042095
8.04,2.37682722957148,-1.21964542181765,2.10799999880818,7.00173580104719,1.69648472882617,-1.31189325565268e-05,0.200000003151278,2.37885894576422,-1.22233345887274,2.10799999999995,7.00116301404451,0.178427028695458,0.577996096531123,0.545000000134598,0.0360521145768357,-5.21035768988452,0.871357686263931,0.0185582290471645,0.0040854
8.06,2.40213424294551,-1.19719275392249,2.11199999887169,7.01608726391052,1.68670591152128,-1.38835796414024e-05,0.200000003199733,2.40421473153775,-1.19986366867364,2.11199999999995,7.01550683051858,0.176499949747048,0.581348684637824,0.545000000113476,0.0364849833719929,-5.1147768987152,0.823020144804774,0.0184263987971406,0.003968
8.08,2.42697028278206,-1.17450890795267,2.1159999989361,7.03060558239263,1.67694768907211,-1.42626361302953e-05,0.200000003240585,2.42909932433946,-1.17716215190126,2.11599999999995,7.03001758868077,0.17478085251826,0.584731674437305,0.545000000081726,0.036921326668278,-5.01819323009884,0.775585348388428,0.0182939549777009,0.0037614
8.1,2.45133048079464,-1.15159833587475,2.1199999990012,7.04529324236084,1.66721813982894,-1.42410583804179e-05,0.200000003270006,2.45350784688726,-1.15423335796341,2.11999999999995,7.04469778938988,0.173274781189734,0.588142561678656,0.545000000039291,0.0373606694950125,-4.92062562065279,0.729062455248512,0.0181609150372962,0.00408
8.12,2.47521006220285,-1.12846553420357,2.12399999906674,7.06015262972472,1.65752546293124,-1.38037372982841e-05,0.200000003284151,2.4774355152094,-1.13108178081444,2.12399999999994,7.05954983446208,0.171986706045223,0.591578670780229,0.544999999986555,0.0378024980003096,-4.82209319985891,0.683460444646079,0.0180272975358387,0.0038154
8.14,2.4986043466843,-1.10511504311676,2.12799999913238,7.07518601904464,1.64787797418034,-1.29355613838784e-05,0.20000000327931,2.50087763958219,-1.1077119580745,2.12799999999994,7.07457601527764,0.170921508796153,0.595037149461132,0.544999999924135,0.0382462583459115,-4.72261528630427,0.638788115105365,0.0178931224361499,0.0038011
8.16,2.5215087493085,-1.08155144555956,2.13199999919769,7.09039556155789,1.63828410136796,-1.16214864155853e-05,0.200000003251999,2.5238296254493,-1.08412847014027,2.13199999999994,7.0897785007988,0.1700839668759,0.598514963775937,0.544999999853219,0.0386913557570791,-4.62221138388409,0.595054082685145,0.0177584114221636,0.0037639
8.18,2.54391878145257,-1.05777936633978,2.1359999992622,7.10578327263428,1.62875237902482,-9.84661210833945e-06,0.200000003199157,2.54628697432226,-1.0603359392872,2.13599999999994,7.1051593250098,0.169478736677743,0.602008893521428,0.544999999769049,0.039137153747842,-4.52090117796767,0.552266779286098,0.0176231882466481,0.0037495
8.2,2.56583005169856,-1.03380347121332,2.13999999932535,7.12135101867925,1.61929144255256,-7.59626994044711e-06,0.200000003116015,2.56824528466231,-1.03633902876369,2.13999999999994,7.12072037379644,0.169110335732567,0.605515528067177,0.544999999650254,0.0395829735577073,-4.41870453152808,0.510434450994564,0.0174874791012178,0.003755
8.22,2.58723826671211,-1.00962846596014,2.14399999938642,7.13710050350876,1.6099100217026,-4.8561269039788e-06,0.200000002990106,2.58970025274307,-1.0121424418771,2.14399999999993,7.13646337128959,0.168983124082045,0.609031264800664,0.544999999570177,0.0400280941086764,-4.31564148123636,0.469565156463064,0.0173513129208571,0.0041575
8.24,2.60813923210186,-0.98525909545048,2.14799999944467,7.15303325423377,1.60061693337644,-1.61223107450204e-06,0.20000000283537,2.61064767349416,-0.987750921071979,2.14799999999993,7.15238986570469,0.169101284123808,0.612552304277671,0.544999999519542,0.0404717515681323,-4.21173223352088,0.429666765327987,0.0172147218909411,0.0041224
8.26,2.62852885325944,-0.960700142701622,2.15199999949965,7.16915060669049,1.59142107369282,2.1488389672708e-06,0.200000002662405,2.6310834413254,-0.963169247000622,2.15199999999993,7.16850121471766,0.169468799884571,0.616074649413015,0.544999999490568,0.0409131399702391,-4.10699716059277,0.390746956664806,0.0170777417893388,0.004014
8.28,2.64840313618007,-0.935956427925717,2.15599999955106,7.18545369046403,1.58233140930527,6.43985921824506e-06,0.20000000247901,2.65100355093154,-0.938402237586085,2.15599999999993,7.184798570427,0.170089435219144,0.619594104685535,0.544999999477093,0.0413514118428855,-4.00145679643813,0.352813217481216,0.0169404123643572,0.004
8.3,2.66775818826346,-0.911032807568557,2.15999999959876,7.20194341357054,1.57335696793488,1.12728315798445e-05,0.200000002290763,2.67040409807728,-0.913454747077929,2.15999999999993,7.20128286396102,0.170966711094493,0.623106276438504,0.544999999474927,0.0417856792495963,-3.89513183277782,0.31587284124853,0.0168027777016277,0.0046554
8.32,2.68659021909457,-0.88593417333949,2.16399999964268,7.21862044686557,1.56450682808887,1.665884619949e-05,0.200000002101737,2.68928128036256,-0.888331665100833,2.16399999999993,7.21795478980003,0.172103882046727,0.626606574403957,0.544999999481028,0.0422150152810437,-3.78804311499554,0.279932926471706,0.0166648865841721,0.0043211
8.34,2.70489554120398,-0.860665451232625,2.16799999968285,7.23548520825862,1.55579010793997,2.26079385135471e-05,0.200000001914907,2.70763139796775,-0.863037915696258,2.16799999999992,7.23481478989353,0.173503888698439,0.630090131000825,0.544999997003917,0.0426384296126754,-3.68021163803521,0.245000375298354,0.0165268024768693,0.0036864
8.36,2.72267057083091,-0.835231600567222,2.17199999971036,7.25253784625814,1.54721595239682,2.91263326370954e-05,0.200000000836317,2.72545085437882,-0.837578456357368,2.17199999999992,7.25186303766419,0.175169436899727,0.633552185920709,0.54499999923517,0.0430550083855784,-3.57165854226793,0.211081892166691,0.0163885617425505,0.0035981
8.38,2.73991182860565,-0.809637612948822,2.17599999972434,7.26977822540735,1.53879352352654,3.62266629264351e-05,0.200000000560979,2.7427361570922,-0.811958277057383,2.17599999999992,7.26909942200114,0.177102788858575,0.636987406714553,0.544999999442762,0.0434636256629121,-3.46240510932937,0.178183982492632,0.0162502446271019,0.0036593
8.4,2.75661594023634,-0.783888511253033,2.17999999973355,7.28720591013959,1.5305319826805,4.39121065028536e-05,0.200000000360373,2.75948391829928,-0.786182399271566,2.17999999999992,7.28652353135737,0.179305896463982,0.640390506803932,0.544999999600476,0.0438632659850687,-3.35247275793105,0.146312951399491,0.0161119180811618,0.0040018
8.42,2.7727796372206,-0.757989348656076,2.18399999973932,7.30482014813706,1.52244047808977,5.21873010276473e-05,0.200000000216544,2.77569085555027,-0.760255874993018,2.18399999999992,7.30413463807667,0.181780294243145,0.643755924490968,0.544999998241326,0.0442528276008844,-3.2418830396425,0.115474902486053,0.0159736609709029,0.0037586
8.44,2.78839975750415,-0.731945207618514,2.18799999973732,7.32261985571493,1.51452812834489,6.10528214510512e-05,0.199999999583422,2.79135379239753,-0.7341837857425,2.18799999999992,7.32193168308748,0.184527142761292,0.647078378073581,0.5450000014371,0.044631259656617,-3.13065763464666,0.0856757366350763,0.0158355375640996,0.0037513
8.46,2.80347324600166,-0.705761198785813,2.19199999973416,7.34060360389683,1.50680400788104,7.05222288677409e-05,0.200000000100778,2.80646965901799,-0.707971241572444,2.19199999999991,7.33991326111092,0.187547139825834,0.650351363714208,0.545000000972883,0.0449974091076078,-3.01881834747047,0.0569211508631582,0.0156976577898086,0.0040016
8.48,2.81799715533205,-0.679442460011078,2.19599999973968,7.35876960467801,1.49927712879788,8.0576371418014e-05,0.200000000451016,2.82103549281471,-0.681623380065382,2.19599999999991,7.35807760654036,0.190840446850445,0.653569488537144,0.545000000626081,0.045350113020964,-2.90638710269387,0.0292166372144308,0.0155601016833812,0.004019
8.5,2.83196864645362,-0.652994155364565,2.19999999975095,7.37711569626031,1.49195642001127,9.12178704656331e-05,0.200000000676405,2.83504843899737,-0.655145365326958,2.19999999999991,7.37642258015877,0.194406818342991,0.656726568395466,0.54500000037148,0.0456882995567468,-2.79338594062581,0.00256748169045343,0.0154229651558821,0.0040804
8.52,2.84538498907694,-0.626421474014094,2.20399999976582,7.39563933144339,1.48485071199557,0.000102441664342294,0.200000000810138,2.84850575114165,-0.628542386973742,2.20399999999991,7.39494565686679,0.198245463260915,0.659816469096095,0.545000000186395,0.046010832586159,-2.67983701296409,-0.0230212367753483,0.0152863474452499,0.0042532
8.54,2.85824356226012,-0.599729629191577,2.20799999978269,7.41433756763219,1.47796871591689,0.00011423958490655,0.20000000087724,2.86140479172725,-0.601819659116041,2.20799999999991,7.41364391460068,0.202355052398901,0.662832982708392,0.545000000052131,0.046316598713398,-2.56576257843286,-0.047544647301067,0.0151503509084224,0.0039863
8.56,2.87054185492166,-0.572923857134589,2.21199999980043,7.43320705694806,1.47131900331612,0.000126600780519562,0.200000000896007,2.8737430326547,-0.574982419335895,2.2119999999999,7.43251402462224,0.206733698229945,0.665769850791626,0.544999999953854,0.0466045056241697,-2.45118499839843,-0.0709980879977247,0.015015080155057,0.0040076
8.58,2.88227746632913,-0.54600941602303,2.21599999981818,7.45224403820599,1.46490998519008,0.000139511711583112,0.200000000879395,2.88551805574053,-0.548035927660471,2.2159999999999,7.45155224336442,0.211378935918281,0.668620784587714,0.544999999686315,0.0468734878286391,-2.33612673246497,-0.0933771068682492,0.0148806411558702,0.0039669
8.6,2.89344810656482,-0.518991584912031,2.21999999983464,7.47144433066934,1.45874989051871,0.000152955922377844,0.200000000766468,2.89672755319097,-0.520985465531057,2.2199999999999,7.47075440601453,0.216287709227149,0.671379510321935,0.54499999965475,0.0471225168351054,-2.22061033405116,-0.114677462663833,0.0147471398511251,0.0037218
8.62,2.90405159696246,-0.491875662658599,2.22399999984872,7.49080332975088,1.45284674444438,0.000166914579373514,0.200000000642178,2.90736932805402,-0.493836334767848,2.2239999999999,7.49011592201258,0.22145635385675,0.674039770003534,0.544999999629477,0.0473506054013249,-2.10465844594875,-0.134895125697509,0.0146146814790385,0.0035932
8.64,2.91408587051778,-0.464666966844367,2.22799999986023,7.51031600477742,1.44720834600123,0.000181365914946287,0.20000000050879,2.91744129464967,-0.466593856530738,2.2279999999999,7.50963177263481,0.226880588248553,0.67659536597579,0.544999999506201,0.0475568192181732,-1.98829379586426,-0.154026278614673,0.0144833691057629,0.0035508
8.66,2.92354897227708,-0.437370832697399,2.23199999986863,7.52997689896103,1.44184224569384,0.000196285374014169,0.200000000331022,2.92694147897836,-0.439263370276321,2.2319999999999,7.52929651082129,0.232555506255207,0.679040193455517,0.544999999373754,0.0477402846763029,-1.87153919194461,-0.172067317120516,0.0143533023335839,0.0036989
8.68,2.93243905969726,-0.409992612010202,2.235999999873,7.54978013177629,1.43675572300822,0.000211645818530324,0.200000000105574,2.93586801910756,-0.411850232711294,2.23599999999989,7.54910426339233,0.238475612085641,0.681368522633939,0.545000000411564,0.0479002384457914,-1.7544175182878,-0.189014850664258,0.0142245757973903,0.0038458
8.7,2.94075440288081,-0.382537672008834,2.23999999987659,7.569719404741,1.43195576563592,0.000227426921527649,0.200000000253737,2.94421916553628,-0.384359816742491,2.23999999999989,7.56904873578002,0.24463466680466,0.683574079793561,0.545000000260053,0.0480358445564276,-1.63695173044104,-0.204865703079412,0.0140972806848646,0.0036668
8.72,2.94849338495244,-0.355011394307273,2.2439999998826,7.58978800737744,1.42744904260071,0.000243588214614894,0.200000000347356,2.95199328153762,-0.356797510423736,2.24399999999989,7.5891232193802,0.251025911751826,0.685651409344422,0.545000000149476,0.0481465431015996,-1.51916485088913,-0.219616913179351,0.0139714984400463,0.003504
8.74,2.95565450243516,-0.327419173867619,2.24799999989008,7.60997882702669,1.42324188658256,0.000260096268870294,0.200000000401167,2.95918884347918,-0.329168715899722,2.24799999999989,7.60932060160516,0.257641935341201,0.687595081759461,0.545000000069989,0.0482317630023251,-1.40107996452429,-0.233265735312837,0.0138473032675162,0.0035097
8.76,2.96223636543346,-0.299766417877229,2.25199999989836,7.63028436322404,1.41934027125396,0.000276914541310245,0.200000000426363,2.96580444112123,-0.30147884834714,2.25199999999989,7.6296333786893,0.264474718160374,0.689399918865756,0.545000000013975,0.0482910445783132,-1.28272021410701,-0.245809639875242,0.0137247604136866,0.0035186
8.78,2.96823769786414,-0.272058544664378,2.25599999990694,7.65069674286683,1.41574979055868,0.000294004172518787,0.200000000431394,2.97183877789278,-0.273733334913253,2.25599999999989,7.65005367126947,0.271515648753733,0.691061026936625,0.544999999975573,0.0483240332216796,-1.16410879571807,-0.257246313775859,0.0136039253361546,0.0034175
8.8,2.97365733766197,-0.244300982615185,2.25999999991548,7.67120773850994,1.41247563883692,0.000311324264149313,0.2000000004226,2.97729067114526,-0.245937613652121,2.25999999999988,7.67057324272854,0.27875554373834,0.69257382877052,0.544999999950261,0.048330482092652,-1.04526895420188,-0.267573660861879,0.0134848430853707,0.0034086
8.82,2.97849423696005,-0.216499169092097,2.26399999992375,7.69180878941762,1.4095225919571,0.000328832096986792,0.200000000404694,2.98215905238395,-0.218097132458702,2.26399999999988,7.6911835202558,0.286184671936885,0.693934094748608,0.544999999934566,0.04831025520096,-0.926223978602037,-0.276789802299062,0.0133675478952903,0.0034028
8.84,2.98274746224491,-0.18865854935443,2.26799999993161,7.71249102523162,1.40689498960504,0.000346483379091943,0.200000000381138,2.986442967477,-0.190217348001026,2.26799999999988,7.71187561854175,0.293792783007412,0.695137971915476,0.54499999992585,0.0482633301081134,-0.806997197590204,-0.284893076909198,0.0132520629945629,0.0035642
8.86,2.98641619448631,-0.160784575481386,2.27199999993896,7.73324529212864,1.4045967188993,0.000364232517794572,0.200000000354444,2.99014157684206,-0.162303724650648,2.27199999999988,7.73264036598845,0.301569139914717,0.696182011386054,0.544999999922093,0.0481897991777952,-0.687611974889323,-0.291882041464428,0.0131384006468835,0.0035673
8.88,2.98949972924175,-0.132882705297966,2.27599999994577,7.75406218131327,1.40263119947397,0.000382032924620934,0.200000000326398,2.99325415561052,-0.134361733411607,2.27599999999988,7.75346833328,0.309502555254665,0.697063193287637,0.544999999921776,0.0480898697589752,-0.568091704692087,-0.29775547093855,0.0130265624250581,0.0034603
8.9,2.99199747673586,-0.104958401304201,2.27999999995202,7.77493205965403,1.40100137016873,0.00039983734886316,0.200000000298237,2.99578009376921,-0.106396850848088,2.27999999999988,7.77434986412281,0.317581431132571,0.697778948944485,0.544999999923752,0.04796386315059,-0.448459807075767,-0.302512358715424,0.012916539714079,0.0034029
8.92,2.99390896191469,-0.0770171296081423,2.28399999995771,7.79584510224015,1.39970967745299,0.000417598232997727,0.200000000270788,2.99771889627969,-0.0784145580109958,2.28399999999987,7.79527510793191,0.325793802258772,0.698327179925536,0.544999999927177,0.0478122123393629,-0.328739723414357,-0.306151916754614,0.0128083144317958,0.0034923
8.94,2.99523382447518,-0.0490643588630241,2.28799999996286,7.81679132660621,1.39875806569551,0.000435268080294244,0.200000000244571,2.99907018317499,-0.0504203393636635,2.28799999999987,7.81623405420889,0.334127381904168,0.698706273763475,0.54499999993144,0.0476354585652963,-0.208954911789043,-0.308673575714442,0.0127018599482785,0.0035781
8.96,2.99597181887034,-0.0211055592089799,2.29199999996751,7.83776062834517,1.39814796937554,0.00045279982782651,0.20000000021989,2.99983368963385,-0.0224196817068932,2.29199999999987,7.83721656832997,0.342569610268578,0.698915116028731,0.544999999936098,0.0474342467270121,-0.089128842397987,-0.310076985032612,0.0125971421792939,0.0035604
8.98,2.99612281429037,0.00685379878033375,2.29599999997167,7.85874281780759,1.39788030731229,0.000470147214263451,0.200000000196885,3.00000926603244,0.00558192689645338,2.29599999999987,7.85821242843959,0.351107838022402,0.698953936276045,0.544999999930634,0.0472094598648898,0.0307150070336181,-0.310362012964602,0.0124941204792543,0.003924
9,2.99568679426914,0.0348082451947532,2.29999999997536,7.87972766057677,1.39795548461072,0.000487295920576459,0.200000000171913,2.9995968779735,0.0335789981971059,2.29999999999987,7.87921136312674,0.359728845721335,0.698821130745243,0.544999999938971,0.0469615586656254,0.150553155837585,-0.30952874657936,0.0123927569631202,0.0041241
9.02,2.99466385690226,0.0627523117672763,2.30399999997858,7.90070490996791,1.39837337477216,0.000504173185697654,0.200000000149943,2.99859660629295,0.0615660448350685,2.30399999999987,7.90020308954796,0.368419691603898,0.698517778985807,0.544999999946407,0.0466917727572301,0.270362124974348,-0.307577491712127,0.0122929994449908,0.0040998
9.04,2.99305421511347,0.0906805328628418,2.30799999998139,7.92166434417603,1.39913333589572,0.000520740660021279,0.200000000130649,2.99700864704405,0.0895375814151237,2.30799999999986,7.92117735165366,0.37716723880097,0.698044797716055,0.544999999953018,0.0464010303383513,0.390118441626922,-0.304508772879993,0.0121947972101628,0.0039269
9.06,2.99085819627014,0.118587446564496,2.31199999998383,7.94259580938868,1.40023420838848,0.000536958848487007,0.200000000113736,2.99483331145883,0.117488125581947,2.31199999999986,7.9421239581725,0.385958338324581,0.697403602986617,0.544999999958876,0.0460903810466252,0.509798643784521,-0.300323333154515,0.012098099219266,0.0038472
9.08,2.98807624206117,0.146467595700738,2.31599999998596,7.96348925514229,1.40167431969106,0.000552789822634461,0.200000000098931,2.99207102588722,0.145412199094625,2.31599999999986,7.96303282001271,0.39477988151708,0.696596100621021,0.544999999964052,0.0457609410104985,0.629379284817926,-0.295022133992426,0.0120028552555928,0.0039789
9.1,2.98470890835584,0.174315528867697,2.31999999998781,7.98433477026478,1.40345149107895,0.000568197846253403,0.20000000008599,2.98872233171344,0.173304328900361,2.31999999999986,7.98389398674908,0.403618851249903,0.695624672155693,0.544999999968619,0.0454138756504418,0.748836938049585,-0.288606355025362,0.0119090172008308,0.003992
9.12,2.98075686504376,0.202125801446565,2.32399999998941,8.00512261783788,1.40556304644691,0.00058314963359273,0.200000000074693,2.98478788525008,0.201159048207168,2.32399999999986,8.00469768187936,0.412462218544825,0.694489902697841,0.544999999975507,0.0450501990307872,0.868148201317691,-0.281077393808787,0.0118165406611826,0.0034653
9.14,2.9762208967985,0.229892976705207,2.32799999999082,8.02584326460527,1.40800581596221,0.000597525995246903,0.200000000065876,2.98026845760956,0.228970897555329,2.32799999999986,8.02543433655438,0.42129761382801,0.693199529994992,0.544999999975813,0.0446716566376107,0.987289701546057,-0.272436865529159,0.0117253667430305,0.0033882
9.16,2.97110190194546,0.257611626754153,2.33199999999205,8.04648742014774,1.41077616840507,0.000611393053499201,0.200000000057168,2.97516493455318,0.256734425887425,2.33199999999985,8.04609462151078,0.430112421027577,0.69175507023157,0.544999999976468,0.0442790641223118,1.10623809933164,-0.26268660266769,0.0116354731685959,0.0034115
9.18,2.96540089129722,0.285276333449752,2.33599999999311,8.06704606755354,1.41387000682854,0.000624721839192393,0.200000000048697,2.96947831631776,0.284444191616719,2.33599999999985,8.06666947696383,0.438894461161467,0.690160602328435,0.544999999977383,0.0438737744036703,1.22497009344878,-0.251828654630003,0.011546831665267,0.0034253
9.2,2.95911898883661,0.312881689458789,2.339999999994,8.08751048339336,1.41728278980192,0.000637490620200945,0.200000000040555,2.96320971741983,0.31209476369368,2.33999999999985,8.08715014024981,0.447631869523061,0.688420564275257,0.544999999978462,0.0434570628506314,1.34346242536855,-0.239865287334573,0.0114594203048356,0.0034331
9.22,2.95225743146767,0.340422299253721,2.34399999999473,8.10787226528985,1.42100954850997,0.00064968132299748,0.200000000032801,2.9563603664375,0.339680722670452,2.34399999999985,8.10752817104144,0.45631313107627,0.686539723790252,0.544999999979668,0.043030183864492,1.4616918837806,-0.226798982760398,0.0113732242608563,0.0034161
9.24,2.94481756874983,0.367892780105333,2.34799999999532,8.12812335480234,1.42504490505243,0.000661278960908113,0.200000000025482,2.94893160576997,0.367196661763049,2.34799999999985,8.12779547399563,0.464927112125132,0.684523145820223,0.544999999980955,0.0425943735731222,1.57963530910477,-0.212632438454911,0.0112882361091716,0.003481
9.26,2.9368008626156,0.395287763072776,2.35199999999576,8.14825605730563,1.42938309181284,0.000672271484016015,0.200000000018626,2.94092489137474,0.394637187911074,2.35199999999984,8.14794431872925,0.47346308827761,0.682376160125345,0.544999999982304,0.0421508443784079,1.6972695979917,-0.197368567002235,0.0112044559038416,0.003706
9.28,2.92820888707236,0.422601893991381,2.35599999999607,8.16826305908785,1.43401797174201,0.000682649687079267,0.200000000012255,2.93234179248264,0.421996922834753,2.35599999999984,8.16796735705513,0.481910768557299,0.680104328450878,0.544999999983679,0.0417007787307609,1.81457170781186,-0.181010495451888,0.0111218910855572,0.00357
9.3,2.91904332788799,0.449829834458541,2.35999999999625,8.18813744168515,1.43894305939341,0.000692407117561396,0.20000000000638,2.92318399129065,0.449270504089078,2.35999999999984,8.18785763744616,0.490260315601729,0.677713410708519,0.544999999985052,0.0412453233529791,1.9315186611323,-0.163561564708012,0.0110405562453779,0.0034132
9.32,2.90930598226064,0.476966262818007,2.36399999999633,8.20787269346259,1.44415154254629,0.000701539945967509,0.200000000000998,2.91345328263252,0.47645258611485,2.36399999999984,8.20760861672955,0.498502362115293,0.675209335102913,0.544999999986452,0.0407855844770648,2.0480875501805,-0.145025328879202,0.0109604727556618,0.0034626
9.34,2.8989987584711,0.504005875142487,2.3679999999963,8.22746271848115,1.44963630426206,0.00071004695518488,0.199999999996121,2.90315157362746,0.503537841286419,2.36799999999984,8.22721416904563,0.506628023227137,0.672598158134573,0.544999999987715,0.0403226229743131,2.16425554129472,-0.12540555458899,0.0108816683193872,0.0035729
9.36,2.88812367551936,0.530943386215239,2.37199999999618,8.24690184270549,1.4553899452042,0.000717929222928793,0.199999999991698,2.89228088330669,0.530520960955917,2.37199999999984,8.24666859213498,0.514628905630445,0.669886037621847,0.544999999988589,0.0398574516181403,2.27999987936007,-0.104706220247059,0.0108041763763958,0.0033942
9.38,2.87668286274587,0.557773530511203,2.37599999999597,8.26618481764555,1.46140480609017,0.00072519001323737,0.19999999998759,2.88084334221816,0.557396656493769,2.37599999999983,8.26596661104471,0.522497090952951,0.667081496511836,0.545000000026925,0.0393911662789584,2.39529789222975,-0.0829315152811937,0.0107280352394708,0.0038662
9.4,2.86467855856033,0.584491062778227,2.37999999999582,8.28530682443728,1.46767299013979,0.000731926442377402,0.199999999997283,2.86884119200933,0.584159660325298,2.37999999999983,8.285103379368,0.530225184321817,0.66418598173189,0.545000000018542,0.038924309095078,2.51012699511914,-0.0600858393353096,0.0106533056760466,0.0038888
9.42,2.85211311101641,0.611090759421584,2.38399999999583,8.30426346736807,1.47418638523667,0.000738038720641692,0.200000000003958,2.85627678498821,0.610804726963196,2.38399999999983,8.30407447815107,0.537806297236688,0.661208310328353,0.545000000012289,0.0384580478733667,2.62446469496192,-0.0361738014389479,0.0105800190506728,0.0044138
9.44,2.83898897823975,0.637567419889072,2.38799999999595,8.32305076995329,1.48093668554004,0.000743540387603411,0.200000000008382,2.84315258366271,0.637326634035674,2.38799999999983,8.32287591261846,0.545234023236601,0.658154752935113,0.545000000007691,0.0379931136755017,2.73828859482341,-0.0112002191050821,0.0105082243001021,0.0043014
9.46,2.82530872699262,0.663915867229982,2.39199999999615,8.34166517500342,1.48791541364303,0.000748443585597043,0.200000000011151,2.82947116025833,0.663720183310089,2.39199999999983,8.34150410688035,0.552502443134121,0.65503153776417,0.545000000004327,0.0375302388687489,2.85157639826824,0.0148298826000107,0.0104379729351588,0.004275
9.48,2.81107503220205,0.690130949068181,2.39599999999639,8.36010353563979,1.49511394168139,0.000752761558438434,0.200000000012708,2.81523519621439,0.689980201711839,2.39599999999983,8.35995589679541,0.559606116262033,0.651844828322229,0.545000000001919,0.0370701101821572,2.9643059136964,0.041911272020276,0.010369318142964,0.0045093
9.5,2.7962906764706,0.716207538573829,2.39999999999665,8.3783631062123,1.50252351190101,0.000756508918431437,0.200000000013399,2.80044748165878,0.716101542338328,2.39999999999982,8.37822852116881,0.566540069565699,0.648600702121095,0.545000000000222,0.0366133616595506,3.07645505866015,0.0700385119123036,0.0103023140820434,0.0043259
9.52,2.7809585495689,0.742140535433714,2.40399999999692,8.39644153200164,1.51013525658256,0.000759701544391693,0.200000000013479,2.78511091486146,0.742079085467808,2.40399999999982,8.3963196114685,0.573299784876129,0.645305131214183,0.544999999999054,0.0361605745686228,3.18800186416092,0.0992059604865899,0.0102370152406356,0.0041974
9.54,2.76508164790982,0.767924866820132,2.40799999999718,8.41433683767354,1.51794021725426,0.000762356421734871,0.200000000013139,2.76922850166664,0.767907739562891,2.40799999999982,8.41422718024288,0.579881184638958,0.641963964697341,0.544999999998291,0.0357122787105468,3.29892447892562,0.129407772487586,0.0101734758427276,0.0039296
9.56,2.74866307400383,0.793555488358153,2.41199999999744,8.43204741462994,1.5259293631383,0.000764491476607258,0.200000000012523,2.75280335490397,0.793582442268537,2.41199999999982,8.43194960842125,0.586280616348068,0.638582913209828,0.54499999999782,0.0352689541809203,3.40920117366143,0.160637900312467,0.0101117493039811,0.0040571
9.58,2.73170603589559,0.819027385091109,2.41599999999768,8.44957200742709,1.53409360878755,0.000766125414422688,0.200000000011739,2.73583869377865,0.819098161404325,2.41599999999982,8.44948563167382,0.592494835938429,0.635167535370766,0.544999999997562,0.0348310333787354,3.51881034528856,0.192890095168563,0.0100518877407097,0.0038959
9.6,2.71421384658126,0.844335572444079,2.41999999999791,8.46690969942911,1.54242383087966,0.000767277564463588,0.200000000010861,2.71833784324073,0.84444989595081,2.41999999999982,8.46683432600184,0.598520990377271,0.631723226109136,0.544999999997458,0.0343989031914683,3.62773052115003,0.22615790826936,0.00999394153386358,0.0041381
9.62,2.69618992340654,0.869475097185172,2.42399999999812,8.48405989785851,1.55091088414566,0.000767967731274596,0.200000000009946,2.7003042333336,0.869632677029763,2.42399999999981,8.48399509272044,0.604356599652672,0.62825520685465,0.54499999999746,0.0339729073105874,3.7359403631977,0.260434692069008,0.00993795894856845,0.0039223
9.64,2.67763778744516,0.894441038384324,2.42799999999831,8.50102231839599,1.55954561641841,0.000768216054531821,0.200000000009031,2.68174139852193,0.89464156887812,2.42799999999981,8.50096764298779,0.609999538375573,0.62476851747543,0.544999999997535,0.0335533486299739,3.84341867215395,0.295713601535223,0.00988398580870044,0.0040894
9.66,2.65856106285766,0.919228508369361,2.43199999999848,8.5177969694723,1.56831888279469,0.000768042877428068,0.200000000008144,2.66265297699907,0.919471669815432,2.43199999999981,8.51775198202398,0.615448017173026,0.621268009884197,0.544999999997655,0.0331404916932715,3.95014439164798,0.331987595460495,0.00983206522481116,0.0040259
9.68,2.63896347623033,0.943832653679027,2.43599999999863,8.53438413638356,1.57722155891227,0.00076746862406122,0.2000000000073,2.64304270997411,0.944118113204634,2.43599999999981,8.534348393152,0.620700564039504,0.617758343210693,0.544999999997806,0.0327345651569798,4.05609661232619,0.36924943781147,0.00978223737289884,0.003876
9.7,2.61884885589408,0.968248656012658,2.43999999999877,8.55078436535084,1.58624455334949,0.000766513686055553,0.20000000000651,2.62291444093872,0.96857606840594,2.43999999999981,8.55075742178229,0.625756005796189,0.614243980432853,0.54499999999797,0.0323357642408959,4.16125457593562,0.407491699116395,0.00973453932096821,0.0040042
9.72,2.59822113122324,0.992471733176201,2.44399999999889,8.56699844763293,1.595378819161,0.00076519831848142,0.200000000005779,2.60227211491398,0.992840741723681,2.4439999999998,8.56697985945049,0.630613449787565,0.610729186357664,0.544999999998144,0.0319442531424567,4.26559767937978,0.446706757890473,0.00968900489976393,0.004106
9.74,2.57708433191407,1.01649714002422,2.447999999999,8.58302740379006,1.60461536456828,0.000763542545085686,0.200000000005111,2.58111977767719,1.0169073773459,2.4479999999998,8.58301672800676,0.635272265928424,0.607218026839007,0.544999999998319,0.0315601673948963,4.36910547874603,0.486886802098984,0.00964566461384422,0.0039418
9.76,2.55544258724306,1.04032016939758,2.4519999999991,8.59887246818506,1.61394526282761,0.000761566072734993,0.200000000004506,2.55946157496901,1.04077125827651,2.4519999999998,8.59886926404352,0.639732069198088,0.603714369119618,0.544999999998482,0.0311836161531952,4.47175769330369,0.528023830657993,0.00960454558903819,0.0040133
9.78,2.53330012530475,1.06393615305641,2.45599999999918,8.61453507379738,1.62335966130216,0.000759288214880594,0.200000000003959,2.53730175168093,1.06442770725986,2.4559999999998,8.61453890363763,0.643992702664173,0.600221883185278,0.544999999998638,0.0308146843944995,4.57353420947208,0.570109654972484,0.0095656715521353,0.0039075
9.8,2.51066127222925,1.08734046260802,2.45999999999926,8.6300168374149,1.63284978976735,0.000756727823777504,0.200000000003469,2.51464465102333,1.08787208769746,2.4599999999998,8.63002726747232,0.648054221100734,0.596744044022576,0.544999999998786,0.0304534350237007,4.67441508475764,0.613135900511701,0.00952906283901114,0.004334
9.82,2.48753045137927,1.11052851042947,2.46399999999932,8.64531954525873,1.64240696798133,0.000753903231154586,0.200000000003032,2.4914947136742,1.11109980455681,2.4639999999998,8.64533614639409,0.651916875254218,0.593284134674681,0.544999999998918,0.0300999108769605,4.77438055165938,0.65709400842151,0.00949473642720466,0.003974
9.84,2.46391218252677,1.13349575058428,2.46799999999938,8.66044513908627,1.65202261255384,0.000750832196979066,0.200000000002642,2.46785647690881,1.13410630527201,2.46799999999979,8.66046748745051,0.65558109679714,0.589845249993957,0.544999999999041,0.0297541366183888,4.8734110215418,0.701975237173538,0.0094627059894117,0.0039844
9.86,2.43981108100928,1.15623767973306,2.47199999999943,8.67539570280962,1.66168824314822,0.000747531865921609,0.200000000002297,2.44373457371041,1.15688708063604,2.47199999999979,8.67542338044587,0.659047484002193,0.586430300994993,0.544999999999151,0.0294161205275204,4.97148708847441,0.747770664250868,0.00943298196447024,0.0039982
9.88,2.41523185686581,1.17874983803769,2.47599999999947,8.69017344965797,1.67139548805207,0.000744018731078471,0.200000000001992,2.41913373186212,1.17943766568461,2.47599999999979,8.69020604504361,0.662316788148468,0.583042019718707,0.544999999999248,0.0290858561759102,5.06858953303717,0.79447118787003,0.00940557164277792,0.0040442
9.9,2.39017931395257,1.20102781005855,2.47999999999951,8.7047807099054,1.68113608915218,0.000740308604547617,0.200000000001721,2.39405877302029,1.20175364057127,2.47999999999979,8.70481781843693,0.665389900676656,0.579682964521977,0.544999999999344,0.0287633239945462,5.16469932609094,0.842067528739016,0.00938047926327765,0.0042827
9.92,2.36465834903844,1.22306722564466,2.48399999999954,8.71921991917869,1.69090190634966,0.000736416594401046,0.200000000001485,2.36851461176941,1.22383063143366,2.48399999999979,8.71926114360252,0.668267841092367,0.576355525714936,0.544999999999421,0.0284484927330667,5.25979763251211,0.890550231851049,0.00935770611948344,0.004287
9.94,2.33867395088051,1.24486376081622,2.48799999999957,8.73349360735402,1.70068492145075,0.000732357087601534,0.200000000001276,2.34250625465884,1.24566431125082,2.48799999999979,8.73353855814588,0.670951745609892,0.57306193147399,0.54499999999949,0.0281413208137166,5.35386581489072,0.939909668313808,0.00933725067231882,0.004398
9.96,2.31223119927949,1.26641313863925,2.49199999999959,8.74760438804568,1.71047724156824,0.000728143738434918,0.200000000001092,2.31603879922143,1.26725040069122,2.49199999999978,8.74765268374184,0.673442856542883,0.569804253963129,0.544999999999549,0.0278417575842129,5.44688543719112,0.990136037213788,0.0093191086678046,0.0039332
9.98,2.28533526411555,1.28771113009199,2.49599999999961,8.76155494868572,1.72027110206788,0.00072378946195315,0.20000000000093,2.28911743297441,1.28858466895152,2.49599999999978,8.7616062161687,0.675742512394903,0.566584415606618,0.544999999999601,0.0275497444720407,5.53883826837456,1.0412193675155,0.00930327325791304,0.0039288
10,2.25799140436428,1.30875355492282,2.49999999999963,8.77534804118898,1.73005886909267,0.0007193064320775,0.200000000000787,2.26174743240255,1.30966293458578,2.49999999999978,8.77540191593078,0.67785213866021,0.563404195456252,0.544999999999652,0.027265216046753,5.62970628598269,1.09314951999513,0.00928973512311436,0.0039958
10.02,2.23020496709341,1.32953628249918,2.50399999999964,8.78898647319461,1.73983304169716,0.000714706083905553,0.200000000000661,2.2339341619239,1.33048106632497,2.50399999999978,8.78904259946021,0.679773239298262,0.560265235606371,0.544999999999685,0.0269881009937057,5.71947167968142,1.14591618920837,0.0092784825954001,0.0039923
10.04,2.20198138644011,1.35005523264738,2.50799999999965,8.80247309987225,1.74958625362264,0.000709999119817966,0.200000000000548,2.20568307283833,1.35103498388668,2.50799999999978,8.8025311308861,0.681507388858563,0.557169047613645,0.544999999999723,0.0267183230047149,5.80811685476418,1.19950890549201,0.00926950178074942,0.003887
10.06,2.17332618256924,1.37030637648284,2.51199999999967,8.81581081627845,1.75931127474281,0.000705195519003831,0.200000000000448,2.17699970225899,1.37132065877482,2.51199999999977,8.81587041435651,0.683056225225855,0.554117018884092,0.544999999999748,0.0264558015906219,5.89562443561397,1.25391703699891,0.00926277668025721,0.0039033
10.08,2.14424496061282,1.39028573723061,2.51599999999967,8.82900255024696,1.76900101220765,0.000700304550045983,0.200000000000357,2.14788967202699,1.39133411506917,2.51599999999977,8.82906338689692,0.684421442980738,0.551110418993252,0.54499999999978,0.0262004528212463,5.98197726912327,1.30912979176602,0.0092582893091495,0.0039605
10.1,2.11474340959075,1.40998939103568,2.51999999999968,8.84205125579479,1.77864851131313,0.000695334786156051,0.200000000000278,2.1183586876094,1.4110714302046,2.51999999999977,8.84211301178683,0.685604787293832,0.548150405914196,0.544999999999799,0.0259521899965343,6.06715842807123,1.36513621981501,0.00925601981334058,0.0038634
10.12,2.08482730131324,1.42941346776299,2.52399999999968,8.85495990702482,1.78824695612074,0.000690294122816006,0.200000000000206,2.08841253698097,1.43052873573989,2.52399999999977,8.8550222724352,0.686608048380793,0.545238032125829,0.544999999999818,0.0257109242554148,6.1511512144573,1.4219252152851,0.0092559465829112,0.0038338
10.14,2.05450248926505,1.44855415178683,2.52799999999969,8.86773149250472,1.79778966985145,0.000685189797460025,0.20000000000014,2.05805708948958,1.44970221811584,2.52799999999977,8.86779416673439,0.687433056452531,0.542374250583228,0.544999999999838,0.0254765651258215,6.23393916279057,1.47948551859767,0.00925804636232429,0.004129
10.16,2.02377490747181,1.46740768276921,2.53199999999969,8.88036901010126,1.80727011507616,0.000680028410919247,0.200000000000082,2.02729829470581,1.46858811940273,2.53199999999977,8.88043170187157,0.688081677128021,0.539559920532904,0.544999999999847,0.0252490210207349,6.31550604333416,1.53780571865226,0.00926229435717501,0.0038463
10.18,1.99265056934881,1.48597035642723,2.53599999999969,8.89287546224877,1.81668189372302,0.000674815950386407,0.200000000000027,1.99614218125669,1.48718273803681,2.53599999999976,8.89293788957621,0.6885558073285,0.536795813157711,0.544999999999859,0.0250281996852007,6.39583586530387,1.59687425505344,0.00926866433717157,0.0037675
10.2,1.96113556653237,1.50423852528887,2.53999999999969,8.90525385163039,1.82601874692242,0.000669557813583559,0.199999999999977,1.96459485564412,1.50548242954575,2.53999999999976,8.90531574178223,0.688857371560583,0.534082617042865,0.54499999999988,0.024814008597157,6.47491288002043,1.65667942036819,0.00927712873552037,0.0037472
10.22,1.92923606769419,1.52220859943731,2.54399999999969,8.91750717725073,1.83527455470689,0.000664258833935168,0.199999999999933,1.93266250104783,1.52348360726289,2.54399999999976,8.91756826668315,0.688988318596094,0.531420943453435,0.544999999999892,0.024606355326883,6.55272158401475,1.71720936241325,0.00928765874446236,0.0038418
10.24,1.8969583173389,1.5398770472433,2.54799999999969,8.92963843087858,1.84444333558291,0.000658923306526669,0.199999999999894,1.90035137611349,1.54118274303022,2.54799999999976,8.92969846515911,0.688950618513763,0.528811331417626,0.544999999999901,0.0244051478583311,6.62924672208527,1.77845208657201,0.00930022440709116,0.00382
10.26,1.86430863458521,1.55724039608544,2.55199999999968,8.94165059383904,1.85351924599034,0.000653555014646319,0.199999999999859,1.8676678137259,1.5585763678898,2.55199999999976,8.94170932755458,0.688746260076701,0.526254252611865,0.544999999999905,0.0242102948756961,6.70447329030702,1.84039545814047,0.00931479470543911,0.0038449
10.28,1.83129341193076,1.57429523305825,2.55599999999968,8.95354663413458,1.86249657966388,0.000648157256725083,0.199999999999825,1.83461821976771,1.57566107276363,2.55599999999976,8.95360383078649,0.688377248420639,0.523750116045551,0.544999999999913,0.0240217060184114,6.77838653899147,1.90302720470176,0.0093313376448492,0.0038544
10.3,1.79791911400124,1.5910382056677,2.55999999999968,8.965329503875,1.87136976690986,0.00064273287350724,0.199999999999793,1.8012090718638,1.5924335091218,2.55999999999975,8.96538493576261,0.687845603029113,0.521299272544807,0.544999999999918,0.0238392921074214,6.85097197559676,1.9663349185287,0.00934982033482392,0.0037741
10.32,1.76419227628389,1.60746602251412,2.56399999999967,8.97700213699731,1.8801333738105,0.000637284275297708,0.199999999999764,1.76744691811163,1.60889038963871,2.56399999999975,8.97705558509088,0.687153355973032,0.518902019035921,0.544999999999939,0.0236629653454328,6.92221536758755,2.030306059014,0.00937020906627484,0.0041884
10.34,1.73011950384575,1.62357545396219,2.56799999999967,8.98856744725678,1.88878210136693,0.000631813469145908,0.199999999999742,1.73333837579772,1.62502848883737,2.56799999999975,8.98861870106112,0.686302550393124,0.516558602630337,0.544999999999957,0.0234926394936138,6.99210274524386,2.09492795512745,0.00939246938542417,0.004153
10.36,1.69570747003703,1.639363332798,2.57199999999966,9.00002832647128,1.89731078459107,0.000626322085839245,0.199999999999726,1.69889013010064,1.64084464372149,2.57199999999975,9.00007718388107,0.685295239206171,0.514269224514472,0.544999999999968,0.0233282300270717,7.06062040441843,2.16018780789969,0.00941656616433764,0.0039429
10.38,1.6609629151799,1.65482655487289,2.57599999999966,9.01138764300198,1.90571439155583,0.00062081140660814,0.199999999999714,1.66410893278067,1.65633575439541,2.57599999999975,9.01143391014959,0.684133484013532,0.512034043646956,0.54499999999998,0.0231696542710679,7.12775490924183,2.22607269293197,0.0094424636682757,0.0037935
10.4,1.62589264524297,1.66996207973388,2.57999999999965,9.02264824045391,1.91398802241199,0.000615282389412733,0.199999999999707,1.62900160085637,1.67149878467161,2.57999999999974,9.02269173155067,0.682819354197221,0.509853180268857,0.544999999999987,0.0230168315200405,7.19349309477486,2.29256956293145,0.00947012561988162,0.0040641
10.42,1.59050353050184,1.68476693124074,2.58399999999964,9.03381293658091,1.92212690837957,0.000609735694743651,0.199999999999703,1.59357501526846,1.68633076266575,2.58399999999974,9.03385347375265,0.681354926185323,0.507726719231188,0.544999999999995,0.0228696831410941,7.25782206960774,2.35966525027137,0.00949951526037765,0.0041938
10.44,1.55480250418609,1.69923819816932,2.58799999999964,9.04488452238025,1.9301264107205,0.000604171710851832,0.199999999999701,1.55783611953108,1.70082878137909,2.58799999999974,9.04492193549766,0.679742282871737,0.505654713145161,0.544999999999999,0.0227281326635857,7.3207292184053,2.42734646957571,0.00953059540785466,0.003918
10.46,1.51879656111297,1.71337303480119,2.59199999999963,9.05586576136288,1.93798201969901,0.00059859057833695,0.199999999999701,1.52179191837082,1.71498999926824,2.59199999999974,9.05589988786752,0.677983513175921,0.503637185360988,0.545000000000004,0.0225921058562714,7.38220220439788,2.49559982032765,0.00956332851269458,0.0038579
10.48,1.48249275630813,1.72716866149931,2.59599999999962,9.06675938898612,1.94568935353534,0.000592992214036672,0.199999999999702,1.48544947635378,1.72881164080201,2.59599999999974,9.06679007371258,0.676080711745226,0.501674132780875,0.545000000000012,0.0224615307933932,7.44222897181731,2.56441178950135,0.00959767671031069,0.0038347
10.5,1.44589820361381,1.74062236526979,2.59999999999962,9.07756811223644,1.95324415735847,0.000587376334147934,0.199999999999706,1.44881591650085,1.74229099700537,2.59999999999974,9.07759520723116,0.674035978707723,0.499765528513515,0.545000000000018,0.0223363379104822,7.50079774827742,2.63376875421653,0.00963360187129866,0.0038181
10.52,1.40902007428467,1.75373150030942,2.60399999999961,9.08829460935049,1.96064230215981,0.000581742476592043,0.199999999999712,1.41189841889163,1.7554254259904,2.60399999999973,9.08831797368783,0.671851419584166,0.497911324374633,0.545000000000017,0.0222164600518733,7.55789704709869,2.70365698441513,0.00967106564885314,0.0044525
10.54,1.37186559557189,1.76649348853904,2.60799999999961,9.09894152966348,1.96787978375419,0.00057609002256424,0.199999999999719,1.37470421925705,1.76821235347397,2.60799999999973,9.09896102925945,0.669529145355584,0.496111453239777,0.545000000000016,0.0221018325105672,7.61351566957646,2.77406264555973,0.0097100295236604,0.0038764
10.56,1.33444204929549,1.77890582012252,2.6119999999996,9.10951149357467,1.97495272175424,0.000570418217157143,0.199999999999724,1.33724060756115,1.78064927328233,2.61199999999973,9.10952700099863,0.66707127252649,0.494365831258024,0.545000000000012,0.0219923930604174,7.66764270719228,2.84497180135287,0.00975045484678947,0.0038569
10.58,1.29675677040552,1.79096605397135,2.61599999999959,9.12000709262024,1.98185735855781,0.00056472618908639,0.199999999999729,1.29951492657225,1.79273374784218,2.61599999999973,9.12001848690508,0.664479923217972,0.492674359932075,0.545000000000019,0.0218880819822491,7.72026754376788,2.91637041647695,0.00979230288027099,0.0038334
10.6,1.25881714553232,1.80267181823475,2.61999999999959,9.13043088964464,1.98859005834937,0.000559012969576597,0.199999999999735,1.26153457042375,1.8044634086585,2.61999999999973,9.13043805609565,0.661757225420055,0.491036928068816,0.545000000000023,0.0217888420854227,7.77137985756149,2.98824435935396,0.00983553483519081,0.0050143
10.62,1.22063061152619,1.81402081077503,2.62399999999958,9.140785419062,1.9951473061217,0.000553277510333055,0.199999999999744,1.22330698316484,1.81583595677859,2.62399999999973,9.14078824906481,0.658905313271816,0.489453413608435,0.545000000000028,0.0216946187241379,7.82096962330581,3.06057940492457,0.00988011190776803,0.0052216
10.64,1.18220465398694,1.82501079962848,2.62799999999957,9.15107318719987,2.00152570671872,0.000547518700592695,0.199999999999754,1.18483965730147,1.82684916324275,2.62799999999972,9.15107157802773,0.655926327393979,0.487923685337565,0.54500000000003,0.0216053598097216,7.86902711418747,3.13336123744592,0.00992599531336432,0.0043117
10.66,1.14354680578348,1.83563962345128,2.63199999999957,9.16129667271801,2.00772198390115,0.000541735383260231,0.199999999999764,1.14614013232779,1.83750086952101,2.63199999999972,9.16129052733864,0.652822415268109,0.48644760449217,0.54500000000004,0.0215210158193771,7.91554290376743,3.20657545330752,0.00997314631855461,0.0039743
10.68,1.10466464556397,1.84590519195078,2.63599999999956,9.17145832709563,2.0137329794369,0.0005359263701319,0.199999999999779,1.10721599324843,1.84778898793621,2.63599999999972,9.17144755397778,0.649595731655556,0.485025026255879,0.545000000000045,0.0214415398018677,7.96050786784197,3.28020756386475,0.0100215262712838,0.0039766
10.7,1.06556579625671,1.85580548630175,2.63999999999956,9.18156057518067,2.01955565221718,0.000530090456216432,0.199999999999795,1.0680748690918,1.85771150207312,2.63999999999972,9.18154508810081,0.646248439057313,0.483655801159051,0.545000000000053,0.0213668873805581,8.00391318624391,3.35424299828927,0.0100710966291789,0.0038656
10.72,1.02625792356223,1.86533855954777,2.64399999999955,9.19160581579567,2.02518707739996,0.000524226433159058,0.199999999999814,1.02872443141483,1.86726646717362,2.64399999999972,9.19158553364478,0.642782708200351,0.482339776383967,0.545000000000046,0.021297016754211,8.04575034458368,3.42866710643577,0.0101218189861811,0.0039278
10.74,0.98674873443692,1.87450253698759,2.64799999999955,9.2015964223947,2.03062444558133,0.000518333101785856,0.199999999999831,0.989172392799298,1.87645201051782,2.64799999999971,9.20157126898541,0.639200718550878,0.481076796981136,0.545000000000045,0.0212318886958862,8.08601113592993,3.50346516172456,0.0101736550974626,0.0038337
10.76,0.947045975568435,1.8832956165464,2.65199999999955,9.21153474376657,2.03586506199571,0.000512409283787649,0.199999999999847,0.949426505340206,1.88526633179109,2.65199999999971,9.21150464764088,0.635504658862481,0.479866707001365,0.545000000000036,0.0211714665503046,8.12468766242928,3.57862236403919,0.010226566902772,0.0037609
10.78,0.907157431843327,1.89171606913214,2.65599999999955,9.22142310477988,2.04090634574588,0.000506453832555104,0.19999999999986,0.909494559126347,1.89370770343687,2.65599999999971,9.22138799901749,0.631696727728694,0.47870935054848,0.545000000000038,0.0211157162297988,8.16177233686496,3.65412384263871,0.0102805165482758,0.0037529
10.8,0.867090924807197,1.89976223897646,2.65999999999954,9.23126380716567,2.04574582906271,0.000500465643194421,0.199999999999873,0.869384380713459,1.90177447099524,2.65999999999971,9.23122362919316,0.62777913417186,0.477604572756729,0.545000000000039,0.0210646062093198,8.19725788415398,3.72995465908388,0.0103354664069378,0.0038799
10.82,0.826854311117718,1.90743254396074,2.66399999999954,9.24105913033406,2.05038115659579,0.000494443661739675,0.199999999999887,0.829103831590221,1.90946505342714,2.66399999999971,9.24101382173491,0.623754098232218,0.476552220697423,0.545000000000043,0.0210181075205137,8.23113734278258,3.80609981017662,0.0103913790975851,0.0038984
10.84,0.786455480990865,1.91472547592672,2.66799999999954,9.25081133222123,2.05481008473461,0.000488386893594541,0.199999999999903,0.78866080663741,1.91677794342424,2.66799999999971,9.25076083854695,0.619623851582767,0.475552144218398,0.545000000000046,0.0209761937451837,8.26340406617969,3.88254423091233,0.0104482175026085,0.0039341
10.86,0.745902356640688,1.92163960097203,2.67199999999954,9.26052265016379,2.05903048096098,0.000482294411223745,0.19999999999992,0.748063232580512,1.9237117077043,2.6719999999997,9.26046692074619,0.615390638149684,0.474604196720266,0.54500000000005,0.0209388410082359,8.29405172402801,3.95927279744421,0.0105059447845203,0.0038039
10.88,0.705202890712977,1.92817355973034,2.67599999999954,9.2701953017974,2.0630403232326,0.000476165361124876,0.199999999999938,0.707319066436094,1.93026498729212,2.6759999999997,9.27013428956211,0.611056714744416,0.473708235872907,0.545000000000053,0.0209060279702708,8.3230743035127,4.03627033005922,0.0105645244013214,0.0040287
10.9,0.664365064713142,1.93432606763634,2.67999999999954,9.27983148597734,2.06683769939798,0.000469998970110495,0.199999999999957,0.666436293952237,1.93643649778581,2.6799999999997,9.27976514725867,0.606624351705683,0.472864124275473,0.545000000000055,0.0208777358199546,8.35046611050719,4.11352159616478,0.010623920120826,0.0039215
10.92,0.62339688742866,1.94009591517536,2.68399999999953,9.2894333837183,2.07042080664272,0.000463794550928864,0.199999999999976,0.625422928043347,1.94222502960851,2.6839999999997,9.28936167807559,0.60209583355047,0.472071730063103,0.545000000000057,0.020853948266254,8.37622177069602,4.19101131328594,0.0106840960339238,0.0038467
10.94,0.58230639334641,1.94548196811767,2.68799999999953,9.29900315915147,2.07378795096724,0.000457551507254823,0.199999999999997,0.584287007219634,1.94762944824547,2.6879999999997,9.29892604918697,0.5974734596289,0.471330927463147,0.545000000000062,0.0208346515305798,8.40033623063452,4.26872415207209,0.0107450165669875,0.0038626
10.96,0.541101641065242,1.95048316773749,2.69199999999953,9.30854296049684,2.0769375466957,0.000451269338080899,0.200000000000019,0.54303659401158,1.95264869446634,2.6919999999997,9.30846041167524,0.592759544787839,0.470641597303758,0.545000000000064,0.0208198343389945,8.42280475874501,4.34664473931281,0.0108066464933393,0.0043778
10.98,0.499790711704109,1.95509853101664,2.69599999999953,9.31805492104899,2.07986811601629,0.000444947641543965,0.200000000000043,0.5016797733897,1.9572817845328,2.69599999999969,9.31796690151868,0.587956420039418,0.470003627477207,0.545000000000053,0.0208094879144382,8.44362294624951,4.42475766096215,0.0108689509439074,0.0045715
11,0.458381707306087,1.95932715083287,2.69999999999953,9.32754116017469,2.08257828855269,0.000438586118214836,0.200000000000062,0.460224651179904,1.96152781039128,2.69999999999969,9.32744764059082,0.583066431577057,0.469416913147379,0.544999999982824,0.020803605926874,8.46278670803858,4.50304746517074,0.0109318954173933,0.0041518
11.02,0.416882749239302,1.96316819613285,2.70399999999947,9.33700378432,2.0850668009005,0.000432184567169759,0.199999999993878,0.418679352474774,1.96538593985099,2.70399999999969,9.33690473767042,0.578091948250096,0.468881357992983,0.544999999989044,0.0208021846868692,8.48029228347635,4.58149866532515,0.0109954457796669,0.0041463
11.04,0.375301976592993,1.9666209120898,2.70799999999931,9.34644488802916,2.08733249646592,0.00042574291164567,0.199999999989934,0.377052020041067,1.96885541674694,2.70799999999969,9.34634028946052,0.573035351798067,0.4683968732361,0.544999999993603,0.0208052227604838,8.49613623714146,4.66009574309387,0.0110595682983643,0.0042186
11.06,0.333647544570555,1.96968462024575,2.71199999999909,9.35586655496968,2.0893743249173,0.000419261172453931,0.199999999987631,0.335350812723752,1.97193556108815,2.71199999999969,9.35575638161559,0.567899044679266,0.46796337883217,0.54499999999691,0.0208127213049251,8.51031545950374,4.7388231514792,0.0111242296277102,0.0041239
11.08,0.291927622881188,1.97235871863855,2.71599999999883,9.36527085896249,2.09119134195362,0.000412739482824464,0.199999999986519,0.293583903846896,1.97462576919092,2.71599999999968,9.36515508977546,0.562685448933279,0.467580803515487,0.544999999999258,0.0208246839177029,8.52282716753667,4.81766531787468,0.0111893968228185,0.0043653
11.1,0.250150394128359,1.9746426819135,2.71999999999856,9.3746598650203,2.09278270902998,0.000406178088234136,0.199999999986251,0.25175947961172,1.97692551379708,2.71999999999968,9.37453848060541,0.557397006878099,0.467249085033578,0.545000000000886,0.0208411166452061,8.53366890526533,4.89660664712715,0.0112550373466135,0.0041698
11.12,0.208324052196118,1.97653606141968,2.72399999999828,9.38403563039037,2.09414769311367,0.000399577346959397,0.19999999998657,0.209885737492119,1.9788343441774,2.72399999999968,9.38390861284115,0.552036181812152,0.466968170349434,0.545000000001976,0.0208620279778757,8.54283854424994,4.97563152460305,0.0113211190763885,0.0042828
11.14,0.16645680063362,1.97803848529103,2.72799999999802,9.39340020560149,2.09528566647047,0.000392937730490449,0.199999999987282,0.167970884627988,1.9803518862198,2.72799999999968,9.39326753833825,0.546605458721414,0.466738015812439,0.545000000002675,0.0208874288430694,8.55033428400479,5.05472431925823,0.0113876103098711,0.0041238
11.16,0.124556851038151,1.97914965851209,2.73199999999778,9.4027556355144,2.09619610648121,0.000386259823695102,0.199999999988245,0.126023136216642,1.98147784250277,2.73199999999968,9.40261730312508,0.541107344991955,0.466558587298799,0.545000000003081,0.0209173325973423,8.55615465235246,5.1338693867107,0.0114544797709695,0.0041969
11.18,0.0826324214370071,1.9798693629685,2.73599999999755,9.41210396037506,2.09687859548852,0.000379544324737479,0.199999999989354,0.0840507139026655,1.98221199235355,2.73599999999968,9.41195994845876,0.535544371128194,0.466429860322368,0.545000000003275,0.0209517550183486,8.56029850571344,5.21305107231577,0.0115216966151869,0.0043253
11.2,0.0406917346685196,1.98019745748231,2.73999999999735,9.4214472168701,2.09733282067365,0.000372792044779551,0.199999999990533,0.0420618441664943,1.98255419189144,2.73999999999967,9.4212975118834,0.529916794458775,0.466351493986315,0.54499997063835,0.0209906498915277,8.56276502933092,5.29225371424276,0.0115892308876738,0.0037484
11.22,-0.0012569823216975,1.98013387796843,2.74399999989146,9.43078743780078,2.09755848248678,0.000365993585007831,0.199999989420339,6.47567120511082e-05,1.98250437405595,2.74399999999967,9.43063202829008,0.524232129930269,0.466324154502308,0.544999981557615,0.0210342167473357,8.56355373744308,5.37146164655482,0.0116570394680409,0.0036778
11.24,-0.0432055011668389,1.97967863730426,2.74799999961347,9.44012665577814,2.09755558346507,0.00035916511937001,0.19999998278108,-0.0419323171462492,1.98206254861993,2.74799999999967,9.43996553097818,0.518490304246035,0.466347501702393,0.544999989541174,0.021082322319376,8.56266447341292,5.45065920229278,0.0117251030052973,0.0037589
11.26,-0.0851455945899531,1.97883182517523,2.75199999923144,9.4494669045239,2.09732412321768,0.000352304782654018,0.199999979015903,-0.0839211460968106,1.98122880218764,2.75199999999967,9.44930005271734,0.512693952319996,0.466421549142395,0.544999995295004,0.0211350269746669,8.56009740971451,5.52983071654785,0.01179339272974,0.0041424
11.28,-0.127069036949263,1.97759360818864,2.75599999879482,9.45881021729279,2.09686420618555,0.00034541319654507,0.199999977322104,-0.125893500444166,1.98000329817779,2.75599999999967,9.45863762680969,0.506845730033394,0.466546318768964,0.544999999375398,0.0211923637429587,8.55585304788572,5.60896052953724,0.0118618803704025,0.0043151
11.3,-0.168967605858125,1.97596422983532,2.75999999833902,9.46815862888054,2.09617604144436,0.000338491410519098,0.199999977097248,-0.167841153721968,1.97838627679146,2.75999999999966,9.46798028815193,0.500948329743299,0.466721846166027,0.545000002183461,0.0212543640763493,8.54993221843037,5.68803298968024,0.0119305380139356,0.0041029
11.32,-0.210833083805248,1.97394401043508,2.76399999788882,9.4775141768389,2.095259943118,0.00033154073305695,0.199999977883294,-0.209755884305352,1.97637805496503,2.76399999999966,9.47733007429649,0.495004469753495,0.466948176174972,0.545000004032993,0.0213210606012772,8.54233608065565,5.76703245667259,0.0119993381903115,0.0039653
11.34,-0.252657259776065,1.97153334706548,2.76799999746101,9.48687890256749,2.09411633036791,0.000324562637679342,0.199999979335171,-0.251629477022344,1.97397902630809,2.76799999999966,9.48668902651164,0.489016894816586,0.467225362102089,0.545000005179187,0.0213924879857196,8.53306612244468,5.84594330455823,0.0120682538863869,0.0042679
11.36,-0.294431930870345,1.96873271347608,2.77199999706636,9.49625485237004,2.09274572740181,0.000317558712792409,0.199999981199678,-0.293453724764007,1.97118966102619,2.77199999999966,9.49605919083967,0.48298837905388,0.467553466572208,0.54500000581257,0.0214686832825393,8.52212415996424,5.92474992479794,0.0121372585319577,0.004159
11.38,-0.336148903916519,1.96554265998822,2.77599999671128,9.50564407850373,2.0911487635984,0.000310530663445637,0.199999983292204,-0.335220430093005,1.96801050582877,2.77599999999966,9.50544261915282,0.476921726960434,0.467932561379703,0.545000006076177,0.021549685845882,8.50951233730793,6.00343672933429,0.0122063260046635,0.0039957
11.4,-0.377799997083331,1.9619638133799,2.77999999639899,9.51504864022762,2.08932617367079,0.000303480309714146,0.199999985479627,-0.376921406850275,1.96444218382196,2.77999999999966,9.51484137020625,0.470819774331111,0.468362727299305,0.545000006077838,0.0216355372962046,8.49523312607478,6.08198815365225,0.0122754306344457,0.004396
11.42,-0.419377041488647,1.9579968767557,2.78399999613047,9.5244706048478,2.08727879786518,0.000296409584922225,0.199999987667649,-0.418548481759482,1.96048539438643,2.78399999999965,9.5242575106874,0.464685389648901,0.468844053932219,0.545000005940141,0.0217262815091934,8.47928932488344,6.16038865983488,0.0123445472100226,0.0042463
11.44,-0.460871882805375,1.95364262940188,2.7879999959052,9.53391204875864,2.0850075822128,0.000289320536248247,0.1999999898061,-0.460093496028956,1.95614091304034,2.78799999999965,9.53369311626105,0.458521474194095,0.469376639336881,0.545000005756656,0.0218219645489843,8.4616840588221,6.23862273961359,0.0124136509839359,0.0039395
11.46,-0.502276382864137,1.94890192662664,2.79199999572205,9.54337505847874,2.08251357878367,0.00028221532113231,0.199999991878496,-0.501548306950786,1.95140959128731,2.79199999999965,9.5431502726093,0.452330961764948,0.469960589593707,0.545000005447062,0.021922634597215,8.44242077883421,6.31667491741221,0.0124827176640178,0.0038623
11.48,-0.543582421251651,1.94377569958577,2.79599999557923,9.55286173167928,2.07979794592675,0.000275096201728874,0.199999993839439,-0.542904789496763,1.94629235644955,2.79599999999965,9.55263107646556,0.446116822245797,0.470596018784605,0.54500000506524,0.0220283420452511,8.42150326104019,6.39452975338447,0.0125517234253949,0.0039916
11.5,-0.584781896905187,1.93826495509366,2.79999999547425,9.56237417820596,2.07686194864965,0.000267965551369914,0.199999995662925,-0.584154837910857,1.94079021148609,2.79999999999965,9.5621376366416,0.439882060937208,0.471283048396405,0.545000004642977,0.0221391393336623,8.39893560599529,6.47217184644416,0.0126206449108927,0.0037292
11.52,-0.625866729703209,1.9323707754196,2.80399999540423,9.57191452109362,2.07370695896802,0.000260825849894111,0.199999997334397,-0.625290367297919,1.9349042347962,2.80399999999965,9.57167207504667,0.433629719626486,0.472021806944464,0.545000004200483,0.0222550809389014,8.37472223788376,6.54958583728745,0.0126894592310817,0.0036509
11.54,-0.666828862051426,1.92609431806957,2.80799999536603,9.58148489757052,2.07033445629399,0.000253679682610678,0.199999998846571,-0.666303315208289,1.92863558000804,2.80799999999964,9.58123652769738,0.427362877818002,0.472812429638444,0.545000003761451,0.0223762233389788,8.34886790364943,6.62675641140674,0.0127581439638386,0.0037342
11.56,-0.707660260464116,1.91943681555351,2.81199999535651,9.59108746005247,2.06674602786983,0.000246529743590419,0.200000000200693,-0.707185643218016,1.92198547575252,2.81199999999964,9.59083314571711,0.421084653143777,0.473655057708182,0.545000003333345,0.0225026249041115,8.32137767206297,6.70366830209558,0.0128266771557586,0.0036306
11.58,-0.748352917140395,1.91239957513817,2.81599999537252,9.60072437712445,2.06294336921357,0.000239378832147224,0.200000001400697,-0.747929338504358,1.91495522542255,2.81599999999964,9.60046409632348,0.414798201996217,0.474549837573545,0.545000002886537,0.0226343457932558,8.29225693272607,6.78030629344388,0.0128950373215073,0.0037283
11.6,-0.788898851534859,1.90498397858575,2.81999999541093,9.61039783450662,2.05892828458544,0.000232229841560863,0.20000000243985,-0.788526415416271,1.90754620691753,2.81999999999964,9.61013156380227,0.408506715220575,0.475496916493916,0.54500000202763,0.0227714472218557,8.26151139501254,6.85665522332304,0.0129632034571382,0.0036361
11.62,-0.829290111920486,1.89719148188069,2.82399999546702,9.62011003598825,2.0547026872774,0.000225085625781798,0.200000003169797,-0.828968917039569,1.89975987237331,2.82399999999964,9.619837750466,0.402213439652439,0.476496455707562,0.545000001376637,0.022913994428568,8.22914708694686,6.93269998636031,0.0130311549339918,0.0037608
11.64,-0.869518776948811,1.88902361493917,2.82799999553538,9.62986320438107,2.05026860075853,0.00021794936583549,0.200000003665386,-0.869248916756459,1.89159774787758,2.82799999999963,9.62958487759517,0.395921655725681,0.47754861500863,0.54500000088513,0.0230620521102833,8.19517035402019,7.00842553690196,0.0130988716390916,0.0037668
11.66,-0.909576957205959,1.88048198130219,2.83199999561187,9.63965958245391,2.04562815891794,0.000210824314761752,0.200000003984033,-0.909358519799127,1.88306143317078,2.83199999999963,9.63937518636006,0.389634686944736,0.478653557116152,0.545000000519764,0.0232156869396717,8.15958785794414,7.08381689196444,0.0131663339134531,0.0036836
11.68,-0.949456796759178,1.87156825781714,2.83599999569342,9.64950143380957,2.0407836066815,0.000203713833384284,0.200000004171148,-0.949289864797098,1.87415260133253,2.83599999999963,9.64921093872063,0.383355900822439,0.479811446790181,0.545000000250599,0.0233749670152442,8.12240657534238,7.15885913417306,0.0132335225474452,0.0035716
11.7,-0.989150474696585,1.86228419430537,2.83999999577775,9.65939104374985,2.03573730066005,0.000196621396152864,0.200000004261364,-0.989035125318034,1.86487299845374,2.83999999999963,9.6590944183019,0.377088709838017,0.481022449953639,0.545000000050335,0.0235399616744133,8.08363379638059,7.23353741468764,0.0133004187736812,0.0039507
11.72,-1.02865020665985,1.85263161321589,2.84399999586315,9.66933072011457,2.0304917098293,0.000189550593639778,0.200000004279484,-1.0285865114017,1.8552244432944,2.84399999999963,9.66902793124198,0.370836572508698,0.482286732906987,0.544999999907591,0.0237107413704531,8.04327712333496,7.30783695611456,0.0133670042574348,0.0037143
11.74,-1.06794824636956,1.84261240926511,2.84799999594841,9.67932279409042,2.02504941624581,0.000182505140163172,0.200000004246217,-1.06793627108676,1.8452088269271,2.84799999999963,9.67901380700945,0.364602994273929,0.483604461140464,0.544999999806711,0.0238873774558659,8.0013444690995,7.38174305540476,0.0134332610884756,0.0036271
11.76,-1.10703688714299,1.83222854906276,2.85199999603264,9.68936962098531,2.01941311579114,0.000175488874381299,0.200000004176633,-1.10707669193018,1.83482811236641,2.85199999999962,9.68905439918678,0.358391528380857,0.484975798308679,0.544999999735436,0.0240699420405635,7.95784405563252,7.45524108673696,0.0134991717694002,0.0035083
11.78,-1.14590846340399,1.82148207072415,2.85599999611522,9.69947358096401,2.01358561894394,0.000168505763798943,0.20000000408139,-1.14600010251879,1.82408433418413,2.85599999999962,9.69915208621594,0.35220577706147,0.486400905139949,0.54499999968947,0.0242585078050567,7.9127844123425,7.5283165043857,0.0135647192021808,0.0035709
11.8,-1.1845553521847,1.81037508346872,2.85999999619573,9.70963707974177,2.00756985159137,0.000161559911946063,0.200000003969599,-1.18469887397292,1.81297959811058,2.85999999999962,9.70930927210196,0.346049392204225,0.487879938032046,0.54499999965835,0.0244531477507364,7.86617437441384,7.60095484557356,0.0136298866754457,0.0034347
11.82,-1.22296997461882,1.79890976720505,2.86399999627389,9.71986254923065,2.00136885585936,0.000154655560083115,0.200000003846606,-1.22316542144161,1.80151608062183,2.86399999999962,9.71952838707018,0.339926076537192,0.48941304788422,0.544999999640787,0.0246539350172528,7.81802308107254,7.67314173330711,0.0136946578466407,0.0034087
11.84,-1.26114479742624,1.78708837210238,2.86799999634953,9.73015244813405,1.99498579098181,0.000147797096469256,0.200000003717289,-1.26139220558923,1.78969602851318,2.86799999999962,9.72981188817204,0.333839584370956,0.491000378539879,0.544999999632302,0.0248609425858082,7.76833997379248,7.74486287919591,0.0137590167255722,0.0033832
11.86,-1.29907233438861,1.77491321814876,2.87199999642255,9.74050926248403,1.98842393419099,0.000140989060555303,0.200000003584918,-1.29937173407321,1.77752175845881,2.87199999999962,9.74016225983432,0.327793722554125,0.492642065271162,0.544999999627633,0.025074243017843,7.71713479444242,7.81610408625417,0.0138229476542455,0.0035383
11.88,-1.33674514781577,1.76238669469578,2.87599999649291,9.75093550611527,1.98168668163718,0.000134236149173615,0.200000003450866,-1.33709656301246,1.76499565655773,2.87599999999961,9.75058201434596,0.321792351369709,0.494338233217448,0.544999999626791,0.0252939081672506,7.66441758337416,7.88685125168443,0.0138864352843702,0.0035008
11.9,-1.37415585000258,1.74951125999024,2.87999999656058,9.76143372106996,1.97477754933522,0.000127543225770729,0.20000000331651,-1.37455929844642,1.75212017786614,2.87999999999961,9.76107369227619,0.315839385283143,0.496088995517213,0.544999999624503,0.025520008817231,7.61019867745224,7.95709036964277,0.0139494645546098,0.0034533
11.92,-1.41129710467609,1.73628944069254,2.88399999662556,9.77200647792656,1.96770017413152,0.000120915325346195,0.200000003181331,-1.41175259778426,1.73889784591626,2.88399999999961,9.77163986281745,0.309938793776653,0.497894451447997,0.544999999612251,0.0257526143371499,7.55448870802557,8.02680753398506,0.014012020664235,0.0035389
11.94,-1.44816162843258,1.7227238313822,2.88799999668779,9.78265637604448,1.96045831469492,0.000114357661040375,0.200000003041742,-1.448669171244,1.72533125222174,2.88799999999961,9.78228312404558,0.304094602230093,0.499754684848548,0.544999999609039,0.025991792377509,7.49729859884138,8.09598894099362,0.0140740890405237,0.0036345
11.96,-1.48474219216439,1.70881709405017,2.89199999674722,9.7933860437194,1.95305585253315,0.000107875644995512,0.200000002900996,-1.4853017832813,1.71142305576978,2.89199999999961,9.7930061030897,0.298310892417278,0.501669761529769,0.544999999617042,0.0262376082980375,7.43863956390183,8.16462089208391,0.0141356553135563,0.0037976
11.98,-1.52103162247624,1.6945719575783,2.89599999680386,9.80419813823874,1.9454967930192,0.000101474889723259,0.200000002763131,-1.52164325400766,1.69717598250001,2.8959999999996,9.80381145620317,0.2925918030913,0.503639727093415,0.544999999632678,0.0264901247819887,7.37852310526389,8.23268979649058,0.0141967052822443,0.0039425
12,-1.55702280309071,1.67999121720605,2.8999999968578,9.81509534582688,1.93778526643102,9.51612159714578e-05,0.200000002630895,-1.55768646059762,1.6825928247702,2.8999999999996,9.8147018687269,0.286941530655711,0.505664604618018,0.544999999653355,0.0267494013588028,7.31696101078263,8.30018217393252,0.014257224877997,0.0035584
12.02,-1.59270867624263,1.66507773398464,2.90399999690917,9.82608038147217,1.929925529008,8.8940663515376e-05,0.200000002506103,-1.59342433868491,1.66767644080904,2.9039999999996,9.82568005493494,0.281364329520768,0.507744392123108,0.544999999677135,0.0270154938623929,7.25396535179859,8.36708465725629,0.0143172001270493,0.0036566
12.04,-1.62808224406232,1.6498344342185,2.90799999695813,9.83715598862558,1.92192196401143,8.28195015765091e-05,0.200000002389871,-1.62884988374699,1.65242975415595,2.9079999999996,9.83674875775249,0.275864512485422,0.509879059883395,0.544999999702644,0.0272884538582016,7.18954848076961,8.43338399505742,0.0143766171101838,0.0037094
12.06,-1.66313656994717,1.63426430889433,2.91199999700486,9.84832493875953,1.91377908279005,7.68042395065795e-05,0.200000002282823,-1.66395615247801,1.63685575308811,2.9119999999996,9.84791074833493,0.27044645096813,0.512068547583205,0.544999999728891,0.0275683280281855,7.12372302884753,8.49906705427918,0.0144354619203352,0.0035721
12.08,-1.69786477992152,1.61837041309775,2.91599999704954,9.85959003077519,1.90550152584456,7.09016377110855e-05,0.200000002185224,-1.69873626414966,1.62095749003481,2.9159999999996,9.85916882549627,0.265114575107668,0.514312761305752,0.544999999755206,0.027855157510947,7.05650190340027,8.56412082278828,0.0144937206180681,0.0037146
12.1,-1.73226006398449,1.60215586541762,2.91999999709236,9.87095409024559,1.89709406388603,6.5118718760116e-05,0.200000002097098,-1.73318340195983,1.6047380809792,2.91999999999959,9.87052581497457,0.259873373395898,0.516611569210673,0.544999999739741,0.0281489769593571,6.98789828547975,8.6285324119269,0.0145513791957922,0.0038294
12.12,-1.76631567744573,1.58562384733871,2.92399999713337,9.88241996847643,1.88856159886937,5.94627405039613e-05,0.200000002003404,-1.76729081436871,1.58820070484764,2.92399999999959,9.88198456852094,0.254727393413827,0.518964801440253,0.544999999734437,0.0284498146207884,6.91792562723614,8.69228905904076,0.0146084234963729,0.0039268
12.14,-1.80002494224849,1.56877760262176,2.92799999717248,9.8939905413838,1.8799091650466,5.3941289831445e-05,0.200000001907802,-1.80105181642209,1.57134860288664,2.92799999999959,9.89354796279823,0.249681240562215,0.521372243650246,0.544999999742655,0.0287576904847862,6.84659764927896,8.75537812998255,0.0146648391948482,0.0038366
12.16,-1.83338124828006,1.5516204366711,2.93199999720971,9.90566870816837,1.87114192995983,4.85622483644937e-05,0.200000001815158,-1.83445979106168,1.55418507802766,2.93199999999959,9.90521889807445,0.244739577725643,0.523833634061737,0.544999999767461,0.0290726159241114,6.77392833798545,8.81778712159042,0.0147206117369182,0.0036091
12.18,-1.86637805466917,1.53415571589064,2.93599999724517,9.91745738975913,1.86226519541126,4.33338071654466e-05,0.200000001731443,-1.86750819042201,1.5367134942398,2.93599999999959,9.91700029669543,0.239907124387152,0.526348659422859,0.544999999803284,0.0293945927257856,6.69993194275684,8.87950366414082,0.0147757262953115,0.0036077
12.2,-1.89900889107032,1.51638686702821,2.93999999727909,9.92935952702025,1.85328439838888,3.82644732395912e-05,0.200000001660626,-1.90019053711389,1.51893727587046,2.93999999999959,9.92889510132018,0.235188655573817,0.528916950907346,0.544999999838711,0.0297236121181386,6.62462297322295,8.94051552377547,0.0148301677192378,0.0036304
12.22,-1.93126735893467,1.49831737650824,2.94399999731173,9.94137807870276,1.84420511194154,3.33630757833371e-05,0.200000001602562,-1.93250042549397,1.5008599069743,2.94399999999958,9.9409062729019,0.230589000619895,0.531538080094876,0.544999999873102,0.0300596537834239,6.54801619639571,9.00081060490175,0.0148839204756423,0.0034774
12.24,-1.96314713276741,1.47995078975298,2.94799999734332,9.95351601912378,1.83503304599667,2.86387822316314e-05,0.200000001556879,-1.96443152292033,1.48248493063038,2.94799999999958,9.95303678839657,0.226113041467222,0.534211554320559,0.544999999906061,0.030402684725058,6.47012663377209,9.06037695256627,0.0149369686056607,0.0034378
12.26,-1.99464196137128,1.46129071049203,2.95199999737412,9.96577633555438,1.8257740481029,2.41011063549783e-05,0.20000000152306,-1.99597757099364,1.46381594824779,2.95199999999958,9.96528963818061,0.221765710692903,0.536936811970985,0.544999999937355,0.0307526581357868,6.390969558387,9.11920275480101,0.0149892956794134,0.0034311
12.28,-2.02574566907597,1.44234080006054,2.95599999740435,9.97816202529611,1.81643410408738,1.97599159264276e-05,0.200000001500508,-2.02713238678389,1.44485661885982,2.95599999999958,9.97766782315808,0.217551989177102,0.539713217582865,0.544999999966888,0.0311095122001378,6.31056049181682,9.17727634494159,0.015040884754567,0.0034554
12.3,-2.05645215695337,1.42310477668604,2.95999999743424,9.99067609242637,1.80701933861441,1.56254392393883e-05,0.200000001488588,-2.05788986404229,1.42561065840692,2.95999999999958,9.99017435153756,0.213476903378655,0.542540056746789,0.544999999994644,0.0314731688389227,6.22891520113389,9.23458620391727,0.0150917183400693,0.0034463
12.32,-2.08675540401834,1.40358641476419,2.963999997464,10.0033215441925,1.7975360156307,1.17082701554723e-05,0.200000001486659,-2.08824397439811,1.40608183900835,2.96399999999957,10.0028122352582,0.209545522173271,0.545416530765238,0.545000000016102,0.0318435323832187,6.1460496958128,9.29112096251222,0.0151417783640405,0.0035286
12.34,-2.11664946841474,1.38378954412327,2.96799999749379,10.0161013870331,1.787990538681,8.01936967244026e-06,0.200000001492456,-2.11818876854031,1.38627398822299,2.96799999999957,10.0155844860438,0.205762953274581,0.548341751342526,0.545000000036894,0.0322204882641836,6.06198022458892,9.34686940359756,0.0151910461585092,0.0034254
12.36,-2.14612848858668,1.36371804927781,2.97199999752377,10.0290186222073,1.77838945107875,4.57007119349793e-06,0.200000001505738,-2.14771837738365,1.36619098829918,2.97199999999957,10.028494111064,0.202134339092725,0.551314734787946,0.545000000057349,0.0326039015302204,5.97672327226971,9.40182046433377,0.015239502441865,0.0035393
12.38,-2.17518668443459,1.34337586867112,2.97599999755409,10.0420762410086,1.76873943591093,1.3720768714768e-06,0.200000001526384,-2.17682701321907,1.34583677541387,2.97599999999957,10.0415441081808,0.198664852094368,0.554334396244996,0.545000000077304,0.0329936154211055,5.89029555649958,9.45596323834302,0.0152871273200525,0.0034476
12.4,-2.2038183584561,1.32276699390713,2.9799999975849,10.055277219543,1.75904731585858,-1.56254603775989e-06,0.200000001554213,-2.20550897084815,1.3252153389012,2.97999999999957,10.0547374607583,0.195359689578468,0.557399543736808,0.54500000009665,0.0333894498653136,5.80271402447875,9.50928697785103,0.015333900300249,0.0034397
12.42,-2.23201789687126,1.30189546897141,2.98399999761633,10.0686245130502,1.74932005281194,-4.22137190132044e-06,0.200000001589007,-2.2337586287014,1.30433072047067,2.98399999999957,10.0680771320159,0.192224067832675,0.560508872074148,0.545000000115322,0.0337911999435666,5.71399584963684,9.5617810957979,0.0153798003200026,0.0035872
12.44,-2.25977977073231,1.2807653894416,2.98799999764852,10.082121049747,1.73956474725714,-6.5916269403868e-06,0.200000001630523,-2.26157044994011,1.28318701341507,2.98799999999956,10.0815660589023,0.189263215629553,0.563660956652332,0.545000000133286,0.0341986343271649,5.62415842826166,9.61343516791765,0.0154248057942884,0.0037995
12.46,-2.28709853701729,1.25938090168724,2.99199999768161,10.0957697241738,1.7297886374107,-8.66020327784596e-06,0.200000001678506,-2.28893898354168,1.26178836180821,2.99199999999956,10.0952071454708,0.186482367020146,0.566854247161882,0.545000000150518,0.0346114936991389,5.53321937608405,9.66423893478594,0.0154688946825679,0.0035568
12.48,-2.31396883970771,1.23774620205911,2.99599999771573,10.1095733900235,1.71999909807615,-1.04136771939035e-05,0.200000001732692,-2.31585886536804,1.24013895969281,2.99599999999956,10.1090032557362,0.183886753382288,0.570087061242107,0.545000000166995,0.0350294891689612,5.44119652481924,9.71418230383554,0.0155120445779673,0.0035192
12.5,-2.34038541084989,1.21586553606825,2.99999999775098,10.123534852437,1.7102036391958,-1.18383319990232e-05,0.20000000179281,-2.34232481921712,1.21824305025854,2.99999999999956,10.1229572059954,0.181481594681145,0.573357578111265,0.5450000001827,0.0354523006932499,5.34810791866538,9.76325535133924,0.0155542328208781,0.0033877
12.52,-2.36634307159968,1.19374319755457,3.00399999778749,10.1376568597483,1.70040990406919,-1.29201859398724e-05,0.200000001858582,-2.36833165785704,1.1961049250104,3.00399999999956,10.1370717565955,0.179272089900522,0.576663832211648,0.545000000197606,0.035879575516869,5.25397181076007,9.8114483243596,0.0155954366385148,0.0034146
12.54,-2.39183673325053,1.17138352784534,3.00799999782538,10.1519420946651,1.69062566720851,-1.36450255584978e-05,0.200000001929721,-2.39387428404287,1.17372892292769,3.00799999999956,10.1513496031335,0.177263406604373,0.580003706913418,0.545000000211654,0.0363109266507557,5.1588066595953,9.85875164266537,0.0156356333124589,0.003545
12.56,-2.41686139824466,1.14879091490341,3.01199999786473,10.166393164874,1.68085883179972,-1.39984449113555e-05,0.200000002005916,-2.41894769151578,1.15111942961364,3.01199999999955,10.1657933670775,0.175460669590396,0.583374928326131,0.545000000224793,0.0367459314048043,5.0626311253917,9.90515590061397,0.0156748003752017,0.0036546
12.58,-2.44141216116692,1.12596979246551,3.01599999790566,10.1810125930618,1.67111742673707,-1.39658910477505e-05,0.200000002086842,-2.4435469659843,1.12828087643593,3.01599999999955,10.1804055857996,0.173868948600045,0.586775059272851,0.545000000236927,0.0371841299962329,4.96546406643263,9.95065186899968,0.0157129158367741,0.0039697
12.6,-2.46548420972138,1.10292463917042,3.01999999794825,10.1958028063483,1.66140960319733,-1.35327161196235e-05,0.200000002172136,-2.46766728608762,1.10521773965816,3.01999999999955,10.1951887020143,0.172493245053001,0.590201493487524,0.545000000247945,0.0376250242560277,4.86732453535893,9.99523049686721,0.0157499584416563,0.0035783
12.62,-2.4890728256903,1.07965997767734,3.02399999799259,10.210766125129,1.65174363071961,-1.26842364650103e-05,0.200000002261396,-2.49130392434061,1.08193453956264,3.02399999999955,10.2101450526229,0.171338477778781,0.593651450102396,0.545000000257703,0.0380680764581186,4.76823177542483,10.0388829132902,0.0157859079555241,0.00384
12.64,-2.51217338587518,1.05618037377441,3.02799999803874,10.2259047513332,1.64212789275505,-1.14057989661887e-05,0.200000002354169,-2.51445224806052,1.05843583956445,3.02799999999955,10.225276856965,0.170409467723537,0.597121968498376,0.545000000266026,0.0385127082980172,4.66820521671605,10.0816004291143,0.0158207454807928,0.0037338
12.66,-2.53478136301982,1.03249043547745,3.03199999808678,10.2412207561056,1.63257088165107,-9.68285492886854e-06,0.200000002449938,-2.53710772027498,1.0347262453171,3.03199999999954,10.2405862044882,0.169710921617018,0.600609903597452,0.545000000272718,0.0389583000497875,4.56726447233042,10.1233745386641,0.0158544537986132,0.0034374
12.68,-2.55689232671492,1.00859481211915,3.03599999813676,10.2567160669283,1.62308119303374,-7.50104166341897e-06,0.200000002548117,-2.55926590061133,1.01081040380986,3.03599999999954,10.2560750418486,0.169247414592772,0.604111921684032,0.545000000277622,0.0394041899321849,4.46542933452205,10.1641969214143,0.0158870177341501,0.0035201
12.7,-2.57850194428422,0.984498193428604,3.03999999818873,10.2723924542035,1.61366751955249,-4.84627181107012e-06,0.200000002648061,-2.58092244616701,0.986693002457046,3.03999999999954,10.2717451594653,0.16902337176224,0.607624496839345,0.545000000280455,0.0398496737145249,4.36271977080974,10.204059443624,0.0159184245410038,0.0035494
12.72,-2.59960598165166,0.960205308601442,3.0439999982427,10.2882515173287,1.60433864395147,-1.70483061343431e-06,0.200000002749024,-2.60207311236077,0.962378768179332,3.04399999999954,10.2875981775567,0.16904304875632,0.611143908090799,0.545000000280741,0.0402940045979432,4.25915592005013,10.2429541599337,0.0159486642989778,0.003485
12.74,-2.62020030418951,0.935720925360616,3.04799999829869,10.3042946703,1.5951034314327,1.93651902753171e-06,0.200000002850091,-2.62271375376464,0.937872466477334,3.04799999999954,10.3036355316965,0.16931051126031,0.614666237385485,0.545000000278149,0.0407363934076512,4.15475808847678,10.2808733149257,0.0159777303177472,0.003491
12.76,-2.64028087754693,0.911049849007929,3.05199999835669,10.3205231268915,1.5859708212778,6.09042420291548e-06,0.200000002950225,-2.64284032491649,0.913178900497623,3.05199999999954,10.3198584579341,0.169829613576546,0.618187368475522,0.545000000272306,0.0411760091257731,4.04954674570553,10.3178093446458,0.0160056195392489,0.0037404
12.78,-2.659843768459,0.886196921466466,3.05599999841668,10.3369378854659,1.57694981769638,1.07688223124105e-05,0.200000003048255,-2.66244888111294,0.888302910091356,3.05599999999953,10.3362679775363,0.170603976269443,0.621702986835856,0.545000000262795,0.0416119798048554,3.94354252070721,10.3537548780876,0.0160323329284852,0.003894
12.8,-2.67888514553556,0.861167020314051,3.05999999847859,10.353539713482,1.56804947987193,1.59828146832195e-05,0.200000003142861,-2.68153557918253,0.863249370865712,3.05999999999953,10.3528648814138,0.171636962960933,0.625208580722908,0.545000000249175,0.0420433938940818,3.83676619774834,10.3887027386377,0.0160578758423257,0.0038655
12.82,-2.69740128002979,0.835965057807879,3.06399999854234,10.3703291317762,1.55927891117902,2.174253412016e-05,0.200000003232564,-2.70009667823896,0.838023193228307,3.06399999999953,10.3696497143107,0.172931656373506,0.628699443544807,0.545000000232993,0.0424693020234008,3.72923871230071,10.4226459454831,0.0160822583621928,0.0036509
12.84,-2.71538854658612,0.810595979900477,3.06799999860783,10.387306398704,1.55064724754964,2.80570092373816e-05,0.200000003316442,-2.71812854041429,0.812629321424784,3.06799999999953,10.386622758841,0.174490833702817,0.632170677540178,0.545000000216674,0.0428887192419012,3.62098114692061,10.4555777149779,0.016105495583071,0.0036115
12.86,-2.73284342396702,0.785064765247166,3.07199999867494,10.4044714942414,1.54216364497008,3.49340241709158e-05,0.200000003394444,-2.73562763157192,0.787072732569774,3.07199999999953,10.4037840194742,0.176316941386129,0.63561719856069,0.545000000191526,0.0433006276911516,3.51201472709861,10.4874914619719,0.0161276078569854,0.0035306
12.88,-2.74976249575863,0.759376424205327,3.07599999874352,10.421824104153,1.53383726609253,4.23799623034278e-05,0.200000003463394,-2.75259052199923,0.761358435671393,3.07599999999952,10.4211332065757,0.178412069643683,0.639033743286369,0.54500000015794,0.0437039800381514,3.4023608170806,10.5183808010984,0.0161486209292271,0.0035019
12.9,-2.76614245105465,0.733535997825677,3.07999999881335,10.4393636043503,1.52567726596077,5.0399668213047e-05,0.200000003520252,-2.76901388707973,0.735491470649495,3.07999999999952,10.4386697206267,0.180777926665837,0.642414877446855,0.545000000116045,0.0440977031898253,3.2920409156611,10.5482395480224,0.0161685660165047,0.0033611
12.92,-2.78198008511822,0.707548556835683,3.08399999888418,10.4570890455725,1.51769277684458,5.8996299716226e-05,0.200000003562028,-2.78489450794458,0.709476907347851,3.08399999999952,10.4563926367544,0.183415812800224,0.645755006004221,0.545000000066074,0.0444807026853622,3.18107665194971,10.5770617206477,0.0161874797788493,0.0035689
12.94,-2.79727230002128,0.681419200615479,3.08799999895566,10.4749991385315,1.5098928921913,6.81711829362261e-05,0.200000003585815,-2.80022927210338,0.68331984454046,3.08799999999952,10.4743006897161,0.186326594907277,0.64904838517236,0.545000000008312,0.0448518676273717,3.06948978111137,10.6048415402837,0.0162054041828297,0.0035767
12.96,-2.81201610526131,0.655153056166557,3.0919999990274,10.4930922396732,1.50228664970993,7.79236712865454e-05,0.200000003588807,-2.8150151740541,0.657025408932183,3.09199999999952,10.492392259491,0.18951068111568,0.652289136351211,0.544999999943232,0.0452100761646108,2.95730218008169,10.631573432771,0.0162223862462621,0.0034304
12.98,-2.82620861835479,0.628755277073561,3.09599999909897,10.5113663377172,1.49488301361218,8.82510107311196e-05,0.200000003568371,-2.82924931587199,0.630598754153894,3.09599999999952,10.5106653576428,0.192967996225306,0.655471262020134,0.544999999871593,0.0455542015111181,2.84453584325793,10.6572520295653,0.0162384776578752,0.0033561
13,-2.83984706540732,0.602231042459557,3.09999999916988,10.5298190411442,1.48769085604465,9.914821377725e-05,0.200000003522144,-2.84292890777736,0.604045059752349,3.09999999999951,10.5291176146224,0.19669795792623,0.658588662805026,0.544999999758131,0.0458831183901902,2.73121287816675,10.6818721687799,0.0162537342977217,0.0036431
13.02,-2.85292878165996,0.575585555935316,3.10399999923945,10.5484475668035,1.4807189377525,0.000110607913621177,0.200000003435071,-2.85605126868224,0.577369530174965,3.10399999999951,10.5477462681891,0.200699454507638,0.66163515887183,0.544999999617506,0.0461957102639925,2.61735550110968,10.7054288961865,0.0162682155320601,0.0034453
13.04,-2.86545121201164,0.548824044542853,3.10799999930678,10.5672487298242,1.47397588804204,0.000122620294312524,0.200000003297374,-2.86861382671559,0.550577393749722,3.10799999999951,10.5665481531304,0.204970823933964,0.664604512563685,0.544999999524893,0.0464908767390677,2.50298603278715,10.7279174661733,0.0162819834365481,0.0033848
13.06,-2.87741191151594,0.521951757693144,3.11199999937101,10.5862189350142,1.46747018410488,0.000135173062974674,0.200000003126335,-2.88061411972715,0.523673901660365,3.11199999999951,10.5855196924639,0.209509834720044,0.667490453123236,0.544999999611855,0.0467675413927114,2.38812689390213,10.7493333426609,0.0162951019312875,0.0034064
13.08,-2.88880854585167,0.494973966098217,3.11599999943214,10.6053541699286,1.46121012978256,0.000148251474232965,0.200000002986603,-2.89204979576978,0.496664326917133,3.11599999999951,10.6046568903053,0.214313667241211,0.670286687401229,0.544999999502989,0.0470246582346286,2.27280060074448,10.7696721999762,0.0163076361683082,0.0034688
13.1,-2.8996388917717,0.467895960701019,3.11999999949008,10.6246499997485,1.45520383379003,0.000161837797322468,0.200000002807679,-2.90291861356009,0.469553963323203,3.11999999999951,10.6239553265803,0.219378901830287,0.672986952444421,0.544999999439887,0.0472612236686175,2.15702976075691,10.7889299236826,0.0163196507441579,0.0035371
13.12,-2.9099008375261,0.440723051601254,3.12399999954422,10.644101564191,1.44945918767889,0.000175911841877586,0.200000002606038,-2.91321844291747,0.442348124437047,3.1239999999995,10.6434101537556,0.224701504886406,0.675585026792361,0.544999999411009,0.0474762814490288,2.04083706808339,10.8071026113682,0.0163312090830375,0.0034317
13.14,-2.91959238325645,0.413460566976264,3.12799999959422,10.6637035766097,1.44398384346671,0.000190450742718655,0.200000002394001,-2.92294726518121,0.415052142530926,3.1279999999995,10.6630160957518,0.230276820517314,0.678074765354799,0.544999999407522,0.0476689326008826,1.92424529910135,10.8241865733899,0.0163423721166304,0.0033581
13.16,-2.92871164136581,0.386113852000156,3.13199999963997,10.6834503253956,1.4387851911525,0.000205428999181734,0.200000002180709,-2.93210317360587,0.387671367545705,3.1319999999995,10.6827674491893,0.236099564762501,0.680450130349693,0.544999999421829,0.0478383433448728,1.80727730793852,10.8401783335755,0.0163531970909428,0.0035022
13.18,-2.93725683686269,0.358688267760881,3.1359999996815,10.703335677834,1.43387033622493,0.000220818516721605,0.200000001972567,-2.94068437373457,0.360211166042208,3.1359999999995,10.7026580871013,0.242163823569148,0.682705223781872,0.544999999448089,0.0479837532776408,1.68995602197549,10.8550746298815,0.0163637363894118,0.0034604
13.2,-2.94522630767894,0.331189190175934,3.13999999971897,10.7233530865252,1.42924607731394,0.000236588685048466,0.200000001773879,-2.94868918375035,0.332676920149313,3.1399999999995,10.7226814652276,0.248463054484443,0.684834320337789,0.544999999481873,0.0481044830143162,1.57230443733505,10.8688724150082,0.0163740364065932,0.0033939
13.22,-2.95261850496159,0.303622008907224,3.14399999975258,10.743495598458,1.42491888413361,0.000252706480882842,0.200000001587354,-2.9561160348054,0.305074026508995,3.14399999999949,10.7428306309809,0.254990066253728,0.686831991576937,0.544999999520303,0.0481999207893935,1.45434561435936,10.8815688569711,0.016384136534002,0.0029943
13.24,-2.95943199329897,0.275992126276559,3.1479999997826,10.7637558663562,1.42089487487807,0.000269141039423184,0.200000001414663,-2.96296347132818,0.27740789521853,3.14799999999949,10.7630982351479,0.261737157922884,0.688692686866315,0.544999999559392,0.0482696469405636,1.33610267307643,10.893161339629,0.0163940685315633,0.0029944
13.26,-2.96566545103877,0.248304956179289,3.15199999980931,10.784126164475,1.4171797992691,0.000285846842791243,0.200000001256044,-2.96923015130825,0.249683948770064,3.15199999999949,10.7834765463611,0.26869587776262,0.690411659705594,0.544999999599196,0.0483131624462509,1.2175987886571,10.9036474631687,0.016403854320429,0.0029527
13.28,-2.97131767050481,0.220565922999633,3.15599999983298,10.804598405181,1.41377901221785,0.000302787265380635,0.200000001111755,-2.97491484655896,0.221907620987746,3.15599999999949,10.8039574683419,0.275857290172497,0.691984130401502,0.544999999637874,0.0483302326125682,1.09885718685868,10.913025044546,0.0164135075765147,0.0040672
13.3,-2.97638755810427,0.192780460530812,3.15999999985392,10.825164157983,1.41069745852104,0.000319921949621994,0.200000000981389,-2.98001644295773,0.194084355962659,3.15999999999949,10.8245325598838,0.283211881068641,0.693405724728986,0.544999999674678,0.0483206707686292,0.979901139464652,10.9212921178842,0.0164230318380915,0.003499
13.32,-2.98087413452588,0.164954010893741,3.16399999987237,10.8458146732745,1.40793965381389,0.000337208415355665,0.200000000864273,-2.98453394066405,0.166219606985731,3.16399999999949,10.8451930575064,0.290749603704811,0.694672439917591,0.544999999709135,0.0482844068125871,0.86075395971711,10.9284469348281,0.0164324206846085,0.0034753
13.34,-2.9847765348794,0.137092023459243,3.16799999988861,10.8665409073176,1.40550966757208,0.000354602859315608,0.200000000759562,-2.98846645431505,0.138318835478857,3.16799999999948,10.8659299006782,0.29845991039092,0.695780668537462,0.544999999740993,0.0482214861858868,0.741438997742581,10.9344879648561,0.0164416577731061,0.003408
13.36,-2.98809400880631,0.109199953773573,3.17199999990287,10.8873335497536,1.4034111075637,0.000372060626135085,0.20000000066632,-2.99181321319869,0.110387509924426,3.17199999999948,10.8867337594648,0.306331773661323,0.696727237759818,0.544999999770238,0.0481320576947831,0.621979635972885,10.9394138955486,0.016450717112547,0.0031233
13.38,-2.99082592055755,0.0812832624927424,3.17599999991537,10.9081830531146,1.40164710532225,0.000389537579294826,0.200000000583605,-2.99457356140447,0.0824311047934715,3.17599999999948,10.9075950644275,0.314353710232442,0.697509272843799,0.544999999795698,0.0480163641084826,0.50239928456219,10.9432236328135,0.0164595637526991,0.0030519
13.4,-2.99297174909941,0.0533474143426621,3.17999999992631,10.9290796636936,1.40022030269229,0.000406985733490861,0.200000000510056,-2.99674695795165,0.0544550994726633,3.17999999999948,10.9285040385609,0.32251413161982,0.698124721023968,0.544999999820917,0.0478750433598675,0.382721376800824,10.9459163010696,0.0164681522743614,0.0033713
13.42,-2.99453108811254,0.0253978769747822,3.18399999993586,10.9500134599156,1.39913285254976,0.000424361897934961,0.200000000445587,-2.99833297689504,0.0264649771903299,3.18399999999948,10.9494507310278,0.330800598574727,0.698571592965625,0.544999999842255,0.0477081904839924,0.262969364525655,10.9474912433877,0.0164764336049642,0.0034245
13.44,-2.99550364598223,-0.00255988007664937,3.18799999994421,10.9709743836056,1.39838638971296,0.000441615961298056,0.200000000388798,-2.99933130740818,-0.00153377605825728,3.18799999999948,10.9704250524188,0.33920075334992,0.698848618004414,0.544999999861211,0.0475166577815338,0.143166713532685,10.9479480215848,0.0164843496223249,0.0033925
13.46,-2.99588924584196,-0.0305203863733938,3.19199999995148,10.9919522732681,1.39798203942293,0.000458704985135698,0.200000000338835,-2.99974175384411,-0.0295356725861387,3.19199999999947,10.9914168112427,0.347701896135928,0.698954981528854,0.544999999877839,0.0473011097235185,0.02333689898737,10.9472864162814,0.0164918371653943,0.003378
13.48,-2.99568782552747,-0.0584781716640438,3.19599999995782,11.0129369058971,1.39792040884989,0.000475585067156955,0.200000000294856,-2.99956423577348,-0.0575352240902467,3.19599999999947,11.012415751329,0.356291135344435,0.698890376691742,0.544999999892159,0.0470623383261487,-0.0964965991643592,10.9455064269151,0.0164988293629079,0.0033501
13.5,-2.99489943752544,-0.0864277669282505,3.19999999996333,11.0339180336435,1.3982015846415,0.000492213154113901,0.200000000256034,-2.9987987880002,-0.0855269427271003,3.19999999999947,11.0334115898144,0.364955440075039,0.698655007279744,0.544999999904009,0.0468012280598747,-0.216310300783229,10.9426082717124,0.0165052569304091,0.0033668
13.52,-2.9935242489012,-0.114363705415708,3.2039999999681,11.0548854216302,1.39882513261241,0.000508547573863084,0.200000000221477,-2.99744556055454,-0.113505342188406,3.20399999999947,11.0543940553682,0.373681693178603,0.698249586336532,0.544999999912969,0.0465187432841555,-0.336080730121283,10.9385923876187,0.0165110496310342,0.0035324
13.54,-2.99156254120564,-0.142280523680074,3.20799999997222,11.075828885804,1.399790099564,0.000524548345351595,0.200000000190145,-2.99550481866364,-0.141464938776353,3.20799999999947,11.0753529263156,0.382456744441036,0.6976753314748,0.544999999918945,0.0462159189200363,-0.455784420403239,10.9334594301867,0.0165161377629397,0.0036047
13.56,-2.98901471036167,-0.170172762607911,3.21199999997573,11.0967383303608,1.40109501721498,0.000540177461463285,0.200000000160966,-2.99297694269956,-0.169400252478394,3.21199999999947,11.0962780683115,0.39126746321614,0.696933955220757,0.544999999922015,0.0458938510827763,-0.575397918403704,10.9272102734239,0.0165204536241775,0.0034839
13.58,-2.98588126653043,-0.198034968442698,3.21599999997867,11.1176037843898,1.40273790819858,0.000555399122248128,0.200000000132891,-2.98986242810476,-0.1973058080413,3.21599999999946,11.1171594712323,0.400100790120904,0.696027651952203,0.544999999922238,0.0455536875552564,-0.694897789019447,10.9198460095984,0.0165239329095399,0.0034595
13.6,-2.98216283395823,-0.225861693804047,3.21999999998105,11.1384154374112,1.40471629406657,0.000570179933486202,0.200000000104897,-2.98616188529504,-0.225176136044282,3.21999999999946,11.1379872849602,0.40894378728711,0.694959081702283,0.544999999919819,0.0451966180794534,-0.814260619835931,10.9113679490045,0.016526516007484,0.0038966
13.62,-2.97786015080464,-0.253647498702282,3.22399999998285,11.1591636735067,1.40702720522127,0.000584489081779021,0.200000000076032,-2.9818760395401,-0.253005773970972,3.22399999999946,11.1587518537572,0.417783685219492,0.693731343170445,0.544999999664316,0.0448238639454603,-0.933463025687341,10.9017776196872,0.0165281493728224,0.0035306
13.64,-2.97297406895535,-0.281386951548561,3.22799999998317,11.1798391037516,1.40966719261665,0.000598298186587262,0.199999999955185,-2.97700573082149,-0.280789267280041,3.22799999999946,11.1794437489465,0.426607934349936,0.692347980651982,0.544999999720983,0.0444366710795013,-1.05248165320941,10.8910767671266,0.0165287857045136,0.0034552
13.66,-2.96750555381075,-0.309074630160959,3.23199999998127,11.2004325967444,1.41263234140569,0.00061158230289729,0.199999999854739,-2.97155191366822,-0.308521170474271,3.23199999999946,11.2000537996476,0.435404240079158,0.690812915085229,0.544999999762807,0.0440362954378664,-1.17129318538437,10.8792673538814,0.0165283861011033,0.0035753
13.68,-2.96145568405693,-0.336705122766551,3.23599999997751,11.2209353069589,1.41591828584827,0.00062431907885258,0.19999999976935,-2.96551565696989,-0.336196048167842,3.23599999999945,11.2205731213402,0.444160608175571,0.68913044564576,0.544999999793287,0.0436239983565433,-1.28987434607693,10.8663515591926,0.0165269198631444,0.0035711
13.7,-2.95482565142549,-0.364273028999846,3.23999999997215,11.2413387007221,1.41952022587311,0.000636489142171847,0.199999999694933,-2.95889814376753,-0.363808476151645,3.23999999999945,11.2409931420689,0.45286538027069,0.687305213225559,0.544999999815241,0.0432010360370937,-1.408201904561,10.8523317785477,0.0165243652016976,0.0040434
13.72,-2.94761676043334,-0.391772960897915,3.24399999996538,11.2616345797215,1.4234329448902,0.000648076111037184,0.199999999628419,-2.95170067102193,-0.391353042456417,3.24399999999945,11.2613056261303,0.461507267060415,0.685342169535766,0.544999999830925,0.0427686515934884,-1.52625268003635,10.8372106232037,0.0165207095482709,0.0034549
13.74,-2.93983042810545,-0.419199543892491,3.24799999995734,11.2818151018871,1.42765082874521,0.000659066585529264,0.199999999567553,-2.94392464935989,-0.418824348413466,3.24799999999945,11.2815026951271,0.470075396465341,0.683246929024028,0.545000000569605,0.0423280964921921,-1.64400354613456,10.8209909196716,0.0165159493457456,0.0034741
13.76,-2.93146818352492,-0.446547417759959,3.25199999995074,11.3018728001945,1.43216788655359,0.000669465282337123,0.19999999977261,-2.93557160279797,-0.446217009712802,3.25199999999945,11.3015768463038,0.478559263628038,0.68102420846814,0.545000000406062,0.0418804894512462,-1.76143143541139,10.8036757091613,0.0165100943995519,0.0036194
13.78,-2.92253166767795,-0.473811237642012,3.25599999994766,11.3218005970004,1.43697776900194,0.000679248590030742,0.199999999918792,-2.92664316844428,-0.473525657458464,3.25599999999945,11.3215209681204,0.486948867118471,0.678680068450366,0.545000000282978,0.0414270552711678,-1.87851334382299,10.7852682469882,0.016503157378143,0.0035426
13.8,-2.91302263328325,-0.500985675071776,3.25999999994705,11.3415918165348,1.44207379192999,0.000688412338213779,0.200000000020665,-2.91714109617789,-0.500744939220821,3.25999999999944,11.34132835305,0.49523465023794,0.67622037731935,0.545000000191,0.0409689038200552,-1.99522633520176,10.7657720019372,0.016495162151181,0.0034401
13.82,-2.90294294429556,-0.528065418921231,3.26399999994815,11.3612401959399,1.44744895761598,0.000696954462285433,0.200000000089425,-2.90706724830631,-0.527869520085657,3.26399999999944,11.3609927076248,0.503407534146406,0.673651149048487,0.54500000012285,0.0405071125247192,-2.11154754571471,10.7451906555882,0.0164861409461573,0.0034583
13.84,-2.89229457554514,-0.555045176382532,3.26799999995039,11.3807398921736,1.45309597700222,0.000704875376814817,0.200000000133651,-2.89642359920089,-0.554894083699827,3.26799999999944,11.380508159781,0.511458904035294,0.670978012787708,0.544999998869315,0.0400426758295921,-2.22745418830581,10.7235281016033,0.0164761341627284,0.0033886
13.86,-2.88107961255732,-0.581919674018594,3.27199999994899,11.4000854858003,1.45900729095211,0.000712158262908808,0.199999999726604,-2.88521223491019,-0.581813333313281,3.27199999999944,11.3998692635833,0.519380710889435,0.668208183823103,0.544999999132251,0.0395766766934919,-2.3429235571261,10.7007884449731,0.0164651840485078,0.0034771
13.88,-2.86930025095474,-0.608683658673303,3.2759999999404,11.4192719845977,1.46517509576076,0.000718829900655952,0.199999999414214,-2.87343535275157,-0.608621992817254,3.27599999999944,11.4190710014352,0.527165333484603,0.66534741943725,0.544999999283687,0.0391099610953087,-2.45793303195358,10.6769760012224,0.0164533475654864,0.0035379
13.9,-2.8569587958505,-0.635331898374329,3.2799999999261,11.4382948235701,1.47159136283896,0.000724896695700373,0.199999999156342,-2.86109526088091,-0.635314807778406,3.27999999999944,11.4381087839003,0.534805672474308,0.662402002447002,0.54499999934199,0.0386434226275548,-2.57246008258102,10.6520952955825,0.0164406839155715,0.0033696
13.92,-2.84405766162083,-0.661859183377851,3.28399999990686,11.4571498610588,1.47824786157967,0.000730367854323008,0.199999998919458,-2.84819437784055,-0.661886546468728,3.28399999999943,11.45697844728,0.542295125313456,0.659378212576701,0.54499999939212,0.0381778853483599,-2.68648227319242,10.6261510621218,0.0164272570003354,0.0035241
13.94,-2.83059937145885,-0.688260327142744,3.28799999988306,11.4758333747197,1.48513618119853,0.000735254597748486,0.199999998700621,-2.83473523208569,-0.688332000890999,3.28799999999943,11.4756762491071,0.549627579016893,0.656282296712018,0.544999999436788,0.0377141152869414,-2.79997726672472,10.5991482428382,0.0164131348242123,0.0034759
13.96,-2.81658655691047,-0.714530167303656,3.29199999985505,11.4943420551918,1.49224775205324,0.000739569804635583,0.199999998497865,-2.82072046148918,-0.714645987799589,3.29199999999943,11.4941988617234,0.556797402969397,0.653120446306095,0.544999999477944,0.0372528229429359,-2.91292282921116,10.5710919867105,0.0163983886549043,0.003438
13.98,-2.80202195739303,-0.74066356664293,3.29599999982312,11.5126729979704,1.49957386645433,0.000743327820167604,0.199999998309924,-2.80615281282477,-0.740823349716423,3.29599999999943,11.5125433641217,0.56379943881461,0.649898775144225,0.544999999516971,0.0367946641831441,-3.02529683410593,10.5419876487126,0.0163830922593439,0.0034597
14,-2.78690841969586,-0.766655414061299,3.29999999978758,11.5308236937268,1.50710569885807,0.000746544278768333,0.199999998136034,-2.79103514122916,-0.766858955941889,3.29999999999943,11.5307072322317,0.570628988424683,0.646623299071113,0.544999999554784,0.0363402413238165,-3.137077266589,10.5118407887881,0.0163673211692539,0.0034148
14.02,-2.77124889746241,-0.792500625547273,3.3039999997487,11.5487920172638,1.51483432537172,0.000749235931430398,0.199999997975756,-2.77537040964264,-0.792747703560503,3.30399999999942,11.5486883278342,0.577281800214125,0.64329991770495,0.544999999591974,0.0358901045304356,-3.2482422278508,10.4806571707858,0.0163511519858916,0.0035259
14.04,-2.75504645065377,-0.818194145145074,3.30799999970675,11.5665762152901,1.5227507425128,0.00075142047739384,0.199999997828867,-2.7591616882287,-0.818484518441128,3.30799999999942,11.5664848862869,0.583754054055621,0.639934398140186,0.544999999628887,0.0354447535089322,-3.35876993935561,10.4484427613571,0.0163346617310281,0.0035602
14.06,-2.73830424499334,-0.843730945920937,3.31199999966199,11.5841748931905,1.53084588517448,0.000753116401180248,0.199999997695266,-2.74241215377247,-0.844064356231552,3.31199999999942,11.5840955032388,0.590042345049345,0.636532360623765,0.544999999665801,0.0350046394392795,-3.46863874708334,10.4152037288147,0.0163179272489083,0.0033896
14.08,-2.72102555139241,-0.869106030927598,3.31599999961469,11.6015870009648,1.53911064376006,0.000754342816266144,0.199999997574955,-2.7251250890584,-0.869482203347226,3.31599999999942,11.6015191205083,0.596143666369323,0.633099266131536,0.544999999702621,0.0345701670980814,-3.57782712574849,10.3809464419517,0.0163010246628203,0.0034848
14.1,-2.70321374535638,-0.894314434166695,3.31999999956512,11.6188118184999,1.54753588045874,0.000755119315290265,0.199999997467898,-2.70730388222699,-0.894733077953978,3.31999999999942,11.6187550112891,0.602055662401881,0.629640966841498,0.545000004086684,0.0341417570425001,-3.68631368299594,10.3456774688237,0.016284026798373,0.0039659
14.12,-2.68487230611803,-0.919351221497886,3.32399999952919,11.6358489416189,1.5561124556177,0.000755487210764465,0.199999998939104,-2.68895202611097,-0.919812030944489,3.32399999999942,11.6358027648436,0.607775552138322,0.626161413489465,0.545000002867432,0.0337195664600123,-3.79407716356907,10.3094035754916,0.0162670165522353,0.0041672
14.14,-2.66600481626947,-0.944211491659214,3.32799999951829,11.6526982641281,1.5648312105613,0.000755440869627591,0.19999999997138,-2.67007311755083,-0.944714146908369,3.32799999999941,11.6526622708283,0.613301790993857,0.622666136707676,0.545000001957453,0.033304005178039,-3.90109645344647,10.2721317247286,0.0162500589035918,0.0035484
14.16,-2.64661496132722,-0.968890377315861,3.33199999952477,11.6693599615284,1.57368301683881,0.000755002602232097,0.200000000676063,-2.65067085669006,-0.969434545095612,3.33199999999941,11.6693337033916,0.618632547619914,0.619159872682123,0.545000001278894,0.0328953033527024,-4.00735058397308,10.2338690746828,0.0162332232520372,0.0034209
14.18,-2.62670652882023,-0.993383045911184,3.33599999954289,11.6858344776652,1.58265876469386,0.000754193042157776,0.200000001136465,-2.63074904625001,-0.993968380373261,3.33599999999941,11.6858175051664,0.623766439487199,0.615647141504168,0.545000000778676,0.032493660115357,-4.11281873595664,10.1946229775025,0.0162165754567723,0.0037427
14.2,-2.60628340768622,-1.01768470051921,3.33999999956843,11.7021225082503,1.59174938068558,0.000753031119509348,0.200000001416788,-2.61031159078467,-1.01831084417509,3.33999999999941,11.7021143712743,0.628702831672659,0.612132317060657,0.545000000416468,0.0320992294691749,-4.21748024373638,10.154400977929,0.0162001780857038,0.0039554
14.22,-2.58534958748723,-1.0417905808735,3.34399999959826,11.7182249843385,1.6009458570506,0.000751537152003435,0.200000001566716,-2.58936249591554,-1.04245716544411,3.34399999999941,11.7182252334436,0.63344082047315,0.608619532348514,0.545000000157817,0.0317121784796569,-4.32131459922459,10.1132108118513,0.0161840920988395,0.0037837
14.24,-2.56390915762006,-1.06569596436142,3.34799999963016,11.7341430567189,1.61023924033383,0.000749730933280857,0.20000000162353,-2.56790586754652,-1.06640261156771,3.34799999999941,11.7341512443317,0.637979925075229,0.605112733558869,0.544999999977155,0.0313326224254755,-4.4243014559149,10.0710604048185,0.0161683747422329,0.003779
14.26,-2.54196630660981,-1.08939616690924,3.35199999966255,11.7498780809511,1.61962064763977,0.000747631655980875,0.200000001615307,-2.54594591105929,-1.09014248930532,3.3519999999994,11.7498937621337,0.642319899454069,0.601615668877725,0.544999999854808,0.0309606549854603,-4.52642063286196,10.0279578705168,0.016153080006231,0.0037042
14.28,-2.51952532133572,-1.11288654391227,3.35599999969433,11.7654316022857,1.62908127523854,0.000745258018390963,0.200000001563037,-2.52348693048904,-1.11367214570823,3.3559999999994,11.765454335545,0.646460715751207,0.598131890469339,0.544999999775704,0.0305963475070308,-4.62765211863107,9.98391150920884,0.0161382585486888,0.0039287
14.3,-2.49659058623664,-1.13616249115973,3.35999999972479,11.7808053410912,1.63861240642577,0.00074262819282458,0.200000001482291,-2.50053332768097,-1.13698696903163,3.3599999999994,11.7808346891385,0.650402548277255,0.594664757237148,0.544999999728323,0.0302397505734765,-4.72797607521661,9.93892980613688,0.0161239576507553,0.0041849
14.32,-2.47316658249614,-1.15921944575401,3.36399999975346,11.7960011787578,1.64820541866785,0.000739759777798836,0.200000001384487,-2.4770896014275,-1.16008238963851,3.3639999999994,11.7960367092058,0.654145758187421,0.591217438312114,0.544999999703906,0.0298908958663155,-4.82737284192815,9.89302142988825,0.0161102211986288,0.0041643
14.34,-2.44925788720715,-1.18205288702398,3.36799999978008,11.8110211441057,1.65785179006635,0.000736669754044366,0.200000001277893,-2.45316034658652,-1.18295388089531,3.3679999999994,11.8110624301014,0.657690878864091,0.587792917178145,0.544999999695837,0.0295497979839753,-4.92582293924358,9.84619523072472,0.0160970896871598,0.004041
14.36,-2.42486917251626,-1.20465833743195,3.37199999980454,11.8258674003269,1.66754310517684,0.000733374447264111,0.200000001168394,-2.42875025318082,-1.20559696005916,3.37199999999939,11.8259140211245,0.661038602029356,0.584393996343076,0.544999999699133,0.0292164561608059,-5.02330707262851,9.79846023887529,0.0160846002423203,0.004065
14.38,-2.40000520474778,-1.22703136347401,3.37599999982683,11.8405422324849,1.67727106021785,0.000729889497749099,0.200000001060082,-2.40386410547877,-1.22800718915644,3.37599999999939,11.8405937739598,0.664189764601022,0.581023302468563,0.544999999710072,0.0288908558776884,-5.11980613632089,9.74982566279273,0.0160727866595219,0.004005
14.4,-2.37467084350755,-1.24916757657319,3.37999999984699,11.855048035589,1.68702746770572,0.000726229836493577,0.200000000955708,-2.37850678105665,-1.25018017585267,3.37999999999939,11.8551040906973,0.667145336297534,0.577683291878114,0.544999999725899,0.0285729703641003,-5.2153012170803,9.70030088737443,0.0160616794551815,0.0039404
14.42,-2.34887104076657,-1.27106263396538,3.38399999986511,11.8693873032556,1.69680426055104,0.000722409667374295,0.200000000857031,-2.35268324984255,-1.27211157431337,3.38399999999939,11.8694474724405,0.669906407989532,0.574376256368613,0.544999999744588,0.0282627619938532,-5.30977359790095,9.64989547214754,0.0160513059292959,0.0040953
14.44,-2.32261083992479,-1.29271223957744,3.38799999988134,11.8835626169595,1.70659349565195,0.000718442454945604,0.200000000765083,-2.32639857314225,-1.29379708605582,3.38799999999939,11.8836265085092,0.672474180789779,0.571104329256967,0.544999999764694,0.0279601835776618,-5.40320476168761,9.59861914941885,0.0160416902368989,0.004204
14.46,-2.29589537485486,-1.31411214489718,3.39199999989579,11.8975766358786,1.71638735701865,0.000714340917407575,0.200000000680373,-2.29965790264716,-1.31523246079157,3.39199999999939,11.8976438662368,0.674849955868512,0.567869491599418,0.544999999785181,0.027665179556571,-5.49557639489374,9.54648182238978,0.0160328534666701,0.0043398
14.48,-2.26872986892631,-1.33525814983504,3.39599999990862,11.9114320873252,1.7261781584629,0.000710117024303812,0.200000000603038,-2.27246647942451,-1.33641349725943,3.39599999999938,11.9115022813585,0.677035123654652,0.564673578318014,0.54499999979989,0.0273776870592912,-5.58687039112091,9.49349356323662,0.0160248137280815,0.0041463
14.5,-2.24111963401056,-1.35614610357666,3.39999999991996,11.925131757758,1.73595834583226,0.000705781991652295,0.200000000530999,-2.24482963289006,-1.35733604404892,3.39999999999938,11.9252045489835,0.679031160323007,0.561518285453054,0.544999999820983,0.0270976371055899,-5.67706885467886,9.43966461115656,0.0160175862189396,0.0045063
14.52,-2.21307006946572,-1.37677190542701,3.40399999992994,11.938678484366,1.74572049908387,0.000701346311509676,0.200000000466553,-2.21675277976349,-1.37799600041391,3.40399999999938,11.9387535151387,0.680839611755527,0.558405175292159,0.544999999840526,0.0268249551666155,-5.76615410410536,9.3850053703798,0.0160111833587195,0.004012
14.54,-2.1845866611021,-1.39713150564502,3.4079999999387,11.9520751472068,1.75545733370064,0.000696819733229177,0.200000000409142,-2.18824142300662,-1.39838931707631,3.40799999999938,11.9521520688717,0.682462091307928,0.555335683649978,0.544999999858442,0.0265595623350063,-5.85410867564499,9.32952640814802,0.0160056148490701,0.0039831
14.56,-2.15567498012983,-1.41722090626812,3.41199999994637,11.9653246618843,1.76516170200581,0.000692211288574161,0.200000000358181,-2.15930115074478,-1.41851199701972,3.41199999999938,11.9654031348974,0.683900271608389,0.552311125998608,0.544999999874732,0.0263013759577902,-5.94091532668632,9.2732384526597,0.016000887778006,0.0042306
14.58,-2.12634068208719,-1.43703616192706,3.41599999995308,11.9784299727514,1.77482659413957,0.00068752930606586,0.200000000313085,-2.12993763517151,-1.4383600962728,3.41599999999938,11.9785096667695,0.685155878246329,0.549332703735512,0.544999999889457,0.0260503103493815,-6.02655703915644,9.21615239098267,0.01599700671564,0.0041739
14.6,-2.09658950575051,-1.45657338065043,3.41999999995895,11.991394046617,1.78444513877614,0.00068278142858726,0.200000000273289,-2.10015663143665,-1.45792972468224,3.41999999999937,11.9914746405593,0.686230684008963,0.546401510342697,0.544999999902675,0.0258062774271701,-6.11101702287245,9.15827926693423,0.0159939738101152,0.0040709
14.62,-2.06642727202573,-1.4758287246587,3.42399999996406,12.004219866937,1.7940106036057,0.000677974633240337,0.200000000238252,-2.06996397651836,-1.47721704667516,3.42399999999937,12.0043010490209,0.687126503635419,0.543518537415124,0.544999999914496,0.0255691872848555,-6.19427871884879,9.09963027892934,0.0159917888833821,0.0039481
14.64,-2.03585988282204,-1.49479841114744,3.42799999996852,12.016910428469,1.80351639560416,0.000673115253048378,0.20000000020747,-2.03936558807893,-1.49621828201088,3.42799999999937,12.0169918962224,0.687845189058424,0.540684680539967,0.544999999925024,0.025338948709733,-6.27632580255998,9.04021677779721,0.0159904495263573,0.0039494
14.66,-2.0048933199077,-1.51347871305952,3.4319999999724,12.0294687323707,1.81295606111213,0.000668209000203155,0.200000000180479,-2.00836746330489,-1.51492970652179,3.43199999999937,12.0295501926217,0.688388625103701,0.53790074501191,0.544999999934362,0.0251154696486611,-6.35714218715795,8.98005026456686,0.0159899511932948,0.004141
14.68,-1.97353364374846,-1.53186595984593,3.43599999997577,12.0418977817182,1.82232328574311,0.000663260990596945,0.20000000015685,-1.97697567773147,-1.53334765284319,3.43599999999937,12.0419789505658,0.688758725617901,0.535167451372454,0.544999999942621,0.0248986576268932,-6.4367120266432,8.91914238822195,0.0159902872950944,0.0043987
14.7,-1.94178699232876,-1.5499565382152,3.4399999999787,12.0542005774253,1.83161189413986,0.000658275769396489,0.200000000136193,-1.94519638405176,-1.55146851113212,3.43999999999936,12.0542811801913,0.688957429996661,0.532485440764073,0.544999999949908,0.0246884201237255,-6.51501971898921,8.85750494342541,0.0159914492915828,0.0045353
14.72,-1.90965957995602,-1.56774689287094,3.44399999998125,12.0663801145408,1.84081584959596,0.000653257337437527,0.20000000011816,-1.91303581091068,-1.56928872977476,3.44399999999936,12.0664598857055,0.688986700085164,0.529855280092227,0.54499999995633,0.0244846649086068,-6.59204990921929,8.79514986821439,0.0159934267823509,0.0046743
14.74,-1.87715769604836,-1.58523352723742,3.44799999998345,12.0784393789037,1.84992925355902,0.00064820917823277,0.200000000102439,-1.88050026168411,-1.58680481608255,3.44799999999936,12.0785180620266,0.688848517424681,0.527277466990586,0.544999999961965,0.0242873003412483,-6.66778749243532,8.73208924166587,0.0159962075963195,0.0050604
14.76,-1.84428770390596,-1.602413004173,3.45199999998536,12.0903813441358,1.85894634503021,0.000643134285405594,0.200000000088746,-1.84759611324341,-1.60401333697667,3.45199999999936,12.0904586917619,0.688544880819675,0.524752434586539,0.54499999996691,0.0240962356388588,-6.74221761679771,8.66833528153353,0.0159997778798476,0.0046275
14.78,-1.81105603946644,-1.6192819466711,3.45599999998702,12.1022089689499,1.86786149987389,0.000638035190376112,0.200000000076834,-1.81432981470541,-1.62091091966089,3.45599999999936,12.1022847425052,0.688077804201147,0.522280556065816,0.54499999997124,0.0239113811135921,-6.81532568645576,8.60390034185634,0.016004122183393,0.0044795
14.8,-1.77746921004459,-1.63583703854866,3.45999999998845,12.1139251947571,1.87666923004999,0.000632913990143545,0.20000000006648,-1.78070788616842,-1.63749425228256,3.45999999999936,12.1139991644317,0.687449314763179,0.51986214903634,0.544999999975028,0.0237326483828746,-6.88709736442807,8.53879691053935,0.0160092235466648,0.0043148
14.82,-1.74353379305664,-1.6520750251217,3.46399999998969,12.1255329435515,1.88536418278076,0.000627772375019709,0.20000000005749,-1.74673691743417,-1.6537600845817,3.46399999999935,12.1256048881731,0.686661451350829,0.51749747969281,0.544999999978334,0.0235599505552612,-6.95751857543211,8.47303760690715,0.0160150635822184,0.0044003
14.84,-1.70925643472953,-1.66799271386805,3.46799999999076,12.1370351160553,1.89394113966239,0.000622611656186047,0.20000000004969,-1.71242356671619,-1.66970522852798,3.46799999999935,12.1371048229545,0.685716263078745,0.515186766784448,0.544999999981219,0.0233932023941093,-7.02657550866258,8.40663517923067,0.0160216225575236,0.0046169
14.86,-1.67464384879544,-1.68358697507689,3.47199999999169,12.1484345901081,1.90239501573129,0.000617432792956888,0.200000000042929,-1.67777455933471,-1.68532655894552,3.47199999999935,12.1485018549746,0.684615808161106,0.512930185389302,0.544999999983733,0.023232320461278,-7.0942546205177,8.33960250222763,0.016028879475532,0.0046094
14.88,-1.63970281517186,-1.69885474248502,3.47599999999249,12.1597342192808,1.91072085849371,0.000612236419645262,0.200000000037073,-1.64279668639853,-1.70062101412539,3.47599999999935,12.1597988460133,0.683362152934784,0.510727870499213,0.544999999985924,0.0230772232428019,-7.16054263727314,8.27195257453733,0.0160368121535225,0.0042779
14.9,-1.60444017862765,-1.71379301389973,3.47999999999318,12.1709368317015,1.91891384692682,0.000607022871939208,0.200000000032006,-1.60749680347382,-1.71558559642561,3.47999999999935,12.1709986322513,0.681957371058638,0.508579920420112,0.544999999987832,0.0229278312583934,-7.22542655770274,8.20369851617024,0.0160453973004812,0.0047324
14.92,-1.56886284743529,-1.72839885180801,3.48399999999378,12.1820452290759,1.92696929045849,0.00060179221270558,0.200000000027625,-1.57188182924048,-1.73021737285866,3.48399999999934,12.1821040232846,0.680403542873083,0.506486399992895,0.544999999989481,0.0227840671563997,-7.2888936556457,8.13485356593297,0.0160546105928602,0.0048678
14.94,-1.53297779200973,-1.74266938397213,3.48799999999429,12.1930621858897,1.93488262793218,0.000596544257149922,0.200000000023838,-1.53595874413596,-1.74451347566631,3.48799999999934,12.1931178013219,0.678702754905315,0.504447343640417,0.544999999990925,0.0226458557957358,-7.35093148251951,8.06543107882909,0.016064426748643,0.0051417
14.96,-1.49679204353417,-1.75660180401132,3.49199999999474,12.2039904487776,1.942649426563,0.000591278597270006,0.200000000020572,-1.49973458898712,-1.75847110288159,3.49199999999934,12.20404272055,0.676857099506411,0.502462758246556,0.544999999992177,0.0225131243162151,-7.41152786977825,7.99544452343647,0.0160748195998701,0.0048911
14.98,-1.4603126925731,-1.77019337196949,3.49599999999512,12.2148327360479,1.95026538089018,0.000585994625550966,0.200000000017755,-1.46321646363017,-1.77208751887796,3.49599999999934,12.2148815066543,0.674868674604851,0.500532625873354,0.544999999993258,0.0223858021984484,-7.47067093131557,7.92490747926156,0.0160857621634232,0.0047629
15,-1.42354688767286,-1.78344141486885,3.49999999999545,12.2255917373503,1.95772631173051,0.00058069155785699,0.200000000015328,-1.42641152551906,-1.78536005490546,3.49999999999934,12.225636856483,0.67273958356275,0.498656906321885,0.544999999994182,0.0222638213144254,-7.52834906581205,7.85383363407134,0.016097226710274,0.0044686
15.02,-1.38650183395027,-1.79634332724933,3.50399999999573,12.2362701134745,1.96502816513689,0.000575368455464653,0.200000000013234,-1.38932698832263,-1.79828610961368,3.50399999999934,12.2363114378436,0.67047193517617,0.496835539546234,0.544999999994983,0.0221471159705812,-7.58455095902623,7.7822367812033,0.0161091848326282,0.0044105
15.04,-1.34918479166941,-1.80889657169373,3.50799999999598,12.2468704962702,1.97216701136759,0.000570024246284357,0.200000000011428,-1.35197012051066,-1.8108631495616,3.50799999999933,12.2469078894204,0.668067843679192,0.495068447920598,0.544999999995675,0.0220356229421344,-7.63926558602906,7.71013081685423,0.0161216075100851,0.0044172
15.06,-1.31160307480705,-1.82109867933839,3.5119999999962,12.2573954886788,1.97913904386624,0.000564657745101467,0.200000000009871,-1.31434824392925,-1.82308870971412,3.51199999999933,12.2574288208039,0.665529428886267,0.493355538372426,0.544999999996283,0.0219292815024586,-7.69248221338108,7.63752973734818,0.0161344651735295,0.0040903
15.08,-1.27376404960707,-1.83294725036945,3.51599999999638,12.2678476648666,1.9859405782579,0.000559267672955027,0.200000000008533,-1.27646873236574,-1.8349603939251,3.51599999999933,12.2678768126226,0.662858816383436,0.491696704383966,0.544999999996818,0.0218280334460606,-7.7441904012521,7.56444763638441,0.0161477277675093,0.0040664
15.1,-1.23567513312413,-1.84443995450446,3.51999999999654,12.2782295704512,1.99256805136298,0.00055385267557739,0.200000000007388,-1.2383390101034,-1.84647587540702,3.51999999999933,12.2782544167682,0.660058137783662,0.490091827869449,0.544999999997277,0.0217318231067678,-7.79438000548276,7.49089870226568,0.0161613648107937,0.0045857
15.12,-1.19734379175706,-1.85557453145934,3.52399999999668,12.2885437228136,1.99901802023137,0.000548411340899639,0.200000000006407,-1.19996655046624,-1.85763289718691,3.52399999999933,12.2885641567066,0.65712953104554,0.488540780934442,0.544999999997679,0.0216405973717177,-7.84304117958768,7.41689721510759,0.0161753454551494,0.0043316
15.14,-1.1587775397721,-1.86634879140063,3.5279999999968,12.2987926114882,2.00528716119902,0.000542942215637864,0.200000000005572,-1.16135887435429,-1.86842927254874,3.52799999999933,12.2988085278671,0.654075140831171,0.487043427522083,0.544999999998033,0.0215543056913453,-7.89016437669973,7.34245754402961,0.0161896385424146,0.0042587
15.16,-1.11998393781667,-1.87676061538287,3.5319999999969,12.3089786986236,2.0113722689684,0.000537443820938451,0.200000000004864,-1.12252354876943,-1.87886288546194,3.53199999999932,12.3089899981026,0.650897118911749,0.485599624952625,0.544999999998333,0.0214729000862469,-7.93574035145501,7.2675941443282,0.0162042126597776,0.0039894
15.18,-1.08097059142362,-1.88680795577117,3.53599999999699,12.3191044195081,2.01727025571431,0.000531914667100038,0.200000000004264,-1.0834681853323,-1.88893169099608,3.53599999999932,12.319111008215,0.647597624609064,0.484209225361653,0.544999999998593,0.0213963351512335,-7.97976016181823,7.19232155463282,0.0162190361933531,0.0039792
15.2,-1.04174514950662,-1.89648883664875,3.53999999999707,12.3291721831536,2.02297815021639,0.000526353267381247,0.200000000003757,-1.04420043879035,-1.89863371572166,3.53999999999932,12.3291739725387,0.644178825271651,0.482872077042231,0.544999999998823,0.02132456805695,-8.02221517084806,7.11665439404529,0.0162340773798661,0.0039041
15.22,-1.00231530284687,-1.90580135420962,3.54399999999714,12.3391843729336,2.0284930970192,0.000520758150907264,0.200000000003333,-1.0047280055176,-1.90796705809684,3.54399999999932,12.3391812795789,0.640642896780961,0.481588025696117,0.544999999999019,0.0212575585495048,-8.06309704840213,7.04060735926317,0.0162493043566692,0.0038059
15.24,-0.962688782571503,-1.91474367713604,3.5479999999972,12.3491433472679,2.03381235562106,0.00051512787469161,0.20000000000298,-0.965058622006053,-1.91692988884014,3.54799999999932,12.3491352926964,0.636992024082435,0.480356915598954,0.544999999999191,0.0211952689483684,-8.10239777278132,6.96419522168773,0.0162646852099978,0.0037676
15.26,-0.922873358624069,-1.92331404696105,3.55199999999726,12.3590514403525,2.03893329969202,0.000509461034791796,0.200000000002689,-0.92520006334942,-1.92552045128888,3.55199999999931,12.3590383508376,0.633228401738613,0.479178590684119,0.544999999999337,0.0211376641428782,-8.14010963231303,6.88743282451712,0.0162801880214003,0.0039079
15.28,-0.882876838227369,-1.93151077841573,3.55599999999731,12.3689109629271,2.0438534163218,0.000503756276621044,0.200000000002451,-0.885160141719154,-1.93373706174348,3.55599999999931,12.3688927693035,0.629354234503313,0.478052895549607,0.54499999999947,0.0210847115875465,-8.17622522687314,6.81033507982534,0.016295780912547,0.0038988
15.3,-0.842707064339043,-1.93933225976142,3.55999999999736,12.3787242030796,2.04857030529811,0.000498012304436684,0.20000000000226,-0.844946704833292,-1.94157810979743,3.55999999999931,12.3787008405534,0.62537173791107,0.476979676392396,0.54499999999958,0.0210363812964974,-8.21073746934627,6.73291696562763,0.01631143208824,0.0038692
15.32,-0.802371914100214,-1.94677695310658,3.5639999999974,12.3884934270813,2.05308167841557,0.000492227890034641,0.200000000002109,-0.8045676344183,-1.94904205865289,3.56399999999931,12.3884648350417,0.621283138882086,0.475958781874099,0.544999999999679,0.0209926458371134,-8.24363958702423,6.65519352293283,0.0163271098778242,0.0038307
15.34,-0.76187929727755,-1.95384339470852,3.56799999999744,12.3982208802506,2.05738535881576,0.000486401880672637,0.200000000001993,-0.764030844664268,-1.95612744542186,3.56799999999931,12.3981870020829,0.617090676340546,0.474990063921962,0.544999999999756,0.0209534803231918,-8.27492512294216,6.5771798527835,0.0163427827747793,0.0039397
15.36,-0.721237154699068,-1.96053019525983,3.57199999999748,12.4079087878429,2.06147928035832,0.000480533206254163,0.200000000001905,-0.72334428067373,-1.96283288141287,3.57199999999931,12.4078695707414,0.612793935172685,0.474073267413663,0.544999988704605,0.0209188285905856,-8.30458793715235,6.49889111328409,0.0163584241695731,0.0034641
15.38,-0.680453457741535,-1.9668360400411,3.57599999995686,12.4175593552364,2.06536138087197,0.000474618246616462,0.199999995935563,-0.682515916904443,-1.96915705240313,3.5759999999993,12.4175147507456,0.608400904055195,0.473208480190836,0.544999992960977,0.0208887655934844,-8.33262220794936,6.42034251661971,0.0163739790865597,0.0036653
15.4,-0.639536205530146,-1.97275968933122,3.57999999985023,12.4271747702669,2.06902993663145,0.000468661525062952,0.199999993401515,-0.641553755606398,-1.9750987188961,3.5799999999993,12.4271247334215,0.603910765151472,0.472395451838638,0.544999996075409,0.0208631905715732,-8.35902243305824,6.34154932606686,0.0163894330561566,0.0038882
15.42,-0.598493422323496,-1.97829997875259,3.58399999970413,12.4367572042901,2.07248320847453,0.000462660556760774,0.199999991988662,-0.600465825253396,-1.98065671636439,3.5839999999993,12.4367016926443,0.599325815048458,0.471634053695234,0.544999998321869,0.0208421076059401,-8.38378343066873,6.26252685298377,0.016404756009735,0.0042493
15.44,-0.55733315716102,-1.9834558193457,3.58799999953786,12.446308811744,2.07571956589323,0.000456614236447918,0.199999991384535,-0.559260178969481,-1.98582995547797,3.5879999999993,12.4462477858071,0.594648365420085,0.47092416400342,0.544999999911479,0.0208255074789611,-8.40690034044187,6.18329045379614,0.0164199182020383,0.0036959
15.46,-0.516063482270011,-1.98822619778037,3.59199999936523,12.4558317316463,2.07873748656083,0.000450521793400009,0.199999991352667,-0.517944892950544,-1.99061742231766,3.5919999999993,12.4557651548026,0.58988074372256,0.470265667971688,0.545000001006918,0.0208133809100093,-8.42836862446931,6.10385552697616,0.0164348902142453,0.0036316
15.48,-0.474692491468427,-1.99261017655131,3.59599999919591,12.4653280886704,2.08153555588607,0.000444382622966775,0.199999991715158,-0.476528064881404,-1.99501817857382,3.5959999999993,12.4652559270182,0.585025293816377,0.46965845814801,0.545000001733149,0.0208057207032749,-8.44818406816897,6.02423751001332,0.0164496429831694,0.0035476
15.5,-0.433228298563894,-1.99660689415819,3.59999999903645,12.4747999941636,2.08411246659577,0.000438196260011033,0.199999992339091,-0.435017812348681,-1.99903136173026,3.59999999999929,12.474722216342,0.580084376609649,0.469102434805834,0.545000002185859,0.0208025220829134,-8.4663427811166,5.94445187637784,0.0164641478330084,0.0037388
15.52,-0.391679035749284,-2.00021556527029,3.6039999988911,12.4842495471627,2.08646701834701,0.000431962374738607,0.199999993126,-0.393422271249771,-2.00265618523322,3.60399999999929,12.4841661241782,0.575060370719407,0.46859750629907,0.545000002438018,0.0208037827400293,-8.48284119781333,5.86451413247705,0.0164783765057352,0.0035598
15.54,-0.350052851995217,-2.00343548087559,3.6079999987624,12.4936788354171,2.08859811736943,0.000425680771901599,0.199999994003687,-0.351749594198223,-2.00589193864557,3.60799999999929,12.4935897404713,0.569955673148738,0.468143589380684,0.545000002545041,0.0208095028338821,-8.49767607838892,5.78443981460562,0.0164923011898689,0.003567
15.56,-0.308357911439841,-2.00626600841454,3.61199999865163,12.503089936418,2.09050477613798,0.000419351390362287,0.199999994919901,-0.310007948925855,-2.00873798778597,3.61199999999929,12.5029951447371,0.564772699978016,0.467740609485412,0.545000002548793,0.0208196849858761,-8.51084450924066,5.70424448589007,0.0165058945473481,0.0035636
15.58,-0.266602391776206,-2.00870659189828,3.61599999855921,12.5124849184347,2.0921861130764,0.000412974302552959,0.199999995837467,-0.268205516681897,-2.01119377485319,3.61599999999929,12.5123844071012,0.559513887068423,0.467388500978046,0.545000002480686,0.0208343342724144,-8.52234390360787,5.62394373322826,0.0165191297387005,0.0037083
15.6,-0.224794482637572,-2.01075675201157,3.61999999848489,12.5218658415551,2.09364135229159,0.000406549713773854,0.199999996730514,-0.226350490629487,-2.01325881853542,3.61999999999928,12.5217595893411,0.554181690776066,0.467087207368563,0.545000002364125,0.0208534582175454,-8.53217200208177,5.54355316422444,0.0165319804466546,0.0037422
15.62,-0.182942383980948,-2.01241608620023,3.62399999842801,12.531234758732,2.09486982333907,0.000400077961331907,0.199999997581599,-0.18445107423984,-2.01493271410454,3.62399999999928,12.5311227459348,0.548778588675165,0.46683668149531,0.54500000221639,0.020877066785456,-8.54032687305077,5.46308840412053,0.016544420898089,0.0037011
15.64,-0.1410543044692,-2.01368426874332,3.62799999838762,12.5405937168316,2.0958709610194,0.000393559513532736,0.199999998379499,-0.142515479684386,-2.01621513349548,3.62799999999928,12.5404759251119,0.543307080289053,0.466636885677328,0.545000002050101,0.0209051723727823,-8.54680691308107,5.38256509272416,0.0165564258845904,0.0036108
15.66,-0.0991384598520087,-2.0145610508099,3.63199999836259,12.5499447576868,2.0966443052058,0.000386994968542326,0.199999999117536,-0.100551926225213,-2.01710582537049,3.63199999999928,12.5498211699088,0.537769687845539,0.466487791838815,0.545000001874701,0.0209377898011212,-8.55161084723254,5.30199888133414,0.01656797078144,0.0036763
15.68,-0.0572030713459924,-2.01504626050058,3.63599999835169,12.5592899191513,2.09718950070343,0.000380385053197322,0.199999999792428,-0.058568638604114,-2.01760461516837,3.63599999999928,12.5591605192258,0.532168957037179,0.466389381415472,0.545000001691561,0.0209749362883875,-8.55473772930975,5.22140542966405,0.0165790316068814,0.0037771
15.7,-0.015256364014277,-2.01513980287377,3.63999999835363,12.5686312361567,2.09750629714032,0.000373730614763329,0.20000000040139,-0.016573845430566,-2.01771140513868,3.63999999999928,12.5684960088866,0.526507457207596,0.466341645744341,0.545000001496778,0.0210166314804362,-8.5561869420483,5.14080040276429,0.0165895849580551,0.0037923
15.72,0.0266934348539664,-2.01484165995682,3.64399999836704,12.5779707417694,2.0975945488667,0.000367032626214382,0.20000000094023,0.0254242224310529,-2.01742617436088,3.64399999999927,12.5778296726989,0.52078778280434,0.466344585904299,0.545000001286833,0.0210628974134439,-8.5559581972362,5.06019946794361,0.0165996080754712,0.0036643
15.74,0.0686380973637735,-2.01415189074181,3.64799999839048,12.5873104682505,2.09745421491324,0.000360292182631045,0.20000000140349,0.0674173334746854,-2.01674897874842,3.64799999999927,12.5871635435167,0.51501255514965,0.466398213298953,0.545000001096484,0.0211137585888409,-8.55405153577057,4.97961829169031,0.0166090787613031,0.0036461
15.76,0.110569396634802,-2.0130706311661,3.6519999984225,12.5966524481155,2.09708535902013,0.000353510518152007,0.200000001798224,0.109397257165943,-2.01567995103779,3.65199999999927,12.5964996543019,0.509184421140238,0.466502548693355,0.545000000923928,0.0211692417717505,-8.55046732764943,4.899072536594,0.0166179755517502,0.0035565
15.78,0.15247910842118,-2.01159809407753,3.65599999846179,12.6059987151946,2.09648814961417,0.000346688985161279,0.200000002130838,0.151355765555265,-2.01421930076243,3.65599999999927,12.6058400391869,0.503306054902483,0.466657622589243,0.545000000767489,0.0212293761234088,-8.54520627189872,4.81857785826846,0.0166262776567415,0.0034727
15.8,0.194359012730009,-2.00973456918487,3.65999999850717,12.6153513056896,2.09566285985184,0.000339829054937669,0.200000002407134,0.193284634890565,-2.01236731421173,3.65999999999927,12.6151867345361,0.49738015853642,0.466863475146419,0.545000000625116,0.0212941931580245,-8.53826939643455,4.73814990227615,0.0166339649713209,0.0033986
15.82,0.23620089543858,-2.00748042299308,3.66399999855756,12.6247122592311,2.09460986769152,0.000332932316317934,0.200000002632176,0.235175647229064,-2.01012435437485,3.66399999999927,12.6245417800062,0.491409462986494,0.46712015609039,0.545000000495954,0.0213637267256897,-8.52965805786072,4.657804301055,0.0166410180853812,0.0035843
15.84,0.277996549909997,-2.00483609872359,3.66799999861199,12.6340836199337,2.09332965599964,0.000326000474490094,0.200000002810719,0.277020592047974,-2.0074908608696,3.66799999999927,12.6339072196057,0.485396728772113,0.467427724573376,0.545000000379166,0.0214380129903838,-8.51937394120163,4.57755667084814,0.0166474182932592,0.003702
15.86,0.319737778606924,-2.00180211621966,3.67199999866957,12.6434674374495,2.0918228126849,0.000319035349451667,0.200000002947219,0.318811267853735,-2.00446734985624,3.67199999999926,12.6432851027513,0.47934474677093,0.467786249010183,0.545000000273634,0.0215170904098412,-8.50741905957052,4.49742260863705,0.0166531476021165,0.0038035
15.88,0.361416394703127,-1.99837907183664,3.6759999987295,12.6528657680182,2.0900900308622,0.000312038874528991,0.200000003045727,0.360539483789478,-2.00105441393634,3.67599999999926,12.6526774853227,0.473256339015037,0.468195806883811,0.545000000177718,0.0216009997125804,-8.49379575377327,4.41741768907886,0.0166581887393666,0.0038133
15.9,0.403024223692472,-1.99456763831756,3.67999999879105,12.6622806755138,2.08813210904678,0.00030501309497098,0.200000003109706,0.402197061240407,-1.99725272203659,3.67999999999926,12.6620864307129,0.467134359612161,0.468656484538763,0.54500000009156,0.0216897838765184,-8.47850669184777,4.33755746144828,0.0166625251581739,0.0034794
15.92,0.444553104995132,-1.99036856465365,3.68399999885358,12.6717142324877,2.0859499513829,0.000297960167203789,0.200000003142667,0.443775835436776,-1.99306301927773,3.68399999999926,12.6715140108753,0.460981695464965,0.46916837691009,0.545000000014451,0.0217834880930954,-8.46155486853898,4.25785744658485,0.0166661410437805,0.0037798
15.94,0.485994893560682,-1.98578267593028,3.68799999891648,12.6811685212058,2.08354456789907,0.000290882357538161,0.20000000314787,0.485267657054159,-1.98848612682845,3.68799999999926,12.6809623073661,0.454801267128302,0.469731587236733,0.544999999945332,0.0218821597369582,-8.44294360470981,4.17833313384606,0.0166690213178349,0.0036259
15.96,0.527341461467743,-1.98081087315795,3.69199999897924,12.6906456346811,2.0809170747947,0.000283782041279685,0.200000003128189,0.526664393810688,-1.98352294174449,3.69199999999925,12.6904334123803,0.448596029712787,0.470346226748209,0.544999999884135,0.0219858483312854,-8.42267654668792,4.09899997806685,0.0166711516412244,0.0042377
15.98,0.56858469951991,-1.97545413308878,3.69599999904139,12.7001476776982,2.07806869476,0.000276661702340179,0.200000003086478,0.567957932060949,-1.9781744367928,3.69599999999925,12.699929429782,0.442368973700837,0.471012414297453,0.544999999830612,0.0220946055019956,-8.40075766554864,4.01987339652632,0.016672518416483,0.0039734
16,0.609716518837651,-1.96971350801823,3.69999999910251,12.7096767678307,2.07500075732512,0.000269523932702317,0.200000003025498,0.609140178386237,-1.97244166026085,3.69999999999925,12.7094524761266,0.43612312551254,0.471730275851531,0.54499999976679,0.0222084848994514,-8.37719125633411,3.94096876592191,0.0166731088022512,0.0038481
16.02,0.650728852445749,-1.96359012557235,3.70399999916218,12.7192350364497,2.07171469922835,0.000262371429018597,0.200000002941543,0.650203061180831,-1.96632573575123,3.70399999999925,12.7190046816748,0.429861549108339,0.472499944279109,0.544999999696738,0.0223275422311838,-8.35198193720889,3.86230141935189,0.016672910692524,0.0041959
16.04,0.691613656856156,-1.95708518848057,3.70799999921992,12.7288246297207,2.06821206484454,0.000255206997762796,0.200000002832368,0.691138532234004,-1.95982786196134,3.70799999999925,12.7285881913959,0.423587346936767,0.473321558956063,0.544999999654137,0.0224518351905802,-8.32513464855202,3.78388664330666,0.0166719127004328,0.0038542
16.06,0.732362913646223,-1.95019997433376,3.71199999927532,12.7384477095933,2.06449450664696,0.000248033559863849,0.200000002707857,0.73193856830745,-1.95294931244856,3.71199999999926,12.7382051659607,0.417303659788929,0.474195264842908,0.544999999631139,0.0225814232452437,-8.29665465198605,3.70573967466936,0.0166701042009931,0.0038825
16.08,0.772968631031646,-1.94293583532799,3.71599999932815,12.7481064547739,2.06056378565889,0.000240854142142456,0.200000002575067,0.772595172707805,-1.94569143538054,3.71599999999926,12.7478577827208,0.411013668350417,0.475121212117701,0.544999999621928,0.0227163677008846,-8.26654752934286,3.62787569772652,0.016667475307526,0.0038451
16.1,0.813422845433672,-1.93529419799402,3.71999999937829,12.7578030616839,2.05642177196247,0.000233671880688907,0.200000002438961,0.813100376853979,-1.93805565327102,3.71999999999926,12.7575482366736,0.404720594115781,0.476099555555127,0.544999999622144,0.0228567315884626,-8.23481918156685,3.55030984118924,0.0166640168675716,0.0040716
16.12,0.853717623040513,-1.92727656291256,3.72399999942571,12.767539745401,2.05207044523888,0.000226490022564053,0.200000002302933,0.853446241838973,-1.93004346270101,3.72399999999926,12.7672787414107,0.398427700338905,0.477130453856329,0.544999999628609,0.0230025795678471,-8.2014758275554,3.47305717522536,0.0166597204574377,0.0037955
16.14,0.89384506136268,-1.91888450441537,3.72799999947043,12.7773187405819,2.04751189534115,0.000219311927621032,0.200000002169232,0.893624859985876,-1.92165643402547,3.72799999999926,12.7770515300475,0.392138292978105,0.478214068921577,0.544999999639044,0.0231539778241084,-8.1665240029371,3.3961327085035,0.0166545783755248,0.0036608
16.16,0.933797290781936,-1.91011967027212,3.73199999951252,12.7871423023642,2.04274832289893,0.000212141070626794,0.200000002039288,0.933628356397751,-1.91289621106555,3.73199999999926,12.7868688561328,0.385855721649118,0.479350565064305,0.544999999651811,0.0233109939533999,-8.12997055878783,3.31955138524916,0.0166485836343654,0.0036871
16.18,0.973566476093607,-1.90098378136336,3.73599999955205,12.7970127072437,2.03778203995519,0.000204981043754517,0.20000000191394,0.973448890501088,-1.90376451078637,3.73599999999926,12.7967329945334,0.379583380590402,0.480540108164664,0.544999999665837,0.0234736968372428,-8.09182266028508,3.24332808231373,0.0166417299512023,0.0037847
16.2,1.01314481804194,-1.89147863133938,3.73999999958913,12.8069322539261,2.03261547063519,0.000197835559515051,0.200000001793641,1.01307865758254,-1.89426312296057,3.73999999999926,12.8066462422943,0.373324709622121,0.48178286475592,0.544999999680534,0.0236421565028918,-8.05208778530063,3.16747760625682,0.0166340117369748,0.003792
16.22,1.05252455484827,-1.88160608626524,3.74399999962385,12.8169032641479,2.02725115184699,0.000190708454073269,0.200000001678634,1.05250989031861,-1.88439390981746,3.74399999999927,12.8166109194682,0.367083195115657,0.483079001043362,0.544999999695934,0.0238164439701437,-8.01077372293206,3.09201469044254,0.0166254240830876,0.0040459
16.24,1.09169796373163,-1.87136808425191,3.74799999965633,12.8269280834654,2.02169173401381,0.000183603691033471,0.20000000156917,1.09173486029806,-1.87415880567811,3.74799999999927,12.826629369913,0.36086237094858,0.484428681840416,0.54499999971072,0.0239966310790479,-7.96788857197318,3.0169539921502,0.0166159627526692,0.00424
16.26,1.13065736242166,-1.86076663507369,3.75199999968667,12.8370090820061,2.01593998183706,0.000176525365426058,0.200000001465029,1.13074587953662,-1.86355981657619,3.75199999999927,12.8367039620531,0.354665819474467,0.485832069444064,0.544999999724915,0.0241827903088749,-7.92344073932386,2.94231008970012,0.0166056241591912,0.0044967
16.28,1.16939511066339,-1.84980381977202,3.75599999971498,12.8471486551792,2.00999877509071,0.000169477708514294,0.200000001365999,1.16953530198384,-1.85259901986484,3.75599999999927,12.8468370896001,0.348497172470756,0.487289322414332,0.544999999738561,0.0243749945702696,-7.87743893833948,2.86809747959498,0.0165944053506457,0.0041699
16.3,1.20790361171375,-1.83848179024555,3.75999999974136,12.857349224342,2.0038711094455,0.000162465092792446,0.200000001271881,1.2080955250217,-1.84127856380949,3.75999999999927,12.8570311722294,0.342360112079937,0.488800594271307,0.544999999751694,0.0245733169818321,-7.82989218712035,2.79433057367725,0.0165823039886468,0.0043947
16.32,1.2461753138295,-1.82680276882687,3.7639999997659,12.8676132374155,1.99756009732263,0.000155492037500681,0.200000001182491,1.2464189909547,-1.82960066716686,3.76399999999927,12.8672886562069,0.336258371727525,0.490366032090007,0.544999999763839,0.0247778306227283,-7.78080980674146,2.72102369630334,0.0165693183402796,0.0045574
16.34,1.28420271174619,-1.81476904784567,3.7679999997887,12.8779431694447,1.9910689687757,0.000148563214300773,0.200000001097473,1.28449818849114,-1.81756761875012,3.76799999999927,12.8776120149616,0.33019573703387,0.49198577501662,0.544999999774637,0.0249886082687218,-7.73020141942286,2.64819108153495,0.0165554472429013,0.0040937
16.36,1.32197834814816,-1.80238298917868,3.77199999980984,12.8883415230994,1.98440107240033,0.000141683453800793,0.200000001016342,1.32232565421535,-1.80518177698024,3.77199999999928,12.8880037495979,0.324175866576378,0.493659520007297,0.544999931164526,0.0252056338679922,-7.6780769466411,2.57584687034811,0.0165407459175986,0.0035744
16.38,1.35949481511898,-1.78964702398098,3.77599999958236,12.8988108272117,1.97755986901952,0.00013484343259514,0.199999976235571,1.3598939740505,-1.79244556942386,3.77599999999928,12.8984663893425,0.318203112488767,0.49538844848079,0.544999984716717,0.0254292567193058,-7.62444660718215,2.50400510785797,0.0165250676482928,0.0035567
16.4,1.39674475561618,-1.7765636519216,3.77999999905205,12.9093536414557,1.97054895833466,0.000128073749076477,0.199999970733589,1.39719578471174,-1.77936149231742,3.77999999999928,12.9090024919174,0.312281095511048,0.497171969411237,0.545000011183398,0.0256592633558303,-7.56932091513618,2.43267974055835,0.0165085275176272,0.0037564
16.42,1.43372086490981,-1.76313544053331,3.78399999850698,12.9199725560836,1.96337204842935,0.000121372134555794,0.199999974759612,1.4342237751494,-1.76593211007802,3.78399999999928,12.9196146438347,0.306413838288241,0.499010182425329,0.54500002005585,0.0258958024624687,-7.5127106778334,2.36188461359953,0.0164911112669029,0.0036362
16.44,1.47041589198797,-1.74936502502324,3.78799999807437,12.9306701877749,1.95603297057477,0.000114741825892781,0.199999981979718,1.47097068798195,-1.75216005480077,3.78799999999928,12.9303054606032,0.300605415454243,0.5009031852731,0.545000021347002,0.0261389545451185,-7.45462699372365,2.29163346807526,0.0164728108315656,0.003536
16.46,1.50682264098717,-1.73525510773903,3.79199999779082,12.9414491819396,1.94853568010724,0.000108187798442985,0.199999989664639,1.50742932091845,-1.73804802574293,3.79199999999928,12.94107758684,0.294859945372039,0.502851033876493,0.545000017204552,0.0263887808201117,-7.39508125019901,2.22193993832635,0.0164536287691319,0.003576
16.48,1.5429339726063,-1.72080845762751,3.79599999764605,12.9523122129708,1.94088425694533,0.000101715297836445,0.199999995858278,1.5435925281702,-1.72359878879493,3.79599999999928,12.951933696278,0.289181606723787,0.504853779375015,0.545000012035612,0.0266453462108327,-7.33408512135954,2.15281754926595,0.0164335682050387,0.0038912
16.5,1.57874280550601,-1.70602790968433,3.79999999760654,12.9632619841534,1.9330829067601,9.53304873540007e-05,0.200000000191098,1.5794532218513,-1.70881517593828,3.79999999999928,12.9628764916596,0.283574634336856,0.506911442171522,0.545000008169013,0.0269087091301213,-7.27165056572274,2.08427971372649,0.0164126300778807,0.003607
16.52,1.61424211769546,-1.69091636438697,3.80399999763977,12.9743012275175,1.92513596196808,8.90399742121199e-05,0.200000003131943,1.61500437336787,-1.69370008469052,3.80399999999929,12.973908704507,0.278043317596875,0.509024004213979,0.545000005300877,0.02717892011343,-7.20778982387735,2.01633972982901,0.0163908169990484,0.0035198
16.54,1.64942494790805,-1.67547678712336,3.80799999772149,12.9854327034022,1.91704788264695,8.28504292703039e-05,0.200000005040258,1.65023901479571,-1.67825647753737,3.80799999999929,12.9850330947582,0.272592001040448,0.511191404928076,0.545000001297155,0.0274560236110483,-7.14251541608179,1.94901077837535,0.0163681332122856,0.0034748
16.56,1.68428439696685,-1.65971220761884,3.81199999782697,12.9966591997658,1.90882325746281,7.67683578505848e-05,0.200000005507234,1.68515024024597,-1.66248738135213,3.81199999999929,12.9962524502569,0.26722508652254,0.513413537310863,0.544999993392057,0.0277400603844675,-7.07584013980792,1.88230592026318,0.016344580552811,0.0038163
16.58,1.71881362914142,-1.64362571936175,3.81599999791333,13.0079835313568,1.90046680467179,7.07997910705662e-05,0.200000003128375,1.71973120721872,-1.64639588680244,3.81599999999929,13.007569586085,0.261947037990447,0.515690275375185,0.54499998188756,0.0280310717486495,-7.00777706723022,1.81623809392395,0.0163201617729608,0.0035667
16.6,1.7530058734935,-1.62722047901521,3.81999999791069,13.019408538898,1.89198337330399,6.49509001656178e-05,0.199999996607897,1.75397513794413,-1.62998514774458,3.81999999999929,13.0189873437229,0.256762367654144,0.518021443870296,0.544999964320324,0.0283290832063938,-6.93833954266105,1.75082011278412,0.0162948975236638,0.0035413
16.62,1.78685442520756,-1.61049970581537,3.8239999977144,13.0309370880217,1.88337794378528,5.92276025920899e-05,0.199999983763214,1.78787532071089,-1.61325838060535,3.82399999999929,13.0305085900269,0.251675809726532,0.520407470252763,0.545000024172851,0.0286342633679908,-6.86754117993222,1.68606466275012,0.0162687206131526,0.0040964
16.64,1.82035264684381,-1.59346668069257,3.82799999747668,13.0425720710494,1.87465563560204,5.36568471967918e-05,0.19999999246544,1.82142511118173,-1.59621886375168,3.82799999999929,13.0421362160057,0.246691785102831,0.522847183887875,0.545000017039841,0.0289463153207261,-6.7953958597246,1.62198429972122,0.0162417213529891,0.004035
16.66,1.85349396967064,-1.57612474576138,3.83199999738734,13.0543164015784,1.86582169332697,4.82290118134782e-05,0.199999998599783,1.85461793369574,-1.57886993684819,3.8319999999993,13.0538731353837,0.241815078946678,0.525340666916771,0.545000011684165,0.0292654674109184,-6.72191772684744,1.55859144713622,0.0162138690007096,0.0038753
16.68,1.88627189501159,-1.55847730389988,3.8359999974014,13.0661730111932,1.85688149983189,4.29556305052663e-05,0.200000002806082,1.88744728255724,-1.5612150002026,3.8359999999993,13.0657222829327,0.237050444325804,0.527887574704697,0.545000007693954,0.029591674810669,-6.64712118746217,1.49589839353085,0.0161851666256236,0.0038265
16.7,1.91867999548351,-1.54052781792935,3.83999999748522,13.0781448515345,1.84784057372758,3.78461218061579e-05,0.200000005575905,1.91990672331088,-1.54325751409937,3.8399999999993,13.0776866125572,0.232402689075176,0.53048750350132,0.54500000474829,0.0299249153814824,-6.57102090625565,1.4339172901246,0.0161556170711273,0.003919
16.72,1.95071191625916,-1.52227980993941,3.84399999761383,13.0902348909841,1.83870457018957,3.29098477592748e-05,0.20000000728529,1.95198989400287,-1.52500099812153,3.8439999999993,13.0897690951134,0.227876674325078,0.533139986934925,0.545000002598037,0.0302651602614302,-6.49363180356313,1.37266014843648,0.0161252229423195,0.0040654
16.74,1.98236137631609,-1.50373686060195,3.84799999776889,13.1024461119919,1.82947928172891,2.81564528734081e-05,0.200000008220583,1.98369050642792,-1.50644903046091,3.8479999999993,13.1019727159458,0.223477312672036,0.535844491523191,0.545000001050284,0.0306123681258207,-6.414969052441,1.31213883792797,0.0160939865621383,0.0039255
16.76,2.01362216967169,-1.48490260847393,3.85199999793708,13.1147815082501,1.82017063888495,2.35959239126506e-05,0.200000008598685,2.01500234736178,-1.48760524721686,3.8519999999993,13.1143004721205,0.219209565995644,0.538600411874396,0.544999999956013,0.0309664832701401,-6.33504807568985,1.25236508367362,0.0160619099275589,0.0037882
16.78,2.04448816660404,-1.46578074928875,3.85599999810889,13.1272440815679,1.8107847108253,1.92386041336861e-05,0.20000000858285,2.04591927977909,-1.46847334168367,3.8559999999993,13.1267553693368,0.215078442763916,0.541407065059029,0.544999999142661,0.0313274341756678,-6.25388454282838,1.1933504640598,0.016028994730483,0.0037929
16.8,2.07495331485847,-1.44637503523668,3.85999999827747,13.1398368384067,1.80132770583304,1.5095176524505e-05,0.200000008274208,2.07643524405624,-1.44905706362673,3.8599999999993,13.1393404184956,0.211088995398608,0.544263686995133,0.544999998578333,0.0316951324726397,-6.17149436701885,1.13510640851199,0.0159952421612644,0.0039892
16.82,2.1050116408396,-1.42668927423403,3.86399999843783,13.1525627860526,1.79180597168502,1.11767065155963e-05,0.200000007762408,2.10654425915913,-1.42936021854764,3.86399999999931,13.1520586319046,0.207246316572186,0.547169425759546,0.544999998202516,0.0320694712754855,-6.08789370194446,1.07764419525107,0.0159606530168139,0.0040523
16.84,2.13465725078838,-1.40672732918101,3.86799999858661,13.1654249284073,1.78222599587978,7.4946262925664e-06,0.200000007115314,2.1362404238155,-1.40938666693844,3.86799999999931,13.1649130190993,0.203555535363833,0.550123336308733,0.544999997965594,0.03245032393016,-6.0030989386394,1.02097494907912,0.0159252276522277,0.0040649
16.86,2.16388433194429,-1.38649311720878,3.87199999872159,13.1784262613689,1.77259440571067,4.06073407121709e-06,0.200000006382928,2.16551791767162,-1.38914032352496,3.87199999999931,13.1779065822574,0.200021812847231,0.553124374821307,0.544999997833654,0.0328375425751353,-5.9171267022721,0.96510963919505,0.0158889659660796,0.0042768
16.88,2.1926871536923,-1.36599060891563,3.87599999884145,13.1915697677869,1.76291796816334,8.87193219467238e-07,0.200000005603043,2.19437100243313,-1.36862515649968,3.87599999999931,13.191042311186,0.196650337078195,0.556171392703406,0.544999997776252,0.0332309566166632,-5.82999384888228,0.910059077040609,0.0158518674178808,0.0038368
16.9,2.22106006869442,-1.34522382759238,3.87999999894551,13.2048584119679,1.75320358961523,-2.01347518372812e-06,0.200000004802494,2.22279402298984,-1.34784518674398,3.87999999999931,13.2043231778592,0.193446317517936,0.559263130618695,0.544999997771854,0.0336303712423196,-5.74171746207251,0.855833914177174,0.0158139310409351,0.0037451
16.92,2.24899751400565,-1.32419684843713,3.88399999903354,13.2182951337125,1.74345831531668,-4.62839974527273e-06,0.200000004000361,2.25078140852413,-1.32680448704016,3.88399999999931,13.2177521304865,0.190414978795786,0.562398212332002,0.544999997805167,0.0340355658564321,-5.65231484965467,0.802444640193708,0.0157751554812048,0.0036234
16.94,2.27649401217408,-1.30291379775932,3.88799999910564,13.2318828418619,1.73368932862942,-6.94437014914162e-06,0.200000003210222,2.27832767360295,-1.30550718127324,3.88799999999931,13.2313320870894,0.18756155378556,0.56557513845064,0.544999997864884,0.0344462925040218,-5.56180354025225,0.749901580646347,0.0157355390553575,0.0038993
16.96,2.30354417232502,-1.28137885217333,3.89199999916216,13.2456244073363,1.72390394999752,-8.9478525429318e-06,0.20000000244158,2.30542741925299,-1.28395744362274,3.89199999999932,13.2450659285679,0.184891275955185,0.568792280104327,0.544999997942721,0.0348622742877671,-5.47020127985884,0.698214895030046,0.0156950798292882,0.0036169
16.98,2.3301426912288,-1.25959623778163,3.89599999920358,13.2595226556446,1.71410963562432,-1.06250089464636e-05,0.200000001700959,2.33207533401898,-1.26215949774464,3.89599999999932,13.2589564912373,0.182409370945303,0.572047872587998,0.544999998032602,0.035283203784657,-5.37752602835367,0.647394574782683,0.015653775719926,0.0035126
17,2.35628435435216,-1.23757022934747,3.89999999923052,13.2735803588514,1.7043139758277,-1.1961721145392e-05,0.200000000992696,2.35826619500475,-1.24011761594362,3.89999999999932,13.2730065588184,0.180121047334894,0.575340009003877,0.544999998130101,0.0357087414769228,-5.28379595597468,0.597450441322044,0.0156116246223894,0.0034649
17.02,2.38196403689296,-1.2153051494574,3.90399999924364,13.2878002269838,1.69452469304424,-1.29436194884343e-05,0.200000000319532,2.38399486889705,-1.21783611833574,3.90399999999932,13.2872188538668,0.178031486553091,0.578666633945142,0.544999998232098,0.0361385142131454,-5.18902943974998,0.54839214411611,0.0155686245641646,0.0036086
17.04,2.40717670479798,-1.19280536767351,3.90799999924367,13.3021848988676,1.68474963945166,-1.35561169721318e-05,0.199999999683088,2.40925631297169,-1.19531937200183,3.90799999999932,13.3015960286258,0.176145831897853,0.58202553726581,0.544999998336397,0.0365721137165674,-5.0932450598881,0.500229158787043,0.0155247738877823,0.0037554
17.06,2.43191741576363,-1.17007529967556,3.91199999923134,13.3167369323818,1.67499679417771,-1.3784449077976e-05,0.199999999084191,2.43404557608201,-1.17257179013155,3.91199999999932,13.3161406552951,0.174469176623575,0.585414347982108,0.544999998441117,0.0370090951592109,-4.99646159612806,0.452970785249293,0.0154800714634343,0.0039012
17.08,2.45618132021926,-1.14711940639304,3.91599999920742,13.3314587941264,1.66527426006238,-1.36137200533313e-05,0.199999998522993,2.45835779962937,-1.14959783115852,3.91599999999932,13.3308552157075,0.173006551068,0.588830528385593,0.544999998545097,0.0374489758288166,-4.89869802404959,0.406626145882211,0.0154345169308319,0.003665
17.1,2.47996366229296,-1.12394219312734,3.91999999917264,13.3463528484998,1.65559025993929,-1.30289554865445e-05,0.199999997999228,2.4821882185155,-1.12640199788654,3.91999999999932,13.3457420904102,0.171762908784759,0.59227136840476,0.544999998647524,0.0378912339043732,-4.79997351134448,0.361204183737588,0.0153881109715958,0.0035861
17.12,2.5032597807595,-1.10054820866394,3.92399999912775,13.3614213461891,1.6459531324014,-1.20151621359219e-05,0.199999997512336,2.50553216207653,-1.10298883660712,3.92399999999933,13.3608035471525,0.17074318071859,0.595734238280555,0.545000005798908,0.0383353904461795,-4.70030741404956,0.316713660782499,0.01534085253066,0.0041507
17.14,2.52606510991181,-1.07694204427989,3.92799999909888,13.3766664138642,1.63637132983119,-1.05495422249314e-05,0.199999999599943,2.52838505499846,-1.07936293620845,3.92799999999933,13.3760417287865,0.169951990535203,0.599215571473083,0.545000003980103,0.0387806245185217,-4.59971927274303,0.273163156179126,0.0152927519160874,0.0041013
17.16,2.54837518052499,-1.05312833292651,3.9319999991052,13.3920900383977,1.62685340494393,-8.62801860069836e-06,0.20000000103278,2.55074241821404,-1.05552892727606,3.93199999999933,13.3914586405927,0.169394030559261,0.602712345834922,0.545000002626754,0.039226471259266,-4.49822880870545,0.230561064603268,0.0152438117283522,0.0039336
17.18,2.57018562080926,-1.02911174840746,3.93599999913532,13.4076940531298,1.61740801252701,-6.23375411168915e-06,0.200000001978412,2.57259986978066,-1.03149148118531,3.93599999999933,13.4070561370496,0.169073788247374,0.606221113607953,0.545000001629417,0.0396722057039782,-4.39585592004028,0.188915594591962,0.0151940401166386,0.0040077
17.2,2.59149215723199,-1.00489700436427,3.93999999918075,13.4234801272512,1.6080439003414,-3.35225006665538e-06,0.200000002565002,2.59395312573931,-1.00725530918584,3.93999999999933,13.4228359080733,0.168995589461366,0.609738232377985,0.545000000907905,0.0401170919337406,-4.29262067776033,0.148234766930233,0.0151434479963558,0.0041442
17.22,2.61229061537309,-0.980488853340312,3.94399999923532,13.4394497505572,1.59876990175717,3.02347404546487e-08,0.200000002891848,2.61479800095421,-0.982825161478218,3.94399999999933,13.4387994647599,0.169163578280402,0.613259862419303,0.545000000386084,0.040560356516949,-4.18854332184026,0.10852641307627,0.0150920494638596,0.004032
17.24,2.63257692076157,-0.955892085836026,3.94799999929455,13.4556042186192,1.58959492766758,3.92681589657435e-06,0.200000003030838,2.63513040993318,-0.958205826282983,3.94799999999933,13.4549481246742,0.169581696208711,0.616781966873612,0.545000000019644,0.0410011850189881,-4.08364425723532,0.0697981736242211,0.0150398621839269,0.0040327
17.26,2.65234709969235,-0.931111529355137,3.95199999935523,13.4719446177085,1.58052795765494,8.34994182358969e-06,0.20000000303791,2.65494636762841,-0.93340212890218,3.95199999999934,13.4712829967353,0.170253660013971,0.620300310249486,0.544999999769584,0.0414387216564782,-3.97794404986697,0.0320574968049515,0.0149869077871451,0.0045405
17.28,2.67159728002321,-0.906152047441606,3.95599999941516,13.4884718094133,1.57157803035899,1.33112621747521e-05,0.20000000295496,2.67424199021748,-0.908418930773654,3.95599999999934,13.4878049657604,0.171182938894427,0.623810459264234,0.544999999605983,0.0418720705045723,-3.87146342257625,-0.00468836297485525,0.0149332122388036,0.0043989
17.3,2.69032369195146,-0.88101853870781,3.95999999947284,13.5051864149996,1.56275423302827,1.88214988050309e-05,0.200000002813114,2.69301349586467,-0.883261128518249,3.95999999999934,13.5045146767394,0.172372730804296,0.627307784646326,0.544999999505976,0.0423002970510274,-3.76422325104564,-0.0404323465548996,0.0148788061800776,0.004433
17.32,2.70852266877018,-0.855715935853981,3.96399999952732,13.5220887995974,1.55406569022867,2.48903094080018e-05,0.200000002635265,2.71125720546213,-0.857933652980101,3.96399999999934,13.5214125189213,0.173825938075745,0.630787464258001,0.544999999452161,0.0427224302441869,-3.65624455969031,-0.0751675914044205,0.0148237252271355,0.0047367
17.34,2.72619064760357,-0.830249204679091,3.96799999957806,13.5391790563052,1.54552155168914,3.15261463518283e-05,0.200000002438043,2.72896954335094,-0.832441468260228,3.96799999999934,13.5384986098072,0.175545142453602,0.634244487649397,0.544999999431346,0.0431374650384891,-3.5475485175195,-0.108887432965956,0.0147680102153915,0.0043281
17.36,2.74332417012099,-0.804623343083384,3.97199999962477,13.5564569903178,1.53713097926941,3.87361121436346e-05,0.200000002233328,2.74614703802195,-0.806789570743577,3.97199999999934,13.5557727791555,0.177532579679305,0.637673662150822,0.544999999433603,0.0435443654577378,-3.43815643396891,-0.14158540595937,0.0147117073754426,0.0043037
17.38,2.75991988322964,-0.77884338006275,3.9759999996674,13.5739221031947,1.52890313304008,4.65258129193513e-05,0.200000002029425,2.76278632279606,-0.780982988119762,3.97599999999934,13.5732345531146,0.179790113781266,0.641069620604393,0.5449999994515,0.0439420681953211,-3.328089754705,-0.173255245645819,0.0146548684275698,0.0044085
17.4,2.7759745397451,-0.752914374695202,3.97999999970601,13.591573577395,1.52084715647206,5.48992115181188e-05,0.200000001831965,2.77888413648406,-0.755026778397633,3.97999999999935,13.5908831386124,0.182319211250208,0.644426830827974,0.544999999479541,0.0443294867647734,-3.21737005740196,-0.203890889051332,0.0145975505820806,0.0044245
17.42,2.79148499903975,-0.726841415119712,3.98399999974078,13.6094102612196,1.51297216073914,6.38584818752229e-05,0.200000001644599,2.79443732402569,-0.728926028913918,3.98399999999935,13.6087174081413,0.185120915299285,0.647739606893851,0.544999999513666,0.0447055162072958,-3.10601904749236,-0.2334864761497,0.014539816433863,0.0043027
17.44,2.80644822766845,-0.700629617507688,3.98799999977192,13.6274306543067,1.50528720814592,7.34038666386578e-05,0.200000001469519,2.80944283710789,-0.702685855336094,3.98799999999935,13.6267358850883,0.18819582042961,0.651002122291211,0.544999999550947,0.0450690383544224,-2.99405855389227,-0.262036351004362,0.014481733741165,0.0042726
17.46,2.82086129997125,-0.674284125027416,3.99199999979969,13.6456328938413,1.49780129470166,8.35335400674956e-05,0.20000000130786,2.82389773476217,-0.676311400659711,3.99199999999935,13.6449367297693,0.191544047541943,0.654208425025509,0.544999999589303,0.0454189276349254,-2.88151052470181,-0.289535062869022,0.0144233750807556,0.0041922
17.48,2.83472139865266,-0.647810106801824,3.99599999982437,13.6640147416429,1.49052333187033,9.42434784035554e-05,0.200000001160009,2.83779918394083,-0.649807834200343,3.99599999999935,13.663317726336,0.195165219853894,0.65735245468869,0.544999999627291,0.045754057404633,-2.76839702288212,-0.315977367246696,0.01436481737445,0.004641
17.5,2.84802581533728,-0.621212756859923,3.99999999984623,13.6825735723054,1.48346212753713,0.000105527340004951,0.200000001025834,2.85114446007204,-0.62318035058038,3.99999999999935,13.681876270728,0.199058439898351,0.660428061513164,0.544999999663925,0.0460733067665126,-2.65474022190957,-0.341358226906945,0.0143061412851751,0.0041815
17.52,2.86077195110119,-0.594497293082352,4.00399999986554,13.7013063625668,1.4766263662425,0.000117376357631191,0.200000000904846,2.86393094759367,-0.596434168710851,4.00399999999935,13.7006093598524,0.203222267894216,0.663429027395042,0.544999999698571,0.0463755678379765,-2.54056240140825,-0.365672812861055,0.0142474304846469,0.0042018
17.54,2.87295731697907,-0.567668956141458,4.00799999988255,13.7202096820891,1.4700245887458,0.000129779245185425,0.200000000796332,2.87615614046567,-0.569574530768479,4.00799999999936,13.7195135821715,0.207654701789899,0.666349088849261,0.544999999730871,0.0466597534078774,-2.42588594276167,-0.388916505294915,0.0141887707987798,0.0041798
17.56,2.88457953444641,-0.54073300843637,4.01199999989751,13.7392796858306,1.4636651709924,0.000142722121273434,0.200000000699446,2.887817642661,-0.542606701168181,4.01199999999936,13.7385851098834,0.21235315928725,0.669181961828454,0.544999999760638,0.0469248049143475,-2.31073332470471,-0.411084894459404,0.0141302492413452,0.0040729
17.58,2.89563633587683,-0.513694733023579,4.01599999991063,13.7585121081883,1.45755630256933,0.0001561884519314,0.200000000613275,2.89891316863498,-0.515535965531187,4.01599999999936,13.757819692876,0.21731446215786,0.671921368302882,0.544999999787824,0.0471697006640891,-2.19512711889675,-0.432173781518089,0.0140719529509193,0.0040249
17.6,2.90612556497391,-0.486559432543532,4.01999999992213,13.7779022590849,1.45170596474673,0.000170159014637223,0.200000000536892,2.9094405437729,-0.488367629649015,4.01999999999936,13.7772126546313,0.22253482315988,0.674561064469551,0.544999999812458,0.0473934641996087,-2.07908998547701,-0.452179179352064,0.014013968050501,0.0041453
17.62,2.91604517717763,-0.459332428143791,4.0239999999322,13.7974450221658,1.44612190821336,0.000184611885574282,0.200000000469377,2.91939770481599,-0.46110701844348,4.02399999999936,13.7967588902478,0.22800983585621,0.677094870423155,0.544999999834651,0.0475951727115394,-1.96264466860318,-0.471097313321779,0.0139563784532864,0.0041391
17.64,2.92539324004489,-0.432019058399323,4.02799999994099,13.8171348552591,1.44081163062578,0.000199522451868699,0.200000000409851,2.92878270026538,-0.433759474922954,4.02799999999936,13.8164528667373,0.233734467621902,0.679516701087865,0.544999999854533,0.047773965384321,-1.84581399197419,-0.48892462198574,0.0138992646417222,0.004041
17.66,2.93416793360416,-0.404624678230513,4.03199999994866,13.836965793239,1.43578235410109,0.000214863450202908,0.200000000357483,2.93759369076433,-0.406330359135079,4.03199999999936,13.8362886257373,0.239703056106521,0.681820598176017,0.544999999872282,0.0479290515536073,-1.72862085433844,-0.505657757775972,0.0138427024498572,0.0040676
17.68,2.94236755068411,-0.377154657819481,4.03599999995535,13.8569314534098,1.43104100279234,0.000230605032894084,0.200000000311505,2.94582894945826,-0.37882504711614,4.03599999999936,13.8562597887618,0.245909309393456,0.684000762905852,0.544999999888052,0.0480597185518546,-1.61108822498822,-0.521293587630167,0.0137867618810182,0.0042274
17.7,2.94999049721598,-0.349614381525325,4.03999999996118,13.8770250435116,1.42659418069451,0.000246714862078882,0.200000000271204,2.9534868623329,-0.351248929837302,4.03999999999937,13.8763595650906,0.252346310065221,0.686051589184725,0.544999999902023,0.0481653391144516,-1.49323913924158,-0.535829193580459,0.0137315059939629,0.0040566
17.72,2.95703529250992,-0.322009246798885,4.04399999996625,13.8972393724174,1.42244814983539,0.000263158232262239,0.200000000235932,2.96056592853021,-0.323607412147922,4.04399999999937,13.8965807623724,0.259006523340425,0.687967696929871,0.54499999991436,0.0482453782140114,-1.37509669391263,-0.549261873298797,0.0136769898903649,0.0040209
17.74,2.9635005695051,-0.294344663097636,4.04799999997066,13.9175668635685,1.41860880901107,0.000279898220872185,0.200000000205102,2.96706476064213,-0.295905911716149,4.04799999999937,13.9169157999872,0.265881809411839,0.689743965188292,0.544999999925222,0.048299399205143,-1.25668404277127,-0.561589140598915,0.0136232598352224,0.0040786
17.76,2.96938507499378,-0.266626050801311,4.0519999999745,13.9379995711598,1.41508167322935,0.000296895866227412,0.200000000178182,2.97298208498215,-0.268149857967002,4.05199999999937,13.9373567251846,0.272963440054412,0.691375564683052,0.544999999934797,0.0483270691526488,-1.13802439199347,-0.572808725894904,0.0135703525391269,0.0041404
17.78,2.97468766981949,-0.238858840128815,4.05599999997782,13.9585291990569,1.41187185402545,0.000314110371428313,0.200000000154709,2.97831674183448,-0.240344691018156,4.05599999999937,13.9578952319786,0.2802421195284,0.692857989422928,0.544999999943201,0.0483281632427333,-1.01914099560311,-0.582918576616432,0.0135182946274809,0.0040279
17.8,2.97940732904945,-0.211048470057006,4.05999999998071,13.9791471223892,1.40898404081351,0.000331499332682678,0.200000000134261,2.98306768568104,-0.212495860613637,4.05999999999937,13.9785226827446,0.287708009733305,0.694187086977916,0.544999999950553,0.0483025681722037,-0.900057150906384,-0.591916857580682,0.0134671023169102,0.0040082
17.82,2.98354314212147,-0.183200387241855,4.06399999998322,13.9998444117294,1.40642248343442,0.000349018989401909,0.20000000011646,2.98723398540591,-0.184608825055631,4.06399999999937,13.9992301324317,0.295350759520666,0.695359087065328,0.544999999956988,0.048250284445879,-0.780796193919815,-0.599801951321084,0.0134167813131444,0.0043148
17.84,2.98709431296575,-0.155320044942486,4.06799999998539,14.020611859733,1.40419097605453,0.000366624493913674,0.200000000100976,2.99081482447754,-0.156689050134623,4.06799999999938,14.0200083552604,0.30315953799702,0.696370628043346,0.544999999962612,0.048171427508202,-0.661381494792939,-0.606572458372947,0.0133673269382211,0.0041194
17.86,2.99006016010174,-0.127412901948542,4.07199999998728,14.0414400100755,1.40229284256194,0.000384270196887987,0.200000000087517,2.99380950110838,-0.128742008058076,4.07199999999938,14.0408478737463,0.311123071604423,0.697218780999366,0.544999999967512,0.0480662276826416,-0.541836453226574,-0.612227197516123,0.0133187244877,0.0041397
17.88,2.99244011671059,-0.0994844215112937,4.07599999998891,14.0623191884916,1.40073092359663,0.000401909945914841,0.200000000075821,2.99621742839213,-0.100773176377855,4.07599999999938,14.0617389898502,0.319229684688577,0.69790107106137,0.544999999971793,0.0479350288862271,-0.422184493887725,-0.616765205974833,0.0132709498115774,0.0040735
17.9,2.99423373068356,-0.0715400702788356,4.07999999999033,14.083239535686,1.39950756533776,0.000419497392617033,0.200000000065667,2.9980381344185,-0.0727880369166166,4.07999999999938,14.0826718180259,0.327467343222305,0.698415495658159,0.544999999975517,0.0477782861352704,-0.302449061822065,-0.620185739574826,0.0132239701053206,0.0041089
17.92,2.99544066464694,-0.0435853172356838,4.08399999999155,14.1041910418588,1.39862461015679,0.000436986304596724,0.200000000056853,2.99927126236537,-0.0447920746933579,4.08399999999938,14.1036363199053,0.335823701295511,0.6987605394749,0.54499999997875,0.0475965618688896,-0.182653617864958,-0.622488272858022,0.0131777448910141,0.004039
17.94,2.99606069596379,-0.0156256326470205,4.08799999999261,14.125163582561,1.3980833892282,0.00045433087853873,0.200000000049203,2.99991657056855,-0.0167907768483556,4.08799999999938,14.1246223403338,0.344286149932268,0.698935185851525,0.544999999981573,0.0473905211375728,-0.0628216340519467,-0.623672499154844,0.0131322271627677,0.0039861
