Time,X,Y,Z,Psi,Vx_B,Vy_B,Vz_B,Ref_X,Ref_Y,Ref_Z,Ref_Psi,Ux,Uy,Uz,Upsi,Int_X,Int_Y,Cost,CalcTime
0,3.15,0,0.5,1.5707963267949,1.4,8.57252759403147e-17,0.2,3,0,0.5,1.5707963267949,0.358058718983311,0.999999999985615,0.545000000000016,0.0629055630961837,0,0,21.9435441011195,0.0073914
0.02,3.14958032205369,0.0280002502195658,0.504,1.59213156325169,1.40045163476607,0.0120772879262054,0.200000000000006,2.99970601080434,0.0279979420453784,0.504,1.5917963267949,0.373842262402779,0.999999994053376,0.545000000001385,0.0521229934591115,0.125994403202719,0.000560013291537341,21.577574864407,0.0054156
0.04,3.14832247639364,0.0559952418106357,0.508000000000005,1.61386279159953,1.40178149761293,0.0234872473968651,0.200000000000504,2.99882411268122,0.0559869721518592,0.507999999999999,1.61279110337189,0.389005687783329,0.999999999618875,0.545000000000025,0.050219318000244,0.251955250214394,0.00223995010849895,21.1832316544315,0.0064053
0.06,3.14622808483991,0.0839789649442341,0.512000000000015,1.63568744318292,1.40394795784226,0.0346379745587041,0.200000000000513,2.99735447829323,0.083961603929477,0.511999999999999,1.63377039979058,0.403563028517817,0.999999999989418,0.544999999999449,0.0496277288181691,0.377849047348056,0.0050394824821832,20.7608790700098,0.0057768
0.08,3.14329863313052,0.111944717931199,0.516000000000023,1.65754437432285,1.40691355222863,0.0455988848071916,0.200000000000315,2.99529739551699,0.111916353852798,0.515999999999998,1.65472401575425,0.417510030199498,0.99998703295313,0.545000000000038,0.0492469326121436,0.503642362830163,0.00895802776912187,20.3117367264908,0.0064504
0.1,3.13953553197205,0.13988517742801,0.52000000000003,1.67941004471719,1.41064164123379,0.0563867809448719,0.200000000000329,2.99265326738393,0.139845742332148,0.519999999999998,1.67564184502063,0.430839650035862,0.999583316242134,0.545000000005737,0.0489152121954493,0.629301822625619,0.0139947227257132,19.8378046802738,0.005764
0.12,3.13494032331514,0.167792436848531,0.524000000000057,1.70126858730015,1.41509542905605,0.0669927515822467,0.200000000002394,2.98942261199887,0.167744294784359,0.523999999999998,1.69651391216224,0.443542633601119,0.982906904843954,0.544999999997797,0.0484817900854324,0.754794110566491,0.0201483993384587,19.3413406909565,0.0057289
0.14,3.1295214653682,0.195658961146887,0.528000000000097,1.72310448009698,1.42023019190874,0.0767441665332644,0.200000000001601,2.98560606243632,0.195606542702782,0.527999999999997,1.71733040815234,0.455634131761623,0.96457514612395,0.544999999998102,0.0480033503238546,0.880086066519276,0.0274175744160847,18.846133579585,0.0056524
0.16,3.12329476944319,0.223478038229787,0.532000000000122,1.74490059859277,1.42599385751333,0.0855888486779234,0.200000000000918,2.98120436661456,0.223427024726365,0.531999999999997,1.73808172447656,0.467125408439566,0.946466670620318,0.5449999999987,0.047500496199913,1.00514505664767,0.0358004834556403,18.3565254920238,0.0051135
0.18,3.11627649634895,0.251243125596162,0.536000000000136,1.76663998831173,1.43233470919653,0.0935548647458181,0.20000000000045,2.97621838714747,0.251200287707546,0.535999999999996,1.75875848549459,0.478028792941839,0.92861458586727,0.544999999999006,0.0469782491798782,1.1299390937341,0.0452950974623671,17.8743784110312,0.0046592
0.2,3.10848257721403,0.278947759564474,0.540000000000141,1.7883063845013,1.43920245169035,0.100671965799508,0.200000000000092,2.97064910117408,0.278920887778751,0.539999999999996,1.77935157880374,0.488358357120251,0.911029767655296,0.544999999992332,0.0464390555799276,1.25443683442711,0.0558991273052764,17.4014334069488,0.0044284
0.22,3.09992861397688,0.306585560379473,0.544000000000116,1.80988430335482,1.446548398198,0.10697050339084,0.199999999997332,2.9644976001659,0.306583391417259,0.543999999999995,1.79985218338769,0.498129709730388,0.893758827216096,0.544999999999801,0.0458851462542706,1.37860756600604,0.067610026962994,16.9393155477789,0.0044605
0.24,3.09062987339255,0.334150234998718,0.548000000000062,1.83135906642919,1.45432563592769,0.112482857604068,0.19999999999726,2.95776508971204,0.334182376508231,0.547999999999995,1.8202517953672,0.50735974271529,0.876795321600046,0.545000000001222,0.0453183482327,1.50242119319436,0.0804249969615836,16.4894811371155,0.0044532
0.26,3.08060128719837,0.361635580574531,0.552000000000011,1.85271680958947,1.46248915783043,0.117241147477947,0.1999999999977,2.95045288928207,0.361712433405654,0.551999999999995,1.84054225120527,0.51606648040362,0.86016409538521,0.545000000001061,0.0447406006094767,1.62584822461433,0.0943409878822166,16.053259444731,0.0057174
0.28,3.0698574600377,0.389035489225646,0.555999999999969,1.87394448512012,1.47099596431289,0.121278486081985,0.199999999998082,2.94256243196681,0.38916816599101,0.555999999999994,1.86071574825531,0.524268858936261,0.843880678408923,0.545000000000923,0.0441537484768747,1.74885975963385,0.109354704087034,15.631814055194,0.0049527
0.3,3.05841266735553,0.41634394980507,0.559999999999934,1.89502986394446,1.47980515275445,0.124628516887849,0.199999999998414,2.93409526419686,0.416544192729425,0.559999999999994,1.88076486257752,0.531986541324788,0.827958586555999,0.545000000000799,0.0435595662774852,1.87142747521861,0.125462607550182,15.2261464414838,0.004783
0.32,3.04628085688072,0.443555049896353,0.563999999999905,1.9159615341626,1.48887798134291,0.127325256246971,0.199999999998701,2.92505304543913,0.443835147723098,0.563999999999993,1.90068256398462,0.539239737734907,0.812409585665058,0.54499999999953,0.0429597558770948,1.99352361279184,0.142660921768629,14.8370952451353,0.0052256
0.34,3.03347565060094,0.470662977340464,0.567999999999878,1.93672889670208,1.49817791168844,0.129402945769074,0.199999999998532,2.91543754787125,0.471035681761782,0.567999999999993,1.9204622283124,0.546049035088355,0.797243738871343,0.544999999996526,0.0423559424531042,2.11512096516387,0.160945635743538,14.4653376027516,0.0043371
0.36,3.02001034712301,0.497662021288872,0.571999999999836,1.9573221582275,1.50767063155886,0.130895906882518,0.199999999997281,2.90525065603401,0.498140463370114,0.571999999999992,1.94009764694343,0.552435236929054,0.782469446886434,0.54499999999312,0.0417496709115592,2.23619286354841,0.180312508013167,14.1113924071436,0.0047479
0.38,3.00589792441134,0.524546572805675,0.575999999999757,1.97773232140778,1.51732405909828,0.131838398649862,0.199999999994804,2.89449436646183,0.525144179851563,0.575999999999992,1.95958303364217,0.558419214500419,0.768093484387626,0.545000000005693,0.0411424030713128,2.35671316468083,0.200757070718795,13.7756252262311,0.0051265
0.4,2.99115104290798,0.551311125047866,0.579999999999673,1.99795117265736,1.52710832999431,0.132264479895075,0.199999999996854,2.88317078729135,0.552041538328798,0.579999999999992,1.97891302878742,0.564021767590856,0.754121050806459,0.545000000003947,0.0405355152140511,2.47665623805357,0.222274633686184,13.4582546190171,0.0049381
0.42,2.97578204903925,0.577950273055652,0.583999999999624,2.01797126748089,1.53699576905684,0.132207877313009,0.199999999998275,2.87128213784819,0.57882726678026,0.583999999999991,1.99808270111175,0.569263500200402,0.740555864788647,0.545000000002323,0.0399302980253448,2.59599695328409,0.244860288506348,13.1593595959012,0.0043856
0.44,2.95980297909556,0.604458713179589,0.587999999999598,2.03778591359703,1.54696084793191,0.131701862239974,0.199999999999111,2.85883074821197,0.605496115072722,0.587999999999991,2.01708754707864,0.574164705191549,0.727400220457154,0.545000000000426,0.0393279552669737,2.71471066763067,0.268508912600602,12.8788879743298,0.0049596
0.46,2.94322556347267,0.630831242172813,0.591999999999582,2.05738915202318,1.55698013045105,0.130779135172736,0.199999999999264,2.84581905875966,0.632042855989635,0.59199999999999,2.0359234880453,0.578745262151452,0.714655075264076,0.544999999997823,0.0387296044917337,2.83277321367055,0.293215173255872,12.6166654508344,0.0048493
0.48,2.92606123126791,0.657062755979174,0.59599999999956,2.07677573630282,1.56703220727424,0.129471719912936,0.19999999999848,2.8322496196873,0.658462286255049,0.59599999999999,2.05458686537246,0.583024544551076,0.702320128789832,0.544999999872461,0.0381362775957258,2.95016088715493,0.318973531617539,12.3724051859086,0.0050629
0.5,2.9083211152183,0.683148248245284,0.59999999999907,2.09594111007901,1.57709762131448,0.127810867330924,0.199999999952566,2.81812509051027,0.684749227552902,0.599999999999989,2.07307443365334,0.587021349069196,0.690393932853354,0.544999999881681,0.037548923692742,3.06685043505466,0.345778246628175,12.1457177492082,0.0042789
0.52,2.89001605695876,0.70908280858333,0.603999999997696,2.11488138324457,1.58715878591787,0.125826970253869,0.199999999909971,2.80344823954211,0.710898527541471,0.603999999999989,2.09138335224035,0.590753815627769,0.678873947976759,0.544999999886943,0.0369684085757969,3.18281904381001,0.373623378901702,11.9361212424479,0.0044018
0.54,2.8711566125891,0.7348616206126,0.607999999995488,2.1335933068526,1.59719989644868,0.123549487368683,0.199999999869271,2.78822194335203,0.736905060862783,0.607999999999988,2.10951117525229,0.594239377740238,0.667756655136362,0.544999999888902,0.0363955192552985,3.29804432779684,0.402502794523529,11.7430515123972,0.0037119
0.56,2.85175305853751,0.760479959806721,0.611999999992473,2.15207424699156,1.60720683745707,0.121006878454694,0.199999999829275,2.77244918620122,0.762763730146783,0.611999999999988,2.12745584024551,0.597494713696508,0.657037640166209,0.544999999888017,0.0358309658221785,3.41250431802156,0.432410168768397,11.5658723005707,0.0037853
0.58,2.83181539769547,0.785933191170367,0.615999999988656,2.17032215785771,1.61716708637028,0.118226549627609,0.199999999788961,2.75613305945801,0.788469467010058,0.615999999999988,2.14521565573098,0.600535708000112,0.646711679240364,0.544999999877683,0.0352753844114282,3.5261774510561,0.463338989728608,11.4038852417784,0.0036656
0.6,2.81135336580889,0.81121676677007,0.619999999983995,2.18833555420378,1.62706961493502,0.115234808464925,0.199999999744927,2.73927676099212,0.814017233048909,0.619999999999987,2.16278928771525,0.603377424860702,0.636772832722037,0.544999999812817,0.0347293408260388,3.63904255822339,0.495282561846333,11.2563396210866,0.0037239
0.62,2.79037643810456,0.836326223141033,0.623999999978219,2.20611348336238,1.63690478963886,0.112056829067021,0.199999999677541,2.72188359454793,0.839402020826588,0.623999999999987,2.18017574543719,0.606034088294237,0.627214522549308,0.54499999973118,0.0341933336226073,3.75107885504336,0.528234009344603,11.1224418156396,0.0039845
0.64,2.76889383613189,0.861257178591758,0.627999999970802,2.22365549702648,1.64666427203553,0.108716626016512,0.199999999580766,2.70395696909705,0.864618854854493,0.627999999999986,2.19737436646506,0.608519069036403,0.61802961333888,0.544999999657965,0.0336677976306117,3.86226593094833,0.562186279552451,11.0013643536702,0.003635
0.66,2.74691453480243,0.886005330427831,0.631999999961186,2.24096162294949,1.65634091982203,0.105237037014831,0.199999999457633,2.68550039817025,0.889662792567121,0.631999999999986,2.21438480130929,0.610844879070582,0.609210488888542,0.544999999594435,0.0331531075461428,3.97258373927602,0.597132146120555,10.8922545423013,0.0039817
0.68,2.72444726960794,0.910566452113566,0.635999999948879,2.25803233672309,1.66592868946958,0.101639713578906,0.19999999931163,2.66651749916888,0.914528925290595,0.635999999999985,2.23120699769659,0.613023173112806,0.600749125104859,0.544999999541673,0.0326495815776262,4.08201258754791,0.633064212124536,10.7942426224896,0.0037482
0.7,2.70150054399777,0.934936390389572,0.639999999933461,2.27486853377827,1.6754225411048,0.0979451191999354,0.199999999146632,2.64701199265591,0.939212379204571,0.639999999999985,2.24784118464014,0.615064755601551,0.592637158311452,0.544999999502314,0.0321574850225863,4.19053312803944,0.669974913053771,10.7064494177433,0.0037141
0.72,2.67808263689657,0.959111062363234,0.643999999914602,2.2914715017409,1.68481834620434,0.0941725343112722,0.199999998967465,2.62698770162676,0.963708316297325,0.643999999999984,2.26428785642941,0.616979801276277,0.584866040366821,0.545000001299341,0.031677045567312,4.29812634864825,0.707856519684324,10.6279934881856,0.0039299
0.74,2.65420161025998,0.98308645262483,0.647999999898629,2.307842893511,1.69411280692806,0.090340070741835,0.199999999435228,2.60644855076,0.988011935313841,0.647999999999984,2.28054775665186,0.618777063455686,0.57742672322079,0.545000000929992,0.031208402154196,4.4047735640645,0.746701140835703,10.5579975772053,0.0037485
0.76,2.62986531689796,1.00685861030173,0.651999999890682,2.32398470021658,1.70330334673716,0.0864646772883969,0.199999999770025,2.58539856564821,1.0121184726967,0.651999999999984,2.29662186234701,0.620464782220901,0.570310208345524,0.544999998270406,0.0307516938727049,4.51045640724659,0.7865007260119,10.4955947476804,0.0039844
0.78,2.60508140849093,1.03042364606435,0.655999999879856,2.33989922490069,1.71238804057498,0.0825621709393111,0.199999999147371,2.56384187200887,1.03602320351962,0.655999999999983,2.31251136838215,0.622051063720328,0.563507537013125,0.544999998598995,0.0303070412135754,4.61515682121636,0.827247067922687,10.4399339197106,0.0035909
0.8,2.5798573433117,1.053777729337,0.659999999857759,2.35558905831619,1.72136556351314,0.0786472671516383,0.19999999864301,2.54178269487582,1.05972144241339,0.659999999999983,2.32821767212788,0.623542463475894,0.557009423087042,0.544999998858948,0.0298744641045914,4.71885705116961,0.8689318048885,10.3901845908037,0.0036021
0.82,2.55420039407592,1.07691708553004,0.663999999826512,2.37105705447762,1.73023508589241,0.0747335983036796,0.199999998232231,2.5192253577711,1.08320854448406,0.663999999999982,2.34374235850079,0.624945071447381,0.55080664591015,0.544999999066855,0.0294539883150261,4.82153963689465,0.911546423136134,10.3455412958444,0.0050406
0.84,2.52811765603015,1.09983799321848,0.667999999787797,2.386306306576,1.73899621519736,0.0708337510594432,0.199999997896299,2.49617428185752,1.10647990622331,0.667999999999982,2.35908718543073,0.626264285577647,0.544889997111574,0.544999999235307,0.0290456038385167,4.92318740551238,0.955082258981233,10.3052274173044,0.0050637
0.86,2.50161605496392,1.12253678143524,0.67199999974297,2.40134012453859,1.7476489321755,0.0669593011302038,0.199999997621009,2.47263398507209,1.12953096641052,0.671999999999981,2.37425406980025,0.627504843662028,0.539250313721251,0.544999999373821,0.0286492724092141,5.02378346453769,0.999530500900499,10.2684984894561,0.0054349
0.88,2.47470235522888,1.14500982703891,0.675999999693136,2.41616201337397,1.75619353140833,0.0631208503497059,0.199999997395585,2.44860908124047,1.15235720700676,0.675999999999981,2.38924507389494,0.628671380474481,0.533878549092517,0.54500000364245,0.0282649539317608,5.12331119526154,1.04488219149711,10.2346450815527,0.0047646
0.9,2.44738316758268,1.16725355228982,0.679999999654161,2.43077565295147,1.76463058719863,0.0593280660971489,0.199999998706867,2.42410427917261,1.17495415404015,0.679999999999981,2.40406239239529,0.629766382782662,0.52876562461216,0.545000002583636,0.0278924994703799,5.22175424645154,1.09112822936413,10.2029948637064,0.0048358
0.92,2.41966495734599,1.18926442226983,0.683999999637599,2.44518487732916,1.77296084072749,0.0555897174123953,0.199999999636976,2.39912438173978,1.19731737848275,0.68399999999998,2.41870833993289,0.630793313954188,0.523902724263765,0.545000001788091,0.0275318583877088,5.31909652836803,1.13825937085115,10.1729147480907,0.005473
0.94,2.39155405252987,1.21103894240185,0.687999999636776,2.45939365589928,1.78118521515262,0.0519137218495437,0.200000000280688,2.37367428493315,1.21944249711846,0.68799999999998,2.43318533922702,0.631754607847401,0.519281123898834,0.545000001194778,0.0271828938001989,5.41532220711263,1.18626623172472,10.1438122137943,0.0041768
0.96,2.36305665158374,1.23257365631861,0.691999999646691,2.47340607651753,1.78930475301848,0.0483071827100103,0.200000000710808,2.34775897690408,1.2413251734021,0.691999999999979,2.44749590981159,0.63265220760326,0.514892257161917,0.5450000007563,0.0268454646607899,5.51041569928987,1.23513928873984,10.1151363369853,0.004369
0.98,2.33417883125035,1.25386514372441,0.69599999966363,2.48722632835674,1.79732057778601,0.04477643084892,0.200000000983076,2.32138353698644,1.2629611183093,0.695999999999979,2.46164265735679,0.63348759971669,0.510727728811608,0.545000000435912,0.0265194171024348,5.60436166698206,1.28486888112517,10.0863784345519,0.0044606
1,2.30492655435187,1.27491001837507,0.69999999968486,2.50085868603033,1.80523385914806,0.041327065781442,0.200000001140004,2.29455313470092,1.284346091177,0.699999999999978,2.47562826358506,0.63426184739024,0.506779325751695,0.545000000205181,0.0262045851628906,5.69714501303698,1.33544521198512,10.0570723552194,0.0042373
1.02,2.27530567749602,1.2957049261814,0.703999999708399,2.51430749470062,1.81304578191836,0.0379639963277123,0.20000000121387,2.26727302874177,1.30547590053459,0.703999999999978,2.48945547677657,0.634975623215884,0.503039025814715,0.545000000042164,0.0259007922425003,5.78875087666545,1.38685834962352,10.0267944455365,0.0044661
1.04,2.24532195869196,1.31624654344063,0.707999999732829,2.52757715612446,1.82075751830192,0.0346914806344495,0.200000001229049,2.239548565946,1.3263464049253,0.707999999999977,2.50312710285613,0.635629241051613,0.499499004535013,0.544999999929951,0.0256078525818217,5.8791646293454,1.43909822879407,9.99516321839875,0.0040178
1.06,2.21498106486618,1.33653157519968,0.711999999757157,2.54067211560905,1.82837020335254,0.0315131654009092,0.200000001203831,2.21138518024533,1.34695351371791,0.711999999999977,2.51664599704988,0.636222686982553,0.496151640124472,0.544999999855554,0.0253255726489584,5.96837187102862,1.49215465188256,9.96183875158781,0.0043378
1.08,2.18428857926885,1.35655675375359,0.715999999780714,2.55359684985194,1.83588491342184,0.0284321241582746,0.200000001151831,2.18278839160105,1.36729318790837,0.715999999999977,2.53001505609802,0.636755649280692,0.492989516851584,0.54499999980907,0.025053752424243,6.05635842664591,1.54601729002642,9.9265218434134,0.0040387
1.1,2.15325000876201,1.37631883728196,0.719999999803063,2.56635585563736,1.84330264740515,0.0254508944763936,0.200000001083096,2.15376380492204,1.3873614409114,0.719999999999976,2.54323721100722,0.637227547279043,0.490005427013011,0.544999999782939,0.0247921865845297,6.14311034290623,1.60067568417685,9.88895295193452,0.0040303
1.12,2.12187079098096,1.39581460862546,0.723999999823944,2.5789536393595,1.85062431059204,0.0225715139953178,0.200000001004954,2.12431710896611,1.40715433934174,0.723999999999976,2.55631542032501,0.637637559116547,0.487192371675358,0.544999999771424,0.0245406655939908,6.22861388538483,1.65611924610935,9.84891094352212,0.0039672
1.14,2.09015630136097,1.41504087420422,0.72799999984322,2.59139470734218,1.85785070093346,0.0197955552006391,0.200000000922667,2.09445407522493,1.42666800378505,0.727999999999975,2.56925266391695,0.637984648308373,0.484543560352464,0.544999999770191,0.024298976706561,6.31285553589521,1.71233725938796,9.8062116756287,0.0041629
1.16,2.0581118600219,1.43399446307919,0.731999999860846,2.60368355692329,1.86498249754299,0.0171241588810329,0.200000000839935,2.06418055679273,1.44589860955817,0.731999999999975,2.58205193722637,0.638267589113503,0.482052409771207,0.544999999775995,0.0240669048859011,6.39582199013923,1.76931888028926,9.76070643766458,0.0041395
1.18,2.0257427385034,1.45267222615705,0.735999999876838,2.61582466827169,1.87202025125614,0.0145580662238334,0.200000000759293,2.03350248721902,1.46484238745869,0.735999999999974,2.59471624599585,0.638484990683987,0.479712541866874,0.544999999786422,0.0238442336485575,6.47750015562975,1.82705313869157,9.71228027280745,0.0040649
1.2,1.9930541663443,1.47107103553893,0.739999999891255,2.62782249690425,1.87896437707838,0.0120976495199462,0.200000000682406,2.00242587934555,1.48349562450362,0.739999999999974,2.60724860142901,0.638635319989759,0.477517781136748,0.544999999799697,0.0236307458355638,6.55787714987957,1.88552893893533,9.66085020242593,0.004391
1.22,1.96005133749982,1.48918778401241,0.743999999904182,2.63968146687036,1.88581514836086,0.00974294146303602,0.200000000610297,1.97095682412768,1.50185466465706,0.743999999999973,2.61965201577133,0.638716923521758,0.475462151469009,0.544999999814527,0.0234262243175539,6.6369402988502,1.94473506066017,9.60636337360831,0.0042296
1.24,1.92673941659075,1.50701938468611,0.74799999991572,2.6514059645717,1.89257269255038,0.00749366303985302,0.200000000543526,1.93910148944052,1.5199159095467,0.747999999999973,2.63192949828824,0.638728047783859,0.473539872552425,0.544999999829987,0.0232304526381446,6.71467713565418,2.00466015962467,9.54879514904766,0.0044806
1.26,1.89312354497939,1.52456277076545,0.751999999925979,2.66300033318511,1.89923698836868,0.00534925001888226,0.200000000482322,1.90686611886993,1.53767581916902,0.751999999999973,2.64408405161922,0.638666858590395,0.471745355961529,0.54499999984543,0.0230432156000899,6.7910753995037,2.06529276851418,9.48814715727079,0.0041859
1.28,1.85920884666703,1.54181489546792,0.755999999935069,2.67446886765727,1.90580786428459,0.00330887805335153,0.200000000426676,1.8742570304887,1.55513091258307,0.755999999999972,2.65611866848696,0.638531459191817,0.470073201001366,0.544999999860416,0.0228642997984068,6.86612303489891,2.12662129774255,9.42444531992585,0.0042206
1.3,1.8250004340086,1.55877273207566,0.7599999999431,2.68581581024039,1.91228499815082,0.00137148642212318,0.200000000376426,1.84128061561817,1.57227776859261,0.759999999999972,2.66803632874078,0.638319907255399,0.468518190386214,0.544999999874656,0.0226934941044234,6.93980819104831,2.18863403625324,9.35773787155431,0.0041427
1.32,1.79050341324013,1.57543327412277,0.763999999950177,2.69704534653877,1.91866791788555,-0.000464199561738135,0.200000000331302,1.80794333757544,1.58911302641666,0.763999999999971,2.67983999671438,0.638030230731842,0.467075285817222,0.54499999988798,0.0225305901044185,7.01211922151413,2.2513191523252,9.28809338600811,0.0041082
1.34,1.75572288981533,1.59179353571436,0.7679999999564,2.70816160203725,1.92495600308712,-0.00219964743978964,0.200000000290975,1.77425173040652,1.60563338634804,0.767999999999971,2.69153261887837,0.637660442641637,0.465739623515355,0.544999999900293,0.0223753824962666,7.08304468407493,2.31466469438886,9.21559882240258,0.0042157
1.36,1.72066397354791,1.60785055197405,0.77199999996186,2.7191686390832,1.93114848747796,-0.00383649775535193,0.20000000025508,1.74021239760558,1.62183561040013,0.77199999999997,2.70311712176879,0.637208554817461,0.464506509758006,0.544999999911562,0.0222276694472681,7.15257334079779,2.37865859185752,9.14035760226777,0.0039315
1.38,1.68533178355646,1.62360137961615,0.775999999966644,2.73007045429495,1.93724446208168,-0.00537654541664986,0.200000000223243,1.7058320108206,1.63771652294137,0.77599999999997,2.71459641017354,0.636672590640762,0.463371416460138,0.544999999921795,0.0220872529161054,7.22069415831229,2.44328865597916,9.06248772834348,0.00422
1.4,1.64973145300954,1.63904309763863,0.779999999970827,2.74087097637023,1.94324287904426,-0.00682172223118983,0.200000000195089,1.67111730854574,1.65327301131766,0.779999999999969,2.72597336555934,0.636050596811972,0.462329976834054,0.544999999931028,0.0219539389416382,7.28739630827827,2.50854258071347,8.98211995429923,0.0040248
1.42,1.61386813366842,1.65417280813238,0.78399999997448,2.75157406426968,1.94914255601767,-0.00817408056486799,0.200000000170259,1.63607509480046,1.66850202646231,0.783999999999969,2.73725084472276,0.635340654194494,0.46137798115567,0.544999999939311,0.0218275379010571,7.35266916803936,2.57440794363904,8.89939601351398,0.004311
1.44,1.5777470002258,1.66898763720231,0.787999999977667,2.76218350575109,1.95494218103053,-0.00943577807817638,0.200000000148411,1.60071223779593,1.68340058349364,0.787999999999969,2.74843167864942,0.634540887774307,0.460511372659584,0.544999999946709,0.0217078647397369,7.41650232145416,2.64087220689513,8.8144669139736,0.0046435
1.46,1.5413732544389,1.68348473599532,0.791999999980444,2.77270301623136,1.96064031777691,-0.0106090634912794,0.200000000129226,1.56503566858882,1.69796576229992,0.791999999999968,2.75951867156647,0.633649475775314,0.459726243579998,0.54499999995329,0.0215947391748943,7.47888555989683,2.70792271816241,8.72749130529269,0.0046092
1.48,1.50475212905582,1.69766128183009,0.79599999998286,2.78313623795421,1.96623541126028,-0.0116962633296062,0.200000000112411,1.52905237972278,1.71219470811164,0.795999999999968,2.77051460017416,0.632664657971367,0.459018831350217,0.544999999959124,0.0214879858750572,7.53980888341889,2.77554671168698,8.63863392287434,0.0041393
1.5,1.46788889153422,1.71151447942328,0.799999999984961,2.79348673944251,1.97172579373503,-0.0126997696018606,0.200000000097695,1.49276942385784,1.72608463206097,0.799999999999967,2.78142221304299,0.631584743236564,0.458385514969196,0.544999999964281,0.0213874346171662,7.59926250206393,2.84373130935136,8.54806411328837,0.0043017
1.52,1.43078884755212,1.72504156220672,0.803999999986787,2.80375801521535,1.97710969089344,-0.0136220283629477,0.200000000084836,1.45619391238805,1.73963281172832,0.803999999999967,2.79224423016394,0.630408116372674,0.457822811540189,0.54499999996883,0.0212929204229765,7.65723683732689,2.91246352179651,8.45595444404789,0.0040819
1.54,1.39345734431046,1.73823979372988,0.807999999988371,2.81395348575074,1.98238522825049,-0.0144655291151858,0.200000000073615,1.41933301404768,1.75283659167586,0.807999999999966,2.80298334263976,0.629133244254297,0.457327372983299,0.544999999972833,0.0212042836763185,7.71372252374964,2.98173024959823,8.36247940015077,0.0040375
1.56,1.35589977362774,1.7511064691417,0.811999999989745,2.82407649767609,1.98755043768386,-0.0152327950022703,0.200000000063835,1.38219395350602,1.76569338396794,0.811999999999966,2.81364221250624,0.627758681329459,0.456895982921092,0.544999999976349,0.0211213702226646,7.76871041064446,3.05151828450121,8.26781416895433,0.0041753
1.58,1.3181215748274,1.76363891674598,0.815999999990937,2.83413032416912,1.9926032640902,-0.0159263737517398,0.20000000005532,1.34478400995142,1.77820066867823,0.815999999999966,2.82422347267289,0.626283074514149,0.456525553734092,0.544999999979431,0.0210440314523002,7.82219156393718,3.12181431071387,8.17213351424891,0.0042968
1.6,1.28012823741852,1.77583449962414,0.819999999991969,2.84411816555334,1.99754157212304,-0.0165488293231193,0.200000000047916,1.30711051566448,1.79035599438356,0.819999999999965,2.8347297269734,0.624702822229863,0.45621310887734,0.544999988914628,0.0209720791882908,7.87415726812172,3.19260490626684,8.07561060737335,0.0039065
1.62,1.24192530446799,1.78769061705425,0.823999999953021,2.85404314910202,2.00236305965833,-0.0171027324454098,0.199999996057182,1.26918085458093,1.80215697864439,0.823999999999965,2.84516355031656,0.623021590270926,0.455955833181846,0.544999992743324,0.0209055060856745,7.92459902832961,3.263876544434,7.97841619915125,0.0036999
1.64,1.20351837391748,1.79920470654848,0.82799999984804,2.863908331923,2.00706555076304,-0.0175906563604743,0.199999993444778,1.23100246084437,1.81360130847165,0.827999999999964,2.85552748892923,0.621235856056701,0.455751000447179,0.544999995572962,0.020844058997463,7.97350857251764,3.33561559521541,7.8807182241967,0.0036592
1.66,1.16491309975873,1.81037424589788,0.831999999700998,2.87371670204602,2.01164671030724,-0.0180151721201865,0.199999991851045,1.19258281734913,1.82468674078003,0.831999999999964,2.86582406068344,0.619344675026336,0.455596012371566,0.544999997656651,0.0207876465516258,8.02087785366837,3.40780832691314,7.7826802826542,0.0037344
1.68,1.12611519485115,1.8211967547123,0.835999999529583,2.88347117777501,2.01610415013729,-0.0183788380216888,0.199999991007439,1.15392945427367,1.83541110282762,0.835999999999963,2.87605575550019,0.617347208887086,0.455488386226438,0.54499999915973,0.0207361504120828,8.06669905209548,3.48044090777111,7.68446123861264,0.0036986
1.7,1.08713043259431,1.83166979628728,0.839999999346707,2.89317460988358,2.02043543569683,-0.0186841959169122,0.199999990704942,1.1150499476046,1.84577229264163,0.839999999999963,2.88622503582321,0.615242731213313,0.455425753771306,0.545000000220582,0.0206894565274402,8.1109645778326,3.55349940768504,7.58621462096804,0.0036218
1.72,1.0479646484061,1.84179097950139,0.8439999991616,2.90282978313344,2.02463809273849,-0.0189337663763001,0.199999990784351,1.07595191765179,1.85576827943041,0.843999999999962,2.89633433715621,0.613030628674998,0.455405859134032,0.545000000950268,0.0206474563524069,8.15366707308509,3.62696979998781,7.48808809680918,0.0040037
1.74,1.00862374100801,1.85155796073784,0.847999998980708,2.91243941785561,2.02870961394437,-0.0191300442285689,0.199999991126448,1.03664302755483,1.86539710398135,0.847999999999962,2.906386068658,0.610710401618903,0.455426556856457,0.545000001432972,0.0206100470353323,8.19479941473712,3.70083796331105,7.39022302123956,0.0038437
1.76,0.969113673521269,1.86096844582423,0.851999998808395,2.92200617161781,2.03264746543032,-0.0192754945112326,0.199999991642318,0.997130981781006,1.87465687904488,0.851999999999962,2.91638261378989,0.608281665646966,0.45548581011639,0.545000001735015,0.0205771314561324,8.2343547169064,3.77508968352414,7.29275406072934,0.0037149
1.78,0.92944047437682,1.87002019198466,0.855999998647488,2.93153264097458,2.03644909317547,-0.019372548812296,0.199999992266923,0.95742352461523,1.88354578970432,0.855999999999961,2.9263263310105,0.605744151225963,0.455581688988188,0.545000001903694,0.020548618184516,8.27232633353894,3.84971065575097,7.19580888638141,0.0045094
1.8,0.889610238043117,1.87871100979804,0.85999999849968,2.94102136329212,2.04011192930052,-0.0194236019801378,0.199999992952253,0.917528438642184,1.89206209373154,0.859999999999961,2.93621955451331,0.603097705292701,0.455712368814603,0.545000001978018,0.0205244214772591,8.30870786103661,3.92468648646496,7.09950793342659,0.0042363
1.82,0.849629125575196,1.88703876515711,0.863999998365846,2.95047481863985,2.04363339827707,-0.0194310091755127,0.199999993664339,0.877453543220924,1.90020412192837,0.86399999999996,2.94606459500296,0.600342290539523,0.455876128589726,0.545000001986147,0.0205044612139897,8.34349314091022,4.00000269566243,7.00396422329549,0.0039555
1.84,0.809503364988825,1.89500138122252,0.867999998246282,2.95989543174081,2.04701092297838,-0.019397083244292,0.199999994379352,0.837206692952293,1.90797027845375,0.86799999999996,2.95586374050615,0.597477984295098,0.456071349128877,0.545000001936763,0.0204886628166741,8.37667626245105,4.07564471911426,6.90928324328497,0.0038188
1.86,0.769239251464582,1.90259684036646,0.871999998140842,2.96928557397234,2.05024193055899,-0.0193240923966529,0.199999995076587,0.796795776139429,1.91535904113648,0.871999999999959,2.96561925721389,0.594504980046125,0.456296511888539,0.545000001840523,0.0204769572942423,8.40825156541387,4.15159791069555,6.81556288290222,0.0040895
1.88,0.728843147385754,1.90982318610062,0.875999998049,2.97864756541157,2.0533238582723,-0.0192142581491872,0.199999995739175,0.756228713241665,1.92236896177345,0.875999999999959,2.97533339035169,0.591423589281533,0.456550198139757,0.545000001737794,0.0204692812546761,8.43821364270492,4.22784754479266,6.72289342235675,0.0039733
1.9,0.688321482212774,1.91667852498325,0.879999997970039,2.98798367692242,2.05625415924219,-0.0190697535045505,0.199999996364781,0.715513455322134,1.92899866641353,0.879999999999958,2.9850083650748,0.588234235411726,0.456831086169055,0.545000001633306,0.0204655765455921,8.46655734306796,4.30437881878706,6.63135756122279,0.003789
1.92,0.647680752199995,1.92316102850038,0.883999997903215,2.99729613227304,2.05903030787603,-0.0188927014221251,0.199999996952771,0.674657982489372,1.93524685562678,0.883999999999958,2.9946463873859,0.584937455339189,0.457137950338808,0.545000001530287,0.020465790427698,8.49327777376227,4.38117685561486,6.54103049545587,0.0036286
1.94,0.606927519960746,1.92926893491659,0.887999997847779,3.00658711027668,2.06164980522997,-0.0186851734821429,0.199999997503674,0.633670302333228,1.94111230475908,0.887999999999958,3.00424964507265,0.581533898466281,0.457469659595068,0.545000001430829,0.020469875461428,8.51837030322619,4.45822670640106,6.45198003168415,0.0040364
1.96,0.566068413884464,1.93500055109073,0.891999997803004,3.01585874695525,2.06411018422737,-0.0184491887595364,0.199999998018773,0.592558448355399,1.94659386417217,0.891999999999957,3.013820308663,0.57802432554392,0.457825175962018,0.545000001335921,0.0204777894297534,8.54183056372027,4.53551335316717,6.36426673646923,0.0037752
1.98,0.525110127410878,1.94035425425234,0.895999997768189,3.02511313771916,2.06640901472834,-0.0181867128901514,0.199999998499704,0.551330478394873,1.95169045946891,0.895999999999957,3.02336053239624,0.574409607526334,0.458203553023429,0.545000001246436,0.0204894952659102,8.56365445394433,4.61302171161059,6.27794411676457,0.003706
2,0.484059418166222,1.94532849373462,0.89999999774267,3.03435233955889,2.06854390845459,-0.0178996573149067,0.199999998948421,0.509994473048618,1.95640109170384,0.899999999999956,3.0328724552079,0.570690724226268,0.458603934349963,0.545000001162981,0.0205049609735414,8.58383814162259,4.69073663395428,6.19305882781153,0.0036349
2.02,0.442923106966586,1.94992179266011,0.903999997725825,3.0435783732439,2.07051252376573,-0.0175898786900025,0.199999999367094,0.4685585340878,1.96072483757892,0.903999999999956,3.04235820172688,0.56686876290704,0.459025551809401,0.545000001085327,0.0205241595384278,8.60237806605167,4.76864291186479,6.10965090469327,0.0036346
2.04,0.401708076693579,1.95413274957551,0.907999997717074,3.05279322552455,2.0723125702884,-0.0172591784540384,0.199999999757812,0.427030782869858,1.96466084962449,0.907999999999956,3.05181988328348,0.562944916462944,0.459467724482049,0.545000001012306,0.0205470689096464,8.61927094060609,4.84672527943667,6.02775401682271,0.0044414
2.06,0.360421271047667,1.95796004003209,0.911999997715874,3.06199885133472,2.07394181338574,-0.0169093025161693,0.200000000122242,0.385419358746741,1.96820835636532,0.911999999999956,3.06125959892665,0.558920482366269,0.459929856413905,0.545000000943778,0.0205736718257128,8.63451375519637,4.92496841624128,5.94739573564548,0.0045288
2.08,0.319069693184403,1.96140241810853,0.915999997721717,3.07119717599062,2.07539807850177,-0.0165419411002635,0.200000000462002,0.343732417469615,1.97136666247179,0.915999999999956,3.07067943644964,0.554796860865056,0.460411435147618,0.54500000087947,0.0206039557858735,8.6481037786749,5.00335695043758,5.86859781950844,0.0039709
2.1,0.277660404238775,1.9644587178735,0.919999997734123,3.08039009738229,2.07667925535407,-0.0161587286991706,0.200000000778611,0.301978129590364,1.97413514889617,0.919999999999956,3.08008147342267,0.550575553343747,0.460912029992085,0.545000000819029,0.0206379129576923,8.66003856118495,5.08187546194273,5.79137650900776,0.0039789
2.12,0.236200521743068,1.96712785478516,0.923999997752644,3.08957948815558,2.07778330198507,-0.0157612441410636,0.200000001073462,0.260164678860179,1.97651327299388,0.923999999999956,3.08946777823184,0.546258160652287,0.461431290245421,0.545000000762048,0.0206755400899987,8.6703159364486,5.16050848565983,5.71574283083031,0.0042093
2.14,0.194697217943606,1.96940882702523,0.927999997776856,3.0987671978819,2.07870824867408,-0.0153510107587065,0.200000001347799,0.218300260625578,1.97850056862986,0.927999999999956,3.09884041112316,0.541846381385454,0.461968943367071,0.545000000707758,0.0207168384255074,8.6789340239893,5.23924051476049,5.64170290747711,0.0038557
2.16,0.153157718021717,1.97130071676538,0.93199999780636,3.10795505521323,2.07945220171131,-0.014929496653516,0.200000001602592,0.176393080222135,1.9800966462699,0.931999999999956,3.1082014252512,0.537342010239368,0.462524793109833,0.54500000065596,0.0207618136156343,8.68589123128509,5.31805600401925,5.56925827046127,0.0042491
2.18,0.111589298224241,1.97280269136409,0.935999997840773,3.11714487002006,2.08001334704023,-0.0144981150464917,0.200000001838738,0.134451351366267,1.98130119305695,0.935999999999956,3.11755286773137,0.532746936107866,0.463098717377062,0.545000000600109,0.0208104756049133,8.69118625584899,5.39693937319738,5.49840617394891,0.0040662
2.2,0.0699992839089409,1.97391400449229,0.939999997879708,3.12633843550966,2.08038995376079,-0.0140582247171404,0.200000002054777,0.0924832945453713,1.98211397287241,0.939999999999956,3.1268967806953,0.528063140226436,0.463690666498013,0.545000000529338,0.0208628385845801,8.69481808723275,5.47587501047312,5.42913990932442,0.0039963
2.22,0.0283950475102239,1.97463399718643,0.943999997922709,3.13553753032317,2.08058037749852,-0.013611130504811,0.200000002245339,0.0504971354066365,1.98253482638244,0.943999999999956,3.13623520234865,0.523292695801668,0.464300661782347,0.545000000466751,0.0209189209769695,8.69678600895086,5.55484727591546,5.36144911766036,0.0037705
2.24,-0.0132159935701,1.97496209882727,0.947999997969296,3.1447439206123,2.08058306370129,-0.0131580838578536,0.200000002413369,0.00850110314484662,1.98256367106909,0.947999999999956,3.14557016803086,0.518437764621786,0.464928792397471,0.545000000410881,0.0209787451404646,8.69708960032172,5.6338405049986,5.29532009288111,0.0040701
2.26,-0.0548263791416727,1.97489782804377,0.951999998019043,3.15395936209071,2.08039655074596,-0.0127002834864763,0.200000002561286,-0.0334965711105133,1.98220050124651,0.951999999999956,3.15490371127616,0.513500595965004,0.465575213670223,0.545000000359808,0.0210423374245859,8.69572873822291,5.71283901215405,5.23073608348844,0.004135
2.28,-0.0964286084685139,1.97444079354145,0.955999998071564,3.16318560205777,2.08001947294918,-0.01223887604945,0.200000002690817,-0.0754876559085288,1.98144538806203,0.955999999999956,3.16423786487548,0.508483524950666,0.466240144917845,0.545000000312015,0.021109728055766,8.69270359875814,5.79182709435737,5.16767758560342,0.0038353
2.3,-0.13801514257122,1.97359069485455,0.959999998126503,3.17242438139589,2.07945056346245,-0.0117749568930572,0.200000002803143,-0.117463921090191,1.9802984794822,0.959999999999956,3.17357466193872,0.503388970935259,0.466923867232921,0.54500000026681,0.0211809510427588,8.68801465883318,5.87078903474653,5.1061226274388,0.0038248
2.32,-0.179578406583492,1.97234732302173,0.963999998183527,3.18167743653949,2.07868865705555,-0.0113095708361182,0.200000002899195,-0.159417139401477,1.97876000026376,0.963999999999956,3.18291613695681,0.498219435721332,0.46762672111503,0.545000000217349,0.0212560440689483,8.68166269763867,5.94970910626884,5.04604704390102,0.0039302
2.34,-0.221110792158053,1.9707105611851,0.967999998242294,3.19094650141423,2.07773269278294,-0.0108437130001844,0.20000000297744,-0.201339088105861,1.9768302519096,0.967999999999956,3.19226432686315,0.492977502433262,0.468349104456062,0.545000000170839,0.0213350484504247,8.6736487980376,6.02857157535337,4.98742474173267,0.0038146
2.36,-0.262604659917285,1.96868038511277,0.971999998302457,3.20023330934591,2.07658171656171,-0.0103783296656916,0.200000003038942,-0.243221550595942,1.97450961260962,0.971999999999956,3.20162127209396,0.487665833564277,0.46909146995051,0.545000000129707,0.0214180089827533,8.66397434785572,6.10736070560576,4.93022795199691,0.0037603
2.38,-0.304052341943905,1.966256863645,0.975999998363703,3.20953959493802,2.07523488363004,-0.00991431917190893,0.200000003085637,-0.285056318003866,1.97179853716661,0.975999999999956,3.21098901764691,0.482287169435304,0.469854322698735,0.545000000091699,0.0215049738642255,8.65264104107303,6.18606076152246,4.87442747133574,0.0035839
2.4,-0.345446144306926,1.96344015906471,0.979999998425746,3.21886709591594,2.0736914609043,-0.00945253284521691,0.200000003118648,-0.326835190810234,1.96869755690709,0.979999999999956,3.22036961413752,0.476844326954796,0.470638217849741,0.545000000057142,0.0215959946168866,8.63965087891498,6.26465601222127,4.819992891015,0.0039632
2.42,-0.386778349618512,1.96023052739277,0.983999998488325,3.2282175549377,2.07195082924866,-0.00899377595065004,0.200000003139219,-0.368549980451178,1.96520727957718,0.983999999999956,3.22976511885279,0.471340198049361,0.471443758116228,0.545000000025337,0.0216911259767954,8.62500617084194,6.34313073518522,4.76689281313081,0.0038113
2.44,-0.428041219617411,1.95662831860915,0.9879999985512,3.23759272137057,2.07001248564552,-0.00853880866741826,0.200000003148341,-0.410192510923286,1.96132838922345,0.987999999999956,3.23917759680135,0.465777748324791,0.472271591283429,0.544999999995484,0.0217904257993348,8.60870953543595,6.42146922001674,4.71509505389598,0.0037583
2.46,-0.469226997774674,1.95263397680059,0.991999998614151,3.24699435303228,2.06787604527772,-0.00808834708373541,0.200000003146715,-0.45175462038607,1.95706164605883,0.991999999999956,3.24860912175945,0.460160015742058,0.473122407681726,0.544999999966687,0.0218939549584479,8.59076390118355,6.49965577219921,4.66456683385162,0.0036919
2.48,-0.51032791191759,1.94824804023621,0.995999998676965,3.25642421789618,2.06554124352427,-0.00764306420842887,0.200000003134722,-0.493228162761657,1.95240788631365,0.995999999999956,3.258061777312,0.454490109412717,0.47399693764668,0.544999999939771,0.022001777247612,8.57117250715408,6.57767471686301,4.61527495498686,0.0038219
2.5,-0.551336176867881,1.94347114137223,0.999999998739443,3.26588409575962,2.06300793787608,-0.0072035909960706,0.20000000311304,-0.534605009331386,1.94736802207168,0.999999999999956,3.26753765788785,0.448771208279899,0.474895948916086,0.544999999914445,0.0221139592675394,8.54993890357275,6.65551040255312,4.56718596478608,0.0037247
2.52,-0.592243997090319,1.9383040067871,1.0039999988014,3.27537577987443,2.06027610976809,-0.00677051738440193,0.20000000308224,-0.57587705032901,1.94194304109138,1.00399999999996,3.27703886978836,0.443006559962365,0.475820244021526,0.544999999889691,0.0222305703205235,8.52706695228784,6.73314720499553,4.52026630737374,0.0036606
2.54,-0.633043569348024,1.93274745704887,1.00799999886264,3.28490107853858,2.05734586633579,-0.00634439334063254,0.200000003042529,-0.61703619653018,1.93613400661232,1.00799999999996,3.28656753220813,0.437199479732903,0.476770657680757,0.544999999866559,0.0223516823042372,8.50256082713195,6.81056953085975,4.47448246198283,0.0036293
2.56,-0.673727085360927,1.92680240651616,1.01199999892301,3.29446181664833,2.0542174421025,-0.00592572991375932,0.20000000299449,-0.6580743808379,1.92994205714673,1.01199999999996,3.2961257782469,0.431353349190247,0.477748054032457,0.544999999834512,0.0224773695660342,8.4764250141769,6.88776182151456,4.42980106888865,0.0041416
2.58,-0.714286734463925,1.92046986307467,1.01599999898231,3.30405983720908,2.05089120058637,-0.0055150002953687,0.200000002934914,-0.698983559863653,1.92336840625642,1.01599999999996,3.30571575591116,0.425471614852138,0.478753323697851,0.544999999744457,0.0226077087371351,8.44866431188224,6.96470855677463,4.38618904310885,0.0037975
2.6,-0.754714706261207,1.91375092781141,1.01999999904009,3.31369700280248,2.04736763582498,-0.00511264089003094,0.200000002842919,-0.739755715503872,1.91641434231484,1.01999999999996,3.31533962910414,0.419557789997094,0.479787382535539,0.544999999690935,0.0227427789931887,8.41928383113759,7.04139425863526,4.34361367793131,0.003761
2.62,-0.795003193274495,1.9066467946277,1.02399999909583,3.323375197016,2.04364737394828,-0.00471905233765215,0.200000002731655,-0.780382856511466,1.90908122825465,1.02399999999996,3.32499957860257,0.413615450195119,0.480851167206378,0.544999999663628,0.0228826612851917,8.38828899519887,7.11780349499292,4.30204273439535,0.0036369
2.64,-0.835144393581903,1.89915874979331,1.02799999914925,3.33309632582741,2.03973117454825,-0.00433460060622244,0.200000002610561,-0.820857020062068,1.90137050130052,1.02799999999996,3.33469780301856,0.407648233911903,0.481945633073519,0.544999999654825,0.0230274385971515,8.35568553951879,7.19392088334908,4.26144452203546,0.0039584
2.66,-0.875130513443813,1.89128817144444,1.03199999920022,3.34286231893809,2.03561993204965,-0.00395961804452689,0.200000002486298,-0.86117027331473,1.89328367268748,1.03199999999996,3.34443651974442,0.401659841767189,0.483071751465523,0.544999999658501,0.0231771957368259,8.32147951147199,7.26973109449508,4.22178796874679,0.00406
2.68,-0.914953769913623,1.88303652902726,1.03599999924872,3.35267513106088,2.0313146770285,-0.00359440443486002,0.200000002363358,-0.901314714966728,1.8848223273647,1.03599999999996,3.3542179658786,0.395654035757043,0.484230506863712,0.54499999966627,0.0233320191612752,8.28567726997553,7.34521885617586,4.1830426808559,0.0038249
2.7,-0.954606393430822,1.87440538268922,1.03999999929478,3.36253674315864,2.02681657747767,-0.00323922804278688,0.200000002243215,-0.941282476802194,1.87598812368487,1.03999999999996,3.36404439913019,0.389634638712086,0.485422894217473,0.544999999677097,0.0234919968287865,8.24828548500524,7.42036895673036,4.14517899415928,0.0038159
2.72,-0.994080630394019,1.86539638262052,1.04399999933849,3.37244916363146,2.02212694002991,-0.00289432665636863,0.20000000212697,-0.981065725234261,1.86678279307915,1.04399999999996,3.37391809869944,0.383605533652161,0.486649916105239,0.544999999691661,0.0236572180099481,8.20931113700868,7.49516624870653,4.10816801606092,0.0040922
2.74,-1.0333687457117,1.85601126834779,1.04799999937991,3.38241442945031,2.01724721113465,-0.00255990861939058,0.200000002015968,-1.02065666284042,1.85720813971785,1.04799999999996,3.38384136613154,0.377570663198544,0.487912579876667,0.544999999708001,0.023827773097982,8.16876151621578,7.56959565244911,4.07198165959612,0.0039723
2.76,-1.07246302532862,1.84625186798248,1.05199999941918,3.39243460723415,2.01217897819183,-0.00223615385662121,0.200000001910849,-1.0600475298908,1.84726604015677,1.05199999999996,3.39381652614044,0.371534029118422,0.48921189484044,0.544999999724885,0.0240037534178661,8.12664422184776,7.64364215965814,4.03659267000874,0.003806
2.78,-1.11135577872579,1.83612009742625,1.05599999945641,3.40251179426784,2.00692397064851,-0.00192321488750997,0.200000001811807,-1.09923060586903,1.8369584429695,1.05599999999996,3.4038459273994,0.365499691862095,0.490548869399513,0.544999999741407,0.0241852510106116,8.08296716122563,7.71729083691669,4.00197464429422,0.0040942
2.8,-1.15003934139239,1.8256179595356,1.05999999949172,3.41264811945799,2.00148406105878,-0.00162121782884615,0.200000001718714,-1.13819821098549,1.82628736836541,1.05999999999996,3.41393194329446,0.3594717701689,0.491924508167091,0.544999999756993,0.0243723584056713,8.03773854877917,7.7905268291858,3.96810204431161,0.0041006
2.82,-1.18850607726781,1.81474754324827,1.06399999952521,3.42284574422315,1.99586126611009,-0.00133026338514083,0.200000001631232,-1.17694270768246,1.81525490779379,1.06399999999996,3.42407697263688,0.353454440703674,0.493339809054179,0.544999999771305,0.0245651683760671,7.99096690495768,7.8633353632654,3.93495020401124,0.003682
2.84,-1.22674838115233,1.80351102267353,1.06799999955702,3.4331068633147,1.99005774761816,-0.00105042782596762,0.200000001548901,-1.21545650213111,1.80386322353389,1.06799999999996,3.43428344033005,0.347451937730174,0.494795760327389,0.544999999784154,0.024763773675647,7.94266105504366,7.93570175121943,3.90249533131224,0.0036912
2.86,-1.26475868108506,1.79191065614882,1.07199999958722,3.44343370556429,1.98407581349213,-0.000781763949475393,0.200000001471197,-1.25373204571988,1.79211454827118,1.07199999999996,3.44455379798604,0.341468552824081,0.496293337635669,0.544999999795521,0.0249682667572691,7.89283012787067,8.00761139376398,3.87071450515553,0.0039764
2.88,-1.30252944068778,1.77994878526502,1.0759999996159,3.45382853455322,1.97791791867243,-0.000524302031302047,0.200000001397584,-1.29176183653397,1.78001118465971,1.07599999999996,3.45489052448663,0.335508634602607,0.497833500998483,0.544999999805452,0.0251787394690595,7.84148355444685,8.07904978361698,3.83958566823379,0.0041831
2.9,-1.34005316147363,1.76762783386252,1.07999999964316,3.46429364919895,1.97158666604233,-0.000278050758329279,0.200000001327547,-1.32953842082568,1.76755550487088,1.07999999999996,3.46529612648321,0.32957658848799,0.499417191758173,0.544999999814337,0.0253952827292327,7.78863106648523,8.15000250880842,3.80908761588765,0.0037626
2.92,-1.37732238511957,1.75495030700054,1.08399999966904,3.47483138425321,1.96508480731523,-4.29981465278597e-05,0.200000001260708,-1.3670543944754,1.75474995012845,1.08399999999996,3.47577313882923,0.323676876474051,0.5010453294821,0.544999999822669,0.0256179861742774,7.73428269484259,8.22045525594971,3.77919998162425,0.0036581
2.94,-1.41432969570164,1.74191878990167,1.08799999969361,3.48544411070591,1.95841524389825,0.000180887557404427,0.200000001196869,-1.40430240444274,1.74159703023015,1.08799999999996,3.48632412493877,0.317814016903929,0.502718808810403,0.544999999829562,0.0258469377791196,7.678448767868,8.29039381346148,3.74990321966718,0.0039705
2.96,-1.45106772189239,1.728535946874,1.09199999971694,3.49613423608824,1.95158102773305,0.000393656991024272,0.200000001135511,-1.44127515020775,1.72809932305573,1.09199999999996,3.49695167706403,0.311992584246162,0.504438496259989,0.544999999833995,0.026082223452439,7.62113990966287,8.35980407475862,3.72117858504524,0.003847
2.98,-1.48752913911962,1.71480452021278,1.09599999973905,3.50690420466809,1.94458536211455,0.000595378808649644,0.20000000107575,-1.47796538520181,1.71425947406179,1.09599999999996,3.50765841648396,0.306217208884223,0.506205226988463,0.544999999837869,0.0263239266159782,7.56236703825367,8.42867204139174,3.69300811160184,0.0037471
3,-1.52370667168592,1.70072732908382,1.09999999975998,3.51775649753047,1.93743160248828,0.000786138831867413,0.200000001017383,-1.51436591822796,1.70008019576325,1.09999999999996,3.51844699359589,0.300492576848021,0.508019801445462,0.544999999842316,0.026572127713492,7.50214136367933,8.49698382614444,3.66537458814189,0.0036888
3.02,-1.55959309484864,1.68630726839055,1.10399999977976,3.52869363253474,1.93012325722492,0.000966039216746966,0.200000000960616,-1.55046961487035,1.68556426720175,1.10399999999996,3.52932008790113,0.29482342952889,0.509882981973309,0.544999999847089,0.0268269037121888,7.44047438599439,8.56472565608552,3.63826153319363,0.0038534
3.04,-1.59518123685968,1.67154730762669,1.10799999979842,3.53971816413926,1.92266398837166,0.00113519763961939,0.200000000905568,-1.58626939889261,1.670714533401,1.10799999999996,3.54028040787516,0.289214563362493,0.511795489340587,0.544999999851985,0.0270883275703773,7.37737789318997,8.63188387557556,3.61165316872096,0.0038044
3.06,-1.6304639809651,1.65645048971646,1.111999999816,3.55083268308452,1.91505761237984,0.00129374650150359,0.200000000852283,-1.62175825362476,1.65553390480918,1.11199999999996,3.55133069071205,0.283670829450197,0.513757999184979,0.544999999856846,0.0273564676564676,7.31286395903384,8.69844494922736,3.58553439302345,0.003667
3.08,-1.66543426736406,1.64101992984409,1.11599999983253,3.56203981592448,1.90730810080681,0.00144183215083586,0.200000000800747,-1.65692922333855,1.64002535672857,1.11599999999996,3.56247370193241,0.278197133108135,0.515771138361689,0.544999999861389,0.0276313871278362,7.24694494083128,8.76439546481985,3.55989075305645,0.003686
3.1,-1.7000850951273,1.62525881427445,1.11999999984805,3.57334222439523,1.89941958098998,0.00157961412460426,0.200000000750847,-1.6917754146107,1.62419192873236,1.11999999999996,3.57371223484305,0.272798433334886,0.517835481200199,0.544999999865284,0.0279131432693764,7.17963347710855,8.82972213616485,3.53470841651463,0.0039515
3.12,-1.73440952407479,1.60917039916638,1.12399999986258,3.58474260460944,1.89139633669019,0.00170726440815292,0.200000000702349,-1.72628999767408,1.60803672406901,1.12399999999996,3.58504910983627,0.26747974217566,0.51995154565492,0.544999999867447,0.0282017867840991,7.11094248522027,8.89441180592663,3.50997414386725,0.0037078
3.14,-1.76840067661296,1.59275800938037,1.12799999987615,3.59624368606399,1.88324280870111,0.00182496671353,0.20000000065463,-1.76046620775636,1.59156290905403,1.12799999999996,3.5964871735154,0.262246046822874,0.522119448331816,0.544999958498901,0.0284972846473953,7.04088515888257,8.95845144839385,3.48567503902614,0.0034104
3.16,-1.80205173956697,1.57602503742379,1.13199999973984,3.60784822880705,1.87496359227642,0.00193290460160138,0.199999985714234,-1.79429734640587,1.57477371244943,1.13199999999996,3.60802929763291,0.257102656304341,0.524340416917463,0.544999990949232,0.0287999117443098,6.96947496563313,9.02182817220555,3.46179952641375,0.0033321
3.18,-1.8353559658889,1.55897494204389,1.13599999942154,3.61955902574873,1.86656344859949,0.00203130304633746,0.199999982455958,-1.82777678280458,1.55767242483093,1.13599999999996,3.61967837782636,0.252054603287935,0.526614235461656,0.54500000681501,0.0291094522074998,6.8967256442193,9.0845292230322,3.43833553845753,0.0033938
3.2,-1.86830667633866,1.54161124690839,1.1399999990952,3.63137890060786,1.85804729217498,0.00212037084149908,0.199999984909362,-1.86089795506769,1.54026239794307,1.13999999999996,3.63143733213667,0.247107111423133,0.528941163221437,0.545000012754646,0.0294259898992713,6.82265120192019,9.14654198619504,3.4152720239439,0.0032254
3.22,-1.90089726121361,1.52393753962842,1.1439999988393,3.64331070229697,1.84942019684733,0.00220033006445362,0.199999989501034,-1.89365437152986,1.5225470440423,1.14399999999996,3.64330909929263,0.242265446445136,0.531321380994159,0.545000013061076,0.0297495398864882,6.7472659117993,9.20785398924493,3.39259830649123,0.0031442
3.24,-1.9331211819881,1.50595747055128,1.14799999867634,3.65535730459051,1.84068739596583,0.00227141197371099,0.199999994203021,-1.92603961201753,1.50452983522827,1.14799999999996,3.6552966367444,0.237534915996138,0.533754982327002,0.545000009354829,0.0300800936155551,6.67058430989007,9.26845290449591,3.37030411483287,0.0031547
3.26,-1.96497197291179,1.48767475155958,1.15199999859408,3.66752160388824,1.83185428251889,0.00233385582985784,0.19999999757076,-1.95804732910737,1.48621430276332,1.15199999999996,3.6674029184284,0.232920879818685,0.536242004805655,0.545000006561824,0.0304176428203518,6.59262119231676,9.32832655151061,3.3483796191113,0.003387
3.28,-1.99644324256525,1.4690931548637,1.15599999856912,3.6798065167069,1.82292640967759,0.00238790920778345,0.199999999933016,-1.98967124937034,1.46760403638045,1.15599999999996,3.67963093224494,0.228428732507533,0.538782362829139,0.545000004471311,0.0307621478896672,6.51339161235209,9.38746289953756,3.32681535979347,0.0034
3.3,-2.02752867537769,1.45021651179888,1.15999999858387,3.69221497674335,1.81390949064223,0.002433825926895,0.200000001542688,-2.02090517460139,1.44870268357975,1.15999999999996,3.69198367722944,0.224063907871636,0.541375874068367,0.54500000291951,0.0311135590709706,6.43291087741364,9.4458500699002,3.30560224010737,0.0033715
3.32,-2.05822203311085,1.43104871164058,1.16399999862524,3.70474993134815,1.80480939865923,0.0024718657934588,0.200000002593712,-2.05174298303429,1.4295139489136,1.16399999999996,3.70446416039737,0.219831871561733,0.544022234183264,0.544999999743986,0.0314718046284313,6.35119454600001,9.50347633833809,3.28473149716766,0.0032595
3.34,-2.08851715630913,1.4115937004339,1.16799999867619,3.71741433765198,1.79563216674343,0.00250229349832742,0.200000002501547,-2.08217863054156,1.4100415932606,1.16799999999996,3.71707539324248,0.215738123513318,0.546721026315006,0.544999993497684,0.0318368014395306,6.2682584245685,9.56033013730108,3.26419470565409,0.0032924
3.36,-2.11840796571849,1.39185547983911,1.17199999870281,3.73021115835933,1.78638398749954,0.00252537807422352,0.200000000160713,-2.1122061518192,1.39028943308853,1.17199999999996,3.72982038786744,0.211788194315123,0.549471742534213,0.544999984608662,0.0322084505965679,6.18411856435526,9.61640005819695,3.24398371638597,0.0042404
3.38,-2.14788846366767,1.37183810597773,1.17599999865062,3.74314335736695,1.77707121280766,0.00254139309876072,0.199999994619831,-2.14181966155586,1.3702613397064,1.17599999999996,3.74270215272567,0.20798771790995,0.552274157119618,0.545000010380476,0.0325867314333838,6.09879125813948,9.671674853593,3.22409080379096,0.0038319
3.4,-2.17695273534044,1.35154568812271,1.17999999858038,3.75621389715183,1.7677003565088,0.00255062888001957,0.199999998356802,-2.17101335558648,1.34996123850571,1.17999999999996,3.75572368795279,0.204342159772196,0.555126952333015,0.545000007186569,0.0329712757056575,6.01229303695405,9.72614343936926,3.20450819516553,0.0037616
3.42,-2.20559495010882,1.33098238762125,1.18399999857339,3.76942573056775,1.75827808605298,0.0025533565004885,0.200000000943967,-2.19978151202994,1.32939310819117,1.18399999999996,3.76888798026636,0.200857158107195,0.558029479949794,0.545000004800115,0.03336207310763,5.92464066674569,9.7797948968205,3.18522864604592,0.003775
3.44,-2.23380936286436,1.31015241688918,1.18799999860955,3.78278179388981,1.74881122787814,0.00254986297523272,0.200000002672009,-2.2281184924106,1.30856098000096,1.18799999999996,3.78219799741219,0.197538315214557,0.56098073104863,0.545000003031841,0.0337589018799936,5.83585114497978,9.83261847472112,3.1662450628098,0.004008
3.46,-2.26159031521776,1.28906003819021,1.19199999867391,3.79628500341502,1.73930676453266,0.00254043620783592,0.200000003763471,-2.25601874276352,1.28746893691663,1.19199999999996,3.79565668213638,0.194391236120583,0.563979554647112,0.545000001734608,0.0341615374317489,5.74594169719573,9.88460359134289,3.14755057306118,0.0037676
3.48,-2.28893223670416,1.26770956251358,1.19599999875542,3.80993824793279,1.72977183329246,0.00252536588966398,0.200000004387931,-2.28347679472306,1.26612111286297,1.19599999999996,3.80926694566253,0.191421521509532,0.567024652348148,0.545000000796243,0.0345697309255781,5.65492977351398,9.93573983642635,3.12913851292408,0.0037862
3.5,-2.3158296459567,1.2461053484615,1.19999999884604,3.82374438133249,1.72021372452468,0.00250494327022538,0.200000004674578,-2.3104872665948,1.24452169189778,1.19999999999996,3.82303166065446,0.188634759856377,0.570114572389011,0.545000000129084,0.0349832044277805,5.56283304509549,9.98601697310755,3.11100241488795,0.0036802
3.52,-2.34227715184883,1.22425180114618,1.20399999894,3.83770621478566,1.71063987976068,0.00247946074961092,0.200000004721048,-2.33704486441036,1.22267490739192,1.20399999999996,3.836953653646,0.186036518795958,0.573247703621792,0.544999999665237,0.0354016488146195,5.46966940055482,10.0354249398005,3.09313599648158,0.0036637
3.54,-2.36826945460609,1.20215337109656,1.20799999903322,3.85182650839803,1.70105788944958,0.00244921144811184,0.200000004600533,-2.36314438296513,1.20058504119962,1.20799999999996,3.85103569692109,0.183632335676889,0.576422269450104,0.544999999346218,0.0358247221260617,5.37545694232823,10.0839538520357,3.07553314980191,0.0035866
3.56,-2.39380134688796,1.17981455317468,1.21199999912287,3.86610796230262,1.6914754903631,0.00241448877397148,0.200000004365172,-2.38878070683853,1.17825642281929,1.21199999999996,3.86528049982924,0.18142770721519,0.579636321524382,0.5449999990917,0.036252047987002,5.28021398299782,10.131594004255,3.05818793178876,0.0036051
3.58,-2.41886771484069,1.15723988550177,1.21599999920691,3.88055320717914,1.68190056261907,0.00237558598061469,0.200000004038184,-2.41394881139673,1.15569342854506,1.21599999999996,3.87969069952369,0.179428078536087,0.582887735415049,0.544999998918313,0.0366832143609061,5.18395904157305,10.1783358715636,3.04109455556605,0.003578
3.6,-2.44346353912119,1.13443394839366,1.21999999928378,3.89516479419481,1.67234112630355,0.00233279578357833,0.200000003648777,-2.4386437637775,1.13290048060907,1.21999999999996,3.89426885111299,0.177638830865709,0.586174203646859,0.544999998804085,0.0371177718430439,5.08671083973068,10.2241701114387,3.02424738198645,0.0041318
3.62,-2.4675838958929,1.11140136330523,1.22399999935245,3.90994518435885,1.66280533764164,0.00228640992166137,0.200000003218247,-2.46286072385717,1.10988204631479,1.22399999999996,3.90901741721948,0.176065268529502,0.589493230762032,0.544999998732992,0.0375552325205909,4.98848829801433,10.2690875653968,3.00764091219381,0.0037319
3.64,-2.49122395779416,1.08814679178402,1.22799999941225,3.92489673728677,1.65330148469346,0.00223671874157247,0.200000002762125,-2.48659494519932,1.08664263716151,1.22799999999996,3.92393875694264,0.174712604897062,0.592842128267641,0.54499999869346,0.0379950687644614,4.88931053199477,10.3130792606176,2.99126978073268,0.0036861
3.66,-2.51437899487968,1.06467493443262,1.23199999946279,3.94002169938085,1.64383798253817,0.00218401078207419,0.20000000229177,-2.50984177598516,1.06318680796012,1.23199999999996,3.93903511422963,0.173585947311451,0.596218009953,0.544999998677199,0.0384367121839946,4.78919684839202,10.3561364115275,2.97512874924449,0.0037862
3.68,-2.53704437553555,1.04099052987951,1.23599999950386,3.95532219143483,1.63442336791022,0.0021285723576152,0.200000001815562,-2.53259665992535,1.03951915594051,1.23599999999996,3.95430860566068,0.17269028098527,0.599617787653882,0.544999998678314,0.0388795527573842,4.68816674116027,10.3982504213407,2.95921270070728,0.0056946
3.7,-2.55921556736839,1.01709835375797,1.23999999953542,3.97080019567722,1.62506629325195,0.0020706871406441,0.200000001339755,-2.55485513715307,1.01564431985049,1.23999999999996,3.96976120766275,0.172030451853517,0.60303816754555,0.544999998692634,0.0393229381654851,4.58623988753679,10.4394128835602,2.94351663417716,0.0040071
3.72,-2.58088813806888,0.993003217692747,1.24399999955751,3.98645754227434,1.61577552014608,0.00201063574171094,0.200000000869103,-2.57661284509825,0.991566979046701,1.24399999999996,3.98539474317162,0.17161114838226,0.606475647052635,0.544999998717198,0.039766173360491,4.48343614405574,10.4796155834375,2.92803565999062,0.003587
3.74,-2.6020577562504,0.968709968293994,1.24799999957027,4.00229589532125,1.60655991209233,0.00194869528652099,0.200000000407295,-2.59786551934259,0.967291852577534,1.24799999999996,4.00121086776974,0.171436882365182,0.609926512587526,0.544999998754987,0.0402085204289445,4.37977554252795,10.5188504993921,2.91276499538167,0.0037254
3.76,-2.6227201922629,0.944223486158058,1.25199999957393,4.01831673835761,1.59742842659354,0.00188513899323476,0.19999999995909,-2.61860899445553,0.942823698258219,1.25199999999996,4.01721105533522,0.171511968625538,0.613386837666551,0.544999998799532,0.0406491986436801,4.27527828598767,10.557109804391,2.89769996049174,0.0040204
3.78,-2.64287131898243,0.919548684874731,1.25599999956879,4.03452135945177,1.58839010651367,0.00182023573356067,0.199999999526921,-2.63883920481061,0.918167311738355,1.25599999999996,4.03339658324595,0.171840503842413,0.616852482487488,0.54499999884854,0.0410873850396926,4.16996474460719,10.5943858672882,2.88283597471254,0.0038867
3.8,-2.66250711257685,0.894690510040514,1.25999999955519,4.05091083590768,1.57945407067922,0.00175424959956304,0.199999999112396,-2.65855218538241,0.893327525562014,1.25999999999996,4.04976851719224,0.172426344395991,0.620319094257618,0.544999998901278,0.0415222152248743,4.06385545158048,10.6306712541246,2.86816855333142,0.0040233
3.82,-2.68162365324775,0.869653938277344,1.26399999953348,4.06748601865995,1.57062950369128,0.00168743946252583,0.199999998716856,-2.67774407252365,0.868309208220595,1.26399999999996,4.06632769566127,0.173273083348525,0.623782108650864,0.544999998957142,0.0419527846297297,3.95697109897652,10.665958729389,2.853693304448,0.0035697
3.84,-2.70021712594898,0.844443976256344,1.26799999950406,4.08424751643036,1.56192564492055,0.00162005852543347,0.199999998341427,-2.69641110472252,0.843117263198638,1.26799999999996,4.08307471416715,0.174384026646206,0.627236752520495,0.544999999015617,0.0423781502049564,3.84933253356357,10.700241257239,2.83940592612173,0.0038144
3.86,-2.71828382108188,0.819065659726124,1.27199999946735,4.10119567973089,1.55335177666099,0.00155235386998003,0.199999997987049,-2.71454962333987,0.817756628012769,1.27199999999996,4.10000990931127,0.175762248517082,0.63067827456857,0.545000003999927,0.0427974203875475,3.74096075260502,10.7335120026841,2.82530219600574,0.0039087
3.88,-2.73582013510768,0.793524052465021,1.27599999944149,4.11833058669565,1.5449172146681,0.00148457253936497,0.199999999427023,-2.73215607332627,0.79223227324397,1.27599999999996,4.117133342769,0.177410256808467,0.634101063103861,0.545000002769169,0.0432093525956791,3.63187689962886,10.7657643327279,2.81137800060609,0.0038996
3.9,-2.75282257125064,0.76782424539264,1.27999999944,4.13565202379125,1.53663128528161,0.00141693849879008,0.200000000423924,-2.74922700391877,0.766549201563362,1.27999999999996,4.13444478531025,0.179330418354823,0.637499953075847,0.54500000185119,0.0436130926451067,3.52210226017223,10.7969918174702,2.79762928603607,0.004304
3.92,-2.76928774018652,0.741971355689037,1.28399999945514,4.15315946941299,1.52850331981593,0.00134967986425624,0.200000001090352,-2.76575906931715,0.740712446751691,1.28399999999996,4.1519437009728,0.181524641194786,0.640869392180612,0.545000001172689,0.0440075307589673,3.41165825749598,10.8271882311765,2.78405208581448,0.0038243
3.94,-2.7852123605934,0.715970525762788,1.28799999948117,4.17085208162083,1.52054263640868,0.00128301476363368,0.20000000151252,-2.78174902933966,0.71472707271271,1.28799999999996,4.16962923151878,0.183994419643123,0.644203654450754,0.545000000676846,0.0443915677883652,3.30056644827586,10.8563475533074,2.77064251139513,0.0038791
3.96,-2.80059325973347,0.689826922294864,1.29199999951385,4.18872868196113,1.51275852374997,0.00121715253177961,0.200000001756185,-2.79719375005791,0.68859817248065,1.29199999999996,4.18750018131567,0.186740808747563,0.647496853716454,0.545000000323214,0.0447640924091743,3.18884851827071,10.8844639695082,2.75739675012184,0.004172
3.98,-2.81542737401218,0.663545735284655,1.29599999955014,4.20678774078725,1.50516022395761,0.00115229353399432,0.200000001872542,-2.81209020441104,0.662330867221977,1.29599999999996,4.20555500279321,0.189764398765528,0.650742956747003,0.545000000069788,0.0451239817025754,3.07652627796786,10.9115318725612,2.74431106318111,0.0039115
4,-2.8297117495151,0.637132177097699,1.29999999958784,4.22502736347498,1.49775691459326,0.00108862872383945,0.200000001897665,-2.82643547279886,0.635930305231621,1.29999999999996,4.22379178263728,0.193065290746219,0.653935801393249,0.544999999895229,0.0454701068486624,2.96362165820654,10.9375458632991,2.73138178347173,0.0038309
4.02,-2.84344354252202,0.610591481514557,1.30399999962542,4.24344527758234,1.49055768986838,0.00102633925131368,0.200000001859948,-2.84022674365393,0.609401660923893,1.30399999999996,4.24220822888986,0.196643072468338,0.657069113617227,0.544999999779399,0.0458013390038041,2.85015670578038,10.9625007514806,2.71860531356414,0.0038421
4.04,-2.85662001999814,0.583928902780332,1.30799999966183,4.26203882110799,1.48357154106033,0.00096559602510114,0.200000001780532,-2.85346131399238,0.582750133818264,1.30799999999996,4.26080165913074,0.200496795773667,0.660136528022419,0.544999999706911,0.0461165563892489,2.73615357901969,10.9863915566284,2.70597812360632,0.0040519
4.06,-2.86923856006233,0.557149714654827,1.31199999969638,4.28080493201837,1.47680733619994,0.000906559309864327,0.20000000167502,-2.86613658994351,0.555980947520226,1.31199999999996,4.27956898992154,0.204624955290806,0.663131610061602,0.544999999666027,0.0464146516304368,2.62163454335464,11.009213508828,2.69349674922522,0.003929
4.08,-2.88129665243253,0.530259209462999,1.31599999972868,4.29974013922757,1.47027379909182,0.000849378345593867,0.20000000155479,-2.87825008725795,0.52909934869742,1.31599999999996,4.29850672769514,0.209025468903561,0.666047880171524,0.544999999647835,0.0466945394924621,2.50662196686008,11.0309620494903,2.68115778941278,0.0038314
4.1,-2.8927918988479,0.503262697145533,1.31999999975851,4.31884055521031,1.46397948774225,0.000794190994358917,0.20000000142801,-2.88979943179427,0.502110606051246,1.31999999999996,4.3176109612737,0.213695660275574,0.668878839758452,0.544999999645628,0.0469551649248063,2.39113831578312,11.0516328320741,2.66895790440117,0.00383
4.12,-2.90372201346778,0.476165504309378,1.32399999978579,4.33810187042618,1.45793277228104,0.000741123419167073,0.200000001300436,-2.90078235998402,0.475020009284142,1.32399999999996,4.33687735619599,0.218632243744534,0.671617998926343,0.544999999654363,0.0471955113295228,2.27520615005416,11.0712217227729,2.6568938135357,0.0040462
4.14,-2.91408482324719,0.448972973278115,1.32799999981056,4.35751934972734,1.45214181247625,0.000690289799582923,0.200000001176007,-2.91119671927512,0.447832868062748,1.32799999999996,4.35630115102891,0.223831311896014,0.674258905806099,0.544999999670294,0.0474146089578743,2.15884811878254,11.0897248011615,2.64496229315722,0.0039952
4.16,-2.92387826828879,0.421690461142112,1.33199999983289,4.3770878309132,1.44661453495168,0.000641792088723486,0.200000001057313,-2.92104046855334,0.420554510977152,1.33199999999996,4.37587715582906,0.229288326118141,0.676795177309965,0.544999999690668,0.0476115433302507,2.04208695573758,11.1071383608064,2.63316017451167,0.0038754
4.18,-2.93310040217126,0.394323338808405,1.33599999985292,4.39680172558295,1.44135861022868,0.0005957198161359,0.200000000945953,-2.9303116785421,0.393190284496428,1.33599999999996,4.39559975290825,0.234998110423222,0.679220531100947,0.544999999713475,0.0477854635653227,1.92494547481602,11.1234589098372,2.62148434170719,0.0038841
4.2,-2.94174939225386,0.366876990050321,1.33999999987081,4.41665502242104,1.43638142972439,0.000552149940860119,0.200000000842804,-2.93900853218015,0.36574555192066,1.33999999999996,4.41546290004057,0.240954848801168,0.681528818533725,0.544999999737283,0.0479355904972459,1.80744656549682,11.1386831714802,2.60993172974173,0.0040007
4.22,-2.94982351995712,0.339356810556879,1.34399999988672,4.43664129303157,1.43169008284778,0.000511146758683801,0.200000000748226,-2.94712932497741,0.338225692329676,1.34399999999996,4.43546013622941,0.247152086341897,0.683714058291141,0.544999999761082,0.0480612244547842,1.68961318828423,11.1528080845542,2.5984993226264,0.004414
4.24,-2.95732118101978,0.311768206982027,1.34799999990082,4.45675370041472,1.42729133434375,0.000472761867186518,0.200000000662216,-2.95467246534856,0.310636099528686,1.34799999999996,4.4555845901302,0.253582734329481,0.68577047041112,0.544999999784189,0.0481617525740294,1.57146837014014,11.165830803928,2.58718415163105,0.0043757
4.26,-2.96424088573161,0.284116595993815,1.35199999991329,4.47698501015229,1.42319160204232,0.000437034191675801,0.200000000584524,-2.96163647492469,0.282982180991033,1.35199999999996,4.47582899119821,0.260239079470564,0.687692510372447,0.544999999806152,0.0482366555168904,1.45303519990659,11.1777487009399,2.57598329367867,0.0039058
4.28,-2.9705812591425,0.256407403323618,1.35599999992428,4.49732760434104,1.41939693517521,0.000403990074520881,0.200000000514739,-2.96801998884255,0.255269356798269,1.35599999999996,4.49618568360186,0.267112797373164,0.689474902886005,0.54499999982671,0.0482855134714459,1.3343368237195,11.1885593637796,2.56489386991266,0.0040941
4.3,-2.97634104124755,0.228646062815532,1.35999999993395,4.51777349828057,1.41591299342569,0.000373643429711128,0.200000000452354,-2.97382175601173,0.227503058577765,1.35999999999996,4.51664664291018,0.274194970340187,0.691112675020667,0.544999999845714,0.0483080113166437,1.21539644041444,11.1982605978312,2.55391304446131,0.0039324
4.32,-2.98151908714843,0.200838015476094,1.36399999994244,4.53831435988927,1.41274502687878,0.000345995963700571,0.200000000396811,-2.97904063935942,0.199688728438062,1.36399999999996,4.53720349552923,0.281476109488337,0.692601188283815,0.544999999863111,0.0483039428468019,1.09623729692556,11.2068504259792,2.5430380234177,0.0040821
4.34,-2.98611436719104,0.172988708524473,1.36799999994989,4.55894153178674,1.40989785703797,0.000321037462790089,0.200000000347531,-2.9836756160529,0.171831817902166,1.36799999999996,4.55784754082682,0.288946181139916,0.693936169271285,0.544999999878909,0.0482732139593363,0.976882683678474,11.2143270888756,2.53226605405043,0.0042461
4.36,-2.99012596707974,0.145103594443277,1.3719999999564,4.57964605594524,1.40737585907126,0.000298746146450716,0.200000000303938,-2.98772577769962,0.143937786839013,1.37199999999996,4.57856977584852,0.296594637376852,0.695113738503289,0.544999999893161,0.0482158447313524,0.857355929978116,11.2206890451698,2.52159442425611,0.0043336
4.38,-2.99355308796812,0.117188130030119,1.3759999999621,4.60041870077635,1.40518294544343,0.000279089085095273,0.200000000265476,-2.99119033052487,0.116012102393294,1.37599999999996,4.59936092249145,0.304410450583412,0.696130437074527,0.544999999905951,0.0481319703272051,0.737680399392531,11.2259349716998,2.51102046225619,0.003901
4.4,-2.99639504652691,0.0892477754500836,1.37999999996707,4.62124999048388,1.40332255108342,0.000262022679890116,0.200000000231618,-2.99406859552702,0.0880602379138752,1.37999999999996,4.62021145696628,0.312382151742135,0.696983250765175,0.544999999917378,0.0480218407004428,0.617879485133462,11.230063763646,2.5005415365381,0.0038712
4.42,-2.99865127498891,0.0612879932892072,1.3839999999714,4.64213023647977,1.40179762022456,0.000247493201331264,0.200000000201875,-2.99636000861025,0.060087671880989,1.38399999999996,4.64111164134353,0.320497872187918,0.697669631284041,0.544999999927544,0.0478858190763576,0.497976605434688,11.233074534647,2.49015505603078,0.0039219
4.44,-3.00032132117163,0.0333142476090713,1.38799999997518,4.66304957062786,1.40061059504274,0.000235437382444997,0.200000000175791,-2.99806412069484,0.032099886832444,1.38799999999996,4.66205155694774,0.328745388469421,0.69818751434856,0.544999999936556,0.0477243792254373,0.377995198929018,11.2349666168777,2.47985847050211,0.0038086
4.46,-3.00140484847763,0.00533200300259196,1.39199999997847,4.68399798005151,1.39976340620203,0.000225783061682771,0.200000000152951,-2.99918059780493,0.00410236828903715,1.39199999999996,4.68302113933391,0.337112169916197,0.698535334347745,0.544999999944523,0.0475381015620283,0.257958720024821,11.2357395610889,2.46964927115677,0.0037984
4.48,-3.00190163587326,-0.022653276348947,1.39599999998133,4.70496534321584,1.39925746540036,0.000218449869927251,0.200000000132979,-2.99970922113374,-0.0238993963206098,1.39599999999996,4.70401021455483,0.345585428464393,0.698712035373805,0.544999999951552,0.0473276681245626,0.137890634282977,11.2353931366102,2.45952499141055,0.0038552
4.5,-3.00181157784589,-0.0506361276175907,1.39999999998381,4.7259414669744,1.39909365998863,0.000213349955238567,0.200000000115538,-2.99964988708622,-0.0518999187355811,1.39999999999996,4.72500853640697,0.354152170258408,0.698717078467022,0.544999999957738,0.0470938565182725,0.0178144137951105,11.2339273313145,2.44948320781243,0.0037961
4.52,-3.0011346843403,-0.0786110902691445,1.40399999998597,4.74691612425409,1.39927234971684,0.000210388738623721,0.200000000100324,-2.9990026072993,-0.0798937109383547,1.40399999999996,4.74600582432608,0.362799248516751,0.698550444970315,0.544999999963169,0.0468375329194291,-0.102246467436046,11.2313423515451,2.43952154108141,0.0039912
4.54,-2.99987108067441,-0.106572707002375,1.40799999998784,4.76787909204163,1.39979336563906,0.000209465693750761,0.200000000087065,-2.9977675086394,-0.107875286230438,1.40799999999996,4.76699180159285,0.371513417129938,0.698212635935084,0.54499999996793,0.0465596442566776,-0.222268538113331,11.227638622005,2.42963765722445,0.0038509
4.56,-2.99802100743487,-0.13451552468704,1.41199999998947,4.78882018932942,1.40065601118778,0.000210475142866204,0.200000000075519,-2.99594483317757,-0.135839160307741,1.41199999999996,4.78795623350395,0.380281384452912,0.697704667608007,0.5449999999721,0.0462612097046381,-0.34222833425806,11.2228167856091,2.41982926870086,0.0039754
4.58,-2.99558482035303,-0.162434095300848,1.41599999999088,4.8097293146797,1.40185906540576,0.000213307061827297,0.200000000065475,-2.99353493814199,-0.163779852335471,1.41599999999996,4.80888896516393,0.389089866749753,0.697028063040457,0.544999999975743,0.0459433116267614,-0.462102403818355,11.2168777032984,2.41009413559893,0.0039599
4.6,-2.99256299016141,-0.190322976865447,1.4199999999921,4.83059648307203,1.40340078830176,0.000217847886074003,0.200000000056742,-2.99053829584802,-0.191691886022353,1.41999999999996,4.82977995856034,0.397925640765981,0.696184839976398,0.544999999978925,0.045607086122827,-0.58186731127213,11.2098224538171,2.40043006679149,0.003958
4.62,-2.98895610243131,-0.218176734381599,1.42399999999316,4.85141186171106,1.40527892827558,0.000223981310808677,0.200000000049155,-2.98695549360564,-0.219569790693953,1.42399999999996,4.850619328596,0.406775594917275,0.695177495162506,0.544999999981701,0.0452537133270797,-0.701499642223949,11.2016523334518,2.39083492104036,0.0038042
4.64,-2.98476485739181,-0.245989940763695,1.42799999999408,4.8721658044889,1.4074907315373,0.00023158907748882,0.200000000042568,-2.98278723360449,-0.247408102364895,1.42799999999996,4.87139737776987,0.415626778619738,0.694008985342192,0.54499999998412,0.0448844076147812,-0.820976007995018,11.1923688557343,2.38130660802252,0.0037946
4.66,-2.97999006973052,-0.273757177773775,1.43199999999487,4.89284888481816,1.41003295342724,0.000240551740578844,0.200000000036851,-2.9780343327764,-0.275201364809778,1.43199999999996,4.89210462922021,0.424466449318124,0.692682705171987,0.544999999986222,0.0445004078585528,-0.940273050205574,11.1819737511056,2.37184308925588,0.0040548
4.68,-2.97463266837631,-0.301473036955253,1.43599999999556,4.91345192657793,1.41290187152559,0.000250749407628629,0.200000000031891,-2.97269772263548,-0.302944130632561,1.43599999999996,4.91273185786968,0.433282116818033,0.691202462393741,0.544999999988056,0.0441029678781371,-1.05936744534894,11.1704689665439,2.36244237890496,0.0039195
4.7,-2.96869369626441,-0.32913212056654,1.43999999999615,4.9339660329449,1.41609330042609,0.000262062447398269,0.200000000027591,-2.96677844909571,-0.330630962334226,1.43999999999996,4.93327011944263,0.442061584574814,0.689572450587763,0.54499999998965,0.043693347208901,-1.17823590935653,11.1578566651545,2.35310254445352,0.0037874
4.72,-2.96217431008405,-0.356729042514748,1.44399999999667,4.95438261291407,1.41960260803464,0.000274372160788857,0.200000000023865,-2.96027767226631,-0.358256433378506,1.44399999999996,4.95371077715717,0.450792987647928,0.687797219872014,0.544999999991032,0.0432728023048912,-1.29685520215312,11.1441392257224,2.34382170723505,0.0038362
4.74,-2.95507578000881,-0.384258429289682,1.44799999999711,4.97469340534817,1.42342473324356,0.000287561410192412,0.200000000020636,-2.95319666622458,-0.38581512925546,1.44799999999996,4.97404552592971,0.459464827086783,0.68588164592843,0.544999999992233,0.0428425782759853,-1.41520213220167,11.1293192422278,2.33459804281514,0.0039318
4.76,-2.94739948940984,-0.411714920898305,1.4519999999975,4.99489050043097,1.42755420482378,0.000301515203742369,0.20000000001784,-2.94553681876654,-0.4133016485427,1.45199999999996,4.99426641396574,0.468066000571825,0.683830897731098,0.544999999993275,0.0424039012407911,-1.53325356103703,11.1133995233241,2.3254297812272,0.0038475
4.78,-2.93914693455214,-0.439093171799836,1.45599999999783,5.01496635843529,1.43198516137164,0.000316121231262623,0.200000000015419,-2.93729963113527,-0.44071060396406,1.45599999999996,5.01436586164732,0.476585829195435,0.681650404383676,0.54499999999418,0.0419579713628083,-1.65098640778778,11.0963830917784,2.31631520706271,0.0037842
4.8,-2.93031972427388,-0.466387851841658,1.45999999999812,5.03491382575315,1.43671137214386,0.00033127035034197,0.200000000013324,-2.92848671772704,-0.468036623445487,1.45999999999996,5.03433667766361,0.485014080321865,0.679345821418137,0.544999999994965,0.0415059566143616,-1.76837765368571,11.0782731838749,2.30725265942323,0.0038789
4.82,-2.92091957964877,-0.49359364719617,1.46399999999837,5.05472614816977,1.44172625861317,0.000346857020559123,0.200000000011511,-2.91909980577524,-0.495274351167975,1.46399999999996,5.05417207236641,0.493340986523132,0.676922996943685,0.544999999995644,0.041048987301762,-1.88540434656195,11.0590732487805,2.29824053174252,0.0042293
4.84,-2.91094833363159,-0.520705261298684,1.46799999999858,5.0743969813967,1.44702291657859,0.000362779685544665,0.200000000009943,-2.90914073501228,-0.522418448617297,1.46799999999996,5.07386566836584,0.501557260637503,0.674387937985031,0.544999999996233,0.0405881513640936,-2.00204360532945,11.0387869478729,2.28927727148952,0.0039835
4.86,-2.90040793068679,-0.547717415786475,1.47199999999877,5.09392039891006,1.45259413866802,0.00037894110283989,0.200000000008587,-2.89861145730939,-0.549463595630372,1.47199999999996,5.09341150841263,0.5096541070447,0.671746777317252,0.544999999996742,0.0401244904436536,-2.11827262445077,11.0174181540318,2.28036137976309,0.0039599
4.88,-2.88930042639995,-0.574624851439042,1.47599999999893,5.11329089716849,1.45843243707579,0.000395248621464464,0.200000000007414,-2.88751403629443,-0.576404491438024,1.47599999999996,5.112804060642,0.51762322929529,0.669005741162845,0.544999999997182,0.0396589967188258,-2.23406867839084,10.9949709508914,2.27149141079132,0.004096
4.9,-2.87762798707228,-0.601422329119586,1.47999999999907,5.13250339831027,1.46453006638525,0.000411614410442121,0.200000000006399,-2.87585064694785,-0.603235855703953,1.47999999999996,5.13203822127965,0.525456834264559,0.666171117899855,0.544999999997566,0.0391926104611554,-2.34940912605366,10.9714496320564,2.26266597134835,0.0043771
4.92,-2.86539288929771,-0.628104630717742,1.48399999999918,5.15155325045138,1.47087904633479,0.000427955637196558,0.200000000005523,-2.86362357517681,-0.62995242955971,1.48399999999996,5.15110931493239,0.533147633037027,0.663249228117148,0.544999999997899,0.0387262182923797,-2.4642714152026,10.9468587002794,2.25388372009823,0.0043526
4.94,-2.85259751952269,-0.654666560093487,1.48799999999929,5.17043622572464,1.47747118439523,0.000444194599510708,0.200000000004767,-2.85083521736746,-0.656548976635456,1.48799999999996,5.17001309260466,0.540688838749288,0.660246396160767,0.544999999998183,0.0382606520881275,-2.57863308686331,10.9212028666012,2.24514336688054,0.0042854
4.96,-2.8392443735883,-0.681102944022188,1.49199999999938,5.18914851621499,1.48429809803737,0.000460258812682044,0.200000000004113,-2.83748807991572,-0.683020284086329,1.49199999999996,5.18874572759749,0.54807416163913,0.6571689233667,0.544999999998425,0.0377966884812945,-2.69247177970877,10.8944870494532,2.23644367194388,0.0043483
4.98,-2.82533605625473,-0.707408633140684,1.49599999999945,5.20768672795784,1.49135123657945,0.000476081055117998,0.200000000003546,-2.82358477873633,-0.709361163614197,1.49599999999996,5.20730380945768,0.555297801547292,0.654023063191959,0.544999999998635,0.0373350489148174,-2.80576523442558,10.8667163737216,2.22778344513871,0.004044
5,-2.81087528070768,-0.733578502894233,1.49999999999952,5.22604787317553,1.49862190251569,0.000491599378975134,0.200000000003054,-2.80912803875051,-0.735566452484602,1.49999999999996,5.22568433615386,0.562354438171377,0.650814998019856,0.544999999998821,0.0368764001576298,-2.91849129806092,10.837896169774,2.21916154507705,0.003956
5.02,-2.7958648680466,-0.759607454484177,1.50399999999958,5.24422936093178,1.50610127223994,0.000506757079612993,0.20000000000263,-2.79412069335217,-0.761631014538699,1.50399999999996,5.24388470466055,0.569239219311776,0.6475508181248,0.544999999998981,0.0364213552697411,-3.03062792834945,10.8080319724484,2.21057687826344,0.0038531
5.04,-2.78030774675462,-0.785490415816139,1.50799999999962,5.26222898638609,1.51378041608918,0.000521502635228394,0.200000000002263,-2.77856568385296,-0.787549741199986,1.50799999999996,5.26190270013368,0.575947747397262,0.64423650257216,0.544999999999115,0.0359704749210174,-3.14215319801923,10.7771295200037,2.2020283982026,0.0040839
5.06,-2.76420695214983,-0.811222342448508,1.51199999999967,5.28004491882981,1.52165031764409,0.000535789616763366,0.200000000001944,-2.76246605890599,-0.813317552475633,1.51199999999996,5.27973648386052,0.582476064541298,0.640877902162804,0.544999999999232,0.035524269023321,-3.25304529907622,10.7451947530328,2.19351510448824,0.0039584
5.08,-2.74756562581787,-0.836798218540967,1.5159999999997,5.29767568868207,1.52970189223461,0.000549576572666004,0.200000000001668,-2.7458249739086,-0.838929397952199,1.51599999999996,5.29738458016348,0.588820636389701,0.637480724359325,0.544999999999336,0.0350831986140421,-3.3632825470664,10.7122338133374,2.18503604187415,0.0039112
5.1,-2.73038701502542,-0.86221305780276,1.51999999999973,5.31512017361912,1.53792600460969,0.000562826890967176,0.200000000001429,-2.72864569038415,-0.864380257785566,1.51999999999996,5.31484586243257,0.594978335015116,0.634050520145367,0.544999999999424,0.0346476779390137,-3.47284338531474,10.6782530427648,2.17659029933023,0.0037937
5.12,-2.71267447211462,-0.887461904440413,1.52399999999976,5.33237758400328,1.54631348574095,0.0005755086407318,0.200000000001221,-2.71093157534301,-0.889665143684868,1.52399999999996,5.33211953845386,0.600946421067345,0.630592672822929,0.544999999999502,0.0342180766936228,-3.58170638914046,10.6432589820073,2.16817700908254,0.0041495
5.14,-2.69443145387807,-0.912539834104572,1.52799999999978,5.34944744776958,1.55485514873907,0.000587594397303407,0.200000000001042,-2.69268610062278,-0.914779099890241,1.52799999999996,5.34920513519325,0.606722525403468,0.627112388632195,0.544999999999569,0.0337947223711158,-3.68985027004758,10.6072583693632,2.15979534563927,0.0038919
5.16,-2.67566152091437,-0.937441954835619,1.5319999999998,5.36632959491879,1.56354180387064,0.000599061053729111,0.200000000000886,-2.67391284220807,-0.93971720414419,1.53199999999996,5.36610248318509,0.612304630393509,0.62361468911639,0.544999999999628,0.0333779026808626,-3.79725387989014,10.5702581394602,2.15144452480059,0.0038268
5.18,-2.65636833696395,-0.962163408007697,1.53599999999982,5.38302414175486,1.57236427267164,0.00060988962099834,0.200000000000752,-2.65461547952973,-0.964474568656397,1.53599999999996,5.38281170066467,0.617691051079007,0.620104405138538,0.544999999999681,0.0329678680016864,-3.90389621501117,10.5322654219406,2.14312380265262,0.0037978
5.2,-2.63655566822518,-0.986699369270771,1.53999999999983,5.39953147499409,1.58131340116077,0.000620065019651612,0.200000000000638,-2.63479779474381,-0.989046341061757,1.53999999999996,5.39933317757281,0.622880416347519,0.616586172443981,0.544999999999724,0.032564833838964,-4.00975642035483,10.4932875401097,2.13483247454449,0.0041084
5.22,-2.61622738265048,-1.01104504949033,1.54399999999984,5.4158522358621,1.59038007216226,0.000629575865023665,0.200000000000538,-2.61446367199042,-1.01342770537148,1.54399999999996,5.41566755954912,0.627871650265072,0.613064428661423,0.544999999999764,0.0321689832594761,-4.11481379355064,10.4533320095453,2.1265698740481,0.0039581
5.24,-2.59538744922255,-1.03519569568435,1.54799999999985,5.43198730428287,1.59955521675375,0.00063841424828125,0.200000000000453,-2.59361709663251,-1.03761388291705,1.54799999999996,5.4318157320191,0.632663953691008,0.609543411630342,0.544999999999797,0.0317804692818666,-4.21904778896929,10.4124065366708,2.11833537189863,0.0038769
5.26,-2.57403993721038,-1.05914659195705,1.55199999999986,5.4479377832532,1.60882982485952,0.000646575515225726,0.20000000000038,-2.57226215447484,-1.06160013328687,1.55199999999996,5.44777880446899,0.637256786284223,0.606027158940158,0.544999999999826,0.0313994172039413,-4.32243802174899,10.3705190172903,2.11012837491662,0.0038216
5.28,-2.55218901540529,-1.08289306042916,1.55599999999987,5.46370498348448,1.61819495501356,0.000654058044611418,0.200000000000318,-2.55040303096324,-1.08538175525542,1.55599999999996,5.46355809499053,0.641649848992074,0.602519508568132,0.544999999999852,0.0310259268524856,-4.42496427179176,10.3276775350865,2.10194832491159,0.004116
5.3,-2.52983895133666,-1.10643046216412,1.55999999999987,5.47929040838312,1.62764174332042,0.000660863027564342,0.200000000000265,-2.5280440103643,-1.10895408770468,1.55999999999996,5.47915511516766,0.645843067099383,0.599024100503573,0.544999999999872,0.0306600747433952,-4.52660648772867,10.2838903600815,2.09379469756498,0.0038691
5.32,-2.50699411046764,-1.1297541980899,1.56399999999988,5.49469573943038,1.63716141164465,0.00066699424948568,0.200000000000219,-2.50518947492567,-1.13231251053776,1.56399999999996,5.49457155536604,0.649836573897797,0.595544379249996,0.544999999999893,0.0303019161438664,-4.62734479085335,10.2391659470604,2.08566700129648,0.0038369
5.34,-2.48365895537055,-1.15285970991601,1.56799999999988,5.50992282201287,1.64674527506177,0.000672457875687061,0.20000000000018,-2.48184390401722,-1.15545244558444,1.56799999999996,5.50980927047713,0.653630695025083,0.592083597100109,0.544999999999908,0.0299514870306912,-4.72715947902293,10.1935129339589,2.07756477611114,0.0037765
5.36,-2.45983804488227,-1.17574248104526,1.57199999999989,5.52497365174581,1.65638474860518,0.000677262241828389,0.200000000000147,-2.45801187325301,-1.17836935749847,1.57199999999996,5.52487026615886,0.657225933510725,0.588644818083108,0.544999999999922,0.0296088059404674,-4.82603103052557,10.1469401402134,2.06948759243017,0.0038863
5.38,-2.43553603323945,-1.19839803747991,1.57599999999989,5.53985036132231,1.6660713533449,0.000681417650065439,0.200000000000118,-2.43369805359456,-1.20105875464653,1.57599999999996,5.53975668560668,0.660622955551388,0.585230922489696,0.544999999999935,0.0292738757098744,-4.9239401079138,10.0994565650753,2.06143504990687,0.0037938
5.4,-2.41075766919378,-1.22082194872166,1.57999999999989,5.55455520791475,1.67579672183423,0.000684936171698183,0.200000000000095,-2.40890721043526,-1.22351618998857,1.57999999999996,5.55447079688078,0.66382257704115,0.581844611884459,0.544999999999943,0.0289466851063924,-5.02086756180292,10.0510713858885,2.05340677622873,0.0037828
5.42,-2.38550779510727,-1.24300982866528,1.58399999999989,5.56909056114668,1.68555260296117,0.00068783145691214,0.200000000000075,-2.38364420266635,-1.24573726194943,1.58399999999996,5.5690149808082,0.666825750848192,0.578488414524279,0.544999999999947,0.0286272103490574,-5.11679443463354,10.0017939563326,2.04540242590791,0.0037589
5.44,-2.35979134602776,-1.26495733648534,1.58799999999989,5.58345889164753,1.6953308662409,0.00069011855217694,0.200000000000056,-2.35791398172454,-1.26771761528154,1.58799999999996,5.58339171947221,0.669633554849959,0.575164691104356,0.544999999999952,0.028315416523171,-5.21170196439758,9.95163380462816,2.0374216790632,0.003802
5.46,-2.33361334874471,-1.28666017751573,1.59199999999989,5.59766276019674,1.70512350558545,0.00069181372569943,0.200000000000038,-2.33172159062153,-1.28945294191851,1.59199999999996,5.5976035852952,0.672247180716117,0.571875640761635,0.544999999999958,0.0280112588910943,-5.30557158832689,9.90060063170884,2.0294642401953,0.0037718
5.48,-2.30697892082547,-1.30811410412147,1.59599999999989,5.61170480745862,1.71492264258602,0.000692934301226755,0.200000000000023,-2.30507216295546,-1.31093898181952,1.59599999999996,5.61165323071679,0.674667923426714,0.568623307271106,0.544999999999963,0.0277146841031157,-5.39838494654371,9.84870430935709,2.02152983695701,0.0043658
5.5,-2.27989326963206,-1.32931491656262,1.59999999999989,5.62558774430509,1.72472052934257,0.000693498500410263,0.20000000000001,-2.27797092190475,-1.33217152380425,1.59999999999996,5.6255433784639,0.676897171506947,0.56540958537684,0.544999999999962,0.0274256313126788,-5.49012388567215,9.79595487830575,2.01361821892344,0.0041221
5.52,-2.25236169131889,-1.35025846384978,1.60399999999989,5.63931434271936,1.73450955087403,0.000693525293870365,0.199999999999996,-2.25042317920425,-1.35314640637825,1.60399999999996,5.63927681240589,0.678936397962716,0.562236227204759,0.544999999999963,0.0271440332008331,-5.58077046241005,9.7423625463051,2.00572915636325,0.0040962
5.54,-2.22438956981125,-1.37094064459093,1.60799999999989,5.65288742727052,1.74428222714169,0.000693034261004118,0.199999999999983,-2.2224343341041,-1.37385951854855,1.60799999999996,5.65285636898465,0.68078715189882,0.559104848710206,0.544999999999962,0.0268698169147673,-5.67030694706025,9.68793768615583,1.99786243901385,0.0042311
5.56,-2.19598237576519,-1.39135740782913,1.61199999999989,5.6663098671461,1.75403121471705,0.000692045458495057,0.199999999999969,-2.19400987231143,-1.39430680062941,1.61199999999996,5.66628492920639,0.682451050765713,0.556016936120638,0.544999999999958,0.0266029049248133,-5.75871582702075,9.63269083370841,1.99001787486507,0.0042077
5.58,-2.16714566550855,-1.41150475387097,1.61599999999989,5.67958456872743,1.76374930812315,0.000690579297523774,0.199999999999954,-2.16515536491505,-1.41448424503794,1.61599999999996,5.67956541118012,0.683929773227069,0.552973852335204,0.544999999999955,0.02634321580601,-5.84597981023276,9.57663268582906,1.98219528895168,0.0038982
5.6,-2.1378850799638,-1.43137873510523,1.61999999999989,5.69271446869069,1.77342944087743,0.000688656429556495,0.199999999999938,-2.13587646729352,-1.4343878970796,1.61999999999996,5.69270076318523,0.685225052642442,0.549976843249264,0.544999999999954,0.0260906649492056,-5.93208182858612,9.5197740983328,1.97439452215946,0.004038
5.62,-2.10820634355258,-1.45097545681156,1.62399999999989,5.70570252761525,1.78306468626415,0.000686297640494137,0.199999999999921,-2.10617891800654,-1.45401385572323,1.62399999999996,5.70569395724984,0.686338671090014,0.54702704397846,0.544999999999957,0.0258451652055578,-6.01700504128125,9.46212608388397,1.96661543004651,0.0045016
5.64,-2.07811526308243,-1.47029107795894,1.62799999999989,5.71855172407948,1.79264825786047,0.000683523753017173,0.199999999999906,-2.07606853767021,-1.47335827436565,1.62799999999996,5.71854798321983,0.687272453925355,0.544125484958035,0.544999999999958,0.0256066274702933,-6.10073283814687,9.40369980986457,1.95885788168342,0.004229
5.66,-2.04761772661583,-1.48932181199344,1.63199999999989,5.73126504922366,1.80217350984047,0.000680355536898891,0.19999999999989,-2.04555122781608,-1.4924173615855,1.63199999999996,5.73126584329807,0.688028264830782,0.541273097898673,0.544999999999957,0.0253749612098586,-6.18324884291293,9.34450659621091,1.95112175851267,0.0041807
5.68,-2.01671970232185,-1.50806392761521,1.63599999999988,5.74384550175906,1.81163393707892,0.000676813627054323,0.199999999999875,-2.01463296973437,-1.51118738188638,1.63599999999996,5.74385054703264,0.688608001372097,0.538470721580924,0.544999999999954,0.0251500749376551,-6.26453691643784,9.28455791321897,1.94340695323246,0.0040548
5.7,-1.98542723731074,-1.52651374954437,1.63999999999988,5.75629608340168,1.82102317507709,0.000672918448964834,0.199999999999858,-1.98331982330159,-1.5296646564289,1.63999999999996,5.75630510673252,0.689013590942615,0.535719107479217,0.544999999999953,0.0249318766407999,-6.34458115988953,9.22386537931885,1.93571336870433,0.0040842
5.72,-1.95374645645158,-1.54466765927549,1.64399999999988,5.76861979470957,1.83033499972812,0.000668690151291648,0.199999999999841,-1.95161792579276,-1.54784556375171,1.64399999999996,5.76863253328932,0.689246987151411,0.533018925201567,0.54499999999995,0.0247202741640611,-6.42336591787946,9.16244075881882,1.92804091688849,0.0037978
5.74,-1.92168356117353,-1.5625220958205,1.64799999999988,5.78081963130215,1.83956332694125,0.000664148545328363,0.199999999999823,-1.91953349067837,-1.56572654048124,1.64799999999996,5.78083583238355,0.689310166589098,0.530370767739071,0.544999999999954,0.0245151755532801,-6.50087578154909,9.10029595961953,1.92038951780813,0.0038143
5.76,-1.88924482825071,-1.58007355643978,1.65199999999987,5.79289858044082,1.84870221214136,0.000659313050974658,0.199999999999807,-1.88707280640657,-1.5833040820301,1.65199999999996,5.79291800105415,0.689205125949551,0.527775156519629,0.544999999999959,0.0243164893622194,-6.57709559160804,9.03744303089857,1.91275909854338,0.0041371
5.78,-1.85643660857119,-1.59731859736121,1.65599999999987,5.8048596179499,1.85774584965956,0.000654202648916646,0.199999999999792,-1.85424223517047,-1.60057474328389,1.65599999999996,5.80488202461072,0.688933879482368,0.525232546262291,0.544999999999963,0.0241241249260492,-6.65201044132329,8.97389416076615,1.90514959225818,0.0041731
5.8,-1.82326532589035,-1.61425383448694,1.65999999999986,5.81670570545805,1.86668857202895,0.000648835838689043,0.199999999999778,-1.8210482116612,-1.61753513927641,1.65999999999996,5.81673087386785,0.688498456751258,0.522743329630619,0.544999999999966,0.0239379926045336,-6.72560567945885,8.90966167389221,1.89756093725941,0.0043295
5.82,-1.7897374755688,-1.63087594408776,1.66399999999986,5.82843978794033,1.87552484919879,0.000643230602297133,0.199999999999766,-1.78749724180656,-1.63418194585306,1.66399999999996,5.8284675026821,0.687900900674807,0.520307841684745,0.544999999999969,0.0237580039976868,-6.79786691316532,8.84475802910554,1.88999307609173,0.0040397
5.84,-1.75585962329537,-1.6471816634848,1.66799999999985,5.84006479154222,1.88424928767925,0.000637404373073923,0.199999999999755,-1.75359590149585,-1.65051190032232,1.66799999999996,5.8400948457723,0.687143265826986,0.517926364133117,0.544999999999979,0.0235840721365004,-6.86878001081854,8.77919581696534,1.88244595466559,0.0046636
5.86,-1.72163840379536,-1.66316779171844,1.67199999999985,5.85158362166703,1.89285662962775,0.000631374009449225,0.199999999999747,-1.71935083529095,-1.66652180209515,1.67199999999996,5.85161581680494,0.686227616977493,0.515599129386659,0.544999999999987,0.023416111651194,-6.93833110480698,8.71298775730576,1.87491952142406,0.0040381
5.88,-1.68708051952431,-1.67883119020425,1.67599999999984,5.8629991613096,1.90134175188698,0.000625155773332871,0.199999999999742,-1.68476875512391,-1.68220851331233,1.67599999999996,5.86303330672702,0.685156027850008,0.51332632441745,0.544999999999993,0.0232540389190421,-7.00650659426709,8.64614669675404,1.86741372654381,0.0039872
5.9,-1.65219273934782,-1.69416878337575,1.67999999999984,5.87431426961913,1.909699664984,0.000618765312779716,0.19999999999974,-1.64985643898139,-1.69756895945933,1.67999999999996,5.87435018232937,0.683930580081019,0.511108094426539,0.544999999999998,0.0230977721939239,-7.07329314776619,8.57868560622254,1.85992852117508,0.0039537
5.92,-1.61698189720746,-1.7091775593139,1.68399999999983,5.88553178067552,1.91792551209849,0.000612217648643902,0.199999999999739,-1.6146207295761,-1.71260012996894,1.68399999999996,5.88556928502443,0.682553362361939,0.508944546325422,0.545000000000004,0.022947231719406,-7.13867770593218,8.5106175783754,1.85246385671774,0.0039884
5.94,-1.58145489077336,-1.72385457036322,1.68799999999983,5.89665450246375,1.92601456800802,0.000605527164934413,0.199999999999741,-1.57906853300563,-1.72729907881123,1.68799999999996,5.89669342982323,0.681026469747559,0.506835752036014,0.54500000000001,0.0228023398270195,-7.20264748402974,8.44195582507028,1.84501968413665,0.0040092
5.96,-1.54561868008363,-1.73819693373421,1.69199999999982,5.90768521603215,1.93396223801708,0.000598707602583558,0.199999999999744,-1.54320681739877,-1.74166292507098,1.69199999999996,5.90772540449693,0.67935200313092,0.504781751614481,0.545000000000014,0.0226630210213628,-7.26518997448226,8.37271367477575,1.83759595331322,0.0039229
5.98,-1.50948028617095,-1.75220183209218,1.69599999999982,5.91862667482076,1.94176405687664,0.000591772056338381,0.19999999999975,-1.50704261154976,-1.7556888535122,1.69599999999996,5.9186679689094,0.677532068812972,0.502782556205682,0.545000000000022,0.0225292020530486,-7.32629294933913,8.30290456996478,1.83019261243556,0.0040481
6,-1.47304678967678,-1.76586651413223,1.69999999999982,5.92948160414698,1.94941568769807,0.000584732974551476,0.199999999999757,-1.47058300354057,-1.76937411512997,1.69999999999996,5.92952385450761,0.67556877820553,0.500838150833245,0.545000000000027,0.0224008119813195,-7.38594446268788,8.23254206448504,1.82280960742614,0.0040676
6.02,-1.43632532945337,-1.77918829514026,1.70399999999981,5.94025270083645,1.95691292086693,0.000577602161623354,0.199999999999767,-1.43383513935168,-1.78271602768909,1.70399999999996,5.940295763958,0.673464247718459,0.498948497030715,0.545000000000032,0.0222777822275852,-7.44413285301059,8.16163982090641,1.81544688140569,0.0040146
6.04,-1.39932310115398,-1.79216455753996,1.70799999999981,5.95094263298775,1.9642516729637,0.000570390782785418,0.199999999999778,-1.39680622146133,-1.79571197624983,1.70799999999996,5.95098637091696,0.671220598630497,0.497113535323048,0.545000000000029,0.022160046619633,-7.50084674548416,8.09021160784639,1.80810437419504,0.0039135
6.06,-1.36204735581168,-1.80479275142565,1.7119999999998,5.96155403986018,1.9714279856909,0.000563109371086553,0.199999999999789,-1.35950350743393,-1.80835941368035,1.71199999999996,5.96159831992509,0.668839957262872,0.495333187559311,0.545000000000027,0.0220475414301851,-7.556075054224,8.01827129727388,1.80078202185227,0.0040113
6.08,-1.32450539840687,-1.8170703950809,1.7159999999998,5.97208953187482,1.97843802481851,0.000555767836172781,0.199999999999798,-1.32193430849745,-1.82065586115593,1.71599999999996,5.97213422641481,0.666324454932175,0.493607359111654,0.545000000000029,0.0219402054061129,-7.60980698447055,7.94583286179192,1.79347975624704,0.0040005
6.1,-1.28670458642406,-1.82899507548276,1.71999999999979,5.98255169071935,1.98527807913864,0.000548375474895316,0.199999999999809,-1.28410598811048,-1.83259890864474,1.71999999999996,5.98259667682218,0.663676228171723,0.491935940938087,0.545000000000031,0.0218379797943814,-7.6620320347184,7.8729103719,1.786197504669,0.0039477
6.12,-1.24865232839806,-1.84056444879165,1.72399999999979,5.99294306954801,1.99194455944011,0.000540940983455847,0.19999999999982,-1.24602596051892,-1.84418621538017,1.72399999999996,5.99298822879411,0.660897418982906,0.490318811519451,0.545000000000037,0.0217408083619489,-7.71273999878737,7.79951799323644,1.77893518947128,0.0039479
6.14,-1.21035608245013,-1.8517762408267,1.72799999999978,6.00326619326862,1.99843399750386,0.000533472470887294,0.199999999999833,-1.2077016893028,-1.85541551031959,1.72799999999996,6.00331141148267,0.65799017513819,0.488755838676041,0.545000000000044,0.0216486374112749,-7.76192096783531,7.72566998380158,1.7716927277475,0.0043764
6.16,-1.17182335481419,-1.8626282475265,1.73199999999978,6.01352355890904,2.00474304512099,0.000525977473705764,0.199999999999849,-1.1691406859134,-1.8662845925894,1.73199999999996,6.01356872591909,0.654956650534698,0.487246881269678,0.545000000000042,0.0215614157919757,-7.8095653323121,7.65138069116208,1.76447003104087,0.0040822
6.18,-1.13306169835353,-1.8731183353952,1.73599999999978,6.0237176360562,2.01086847313522,0.000518462971573706,0.199999999999864,-1.13035050820098,-1.87679133191637,1.73599999999996,6.02376264546034,0.65179900559733,0.485791790796995,0.545000000000042,0.0214790949091807,-7.85566378385453,7.57666454963721,1.75726700508673,0.0040543
6.2,-1.09407871106841,-1.88324444193399,1.73999999999978,6.03385086736109,2.01680717051153,0.000510935403822447,0.199999999999879,-1.09133875893348,-1.88693366904515,1.73999999999996,6.03389561630173,0.648519407715929,0.48439041287949,0.545000000000045,0.021401628728928,-7.90020731712164,7.50153607746757,1.75008354958463,0.0039362
6.22,-1.05488203459469,-1.89300457605764,1.74399999999978,6.04392566910384,2.02255614343188,0.00050340068669452,0.199999999999895,-1.05211308430629,-1.89670961614179,1.74399999999996,6.04397005804953,0.64512003172085,0.483042588655705,0.545000000000047,0.0213289737811401,-7.94318723157022,7.42600987396679,1.74291955800292,0.0041489
6.24,-1.01547935269405,-1.90239681849637,1.74799999999977,6.05394443181327,2.02811251441942,0.000495864231176391,0.199999999999912,-1.01268117244369,-1.90611725718337,1.74799999999996,6.05398836434815,0.641603060391292,0.481748156080749,0.545000000000055,0.021261089160507,-7.98459513317005,7.35010061665691,1.73577491740846,0.0039375
6.26,-0.975878389735898,-1.91141932218267,1.75199999999977,6.06390952093582,2.03347352149211,0.000488330961300589,0.199999999999932,-0.973050751891893,-1.91515474833346,1.75199999999996,6.06395290355649,0.637970684989998,0.480506951137991,0.545000000000059,0.0211979365255471,-8.02442293605862,7.27382305838798,1.7286495083296,0.0039492
6.28,-0.936086909171466,-1.92007031262336,1.75599999999977,6.07382327754918,2.03863651734641,0.000480805332802577,0.199999999999953,-0.933229590104294,-1.9238203183035,1.75599999999996,6.07386601946896,0.634225105817095,0.479318808967916,0.54500000000006,0.021139480096217,-8.06266286413491,7.19719202444251,1.72154320464207,0.0039996
6.3,-0.896112712000356,-1.92834808825646,1.75999999999977,6.08368801911631,2.04359896857165,0.000473291352038433,0.199999999999975,-0.893225491919041,-1.93211226869992,1.75999999999996,6.0837300320768,0.630368532794116,0.478183564918318,0.54500000000006,0.0210856866503183,-8.09930745259206,7.12022240962523,1.71445587348277,0.0039842
6.32,-0.855963635229832,-1.93625102079322,1.76399999999977,6.09350604027581,2.04835845489574,0.000465792595061327,0.199999999999996,-0.853046298029286,-1.94002897435698,1.76399999999996,6.09354723836553,0.626403186055602,0.477101055520526,0.545000000000061,0.021036525518891,-8.13434954938848,7.04292917533904,1.70738737518951,0.0039691
6.34,-0.815647550327228,-1.94377755554494,1.76799999999977,6.10327961366508,2.05291266846238,0.000458312226780373,0.200000000000018,-0.812699883446419,-1.9475688836553,1.76799999999996,6.1033199131451,0.622331296563586,0.476071119395434,0.545000000000062,0.0209919685808379,-8.16778231665726,6.96532734664742,1.70033756326254,0.0039937
6.36,-0.775172361665781,-1.95092621173474,1.77199999999977,6.1130109907729,2.05725941314019,0.000450853020120522,0.200000000000041,-0.77219415595657,-1.95473051882589,1.77199999999996,6.11305030990927,0.618155106733862,0.475093598093402,0.545000000000064,0.0209519902569484,-8.19959923205347,6.88743200932421,1.69330628435105,0.0040418
6.38,-0.734546004964211,-1.95769558279418,1.77599999999977,6.1227024028184,2.061396603864,0.000443417375117159,0.200000000000064,-0.731537054570693,-1.96151247623981,1.77599999999996,6.12274066172116,0.613876871071504,0.474168336871572,0.545000000000065,0.02091656750344,-8.22979409003926,6.80925830689109,1.68629337825973,0.0039881
6.4,-0.693776445720375,-1.96408433664471,1.77999999999977,6.13235606165368,2.06532226600826,0.000436007337882532,0.200000000000087,-0.690736547968531,-1.96791342668322,1.77999999999996,6.13239318212231,0.60949885681907,0.473295185412138,0.545000000000059,0.0208856798052087,-8.25836100310631,6.73082143764362,1.67929867797891,0.0039246
6.42,-0.652871677639315,-1.97009121596389,1.78399999999977,6.14197416068744,2.06903453479277,0.000428624619391709,0.200000000000108,-0.649800632936763,-1.97393211561787,1.78399999999996,6.14201006606251,0.605023344614867,0.472473998484725,0.545000000000056,0.0208593091688577,-8.28529440293562,6.65213665166622,1.67232200973043,0.0039401
6.44,-0.611839721056025,-1.97571503843645,1.78799999999978,6.1515588758275,2.07253165472073,0.000421270614038016,0.200000000000128,-0.608737332801648,-1.979567363427,1.78799999999996,6.1515934908483,0.600452629155073,0.471704636555953,0.545000000000055,0.0208374401155706,-8.31058904149426,6.57321924783688,1.66536319303659,0.0049123
6.46,-0.570688621353261,-1.98095469698999,1.79199999999978,6.16111236643995,2.07581197904905,0.000413946417916784,0.200000000000148,-0.567554695856469,-1.98481806564646,1.79199999999996,6.16114561710794,0.595789019865723,0.470986966349028,0.545000000000052,0.020820059673983,-8.33423999206895,6.49408457082211,1.65842204080367,0.0043929
6.48,-0.529426447374707,-1.98580916001552,1.79599999999978,6.17063677632316,2.07887396929078,0.000406652846803375,0.200000000000167,-0.526260793784079,-1.98968319318118,1.79599999999996,6.17066858977098,0.59103484157998,0.470320861355952,0.545000000000052,0.0208071573730203,-8.35624265023621,6.41474800806275,1.65149835942335,0.0042836
6.5,-0.488061289833832,-1.99027747157266,1.79999999999978,6.18013423469486,2.08171619474979,0.000399390453792582,0.200000000000185,-0.484863720074871,-1.99416179250688,1.79999999999996,6.18016453906069,0.586192435220892,0.469706202304842,0.545000000000043,0.0207987252348024,-8.37659273476902,6.33522498675131,1.64459194888974,0.0042922
6.52,-0.446601259718748,-1.99435875157952,1.80399999999979,6.18960685719082,2.08433733208727,0.000392159546575589,0.200000000000201,-0.443371588440471,-1.99825298585687,1.80399999999996,6.1896355814979,0.581264156878794,0.469142877375201,0.544999999983051,0.0207947577262891,-8.39528628847974,6.25553097080131,1.63770260296368,0.004059
6.54,-0.405054486694034,-1.99805219598738,1.80799999999973,6.19905674687274,2.08673616485612,0.000384960197722242,0.199999999994099,-0.401792531223467,-2.00195597139411,1.80799999999996,6.19908382091469,0.576252385110311,0.468630783431499,0.544999999989231,0.0207952519496309,-8.41231967899907,6.17568145780948,1.63083010917024,0.0038574
6.56,-0.363429117497842,-2.00135707693987,1.81199999999958,6.20848599524767,2.08891158333057,0.000377792284148277,0.199999999990222,-0.360134697803491,-2.00527002336836,1.81199999999996,6.20851134947687,0.571159511472356,0.468169825076291,0.544999999993763,0.020800207264329,-8.42768959949117,6.09569197601113,1.62397424919537,0.003864
6.58,-0.321733314336047,-2.00427274291696,1.81599999999936,6.21789668329364,2.09086258396096,0.000370655475176116,0.199999999987977,-0.31840625299996,-2.00819449225835,1.81599999999996,6.21792024871393,0.56598794817367,0.46775991583168,0.544999999997036,0.0208096256180841,-8.44139306930438,6.01557808122957,1.61713479889068,0.0042425
6.6,-0.279975253275032,-2.00679861886352,1.81999999999911,6.2272908824901,2.09258826913849,0.00036354926136714,0.19999999998691,-0.276615375471797,-2.01072880489911,1.81999999999996,6.22731259055555,0.560740126999088,0.467400978192116,0.544999999999366,0.0208235113981171,-8.4534274345579,5.93535535382,1.61031152849683,0.0050828
6.62,-0.238163122631361,-2.00893420630266,1.82399999999884,6.23667065585658,2.09408784691966,0.000356472968499601,0.199999999986682,-0.234770256114427,-2.01287246459429,1.82399999999996,6.23669043837372,0.555418500020576,0.467092943862953,0.545000000000974,0.0208418714403292,-8.46379036866393,5.85503939560864,1.60350420283351,0.0048335
6.64,-0.19630512135936,-2.01067908343365,1.82799999999858,6.24603805899568,2.09536063078189,0.000349425772184562,0.199999999987033,-0.192879096454396,-2.01462505121345,1.82799999999996,6.24605584802961,0.550025540313111,0.466835753966622,0.545000000002052,0.0208647150247907,-8.47247987278546,5.77464582682752,1.5967125815003,0.0041932
6.66,-0.154409457436942,-2.01203290521454,1.83199999999833,6.25539514114024,2.09640603941012,0.000342406712225097,0.199999999987771,-0.150950107041885,-2.01598622127445,1.83199999999996,6.25541086892451,0.544563742675652,0.466629359217198,0.545000000002735,0.020892053868926,-8.47949427622953,5.69419028304582,1.58993641908427,0.0044746
6.68,-0.112484346249971,-2.01299540342945,1.83599999999809,6.26474394620393,2.09722359651434,0.000335414706585112,0.199999999988756,-0.108991505841472,-2.0169557080107,1.83599999999996,6.26475754505399,0.539035624357483,0.466473720064106,0.54500000000313,0.0209239021200875,-8.48483223677583,5.61368841209805,1.5831754653769,0.0042627
6.7,-0.0705380089754989,-2.01356638674057,1.83999999999788,6.27408651383474,2.09781293067789,0.000328448564949926,0.199999999989882,-0.067011516621436,-2.01753332142345,1.83999999999996,6.27409791606486,0.533441371744298,0.466368485583906,0.544999971237789,0.0209602128626649,-8.48849274094071,5.53315587100993,1.57642950264828,0.0040068
6.72,-0.0285786719034151,-2.01374574085377,1.84399999989413,6.28342487910712,2.09817368149116,0.00032149685466542,0.199999989635486,-0.0250183673419209,-2.01771894831905,1.84399999999996,6.28343401831418,0.527788614053641,0.466314297948523,0.544999982011941,0.0210011818137725,-8.49047510418898,5.45260832292082,1.5696981719393,0.0039729
6.74,0.0133854362776894,-2.01353342841314,1.84799999962208,6.29276107618626,2.09830579576151,0.00031457315091807,0.199999983159785,0.0169797114577168,-2.01751255233105,1.84799999999996,6.29276788592985,0.522077188214231,0.466310806629748,0.544999989880624,0.0210466755480207,-8.49077897110396,5.37206143400135,1.56298126123928,0.0039138
6.76,0.055346087012485,-2.01292948887001,1.85199999924885,6.30209713961468,2.09820921432446,0.000307673023543101,0.19999997951681,0.058974488272068,-2.01691417392739,1.85199999999996,6.30210155187221,0.516309713794523,0.466358010894245,0.544999995543869,0.0210967528625248,-8.48940431541184,5.29153087038112,1.55627850281622,0.0038381
6.78,0.0972950523927776,-2.0119340386048,1.85599999882314,6.31143510276744,2.09788398279617,0.000300794348050295,0.199999977912603,0.10095773224302,-2.01592393040238,1.85599999999995,6.31143704899621,0.510488834556709,0.466455920344268,0.544999999543785,0.0211514453249694,-8.48635143997349,5.21103229507303,1.54958962609992,0.0036659
6.8,0.139224106778715,-2.01054727090397,1.85999999837975,6.32077699986267,2.09733025150453,0.000293935324760955,0.199999977748365,0.142921214772975,-2.01454201585379,1.85999999999995,6.32077641111362,0.50461721766633,0.466604553177702,0.545000002296632,0.0212107820980889,-8.48162097672613,5.13058136489655,1.5429143587762,0.0037788
6.82,0.181125028417163,-2.00876945592234,1.86399999794299,6.33012486716348,2.09654827538035,0.000287094130058184,0.199999978575153,0.184856711137633,-2.01276870114471,1.86399999999995,6.3301216740548,0.498697568647724,0.466803942528001,0.545000004106048,0.0212747948656633,-8.47521388656025,5.05019372740215,1.53625242086758,0.0037686
6.84,0.22298960106183,-2.00660094062844,1.86799999752927,6.33948074406976,2.0955384144441,0.000280269064709824,0.19999998005333,0.226756002098004,-2.0106043338505,1.86799999999995,6.33947487672951,0.492732613698633,0.467054128426427,0.545000005216737,0.0213435166163074,-8.46713145913173,4.96988501779766,1.52960353234992,0.0037674
6.86,0.264809615593044,-2.00404214873362,1.87199999714912,6.34884667418632,2.09430113358395,0.000273458414030421,0.199999981931355,0.268610875511357,-2.00804933819067,1.87199999999995,6.3488380621863,0.486725108321981,0.46735516067976,0.545000005822068,0.0214169828854531,-8.45737531260916,4.88967085587701,1.52296741068034,0.0036275
6.88,0.306576871632705,-2.00109358060738,1.87599999680871,6.35822470637136,2.09283700267891,0.000266660473037738,0.1999999840273,0.310413127940769,-2.00510421494567,1.87599999999995,6.35821327866988,0.480677837611481,0.467707098625488,0.545000006064954,0.0214952315317801,-8.44594739335644,4.80956684295225,1.51634377105385,0.0037003
6.9,0.348283179157045,-1.99775581317735,1.87999999651109,6.36761689578783,2.09114669673227,0.000259873555606426,0.199999986210683,0.352154566262969,-2.0017695413588,1.87999999999995,6.36760258067593,0.4745936172308,0.468110010969205,0.545000006051165,0.0215783027018127,-8.43284997555092,4.72958855878909,1.50973232663775,0.0036765
6.92,0.389920360106714,-1.99402949981432,1.88399999625708,6.37702530495225,2.08923099604268,0.000253096003101676,0.199999988389103,0.393827009274167,-1.99804597102302,1.88399999999995,6.37700803000272,0.468475294485638,0.468563975615521,0.545000005865675,0.0216662388081232,-8.41808566073695,4.64975155854689,1.50313278882286,0.0036987
6.94,0.431480249994081,-1.98991537020217,1.88799999604598,6.38645200477985,2.08709078641621,0.000246326194023198,0.199999990500746,0.435422289293538,-1.99393423375284,1.88799999999995,6.38643169679883,0.462325750119002,0.469069079529947,0.545000005672507,0.0217590845290202,-8.40165737731517,4.57007136972345,1.49654486791417,0.0035612
6.96,0.472954699507897,-1.98541423019266,1.89199999587642,6.39589907562602,2.08472705944776,0.000239562555767338,0.199999992542849,0.476932253764061,-1.98943513544132,1.89199999999995,6.39587566060628,0.456147895661878,0.469625418109382,0.545000005359274,0.0218568866352745,-8.38356837996757,4.49056348910533,1.4899682718741,0.003733
6.98,0.514335576114027,-1.98052696164539,1.89599999574657,6.40536860832066,2.08214091269429,0.000232803565134137,0.199999994472187,0.518348766850393,-1.98454955790207,1.89599999999995,6.40534201139824,0.449944678145756,0.470233095177072,0.545000004969663,0.0219596941425119,-8.36382224901833,4.41124337972434,1.48340270815224,0.003708
7,0.555614765652091,-1.97525452225292,1.8999999956539,6.41486270519577,2.07933355003383,0.000226047762536393,0.199999996261266,0.559663711033465,-1.97927845869643,1.89999999999995,6.41483285061034,0.443719079858603,0.470892222627411,0.545000004542724,0.0220675581829171,-8.34242288973087,4.33212646782062,1.47684788335398,0.0036011
7.02,0.596784173928796,-1.9695979453509,1.90399999559548,6.4243834811074,2.07630628201128,0.000219293761910793,0.199999997896647,0.600868988701486,-1.97362287094579,1.90399999999995,6.42435029216473,0.437474118809931,0.471602919909495,0.545000004099418,0.0221805319405403,-8.31937453154099,4.25322813981308,1.47030350349948,0.0036366
7.04,0.63783572830705,-1.96355833971342,1.90799999556817,6.43393306444827,2.07306052619929,0.000212540256480094,0.199999999372437,0.641956523737052,-1.9675839031291,1.90799999999995,6.43389646348563,0.431212849903498,0.472365313675339,0.545000003655731,0.0222986706300045,-8.29468172722637,4.17456373927774,1.46376927424825,0.0037626
7.06,0.678761379290497,-1.9571368893336,1.91199999556878,6.44351359815042,2.06959780760228,0.000205786028325842,0.2000000006885,0.682918263100035,-1.96116273886562,1.91199999999995,6.44347350650517,0.424938365940167,0.473179537352148,0.545000003227534,0.0224220314386335,-8.26834935201264,4.09614856393452,1.45724490112628,0.0038264
7.08,0.71955310210333,-1.9503348531894,1.91599999559417,6.45312724067686,2.06591975909633,0.000199029958900995,0.200000001850413,0.723746178405953,-1.95436063668291,1.91599999999995,6.45308357865826,0.418653798191244,0.474045730495368,0.545000002817252,0.0225506734313802,-8.24038260261614,4.01799786264311,1.45073008978324,0.0038301
7.1,0.76020289826498,-1.9431535649949,1.91999999564132,6.46277616700027,2.06202812188761,0.000192271034625603,0.200000002864623,0.764432267499508,-1.94717892977021,1.91999999999995,6.46272885386484,0.412362317744104,0.474964038387293,0.545000002433112,0.0226846575219933,-8.21078699622356,3.9401268324085,1.44422454619306,0.0036139
7.12,0.800702797159426,-1.93559443293686,1.92399999570737,6.47246256956719,2.0579247460198,0.000185508359113881,0.200000003740544,0.804968556022986,-1.93961902571709,1.92399999999995,6.47241152349787,0.406067131689684,0.47593460809783,0.545000001787924,0.0228240457641736,-8.17956836940876,3.86255061539678,1.43772797767321,0.0036285
7.14,0.841044857597383,-1.9276589393985,1.92799999578862,6.48218865923338,2.05361159072425,0.000178741052684772,0.200000004384197,0.8453470989792,-1.93168240623762,1.92799999999995,6.48213379733523,0.399771496316607,0.476957596011973,0.545000001139761,0.0229689031945192,-8.1467328769869,3.78528429596168,1.43124009117417,0.0036271
7.16,0.881221169373694,-1.91934864066787,1.93199999588041,6.49195666619798,2.04909072529238,0.000171968459410912,0.20000000479451,0.88555998228869,-1.92337062687991,1.93199999999995,6.4918979044935,0.393478709671229,0.478033162199003,0.545000000658993,0.023119295825325,-8.11228699080619,3.70834289768253,1.42476059462037,0.0035905
7.18,0.921223854820794,-1.91066516662922,1.93599999597867,6.50176884093157,2.04436432964399,0.000165190115933066,0.200000005031748,0.925599324340858,-1.91468531672131,1.93599999999995,6.5017060943413,0.387192110546147,0.479161467872769,0.545000000303566,0.0232752907004195,-8.07623749847749,3.63174138041411,1.41828919757074,0.0035887
7.2,0.96104507035439,-1.90161022044105,1.9399999960804,6.51162745505844,2.03943469484922,0.000158405694141082,0.200000005141032,0.965457277538741,-1.90562817804904,1.93999999999995,6.51156063738971,0.380915082244029,0.480342676329336,0.545000000043974,0.0234369564007514,-8.03859150204184,3.5554946373493,1.41182561102383,0.0036142
7.22,1.00067700801143,-1.89218557820073,1.94399999618338,6.52153480220933,2.03430422379496,0.000151615026362906,0.200000005156862,1.00512602983712,-1.89620098602661,1.94399999999995,6.52146382615709,0.374651053403858,0.481576952014688,0.544999999857376,0.0236043627184229,-7.99935641657632,3.47961749209471,1.40536954763417,0.003577
7.24,1.04011189698099,-1.88239308859499,1.947999996286,6.5314931988509,2.02897543187779,0.000144818117440755,0.200000005105518,1.04459780627365,-1.88640558834588,1.94799999999995,6.53141797600526,0.368403498995073,0.482864459535736,0.544999999724432,0.0237775804770048,-7.95853996873859,3.40412469576005,1.39892072192458,0.0035917
7.26,1.07934200512778,-1.87223467253628,1.95199999638712,6.54150498508368,2.02345094772957,0.000138015154832029,0.200000005006313,1.08386487049275,-1.87624390486496,1.95199999999995,6.54142542594378,0.36217594132715,0.484205362643878,0.54499999963094,0.023956681368997,-7.91615019525031,3.32903092406186,1.39247885048221,0.0036261
7.28,1.11835964050794,-1.86171232278514,1.95599999648592,6.55157252540406,2.01773351397617,0.000131206519877912,0.200000004873452,1.1229195262619,-1.86571792723188,1.95599999999995,6.55148853939869,0.355971950916852,0.485599823066102,0.544999999563149,0.0241417377610961,-7.87219544131973,3.2543507744419,1.38604365216693,0.0036007
7.3,1.15715715287689,-1.85082810355864,1.95999999658181,6.56169820942644,2.01182598802332,0.000124392797514369,0.200000004716185,1.16175411898007,-1.85482971849432,1.95999999999995,6.56160970494187,0.349795147546264,0.487047999295255,0.544999999506957,0.0243328224961509,-7.82668435900393,3.18009876320106,1.37961484831123,0.003718
7.32,1.19572693518899,-1.83958415012501,1.96399999667436,6.57188445256076,2.00573134287685,0.00011757478653765,0.20000000453869,1.20036103717805,-1.8435814126952,1.96399999999995,6.57179133697664,0.343649201312083,0.488550045625506,0.544999999474983,0.0245300087386276,-7.77962590551074,3.10628932264916,1.37319216281279,0.003647
7.34,1.23406142508866,-1.82798266838431,1.96799999676324,6.58213369664239,1.99945266799672,0.000110753521293272,0.200000004349684,1.23873271401022,-1.83197521445447,1.96799999999995,6.58203587637508,0.337537833399005,0.49010611040438,0.544999999467598,0.0247333696185941,-7.73102934144099,3.03293679827122,1.36677532242302,0.0035847
7.36,1.27215310639275,-1.81602593443547,1.97199999684832,6.59244841050812,1.99299317017361,0.000103930278267021,0.200000004158019,1.2768616287377,-1.82001339853706,1.97199999999995,6.59234579106189,0.331464816872182,0.491716334546388,0.544999999477416,0.0249429780112314,-7.6809042289712,2.96005544591083,1.36036405692569,0.0035459
7.38,1.30999451056381,-1.8037162941297,1.9759999969296,6.60283109051097,1.98635617442837,9.71065856601868e-05,0.200000003969889,1.31474030820235,-1.80769830940697,1.97599999999995,6.6027235765394,0.32543397776426,0.493380850058246,0.544999999499254,0.0251589062750856,-7.62926042997722,2.88765942897104,1.35395809928885,0.0036502
7.4,1.34757821817402,-1.79105616261047,1.9799999970072,6.61328426096978,1.97954512494609,9.02842374853438e-05,0.200000003789621,1.35236132829153,-1.79503236076785,1.97999999999995,6.6131717563477,0.319449195820864,0.495099778334368,0.544999999528617,0.0253812259242081,-7.57610810409903,2.81576281563348,1.34755718583956,0.0035768
7.42,1.38489686035952,-1.7780480238401,1.98399999708129,6.62381047454705,1.97256358603076,8.34653066125695e-05,0.200000003619923,1.38971731539321,-1.78201803508993,1.98399999999995,6.62369288245364,0.313514405406807,0.496873228372879,0.544999999562668,0.0256100072892993,-7.52145770674731,2.74437957609605,1.341161056425,0.0036019
7.44,1.42194312026481,-1.76469443011307,1.98799999715211,6.6344123125479,1.96541524308673,7.66521587741608e-05,0.200000003462483,1.42680094784119,-1.76865788312347,1.98799999999995,6.63428953556151,0.307633596212204,0.49870129484897,0.544999999599256,0.0258453191448409,-7.46531998705192,2.67352357982987,1.33476945457702,0.0035514
7.46,1.45870973447713,-1.750998001556,1.99199999721992,6.64509238513257,1.95810390361885,6.98474665591217e-05,0.200000003318216,1.46360495735015,-1.75495452339886,1.99199999999995,6.64496432533819,0.301810814021946,0.500584056075659,0.544999999636906,0.0260872283086777,-7.40770598575283,2.60320859285595,1.3283821276698,0.0037717
7.48,1.49518949445032,-1.73696142561461,1.99599999728498,6.65585333143433,1.95063349825354,6.30542239686108e-05,0.200000003187502,1.50012213044019,-1.74091064171341,1.99599999999995,6.65571989054452,0.29605016133874,0.502521571829451,0.544999999674569,0.0263357992067106,-7.34862703303394,2.53344827504212,1.3219988270742,0.0036031
7.5,1.53137524791815,-1.72258745652764,1.99999999734756,6.66669781957416,1.94300808177485,5.62757613027353e-05,0.200000003070347,1.53634530985073,-1.72652899060498,1.99999999999995,6.66655889906437,0.290355797995388,0.504513881039665,0.544999999711538,0.0265910934027391,-7.28809474630008,2.46425617742076,1.31561930830774,0.0035549
7.52,1.56725990029664,-1.70787891478779,2.00399999740793,6.67762854656288,1.93523183417498,4.95157604003203e-05,0.2000000029665,1.57226739594329,-1.71181238881253,2.00399999999995,6.67748404782214,0.284731941658426,0.506560999336322,0.544999999747367,0.0268531690909656,-7.22612102789773,2.39564573952778,1.30924333118151,0.0036237
7.54,1.60283641607532,-1.69283868658996,2.00799999746635,6.68864823808072,1.92730906171475,4.27782702570044e-05,0.200000002875553,1.60788134809303,-1.69676372072367,2.00799999999995,6.68849806257867,0.279182868215264,0.508662916447034,0.544999999781774,0.0271220805485112,-7.16271806277992,2.32763028676349,1.30287065994326,0.0037019
7.56,1.63809782019697,-1.67746972326663,2.01199999752307,6.6997596481238,1.91924419798936,3.60677229242609e-05,0.200000002796991,1.64318018606874,-1.68138593580938,2.01199999999995,6.69960369759506,0.273712912094208,0.510819593439749,0.54499999981462,0.0273978775467097,-7.09789831611555,2.26022302777575,1.29650106341819,0.0036198
7.58,1.6730371994258,-1.66177504071077,2.01599999757834,6.71096555850605,1.91104180499674,2.93889497050602e-05,0.200000002730254,1.67815699140094,-1.66568204804592,2.01599999999995,6.71080373515302,0.268326466447646,0.513030959803428,0.544999999845859,0.0276806047183404,-7.03167453084398,2.19343705186597,1.29013431514649,0.0037004
7.6,1.70764770370368,-1.64575771878615,2.01999999763239,6.72226877820459,1.90270657420307,2.27471975627109e-05,0.200000002674764,1.71280490873794,-1.64965513532419,2.01999999999995,6.72210098491972,0.26302798303717,0.5152969097819,0.544999999854651,0.027970300761219,-6.96405972517492,2.12728532641844,1.28377019366871,0.0038106
7.62,1.74192254749426,-1.62942090072559,2.02399999768537,6.73367214253314,1.89424332759356,1.61481262715029e-05,0.200000002622438,1.74711714718948,-1.63330833884647,2.02399999999995,6.73349828314439,0.25782197258958,0.517617300613943,0.544999999867455,0.0282669980810956,-6.89506719003443,2.06178069435347,1.27740848217523,0.0037325
7.64,1.77585501111472,-1.61276779251669,2.02799999773734,6.74517851213572,1.88565701872754,9.59786238724019e-06,0.200000002574722,1.78108698165775,-1.61664486251082,2.02799999999995,6.74499849167301,0.252713004122427,0.519991948102143,0.544999999887307,0.0285707216784347,-6.82471048645737,1.99693587160491,1.27104896920537,0.0038837
7.66,1.80943844205486,-1.59580166227506,2.03199999778843,6.75679077178631,1.87695273375704,3.10300513040566e-06,0.200000002534152,1.81470775415557,-1.59966797228315,2.03199999999995,6.75660449676683,0.247705704526554,0.522420622793582,0.544999999911371,0.0288814883024763,-6.75300344292686,1.93276344462245,1.26469144850928,0.003907
7.68,1.84266625628329,-1.57852583960565,2.03599999783879,6.76851182897167,1.8681356924191,-3.32936766190438e-06,0.200000002502246,1.84797287511135,-1.58238099555714,2.03599999999995,6.76831920770951,0.242804757934699,0.524903046441304,0.544999999937803,0.0291993057189115,-6.67996015266116,1.8692758678992,1.2583357192189,0.0037556
7.7,1.8755319395406,-1.56094371495222,2.03999999788861,6.78034461224467,1.8592112489937,-9.69168030295655e-06,0.200000002479855,1.88087582466064,-1.56478732050217,2.03999999999995,6.78014555518698,0.238014904798078,0.527438887959294,0.544999999962361,0.0295241717247079,-6.60559497084865,1.80648546152511,1.2519815859531,0.0036783
7.72,1.90802904861923,-1.54305873893494,2.04399999793807,6.79229206933362,1.85018489321617,-1.59758441941522e-05,0.200000002466305,1.91341015392411,-1.54689039539922,2.04399999999995,6.79208648942333,0.233340940737295,0.530027759337767,0.544999999987299,0.0298560731826626,-6.52992251183128,1.74440440876663,1.24562885904408,0.0035088
7.74,1.94015121262981,-1.52487442167628,2.04799999798735,6.80435716498955,1.84106225113551,-2.21732395336751e-05,0.200000002461733,1.94556948627151,-1.52869372796516,2.04799999999995,6.80414497805519,0.228787715065575,0.532669211151424,0.545000000012509,0.0301949849309578,-6.45295764623714,1.68304475367309,1.23927735460133,0.0035182
7.76,1.97189213425373,-1.50639433211525,2.05199999803663,6.81654287855291,1.83184908590622,-2.82747020815071e-05,0.200000002466236,1.97734751857156,-1.51020088466522,2.05199999999995,6.81632400372635,0.224360129023503,0.535362727981323,0.54500000003728,0.0305408686922473,-6.37471549806265,1.62241839871028,1.23292689466859,0.003507
7.78,2.00324559098181,-1.48762209731007,2.05599999808609,6.82885220122041,1.82255129850279,-3.42705095089496e-05,0.200000002479657,2.00873802242737,-1.49141549001405,2.05599999999995,6.82862656138376,0.220063133670722,0.53810772363159,0.545000000061094,0.0308936719103644,-6.29521144170487,1.5625371024217,1.22657730737976,0.0035565
7.8,2.03420543633867,-1.46856140172948,2.05999999813591,6.84128813299274,1.813174928344,-4.01503686048733e-05,0.200000002501651,2.03973484539726,-1.47234122586542,2.05999999999995,6.84105565525524,0.215901727403288,0.540903536140879,0.545000000083548,0.0312533265267103,-6.21446109894462,1.50341247711795,1.22022842711703,0.0037213
7.82,2.06476560109287,-1.44921598653273,2.06399999818624,6.85385367928316,1.80372615381311,-4.59034039311444e-05,0.200000002531728,2.07033191220067,-1.45298183069059,2.06399999999995,6.85361429548864,0.211880953065527,0.543749422600333,0.545000000104321,0.0316197477016481,-6.13248033588087,1.44505598659462,1.2138800946766,0.0034762
7.84,2.09492009445229,-1.42958964883833,2.06799999823725,6.86655184716643,1.79421129265881,-5.15181481209737e-05,0.200000002569284,2.10052322590898,-1.43334109884566,2.06799999999995,6.86630549443192,0.208005894622016,0.546644553783142,0.545000000123155,0.0319928324816451,-6.049285259817,1.38747894387931,1.20753215744606,0.0037631
7.86,2.1246630052448,-1.40968624098173,2.07199999828908,6.87938564124694,1.78463680226065,-5.69825341044422e-05,0.20000000261362,2.13030286912093,-1.41342287982794,2.07199999999995,6.87913226253279,0.204281673353232,0.549588008593246,0.545000000139784,0.032372458414521,-5.96489221609962,1.33069250900804,1.20118446959301,0.0037751
7.88,2.1539885030839,-1.38950966976198,2.07599999834185,6.89235805912503,1.7750092797413,-6.22838895741549e-05,0.200000002663942,2.15966500512252,-1.39323107752156,2.07599999999995,6.89209760383678,0.200713443537314,0.552578768342781,0.545000000153962,0.0327584821162853,-5.87931778491035,1.27470768683161,1.19483689226897,0.0039606
7.9,2.1828908395191,-1.36906389567756,2.07999999839569,6.90547208644002,1.76533546190687,-6.7408934038198e-05,0.200000002719368,2.18860387903101,-1.37276964943231,2.07999999999995,6.90520451106192,0.197306387578801,0.555615710871372,0.545000000165435,0.0331507377940894,-5.79257877801137,1.21953532485231,1.18848929382848,0.0038124
7.92,2.21136434917089,-1.34835293215125,2.08399999845067,6.9187306914689,1.75562222499471,-7.23437788120708e-05,0.200000002778925,2.21711381892297,-1.35204260591211,2.08399999999995,6.9184559602288,0.194065710543962,0.558697604522679,0.545000000174005,0.033549035730928,-5.70469223544521,1.16518611109139,1.18214155006696,0.0037793
7.94,2.23940345085012,-1.3273808447445,2.08799999850688,6.93213681925958,1.7458765842073,-7.70739303333064e-05,0.200000002841567,2.24518923694602,-1.33105400937301,2.08799999999995,6.93185490482453,0.190996634060097,0.561823101989585,0.545000000179058,0.0339531607375592,-5.61567542218948,1.11167057198779,1.17579354448422,0.0038275
7.96,2.26700264866152,-1.30615175036107,2.09199999856435,6.94569338527842,1.73610569300874,-8.15842974669792e-05,0.200000002906028,2.27282463041413,-1.30980797349107,2.09199999999995,6.94540426948009,0.188104389539988,0.564990734071281,0.545000000180179,0.0343628705847964,-5.52554582476714,1.05899907032847,1.16944516856088,0.0037282
7.98,2.29415653309116,-1.28466981644016,2.09599999862312,6.95940326855227,1.7263168421594,-8.58592027045899e-05,0.200000002970892,2.30001458288618,-1.28830866240013,2.09599999999995,6.95910694314075,0.185394210685111,0.568198903345052,0.5450000001769,0.0347778944191236,-5.43432114781293,1.00718180321082,1.16309632206759,0.0036573
8,2.32085978207774,-1.26293926013922,2.09999999868318,6.97326930428667,1.71651745846272,-8.98823981626485e-05,0.200000003034576,2.32675376522768,-1.26656028987574,2.09999999999995,6.97296577171099,0.182871325227072,0.571445877796614,0.545000000168663,0.0351979311781365,-5.34201931059663,0.95622880003755,1.15674691339917,0.0035883
8.02,2.34710716206739,-1.24096434750632,2.10399999874447,6.98729427594296,1.70671510319627,-9.36370866837927e-05,0.200000003095295,2.35303693665531,-1.24456711850931,2.10399999999995,6.98698355015604,0.180540945864725,0.574729784442033,0.545000000154848,0.0356226480173791,-5.24865844350382,0.906149920544498,1.15039685993737,0.0035275
8.04,2.37289352905186,-1.21874939264234,2.10799999880694,7.00148090675929,1.69691747019851,-9.71059485119715e-05,0.20000000315104,2.37885894576422,-1.22233345887274,2.10799999999995,7.00116301404451,0.178408260355693,0.578048602982033,0.545000000134795,0.03605167876388,-5.15425688447475,0.8569548528617,1.14404608844577,0.0039797
8.06,2.39821382958983,-1.19629875685304,2.11199999887044,7.01583185070233,1.68713238358065,-0.000100271173996516,0.200000003199566,2.40421473153775,-1.19986366867364,2.11199999999995,7.01550683051858,0.17647842074274,0.581400159642998,0.545000000113792,0.0364846224381461,-5.05883317540206,0.808653111608216,1.13769453542095,0.003787
8.08,2.42306310181115,-1.17361684779097,2.11599999893484,7.03034968284015,1.67736779503276,-0.000103114499129145,0.200000003240531,2.42909932433946,-1.17716215190126,2.11599999999995,7.03001758868077,0.174756531576303,0.584782120697503,0.545000000082165,0.0369210417211741,-4.96240605848791,0.761254036021062,1.13134214778372,0.0037988
8.1,2.44743647640381,-1.15070811858746,2.11999999899995,7.04503688912767,1.66763178068824,-0.000105617260591336,0.200000003270111,2.45350784688726,-1.15423335796341,2.11999999999995,7.04469778938988,0.173247637303596,0.588191986868327,0.545000000039872,0.0373604617265395,-4.86499447256139,0.714766788118667,1.12498888313365,0.0039163
8.12,2.47132917758344,-1.12757706697477,2.1239999990655,7.0598958556023,1.6579325375174,-0.00010776044302325,0.200000003284465,2.4774355152094,-1.13108178081444,2.12399999999994,7.05954983446208,0.171956708589988,0.591627087521474,0.544999999987276,0.0378023686835543,-4.76661754935669,0.669200350899242,1.11863471034868,0.0038246
8.14,2.49473652404507,-1.10422823439839,2.12799999913114,7.0749288569922,1.64827837921241,-0.00010952474024676,0.200000003279884,2.50087763958219,-1.1077119580745,2.12799999999994,7.07457601527764,0.170888627646849,0.595084575288467,0.544999999925003,0.0382462088318662,-4.66729460975297,0.624563526574465,1.11227961014278,0.0037412
8.16,2.51765392989686,-1.0806662051196,2.13199999919647,7.09013804474195,1.63867773152866,-0.000110890623863524,0.200000003252885,2.5238296254493,-1.08412847014027,2.13199999999994,7.0897785007988,0.170048172529125,0.598561421091872,0.544999999854218,0.0386913874710755,-4.56704515997638,0.580864934838871,1.10592357564968,0.0036602
8.18,2.54007690557563,-1.05689560530831,2.135999999261,7.1055254344676,1.62913912704684,-0.000111838419639822,0.200000003200404,2.54628697432226,-1.0603359392872,2.13599999999994,7.1051593250098,0.169440000381527,0.602054409582011,0.544999999772698,0.0391372681907565,-4.4658888877652,0.538113011175328,1.09956661306083,0.0037626
8.2,2.56200105874395,-1.03292110212646,2.13999999932419,7.12109289285924,1.6196711993192,-0.000112348394496045,0.200000003118575,2.56824528466231,-1.03633902876369,2.13999999999994,7.12072037379644,0.169068629598314,0.605560134788737,0.544999999652542,0.0395831722829399,-4.36384565849869,0.496316005196993,1.09320874239231,0.0037532
8.22,2.58342209516856,-1.00874740280201,2.14399999938531,7.13684212405495,1.61028267636248,-0.000112400866999961,0.20000000299349,2.58970025274307,-1.0121424418771,2.14399999999993,7.13646337128959,0.168938421232166,0.60907499883233,0.544999999571466,0.0400283787439077,-4.26093551129041,0.455481979026122,1.08684999735217,0.0036567
8.24,2.60433581957954,-0.984379253693276,2.14799999944364,7.15277465552437,1.60098237347419,-0.000111976249522319,0.200000002839218,2.61064767349416,-0.987750921071979,2.14799999999993,7.15238986570469,0.169053558819593,0.612595206867638,0.544999999520118,0.0404721237962056,-4.15717865504683,0.415618805710104,1.08049042711915,0.0036826
8.26,2.62473813650995,-0.959821439343763,2.15199999949869,7.16889182349821,1.59177918531541,-0.000111055204079516,0.200000002666461,2.6310834413254,-0.963169247000622,2.15199999999993,7.16850121471766,0.169418027662253,0.616116766320475,0.544999999490644,0.0409136015266755,-4.05259546449191,0.376734167675128,1.07413009654708,0.0036639
8.28,2.64462505111617,-0.935078781528261,2.15599999955019,7.18519475799081,1.58268207724472,-0.000109618762181308,0.200000002483092,2.65100355093154,-0.938402237586085,2.15599999999993,7.184798570427,0.1700355930276,0.619635486084639,0.54499999947682,0.0413519645107552,-3.94720647615854,0.338835555217816,1.06776908676529,0.0037293
8.3,2.66399266997845,-0.910156138289913,2.15999999959797,7.20168436748099,1.57370007586776,-0.000107648459835698,0.200000002294748,2.67040409807728,-0.913454747077929,2.15999999999993,7.20128286396102,0.170909777435866,0.623146976809448,0.544999999474421,0.0417863248555216,-3.8410323843475,0.301930265035204,1.06140749580891,0.003662
8.32,2.68283720188128,-0.885058402968512,2.16399999964197,7.21836132331929,1.56484225877305,-0.000105126483198628,0.200000002105539,2.68928128036256,-0.888331665100833,2.16399999999993,7.21795478980003,0.172043837118087,0.626646652409028,0.544999999480373,0.0422157556898707,-3.73409403705485,0.266025398793414,1.05504543941399,0.0036243
8.34,2.70115495857347,-0.859790503220183,2.16799999968221,7.23522604394105,1.55611774342888,-0.000102035821367162,0.200000001918473,2.70763139796775,-0.863037915696258,2.16799999999992,7.23481478989353,0.173440714780957,0.630129645651971,0.544999996999192,0.0426392670315513,-3.62641243186848,0.231127861735364,1.04868313425099,0.0032182
8.36,2.7189423555321,-0.834357400057149,2.17199999970978,7.25227867841666,1.54753567427991,-9.83631994008474e-05,0.200000000838183,2.72545085437882,-0.837578456357368,2.17199999999992,7.25186303766419,0.175103117659376,0.633591209184732,0.544999999233538,0.0430559440501879,-3.51800871183436,0.197244361327479,1.04232054137494,0.003204
8.38,2.73619591264267,-0.808764086806299,2.17599999972378,7.26951909187022,1.53910521315562,-9.40883114049514e-05,0.200000000562256,2.7427361570922,-0.811958277057383,2.17599999999992,7.26909942200114,0.177033310549935,0.637026007277202,0.54499999944148,0.0434646619632251,-3.40890416129315,0.164381405945581,1.03595796608044,0.0031702
8.4,2.75291225488485,-0.783015588091273,2.17999999973302,7.28694684933766,1.53083552145737,-8.92003860237557e-05,0.200000000361189,2.75948391829928,-0.786182399271566,2.17999999999992,7.28652353135737,0.179233247501279,0.640428758559564,0.544999999599474,0.0438644048408751,-3.29912020169084,0.132545303603506,1.02959557483418,0.003149
8.42,2.76908811304562,-0.75711695886303,2.1839999997388,7.30456119913732,1.5227357477466,-8.36869419245658e-05,0.200000000216999,2.77569085555027,-0.760255874993018,2.18399999999992,7.30413463807667,0.181704465599831,0.643793902674432,0.544999998238111,0.0442540711533935,-3.18867838736021,0.101742160720106,1.02323360656441,0.0031798
8.44,2.78472032437777,-0.731073283382514,2.1879999997368,7.32236105824582,1.5148150112518,-7.7539475325166e-05,0.19999999958272,2.79135379239753,-0.7341837857425,2.18799999999992,7.32193168308748,0.184448128004837,0.647116163326308,0.545000001439792,0.0446326098154423,-3.0776004012755,0.0719778809266947,1.01687215864608,0.0031842
8.46,2.79980583312042,-0.704889674120041,2.19199999973363,7.34034499837084,1.5070823873661,-7.07362525590804e-05,0.200000000101045,2.80646965901799,-0.707971241572444,2.19199999999991,7.33991326111092,0.187464933988168,0.650389048190887,0.545000000974759,0.0449988668609238,-2.96590805078234,0.0432581639159188,1.01051166824277,0.0036678
8.48,2.81434169122987,-0.678571270775321,2.19599999973916,7.35851123218742,1.49954688943701,-6.32877319628662e-05,0.200000000451958,2.82103549281471,-0.681623380065382,2.19599999999991,7.35807760654036,0.190755049505888,0.653607151345306,0.54500000062728,0.04535168172495,-2.85362326330609,0.0155885043345178,1.00415232602497,0.003576
8.5,2.82832505901715,-0.652123239287548,2.19999999975046,7.37685759860515,1.49221744804901,-5.51831763698975e-05,0.200000000677779,2.83504843899737,-0.655145365326958,2.19999999999991,7.37642258015877,0.194318231326782,0.656764298142791,0.54500000037218,0.0456899807598908,-2.74076808202737,-0.0110258092876374,0.997794422992739,0.0036168
8.52,2.84175320556421,-0.625550770716432,2.20399999976536,7.39538155116705,1.48510289567906,-4.64191937181465e-05,0.200000000811764,2.84850575114165,-0.628542386973742,2.20399999999991,7.39494565686679,0.198153691477411,0.659854356621556,0.54500000018673,0.0460126281589074,-2.62736466154113,-0.0365796955640366,0.991438269220276,0.0035884
8.54,2.85462350931618,-0.598859080206845,2.20799999978226,7.41408014802304,1.47821194587281,-3.6995439021349e-05,0.200000000878987,2.86140479172725,-0.601819659116041,2.20799999999991,7.41364391460068,0.202260103940542,0.66287112083476,0.545000000052208,0.0463185105591347,-2.51343526349351,-0.0610682812357872,0.985084193647337,0.0036854
8.56,2.86693345859417,-0.572053405929795,2.21199999980003,7.43295004204829,1.47155317293905,-2.69142374878443e-05,0.200000000897782,2.8737430326547,-0.574982419335895,2.2119999999999,7.43251402462224,0.206635584482429,0.665808334087547,0.544999999953752,0.0466065356202284,-2.39900225219703,-0.0844869021138555,0.97873254342769,0.0036343
8.58,2.87868065208376,-0.545139008018551,2.21599999981782,7.4519874728197,1.46513499104035,-1.61806242215137e-05,0.200000000881132,2.88551805574053,-0.548035927660471,2.2159999999999,7.45155224336442,0.211277671661113,0.668659709077642,0.544999999686079,0.0468756378158994,-2.28408809022562,-0.106831103978851,0.97238368373303,0.0036522
8.6,2.88986279930059,-0.518121167501072,2.21999999983431,7.47118826036864,1.45896563272765,-4.80260915648331e-06,0.200000000768121,2.89672755319097,-0.520985465531057,2.2199999999999,7.47075440601453,0.216183312715619,0.671418973249344,0.544999999654431,0.0471247886016575,-2.16871533399073,-0.128096643438175,0.966037994680013,0.0035677
8.62,2.90047772102701,-0.49100518522623,2.22399999984843,7.4905478008794,1.45305312712457,7.20932599358519e-06,0.200000000643716,2.90736932805402,-0.493836334767848,2.2239999999999,7.49011592201258,0.221348846906529,0.674079869458404,0.544999999629094,0.0473530006893709,-2.05290662929924,-0.148279488740361,0.959695873417398,0.0037534
8.64,2.91052334972264,-0.46379638078621,2.22799999985997,7.51006106445148,1.44740527765993,1.98416293643379e-05,0.20000000051019,2.91744129464967,-0.466593856530738,2.2279999999999,7.50963177263481,0.226769996265957,0.67663620031328,0.544999999494818,0.0475593396853957,-1.93668470689453,-0.167375820546359,0.953357731453162,0.003653
8.66,2.9199977299131,-0.436500091438059,2.23199999986836,7.52972259506787,1.44202963964495,3.30777745986434e-05,0.200000000328324,2.92694147897836,-0.439263370276321,2.2319999999999,7.52929651082129,0.232441890172754,0.679082053613356,0.545000000223649,0.0477429655727226,-1.82007237798151,-0.185382032657702,0.947023991379366,0.0035414
8.68,2.92889901847771,-0.409121670984305,2.23599999987573,7.54952651369232,1.43693349912325,4.6905433166963e-05,0.200000000408838,2.93586801910756,-0.411850232711294,2.23599999999989,7.54910426339233,0.238358939067486,0.681411122655909,0.545000000119586,0.0479029885071867,-1.70309252973768,-0.20229473270098,0.940695092901453,0.0036288
8.7,2.9372254850298,-0.381666488718153,2.23999999988433,7.5694665219621,1.43212384676156,6.12966178422336e-05,0.200000000451889,2.94421916553628,-0.384359816742491,2.23999999999989,7.56904873578002,0.244515007092841,0.683617710775366,0.545000000045343,0.0480387457040123,-1.58576812081253,-0.218110742767876,0.934371481972885,0.0035531
8.72,2.94497551229334,-0.354139928374553,2.24399999989354,7.58953590937123,1.42760735889503,7.62273763670698e-05,0.200000000468212,2.95199328153762,-0.356797510423736,2.24399999999989,7.5891232193802,0.250903305698714,0.685696168923291,0.544999999993581,0.0481495789766936,-1.46812217680946,-0.232827100014445,0.928053615683982,0.0034742
8.74,2.95214759633378,-0.326547387016159,2.24799999990288,7.60972756458571,1.42339037462054,9.16703604788549e-05,0.200000000465901,2.95918884347918,-0.329168715899722,2.24799999999989,7.60932060160516,0.257516427003659,0.687641065993346,0.544999999958642,0.0482349319703865,-1.35017778575697,-0.246441057216316,0.921741959737536,0.0034907
8.76,2.95874034681482,-0.29889427394829,2.25199999991204,7.63003398796469,1.4194788743875,0.000107595407287629,0.200000000451012,2.96580444112123,-0.30147884834714,2.25199999999989,7.6296333786893,0.264346355296691,0.689447222226122,0.544999999936172,0.0482943473579461,-1.23195809356979,-0.258950083280092,0.915436987363279,0.0035466
8.78,2.96475248722986,-0.271186009634619,2.25599999992084,7.65044730713247,1.41587845926586,0.000123969722899865,0.200000000428034,2.97183877789278,-0.273733334913253,2.25599999999989,7.65005367126947,0.271384482781214,0.691109742044403,0.544999999922845,0.048327470825841,-1.11348629950024,-0.270351863711366,0.9091391783561,0.0036323
8.8,2.97018285510825,-0.243428024613994,2.25999999992912,7.67095929533839,1.41259433105079,0.000140758027602059,0.200000000400258,2.97729067114526,-0.245937613652121,2.25999999999988,7.67057324272854,0.278621629670727,0.69262404613848,0.544999999916119,0.0483340554887134,-0.994785651580806,-0.280644301039394,0.902849018243119,0.0034832
8.82,2.97503040219629,-0.215625758418817,2.26399999993682,7.69156139251689,1.40963127336992,0.000157922724545626,0.200000000370061,2.98215905238395,-0.218097132458702,2.26399999999988,7.6911835202558,0.286048068296545,0.69398590243496,0.544999999914066,0.0483139652448353,-0.875879442059049,-0.289825515198452,0.896566997595915,0.0035204
8.84,2.9792941946129,-0.187784658495443,2.26799999994391,7.71224472895461,1.4069936339446,0.000175424110141689,0.200000000339125,2.986442967477,-0.190217348001026,2.26799999999988,7.71187561854175,0.29365355173444,0.695191455251921,0.54499999991523,0.0482671775409836,-0.756791002825682,-0.297893843865988,0.890293611498183,0.003468
8.86,2.98297341298015,-0.159910179127049,2.27199999995039,7.73300015144548,1.40468530817498,0.000193220615761768,0.200000000308607,2.99014157684206,-0.162303724650648,2.27199999999988,7.73264036598845,0.301427346248046,0.696237252696069,0.544999999918501,0.0481937846128521,-0.637543700836988,-0.304847842757622,0.884029359175753,0.0037166
8.88,2.98606735252852,-0.132007780359366,2.27599999995627,7.75381825178115,1.40270972418959,0.000211269084874237,0.200000000279268,2.99325415561052,-0.134361733411607,2.27599999999988,7.75346833328,0.309358267599896,0.697120271604074,0.544999999923068,0.0480939936782396,-0.51816093353251,-0.310686285879127,0.877774743789019,0.003811
8.9,2.988575423177,-0.104082926929707,2.27999999996158,7.77468939738441,1.40106982950008,0.00022952508198163,0.200000000251572,2.99578009376921,-0.106396850848088,2.27999999999988,7.77434986412281,0.317434720914151,0.697837939729796,0.544999999928337,0.0479681259012362,-0.39866612424902,-0.315408165735494,0.87153027237994,0.0036149
8.92,2.99049714958818,-0.0761410871997091,2.28399999996635,7.79560376386351,1.39976807938792,0.00024794322668222,0.200000000225774,2.99771889627969,-0.0784145580109958,2.28399999999987,7.79527510793191,0.325644743757576,0.698388154790501,0.544999999933871,0.0478166141304496,-0.279082717631798,-0.319012693497241,0.865296455960053,0.0035125
8.94,2.99183217119867,-0.0481877320922104,2.28799999997063,7.81655136923434,1.39880642713508,0.000266477543275615,0.200000000201967,2.99907018317499,-0.0504203393636635,2.28799999999987,7.81623405420889,0.333976052081029,0.698769300193381,0.544999999939376,0.0476399994643646,-0.159434175044196,-0.321499299124108,0.85907380971937,0.0035389
8.96,2.99258024222509,-0.0202283340326378,2.29199999997445,7.83752210953116,1.39818631619488,0.000285081819696817,0.200000000180143,2.99983368963385,-0.0224196817068932,2.29199999999987,7.83721656832997,0.342416088575132,0.698980257113862,0.544999999944659,0.0474389266571383,-0.0397439699764813,-0.322867631446316,0.852862853331586,0.0036611
8.98,2.99274123164626,0.00773163410476226,2.29599999997785,7.8585057955036,1.39790867438026,0.000303709965167347,0.20000000016022,3.00000926603244,0.00558192689645338,2.29599999999987,7.85821242843959,0.350952201949235,0.699021335966115,0.544999999939826,0.0472142743890248,0.0799644165450929,-0.323117558203577,0.846664110994274,0.0043621
9,2.99231512277488,0.0356867000923752,2.29999999998084,7.87949219299916,1.39797391563668,0.000322350849875026,0.200000000138557,2.9995968779735,0.0335789981971059,2.29999999999987,7.87921136312674,0.3595711831725,0.698890759306255,0.544999999947903,0.0469665152332635,0.19966750054286,-0.322249166041423,0.840478116148912,0.0038182
9.02,2.99130201351214,0.0636313933304296,2.30399999998342,7.9004710556399,1.39838192257878,0.000340926998728442,0.200000000119802,2.99859660629295,0.0615660448350685,2.30399999999987,7.90020308954796,0.368260088234672,0.698589683818557,0.544999999954907,0.0466968677933154,0.319341799658988,-0.32026276046471,0.834305400030362,0.0038545
9.04,2.98970211665124,0.0915602458388804,2.30799999998566,7.9214321619765,1.39913206210934,0.000359397996086373,0.200000000103569,2.99700864704405,0.0895375814151237,2.30799999999986,7.92117735165366,0.377005781883539,0.698119020752914,0.54499999996098,0.0464062627628815,0.438963837751953,-0.317158865753688,0.828146502704219,0.0038279
9.06,2.98751575945959,0.119467793342792,2.31199999998759,7.94236535842082,1.40022318329036,0.000377721712731602,0.200000000089521,2.99483331145883,0.117488125581947,2.31199999999986,7.9421239581725,0.385795116529275,0.697480180561282,0.54499999996624,0.0460957499539519,0.558510149481815,-0.312938224837138,0.822001970720294,0.0039428
9.08,2.98474338355809,0.147348576300542,2.31599999998925,7.96326059467038,1.40165362203119,0.000395856934685174,0.200000000077368,2.99207102588722,0.145412199094625,2.31599999999986,7.96303282001271,0.394614984676897,0.696675063341176,0.5449999999708,0.0457664453883438,0.677957284886838,-0.307601799123582,0.815872357151468,0.0037663
9.1,2.98138554478145,0.175197140926979,2.3199999999907,7.98410795965836,1.40342120785266,0.000413763994466647,0.200000000066856,2.98872233171344,0.173304328900361,2.31999999999986,7.98389398674908,0.403452370122832,0.695706044794324,0.544999999974745,0.0454195143331698,0.797281813954896,-0.301150768291476,0.809758221691557,0.0040184
9.12,2.97744291301948,0.20300804021196,2.32399999999194,8.00489771651556,1.40552327263587,0.000431405049606702,0.200000000057765,2.98478788525008,0.201159048207168,2.32399999999986,8.00469768187936,0.412294249290104,0.694573591726607,0.54499999998059,0.0450559756980283,0.916460331188918,-0.29358653003856,0.803660131051314,0.0034697
9.14,2.97291627302842,0.230775835032227,2.32799999999303,8.02562033208499,1.40795665438095,0.000448650900572849,0.200000000050777,2.98026845760956,0.228970897555329,2.32799999999986,8.02543433655438,0.421128243566462,0.69328566746718,0.544999999980515,0.0446775601283016,1.03546946017879,-0.284910699789285,0.797578648887568,0.0034433
9.16,2.96780652325049,0.258495095100288,2.33199999999397,8.04626651587396,1.41071772899997,0.000465566976623989,0.200000000043762,2.97516493455318,0.256734425887425,2.33199999999985,8.04609462151078,0.429941741966382,0.691843664199982,0.544999999980791,0.044285096862409,1.15428585819218,-0.275125110358518,0.791514366327187,0.0034492
9.18,2.96211467460426,0.286160399859215,2.33599999999478,8.06682725072451,1.41380240657919,0.000482118263451729,0.200000000036847,2.96947831631776,0.284444191616719,2.33599999999985,8.06666947696383,0.438722565417569,0.69025165319845,0.544999999981308,0.0438799349742157,1.27288622067826,-0.26423181158183,0.785467870442295,0.0037553
9.2,2.95584185121886,0.313766339557835,2.33999999999545,8.08729381300446,1.41720615234598,0.000498276267057302,0.200000000030118,2.96320971741983,0.31209476369368,2.33999999999985,8.08715014024981,0.447458849040416,0.688514067331012,0.544999999982014,0.0434633494144436,1.39124728578795,-0.252233069904275,0.779439752879906,0.0035149
9.22,2.94898929018652,0.341307516247759,2.34399999999599,8.10765780008398,1.42092400375047,0.000514015709228202,0.200000000023642,2.9563603664375,0.339680722670452,2.34399999999985,8.10752817104144,0.45613907730115,0.686635667300834,0.54499999998285,0.0430365942531329,1.50934583889745,-0.239131367928212,0.7734306093053,0.0034443
9.24,2.94155834129817,0.36877854477791,2.3479999999964,8.12791115320919,1.42495058874268,0.000529313929655007,0.200000000017469,2.94893160576997,0.367196661763049,2.34799999999985,8.12779547399563,0.464752115868494,0.684621512363996,0.544999999983791,0.0426009055105967,1.62715871712156,-0.224929403921293,0.767441038439159,0.0033926
9.26,2.93355046676274,0.396174053786623,2.35199999999669,8.14804617737753,1.4292801451296,0.000544150834992831,0.200000000011633,2.94092489137474,0.394637187911074,2.35199999999984,8.14794431872925,0.47328723946787,0.682476925493712,0.544999999984781,0.0421574953670947,1.74466281381599,-0.209630091284723,0.761471640925453,0.0034284
9.28,2.92496724091042,0.423488686691666,2.35599999999687,8.1680555584348,1.43390654084563,0.000558508801164713,0.200000000006154,2.93234179248264,0.421996922834753,2.35599999999984,8.16796735705513,0.481734156083828,0.680207462105304,0.544999999985792,0.0417075461239607,1.8618350830683,-0.193236557981876,0.7555230180609,0.0037611
9.3,2.91581034988009,0.450717102678552,2.35999999999694,8.18793237740817,1.43882329498127,0.000572372642295896,0.200000000001039,2.92318399129065,0.449270504089078,2.35999999999984,8.18785763744616,0.490083027310981,0.677818881205131,0.544999999986904,0.041252204678547,1.97865254417646,-0.175752145927351,0.749595770430862,0.0036462
9.32,2.90608159128838,0.477853977686714,2.36399999999691,8.20767012209405,1.44402359941082,0.000585729736931656,0.199999999996325,2.91345328263252,0.47645258611485,2.36399999999984,8.20760861672955,0.498324484365038,0.675317103167153,0.544999999988099,0.040792576769485,2.0950922861147,-0.157180410336521,0.743690496488909,0.0034518
9.34,2.89578287388215,0.504894005394194,2.3679999999968,8.22726269592386,1.44950034083733,0.000598569766169962,0.199999999992041,2.90315157362746,0.503537841286419,2.36799999999984,8.22721416904563,0.506449640800073,0.672708177971629,0.54499999998916,0.0403297231293591,2.21113147198571,-0.137525119035693,0.737807791040534,0.0034568
9.36,2.88491621717738,0.53183189820215,2.3719999999966,8.24670442416431,1.45524612311594,0.000610884499806259,0.199999999988138,2.89228088330669,0.530520960955917,2.37199999999984,8.24666859213498,0.514450101625225,0.669998258002714,0.544999999989849,0.0398646564409722,2.32674734345865,-0.116790251732865,0.731948243703085,0.0036037
9.38,2.87348375108174,0.5586623882188,2.37599999999632,8.26599005756074,1.46125328971149,0.000622667767458791,0.199999999984484,2.88084334221816,0.557396656493769,2.37599999999983,8.26596661104471,0.522317946799676,0.667195935112826,0.545000000028376,0.0393984701480237,2.44191722519244,-0.0949799992491231,0.726112437156692,0.003967
9.4,2.8614877145958,0.585380227831037,2.37999999999612,8.28511477637011,1.46751394618991,0.00063401033902839,0.199999999994699,2.86884119200933,0.584159660325298,2.37999999999983,8.285103379368,0.53004578009275,0.664302494313684,0.545000000019737,0.0389317133224768,2.55661852923152,-0.0720987627161664,0.720300955700224,0.0037925
9.42,2.8489304564207,0.611980191105462,2.38399999999608,8.30407418399589,1.47401998237324,0.000644799357432003,0.200000000001804,2.85627678498821,0.610804726963196,2.38399999999983,8.30407447815107,0.537626710412245,0.661326831256935,0.545000000013281,0.0384655466333109,2.67082875936302,-0.0481511527454953,0.714514351207204,0.0037636
9.44,2.83581443541454,0.638457075189172,2.38799999999617,8.32286430305576,1.48076309388675,0.000655038732960357,0.200000000006585,2.84315258366271,0.637326634035674,2.38799999999983,8.32287591261846,0.545054329226091,0.658275211997899,0.545000000008501,0.038000703014157,2.78452551553348,-0.0231419885247482,0.708753176239436,0.003898
9.46,2.82214221912522,0.66480570085777,2.39199999999633,8.341481575342,1.48773480439027,0.000664731096111849,0.200000000009646,2.82947116025833,0.663720183310089,2.39199999999983,8.34150410688035,0.552322715213751,0.655153860372856,0.545000000005005,0.0375379149171411,2.89768649821913,0.00292370311363514,0.70301797133594,0.0038514
9.48,2.80791648331888,0.691020913491486,2.39599999999654,8.35992285288942,1.49492648670407,0.000673880255339429,0.200000000011447,2.81523519621439,0.689980201711839,2.39599999999983,8.35995589679541,0.559426425515709,0.651968935719888,0.545000000002476,0.0370778689940163,3.01028951276407,0.030040688657081,0.697309263604993,0.0038142
9.5,2.79314001149087,0.717097584049975,2.39999999999678,8.37818538889961,1.50232938339353,0.000682491488112773,0.200000000012339,2.80044748165878,0.716101542338328,2.39999999999982,8.37822852116881,0.566360484837093,0.648726511591959,0.545000000000687,0.0366211991901628,3.12231247369929,0.0582035289165663,0.69162756553287,0.0039791
9.52,2.77781569435838,0.743030610045783,2.40399999999703,8.39626682744542,1.50993462671211,0.000690571467494664,0.200000000012587,2.78511091486146,0.742079085467808,2.40399999999982,8.3963196114685,0.573120372731689,0.645432556297196,0.544999999999446,0.0361684866767787,3.23373340904174,0.0874065800692696,0.68597337391946,0.0046905
9.54,2.76194652933452,0.768814916516378,2.40799999999728,8.41416519192671,1.51773325783316,0.000698128129616597,0.200000000012387,2.76922850166664,0.767907739562891,2.40799999999982,8.41422718024288,0.579702009341051,0.642092915402745,0.544999999998619,0.03572026116444,3.34453046457278,0.117643994740132,0.680347168930734,0.0043702
9.56,2.74553561998353,0.794445456994597,2.41199999999752,8.43187887242306,1.52571624531611,0.000705170533080122,0.20000000001189,2.75280335490397,0.793582442268537,2.41199999999982,8.43194960842125,0.586101739839214,0.638713296235714,0.54499999999809,0.0352770026645623,3.45468190809513,0.148909723122267,0.674749413269306,0.0040901
9.58,2.72858617545706,0.819917214477319,2.41599999999775,8.44940661211361,1.53387450276335,0.000711708720408745,0.200000000011202,2.73583869377865,0.819098161404325,2.41599999999982,8.44948563167382,0.592316317833249,0.635299254325771,0.544999999997789,0.034839143499212,3.56416613366777,0.181197514136158,0.669180551466033,0.0044044
9.6,2.71110150991105,0.845225202392138,2.41999999999797,8.4667474929324,1.54219890563466,0.000717753583484639,0.200000000010406,2.71833784324073,0.84444989595081,2.41999999999982,8.46683432600184,0.598342887963833,0.631856181732304,0.544999999997645,0.0344070704858917,3.67296166581779,0.214500916627557,0.663641009291168,0.0040966
9.62,2.69308504190318,0.87036446556182,2.42399999999817,8.48390092062085,1.55068030719629,0.000723316733385025,0.200000000009559,2.7003042333336,0.869632677029763,2.42399999999981,8.48399509272044,0.604178967901703,0.628389297236617,0.54499999999762,0.0339811272533552,3.78104716372859,0.248813280604009,0.658131193284603,0.0039267
9.64,2.67454029377075,0.895330081166261,2.42799999999835,8.50086660932958,1.5593095535896,0.000728410376569539,0.200000000008702,2.68174139852193,0.89464156887812,2.42799999999981,8.50096764298779,0.609822429956826,0.624903638279335,0.54499999999767,0.0335616166401604,3.88840142540358,0.284127758509911,0.652651490401297,0.0038852
9.66,2.65547089098859,0.920117159701679,2.43199999999851,8.51764456591248,1.56807749801326,0.000733047197480509,0.200000000007863,2.66265297699907,0.919471669815432,2.43199999999981,8.51775198202398,0.615271482478364,0.621404054565712,0.544999999997771,0.0331488031420777,3.99500339180458,0.320437306539988,0.647202267768094,0.0043931
9.68,2.63588056150707,0.944720845936725,2.43599999999866,8.53423507404429,1.57697501401984,0.000737240248124615,0.200000000007061,2.64304270997411,0.944118113204634,2.43599999999981,8.534348393152,0.620524651211788,0.617895203237109,0.544999999997901,0.0327429153753133,4.10083215096416,0.357734685991079,0.641783872545808,0.004536
9.7,2.61577313506993,0.969136319865208,2.4399999999988,8.55063867828252,1.58599300793447,0.000741002844973215,0.200000000006305,2.62291444093872,0.96857606840594,2.43999999999981,8.55075742178229,0.625580760763867,0.614381545500352,0.544999999998054,0.0323441485269247,4.20586694207106,0.396012464652098,0.636396631891142,0.0053391
9.72,2.59515254251192,0.993358797655083,2.44399999999892,8.56685616818274,1.59512243040904,0.00074434847332773,0.200000000005605,2.60227211491398,0.992840741723681,2.4439999999998,8.56697985945049,0.630438916303773,0.61086734460689,0.544999999998214,0.0319526667692711,4.31008715952799,0.435263018232039,0.631040853011655,0.0049092
9.74,2.57402281503601,1.01738353259339,2.44799999999902,8.58288856256487,1.60435428713049,0.000747290699287432,0.200000000004962,2.58111977767719,1.0169073773459,2.4479999999998,8.58301672800676,0.635098485614275,0.607356665068493,0.544999999998377,0.0315686056181301,4.41347235698083,0.47547853182585,0.625716823305623,0.0044139
9.76,2.55238808347024,1.04120581602674,2.45199999999911,8.59873709401692,1.61367964870577,0.000749843089321533,0.200000000004377,2.55946157496901,1.04077125827651,2.4519999999998,8.59886926404352,0.639559081589728,0.603853372996972,0.544999999998533,0.0311920742187506,4.51600225131861,0.51665100141802,0.620424810581559,0.0039865
9.78,2.53025257750408,1.06482097829708,2.4559999999992,8.61440319371174,1.62308965975007,0.000752019137369371,0.200000000003849,2.53730175168093,1.06442770725986,2.4559999999998,8.61453890363763,0.643820545262982,0.600361137455633,0.544999999998679,0.0308231575460357,4.61765672664327,0.5587722354237,0.615165063347903,0.0043134
9.8,2.50762062490427,1.08822438967225,2.45999999999927,8.62988847660164,1.63257554720758,0.000753832199301615,0.200000000003373,2.51464465102333,1.08787208769746,2.4599999999998,8.63002726747232,0.647882929426074,0.596883432714516,0.544999999998819,0.0304619185102728,4.71841583820853,0.60183385626714,0.609937811167496,0.0038342
9.82,2.48449665071017,1.11141146127109,2.46399999999933,8.64519472704595,1.64212862793638,0.000755295434564536,0.200000000002948,2.4914947136742,1.11109980455681,2.4639999999998,8.64533614639409,0.651746482897694,0.593423541303375,0.544999999998951,0.0301083999604593,4.81825981632697,0.645827301997246,0.604743265068095,0.0039351
9.84,2.46088517640853,1.13437764598262,2.46799999999939,8.66032388491703,1.65174031559093,0.000756421754749557,0.20000000000257,2.46785647690881,1.13410630527201,2.46799999999979,8.66046748745051,0.655411635481163,0.58998455776096,0.544999999999069,0.0297626265811644,4.91716907024443,0.690743827940027,0.599581618003883,0.0037803
9.86,2.4367908190879,1.15711843937899,2.47199999999944,8.67527803222155,1.66140212683682,0.000757223778774162,0.200000000002235,2.44373457371041,1.15688708063604,2.47199999999979,8.67542338044587,0.658878983636567,0.58656939298551,0.544999999999178,0.0294246066793936,5.01512419198114,0.736574508387679,0.594453045359729,0.0042177
9.88,2.41221829057253,1.17962938062188,2.47599999999948,8.69005938026589,1.67110568693317,0.000757713794376957,0.200000000001939,2.41913373186212,1.17943766568461,2.47599999999979,8.69020604504361,0.662149276890013,0.583180779095325,0.544999999999273,0.0290943338615188,5.1121059601385,0.783310238324064,0.589357705492949,0.0038052
9.9,2.38717239653593,1.20190605336177,2.47999999999951,8.70467025738682,1.68084273471856,0.000757903725582044,0.200000000001678,2.39405877302029,1.20175364057127,2.47999999999979,8.70481781843693,0.665223404988839,0.579821274715304,0.544999999999359,0.0287717886003806,5.20809534367086,0.8309417351863,0.584295740307178,0.0039793
9.92,2.36165803559423,1.22394408663008,2.48399999999954,8.71911309726242,1.69060512703626,0.000757805105776479,0.200000000001447,2.36851461176941,1.22383063143366,2.48399999999979,8.71926114360252,0.668102385803132,0.576493270611008,0.544999999999436,0.028456939694276,5.30307350562139,0.879459540662177,0.579267275851183,0.0038794
9.94,2.33568019837935,1.24573915572341,2.48799999999957,8.73339042781169,1.70038484263425,0.000757429056040858,0.200000000001244,2.34250625465884,1.24566431125082,2.48799999999979,8.73353855814588,0.670787353980326,0.573198995597348,0.544999999999499,0.0281497456212105,5.39702180682136,0.928854022523111,0.574272422940065,0.0040235
9.96,2.30924396659215,1.26728698307988,2.49199999999959,8.74750486068634,1.71017398557537,0.000756786268324198,0.200000000001063,2.31603879922143,1.26725040069122,2.49199999999978,8.74765268374184,0.673279550319433,0.569940522657892,0.544999999999559,0.0278501557906245,5.48992180955191,0.979115376492304,0.569311277791598,0.003917
9.98,2.2823545120358,1.28858333914705,2.49599999999961,8.76145908135341,1.71996478819125,0.000755886993154374,0.200000000000904,2.28911743297441,1.28858466895152,2.49599999999978,8.7616062161687,0.675580311872018,0.566719775212909,0.544999999999608,0.0275581116984326,5.58175528116747,1.03023362814779,0.564383922675427,0.003969
10,2.25501709562932,1.30962404324104,2.49999999999963,8.77525583976326,1.72974961361359,0.000754741031495065,0.200000000000763,2.26174743240255,1.30966293458578,2.49999999999978,8.77540191593078,0.677691062739932,0.563538533483174,0.54499999999966,0.0272735479886528,5.67250419768026,1.08219863486002,0.559490426569947,0.0043357
10.02,2.22723706640173,1.33040496439675,2.50399999999964,8.78889794159412,1.7395209579148,0.000753357730391278,0.200000000000641,2.2339341619239,1.33048106632497,2.50399999999978,8.78904259946021,0.679613305544835,0.560398440901486,0.544999999999693,0.0269963934269429,5.76215074730484,1.13500008776366,0.55463084582405,0.0041196
10.04,2.19901986046677,1.35092202220855,2.50799999999966,8.80238824006112,1.74927145188869,0.00075174598207845,0.20000000000053,2.20568307283833,1.35103498388668,2.50799999999978,8.8025311308861,0.68134861356334,0.55730101052781,0.544999999999727,0.0267265717912842,5.85067733396209,1.18862751376316,0.549805224820256,0.0040494
10.06,2.17037099997858,1.3711711876614,2.51199999999967,8.81572962827572,1.75899386250134,0.000749914226170856,0.200000000000432,2.17699970225899,1.37132065877482,2.51199999999977,8.81587041435651,0.682898623469157,0.554247631432579,0.544999999999756,0.026464002684066,5.93806658074172,1.2430702775718,0.545013596635341,0.0039394
10.08,2.14129609206844,1.39114848395197,2.51599999999967,8.82892503213877,1.76868109403965,0.00074787045466147,0.200000000000344,2.14788967202699,1.39133411506917,2.51599999999977,8.82906338689692,0.684265028675516,0.551239575013685,0.544999999999785,0.026208602271522,6.02430133332276,1.29831758378378,0.540255983698216,0.0043555
10.1,2.11180082776285,1.41084998729944,2.51999999999968,8.84197740374943,1.77832618898448,0.000745622219419533,0.200000000000266,2.1183586876094,1.4110714302046,2.51999999999977,8.84211301178683,0.68544957324608,0.548278001219171,0.544999999999801,0.0259602839551824,6.10936466335103,1.35435847897893,0.535532398439569,0.0041278
10.12,2.08189098088322,1.43027182774578,2.52399999999968,8.85488971531052,1.78792232863363,0.000743176641885732,0.200000000000195,2.08841253698097,1.43052873573989,2.52399999999977,8.8550222724352,0.686454046342819,0.545363964651545,0.544999999999821,0.0257189589801347,6.19323987177299,1.41118185385964,0.530842843933365,0.0040574
10.14,2.05157240692735,1.44941018994521,2.52799999999969,8.86766495351014,1.79746283349884,0.000740540424685676,0.20000000000013,2.05805708948958,1.44970221811584,2.52799999999977,8.86779416673439,0.687280277177414,0.542498420533523,0.544999999999842,0.0254845369848338,6.27591049212524,1.46877644541961,0.526187314527763,0.004302
10.16,2.02085104193305,1.46826131394258,2.53199999999969,8.88030611435861,1.8069411634987,0.000737719864909788,0.200000000000073,2.02729829470581,1.46858811940273,2.53199999999977,8.88043170187157,0.687930130418993,0.539682230518785,0.544999999999854,0.0252569264968033,6.35736029377893,1.52713083914397,0.52156579646312,0.0044327
10.18,1.98973290132412,1.48682149594031,2.53599999999969,8.89281619845947,1.81635091796796,0.000734720868856508,0.20000000000002,1.99614218125669,1.48718273803681,2.53599999999976,8.89293788957621,0.688405502089578,0.53691616833205,0.544999999999862,0.0250360353794437,6.43757328513831,1.58623347124023,0.516978268476152,0.0042962
10.2,1.958224078739,1.5050870890539,2.53999999999969,8.90519820669326,1.82568583550427,0.000731548967941491,0.199999999999971,1.96459485564412,1.50548242954575,2.53999999999976,8.90531574178223,0.688708315845189,0.534200925230202,0.544999999999883,0.0248217712325227,6.51653371679279,1.64607263089977,0.51242470238871,0.0041747
10.22,1.92633074484235,1.52305450405547,2.54399999999969,8.91745513629249,1.83493979366944,0.000728209335601628,0.199999999999928,1.93266250104783,1.52348360726289,2.54399999999976,8.91756826668315,0.688840519654253,0.531537115274687,0.544999999999895,0.0246140417513403,6.59422608462186,1.70663646258925,0.507905063680228,0.0052065
10.24,1.89405914611988,1.54072021010535,2.54799999999969,8.92958997728674,1.84410680856227,0.000724706804996521,0.199999999999891,1.90035137611349,1.54118274303022,2.54799999999976,8.92969846515911,0.688804082837926,0.528925280409617,0.544999999999903,0.0244127550477645,6.67063513285205,1.76791296837157,0.503419312042636,0.0044044
10.26,1.86141560365671,1.55808073547138,2.55199999999968,8.94160570929698,1.85318103427876,0.000721045887326539,0.199999999999856,1.8676678137259,1.5585763678898,2.55199999999976,8.94170932755458,0.688600993446137,0.526365895341476,0.544999999999909,0.0242178199365031,6.74574585706539,1.82989001025583,0.498967401916234,0.0040155
10.28,1.82840651189961,1.57513266823577,2.55599999999968,8.95350529865872,1.86215676227412,0.000717230790599194,0.199999999999823,1.83461821976771,1.57566107276363,2.55599999999976,8.95360383078649,0.688233255944431,0.523859372218399,0.544999999999914,0.0240291461898143,6.81954350715873,1.89255531257576,0.494549283007626,0.0039946
10.3,1.79503833740342,1.59187265698922,2.55999999999968,8.96529169585403,1.8710284206398,0.000713265438693727,0.199999999999792,1.8012090718638,1.5924335091218,2.55999999999975,8.96538493576261,0.687702889187775,0.521406065108234,0.544999999999921,0.0238466447634583,6.89201359025313,1.95589646439628,0.490164900786532,0.0039082
10.32,1.76131761756187,1.60829741151236,2.56399999999967,8.97696783323338,1.87979057330783,0.000709153490582182,0.199999999999764,1.76744691811163,1.60889038963871,2.56399999999975,8.97705558509088,0.687011924658665,0.519006274276175,0.544999999999943,0.0236702279966593,6.96314187355289,2.01990092194748,0.485814196963237,0.0039298
10.34,1.72725095932332,1.62440370344397,2.56799999999967,8.98853662300838,1.88843791919376,0.000704898359581339,0.199999999999743,1.73333837579772,1.62502848883737,2.56799999999975,8.98861870106112,0.686162404948288,0.516660250263894,0.544999999999956,0.0234998097885431,7.03291438715346,2.08455601108563,0.481497109944874,0.0038824
10.36,1.69284503789154,1.64018836693619,2.57199999999966,9.00000095549798,1.89696529128822,0.00070050323252195,0.199999999999727,1.69889013010064,1.64084464372149,2.57199999999975,9.00007718388107,0.685156382461291,0.514368197773224,0.544999999999972,0.0233353057532839,7.10131742679769,2.14984892978066,0.47721357527078,0.0039636
10.38,1.65810659541201,1.65564829929625,2.57599999999965,9.01136369761069,1.90536765570678,0.00069597108874163,0.199999999999717,1.66410893278067,1.65633575439541,2.57599999999975,9.01143391014959,0.683995918323049,0.512130279357244,0.544999999999978,0.0231766333560596,7.16833755657981,2.21576675062957,0.472963526026472,0.0038343
10.4,1.62304243964402,1.67078046161479,2.57999999999965,9.02262769154663,1.91364011070621,0.000691304718785572,0.199999999999709,1.62900160085637,1.67149878467161,2.57999999999974,9.02269173155067,0.682683081474344,0.509946618924142,0.544999999999985,0.0230237120317661,7.23396161159659,2.28229642339524,0.468746893236459,0.0038161
10.42,1.58765944261881,1.68558187938049,2.58399999999964,9.03379575370388,1.9217778856752,0.000686506742751603,0.199999999999704,1.59357501526846,1.68633076266575,2.58399999999974,9.03385347375265,0.68121994793554,0.507817305058411,0.544999999999995,0.0228764632882796,7.29817670054512,2.34942477757012,0.46456360623531,0.0037677
10.44,1.55196453928428,1.7000496430809,2.58799999999964,9.04487067377437,1.92977634010632,0.000681579628206725,0.199999999999702,1.55783611953108,1.70082878137909,2.58799999999974,9.04492193549766,0.679608600225026,0.505742394164467,0.545000000000002,0.0227348107957118,7.3609702082666,2.41713852496418,0.460413593017279,0.0039287
10.46,1.51596472613646,1.71418090878944,2.59199999999963,9.05585521401524,1.93763096255551,0.00067652570760211,0.199999999999703,1.52179191837082,1.71498999926824,2.59199999999974,9.05589988786752,0.677851126917719,0.503721913438914,0.54500000000001,0.0225986804633342,7.42232979823571,2.4854242623167,0.45629678056489,0.0038779
10.48,1.47966705983814,1.72797289873827,2.59599999999962,9.06675210868262,1.94533736959493,0.000671347195142314,0.199999999999706,1.48544947635378,1.72881164080201,2.59599999999974,9.06679007371258,0.675949622344512,0.501755863676835,0.54500000000001,0.0224680005053782,7.48224341499491,2.55426847393118,0.452213095155624,0.0038126
10.5,1.4430786558249,1.74142290187711,2.59999999999962,9.0775640636153,1.95289130476458,0.000666046203040049,0.19999999999971,1.44881591650085,1.74229099700537,2.59999999999974,9.07759520723116,0.673906186351658,0.49984422191944,0.545000000000016,0.0223427014966476,7.54069928653332,2.62365753433292,0.448162462648476,0.0037973
10.52,1.40620668689913,1.75452827441778,2.60399999999961,9.08829375595655,1.96028863752526,0.000660624757166405,0.199999999999715,1.41189841889163,1.7554254259904,2.60399999999973,9.08831797368783,0.671722924197294,0.497986943948007,0.545000000000018,0.0222227164196853,7.59768592660949,2.69357771094864,0.444144808748765,0.0041005
10.54,1.36905838181209,1.76728644036431,2.6079999999996,9.09894383400326,1.96752536221817,0.000655084812055977,0.199999999999722,1.37470421925705,1.76821235347397,2.60799999999973,9.09896102925945,0.669401946631091,0.496183966629619,0.545000000000016,0.0221079807044971,7.65319213701784,2.76401516680767,0.440160059253021,0.003885
10.56,1.33164102383457,1.77969489202875,2.6119999999996,9.10951691717192,1.97459759703835,0.000649428265141766,0.199999999999727,1.33724060756115,1.78064927328233,2.61199999999973,9.10952700099863,0.66694536994978,0.494435210124112,0.545000000000015,0.0219984322604444,7.70720700979795,2.83495596326392,0.436208140273909,0.0037894
10.58,1.29396194931634,1.7917511905323,2.61599999999959,9.12001559607202,1.98150158302091,0.000643656970260992,0.199999999999733,1.29951492657225,1.79273374784218,2.61599999999973,9.12001848690508,0.66435531609106,0.492740579957236,0.54500000000002,0.0218940115022033,7.7597199293867,2.90638606273835,0.432288978445415,0.0038024
10.6,1.25602854623484,1.80345296629197,2.61999999999959,9.13044243267772,1.98823368304131,0.000637772750485875,0.19999999999974,1.26153457042375,1.8044634086585,2.61999999999973,9.13043805609565,0.661633912884611,0.491099968964299,0.545000000000023,0.0217946613710656,7.81072057471231,2.97829133148108,0.428402501108725,0.0039961
10.62,1.2178482527334,1.81479791949248,2.62399999999958,9.14079996058953,1.99479038083592,0.000631777410205995,0.199999999999748,1.22330698316484,1.81583595677859,2.62399999999973,9.14078824906481,0.658783294331142,0.489513259112491,0.545000000000025,0.0217003273510866,7.86019892123035,3.05065754235273,0.424548636478895,0.0039165
10.64,1.17942855564937,1.82578382054334,2.62799999999957,9.15109068537817,2.00116828004363,0.000625672746461154,0.199999999999757,1.18483965730147,1.82684916324275,2.62799999999972,9.15107157802773,0.655805600934041,0.48798032320711,0.545000000000035,0.0216109574811408,7.90814524290089,3.12347037762426,0.420727313794423,0.0041687
10.66,1.14077698903253,1.83640851052125,2.63199999999957,9.16131708500342,2.00736410327036,0.000619460559524076,0.19999999999977,1.14614013232779,1.83750086952101,2.63199999999972,9.16129052733864,0.652702980077565,0.486501026487697,0.54500000000004,0.0215265023635211,7.95455011410673,3.19671543179496,0.416938463447844,0.0049544
10.68,1.10190113265398,1.84666990159749,2.63599999999956,9.17148161030123,2.01337469117829,0.000613142662740902,0.199999999999784,1.10721599324843,1.84778898793621,2.63599999999972,9.17144755397778,0.649477586444401,0.485075228119585,0.545000000000047,0.0214469151694131,7.99940441151206,3.27037821442764,0.41318201710034,0.0047118
10.7,1.06280861050612,1.8565659774504,2.63999999999955,9.18158668553291,2.01919700160078,0.000606720891634644,0.199999999999801,1.0680748690918,1.85771150207312,2.63999999999972,9.18154508810081,0.646131582476645,0.483702782586362,0.545000000000051,0.0213721516418364,8.04269931586134,3.34444415300076,0.409457907779314,0.004488
10.72,1.02350708929376,1.86609479366295,2.64399999999955,9.19163470899066,2.02482810868472,0.000600197112279763,0.19999999999982,1.02872443141483,1.86726646717362,2.64399999999972,9.19158553364478,0.642667138857809,0.48238354098847,0.545000000000043,0.0213021700962073,8.08442631371804,3.41889859577673,0.405766069960106,0.0043613
10.74,0.984004276916929,1.87525447810513,2.64799999999955,9.20162805365414,2.03026520206071,0.000593573228961833,0.199999999999835,0.989172392799298,1.87645201051782,2.64799999999971,9.20157126898541,0.639086435028458,0.481117352253056,0.54500000000004,0.0212369314191692,8.12457719914279,3.49372681468574,0.402106439633069,0.0042482
10.76,0.944307920945609,1.88404323130145,2.65199999999955,9.21156906789326,2.03550558604217,0.000586851191141797,0.199999999999849,0.949426505340206,1.88526633179109,2.65199999999971,9.21150464764088,0.635391659731558,0.479904064259699,0.545000000000039,0.0211763990657715,8.16314407531071,3.56891400822468,0.398478954355483,0.0040286
10.78,0.904425807086812,1.89245932678314,2.65599999999955,9.22146007621264,2.04054667885422,0.000580032999733141,0.199999999999863,0.909494559126347,1.89370770343687,2.65599999999971,9.22138799901749,0.631585011565016,0.478743524886887,0.545000000000036,0.0211205390553121,8.20011935606759,3.6444453043704,0.39488355328974,0.0039748
10.8,0.86436575764426,1.90050111142533,2.65999999999954,9.23130338003365,2.04538601189235,0.000573120712720344,0.199999999999876,0.869384380713459,1.90177447099524,2.65999999999971,9.23122362919316,0.627668699569688,0.477635582983442,0.54500000000004,0.0210693199662507,8.23549576742459,3.7203057635068,0.391320177229004,0.0047304
10.82,0.824135629971072,1.90816700576906,2.66399999999954,9.2411012585103,2.05002122901196,0.000566116450135619,0.19999999999989,0.829103831590221,1.90946505342714,2.66399999999971,9.24101382173491,0.623644943818123,0.476580089269179,0.545000000000044,0.0210227129301431,8.26926634899116,3.79648038136503,0.387788768609371,0.0043173
10.84,0.783743314915764,1.91545550432801,2.66799999999954,9.25085596937545,2.05445008584853,0.000559022398418075,0.199999999999906,0.78866080663741,1.91677794342424,2.66799999999971,9.25076083854695,0.619515976027298,0.475576897168706,0.545000000000041,0.0209806916250433,8.30142445534599,3.87295409197635,0.384289271511032,0.0040304
10.86,0.74319673526192,1.92236517588009,2.67199999999954,9.26056974981424,2.05867044916893,0.000551840814180403,0.199999999999921,0.748063232580512,1.9237117077043,2.6719999999997,9.26046692074619,0.615284040180197,0.474625863582099,0.545000000000052,0.0209432322683367,8.33196375734559,3.9497117706369,0.380821631648095,0.0040741
10.88,0.702503844161858,1.92889466374378,2.67599999999954,9.27024481736185,2.06268029625407,0.000544574027405936,0.199999999999939,0.707319066436094,1.93026498729212,2.6759999999997,9.27013428956211,0.610951393156126,0.473726849596062,0.545000000000051,0.0209103136092749,8.36087824337047,4.02673823688386,0.377385796347854,0.0042332
10.9,0.661672623564625,1.93504268603919,2.67999999999954,9.27988337082297,2.06647771431282,0.000537224444105995,0.199999999999958,0.666436293952237,1.93643649778581,2.6799999999997,9.27976514725867,0.60652030537221,0.472879721138827,0.545000000000059,0.0208819169212699,8.38816222050836,4.10401825748232,0.373981714520441,0.0039714
10.92,0.620711082638674,1.94080803593394,2.68399999999953,9.28948759121054,2.07006089992732,0.000529794548463347,0.199999999999979,0.625422928043347,1.94222502960851,2.6839999999997,9.28936167807559,0.601993061433728,0.472084349581896,0.54500000000006,0.0208580259940578,8.41381031567466,4.18153654942235,0.370609336619867,0.0040471
10.94,0.579627256189529,1.94618958187366,2.68799999999953,9.29905964270167,2.07342815852976,0.000522286904487883,0.2,0.584287007219634,1.94762944824547,2.6879999999997,9.29892604918697,0.597371960788821,0.471340612291676,0.545000000000062,0.0208386271258377,8.4378174766695,4.25927778292554,0.367268614595837,0.0041613
10.96,0.538429203072801,1.95118626779736,2.69199999999953,9.30860167360875,2.07657790391047,0.000514704157216468,0.200000000000022,0.54303659401158,1.95264869446634,2.6919999999997,9.30846041167524,0.592659318391094,0.470648393133526,0.545000000000064,0.0208237091153859,8.46017897317154,4.33722658446046,0.363959501838592,0.0041011
10.98,0.497125004602855,1.9557971133374,2.69599999999953,9.31811581736395,2.07950865775732,0.000507049033481737,0.200000000000045,0.5016797733897,1.9572817845328,2.69599999999969,9.31796690151868,0.587857465367722,0.470007582930932,0.545000000000049,0.0208132632542689,8.48089039766814,4.41536753976648,0.360681953116498,0.0041047
11,0.45572276295749,1.96002121400432,2.69999999999953,9.32760419351552,2.08221904922626,0.000499324342281908,0.200000000000063,0.460224651179904,1.96152781039128,2.69999999999969,9.32744764059082,0.582968748033696,0.469418079669401,0.544999999982843,0.0208072832770294,8.49994766632184,4.49368519688524,0.35743592449685,0.0041759
11.02,0.414230599579597,1.9638577413563,2.70399999999947,9.33706890873354,2.08470781447698,0.000491532968075789,0.199999999993886,0.418679352474774,1.96538593985099,2.70399999999969,9.33690473767042,0.577995535371027,0.468879789734594,0.544999999989056,0.0208057655544659,8.51734701977293,4.57216406919921,0.354221373307806,0.0043383
11.04,0.372656653574068,1.96730594315345,2.70799999999931,9.34651205782734,2.08697379651094,0.000483677893738642,0.199999999989946,0.377052020041067,1.96885541674694,2.70799999999969,9.34634028946052,0.572940209254739,0.468392626939506,0.544999999993612,0.0208087087091403,8.53308502387799,4.65078863847675,0.351038258012194,0.0040773
11.06,0.331009080101766,1.97036514349674,2.71199999999909,9.35593572476921,2.08901594462193,0.000475762171478277,0.199999999987647,0.335350812723752,1.97193556108815,2.71199999999969,9.35575638161559,0.567805172286286,0.467956513709939,0.544999999996912,0.0208161139502531,8.54715857038428,4.72954335792297,0.3478865381482,0.0039581
11.08,0.289296048772197,1.97303474295184,2.71599999999883,9.36534198372306,2.09083331416393,0.000467788935244809,0.199999999986535,0.293583903846896,1.97462576919092,2.71599999999968,9.36515508977546,0.56259284665427,0.467571381127472,0.544999999999252,0.020827984923332,8.55956487753985,4.80841265523597,0.344766174235768,0.0041893
11.1,0.247525742033069,1.9753142186576,2.71999999999856,9.3747329000812,2.09242506627592,0.000459761398267184,0.199999999986265,0.25175947961172,1.97692551379708,2.71999999999968,9.37453848060541,0.557305674831133,0.467237169161234,0.545000000000882,0.0208443277186618,8.57030149063922,4.88738093566757,0.341677127684703,0.0040531
11.12,0.205706353557796,1.9772031244195,2.72399999999829,9.38411053150562,2.09379046763722,0.000451682851420849,0.199999999986583,0.209885737492119,1.9788343441774,2.72399999999968,9.38390861284115,0.551946120274778,0.466953826867816,0.545000000001973,0.0208651508664626,8.57936628250475,4.9664325850882,0.338619360699773,0.0040194
11.14,0.163846086631279,1.97870109078771,2.72799999999803,9.39347692897338,2.09492889025312,0.000443556661568626,0.199999999987293,0.167970884627988,1.9803518862198,2.72799999999968,9.39326753833825,0.54651666813529,0.466721312560154,0.54500000000267,0.0208904653298081,8.58675745390334,5.04555197305518,0.335592836183711,0.0039294
11.16,0.121953152534268,1.97980782512021,2.73199999999778,9.4028341378254,2.09583981127091,0.000435386269758503,0.199999999988254,0.126023136216642,1.98147784250277,2.73199999999968,9.40261730312508,0.541019825967105,0.466539593946211,0.54500000000308,0.0209202844969241,8.59247353389859,5.12472345588378,0.332597517637606,0.0042
11.18,0.0800357689266356,1.98052311163057,2.73599999999756,9.41218419881814,2.09652281282594,0.000427175189279743,0.199999999989363,0.0840507139026655,1.98221199235355,2.73599999999968,9.41195994845876,0.535458124446928,0.466408648238351,0.545000000003276,0.0209546241731417,8.59651338013829,5.2039313797206,0.329633369060029,0.0040637
11.2,0.038102158229871,1.98084681142077,2.73999999999736,9.42152914917747,2.09697758191793,0.000418927003602336,0.199999999990542,0.0420618441664943,1.98255419189144,2.73999999999967,9.4212975118834,0.529831817973117,0.466328137279262,0.544999970677907,0.020993438172684,8.59887617907728,5.28316008361844,0.326700344379463,0.0036579
11.22,-0.00383945307392092,1.98077886263489,2.74399999989161,9.43087102227098,2.09720381871726,0.000410635090843269,0.199999989434589,6.47567120511082e-05,1.98250437405595,2.74399999999967,9.43063202829008,0.524148428454397,0.466298726304752,0.54499998158256,0.0210369259543111,8.59956144614772,5.36239390261409,0.323798423018334,0.0036682
11.24,-0.0457808371279988,1.98031928032687,2.747999999614,9.44021185129971,2.09720152577719,0.00040231825883936,0.199999982804311,-0.0419323171462492,1.98206254861993,2.74799999999967,9.43996553097818,0.518407879035373,0.466320077694402,0.544999989555836,0.0210849544966276,8.59856902588717,5.44161717081014,0.320927567779766,0.003846
11.26,-0.0877137672115932,1.9794681563044,2.75199999923248,9.44955367060048,2.09697070259673,0.000393977278374212,0.199999979044412,-0.0839211460968106,1.98122880218764,2.75199999999967,9.44930005271734,0.512612804793238,0.466392206130613,0.544999995302219,0.021137583985581,8.59589909192292,5.5208142244456,0.318087744432449,0.0035922
11.28,-0.129630018282057,1.9782256592403,2.75599999879646,9.45889851406714,2.09651145352947,0.000385615352602501,0.199999977353211,-0.125893500444166,1.98000329817779,2.75599999999967,9.45863762680969,0.506765861995043,0.46651513466489,0.544999999376735,0.0211948475138487,8.59155214692291,5.59996940496915,0.315278918025692,0.003709
11.3,-0.171521368593178,1.97659203463232,2.75999999834128,9.46824841715374,2.09582398759495,0.000377236068070956,0.199999977128835,-0.167841153721968,1.97838627679146,2.75999999999966,9.46798028815193,0.5008697427685,0.46668889958824,0.54500000218048,0.0212567765099857,8.58552902249628,5.67906706211309,0.312501054257456,0.0036153
11.32,-0.213379601313559,1.97456760474694,2.76399999789171,9.47760541808863,2.0949086188671,0.000368843212484861,0.199999977913808,-0.209755884305352,1.97637805496503,2.76399999999966,9.47733007429649,0.494927165914047,0.466913546589069,0.545000004027876,0.0213234036353948,8.57783087902911,5.7580915569652,0.309754118460652,0.0036896
11.34,-0.255196506146161,1.97215276854662,2.76799999746448,9.48697155896477,2.09376576649214,0.000360440690800923,0.199999979363843,-0.251629477022344,1.97397902630809,2.76799999999966,9.48668902651164,0.488940876339086,0.467189129579455,0.545000005172751,0.0213947635465275,8.56845920545542,5.83702726503809,0.307038075232783,0.0037488
11.36,-0.296963880944211,1.96934800160258,2.77199999707038,9.49634888679489,2.09239595468323,0.000352032468332229,0.199999981226033,-0.293453724764007,1.97118966102619,2.77199999999966,9.49605919083967,0.482913648365365,0.46751571166296,0.545000005805427,0.0214708932899859,8.55741581896353,5.91585857933538,0.304352888650265,0.0036705
11.38,-0.338673533323682,1.96615385599332,2.7759999967158,9.50573945455895,2.09079981284653,0.000343622572243962,0.199999983315987,-0.335220430093005,1.96801050582877,2.77599999999966,9.50544261915282,0.476848286659488,0.467893364972715,0.545000006068091,0.0215518322094237,8.54470286463771,5.99456991341405,0.301698522184243,0.0036297
11.4,-0.380317282273087,1.96257096018832,2.77999999640397,9.51514532225089,2.08897807574318,0.0003352150887554,0.1999999855005,-0.376921406850275,1.96444218382196,2.77999999999966,9.51484137020625,0.470747627278243,0.468322170511567,0.545000006070019,0.0216376219162183,8.53032281503552,6.07314570444243,0.299074938621315,0.0040099
11.42,-0.421886959760438,1.95860001891704,2.78399999613583,9.52456855792226,2.08693158369124,0.000326814161220184,0.199999987685707,-0.418548481759482,1.96048539438643,2.78399999999965,9.5242575106874,0.46461453890803,0.468802217959121,0.545000005936366,0.0217283062685918,8.51427846970073,6.15157041625331,0.296482099931152,0.0041675
11.44,-0.46337441233732,1.95424181302309,2.78799999591091,9.53401123872182,2.08466128281496,0.000318423988967425,0.199999989822798,-0.460093496028956,1.95614091304034,2.78799999999965,9.53369311626105,0.458451922930308,0.469333605315676,0.545000005750771,0.0218239313083737,8.49657295461207,6.22982854239143,0.293919967236243,0.0036895
11.46,-0.504771502739652,1.94949719930381,2.79199999572807,9.5434754519299,2.08216822529424,0.000310048822815278,0.199999991893076,-0.501548306950786,1.95140959128731,2.79199999999965,9.5431502726093,0.452262713435527,0.469916438509873,0.545000005440743,0.0219245452012117,8.47720972156784,6.30790460915494,0.29138850089047,0.0036414
11.48,-0.546070111484192,1.94436711033534,2.79599999558552,9.55296329598517,2.07945356961214,0.000301692960002162,0.199999993851743,-0.542904789496763,1.94629235644955,2.79599999999965,9.55263107646556,0.446049880480961,0.470550831321809,0.54500000505883,0.0220301983103405,8.45619254750662,6.38578317863005,0.288887660127719,0.0039782
11.5,-0.587262138461139,1.93885255428317,2.79999999548077,9.56247688150512,2.07651858092963,0.000293360748717104,0.199999995672922,-0.584154837910857,1.94079021148609,2.79999999999965,9.5621376366416,0.439816429548123,0.471236904815765,0.545000004636014,0.0221409430481797,8.43352553376412,6.46344885171843,0.286417403097659,0.0044377
11.52,-0.628339504522902,1.93295461469815,2.80399999541092,9.57201833229907,2.07336463143511,0.000285056582969605,0.199999997341887,-0.625290367297919,1.9349042347962,2.80399999999965,9.57167207504667,0.433565402665907,0.471974786986267,0.545000004194095,0.0222568338643266,8.40921310526653,6.54088627115684,0.283977686792301,0.0037464
11.54,-0.669294153068302,1.92667445029807,2.80799999537285,9.58158978637107,2.06999320073514,0.000276784901626892,0.199999998851762,-0.666303315208289,1.92863558000804,2.80799999999964,9.58123652769738,0.427299879516657,0.472764612385016,0.545000003755663,0.0223779272010234,8.38326000966024,6.61808012452811,0.281568466976853,0.0037439
11.56,-0.710118051622071,1.92001329473492,2.81199999536341,9.59119339691253,2.06640587628538,0.000268550190182589,0.2000000002038,-0.707185643218016,1.92198547575252,2.81199999999964,9.59083314571711,0.421022977916475,0.473606521471674,0.54500000332754,0.0225042813925089,8.35567131637847,6.69501514726329,0.279189698112576,0.0038383
11.58,-0.750803193409292,1.91297245634777,2.81599999537946,9.60083133328237,2.06260435383642,0.00026035697684706,0.200000001401714,-0.747929338504358,1.91495522542255,2.81599999999964,9.60046409632348,0.414737853853097,0.474500659401422,0.545000002843789,0.0226359564872939,8.32645241564465,6.7716761256341,0.276841333245998,0.0036153
11.6,-0.791341598924037,1.90555331790184,2.81999999541773,9.61050578197007,2.05859043787657,0.000252209807954321,0.200000002425478,-0.788526415416271,1.90754620691753,2.81999999999964,9.61013156380227,0.408447699683559,0.47544717329399,0.545000001999334,0.0227730138635949,8.29560901741307,6.84804789973523,0.274523323808212,0.0035878
11.62,-0.831725317490755,1.89775733631537,2.82399999547344,9.6202189475312,2.05436604199807,0.000244113159414787,0.200000003145238,-0.828968917039569,1.89975987237331,2.82399999999964,9.619837750466,0.402155761730418,0.476446222851105,0.545000001358178,0.0229155185406405,8.26314715024683,6.92411536645598,0.272235620175761,0.0036531
11.64,-0.871946428822919,1.88958604236935,2.82799999554123,9.62997305353982,2.04993318996124,0.000236071747573,0.200000003634183,-0.869248916756459,1.89159774787758,2.82799999999963,9.62958487759517,0.395865320655477,0.477497966701477,0.545000000874821,0.023063535215066,8.22907316013347,6.99986348244061,0.269978170935778,0.0035011
11.66,-0.911997044577126,1.88104104040133,2.83199999561707,9.63977034351883,2.04529401596713,0.000228090299551654,0.200000003949118,-0.909358519799127,1.88306143317078,2.83199999999963,9.63937518636006,0.389579700136738,0.478602566272033,0.545000000515259,0.0232171305141886,8.19339370923828,7.07527726703684,0.267750923049778,0.0034655
11.68,-0.951869309897961,1.87212400798768,2.8359999956979,9.64961308181669,2.04045076527212,0.000220173585027687,0.200000004134612,-0.949289864797098,1.87415260133253,2.83599999999963,9.64921093872063,0.383302267896047,0.479760184955449,0.545000000250619,0.0233763724910191,8.15611577459569,7.15034180523168,0.265553821789215,0.0035592
11.7,-0.99155540495613,1.8628366956119,2.8399999957815,9.65950355447135,2.03540579483755,0.000212326422081675,0.200000004224834,-0.989035125318034,1.86487299845374,2.83999999999963,9.6590944183019,0.377036436586208,0.480970987201086,0.545000000052923,0.023541330430101,8.11724664673893,7.22504225057454,0.263386810674101,0.003537
11.72,-1.03104754647955,1.85318092631916,2.84399999586619,9.66944407004807,2.03016157400826,0.000204553678436177,0.200000004243887,-1.0285865114017,1.8552244432944,2.84399999999963,9.66902793124198,0.37078566493362,0.482235137770419,0.544999999912075,0.0237120747357842,8.07679392826832,7.29936382808651,0.261249831426018,0.0039487
11.74,-1.07033798927719,1.84315859535698,2.84799999595075,9.67943696044714,2.02472068523004,0.000196860279356863,0.200000004212234,-1.06793627108676,1.8452088269271,2.84799999999963,9.67901380700945,0.364553458573723,0.483552800535214,0.544999999813463,0.0238886767080363,8.03476553235856,7.37329183715581,0.259142823899494,0.0040203
11.76,-1.10941902775537,1.83277166980217,2.85199999603432,9.68948458167722,2.01908582479337,0.000189251207607305,0.20000000414508,-1.10707669193018,1.83482811236641,2.85199999999962,9.68905439918678,0.358343370915406,0.484924137416802,0.544999999742444,0.0240712083949386,7.99116968120504,7.44681165441839,0.257065726027839,0.0036803
11.78,-1.14828299742617,1.82202218817422,2.8559999961163,9.69958931458978,2.0132598036042,0.000181731506109964,0.20000000405236,-1.14600010251879,1.82408433418413,2.85599999999962,9.69915208621594,0.352159004409034,0.486349307392351,0.544999999697695,0.0242597424294365,7.94601490440984,7.51990873662341,0.255018473776453,0.0037523
11.8,-1.18692227640777,1.81091226003507,2.85999999619625,9.70975356557176,2.00724554799778,0.000174306286778071,0.20000000394353,-1.18469887397292,1.81297959811058,2.85999999999962,9.70930927210196,0.346004011103771,0.487828464987018,0.544999999666589,0.0244543517472798,7.89931003730738,7.59256862348307,0.253001001074534,0.0036322
11.82,-1.22532928691646,1.79944406557532,2.86399999627392,9.71997976719093,2.00104610056668,0.000166980729417958,0.200000003823503,-1.22316542144161,1.80151608062183,2.86399999999962,9.71952838707018,0.339882093938082,0.489361759215111,0.544999999650602,0.0246551094376414,7.85106421923038,7.66477694050597,0.2510132397753,0.0035839
11.84,-1.26349649674987,1.78761985518714,2.86799999634914,9.73027037878945,1.99466462103218,0.000159760092582104,0.200000003697719,-1.26139220558923,1.78969602851318,2.86799999999962,9.72981188817204,0.33379700736149,0.490949331888697,0.544999999640519,0.0248620884073407,7.8012868917162,7.73651940181385,0.249055119587759,0.0035976
11.86,-1.30141642076143,1.77544194902375,2.8719999964218,9.74062788702021,1.98810438713185,0.000152649713830607,0.200000003568306,-1.29937173407321,1.77752175845881,2.87199999999962,9.74016225983432,0.327752558449803,0.492591316313442,0.544999999637315,0.0250753611769002,7.74998779665407,7.80778181294082,0.247126568034374,0.00353
11.88,-1.33908162232558,1.76291273654575,2.87599999649186,9.75105480632007,1.98136879554299,0.000145655020090378,0.20000000343774,-1.33709656301246,1.76499565655773,2.87599999999961,9.75058201434596,0.321752607633933,0.494287835505634,0.544999999637393,0.0252949995232599,7.69717697437355,7.87855007361483,0.245227510387982,0.0038929
11.9,-1.37648471479351,1.75003467605411,2.87999999655931,9.76155367931401,1.97446136282602,0.000138781531657221,0.200000003307201,-1.37455929844642,1.75212017786614,2.87999999999961,9.76107369227619,0.315801069572611,0.496039000497876,0.544999999637974,0.0255210741766945,7.64286476167451,7.94881018052061,0.243357869619124,0.00375
11.92,-1.41361836293926,1.73681029421023,2.88399999662415,9.77212707714294,1.96738572639353,0.000132034869415104,0.200000003176872,-1.41175259778426,1.73889784591626,2.88399999999961,9.77163986281745,0.309901913890137,0.497844908342978,0.544999999626849,0.0257536544309979,7.58706178979914,8.01854823004377,0.241517566330933,0.0035748
11.94,-1.45047528439585,1.72324218554301,2.88799999668634,9.78277759970774,1.96014564549922,0.000125420757668595,0.200000003042537,-1.448669171244,1.72533125222174,2.88799999999961,9.78228312404558,0.304059166107483,0.499705640586154,0.54499999961883,0.0259928078648387,7.52977898234622,8.0877504209954,0.239706518728079,0.0035907
11.96,-1.48704825108112,1.70933301194289,2.89199999674582,9.79350787582329,1.95274500225444,0.000118945043857446,0.200000002905316,-1.4853017832813,1.71142305576978,2.89199999999961,9.7930061030897,0.298276908193918,0.501621260845403,0.544999999623292,0.0262385997981927,7.47102755312829,8.15640305731667,0.237924642539266,0.0040376
11.98,-1.5233300906132,1.69508550214294,2.89599999680257,9.80432056327384,1.94518780265687,0.000112613704015474,0.200000002769701,-1.52164325400766,1.69717598250001,2.8959999999996,9.80381145620317,0.292559279063508,0.503591812423586,0.544999999636344,0.0264910928408127,7.41081900397185,8.22449255076298,0.236171850949432,0.0039766
12,-1.5593136877152,1.68050245118728,2.89999999685666,9.8152183487579,1.93747817762894,0.000106432845993461,0.200000002638784,-1.55768646059762,1.6825928247702,2.8999999999996,9.8147018687269,0.286910475270482,0.505617316069093,0.544999999655152,0.0267503464556066,7.34916512246123,8.29200542356706,0.234448054544169,0.0036443
12.02,-1.59499198560888,1.66558671988686,2.90399999690819,9.82620394771447,1.92962038407405,0.000100408719660901,0.200000002514639,-1.59342433868491,1.66767644080904,2.9039999999996,9.82568005493494,0.281334751372622,0.507697767444057,0.544999999677631,0.0270164164109924,7.28607797962652,8.35892831108058,0.232753161244598,0.0036199
12.04,-1.6303579873972,1.65034123426276,2.90799999695732,9.83728010402111,1.92161880593692,9.45477262920231e-05,0.200000002398587,-1.62884988374699,1.65242975415595,2.9079999999996,9.83674875775249,0.275836420310864,0.50983313444209,0.544999999702237,0.0272893542070322,7.22156992757588,8.42524796439374,0.231087076239842,0.0036128
12.06,-1.66540475743527,1.63476898497688,2.91199999700422,9.84844958955233,1.91347795526902,8.88564280832705e-05,0.200000002291392,-1.66395615247801,1.63685575308811,2.9119999999996,9.84791074833493,0.270419853639648,0.512023354346115,0.544999999727893,0.0275692064603233,7.15565359707288,8.49095125293229,0.229449701916939,0.0035662
12.08,-1.70012542268969,1.61887302675042,2.91599999704907,9.85971520358645,1.90520247329284,8.33415578275955e-05,0.200000002193433,-1.69873626414966,1.62095749003481,2.9159999999996,9.85916882549627,0.265089481658041,0.514268330925888,0.544999999757842,0.0278560142658945,7.08834189505914,8.55602516703163,0.22784093779237,0.0036271
12.1,-1.73451317408589,1.60265647776987,2.91999999709207,9.87107977204879,1.8967971314613,7.80100322007385e-05,0.200000002106256,-1.73318340195983,1.6047380809792,2.91999999999959,9.87052581497457,0.259849792868613,0.516567929541939,0.544999999734623,0.0281498121170381,7.01964800212293,8.62045682048728,0.226260680369968,0.0035503
12.12,-1.76856126784342,1.5861225190815,2.92399999713324,9.88254614657048,1.8882668324851,7.28689068035775e-05,0.20000000201072,-1.76729081436871,1.58820070484764,2.92399999999959,9.88198456852094,0.254705335097903,0.518921978327142,0.54499999973043,0.028450628342622,6.94958536991406,8.68423345308149,0.22470882323182,0.0041026
12.14,-1.80226302679868,1.56927439397324,2.92799999717248,9.89411720336721,1.87961661139539,6.79254995605203e-05,0.200000001913675,-1.80105181642209,1.57134860288664,2.92799999999959,9.89354796279823,0.249660713802612,0.521330260317968,0.544999999739516,0.0287584827758819,6.87816771850558,8.74734243308526,0.223185256800353,0.0037925
12.16,-1.83561184171498,1.55211540734382,2.93199999720982,9.90579584191423,1.87085163652897,6.31873275462375e-05,0.200000001819901,-1.83445979106168,1.55418507802766,2.93199999999959,9.90521889807445,0.244720591963708,0.523792511278739,0.544999999764902,0.0290733867410661,6.80540903370292,8.80977125973544,0.221689868321204,0.0035209
12.18,-1.86860117257972,1.53464892506056,2.93599999724537,9.9175849833881,1.86197721049973,5.8662130317235e-05,0.200000001735266,-1.86750819042201,1.5367134942398,2.93599999999959,9.91700029669543,0.239889689153174,0.526308415506572,0.544999999801317,0.0293953419652366,6.73132356430079,8.87150756568636,0.220222541747179,0.0036362
12.2,-1.90122454988846,1.51687837330541,2.93999999727936,9.92948756887393,1.85299877112374,5.43578741741623e-05,0.20000000166374,-1.90019053711389,1.51893727587046,2.93999999999959,9.92889510132018,0.235172780473721,0.528877601719193,0.544999999837199,0.0297243396137004,6.65592581928849,8.93253911943555,0.218783157651766,0.0035866
12.22,-1.93347557591571,1.49880723790932,2.94399999731205,9.94150655731691,1.84392189229343,5.02827562361932e-05,0.200000001605132,-1.93250042549397,1.5008599069743,2.94399999999958,9.9409062729019,0.230574695324677,0.531499639046374,0.544999999871948,0.030060359307064,6.57923056500414,8.99285382772302,0.217371593171706,0.0035129
12.24,-1.96534792597216,1.48043906367506,2.94799999734369,9.9536449232015,1.83475228479453,4.64452187292745e-05,0.200000001559033,-1.96443152292033,1.48248493063038,2.94799999999958,9.95303678839657,0.226100315700538,0.534174032380018,0.544999999905184,0.0304033679877541,6.50125282223832,9.05243973790374,0.215987721902166,0.0035731
12.26,-1.99683534964808,1.46177745368834,2.95199999737453,9.96590565393926,1.82549579704755,4.28539551531935e-05,0.200000001524899,-1.99597757099364,1.46381594824779,2.95199999999958,9.96528963818061,0.221754574217602,0.536900217672741,0.544999999936695,0.0307533187884077,6.42200786328773,9.11128504029276,0.214631413808187,0.0035139
12.28,-2.02793167204281,1.44282606861763,2.9559999974048,9.97829174694534,1.81615841576404,3.95179159649431e-05,0.20000000150211,-2.02713238678389,1.44485661885982,2.95599999999958,9.97766782315808,0.217542451780754,0.539677557038892,0.544999999966391,0.0311101498344425,6.34151120895934,9.16937807048257,0.213302535136991,0.0038317
12.3,-2.05863079497999,1.4235886260025,2.95999999743472,9.9908062063839,1.80674626650386,3.64463130553821e-05,0.20000000149001,-2.05788986404229,1.42561065840692,2.95999999999958,9.99017435153756,0.21346897485796,0.542505333660668,0.544999999994276,0.0314737829886616,6.25977862552567,9.22670731163222,0.212000948332037,0.0036929
12.32,-2.08892669820837,1.40406889953082,2.9639999974645,10.0034520395623,1.79726561411895,3.3648622705016e-05,0.200000001487949,-2.08824397439811,1.40608183900835,2.96399999999957,10.0028122352582,0.209539212316859,0.545382746447414,0.5450000000157,0.0318441225247426,6.17682612163181,9.28326139672773,0.210726511956358,0.0035521
12.34,-2.11881344058803,1.38427071830476,2.96799999749431,10.0162322529525,1.78772286306726,3.11345849983123e-05,0.200000001493601,-2.11818876854031,1.38627398822299,2.96799999999957,10.0155844860438,0.205758271846216,0.548308904732597,0.545000000036625,0.0322210538197692,6.09266994515457,9.33902911081337,0.209479080598301,0.0035554
12.36,-2.14828516126172,1.36419796609573,2.97199999752432,10.0291498478206,1.77812455758167,2.89142070490314e-05,0.200000001506786,-2.14771837738365,1.36619098829918,2.97199999999957,10.028494111064,0.202131295810807,0.551282822470352,0.545000000057185,0.032604441866755,6.0073265800146,9.39399939319341,0.208258504816376,0.0036567
12.38,-2.17733608081117,1.34385458058834,2.97599999755466,10.0422078154406,1.76847738167259,2.69977569439381e-05,0.200000001527373,-2.17682701321907,1.34583677541387,2.97599999999957,10.0415441081808,0.198663456611608,0.554303412473434,0.545000000077219,0.0329941298529291,5.92081274294189,9.44816133960377,0.207064631071479,0.0037277
12.4,-2.20596050239812,1.32324455261347,2.97999999758548,10.0554091318733,1.75878815894638,2.53957580137977e-05,0.200000001555172,-2.20550897084815,1.3252153389012,2.97999999999957,10.0547374607583,0.195359951459749,0.557369480458799,0.545000000096628,0.0333899376555599,5.83314538019533,9.50150420435325,0.205897301672927,0.0036221
12.42,-2.23415281288993,1.30237192537058,2.98399999761694,10.0687567522871,1.74906385221778,2.41189799059744e-05,0.200000001589958,-2.2337586287014,1.30433072047067,2.98399999999957,10.0680771320159,0.192225996531401,0.560479718957509,0.545000000115344,0.0337916603057015,5.74434166423697,9.55401740243387,0.204756354737171,0.003524
12.44,-2.26190748396948,1.28124079363926,2.98799999764915,10.0822536048025,1.73931156289395,2.31784261850122e-05,0.200000001631482,-2.26157044994011,1.28318701341507,2.98799999999956,10.0815660589023,0.189266820462429,0.563632701113556,0.54500000013334,0.0341990664266618,5.65441899036151,9.60569051159988,0.203641624160119,0.0035689
12.46,-2.28921907322922,1.25985530298023,2.99199999768226,10.0959025838379,1.72953853010591,2.25853181647844e-05,0.200000001679484,-2.28893898354168,1.26178836180821,2.99199999999956,10.0952071454708,0.186487657140346,0.566826874396398,0.545000000150593,0.0346118966552287,5.56339497328179,9.65651327441502,0.202552939605951,0.0035155
12.48,-2.31608222524913,1.23821964892577,2.99599999771639,10.1097065429401,1.71975212956178,2.23510746002941e-05,0.200000001733698,-2.31585886536804,1.24013895969281,2.99599999999956,10.1090032557362,0.183893737750877,0.570060554256455,0.545000000167086,0.0350298620564579,5.47128744367074,9.70647560026759,0.201490126513848,0.0034691
12.5,-2.34249167265839,1.21633807615965,2.99999999775167,10.1236682870794,1.70995987209496,2.24872868573232e-05,0.200000001793849,-2.34232481921712,1.21824305025854,2.99999999999956,10.1229572059954,0.181490282036852,0.573331917757063,0.545000000182806,0.0354526425444461,5.37811444466063,9.755567567353,0.200453006124971,0.0034954
12.52,-2.36844223718055,1.19421487768681,3.0039999977882,10.1377905643955,1.70016940187865,2.30056891674771e-05,0.200000001859659,-2.36833165785704,1.1961049250104,3.00399999999956,10.1370717565955,0.179282488727636,0.576638997221517,0.545000000197714,0.035879885323519,5.28389422830015,9.80377942462317,0.199441395532044,0.0037091
12.54,-2.39392883066198,1.1718543939926,3.00799999782611,10.1520760573784,1.69038849427704,2.39181235846117e-05,0.200000001930836,-2.39387428404287,1.17372892292769,3.00799999999956,10.1513496031335,0.177275525098865,0.579979673938776,0.545000000211765,0.0363112033661128,5.18864525196997,9.8511015937027,0.198455107752439,0.0038998
12.56,-2.41894645608339,1.14926101219195,3.01199999786549,10.1665273734744,1.68062505330184,2.52364992654287e-05,0.200000002007071,-2.41894769151578,1.15111942961364,3.01199999999955,10.1657933670775,0.175474515624158,0.58335167197697,0.545000000224906,0.0367461739457418,5.09238617475757,9.89752467077101,0.197493951826932,0.0037512
12.58,-2.44349020855421,1.12643916516831,3.01599999790644,10.181147035108,1.67088710864182,2.69727457144081e-05,0.200000002088037,-2.4435469659843,1.12828087643593,3.01599999999955,10.1804055857996,0.173884529683224,0.58675255215951,0.545000000237034,0.0371843372454303,4.99513585379192,9.94303942841039,0.196557732944586,0.0036755
12.6,-2.46755527628958,1.1033933307026,3.01999999794905,10.1959374691148,1.66118281223191,2.91387596585789e-05,0.20000000217337,-2.46766728608762,1.10521773965816,3.01999999999955,10.1951887020143,0.172510568294502,0.590179706264543,0.54500000024805,0.037625195064232,4.89691334053872,9.98763681741934,0.195646252594229,0.003804
12.62,-2.49113694156974,1.08012803059215,3.02399999799341,10.2109009955855,1.65152043432722,3.17463452527808e-05,0.200000002262668,-2.49130392434061,1.08193453956264,3.02399999999955,10.2101450526229,0.17135754984478,0.593630351514567,0.545000000257803,0.0380682096464438,4.79773787705693,10.0313079685909,0.194759308742852,0.0045437
12.64,-2.51423058168157,1.05664782975984,3.02799999803959,10.2260398161244,1.64190835904693,3.48071473620829e-05,0.200000002355477,-2.51445224806052,1.05843583956445,3.02799999999955,10.225276856965,0.170430294794194,0.597101525429039,0.545000000266121,0.0385128026603498,4.69762889221728,10.0740441944554,0.19389669603897,0.0039662
12.66,-2.53683166984207,1.03295733535333,3.03199999808766,10.2413560015317,1.63235507935208,3.83325777204624e-05,0.20000000245128,-2.53710772027498,1.0347262453171,3.03199999999954,10.2405862044882,0.169733509341274,0.600590081119229,0.545000000272794,0.0389583543552283,4.59660599788348,10.1158369909878,0.19305820603959,0.0041848
12.68,-2.55893577610345,1.00906119583465,3.03599999813767,10.2568514789263,1.62286919142129,4.23337338381894e-05,0.200000002549486,-2.55926590061133,1.01081040380986,3.03599999999954,10.2560750418486,0.169271768041366,0.604092683112035,0.545000000277687,0.0394042029275574,4.49468898505683,10.1566780392782,0.192243627457884,0.0046589
12.7,-2.58053856823968,0.984964100060183,3.03999999818966,10.2725280183293,1.61345938838851,4.68213106657262e-05,0.200000002649454,-2.58092244616701,0.986693002457046,3.03999999999954,10.2717451594653,0.169049495378991,0.607605803787063,0.545000000280504,0.0398496441269345,4.39189781998504,10.196559207166,0.1914527464268,0.0039966
12.72,-2.60163581261416,0.96067077635108,3.04399999824366,10.2883872187398,1.60413445340692,5.18055048730539e-05,0.200000002750435,-2.60207311236077,0.962378768179332,3.04399999999954,10.2875981775567,0.169070946307742,0.611125720528895,0.545000000280769,0.0402939311374129,4.28825264023593,10.2354725508375,0.190685346774026,0.0037398
12.74,-2.62222337502818,0.936185991554327,3.04799999829968,10.3044304937396,1.59490325200452,5.72959119575836e-05,0.200000002851512,-2.62271375376464,0.937872466477334,3.04799999999954,10.3036355316965,0.169340185783725,0.614648513703428,0.545000000278153,0.0407362747698006,4.18377375073682,10.2734103163854,0.189941210300795,0.0042342
12.76,-2.64229722155007,0.911514550094479,3.05199999835771,10.3206590566729,1.58577472369785,6.3301416731881e-05,0.200000002951647,-2.64284032491649,0.913178900497623,3.05199999999954,10.3198584579341,0.169861067326775,0.618170065546398,0.545000000272279,0.0411758439945426,4.07848161978039,10.3103649413311,0.18922011705728,0.0036175
12.78,-2.66185341932449,0.886661293016243,3.05599999841772,10.337073905458,1.5767578728322,6.98300772066643e-05,0.200000003049667,-2.66244888111294,0.888302910091356,3.05599999999953,10.3362679775363,0.170637210664241,0.621686060084569,0.545000000262738,0.0416117668553231,3.97239687499769,10.3463290561084,0.188521845605092,0.0035575
12.8,-2.68088813736182,0.86163109701803,3.05999999847966,10.3536758070959,1.56786175861908,7.68890025682113e-05,0.200000003144253,-2.68153557918253,0.863249370865712,3.05999999999953,10.3528648814138,0.171671978525471,0.625191984197741,0.545000000249082,0.0420431317952838,3.86554029929931,10.3812954855095,0.187846173256305,0.0035976
12.82,-2.69939764730703,0.836428873476638,3.06399999854344,10.3704652819527,1.55909548434486,8.44842259270303e-05,0.200000003233922,-2.70009667823896,0.838023193228307,3.06399999999953,10.3696497143107,0.172968452684175,0.628683129992544,0.545000000232883,0.0424689894414433,3.75793282678522,10.4152572500911,0.187192876275452,0.0035705
12.84,-2.71737832418801,0.811059567463206,3.06799999860896,10.3874425879018,1.55046818572837,9.26205747365393e-05,0.20000000331776,-2.71812854041429,0.812629321424784,3.06799999999953,10.386622758841,0.174529409329916,0.632154598482107,0.545000000216494,0.0428883548423284,3.64959553862442,10.4482075675422,0.186561730036724,0.0034929
12.86,-2.73482664714275,0.785528156750621,3.07199999867609,10.404607704427,1.54198901840901,0.0001013015374333,0.200000003395698,-2.73562763157192,0.787072732569774,3.07199999999953,10.4037840194742,0.17635729383695,0.63560130438288,0.545000000191286,0.0433002101424158,3.54054965890498,10.4801398540122,0.185952509137257,0.0034666
12.88,-2.75173920012525,0.75983965081269,3.0759999987447,10.4219603167909,1.53366714454961,0.000110529115519278,0.200000003464561,-2.75259052199923,0.761358435671393,3.07599999999952,10.4211332065757,0.178454195305207,0.639017983322228,0.545000000157633,0.0437035080143636,3.43081655045545,10.5110477253985,0.185364987402803,0.0033949
12.9,-2.76811267258978,0.733999089815261,3.07999999881455,10.4394998003948,1.52551171855344,0.000120303694401412,0.200000003521309,-2.76901388707973,0.735491470649495,3.07999999999952,10.4386697206267,0.180821820748228,0.64239920006959,0.545000000115666,0.0440971753741081,3.32041771063844,10.540924998595,0.184798937834597,0.003889
12.92,-2.78394386015299,0.708011543599467,3.0839999988854,10.4572252054603,1.51753187189014,0.000130623905634153,0.200000003562948,-2.78489450794458,0.709476907347851,3.08399999999952,10.4563926367544,0.183461469280826,0.645739358722015,0.545000000065619,0.0444801177727021,3.20937476711733,10.5697656926988,0.184254132451656,0.0036742
12.94,-2.79922966523361,0.681882110657407,3.08799999895689,10.4751352421757,1.50973669703899,0.000141486493215331,0.200000003586571,-2.80022927210338,0.68331984454046,3.08799999999952,10.4743006897161,0.186374006475968,0.649032714728913,0.545000000007772,0.0448512243278234,3.09770947359688,10.5975640301774,0.183730342026685,0.0035646
12.96,-2.81396709766939,0.655615917100576,3.09199999902865,10.4932282664581,1.50213523056517,0.000152886184954158,0.200000003589369,-2.8150151740541,0.657025408932183,3.09199999999952,10.492392259491,0.189559839121855,0.652273388830819,0.544999999942587,0.0452093732064182,2.98544370553875,10.6243144379937,0.183227335705313,0.0034239
12.98,-2.82815327531078,0.629218115621376,3.09599999910023,10.5115022664948,1.49473643535339,0.00016481557123296,0.2000000035687,-2.82924931587199,0.630598754153894,3.09599999999952,10.5106653576428,0.193018890626942,0.655455382957555,0.544999999870837,0.0455534376438533,2.87259945585276,10.65001154869,0.182744880503861,0.0036481
13,-2.84178542459119,0.602693884448045,3.09999999917114,10.5299548502314,1.48754918203325,0.000177264993623684,0.200000003522201,-2.84292890777736,0.604045059752349,3.09999999999951,10.5291176146224,0.196750577230047,0.658572597208498,0.544999999753053,0.0458822923776367,2.75919883056493,10.6746502014308,0.182282740743148,0.0034724
13.02,-2.85486088107363,0.576048426293618,3.1039999992407,10.5485832339806,1.4805822296362,0.000190222411253592,0.200000003433301,-2.85605126868224,0.577369530174965,3.10399999999951,10.5477462681891,0.200753785759512,0.66161885163023,0.544999999614186,0.0461948209256131,2.64526404446311,10.6982254430028,0.181840677155945,0.0034145
13.04,-2.86737708997305,0.549286967299058,3.10799999930797,10.5673842323347,1.47384420555436,0.000203673359206267,0.200000003294408,-2.86861382671559,0.550577393749722,3.10799999999951,10.5665481531304,0.205026852640843,0.664587908271416,0.54499999952286,0.0464899229013752,2.53081741672132,10.7207325287732,0.181418446013352,0.0034039
13.06,-2.87933160665329,0.522414755970549,3.11199999937214,10.5863542495665,1.46734358485877,0.000217600925877953,0.200000003122637,-2.88061411972715,0.523673901660365,3.11199999999951,10.5855196924639,0.209567544825849,0.6674734963036,0.544999999610763,0.0467665219224157,2.4158813665036,10.742166923606,0.181015798123158,0.0033641
13.08,-2.89072209709766,0.495437062111195,3.1159999994332,10.6054892726977,1.46108866906119,0.000231985800705216,0.200000002982512,-2.89204979576978,0.496664326917133,3.11599999999951,10.6046568903053,0.214373041090613,0.670269322669284,0.544999999502572,0.0470235720328283,2.30047840854856,10.7625243027345,0.180632478558992,0.0034717
13.1,-2.90154633835785,0.468359175750447,3.11999999949106,10.6247848663802,1.45508756433528,0.000246805761971023,0.200000002803438,-2.90291861356009,0.469553963323203,3.11999999999951,10.6239553265803,0.219439920144509,0.67296912461475,0.544999999439934,0.0472600696798902,2.18463114873561,10.7818005525928,0.180268224055124,0.0033955
13.12,-2.91180221897697,0.44118640606949,3.12399999954511,10.6442361698064,1.44934815947905,0.000262036221644771,0.200000002601814,-2.91321844291747,0.442348124437047,3.1239999999995,10.6434101537556,0.22476414673997,0.675566681029822,0.544999999411372,0.047475058660516,2.06836227963358,10.7999917716023,0.179922762845821,0.0033902
13.14,-2.92148773938381,0.413924080321669,3.12799999959502,10.6638378958116,1.44387810354468,0.000277650031428325,0.200000002389907,-2.92294726518121,0.415052142530926,3.1279999999995,10.6630160957518,0.230341063323697,0.678055847308429,0.544999999408097,0.0476676400474546,1.95169457603316,10.8170942709169,0.179595813163866,0.0034054
13.16,-2.93060101226273,0.386577542751153,3.13199999964069,10.6835843322759,1.43868478335592,0.00029361754301869,0.200000002176822,-2.93210317360587,0.387671367545705,3.1319999999995,10.6827674491893,0.236165384263899,0.680430586303068,0.54499999942253,0.0478369801099657,1.83465089046395,10.8331045751242,0.179287082018132,0.0042233
13.18,-2.93914026289745,0.359152153509551,3.13599999968215,10.7034693459828,1.43377530101988,0.000309906671516968,0.200000001968933,-2.94068437373457,0.360211166042208,3.1359999999995,10.7026580871013,0.242231193834955,0.682685000799963,0.544999999448865,0.0479823184974831,1.71725414869729,10.8480194229032,0.178996264006703,0.0035065
13.2,-2.94710382948879,0.331653287571149,3.13999999971955,10.7234863890406,1.42915645158378,0.000326482995265493,0.200000001770524,-2.94868918375035,0.332676920149313,3.1399999999995,10.7226814652276,0.248531947916836,0.684813366414485,0.54499999948266,0.0481029758808029,1.59952734523586,10.8618357676388,0.178723040203121,0.0033674
13.22,-2.95449016344619,0.304086333647332,3.14399999975309,10.7436285079581,1.42483470098467,0.000343309880137155,0.200000001584282,-2.9561160348054,0.305074026508995,3.14399999999949,10.7428306309809,0.255060453178504,0.686810260802324,0.544999999521116,0.0481983401766902,1.48149353879104,10.8745507779937,0.178467077179166,0.0030585
13.24,-2.96129782961158,0.276456693101276,3.14799999978306,10.7638883549834,1.42081616343922,0.000360353293774392,0.200000001411884,-2.96296347132818,0.27740789521853,3.14799999999949,10.7630982351479,0.261809008276261,0.688670119585497,0.544999999560138,0.0482679932101903,1.36317584774976,10.8861618384354,0.178228026697132,0.0031665
13.26,-2.96752550658122,0.248769778861863,3.15199999980971,10.7842582039259,1.41710658456403,0.000377564143009083,0.200000001253533,-2.96923015130825,0.249683948770064,3.15199999999949,10.7834765463611,0.268769158679537,0.690388212254831,0.544999999599906,0.0483114340667442,1.24459744563175,10.8966665497209,0.178005522782596,0.0035732
13.28,-2.97317198692224,0.221031014338569,3.15599999983334,10.8047299667233,1.41371131495086,0.000394903102019955,0.200000001109499,-2.97491484655896,0.221907620987746,3.15599999999949,10.8039574683419,0.275931967572446,0.691959756284489,0.544999999638548,0.0483284292038698,1.12578155653334,10.9060627293377,0.17779918437176,0.0035065
13.3,-2.97823617727521,0.193245832340548,3.15999999985423,10.8252952124565,1.41063529494333,0.000412327233452886,0.200000000979377,-2.98001644295773,0.194084355962659,3.15999999999949,10.8245325598838,0.283287919376101,0.693380378852302,0.544999999675296,0.0483187918860778,1.00675145056752,10.9143484119011,0.177608613125917,0.0032599
13.32,-2.98271709855382,0.165419673995278,3.16399999987265,10.8459451911141,1.40788303559009,0.000429791758051851,0.200000000862483,-2.98453394066405,0.166219606985731,3.16399999999949,10.8451930575064,0.29082696587718,0.694646079021785,0.544999999709695,0.0482824520443703,0.887530439296708,10.9215218495088,0.177433393875418,0.0030469
13.34,-2.986613886084,0.137557987670459,3.16799999988885,10.8666708585741,1.40545860166228,0.000447250888602766,0.200000000757973,-2.98846645431505,0.138318835478857,3.16799999999948,10.8659299006782,0.298538557967077,0.695753251512007,0.544999999741505,0.048219455176435,0.768141871158943,10.927581512052,0.177273094891615,0.0030979
13.36,-2.98992578971396,0.109666227899234,3.17199999990308,10.8874629041137,1.403365596123,0.000464658324955515,0.200000000664915,-2.99181321319869,0.110387509924426,3.17199999999948,10.8867337594648,0.306411666575175,0.696698729482424,0.544999999770706,0.0481299499276355,0.648609126889091,10.9325260874836,0.17712726843681,0.0029972
13.38,-2.99265217388971,0.0817498543142133,3.17599999991555,10.9083117799173,1.40160714561128,0.000481968800596293,0.20000000058237,-2.99457356140447,0.0824311047934715,3.17599999999948,10.9075950644275,0.31443480650352,0.697479651674514,0.544999999796244,0.0480141787190117,0.528955614936315,10.9363544820432,0.176995451833291,0.003027
13.4,-2.99479251775394,0.0538143306073413,3.17999999992647,10.9292077319339,1.4001858869996,0.000499134051888788,0.200000000509017,-2.99674695795165,0.0544550994726633,3.17999999999948,10.9285040385609,0.322596391831115,0.698093907294944,0.544999999821229,0.0478727837022059,0.40920476687848,10.9390658204403,0.176877166043593,0.0033217
13.42,-2.99634641516512,0.025865123385816,3.183999999936,10.9501408383314,1.3991039682893,0.000516108354137528,0.20000000044466,-2.99833297689504,0.0264649771903299,3.18399999999948,10.9494507310278,0.33088397782521,0.698539580294413,0.544999999842551,0.04770585283787,0.289380032833068,10.9406594459946,0.1767719230257,0.0033698
13.44,-2.99731357468253,-0.00209229887107299,3.18799999994433,10.9711010406918,1.39836301922058,0.000532842426180813,0.200000000387978,-2.99933130740818,-0.00153377605825728,3.18799999999948,10.9704250524188,0.339285207340503,0.698815376916424,0.544999999861478,0.047514243199642,0.169504876869465,10.9411349207304,0.176679221031746,0.0034629
13.46,-2.99769381959019,-0.0300524667909266,3.19199999995159,10.9920781772453,1.39796416003708,0.000549293533596058,0.20000000033811,-2.99974175384411,-0.0295356725861387,3.19199999999947,10.9914168112427,0.347787379684789,0.698920485250312,0.544999999878081,0.0472986184697788,0.0496027724200827,10.9404920254326,0.176598548705623,0.0034002
13.48,-2.99748708786097,-0.0580099111988993,3.19599999995791,11.0130620247649,1.39790799294011,0.000565418318755023,0.200000000294219,-2.99956423577348,-0.0575352240902467,3.19599999999947,11.012415751329,0.356377602487028,0.698854601229723,0.544999999892376,0.0470597706439637,-0.0703028023079433,10.9387307596607,0.176529387062887,0.0034391
13.5,-2.99669343210455,-0.0859591641618479,3.19999999996341,11.0340423352125,1.3981945996587,0.000581174644654721,0.200000000255474,-2.9987987880002,-0.0855269427271003,3.19999999999947,11.0334115898144,0.365042844173021,0.698617931505417,0.544999999904213,0.0467985842622575,-0.190188368919342,10.9358513417197,0.176471211313089,0.0033663
13.52,-2.99531301949425,-0.113894760027164,3.20399999996817,11.0550088735517,1.39882354116136,0.000596522127817294,0.200000000220991,-2.99744556055454,-0.113505342188406,3.20399999999947,11.0543940553682,0.373769987030756,0.698211192047618,0.544999999913145,0.0465160237680821,-0.310030453414781,10.9318542085899,0.17642349288742,0.0033815
13.54,-2.9933461316732,-0.14181123645647,3.20799999997228,11.0759514556,1.39979385949748,0.000611422442784237,0.200000000189723,-2.99550481866364,-0.141464938776353,3.20799999999947,11.0753529263156,0.382545880397872,0.697635603456121,0.544999999919106,0.0462131241711192,-0.429805590771612,10.9267400158147,0.176385701523685,0.003433
13.56,-2.99079316463994,-0.169703135454258,3.21199999997578,11.0968599854554,1.40110408174901,0.000625839596823463,0.200000000160601,-2.99297694269956,-0.169400252478394,3.21199999999947,11.0962780683115,0.391357393294435,0.696892881293694,0.544999999922162,0.0458909816752006,-0.549490329520432,10.9205096373476,0.176357307356983,0.0034056
13.58,-2.98765462861375,-0.19756500439153,3.21599999997871,11.1177244921405,1.40275222604766,0.000639740152558993,0.20000000013258,-2.98986242810476,-0.1973058080413,3.21599999999946,11.1171594712323,0.400191466118488,0.695985223015225,0.544999999922368,0.0455507441519748,-0.669061236316681,10.9131641653582,0.176337782964727,0.0033712
13.6,-2.98393114788083,-0.225391397024555,3.21999999998109,11.1385351651416,1.4047358095978,0.000653093413824534,0.200000000104632,-2.98616188529504,-0.225176136044282,3.21999999999946,11.1379872849602,0.409035160897225,0.694915291759408,0.544999999919936,0.0451936014324738,-0.788494900506456,10.9047049099967,0.176326605330349,0.0035461
13.62,-2.97962346062144,-0.253176874508912,3.22399999998289,11.1592823885399,1.40705185862609,0.000665871585933148,0.200000000075809,-2.9818760395401,-0.253005773970972,3.22399999999946,11.1587518537572,0.417875709588881,0.693686196740691,0.544999999915196,0.044820775498977,-0.907767938685791,10.8951333991186,0.176323257695622,0.003431
13.64,-2.97473241871884,-0.280916006409041,3.2279999999841,11.1799567734563,1.40969692015915,0.00067804990140559,0.20000000004528,-2.97700573082149,-0.280789267280041,3.22799999999946,11.1794437489465,0.426700558329942,0.692301462859996,0.544999999633816,0.0444335101240159,-1.02685699925266,10.8844513779681,0.176327232269693,0.0034535
13.66,-2.96925898755347,-0.308603371703504,3.23199999998369,11.2005491885457,1.41266707544484,0.000689606403465109,0.199999999913453,-2.97155191366822,-0.308521170474271,3.23199999999946,11.2000537996476,0.435497417234613,0.690765037034138,0.544999999698756,0.0440330643851552,-1.14573876695101,10.8726608088221,0.176338027827759,0.0033553
13.68,-2.96320424577292,-0.336233559786367,3.23599999998087,11.2210507883701,1.41595795523016,0.000700522959990811,0.199999999805006,-2.96551565696989,-0.336196048167842,3.23599999999945,11.2205731213402,0.444254290884726,0.689081213814654,0.544999999746835,0.043620698010962,-1.26438996740619,10.8597638705934,0.176355156921434,0.0034273
13.7,-2.95656938504452,-0.363801171464798,3.23999999997606,11.2414530394036,1.41956475609896,0.000710784302587299,0.199999999713866,-2.95889814376753,-0.363808476151645,3.23999999999945,11.2409931420689,0.452959521341774,0.687254637165544,0.544999999782107,0.0431976675404205,-1.38278737165066,10.845762958394,0.17637814325983,0.0035212
13.72,-2.94935570979761,-0.391300819953226,3.24399999996955,11.2617477435077,1.42348225835095,0.000720378386762386,0.199999999635425,-2.95170067102193,-0.391353042456417,3.24399999999945,11.2613056261303,0.461601819826975,0.685290261837216,0.544999999807822,0.0427652162139978,-1.50090780063971,10.8306606830587,0.176406523625251,0.0034713
13.74,-2.94156463694561,-0.41872713186441,3.24799999996157,11.2819270588212,1.42770484496333,0.000729296350751827,0.199999999566241,-2.94392464935989,-0.418824348413466,3.24799999999945,11.2815026951271,0.470170314910564,0.683193702646113,0.545000000553858,0.0423245957392535,-1.61872812975645,10.8144598706291,0.176439847119552,0.0034094
13.76,-2.93319769543633,-0.44607474815865,3.25199999995489,11.3019835185673,1.4322265224304,0.00073754751059869,0.19999999976563,-2.93557160279797,-0.446217009712802,3.25199999999945,11.3015768463038,0.478654502339456,0.680969684626071,0.545000000395898,0.0418769244749503,-1.73622529330324,10.7971635617985,0.176477685755674,0.0034179
13.78,-2.92425652609522,-0.473338325162959,3.25599999995163,11.3219100453827,1.4370409390641,0.000745113234040138,0.199999999908153,-2.92664316844428,-0.473525657458464,3.25599999999945,11.3215209681204,0.487044381516187,0.678624268568985,0.545000000276914,0.0414234277260493,-1.85337628897693,10.7787750113179,0.176519615835213,0.0035599
13.8,-2.91474288145306,-0.500512535595604,3.25999999995079,11.3416999638103,1.44214140858481,0.00075199434951789,0.200000000007842,-2.91714109617789,-0.500744939220821,3.25999999999944,11.34132835305,0.495330396591707,0.676163325632147,0.545000000187903,0.0409652153165051,-1.97015818234362,10.7592976873609,0.176565232653401,0.0039457
13.82,-2.90465862524992,-0.527592069512534,3.26399999995162,11.3613470113443,1.44752093140312,0.000758193890274701,0.200000000075486,-2.90706724830631,-0.527869520085657,3.26399999999944,11.3609927076248,0.503503469639878,0.673592872532702,0.54500000012186,0.0405033647429133,-2.08654811129601,10.7387352708484,0.176614146860877,0.0035186
13.84,-2.89400573207416,-0.554571635287319,3.26799999995357,11.3808453453307,1.45317221684346,0.000763717449006729,0.200000000119356,-2.89642359920089,-0.554894083699827,3.26799999999944,11.380508159781,0.511554987029046,0.670918543988975,0.544999998869969,0.0400388703589887,-2.20252329049457,10.7170916547364,0.176665986441103,0.0037021
13.86,-2.88278628718023,-0.581445960659918,3.27199999995189,11.400189546754,1.45908770440683,0.000768553569182583,0.199999999712545,-2.88521223491019,-0.581813333313281,3.27199999999944,11.3998692635833,0.519476900422743,0.668147551879521,0.544999999133841,0.0395728156838622,-2.31806101579665,10.694370943262,0.176720383511823,0.004029
13.88,-2.87100248589176,-0.608209793645786,3.27599999994302,11.4193746238514,1.46525958925357,0.000772734171515812,0.199999999400727,-2.87343535275157,-0.608621992817254,3.27599999999944,11.4190710014352,0.527261589887377,0.665285659148771,0.544999999291134,0.0391060463042441,-2.43313866867512,10.6705774511497,0.176776999460945,0.003581
13.9,-2.85865663299536,-0.634857903437526,3.27999999992848,11.4383960121251,1.47167984190239,0.0007762709445307,0.199999999145536,-2.86109526088091,-0.635314807778406,3.27999999999944,11.4381087839003,0.534901957048455,0.662339150708255,0.544999999348152,0.0386394559879338,-2.54773372060512,10.6457157027835,0.176835504999779,0.0036074
13.92,-2.84575114251184,-0.661385081447608,3.28399999990905,11.4572495704453,1.47834023107647,0.00077917836397673,0.19999999891087,-2.84819437784055,-0.661886546468728,3.28399999999943,11.45697844728,0.542391400572654,0.659314308700225,0.544999999397217,0.038173868891084,-2.66182373743941,10.6197904313385,0.176895584580466,0.0037583
13.94,-2.83228853724974,-0.687786142280928,3.28799999988509,11.47593157703,1.48523234554395,0.000781472900477568,0.199999998693869,-2.83473523208569,-0.688332000890999,3.28799999999943,11.4756762491071,0.549723808646871,0.656217382187225,0.544999999441004,0.0377100510987541,-2.77538638376883,10.5928065778728,0.176956936759508,0.0042248
13.96,-2.81827144834098,-0.714055924706197,3.29199999985696,11.4944387231139,1.49234761542542,0.000783172636784955,0.19999999849263,-2.82072046148918,-0.714645987799589,3.29199999999943,11.4941988617234,0.556893551849818,0.65305456469393,0.544999999481433,0.0372487131673322,-2.88839942726462,10.5647692903801,0.177019273455246,0.0038075
13.98,-2.80370261475934,-0.740189292626155,3.29599999982494,11.5127681048207,1.49967733299486,0.000784297059837175,0.199999998305946,-2.80615281282477,-0.740823349716423,3.29599999999943,11.5125433641217,0.563895473035544,0.649831971969786,0.54499999951984,0.0367905110176931,-3.00084074300177,10.5356839228042,0.177082319473347,0.0038519
14,-2.78858488282097,-0.76618113604654,3.29999999978933,11.5309172134819,1.50721267286204,0.00078486686751559,0.199999998133088,-2.79103514122916,-0.766858955941889,3.29999999999943,11.5307072322317,0.570724875298017,0.646555621714628,0.544999999557149,0.0363360470168357,-3.11268831776276,10.5055560340135,0.177145812021849,0.003785
14.02,-2.7729212056665,-0.792026372043713,3.3039999997504,11.5488839245919,1.51494471146686,0.000784903781250181,0.199999997973662,-2.77537040964264,-0.792747703560503,3.30399999999942,11.5486883278342,0.577377508280176,0.643231415291562,0.544999999593914,0.0358858713774758,-3.22392025432093,10.4743913867383,0.177209500226013,0.0035007
14.04,-2.75671464272463,-0.817719945730821,3.30799999970841,11.566666485581,1.52286444582738,0.000784430364246865,0.199999997827471,-2.7591616882287,-0.818484518441128,3.30799999999942,11.5664848862869,0.583849553085213,0.639865121428849,0.544999999630462,0.0354404838491447,-3.33451477570287,10.4421959464684,0.177273144650526,0.0034374
14.06,-2.73996835915694,-0.843256831222329,3.31199999966363,11.5842635025847,1.53096281149376,0.000783469846341199,0.199999997694437,-2.74241215377247,-0.844064356231552,3.31199999999942,11.5840955032388,0.590137606041636,0.636462361895625,0.54499999966707,0.0350003356517114,-3.44445022942883,10.408975880312,0.177336516834103,0.0038211
14.08,-2.72268562528366,-0.86863203259672,3.31599999961632,11.6016739263821,1.53923069967123,0.000782045956749586,0.199999997574582,-2.7251250890584,-0.869482203347226,3.31599999999942,11.6015191205083,0.596238661545644,0.633028599078175,0.544999999703632,0.0345658315978641,-3.55370509173065,10.3747375558169,0.177399398843283,0.0036994
14.1,-2.70486981599017,-0.893840584857122,3.31999999956675,11.6188970376663,1.54765897348435,0.00078018276459044,0.19999999746789,-2.70730388222699,-0.894733077953978,3.31999999999942,11.6187550112891,0.602150362069459,0.629569682833265,0.545000004080167,0.0341373924683787,-3.66225797174628,10.3394875397521,0.177461572529292,0.0042347
14.12,-2.68652440986258,-0.918877554838516,3.32399999953079,11.6359324330968,1.55623849421194,0.000777925754220487,0.19999999893675,-2.68895202611097,-0.919812030944489,3.32399999999942,11.6358027648436,0.607869933634225,0.626089572560613,0.545000002863182,0.0337151749335776,-3.77008761568685,10.3032325968532,0.177522866418165,0.0042578
14.14,-2.66765298881811,-0.943738042226336,3.32799999951983,11.6527800073372,1.56496010445412,0.000775273629790809,0.199999999967495,-2.67007311755083,-0.944714146908369,3.32799999999941,11.6526622708283,0.613395832460232,0.622593796883855,0.545000001954904,0.0332995892766098,-3.87717291097229,10.2659796885288,0.177583077611594,0.0036384
14.16,-2.6482592376679,-0.968417180604133,3.33199999952622,11.6694399367633,1.57381467712138,0.000772252754560274,0.200000000671261,-2.65067085669006,-0.969434545095612,3.33199999999941,11.6693337033916,0.618726224241796,0.619087091383922,0.545000001277555,0.0328908657127288,-3.98349289036126,10.2277359715257,0.177642027064085,0.0039532
14.18,-2.62834694320821,-0.992910138302551,3.33599999954425,11.6859126661225,1.58279310374284,0.000768887575052374,0.200000001131181,-2.63074904625001,-0.993968380373261,3.33599999999941,11.6858175051664,0.62385972511656,0.615573976897331,0.54500000077815,0.0324892033532661,-4.08902673604646,10.1885087965545,0.17769954331034,0.004474
14.2,-2.60791999361956,-1.01721211924855,3.33999999956967,11.7021988920537,1.59188631214353,0.000765200654512785,0.200000001411315,-2.61031159078467,-1.01831084417509,3.33999999999941,11.7021143712743,0.628795708833084,0.612058829847922,0.545000000416547,0.0320947559776329,-4.19375378372225,10.1483057068842,0.177755462463048,0.00397
14.22,-2.58698237768119,-1.04131836399384,3.3439999995994,11.7182995465562,1.60108529619715,0.000761215848454499,0.200000001561272,-2.58936249591554,-1.04245716544411,3.34399999999941,11.7182252334436,0.633533269335966,0.608545782970069,0.545000000158307,0.0317076908485477,-4.29765352662528,10.1071344368976,0.177809630205646,0.0038339
14.24,-2.56553818398087,-1.06522415070847,3.34799999963119,11.7342157813793,1.61038110400709,0.000756956277126336,0.200000001618262,-2.56790586754652,-1.06640261156771,3.34799999999941,11.7341512443317,0.638071926856297,0.605038782993275,0.544999999977909,0.0313281232325081,-4.40070561954171,10.0650029106062,0.177861899310026,0.0041664
14.26,-2.54359160021039,-1.08892479606362,3.35199999966348,11.7499489530603,1.61976485428599,0.000752444280283431,0.20000000161031,-2.54594591105929,-1.09014248930532,3.3519999999994,11.7498937621337,0.64241143638454,0.601541578533139,0.544999999855723,0.0309561467953363,-4.50288988278583,10.0219192401276,0.177912129952229,0.0057051
14.28,-2.52114691239231,-1.11241565616019,3.35599999969516,11.7655006078432,1.62922774495333,0.000747701524037041,0.20000000155837,-2.52348693048904,-1.11367214570823,3.3559999999994,11.765454335545,0.64655177104727,0.598057722079875,0.544999999776696,0.0305918328785163,-4.60418630614881,9.97789172412705,0.177960189437591,0.0043072
14.3,-2.49820850408635,-1.13569212745216,3.35999999972553,11.7808724671037,1.63876106098725,0.000742748969682323,0.20000000147798,-2.50053332768097,-1.13698696903163,3.3599999999994,11.7808346891385,0.650493106109011,0.59459057276079,0.544999999729347,0.0302352320572276,-4.70457505281617,9.93292884622185,0.17800595193988,0.0040763
14.32,-2.47478085557545,-1.15874964766452,3.36399999975411,11.7960664132513,1.64835618156229,0.000737606826475061,0.200000001380546,-2.4770896014275,-1.16008238963851,3.3639999999994,11.7960367092058,0.654235803647235,0.591143299830099,0.544999999704925,0.0298863760012924,-4.80403646325302,9.88703927334874,0.178049298247637,0.0044808
14.34,-2.45086854303148,-1.18158369670516,3.36799999978066,11.8110844761359,1.65800458650679,0.000732294508730919,0.200000001274319,-2.45316034658652,-1.18295388089531,3.3679999999994,11.8110624301014,0.657780397934527,0.587718886795746,0.544999999696821,0.0295452792936118,-4.90255105905637,9.84023185409482,0.178090115516514,0.0041331
14.36,-2.42647623766061,-1.2041897975706,3.37199999980506,11.8259288199882,1.66769786211528,0.000726830600170798,0.200000001165174,-2.42875025318082,-1.20559696005916,3.37199999999939,11.8259140211245,0.66112758155091,0.584320136091868,0.544999999700062,0.0292119411492459,-5.00009954677367,9.79251561699213,0.178128297024618,0.0037753
14.38,-2.40160870482852,-1.22656351724507,3.37599999982728,11.8406017309176,1.67742770635134,0.000721232825580429,0.200000001057196,-2.40386410547877,-1.22800718915644,3.37599999999939,11.8405937739598,0.664278192239771,0.580949674210246,0.544999999710933,0.0288863470260712,-5.09666282168678,9.74389976877607,0.178163741930962,0.0043152
14.4,-2.37627080316535,-1.24870046759263,3.37999999984738,11.8551056049855,1.68718593347702,0.000715518029379987,0.200000000953133,-2.37850678105665,-1.25018017585267,3.37999999999939,11.8551040906973,0.667233200512838,0.577609957209791,0.544999999726691,0.0285684701269477,-5.19222197156046,9.69439369260804,0.17819635503478,0.0042584
14.42,-2.35046748365062,-1.27059630624192,3.38399999986546,11.869442936864,1.69696447814418,0.000709702160615556,0.200000000854741,-2.35268324984255,-1.27211157431337,3.38399999999939,11.8694474724405,0.669993698001897,0.574303276529773,0.544999999745313,0.0282582727955035,-5.28675828035478,9.64400694626253,0.178226046535821,0.0037854
14.44,-2.32420378867821,-1.29224673746336,3.38799999988164,11.8836163090868,1.70675539898321,0.000703800263890261,0.200000000763054,-2.32639857314225,-1.29379708605582,3.38799999999939,11.8836265085092,0.672560886549163,0.57103176503797,0.544999999765353,0.0279557078088842,-5.38025323190041,9.59274926027897,0.178252731794996,0.0040971
14.46,-2.29748485110146,-1.31364751303825,3.39199999989606,11.897628381891,1.71655088172341,0.000697826475740283,0.200000000678581,-2.29965790264716,-1.31523246079157,3.39199999999939,11.8976438662368,0.67493606802261,0.5677974032518,0.544999999785766,0.0276607195711623,-5.47268851353617,9.54063053607863,0.178276331094313,0.0043485
14.48,-2.27031589325866,-1.33479443311959,3.39599999990886,11.911481883648,1.72634324187866,0.000691794025987585,0.200000000601457,-2.27246647942451,-1.33641349725943,3.39599999999938,11.9115022813585,0.677120633519992,0.564602025467213,0.544999999800414,0.0273732451708185,-5.564046019708,9.48766084404694,0.178296769414452,0.0042469
14.5,-2.24270222597945,-1.35568334708399,3.39999999992017,11.9251796018734,1.73612492697848,0.000685715236763724,0.200000000529606,-2.24482963289006,-1.35733604404892,3.39999999999938,11.9252045489835,0.679116059848983,0.561447327009393,0.544999999821451,0.0270932155846388,-5.65430785552856,9.43385042158158,0.178313976113835,0.0037936
14.52,-2.21464924757094,-1.37631015437514,3.40399999993012,11.938724374809,1.74588851863854,0.000679601555982032,0.200000000465328,-2.21675277976349,-1.37799600041391,3.40399999999938,11.9387535151387,0.680923893499959,0.558334869369196,0.544999999840943,0.0268205562372896,-5.74345634029663,9.37920967110662,0.178327884819113,0.0038276
14.54,-2.18616244278476,-1.39667080533793,3.40799999993885,11.9521190835601,1.75562673397447,0.00067346354288834,0.200000000408068,-2.18824142300662,-1.39838931707631,3.40799999999938,11.9521520688717,0.682545748406098,0.555266087480894,0.544999999858813,0.0265551881723618,-5.83147401097566,9.32374915805313,0.178338433092768,0.0041956
14.56,-2.157247381766,-1.41676130204255,3.4119999999465,11.9653666447718,1.76533242691402,0.000667310897430419,0.20000000035724,-2.15930115074478,-1.41851199701972,3.41199999999938,11.9654031348974,0.683983297744492,0.552242295855558,0.544999999875067,0.0262970286851122,-5.91834362563055,9.2674796088066,0.178345562216688,0.0042304
14.58,-2.12790971898306,-1.43657769909895,3.4159999999532,11.9784700038295,1.77499858917168,0.00066115247898773,0.200000000312265,-2.12993763517151,-1.4383600962728,3.41599999999938,11.9785096667695,0.68523826762566,0.549264694850966,0.544999999889745,0.0260459920355738,-6.00404816682208,9.21041190862161,0.178349216952776,0.0038576
14.6,-2.09815519213899,-1.45611610446118,3.41999999995905,11.9914321285652,1.78461835096406,0.000654996328429512,0.200000000272573,-2.10015663143665,-1.45792972468224,3.41999999999937,11.9914746405593,0.686312431330838,0.546334376832865,0.544999999902931,0.0258019900843358,-6.08857084495813,9.15255709950415,0.17834934530517,0.0037643
14.62,-2.06798962106457,-1.47537268022121,3.42399999996415,12.0042560034464,1.79418498149039,0.000648849692478878,0.200000000237628,-2.06996397651836,-1.47721704667516,3.42399999999937,12.0043010490209,0.687207604066887,0.543452332205519,0.54499999991472,0.025564932865995,-6.17189510160094,9.09392637806191,0.178345898284498,0.0042534
14.64,-2.03741890659338,-1.49434364339218,3.4279999999686,12.0169446242302,1.80369188920102,0.000642719049954672,0.200000000206927,-2.03936558807893,-1.49621828201088,3.42799999999937,12.0169918962224,0.687925638208705,0.540619455293212,0.54499999992522,0.0253347291066092,-6.25400461272985,9.03453109332305,0.178338829674812,0.0037733
14.66,-2.00644902941917,-1.5130252666806,3.43199999997246,12.0295009930596,1.8131326218754,0.000636610139576918,0.200000000180006,-2.00836746330489,-1.51492970652179,3.43199999999937,12.0295501926217,0.688468418999439,0.53783655005787,0.544999999934534,0.0251112866898199,-6.33488329195858,8.97438274452393,0.178328095803269,0.0040233
14.68,-1.97508604893575,-1.53141387924741,3.43599999997583,12.0419281139809,1.82250086652961,0.000630527989060268,0.200000000156439,-1.97697567773147,-1.53334765284319,3.43599999999937,12.0419789505658,0.688837860679184,0.535104335640798,0.544999999942772,0.0248945130758366,-6.41451529370647,8.91349297886604,0.178313655313997,0.003763
14.7,-1.94333610205966,-1.54950586745756,3.43999999997875,12.0542289888615,1.83179044917194,0.000624476945240524,0.200000000135837,-1.94519638405176,-1.55146851113212,3.43999999999936,12.0542811801913,0.689035903013859,0.532423451719238,0.544999999950039,0.0246843156772039,-6.49288501632306,8.85187358924288,0.178295468946125,0.0039563
14.72,-1.91120540203601,-1.56729767561799,3.44399999998129,12.0664066136863,1.84099533442421,0.000618460704998409,0.200000000117851,-1.91303581091068,-1.56928872977476,3.44399999999936,12.0664598857055,0.6890645081965,0.52979446367103,0.54499999995644,0.0244806021951244,-6.5699771051651,8.7895365119369,0.17827349931672,0.0041839
14.74,-1.87870023722758,-1.58478580670363,3.44799999998349,12.0784639752117,1.8501096250246,0.000612482346768613,0.20000000010217,-1.88050026168411,-1.58680481608255,3.44799999999936,12.0785180620266,0.688925658094614,0.527217867542459,0.544999999962065,0.0242832809196748,-6.64577645562557,8.72649382428736,0.178247710709011,0.0042528
14.76,-1.84582696988774,-1.60196682307142,3.45199999998539,12.0904040479564,1.85912756122705,0.000606544362433184,0.200000000088513,-1.84759611324341,-1.60401333697667,3.45199999999936,12.0904586917619,0.688621351818042,0.524694094816517,0.544999999966999,0.0240922609972351,-6.7202682161139,8.66275774232922,0.178218068866882,0.0042378
14.78,-1.81259203491722,-1.6188373471619,3.45599999998705,12.1022297915096,1.8680435201109,0.000600648689419572,0.200000000076633,-1.81432981470541,-1.62091091966089,3.45599999999936,12.1022847425052,0.68815360358305,0.522223516980348,0.544999999971317,0.0239074526680565,-6.79343779098676,8.59834061840382,0.178184540795581,0.0047702
14.8,-1.7790019386053,-1.63539406218844,3.45999999998848,12.1139441481364,1.87685201481342,0.000594796742839896,0.200000000066307,-1.78070788616842,-1.63749425228256,3.45999999999936,12.1139991644317,0.687524440849646,0.519806449892029,0.544999999975089,0.0237287674767773,-6.86527084342886,8.53325493874168,0.178147094568953,0.004192
14.82,-1.74506325735544,-1.65163371281365,3.46399999998971,12.125550040662,1.88554769369665,0.000588989447521215,0.200000000057339,-1.74673691743417,-1.6537600845817,3.46399999999935,12.1256048881731,0.686735902710173,0.517443157948129,0.544999999978386,0.0235561184584045,-6.93575329828301,8.46751332101806,0.178105699144498,0.0041645
14.84,-1.710782636396,-1.66755310581303,3.46799999999078,12.1370503706161,1.89412533945943,0.00058322726979196,0.200000000049558,-1.71242356671619,-1.66970522852798,3.46799999999935,12.1371048229545,0.685790038508657,0.515133858054548,0.544999999981266,0.0233894203021649,-7.004871344829,8.40112851188163,0.17806032418547,0.0044011
14.86,-1.67616678847606,-1.68314911072558,3.47199999999171,12.1484480166204,1.90257986820391,0.000577510248904409,0.200000000042813,-1.67777455933471,-1.68532655894552,3.47199999999935,12.1485018549746,0.684688906671446,0.512878723403955,0.544999999983774,0.0232285894953286,-7.07261143951053,8.33411338445692,0.178010939890959,0.004253
14.88,-1.64122249254685,-1.69841866049112,3.4759999999925,12.1597458330029,1.91090632846574,0.00057183802798418,0.200000000036972,-1.64279668639853,-1.70062101412539,3.47599999999935,12.1597988460133,0.683434573731056,0.510677887063979,0.544999999985961,0.0230735444490592,-7.13896030860974,8.266480935821,0.177957516834076,0.003886
14.9,-1.60595659242908,-1.7133587520744,3.47999999999319,12.1709466486222,1.91909990021556,0.000566209884411885,0.200000000031918,-1.60749680347382,-1.71558559642561,3.47999999999935,12.1709986322513,0.682029113526131,0.508531445380796,0.544999999987862,0.0229242056080366,-7.20390495086865,8.19824428445489,0.17790002580824,0.0038995
14.92,-1.57037599546643,-1.72796644707561,3.48399999999378,12.1820532658879,1.9271558938393,0.000560624759550815,0.200000000027548,-1.57188182924048,-1.73021737285866,3.48399999999934,12.1821040232846,0.680474606561654,0.506439461203339,0.544999999989519,0.0227804955455642,-7.26743264005711,8.12941666767034,0.177838437682236,0.0042399
14.94,-1.53448767116566,-1.74223887232727,3.4879999999943,12.1930684599617,1.93506974910374,0.000555081287746893,0.200000000023775,-1.53595874413596,-1.74451347566631,3.48799999999934,12.1931178013219,0.678773139514822,0.504401966933739,0.544999999990954,0.0226423390456606,-7.32953092748651,8.0600114390124,0.177772723263371,0.0040954
14.96,-1.49829864982349,-1.75617322047738,3.49199999999474,12.2039949781264,1.94283703411311,0.000549577824537149,0.200000000020519,-1.49973458898712,-1.75847110288159,3.49199999999934,12.20404272055,0.676926804872746,0.50241896740977,0.544999999992202,0.0225096631734879,-7.39018764446891,7.99004206563843,0.177702853169799,0.0038961
14.98,-1.4618160211408,-1.76976675055865,3.49599999999512,12.2148355393099,1.95045344426222,0.00054411247400969,0.200000000017712,-1.46321646363017,-1.77208751887796,3.49599999999934,12.2148815066543,0.674937700686449,0.500490442625556,0.544999999993283,0.0223823973354267,-7.44939090472097,7.91952212567407,0.177628797711009,0.003955
15,-1.42504693282428,-1.78301678854368,3.49999999999545,12.2255928337523,1.9579148011906,0.000538683115273874,0.200000000015294,-1.42641152551906,-1.78536005490546,3.49999999999934,12.225636856483,0.672807930428351,0.498616350295946,0.5449999999942,0.022260473329744,-7.50712910671219,7.84846530554666,0.177550526777737,0.0043008
15.02,-1.38799858917605,-1.79592072788602,3.50399999999574,12.2362695228044,1.96521705174174,0.000533287427980679,0.200000000013205,-1.38932698832263,-1.79828610961368,3.50399999999934,12.2363114378436,0.670539602991465,0.496796628274005,0.544999999994996,0.0221438253898113,-7.56339093595695,7.77688539729681,0.177468009738473,0.0045407
15.04,-1.35067824967144,-1.80847603004704,3.50799999999598,12.2468682388474,1.97235626693301,0.00052792291693885,0.200000000011404,-1.35197012051066,-1.8108631495616,3.50799999999933,12.2469078894204,0.668134832696309,0.495031196821801,0.544999999995686,0.0220323902185674,-7.61816536724994,7.70479629586855,0.177381215347669,0.00414
15.06,-1.31309322752538,-1.82068022500835,3.5119999999962,12.2573915853243,1.97932864093641,0.000522586935662665,0.200000000009851,-1.31434824392925,-1.82308870971412,3.51199999999933,12.2574288208039,0.665595739432087,0.493319960747073,0.544999999996293,0.0219261070179774,-7.67144166684448,7.63221199637875,0.177290111660305,0.004248
15.08,-1.27525088824759,-1.83253091176986,3.51599999999638,12.2678421368726,1.98613049007534,0.000517276708962454,0.200000000008516,-1.27646873236574,-1.8349603939251,3.51599999999933,12.2678768126226,0.662924448848812,0.491662811408371,0.544999999996826,0.0218249175121408,-7.72320939457319,7.55914659136628,0.177194665955652,0.0042177
15.1,-1.23715864818719,-1.84402575883323,3.51999999999654,12.2782224395513,1.99275825183926,0.000511989354504807,0.200000000007374,-1.2383390101034,-1.84647587540702,3.51999999999933,12.2782544167682,0.660123092613517,0.490059628595912,0.544999999997291,0.0217287659655914,-7.77345840591074,7.48561426802157,0.177094844669108,0.0039879
15.12,-1.19882397306672,-1.85516250467081,3.52399999999668,12.2885350111522,1.99920848391849,0.000506721903348467,0.200000000006399,-1.19996655046624,-1.85763289718691,3.52399999999933,12.2885641567066,0.657193808729095,0.48851028229443,0.544999999997691,0.0216375991973616,-7.82217885397813,7.41162930539709,0.176990613331862,0.0040462
15.14,-1.16025437650619,-1.86593895817973,3.5279999999968,12.2987823415903,2.00547786326161,0.000501471319466395,0.200000000005568,-1.16135887435429,-1.86842927254874,3.52799999999933,12.2988085278671,0.654138741892791,0.487014634333062,0.544999999998036,0.021551366591097,-7.86936119148818,7.33720607159945,0.176881936518981,0.0038814
15.16,-1.12145741853742,-1.87635299912131,3.5319999999969,12.3089668933644,2.01156318515654,0.000496234518238759,0.200000000004861,-1.12252354876943,-1.87886288546194,3.53199999999932,12.3089899981026,0.65096004390192,0.485572539928432,0.544999999998334,0.0214700201020062,-7.91499617263167,7.26235902096348,0.176768777805124,0.0038012
15.18,-1.08244070410888,-1.88640257854564,3.53599999999699,12.3190911020827,2.01746136233711,0.000491008383930695,0.200000000004262,-1.0834681853323,-1.88893169099608,3.53599999999932,12.319111008215,0.647659874096307,0.484183849126319,0.544999999998594,0.0213935142609654,-7.95907485490403,7.18710269120922,0.176651099727365,0.0038331
15.2,-1.04321188158161,-1.89608571920113,3.53999999999707,12.3291573770474,2.02316942411622,0.000485789786164653,0.200000000003756,-1.04420043879035,-1.89863371572166,3.53999999999932,12.3291739725387,0.644240399834557,0.482848408147342,0.544999999998825,0.0213218061762719,-8.00158860087187,7.11145170058204,0.176528863756373,0.0038555
15.22,-1.00377864121639,-1.90540051592921,3.54399999999714,12.3391681018919,2.02868451554672,0.000480575595404854,0.200000000003333,-1.0047280055176,-1.90796705809684,3.54399999999932,12.3391812795789,0.640703797000451,0.48156606064156,0.54499999999902,0.0212548555333064,-8.04252907987932,7.03542074497684,0.176402030273496,0.0040137
15.24,-0.964148713652508,-1.91434513604392,3.5479999999972,12.3491256352665,2.03400389661077,0.00047536269746723,0.20000000000298,-0.965058622006053,-1.91692988884014,3.54799999999932,12.3491352926964,0.637052250534875,0.480336648857026,0.544999999999191,0.021192624592532,-8.08188826969357,6.95902459504663,0.176270558555338,0.0038516
15.26,-0.924329868378602,-1.92291781969647,3.55199999999726,12.3590323115684,2.03912494143863,0.00047014800707651,0.200000000002689,-0.92520006334942,-1.92552045128888,3.55199999999931,12.3590383508376,0.633287954988794,0.479160014726922,0.544999999999339,0.0211350781860405,-8.11965845808952,6.88227809329631,0.176134406765189,0.003826
15.28,-0.884329912195747,-1.93111688022462,3.55599999999731,12.3688904417095,2.04404513755715,0.000464928480492907,0.200000000002451,-0.885160141719154,-1.93373706174348,3.55599999999931,12.3688927693035,0.629413115098248,0.478036000879709,0.544999999999467,0.0210821837129507,-8.15583224437295,6.80519615116213,0.175993531950193,0.0039179
15.3,-0.844156687673252,-1.9389407044869,3.55999999999736,12.3787023139213,2.04876208516875,0.000459701127232536,0.200000000002259,-0.844946704833292,-1.94157810979743,3.55999999999931,12.3787008405534,0.625429946373726,0.476964451576561,0.544999999999582,0.0210339111338705,-8.19040254084224,6.72779374607752,0.175847890044975,0.0042939
15.32,-0.803818071597451,-1.94638775318165,3.5639999999974,12.3884701945903,2.05327349646101,0.000454463020907463,0.200000000002109,-0.8045676344183,-1.94904205865289,3.56399999999931,12.3884648350417,0.621340675705805,0.475945213580149,0.54499999999968,0.020990232964622,-8.22336257418806,6.65008591852581,0.175697435881182,0.00419
15.34,-0.763321973413845,-1.95345656115077,3.56799999999744,12.3981963291227,2.05757719494725,0.000449211309215482,0.200000000001993,-0.764030844664268,-1.95612744542186,3.56799999999931,12.3981870020829,0.617147541983546,0.474978136958474,0.544999999999758,0.0209511242693985,-8.25470588683092,6.57208776908049,0.175542123202156,0.0040091
15.36,-0.722676333662929,-1.96014573766821,3.57199999999748,12.4078829428341,2.06167111483827,0.000443943223105993,0.200000000001906,-0.72334428067373,-1.96283288141287,3.57199999999931,12.4078695707414,0.612850133615954,0.474062964869463,0.544999988698235,0.020916528771647,-8.28442633819626,6.4938144554337,0.175381930361817,0.004033
15.38,-0.681889123466137,-1.96645396659491,3.57599999995683,12.4175322411353,2.06555319443581,0.000438653452282508,0.199999995933271,-0.682515916904443,-1.96915705240313,3.5759999999993,12.4175147507456,0.60845643134763,0.473199783155622,0.54499999295681,0.0208865215935761,-8.31251810594099,6.41528118941497,0.175216738678327,0.0037124
15.4,-0.640968341727158,-1.97238000679088,3.57999999985014,12.42714641187,2.06922171015282,0.000433344820644146,0.199999993397723,-0.641553755606398,-1.9750987188961,3.5799999999993,12.4271247334215,0.603965621784964,0.472388339814281,0.544999996073079,0.0208610016898455,-8.33897568714293,6.33650323400202,0.175046537184036,0.0037917
15.42,-0.599922012518085,-1.97792269246232,3.58399999970396,12.4367276263777,2.0726749231268,0.000428013154366998,0.199999991984031,-0.600465825253396,-1.98065671636439,3.5839999999993,12.4367016926443,0.599380001388454,0.471628504513346,0.544999998320854,0.0208399731999703,-8.36379389933645,6.257495900311,0.174871275571391,0.0041882
15.44,-0.558758184724874,-1.98308093323837,3.5879999995376,12.4462780390534,2.07591120312816,0.000422655671137766,0.199999991379539,-0.559260178969481,-1.98582995547797,3.5879999999993,12.4462477858071,0.594701881760306,0.470920153875062,0.5449999999114,0.0208234268617331,-8.38696788152041,6.17827454458208,0.174690902667807,0.0048958
15.46,-0.517484930454133,-1.98785371438423,3.59199999936487,12.4557997888477,2.0789290280901,0.000417269932086582,0.199999991347642,-0.517944892950544,-1.99061742231766,3.5919999999993,12.4557651548026,0.589933590282761,0.470263171542468,0.545000001007484,0.0208113533566381,-8.40849309511881,6.09885456515826,0.174505366445492,0.0040899
15.48,-0.476110343435611,-1.99224009699865,3.59599999919545,12.4652950003434,2.08172698366335,0.000411853675159397,0.199999991710337,-0.476528064881404,-1.99501817857382,3.5959999999993,12.4652559270182,0.585077470740261,0.469657448555533,0.545000001734136,0.020803745453945,-8.42836532487773,6.01925139945586,0.174314614058056,0.003979
15.5,-0.434642537420836,-1.99623921819584,3.5999999990359,12.4747657847743,2.08430376279934,0.000406404790084683,0.199999992334626,-0.435017812348681,-1.99903136173026,3.59999999999929,12.474722216342,0.580135883963022,0.469102883739081,0.545000002187104,0.020800598345159,-8.44658067969821,5.93948052092753,0.174118591885551,0.0039823
15.52,-0.393089644578269,-1.99985029127196,3.60399999889046,12.4842142410422,2.08665816536287,0.000400921315620402,0.199999993121983,-0.393422271249771,-2.00265618523322,3.60399999999929,12.4841661241782,0.57511120848841,0.468599384059698,0.545000002439408,0.0208019096909686,-8.46313559340507,5.85955743601825,0.173917245582825,0.0037127
15.54,-0.351459813885342,-2.00307260585592,3.60799999876168,12.4936424567396,2.0887890977749,0.000395401440103529,0.19999999400017,-0.351749594198223,-2.00589193864557,3.60799999999929,12.4935897404713,0.570005841238229,0.468146864945943,0.545000002546497,0.0208076796223944,-8.47802682545137,5.77949768111497,0.173710520131762,0.0036494
15.56,-0.309761209517711,-2.00590552804493,3.61199999865086,12.503052509181,2.09069557268578,0.000389843502290274,0.199999994916909,-0.310007948925855,-2.00873798778597,3.61199999999929,12.5029951447371,0.56482219821002,0.467745250572694,0.545000002550252,0.0208179107348063,-8.49125146155862,5.69931681949056,0.173498359896296,0.0035266
15.58,-0.268002009236067,-2.00834850052432,3.61599999855837,12.5124464664385,2.09237670867919,0.000384245992031833,0.199999995835,-0.268205516681897,-2.01119377485319,3.61599999999929,12.5123844071012,0.559562715180658,0.467394474110832,0.545000002482098,0.0208326080807614,-8.50280691429247,5.61903043824257,0.173280708679895,0.0037295
15.6,-0.226190402770834,-2.01040104267213,3.61999999848401,12.5218263883849,2.09383173000693,0.000378607550725517,0.199999996728555,-0.226350490629487,-2.01325881853542,3.61999999999928,12.5217595893411,0.554229848420533,0.46709447794362,0.545000002365472,0.0208517791626311,-8.51269092357373,5.53865414522766,0.173057509785467,0.0042967
15.62,-0.184334590205055,-2.01206275064804,3.6239999984271,12.531194327739,2.09505996635474,0.000372926971546716,0.199999997580125,-0.18445107423984,-2.01493271410454,3.62399999999928,12.5311227459348,0.5488260754168,0.466845213851022,0.545000002217656,0.0208754339250821,-8.52090155712491,5.45820356599196,0.17282870607757,0.0041295
15.64,-0.142442780355803,-2.01333329746708,3.62799999838668,12.5405523311164,2.09606085263918,0.000367203199477951,0.199999998378481,-0.142515479684386,-2.01621513349548,3.62799999999928,12.5404759251119,0.543353895604435,0.466646643163023,0.545000002051263,0.0209035847474011,-8.52743721085191,5.37769434069836,0.172594240045921,0.0041072
15.66,-0.10052318915441,-2.0142124330578,3.63199999836164,12.5499024400829,2.09683392883555,0.000361435331152358,0.199999999116935,-0.100551926225213,-2.01710582537049,3.63199999999928,12.5498211699088,0.537815831121122,0.466498736884834,0.54500000187576,0.0209362464359292,-8.53229660916098,5.29714212105103,0.172354053870529,0.004046
15.68,-0.0585840380258256,-2.01469998430514,3.63599999835073,12.5592466922096,2.09737883983753,0.000355622614589873,0.199999999792209,-0.058568638604114,-2.01760461516837,3.63599999999928,12.5591605192258,0.532214427566953,0.466401475608526,0.545000001692639,0.020973436195921,-8.53547880521093,5.21656256721798,0.172108089699126,0.0037143
15.7,-0.0166335522673846,-2.01479585507803,3.63999999835266,12.568587122131,2.09769533534834,0.000349764442002914,0.200000000401559,-0.016573845430566,-2.01771140513868,3.63999999999928,12.5684960088866,0.526552254151727,0.466354849857227,0.54500000149606,0.0210151736571535,-8.5369831811004,5.13597134475224,0.171856289337751,0.0040872
15.72,0.0253200405724651,-2.01450002624169,3.64399999836608,12.5779257626026,2.09778326977883,0.000343860354376591,0.200000000940141,0.0254242224310529,-2.01742617436088,3.64399999999927,12.5778296726989,0.520831905328585,0.466358860068496,0.545000001286669,0.0210614808585842,-8.53680944799036,5.05538412151213,0.171598594451458,0.0038193
15.74,0.0672685123152967,-2.01381255565464,3.64799999838952,12.5872646455618,2.09764260221155,0.000337910042538367,0.200000001403342,0.0674173334746854,-2.01674897874842,3.64799999999927,12.5871635435167,0.515056002270668,0.466413516981886,0.545000001096697,0.0211123822849469,-8.53495764616171,4.9748165645815,0.171334946318954,0.0036818
15.76,0.109203635774019,-2.01273357815021,3.65199999842153,12.5966058031886,2.09727339642402,0.000331913360795132,0.200000001798152,0.109397257165943,-2.01567995103779,3.65199999999927,12.5964996543019,0.50922719177987,0.466518840801407,0.545000000924387,0.0211679046984762,-8.53142814500807,4.89428433719024,0.1710652865897,0.0037454
15.78,0.151117186373608,-2.01126330550286,3.65599999846082,12.6059512689665,2.0966758208682,0.000325870308476566,0.200000002130932,0.151355765555265,-2.01421930076243,3.65599999999927,12.6058400391869,0.503348147886907,0.466674861539827,0.545000000768092,0.0212280772577247,-8.52622164296371,4.81380309563599,0.170789557018169,0.0036203
15.8,0.193000943770541,-2.00940202637949,3.6599999985062,12.6153030787406,2.09585014871383,0.000319781031117638,0.200000002407445,0.193284634890565,-2.01236731421173,3.65999999999927,12.6151867345361,0.497421572600062,0.466881618940496,0.545000000625867,0.0212929314760105,-8.51933916736665,4.73338848620733,0.170507699535333,0.0038242
15.82,0.23484669347095,-2.00715010627556,3.66399999855661,12.6246632717753,2.09479675792107,0.0003136458197347,0.200000002632757,0.235175647229064,-2.01012435437485,3.66399999999927,12.6245417800062,0.491450196756386,0.46713916238207,0.545000000496692,0.0213625012037765,-8.51078207425708,4.65305614210938,0.170219656317702,0.0038361
15.84,0.276646228447211,-2.00450798743622,3.66799999861105,12.6340338918108,2.09351613134626,0.000307465110124771,0.200000002811566,0.277020592047974,-2.0074908608696,3.66799999999927,12.6339072196057,0.48543678078311,0.467447550743023,0.545000000379855,0.0214368226079767,-8.50055204811096,4.57282168039216,0.169925369858284,0.0037209
15.86,0.318391350752661,-2.00147618876225,3.67199999866865,12.643416988117,2.09200885687689,0.000301239481951991,0.200000002948314,0.318811267853735,-2.00446734985624,3.67199999999926,12.6432851027513,0.479384115459548,0.467806852234245,0.545000000274257,0.0215159341506703,-8.48865110150917,4.49270069888242,0.169624783037609,0.0038016
15.88,0.36007387313412,-1.9980553057011,3.6759999987286,12.6528146165449,2.09027562759558,0.000294969657732807,0.200000003047046,0.360539483789478,-2.00105441393634,3.67599999999926,12.6526774853227,0.473295022721587,0.46821714420503,0.545000000178322,0.0215998765666093,-8.47508157474191,4.41270877311957,0.169317839193874,0.0043757
15.9,0.401685620641883,-1.99424601012289,3.67999999879019,12.662228840574,2.08831724197437,0.000288656501924384,0.200000003111242,0.402197061240407,-1.99725272203659,3.67999999999926,12.6620864307129,0.467172356572065,0.468678512933906,0.545000000092059,0.0216886928412781,-8.45984613534883,4.33286145329624,0.169004482188369,0.0040673
15.92,0.443218432236924,-1.99004905018156,3.68399999885274,12.671661732356,2.08613460410331,0.000282301020586784,0.200000003144383,0.443775835436776,-1.99306301927773,3.68399999999926,12.6715140108753,0.461019003817307,0.469191053359379,0.545000000014851,0.0217824281758964,-8.44294777759468,4.25317426120405,0.1686846564763,0.003725
15.94,0.484664162394989,-1.98546525016107,3.68799999891568,12.6811153737535,2.08372872394611,0.000275904360571684,0.20000000314973,0.485267657054159,-1.98848612682845,3.68799999999926,12.6809623073661,0.454837884913919,0.469754868790643,0.544999999945668,0.0218811299562509,-8.42438982188085,4.17366268718538,0.168358307173907,0.0036815
15.96,0.526014682707241,-1.98049551030685,3.69199999897848,12.6905918573723,2.08110071762688,0.000269467809008881,0.20000000313017,0.526664393810688,-1.98352294174449,3.69199999999925,12.6904334123803,0.448631954869271,0.470370070592488,0.544999999884369,0.0219848477179947,-8.4041759140927,4.09434218709139,0.168025380121604,0.003905
15.98,0.567261883477186,-1.97514080664245,3.69599999904067,12.7000932875876,2.07825180774992,0.000262992793268537,0.200000003088543,0.567957932060949,-1.9781744367928,3.69599999999925,12.699929429782,0.442404204067685,0.471036777818642,0.544999999830753,0.0220936331014333,-8.38231002488301,4.01522817924724,0.167685821947386,0.0037381
16,0.608397675313564,-1.96940219077153,3.69999999910183,12.7096217815621,2.07518332374917,0.00025648088082072,0.200000003027614,0.609140178386237,-1.97244166026085,3.69999999999925,12.7094524761266,0.436157658838106,0.471755116702223,0.544999999767304,0.0222075397734694,-8.35879644889163,3.93633604142489,0.167339580191182,0.0037339
16.02,0.64941399071879,-1.96328078966521,3.70399999916154,12.7191794702546,2.07189670225676,0.000249933776205808,0.200000002943843,0.650203061180831,-1.96632573575123,3.70399999999925,12.7190046816748,0.429895383021144,0.472525220430591,0.544999999696932,0.0223266234561364,-8.33363980390148,3.85768110782402,0.166986603275722,0.0036895
16.04,0.690302785672781,-1.95677780543489,3.70799999921933,12.7287684994188,2.06839348753037,0.000243353326205446,0.200000002834739,0.691138532234004,-1.95982786196134,3.70799999999925,12.7285881913959,0.42362047897663,0.473347228770609,0.54499999965411,0.022450941863506,-8.30684502993108,3.77927866606191,0.166626840477355,0.0040805
16.06,0.731056041212153,-1.94989451509031,3.71199999927478,12.7383910305928,2.06467533191638,0.000236741525294319,0.200000002710219,0.73193856830745,-1.95294931244856,3.71199999999926,12.7382051659607,0.417336087395268,0.474221287127271,0.544999999630951,0.0225805544823506,-8.27841738826389,3.7011439541726,0.166260242195472,0.0037823
16.08,0.771665765004131,-1.94263227028325,3.71599999932766,12.7480492420729,2.06074399630104,0.000230100507073776,0.200000002577361,0.772595172707805,-1.94569143538054,3.71599999999926,12.7478577827208,0.411045388863393,0.475147546180278,0.544999999621635,0.0227155226393315,-8.24836246041455,3.62329215761597,0.165886759915374,0.0036932
16.1,0.812123992914701,-1.93499249703685,3.71999999937784,12.7577453298727,2.05660135061937,0.000223432547969625,0.20000000244115,0.813100376853979,-1.93805565327102,3.71999999999926,12.7575482366736,0.404751604776335,0.476126161261198,0.544999999621793,0.0228559093875729,-8.21668614703221,3.54573840629754,0.165506346261505,0.0036943
16.12,0.852422790570954,-1.92697669546069,3.7239999994253,12.7674815086648,2.0522493743954,0.000216740069210613,0.200000002304995,0.853446241838973,-1.93004346270101,3.72399999999926,12.7672787414107,0.398457998288672,0.477157291681466,0.544999999628223,0.0230017794102539,-8.18339466674139,3.46849777159915,0.165118955048558,0.003808
16.14,0.892554254917322,-1.91858643945158,3.72799999947006,12.7772600127043,2.04769015731495,0.00021002563891988,0.200000002171155,0.893624859985876,-1.92165643402547,3.72799999999926,12.7770515300475,0.392167875260317,0.478241100003341,0.544999999638653,0.0231531989168606,-8.14849455492035,3.39158526342151,0.164724541329965,0.0036999
16.16,0.93251051576544,-1.90982337638017,3.73199999951219,12.7870830967315,2.04292589983042,0.000203291974507858,0.20000000204107,0.933628356397751,-1.91289621106555,3.73199999999926,12.7868688561328,0.385884585208654,0.479377751251874,0.544999999651411,0.0233102355289763,-8.11199266241738,3.31501582723893,0.164323061444524,0.0036817
16.18,0.972283737337315,-1.9006892267635,3.73599999955175,12.7969530368497,2.03795891379753,0.000196541945428054,0.200000001915578,0.973448890501088,-1.90376451078637,3.73599999999926,12.7967329945334,0.379611522274536,0.480567412066614,0.544999999665452,0.0234729581545346,-8.07389615420522,3.23880434116683,0.163914473059618,0.0036196
16.2,1.01186611980154,-1.89118578392342,3.73999999958886,12.8068721313775,2.03279162314424,0.0001897785763777,0.200000001795141,1.01307865758254,-1.89426312296057,3.73999999999926,12.8066462422943,0.373352126181047,0.481810249786009,0.544999999680159,0.0236414368481317,-8.03421250797394,3.1629656130427,0.163498735211378,0.0037194
16.22,1.05124990080228,-1.88131491363116,3.74399999962361,12.8168427016708,2.02742656457127,0.000183005050885457,0.200000001679998,1.05250989031861,-1.88439390981746,3.74399999999927,12.8166109194682,0.367109883203038,0.483106431464271,0.544999999695584,0.0238157426577591,-7.99294951266239,3.08751437752094,0.163075808338758,0.0037084
16.24,1.0904273569807,-1.87107855373794,3.74799999965611,12.8268670929114,2.02186638828442,0.000176224715373186,0.200000001570408,1.09173486029806,-1.87415880567811,3.74799999999927,12.826629369913,0.36088832712238,0.484456122805382,0.544999999710388,0.0239959474524801,-7.95011526692883,3.01246529318228,0.162645654342327,0.0036687
16.26,1.12939080548862,-1.86047871379186,3.75199999968648,12.83694767486,2.01611385875762,0.000169441083424179,0.200000001466148,1.13074587953662,-1.86355981657619,3.75199999999927,12.8367039620531,0.354691040197671,0.485859487036534,0.544999999724605,0.024182123741322,-7.90571817756063,2.93783293965815,0.162208236590164,0.0038534
16.28,1.16813260549407,-1.84951747464097,3.75599999971481,12.8470868425667,2.01017185552721,0.000162657840885223,0.200000001367006,1.16953530198384,-1.85259901986484,3.75599999999927,12.8468370896001,0.34852165411229,0.487316683685549,0.544999999738272,0.0243743444654079,-7.85976695782382,2.8636318147707,0.161763519954258,0.0040084
16.3,1.20664515967854,-1.83819698802284,3.75999999974121,12.857287017038,2.00404337401616,0.000155878851172439,0.200000001272784,1.2080955250217,-1.84127856380949,3.75999999999927,12.8570311722294,0.342383850915638,0.488827867275771,0.544999999751433,0.0245726827744436,-7.81227062575239,2.789876331689,0.161311470828623,0.0038534
16.32,1.24492091572551,-1.82651947614048,3.76399999976577,12.8675506458528,1.99773152638777,0.000149108161106722,0.200000001183299,1.2464189909547,-1.82960066716686,3.76399999999927,12.8672886562069,0.336281363941222,0.490393185918788,0.544999999763598,0.0247772117793024,-7.76323850237799,2.71658081610184,0.160852057209806,0.0036658
16.34,1.2829523678002,-1.81448723122484,3.76799999978859,12.8778802037239,1.9912395424275,0.000142350006924685,0.200000001098195,1.28449818849114,-1.81756761875012,3.76799999999927,12.8776120149616,0.330217978718565,0.492012779828665,0.54499999977443,0.0249880042879888,-7.7126802099002,2.64375950340788,0.160385248662193,0.0041503
16.36,1.32073205802011,-1.80210261508396,3.77199999980974,12.8882781929979,1.98457077045256,0.000135608821160775,0.200000001016989,1.32232565421535,-1.80518177698024,3.77199999999928,12.8880037495979,0.324197354000663,0.493686345339022,0.544999931163373,0.0252050444417414,-7.66060566979784,2.57142653592347,0.159911259135086,0.0036773
16.38,1.35825257790637,-1.78936805883414,3.77599999958227,12.8987471421981,1.97772867100749,0.000128874841593459,0.199999976235804,1.3598939740505,-1.79244556942386,3.77599999999928,12.8984663893425,0.318223841177431,0.495415069160719,0.544999984716305,0.0254286810907898,-7.60702510088176,2.49959596010619,0.159429429250548,0.0039979
16.4,1.39550656985867,-1.77628606213378,3.77999999905196,12.9092896106961,1.97071684347882,0.000122178448282183,0.199999970733674,1.39719578471174,-1.77936149231742,3.77999999999928,12.9090024919174,0.312301061355966,0.49719835876209,0.545000011189649,0.0256587012372605,-7.5519490172894,2.4282817237933,0.158940226236763,0.0036231
16.42,1.432486728594,-1.76285919253186,3.78399999850692,12.9199081884488,1.96353899564369,0.0001155170887936,0.199999974761947,1.4342237751494,-1.76593211007802,3.78399999999928,12.9196146438347,0.306433037041437,0.499036314920965,0.54500002005564,0.0258952535302422,-7.49538822642046,2.35749767347841,0.158443560190715,0.0042585
16.44,1.46918580255316,-1.74909008527856,3.78799999807436,12.9306054918553,1.95619895845433,0.000108893747318733,0.199999981981978,1.47097068798195,-1.75216005480077,3.78799999999928,12.9303054606032,0.300623842811143,0.50092903676031,0.545000021348487,0.0261384184875005,-7.43735382681628,2.28725755159739,0.157939368475274,0.0039246
16.46,1.50559659533167,-1.73498144279061,3.79199999779085,12.9413841660584,1.94870068691878,0.000102313190744038,0.199999989667433,1.50742932091845,-1.73804802574293,3.79199999999928,12.94107758684,0.29487759691983,0.502876581270976,0.5450000172021,0.0263882573276642,-7.37785720598221,2.21757499383095,0.157427634310732,0.0035418
16.48,1.54171196709405,-1.72053603410901,3.79599999764613,12.9522468851968,1.94104826061583,9.57804898941581e-05,0.199999995860189,1.5435925281702,-1.72359878879493,3.79599999999928,12.951933696278,0.289198477978549,0.504879000944981,0.545000012033778,0.0266448350254453,-7.31691003815308,2.14846352642885,0.156908343249221,0.0033566
16.5,1.57752483597369,-1.70575669434773,3.79999999760665,12.9631963523126,1.93324588486673,8.93016792813985e-05,0.200000000192349,1.5794532218513,-1.70881517593828,3.79999999999928,12.9628764916596,0.283590720723736,0.50693631749658,0.545000008167653,0.0269082100087012,-7.25452428200243,2.07993656355587,0.156381471993576,0.0036944
16.52,1.61302817945992,-1.6906463241258,3.8039999976399,12.9742352992063,1.92529789172738,8.28832816702865e-05,0.200000003132704,1.61500437336787,-1.69370008469052,3.80399999999929,12.973908704507,0.278058614467508,0.509048514129959,0.545000005299877,0.0271784328569622,-7.19071217829592,2.01200740466025,0.155847004738091,0.003369
16.54,1.64821503577402,-1.67520788899495,3.80799999772163,12.9853664859992,1.91720874090467,7.65319258770587e-05,0.20000000504066,1.65023901479571,-1.67825647753737,3.80799999999929,12.9850330947582,0.272606503683745,0.511215531435393,0.545000001296692,0.027455548067831,-7.12548624748959,1.94468923186486,0.155304933093758,0.0034264
16.56,1.68307850523506,-1.65944441886567,3.81199999782712,12.9965927004457,1.90898302068414,7.02541129814989e-05,0.200000005507469,1.68515024024597,-1.66248738135213,3.81199999999929,12.9962524502569,0.26723879017048,0.513437263582769,0.544999993392429,0.0277395964424835,-7.05885928727321,1.87799510738146,0.15475523967372,0.0032766
16.58,1.71761175161696,-1.64335900743199,3.81599999791348,13.0079167571039,1.90062544893176,6.40559076740326e-05,0.200000003128744,1.71973120721872,-1.64639588680244,3.81599999999929,13.007569586085,0.261959937814137,0.515713585920312,0.544999981890078,0.0280306193208068,-6.99084437005917,1.81193797094775,0.154197912291849,0.0036258
16.6,1.75180800349451,-1.6269548115823,3.81999999791086,13.0193414965205,1.89214087427773,5.79435601087788e-05,0.199999996609172,1.75397513794413,-1.62998514774458,3.81999999999929,13.0189873437229,0.256774458776369,0.518044324331418,0.544999964323496,0.0283286422515437,-6.92145484041739,1.7465306372878,0.153633012452839,0.0034905
16.62,1.7856605555741,-1.61023505079678,3.8239999977146,13.0308697841653,1.88353427673871,5.19231040727489e-05,0.199999983765631,1.78787532071089,-1.61325838060535,3.82399999999929,13.0305085900269,0.251687086925261,0.520429910660111,0.545000024169787,0.0286338335427872,-6.85070431245655,1.68178579359631,0.153060250608287,0.0039426
16.64,1.81916276994635,-1.59320300626651,3.82799999747693,13.0425045122048,1.87481077537164,4.6021791683068e-05,0.199999992466754,1.82142511118173,-1.59621886375168,3.82799999999929,13.0421362160057,0.246702243539084,0.522869170788148,0.545000017037646,0.0289458970213039,-6.77860666715334,1.61771599705068,0.152479965792736,0.0038446
16.66,1.852308077419,-1.57586202038332,3.8319999973876,13.0542485940975,1.8659756143284,4.02301452577596e-05,0.199999998600307,1.85461793369574,-1.57886993684819,3.8319999999993,13.0538731353837,0.241824713556952,0.525362190181356,0.545000011682631,0.0292650606176831,-6.70517604963144,1.55433367235709,0.151892019197741,0.0038846
16.68,1.88508997886461,-1.55821549631905,3.83599999740166,13.0661049613099,1.85703417604359,3.45599632159458e-05,0.200000002806054,1.88744728255724,-1.5612150002026,3.8359999999993,13.0657222829327,0.237059250005561,0.527908625489851,0.545000007692913,0.029591279562819,-6.63042686638492,1.49165110930723,0.151296407658047,0.0038727
16.7,1.91750204645844,-1.54026689720375,3.83999999748548,13.0780765653765,1.84799197868237,2.90209804441036e-05,0.200000005575503,1.91990672331088,-1.54325751409937,3.8399999999993,13.0776866125572,0.232410660684679,0.530508074260202,0.545000004747605,0.0299245317838009,-6.55437378245117,1.42968046036449,0.150693129475308,0.0038467
16.72,1.94953792494106,-1.52201974544982,3.84399999761408,13.0901663745862,1.83885467696667,2.36229262356348e-05,0.200000007284641,1.95198989400287,-1.52500099812153,3.8439999999993,13.0897690951134,0.22788380669574,0.533160071415396,0.545000002597628,0.0302647884565067,-6.47703171853343,1.36843373827916,0.150082184447651,0.0037249
16.74,1.9811913328673,-1.50347762206523,3.84799999776912,13.1023773713097,1.82962806294656,1.83758626418546e-05,0.200000008219786,1.98369050642792,-1.50644903046091,3.8479999999993,13.1019727159458,0.223483600613213,0.535864084763648,0.54500000105007,0.0306120082891833,-6.39841584807315,1.3079228137308,0.149463573859425,0.0040768
16.76,2.01245606384134,-1.48464416595537,3.8519999979373,13.1147125491744,1.8203180666936,1.32902450532834e-05,0.200000008597812,2.01500234736178,-1.48760524721686,3.8519999999993,13.1143004721205,0.219215004302002,0.53861951019827,0.544999999955933,0.0309661356090328,-6.31854159427272,1.24815941299837,0.148837300477492,0.0042701
16.78,2.0433259877375,-1.46552307321364,3.8559999981091,13.1271749099394,1.8109307569014,8.37693748091298e-06,0.200000008581948,2.04591927977909,-1.46847334168367,3.8559999999993,13.1267553693368,0.215083026222596,0.54142566606311,0.544999999142289,0.0313270989279084,-6.23742462706902,1.18915511565845,0.14820336878505,0.0040135
16.8,2.07379505190684,-1.44611809640113,3.85999999827765,13.1397674600295,1.80147234137363,3.6471967156208e-06,0.200000008273172,2.07643524405624,-1.44905706362673,3.8599999999993,13.1393404184956,0.211092718799983,0.544281789554254,0.544999998578052,0.0316948099076608,-6.15508086005837,1.13092135231213,0.14756178437114,0.0038552
16.82,2.10385728236907,-1.42643304381495,3.86399999843799,13.152493206709,1.79194916740318,-8.87283322420888e-07,0.20000000776127,2.10654425915913,-1.42936021854764,3.86399999999931,13.1520586319046,0.207249174716934,0.547187030006726,0.544999998202297,0.0320691616914428,-6.07152644737368,1.07346940234087,0.146912554465241,0.0038458
16.84,2.1335067849896,-1.4064717787454,3.86799999858675,13.1653551538715,1.78236772200099,-5.214386567104e-06,0.200000007114097,2.1362404238155,-1.40938666693844,3.86799999999931,13.1649130190993,0.203557523073486,0.550140443627962,0.544999997965407,0.0324500276544669,-5.98677778051402,1.0168103916919,0.146255687842629,0.0038308
16.86,2.16273774664158,-1.38623821872227,3.8719999987217,13.1783562974211,1.77273463197022,-9.32157419691355e-06,0.200000006381644,2.16551791767162,-1.38914032352496,3.87199999999931,13.1779065822574,0.200022924974816,0.553140987836422,0.544999997833488,0.0328372599635111,-5.90085148512756,0.960955290693489,0.145591194834748,0.0037779
16.88,2.19154443635279,-1.3657363347503,3.87599999884154,13.1914996202272,1.76305666380489,-1.31958843316263e-05,0.2000000056017,2.19437100243313,-1.36862515649968,3.87599999999931,13.191042311186,0.196650568519575,0.556187515265121,0.544999997776104,0.0332306880524105,-5.81376441774822,0.905914911900675,0.14491908742427,0.0039612
16.9,2.21992120643703,-1.344970150534,3.87999999894556,13.2047880866301,1.75334072339069,-1.68239383194839e-05,0.200000004801097,2.22279402298984,-1.34784518674398,3.87999999999931,13.2043231778592,0.193445663224034,0.559278767791034,0.544999997771723,0.0336301171354413,-5.72553366248688,0.851699907971695,0.144239379284571,0.0042595
16.92,2.24786249360993,-1.32394374169165,3.88399999903356,13.2182246364774,1.74359385548751,-2.01919469710025e-05,0.200000003998917,2.25078140852413,-1.32680448704016,3.88399999999931,13.2177521304865,0.190413433785527,0.562413370377671,0.544999997805039,0.0340353266427715,-5.63617652767748,0.798320769575697,0.143552085870923,0.0040483
16.94,2.27536282008894,-1.30266123495886,3.88799999910564,13.2318121786711,1.73382324296947,-2.3285720807112e-05,0.200000003208732,2.27832767360295,-1.30550718127324,3.88799999999931,13.2313320870894,0.187559113159789,0.565589824815186,0.544999997864781,0.0344460686443705,-5.54571054247896,0.745787823332076,0.142857224532848,0.0038988
16.96,2.3024167946772,-1.28112680738156,3.89199999916213,13.245553584205,1.72403620579756,-2.6090684343578e-05,0.200000002440053,2.30542741925299,-1.28395744362274,3.89199999999932,13.2450659285679,0.184887934911401,0.568806503399217,0.544999997942633,0.0348620662669126,-5.45415345343344,0.694111229781889,0.142154814645724,0.0041459
16.98,2.32901911383123,-1.25934468549854,3.89599999920352,13.2594516786748,1.71424019969848,-2.8591894446054e-05,0.2000000016994,2.33207533401898,-1.26215949774464,3.89599999999932,13.2589564912373,0.182405124793396,0.572061642572584,0.544999998032533,0.0352830121104338,-5.36152322098137,0.643300981391754,0.141444877767735,0.0041794
17,2.35516456271208,-1.23731914451373,3.89999999923043,13.2735092342445,1.7044428145219,-3.07740632349286e-05,0.200000000991112,2.35826619500475,-1.24011761594362,3.89999999999932,13.2730065588184,0.180115891513762,0.575353336566209,0.544999998130055,0.0357085666791782,-5.26783801593432,0.593366900590658,0.140727437823211,0.0041652
17.02,2.38084801621984,-1.21505450745822,3.90399999924352,13.2877289610532,1.69465177224679,-3.26215859751767e-05,0.200000000317932,2.38399486889705,-1.21783611833574,3.90399999999932,13.2872188538668,0.17802541664833,0.578679531081576,0.544999998232071,0.0361383568426816,-5.17311621590609,0.544318637840075,0.140002521314429,0.0041351
17.04,2.40606444001123,-1.19255514434198,3.90799999924351,13.3021134980507,1.68487492460628,-3.41185743535484e-05,0.199999999681477,2.40925631297169,-1.19531937200183,3.90799999999932,13.3015960286258,0.176138843660392,0.582038017059462,0.544999998336391,0.0365719743440763,-5.07737640170267,0.496165669737816,0.139270157563654,0.0039555
17.06,2.4308088915001,-1.16982547129568,3.91199999923115,13.3166654032521,1.67512025029906,-3.52488956248647e-05,0.199999999082579,2.43404557608201,-1.17257179013155,3.91199999999932,13.3161406552951,0.174461265989379,0.585426424579981,0.544999998441131,0.0370089743741463,-4.98063735367196,0.448917297155994,0.138530378987246,0.0037968
17.08,2.4550765208405,-1.14686994970233,3.91599999920719,13.3313871434049,1.66539585175432,-3.59962183453398e-05,0.199999998521386,2.45835779962937,-1.14959783115852,3.91599999999932,13.3308552157075,0.172997714178759,0.588842216974453,0.544999998545138,0.0374488742382333,-4.88291804801375,0.40258264341354,0.137783221398125,0.0039601
17.1,2.47886257189225,-1.12369308531909,3.91999999917238,13.3462810830663,1.65570995141604,-3.63440645600038e-05,0.199999997997636,2.4821882185155,-1.12640199788654,3.91999999999932,13.3457420904102,0.171753142009671,0.592282685185578,0.544999998647585,0.0378911521317161,-4.78423765305076,0.357170652483634,0.137028724342,0.0040308
17.12,2.50216238316863,-1.10029942738918,3.92399999912747,13.3613494730931,1.64607088751186,-3.62758694325273e-05,0.199999997510766,2.50553216207653,-1.10298883660712,3.92399999999933,13.3608035471525,0.170732480465874,0.595745203351829,0.545000005801505,0.0383353288381595,-4.68461552546136,0.312690087236473,0.136266921638119,0.0043177
17.14,2.52497138870676,-1.07669356764827,3.92799999909857,13.3765944403292,1.63648711207901,-3.57670637025346e-05,0.199999999599308,2.52838505499846,-1.07936293620845,3.92799999999933,13.3760417287865,0.16994035387259,0.599226200365727,0.545000003981918,0.0387805841994777,-4.58407120647557,0.269149527719024,0.135497881099836,0.0043226
17.16,2.54728511903215,-1.05288013950771,3.93199999910489,13.3920179718358,1.6269671775343,-3.48119707949113e-05,0.200000001032798,2.55074241821404,-1.05552892727606,3.93199999999933,13.3914586405927,0.16938145466993,0.602722657707945,0.54500000262799,0.0392264527488994,-4.48262441803597,0.226557369473508,0.134721646095363,0.0044131
17.18,2.56909920211232,-1.02886381723315,3.93599999913501,13.4076219011587,1.61751973839318,-3.33919840030134e-05,0.200000001978875,2.57259986978066,-1.03149148118531,3.93599999999933,13.4070561370496,0.169060270636553,0.606231128524599,0.545000001630219,0.0396722096388118,-4.38029505891781,0.18492182188494,0.133938274980402,0.0045902
17.2,2.59040936417777,-1.0046493149291,3.93999999918045,13.4234078976986,1.60815354218307,-3.14907612504803e-05,0.200000002565754,2.59395312573931,-1.00725530918584,3.93999999999933,13.4228359080733,0.168981127983321,0.60974797128622,0.545000000908397,0.0401171189913986,-4.27710320081531,0.144250906567822,0.133147831894012,0.0043001
17.22,2.61121143057715,-0.980241385602792,3.94399999923504,13.4393774514687,1.59887742208306,-2.90926500093899e-05,0.200000002892777,2.61479800095421,-0.982825161478218,3.94399999999933,13.4387994647599,0.169148171166058,0.613269347116147,0.545000000386349,0.0405604073887715,-4.17306908439392,0.104552455791282,0.13235038725757,0.0044584
17.24,2.63150132661351,-0.95564482021932,3.94799999929428,13.4555318582669,1.58970028884215,-2.61825583599923e-05,0.200000003031862,2.63513040993318,-0.958205826282983,3.94799999999933,13.4549481246742,0.169565342093401,0.616791219976293,0.545000000019743,0.0410012604035538,-4.06821311530878,0.0658341109418361,0.131546018211997,0.0044014
17.26,2.651275078361,-0.930864446747701,3.95199999935499,13.4718722045983,1.58063112194945,-2.27459982960035e-05,0.200000003038969,2.65494636762841,-0.93340212890218,3.95199999999934,13.4712829967353,0.170236357966234,0.62030935515879,0.544999999769567,0.0414388222578242,-3.96255586019023,0.0281033210241201,0.130734809100534,0.0044087
17.28,2.67052881346151,-0.905905129197803,3.95599999941494,13.4883993522925,1.571678960007,-1.87692195502652e-05,0.200000002956013,2.67424199021748,-0.908418930773654,3.95599999999934,13.4878049657604,0.171164688445351,0.62381932012752,0.544999999605886,0.0418721970305611,-3.85611804259685,-0.00863265880003708,0.129916851905999,0.0041949
17.3,2.68925876190118,-0.880771766648482,3.95999999947264,13.5051139228638,1.56285289028564,-1.42393412044335e-05,0.200000002814132,2.69301349586467,-0.883261128518249,3.95999999999934,13.5045146767394,0.172353531977325,0.6273164863186,0.544999999505831,0.0423004502117567,-3.74892053893728,-0.044366768633838,0.129092246664075,0.0051917
17.32,2.7074612567664,-0.855469292267018,3.96399999952715,13.5220162816969,1.55416203743821,-9.14449109383675e-06,0.200000002636231,2.71125720546213,-0.857933652980101,3.96399999999934,13.5214125189213,0.173805791416824,0.630796032261043,0.544999999451982,0.0427226107504685,-3.64098437436114,-0.0790921452286945,0.128261101834907,0.0050442
17.34,2.72513273497897,-0.830002672320019,3.9679999995779,13.5391065221505,1.54561555134992,-3.47395050525594e-06,0.200000002438945,2.72896954335094,-0.832441468260228,3.96799999999934,13.5384986098072,0.175524049061558,0.634252948128742,0.544999999431149,0.0431376736002563,-3.53233071862034,-0.112802123328011,0.12742353461964,0.004676
17.36,2.74226973801003,-0.804376905175994,3.97199999962463,13.556384449685,1.53722259411071,2.78169722871826e-06,0.200000002234159,2.74614703802195,-0.806789570743577,3.97199999999934,13.5557727791555,0.177510541236237,0.637682041830571,0.544999999433404,0.0435446027824606,-3.42298088190125,-0.145490236971235,0.12657967120854,0.004643
17.38,2.75886891257242,-0.778597020299801,3.97599999966727,13.5738495661302,1.52899232610003,9.63041561608135e-06,0.200000002030184,2.76278632279606,-0.780982988119762,3.97599999999934,13.5732345531146,0.179767132582838,0.641077946739694,0.544999999451307,0.0439423349863855,-3.31295631062885,-0.177150220757852,0.12572964694714,0.0049303
17.4,2.77492701129121,-0.752668077239216,3.9799999997059,13.5915010542197,1.52093389118079,1.70785629082632e-05,0.200000001832655,2.77888413648406,-0.755026778397633,3.97999999999935,13.5908831386124,0.182295290235592,0.644435131155175,0.54499999947935,0.0443297837198625,-3.20227858324355,-0.207776011070994,0.124873606407631,0.0055
17.42,2.79044089335188,-0.726595164603872,3.98399999974068,13.6093377625321,1.51305640100641,2.51307407394515e-05,0.200000001645221,2.79443732402569,-0.728926028913918,3.98399999999935,13.6087174081413,0.185096058080547,0.647747909578233,0.544999999513486,0.0447058440167364,-3.09096940595169,-0.237361747260362,0.124011703353445,0.0056533
17.44,2.8054075251259,-0.700383399036878,3.98799999977183,13.6273581909864,1.50536891845307,3.37896453958986e-05,0.200000001470076,2.80944283710789,-0.702685855336094,3.98799999999935,13.6267358850883,0.188170031320329,0.651010455872221,0.544999999550782,0.0450693976995342,-2.9790506084505,-0.265901772784155,0.123144100586695,0.0052925
17.46,2.8198239807733,-0.674037924179408,3.99199999979962,13.6455604770505,1.49788044019755,4.30559237668485e-05,0.200000001308357,2.82389773476217,-0.676311400659711,3.99199999999935,13.6449367297693,0.191517331584825,0.654216818359479,0.544999999589158,0.0454193191863578,-2.86654413962855,-0.293390636309723,0.122270969670306,0.0049804
17.48,2.83368744282191,-0.647563909628633,3.9959999998243,13.6639423828287,1.4905998784711,5.29280361699724e-05,0.200000001160454,2.83779918394083,-0.649807834200343,3.99599999999935,13.663317726336,0.195137582847095,0.657360936889011,0.544999999627145,0.0457544818206646,-2.75347206324255,-0.319823092772673,0.121392490519287,0.0048753
17.5,2.84699520272275,-0.620966549889346,3.99999999984617,13.6825012832003,1.48353604202936,6.34021283480306e-05,0.200000001026227,2.85114446007204,-0.62318035058038,3.99999999999935,13.681876270728,0.199029888420316,0.660436661887876,0.54499999966379,0.0460737646914409,-2.63985655357146,-0.345194104394159,0.12050885085897,0.0042313
17.52,2.85974466138155,-0.594251063319702,4.00399999986549,13.7012341551892,1.47669761638942,7.44719150400297e-05,0.200000000905191,2.86393094759367,-0.596434168710851,4.00399999999935,13.7006093598524,0.203192809326578,0.663437775382157,0.544999999698453,0.0463760599003316,-2.5257198910488,-0.369498841656122,0.119620245551365,0.0042515
17.54,2.87193332966565,-0.567422691071511,4.0079999998825,13.7201375687432,1.47009314339605,8.61285774711113e-05,0.200000000796634,2.87615614046567,-0.569574530768479,4.00799999999936,13.7195135821715,0.207624344338412,0.666358013949429,0.544999999730772,0.0466602802187927,-2.41108445787431,-0.392732684234245,0.118726875795471,0.0041283
17.56,2.88355882888626,-0.540486696025532,4.01199999989747,13.7392076791053,1.46373100019078,9.83606771369614e-05,0.200000000699712,2.887817642661,-0.542606701168181,4.01199999999936,13.7385851098834,0.212321912000291,0.669191093535395,0.544999999760548,0.0469253670658843,-2.29597273360571,-0.414891221888425,0.117828948210953,0.0042157
17.58,2.89461889125576,-0.513448361722282,4.0159999999106,13.7584402209552,1.45761937766899,0.000111154088289642,0.200000000613509,2.89891316863498,-0.515535965531187,4.01599999999936,13.757819692876,0.21728233494228,0.671930736031585,0.544999999787739,0.0471702987275525,-2.18040729073173,-0.435970255310556,0.116926673819616,0.0042209
17.6,2.90511136031953,-0.486312991288865,4.0199999999221,13.7778305044962,1.45176625852214,0.00012449195129087,0.200000000537095,2.9094405437729,-0.488367629649015,4.01999999999936,13.7772126546313,0.222501826793882,0.674570697482426,0.544999999812395,0.0473940987238329,-2.06441079022733,-0.455965796929474,0.116020266942972,0.0046686
17.62,2.91503419136241,-0.459085906362377,4.02399999993217,13.7973734136513,1.44617939497327,0.000138354648868976,0.200000000469558,2.91939770481599,-0.46110701844348,4.02399999999936,13.7967588902478,0.227975981999309,0.677104797754206,0.544999999834599,0.0475958442214727,-1.94800597709221,-0.474874071672892,0.115109944038491,0.0043793
17.64,2.92438545178928,-0.431772446010442,4.02799999994097,13.8170634065225,1.44086628632552,0.00015271980706141,0.200000000410013,2.92878270026538,-0.433759474922954,4.02799999999936,13.8164528667373,0.233699768821003,0.679526951465516,0.54499999985449,0.0477746743790727,-1.83121567587346,-0.492691517686224,0.114195922500407,0.0042365
17.66,2.93316332147979,-0.404377965649469,4.03199999994864,13.8368945182532,1.43583415645328,0.000167562322356934,0.200000000357629,2.93759369076433,-0.406330359135079,4.03199999999936,13.8362886257373,0.239667525798594,0.681831199944242,0.544999999872234,0.0479297985049723,-1.71406278617363,-0.509414787008175,0.113278419454088,0.0043471
17.68,2.94136609311704,-0.376907835961217,4.03599999995533,13.8568603664122,1.43108993137523,0.00018285441619476,0.200000000311633,2.94582894945826,-0.37882504711614,4.03599999999936,13.8562597887618,0.245872961904508,0.684011743944612,0.544999999888009,0.0480605039029556,-1.59657027814509,-0.52504074620303,0.112357650574666,0.0042644
17.7,2.94899217249014,-0.349367441808288,4.03999999996116,13.8769541589977,1.42664021705704,0.000198565717576607,0.200000000271317,2.9534868623329,-0.351248929837302,4.03999999999937,13.8763595650906,0.252309160604812,0.686062976829368,0.544999999901978,0.0481661632778397,-1.47876118797169,-0.539566476949576,0.111433828961842,0.0043518
17.72,2.95604007877063,-0.321762181149122,4.04399999996624,13.8971687051348,1.42249127759804,0.000214663374145623,0.200000000236029,2.96056592853021,-0.323607412147922,4.04399999999937,13.8965807623724,0.258968587992253,0.687979517890262,0.544999999914325,0.0482462415703478,-1.36065861333896,-0.55298927658664,0.11050716410251,0.0043054
17.74,2.96250844476277,-0.294097463953133,4.04799999997065,13.9174964285093,1.41864901396163,0.0002311121915052,0.200000000205186,2.96706476064213,-0.295905911716149,4.04799999999937,13.9169157999872,0.265843105120087,0.689756245468396,0.544999999925204,0.0483003021018156,-1.24228570889372,-0.565306658615221,0.109577860951454,0.004204
17.76,2.9683960171278,-0.266378711116547,4.05199999997448,13.9379293835531,1.41511894341269,0.00024787480030354,0.200000000178259,2.97298208498215,-0.268149857967002,4.05199999999937,13.9373567251846,0.272923984605524,0.691388329500274,0.544999999934773,0.0483280119021587,-1.12366568169414,-0.576516353157243,0.108646119157839,0.004113
17.78,2.97370165658236,-0.238611353379535,4.05599999997782,13.9584592743598,1.41190617982634,0.000264911849681137,0.200000000154778,2.97831674183448,-0.240344691018156,4.05599999999937,13.9578952319786,0.280201931528644,0.692871263129134,0.544999999943169,0.0483291461214821,-1.00482178665147,-0.586616307370962,0.107712132461484,0.0041319
17.8,2.97842433807104,-0.210800830245189,4.05999999998071,13.9790774762776,1.40901541503177,0.000282182225773446,0.200000000134318,2.98306768568104,-0.212495860613637,4.05999999999937,13.9785226827446,0.287667108581915,0.694200892981338,0.544999999950528,0.0483035914191327,-0.88577732196429,-0.5956046858231,0.106776088278049,0.0042725
17.82,2.9825631509137,-0.182952588900869,4.06399999998321,13.9997750600882,1.40645090135138,0.000299643292666901,0.200000000116508,2.98723398540591,-0.184608825055631,4.06399999999937,13.9992301324317,0.295309165378688,0.69537344775461,0.544999999956965,0.0482513482612043,-0.766555624546293,-0.603479870817776,0.10583816748646,0.0041407
17.84,2.98611729892738,-0.155072083142402,4.06799999998539,14.0205428186454,1.40421643549022,0.000317251153808491,0.200000000101016,2.99081482447754,-0.156689050134623,4.06799999999938,14.0200083552604,0.303117271751973,0.696385564713372,0.5449999999626,0.0481725320522035,-0.64718006544882,-0.610240462682349,0.104898544425764,0.0039965
17.86,2.98908610052359,-0.127164772301595,4.07199999998727,14.0413712958118,1.40231534392225,0.000334960930038912,0.200000000087552,2.99380950110838,-0.128742008058076,4.07199999999938,14.0408478737463,0.311080154831163,0.697234313781357,0.544999999967494,0.0480673730747375,-0.527674045278915,-0.6158852800103,0.103957387101398,0.0041257
17.88,2.99146898878098,-0.0992361201774605,4.07599999998891,14.0622508174971,1.4007504699098,0.000352727051866645,0.20000000007585,2.99621742839213,-0.100773176377855,4.07599999999938,14.0617389898502,0.31918613960597,0.697917218853615,0.544999999971783,0.0479362152035697,-0.408060989614017,-0.620413359861274,0.103014857594279,0.0046601
17.9,2.99326551149422,-0.0712915939715107,4.07999999999032,14.0831715245685,1.39952416227981,0.000370503561295278,0.200000000065692,2.9980381344185,-0.0727880369166166,4.07999999999938,14.0826718180259,0.32742319264701,0.69843227606438,0.544999999975509,0.047779513412327,-0.288364344414221,-0.623823957918469,0.102071112659004,0.0043388
17.92,2.99447533119912,-0.043336663227418,4.08399999999155,14.1041234073759,1.39863826606538,0.000388244419842857,0.200000000056875,2.99927126236537,-0.0447920746933579,4.08399999999938,14.1036363199053,0.335778968591893,0.698777968742456,0.544999999978747,0.0475978300960214,-0.168607571433052,-0.626116548603506,0.101126304491293,0.0039635
17.94,2.99509822517487,-0.0153767987752969,4.08799999999261,14.1250963416057,1.39809411510465,0.000405903818800997,0.200000000049224,2.99991657056855,-0.0167907768483556,4.08799999999938,14.1246223403338,0.344240858959713,0.698953278815267,0.544999999981568,0.0473918302603813,-0.0488141436277013,-0.627290825148987,0.100180581639192,0.0042859
