Time,X,Y,Z,Psi,Vx_B,Vy_B,Vz_B,Ref_X,Ref_Y,Ref_Z,Ref_Psi,Ux,Uy,Uz,Upsi,Int_X,Int_Y,Cost,CalcTime
0,1.15,0,0.5,1.5707963267949,1,6.12323399573677e-17,0.2,1,0,0.5,1.5707963267949,0.257266620086188,0.853047526765134,0.544999999987192,0.0567328557953364,0,0,21.6966895504233,0.0069388
0.02,1.1496421305707,0.0200004947761716,0.503999999999954,1.59104735918466,1.00044743678086,0.015510483828403,0.199999999995389,0.999800006666578,0.0199986666933331,0.504,1.5907963267949,0.263781293789455,0.834199073861872,0.544999999994689,0.049024625279559,0.04599522702317,0.000400014663446653,21.2096564460775,0.0055131
0.04,1.14857805495052,0.0399950478935573,0.507999999999843,1.61160277981845,1.00145559013551,0.0297909689852967,0.199999999993477,0.999200106660978,0.0399893341866341,0.507999999999999,1.6107963267949,0.269599321396805,0.815522386760471,0.544999999997187,0.0477289892241365,0.0919619543926055,0.00159996028996727,20.7199106093068,0.0069059
0.06,1.14682588634673,0.059974622506737,0.511999999999702,1.63224566330897,1.00297000460639,0.0430632438473025,0.199999999992465,0.998200539935204,0.0599640064794446,0.511999999999999,1.6307963267949,0.274764456428476,0.797140464265497,0.544999999999034,0.0474540407112693,0.137872296856774,0.00359941864124326,20.2287899107167,0.0060984
0.08,1.14440348647032,0.0799301899772141,0.515999999999548,1.65293486547478,1.00493991766474,0.05537863268621,0.199999999992117,0.996801706302619,0.0799146939691727,0.515999999999998,1.6507963267949,0.279301988890496,0.77909412874578,0.545000000000355,0.0473451878412308,0.183699088888642,0.00639760984253754,19.7382399605507,0.0056745
0.1,1.14132842337944,0.0998527828001045,0.519999999999392,1.67365792876015,1.00731678066239,0.0667622112912085,0.199999999992245,0.995004165278026,0.0998334166468281,0.519999999999998,1.6707963267949,0.283232368899501,0.761410622954304,0.545000000001264,0.0472588960529721,0.229415873600309,0.00999339402178538,19.2500985986969,0.0052203
0.12,1.13761796235386,0.119733508372692,0.523999999999241,1.69440751615174,1.01005363765057,0.0772358798233909,0.1999999999927,0.992808635853866,0.119712207288919,0.523999999999997,1.6907963267949,0.286576411891593,0.744113463124753,0.545000000001884,0.0471720111688256,0.274996890785984,0.014385274079793,18.766150969455,0.0053793
0.14,1.13328906217922,0.139563554947331,0.527999999999102,1.7151774447918,1.01310506616101,0.0868221668368033,0.199999999993378,0.990215996212637,0.139543114644236,0.527999999999997,1.7107963267949,0.289356051515926,0.727224012055986,0.545000000002312,0.0470812682736188,0.320417064730323,0.0195713988143729,18.2881227823271,0.0073243
0.16,1.12835837277354,0.159334196046443,0.531999999998978,1.73596202501541,1.0164272512367,0.0955447733596637,0.19999999999421,0.987227283375627,0.159318206614246,0.531999999999997,1.7307963267949,0.29159431605299,0.710761717837785,0.545000000002527,0.0469866708053933,0.365651991898691,0.0255495662451644,17.8176600734466,0.0074206
0.18,1.12284223347364,0.179036794367674,0.535999999998871,1.75675594566527,1.01997807654822,0.103428572528107,0.199999999995119,0.983843692788121,0.179029573425824,0.535999999999996,1.7507963267949,0.293315182136269,0.694744144345469,0.545000000002584,0.0468887394800337,0.410677928546323,0.0323172271037922,17.3563099884729,0.0052773
0.2,1.11675667186111,0.198662805343218,0.539999999998783,1.77755424932742,1.02371720727877,0.110499515571579,0.19999999999605,0.980066577841242,0.198669330795061,0.539999999999996,1.7707963267949,0.294543412997074,0.679186975241597,0.545000000002529,0.0467880567128564,0.455471778269868,0.0398714884731425,16.9055050430772,0.0052479
0.22,1.11011740310225,0.218203780381134,0.543999999998713,1.79835232199463,1.02760615996494,0.116784519830195,0.19999999999696,0.975897449330606,0.218229623080869,0.543999999999995,1.7907963267949,0.295304399472998,0.664104022958526,0.545000000002419,0.0466851909466748,0.500011079522278,0.0482091175626151,16.4665509878259,0.0054105
0.24,1.10293982979188,0.237651369796774,0.547999999998661,1.81914588469518,1.031608358778,0.12231135234064,0.199999999997831,0.97133797485203,0.237702626427134,0.547999999999995,1.8107963267949,0.295624007233274,0.649507246376234,0.545000000002256,0.0465806839455194,0.544273993111414,0.0573265456068092,16.0406179952804,0.0055395
0.26,1.095239042293,0.256997325441298,0.551999999998625,1.83993098505495,1.03568917862523,0.127108512122869,0.199999999998643,0.966389978134513,0.257080551892155,0.551999999999994,1.8307963267949,0.295528374360728,0.635403882347612,0.544999990646252,0.0464750114475441,0.588239289702334,0.0672198718753823,15.6287348310476,0.0048258
0.28,1.08702982073718,0.276233503344645,0.555999999964925,1.86070398769014,1.0398159720513,0.131204992266798,0.199999996631294,0.961055438310771,0.276355648564114,0.555999999999994,1.8507963267949,0.295044013843195,0.621809059085271,0.544999994672626,0.0463687583507508,0.63188633735862,0.0778848677862243,15.2317880038828,0.0051097
0.3,1.07832663473515,0.29535186536941,0.559999999878372,1.88146156648721,1.04395809709006,0.134630567802655,0.199999994713439,0.955336489125606,0.29552020666134,0.559999999999994,1.8707963267949,0.294197304192628,0.60872512030157,0.544999997515294,0.0462622929832574,0.67519508915193,0.089316981113505,14.8505133442041,0.0048514
0.32,1.0691436441396,0.314344480694191,0.563999999763696,1.90220069523357,1.0480869178975,0.137415216794505,0.199999993818945,0.949235418082441,0.314566560616118,0.563999999999993,1.8907963267949,0.293014630859892,0.596157101967567,0.544999999470023,0.0461560606525946,0.718146070724931,0.10151134024379,14.4855055888371,0.005234
0.34,1.05949470294815,0.333203527767204,0.567999999638167,1.92291863629435,1.05217580242822,0.139589194909218,0.199999993628153,0.942754665528346,0.333487092140814,0.567999999999993,1.9107963267949,0.291522206128492,0.584108328392483,0.545000000764671,0.04605046025286,0.760720367989502,0.114462758511604,14.1372180826525,0.0048797
0.36,1.04939336188837,0.351921295564193,0.571999999513483,1.94361293096886,1.0562001098927,0.141182923208894,0.199999993903435,0.935896823677935,0.35227423327509,0.571999999999992,1.9307963267949,0.289745963011942,0.572580504856337,0.545000001574119,0.0459458611287006,0.80289961494258,0.128165738596128,13.8059672725901,0.0047406
0.38,1.03885287147841,0.370490184627468,0.575999999397218,1.96428138916604,1.06013716915027,0.142226881632091,0.199999994470118,0.92866463557651,0.370920469412983,0.575999999999992,1.9507963267949,0.287711458513344,0.561573799304854,0.545000002031967,0.0458426046778966,0.844665981595051,0.142614476963783,13.4919384318994,0.0045274
0.4,1.02788618552862,0.388902707898692,0.579999999293936,1.98492207884822,1.06396624893199,0.142751507576777,0.199999995201626,0.921060994002885,0.389418342308651,0.579999999999991,1.9707963267949,0.285443785228917,0.551086919950739,0.545000002239715,0.0457410051454348,0.886002162031983,0.157802868348221,13.1951924020317,0.0059886
0.42,1.01650596505876,0.407151491360545,0.583999999206031,2.00553331531568,1.0676685206834,0.142787099628889,0.199999996007923,0.913088940312308,0.40776045305957,0.583999999999991,1.9907963267949,0.282967491206165,0.541117191903856,0.545000002273949,0.0456413503177819,0.926891362621313,0.17372451025974,12.9156731535181,0.0047921
0.44,1.00472458260896,0.425229274503615,0.587999999134376,2.02611365037864,1.07122701479833,0.142363726591624,0.199999996826545,0.904751663219963,0.425939465066,0.58799999999999,2.0107963267949,0.280306507898035,0.531660634162733,0.545000002191957,0.0455439022426817,0.967317290387163,0.190372707516816,12.6532159813958,0.0051765
0.46,0.992554126924708,0.443128910635615,0.591999999078798,2.04666186145712,1.07462657099504,0.141511141987641,0.199999997615649,0.896052497525525,0.44394810696552,0.59199999999999,2.03079632679489,0.277484085331085,0.522712035444145,0.545000001938207,0.0454488978903287,1.00726414156314,0.207740476793103,12.407556166112,0.004814
0.48,0.980006407996938,0.460843367050394,0.595999999038088,2.0671769406448,1.0778537835345,0.140258704105248,0.199999998313404,0.886994922779284,0.461779175541483,0.59599999999999,2.05079632679489,0.274522737784529,0.514265038868856,0.545000001682392,0.0453565503474827,1.04671659034021,0.225820551173934,12.1783379476761,0.0046498
0.5,0.967092962435749,0.478365725073866,0.599999999010412,2.08765808377966,1.08089694209873,0.138635302031356,0.199999998919065,0.877582561890373,0.479425538604203,0.599999999999989,2.07079632679489,0.271444192419887,0.506312214167313,0.545000001443374,0.0452670491113317,1.08565977782288,0.244605384717071,11.9651236718828,0.0047434
0.52,0.953825059157862,0.495689180004016,0.60399999899399,2.10810467955189,1.08374596882216,0.13666928719591,0.199999999438679,0.867819179677651,0.496880137843737,0.603999999999989,2.09079632679489,0.268269347953971,0.498845138748821,0.545000001223608,0.0451805612629915,1.12407930120677,0.264087157013109,11.7674029908971,0.0051395
0.54,0.940213705369243,0.512807040962127,0.607999998987168,2.12851629867675,1.0863923522304,0.134388410819892,0.199999999879178,0.857708681363825,0.514135991653114,0.607999999999988,2.11079632679488,0.265018239309599,0.491854475291516,0.545000000962214,0.0450972322697455,1.16196120318948,0.284257777741652,11.5846020067791,0.0054342
0.56,0.926269652821323,0.529712730671636,0.611999998988216,2.14889268316795,1.08882907865891,0.131819767100546,0.200000000225575,0.847255111013417,0.531186197920884,0.611999999999988,2.13079632679488,0.261710009215462,0.485330052722076,0.545000000701983,0.0450171870555782,1.19929196162652,0.305108891220039,11.416092264358,0.0045393
0.58,0.912003404318572,0.546399785180019,0.615999998995255,2.1692337357415,1.09105056174005,0.128989742235012,0.200000000478289,0.836462649915188,0.548023936791875,0.615999999999987,2.15079632679488,0.258362885278693,0.479260941144431,0.545000000503353,0.0449405307752046,1.23605847944238,0.326631880942033,11.2611995112035,0.0050176
0.6,0.897425220455236,0.562861853538547,0.619999999006632,2.18953950937657,1.09305257046278,0.125923968967807,0.200000000659496,0.82533561490968,0.564642473395037,0.619999999999987,2.17079632679488,0.25499416272629,0.473635525838125,0.545000000352332,0.044867349701971,1.27224807480673,0.348817874104489,11.1192121561411,0.0046457
0.62,0.88254512656047,0.579092697454794,0.623999999021091,2.20981019705358,1.09483215629097,0.122647286550351,0.200000000786336,0.813878456662536,0.581035160537307,0.623999999999986,2.19079632679488,0.251620192895491,0.468441582077742,0.545000000238028,0.0447977122651642,1.30784847158421,0.371657746120628,10.9893893681272,0.0045505
0.64,0.867372919829828,0.59508619093149,0.627999999037675,2.23004612169324,1.09638757980749,0.11918370605252,0.200000000872026,0.802095757884295,0.597195441362394,0.627999999999986,2.21079632679487,0.248256376558778,0.463666346801023,0.54500000015197,0.0447316699540098,1.34284779006591,0.395142125119092,10.8709687677117,0.0051985
0.66,0.851918176620456,0.610836319904211,0.631999999055662,2.25024772631858,1.09771823729094,0.115556380786993,0.200000000926735,0.789992231497368,0.613116851973436,0.631999999999986,2.23079632679487,0.244917161876842,0.459296588112483,0.545000000087579,0.0446692582431591,1.37723453798938,0.41926139642848,10.7631736734899,0.0055259
0.68,0.836190259887837,0.626337181889739,0.635999999074512,2.27041556445725,1.09882458759996,0.111787581642046,0.200000000958263,0.777572718750931,0.628793024018471,0.635999999999985,2.25079632679487,0.241616046622655,0.455318672437459,0.545000000039757,0.0446104975125827,1.41099760185342,0.444005707047584,10.6652198747488,0.0055997
0.7,0.820198326742011,0.641582985656015,0.639999999093821,2.29055029080034,1.09970807970303,0.107898677102997,0.200000000972576,0.764842187284492,0.644217687237694,0.639999999999985,2.27079632679487,0.238365584325096,0.451718629174344,0.545000000004556,0.0445553939568748,1.44412623853279,0.469364970101939,10.5763219096698,0.0044764
0.72,0.803951336101379,0.65656805092371,0.643999999113289,2.31065265213175,1.1003710811564,0.103910117731315,0.200000000974216,0.751805729140899,0.659384671971476,0.643999999999984,2.29079632679486,0.235177393989491,0.448482212722322,0.544999999978933,0.0445039404810104,1.47661006719714,0.495328869287787,10.4956988358367,0.0044361
0.74,0.787458056422444,0.671286808108487,0.647999999132697,2.33072347854077,1.10081680779837,0.0998414248624922,0.200000000966632,0.738468558729593,0.674287911628149,0.647999999999984,2.31079632679486,0.232062173063135,0.445594961789118,0.544999999960539,0.0444561175801487,1.50843906153776,0.521886863304876,10.4225794864474,0.0048292
0.76,0.770727073484162,0.685733798112128,0.651999999151888,2.35076367492817,1.10104925489579,0.0957111832787369,0.200000000952426,0.724836010740911,0.688921445110555,0.651999999999983,2.33079632679486,0.229029713325699,0.443042255908417,0.54499999994757,0.0444118942014409,1.53960354230461,0.54902819027991,10.3562072115538,0.0046367
0.78,0.753766798205963,0.699903672169761,0.655999999170748,2.37077421281479,1.10107312994776,0.0915370376101967,0.200000000933551,0.710913538012283,0.703279419200415,0.655999999999983,2.35079632679486,0.226088919397753,0.440809369119299,0.544999999938645,0.0443712285860719,1.57009417015553,0.57674187218274,10.2958441089012,0.0046139
0.8,0.736585474478946,0.713791191759527,0.659999999189198,2.39075612245984,1.10089378732243,0.0873356922182509,0.200000000911463,0.696706709347172,0.717356090899528,0.659999999999982,2.37079632679486,0.22324782957439,0.43888152078075,0.544999999932715,0.0443340690900593,1.59990193881847,0.605016719237672,10.240774753519,0.0043102
0.82,0.719191186990267,0.727391228580127,0.663999999207185,2.41071048529444,1.10051716487596,0.0831229143163353,0.200000000887241,0.68222120728762,0.731145829726902,0.663999999999982,2.39079632679485,0.220513638705755,0.437243923512701,0.544999999928975,0.0443003549825164,1.62901816856688,0.633841334332505,10.1903094391871,0.0046232
0.84,0.701591869021278,0.740698764600819,0.667999999224674,2.43063842667477,1.09994972267733,0.0789135400873563,0.200000000861672,0.667462825841315,0.744643119970866,0.667999999999982,2.41079632679485,0.217892722861066,0.435881828271547,0.544999999926819,0.0442700172203541,1.65743450000764,0.663204117428104,10.1437869482769,0.0045335
0.86,0.683795310200608,0.753708892187586,0.671999999241644,2.4505411089575,1.09919838393959,0.0747214835618289,0.200000000835327,0.65243746816406,0.757842562895284,0.671999999999981,2.43079632679485,0.21539066552815,0.434780566582528,0.544999999925792,0.0442429791985689,1.6851428881801,0.69309326997149,10.1005768693002,0.0048703
0.88,0.66580916419399,0.766416814308373,0.675999999258083,2.47041972489905,1.09827047823669,0.0705597480271641,0.200000000808611,0.637151144198589,0.770738878898977,0.675999999999981,2.45079632679485,0.213012285115544,0.433925589964101,0.544999999925553,0.0442191574754447,1.71213559696396,0.723496799315543,10.0600814838181,0.0047336
0.9,0.647640956313357,0.778817844819515,0.679999999273987,2.49027549137916,1.09717368706584,0.0664404397458176,0.20000000078181,0.621609968270674,0.783326909627492,0.67999999999998,2.47079632679484,0.210761663539564,0.433302506590305,0.544999999925847,0.044198462472157,1.73840519379328,0.754402523148535,10.0217372462091,0.0043131
0.92,0.629298091028417,0.790907408834684,0.683999999289357,2.5101096434478,1.09591599179733,0.0623747837680882,0.200000000755115,0.605820156643473,0.795601620036375,0.68399999999998,2.49079632679484,0.20864217569355,0.432897115246544,0.544999999926494,0.0441807991464257,1.76394454467288,0.785798073936771,9.9850158812036,0.0042668
0.94,0.610787859364697,0.802681043177003,0.687999999304194,2.52992342869382,1.09450562403823,0.058373141634033,0.200000000728653,0.589788025031109,0.807558100405125,0.687999999999979,2.51079632679484,0.206656519611142,0.432695436642082,0.544999999927354,0.0441660676399646,1.78874680949303,0.817670903383646,9.94942512510503,0.0050638
0.96,0.592117446172795,0.814134396914256,0.691999999318506,2.54971810193253,1.0929510184219,0.0544450307680808,0.2000000007025,0.573519986072468,0.819191568301009,0.691999999999979,2.53079632679484,0.204806747149577,0.432683742149101,0.544999999928334,0.0441541638996188,1.81280543763752,0.850008286908449,9.91450913726378,0.004991
0.98,0.573293937254385,0.825263231976465,0.695999999332298,2.56949492020869,1.09126076782261,0.0505991453793274,0.200000000676701,0.55702254676623,0.830497370491982,0.695999999999979,2.55079632679484,0.2030942950327,0.432848580043536,0.544999999929367,0.044144980272153,1.83611416387967,0.882797328148232,9.87984860869298,0.0048033
1,0.554324326331328,0.836063423854531,0.699999999345577,2.58925513811052,1.08944358098356,0.0468433786900584,0.200000000651273,0.540302305868153,0.84147098480791,0.699999999999978,2.57079632679483,0.201520016106466,0.433176799327092,0.544999999930404,0.0441384060727643,1.85866700456035,0.916024963486004,9.84506059474286,0.0047566
1.02,0.535215521845072,0.846530962378001,0.703999999358352,2.60900000338982,1.08750824253659,0.0431848463246437,0.200000000626218,0.523365951251663,0.852108021949377,0.703999999999978,2.59079632679483,0.200084210672267,0.433655571213206,0.544999999931418,0.044134328127457,1.88045825404128,0.949677966608457,9.80979809851897,0.0045164
1.04,0.515974353574358,0.856661952569539,0.70799999937063,2.62873075288239,1.08546357538334,0.0396299107005029,0.200000000601529,0.506220257232793,0.862404227243354,0.707999999999977,2.61079632679483,0.198786657775323,0.434272408361994,0.544999999932383,0.0441326312894867,1.90148248142686,0.983742953096358,9.77374943127332,0.0043801
1.06,0.496607579060077,0.866452615573143,0.711999999382417,2.64844860872257,1.08331840540063,0.0361842062722522,0.200000000577186,0.488872081860543,0.872355482345003,0.711999999999977,2.63079632679483,0.197626646336357,0.435015181950454,0.544999999933295,0.0441331989301235,1.92173452754681,1.01820638505059,9.73663737533978,0.0054696
1.08,0.477121889827009,0.875899289652708,0.71599999939372,2.66815477484527,1.08108152842597,0.0328526654893336,0.200000000553173,0.471328364173756,0.881957806884965,0.715999999999976,2.65079632679482,0.196603006026234,0.435872136666794,0.544999999934148,0.0441359134040904,1.94120950219175,1.05305457575676,9.69821817436166,0.0046278
1.1,0.457523917392968,0.884998431257108,0.719999999404547,2.68785043376825,1.07876167947448,0.0296395453364302,0.200000000529466,0.453596121425594,0.891207360061454,0.719999999999976,2.67079632679482,0.195714137791745,0.43683190371508,0.544999999934942,0.0441406564899639,1.9599027815935,1.08827369439106,9.65828037459456,0.0045448
1.12,0.437820239056768,0.89374661614759,0.723999999414902,2.707536743647,1.07636750413363,0.0265484543345404,0.200000000506045,0.435682446276729,0.900100442176525,0.723999999999975,2.69079632679482,0.194958043951689,0.437883511919895,0.544999999935677,0.0441473098060001,1.97781000614128,1.12384977077003,9.61664353998169,0.0042383
1.14,0.418017383457245,0.902140540582918,0.727999999424791,2.72721483559466,1.07390753207887,0.0235823798889705,0.200000000482889,0.417594503958376,0.908633496115905,0.727999999999975,2.71079632679482,0.194332357789503,0.439016397016677,0.544999999936356,0.0441557552017439,1.99492707832493,1.15976870014658,9.57315686252689,0.0045312
1.16,0.398121835896406,0.910177022557417,0.73199999943422,2.74688581125844,1.0713901526504,0.0207437158783824,0.200000000459977,0.399339529406292,0.91680310877179,0.731999999999975,2.73079632679482,0.193834372578106,0.440220409215497,0.544999999936984,0.0441658751259208,2.01125016089576,1.19601624805447,9.52769768823783,0.0056468
1.18,0.378140043420603,0.917853003086774,0.735999999443193,2.76655074064448,1.06882359242877,0.0180342903866633,0.200000000437291,0.380924824366901,0.924606012408045,0.735999999999974,2.75079632679481,0.193461069977709,0.441485819118719,0.544999999937113,0.0441775529706993,2.02677567523553,1.23257805520329,9.48016997761508,0.004955
1.2,0.358078419654439,0.92516554753623,0.739999999451712,2.78621066018233,1.06621589474575,0.0154553934863777,0.200000000414652,0.362357754476693,0.932039085967252,0.739999999999974,2.77079632679481,0.193209147756751,0.442803322078039,0.544999999935206,0.0441906733931752,2.0415002999237,1.26943964242576,9.43050271832502,0.0046466
1.22,0.337943349382933,0.932111846985617,0.743999999459772,2.80586657102043,1.06357490106525,0.0130078049894401,0.200000000391326,0.343645746316068,0.939099356319095,0.743999999999973,2.79079632679481,0.193075046809485,0.444164041125291,0.54499999993432,0.0442051226192035,2.05542096949308,1.30658641567889,9.37864830638477,0.0044348
1.24,0.317741192878211,0.938689219625467,0.747999999467362,2.82551943754377,1.06090823416947,0.0106918220891326,0.200000000367681,0.324796284438797,0.945783999449568,0.747999999999973,2.81079632679481,0.193054977381213,0.445559528410622,0.544999999934167,0.0442207887138459,2.06853487336365,1.34400367110042,9.32458091070453,0.0047073
1.26,0.2974782899678,0.944895112178364,0.751999999474478,2.84517018610465,1.05822328308253,0.00850728681764988,0.200000000343981,0.305816908378311,0.952090341590547,0.751999999999972,2.8307963267948,0.193144944527373,0.446981765397075,0.544999999934524,0.0442375618424058,2.08083945494423,1.38167660012155,9.26829483466848,0.0051619
1.28,0.277160963842344,0.950727101339572,0.755999999481122,2.86481970395763,1.05552718966664,0.00645361325616618,0.20000000032041,0.286715209631978,0.958015860289258,0.755999999999972,2.8507963267948,0.193340772745556,0.448423161794301,0.544999999935229,0.0442553345055341,2.09233241089175,1.41959029463703,9.20980288697863,0.0051912
1.3,0.256795524601274,0.956182895230906,0.759999999487297,2.88446883838954,1.05282683682418,0.00452981443563202,0.200000000297092,0.26749882862461,0.963558185417228,0.759999999999971,2.8707963267948,0.193638129764374,0.449876553327128,0.54499999993616,0.0442740017547154,2.10301169051758,1.45772975223309,9.14913477274354,0.004679
1.32,0.236388272535672,0.961260334861782,0.763999999493009,2.90411839603564,1.05012883824008,0.00273452887249307,0.20000000027411,0.248175451652396,0.968715100118302,0.763999999999971,2.8907963267948,0.194032549469099,0.451335198410292,0.544999999937222,0.0442934613882609,2.11287549533037,1.49607988147369,9.08633551453398,0.0043891
1.34,0.215945501148274,0.965957395591379,0.767999999498265,2.92376914237281,1.04743952959935,0.00106604668811487,0.20000000025151,0.228752807808483,0.973484541695358,0.767999999999971,2.9107963267948,0.194519453949112,0.452792773801374,0.544999999938352,0.0443136141282351,2.12192227870503,1.53462550724531,9.02146391192333,0.004493
1.36,0.195473499911189,0.970272188585848,0.771999999503073,2.94342180138083,1.04476496121511,-0.000477664734879884,0.200000000229317,0.209238665891443,0.977864602435356,0.77199999999997,2.93079632679479,0.195094174654338,0.454243369299403,0.544999999939505,0.0443343637788992,2.13015074566722,1.57335137616009,8.95459104687817,0.0043832
1.38,0.174978556762557,0.974202962264563,0.775999999507442,2.96307705536286,1.04211089200353,-0.00189893560211817,0.200000000207538,0.189640831297859,0.981853530372402,0.77599999999997,2.95079632679479,0.195751972652187,0.45568148155693,0.54499999994064,0.0443556173672197,2.13755985278289,1.61224216201708,8.88579884126679,0.0043388
1.4,0.154466960343988,0.977748103729485,0.779999999511379,2.98273554491622,1.03948278474278,-0.00320036910170583,0.200000000186169,0.169967142900266,0.985449729988505,0.779999999999969,2.97079632679479,0.196488057978508,0.457102007069563,0.544999999941743,0.0443772852660119,2.14414880814259,1.65128247132103,8.81517867172547,0.004617
1.42,0.133945001981182,0.980906140171786,0.783999999514892,3.00239786904478,1.03688580255408,-0.00438481737849775,0.200000000165196,0.150225469911711,0.988651762851766,0.783999999999969,2.99079632679479,0.197297608079374,0.458500234406521,0.544999999942791,0.0443992813003073,2.14991707143001,1.69045684885791,8.74283004614872,0.0042269
1.44,0.113418977410707,0.983675740250019,0.78799999951799,3.0220645854043,1.03432480654406,-0.00545535812032231,0.200000000144601,0.130423708738171,0.991458348191735,0.787999999999968,3.01079632679479,0.198175785342566,0.459871835742882,0.544999999943779,0.0444215228375171,2.15486435406478,1.72974978332614,8.6688593451684,0.0043112
1.46,0.092895188256411,0.986055715434241,0.79199999952068,3.04173621067223,1.03180435454836,-0.00641527178491105,0.200000000124362,0.110569779820095,0.993868363411695,0.791999999999968,3.03079632679478,0.199117753720118,0.461212857753051,0.544999999944701,0.0444439308619893,2.15899061940919,1.76914571302231,8.59337863115098,0.0052355
1.48,0.0723799432594756,0.988045021310666,0.795999999522968,3.06141322103359,1.02932870091779,-0.00726801949327364,0.200000000104454,0.0906716244643356,0.995880844537693,0.795999999999968,3.05079632679478,0.200118694445247,0.462519711922861,0.544999999945554,0.0444664300345426,2.16229608302918,1.80862903157982,8.51650452647229,0.0044961
1.5,0.0518795592665332,0.989642758841597,0.799999999524861,3.08109605277469,1.02690179728929,-0.00801722161242502,0.200000000084854,0.070737201667729,0.99749498660411,0.799999999999967,3.07079632679478,0.201173820848975,0.463789164336123,0.54499999994634,0.0444889487375715,2.16478121299953,1.84818409375897,8.43835716212684,0.0044561
1.52,0.0314003619807622,0.990848175575573,0.803999999526365,3.10078510297671,1.02452729428484,-0.00866663704767807,0.200000000065536,0.0507744849336054,0.998710143975641,0.803999999999967,3.09079632679478,0.202278392283515,0.465018324989686,0.544999999947058,0.0445114191063324,2.1664467302439,1.88779522128629,8.35905919709317,0.0044584
1.54,0.0109486864812376,0.991660666802883,0.807999999527485,3.12048073030118,1.02220854408282,-0.00922014326215726,0.200000000046477,0.0307914590824925,0.999525830605539,0.807999999999966,3.11079632679477,0.203427727161255,0.466204636689567,0.544999999947713,0.0445337770469999,2.16729360890025,1.92744670874136,8.27873490830361,0.0047056
1.56,-0.00946912248378642,0.992079776651829,0.811999999528226,3.1401832558596,1.01994860380711,-0.00968171703874128,0.200000000027654,0.0107961170582938,0.999941720230029,0.811999999999966,3.13079632679477,0.204617215119448,0.467345863578683,0.544999999948307,0.044555962242105,2.16732307670248,1.96712282948858,8.19750935055578,0.0043162
1.58,-0.0298467104236507,0.99210519912131,0.815999999528593,3.15989296415983,1.01775023968059,-0.0100554159973168,0.200000000009044,-0.00920354326878194,0.999957646498805,0.815999999999965,3.15079632679477,0.205842328322794,0.468440079345821,0.544999999948845,0.0445779181439629,2.16653661536939,2.00680784165153,8.1155075852568,0.0042066
1.6,-0.0501777132457895,0.991736779045616,0.81999999952859,3.17961010412184,1.01561593189039,-0.0103453608779673,0.199999999990628,-0.0291995223012625,0.999573603041573,0.819999999999965,3.17079632679477,0.207098631916378,0.469485655162843,0.544999999949328,0.0445995919567005,2.16493596099225,2.04648599412739,8.03285397649261,0.0041587
1.62,-0.0704557576033391,0.990974512987498,0.82399999952822,3.1993348901556,1.0135478801136,-0.0105557185985878,0.199999999972387,-0.0491838219141443,0.998789743470594,0.823999999999964,3.19079632679477,0.208381793644317,0.470481247396809,0.544999999949765,0.0446209346074761,2.16252310441263,2.08614153263842,7.94967155258288,0.0041453
1.64,-0.0906744614429854,0.989818550055889,0.827999999527487,3.21906750329442,1.01154800965311,-0.0106906860933141,0.199999999954302,-0.0691484486540361,0.997606381319246,0.827999999999964,3.21079632679476,0.20968759264873,0.471425785140892,0.544999999950157,0.044641900707537,2.15930029158225,2.12575870581772,7.86608143098986,0.0038086
1.66,-0.110827434745954,0.988269192644911,0.831999999526394,3.23880809237683,1.00961797813429,-0.0107544749361689,0.199999999936358,-0.0890854169364333,0.996023989916612,0.831999999999964,3.23079632679476,0.211011927466669,0.47231845760734,0.54499999995051,0.0446624485036914,2.15527002389706,2.16532177132611,7.78220230421393,0.0038477
1.68,-0.130908280454846,0.986326897091046,0.835999999524943,3.25855677527061,1.00775918271422,-0.0107512967523724,0.199999999918542,-0.108986752239846,0.994043202198154,0.835999999999963,3.25079632679476,0.212350823242446,0.473158701423652,0.544999999950824,0.0446825398208084,2.15043505849792,2.20481500199698,7.69814998411353,0.0036764
1.7,-0.150910595578868,0.983992274245664,0.839999999523137,3.27831364013278,1.00597276775659,-0.0106853494178919,0.199999999900839,-0.1288444942955,0.991664810452549,0.839999999999963,3.27079632679476,0.213700438172058,0.473946187865347,0.544999999950504,0.0447021399955105,2.14479840853064,2.24422269200571,7.61403700193323,0.0036335
1.72,-0.170827972469836,0.98126608996035,0.843999999520975,3.29807874669935,1.00425963292586,-0.0105608040462355,0.19999999988302,-0.148650700271339,0.988889766004785,0.843999999999962,3.29079632679475,0.215057069202239,0.474680810070212,0.544999999947981,0.0447212178024214,2.13836334335832,2.28352916306028,7.52997226121329,0.0035954
1.74,-0.19065400026125,0.978149265482758,0.847999999518448,3.31785212759919,1.00262044165606,-0.0103817927594494,0.199999999864293,-0.168397447949053,0.98571917883564,0.847999999999962,3.31079632679475,0.216417157023035,0.475362670331464,0.544999999946207,0.0447397453778095,2.13113338871943,2.32271877060948,7.44606074070686,0.0037999
1.76,-0.210382266462642,0.974642877760988,0.851999999515541,3.3376337896865,1.00105562995102,-0.0101523972361311,0.199999999844928,-0.188076838892856,0.982154317137708,0.851999999999961,3.33079632679475,0.217777290319139,0.475992067322082,0.544999999944996,0.0447576981247873,2.12311232682515,2.36177591006514,7.3624032442593,0.0036622
1.78,-0.230006358701318,0.970748159654749,0.855999999512241,3.35742371538642,0.999565415472051,-0.00987663803510526,0.199999999825126,-0.207681001608761,0.978196606808137,0.855999999999961,3.35079632679475,0.219134209368029,0.476569483495455,0.544999999944215,0.044775054624417,2.11430419638996,2.40068502303473,7.27909619477772,0.0035312
1.8,-0.249519866603598,0.96646650005189,0.859999999508543,3.37722186404876,0.998149806872682,-0.00955846468292137,0.199999999805044,-0.227202094693065,0.97384763087829,0.85999999999996,3.37079632679475,0.220484808972289,0.477095572580132,0.544999999943752,0.0447917965364237,2.10471329258975,2.43943060356043,7.19623146927181,0.0034441
1.82,-0.268916383807659,0.961799443889096,0.863999999504441,3.39702817330506,0.996808613339963,-0.00920174651673976,0.199999999784795,-0.246632309968812,0.969109128880554,0.86399999999996,3.39079632679474,0.221826140757384,0.47757114722254,0.544999999943529,0.0448079084955059,2.09434416694206,2.47799720436099,7.11389627203764,0.0033854
1.84,-0.288189510100038,0.956748692075823,0.867999999499934,3.41684256042429,0.995541454303377,-0.00881026427157997,0.199999999764465,-0.265963875608959,0.963982996152549,0.86799999999996,3.41079632679474,0.223155414859127,0.477997166806148,0.544999999943483,0.0448233780034996,2.08320162710325,2.51636944307251,7.03217304309469,0.0037269
1.86,-0.307332853667975,0.951316101320811,0.871999999495019,3.43666492366301,0.994347769273661,-0.00838770239949194,0.199999999744119,-0.285189059245001,0.958471283079019,0.871999999999959,3.43079632679474,0.224470001025631,0.478374725473875,0.544999999943571,0.0448381953178294,2.0712907365779,2.5545320084842,6.95113939905392,0.0035185
1.88,-0.326340033459725,0.945503683860757,0.875999999489699,3.45649514360572,0.993226827775156,-0.00793764210685098,0.199999999723805,-0.304300171059814,0.952576194271703,0.875999999999959,3.45079632679474,0.225767429159037,0.478705040378873,0.544999999943757,0.0448523533367731,2.05861681433592,2.59246966676524,6.87086810366789,0.0034891
1.9,-0.345204681645138,0.939313607090954,0.879999999483972,3.47633308449167,0.992177739336625,-0.00746355509467924,0.199999999703557,-0.323289566863485,0.946300087687525,0.879999999999958,3.47079632679473,0.227045389322688,0.478989440187134,0.544999999944018,0.0448658474820647,2.04518543433321,2.63016726767885,6.79142706541287,0.003418
1.92,-0.36392044616881,0.932748193097969,0.883999999477842,3.49617859552446,0.991199463506892,-0.00696879798566579,0.199999999683404,-0.342149651150881,0.939645473685438,0.883999999999958,3.49079632679473,0.228301731239764,0.479229353853694,0.544999999944335,0.0448786755793327,2.03100242493205,2.66760975077961,6.71287935954896,0.0035508
1.94,-0.382480993388285,0.92580991809462,0.88799999947131,3.51603151216105,0.990290819863021,-0.00645660742039595,0.199999999663364,-0.360872880139751,0.932615014022317,0.887999999999957,3.51079632679473,0.229534463309697,0.479426299692499,0.544999999944696,0.0448908377368717,2.0160738682176,2.70478215159012,6.63528327221506,0.0035499
1.96,-0.40088001078986,0.918501411757745,0.891999999464378,3.53589165737706,0.989450497980197,-0.00593009580421447,0.199999999643455,-0.37945176478814,0.925211520788288,0.891999999999957,3.53079632679473,0.230741751168828,0.479581874758328,0.544999999945093,0.0449023362232194,2.00040609920732,2.74166960775316,6.55869236423028,0.0035014
1.98,-0.419111209774714,0.910825456469457,0.895999999457049,3.55575884290554,0.988677067333962,-0.00539224768513437,0.199999999623688,-0.397878873789903,0.917437955281933,0.895999999999956,3.55079632679473,0.231921915821952,0.479697744557458,0.544999999945521,0.0449131753439987,1.98400570495032,2.77825736515537,6.48315555239145,0.0034326
2,-0.43716832850821,0.902784986462748,0.899999999449327,3.57563287044642,0.987968987106911,-0.00484591674227009,0.199999999604076,-0.416146836547131,0.909297426825808,0.899999999999956,3.57079632679472,0.23307343137144,0.479775633102136,0.544999999945976,0.0449233613184649,1.96687952351397,2.8145307840187,6.40871720618063,0.0036736
2.02,-0.455045134825408,0.894383086872529,0.903999999441214,3.59551353284433,0.987324615873473,-0.00429382336342099,0.199999999584627,-0.43424834611829,0.900793191522756,0.903999999999956,3.59079632679472,0.23419492237062,0.47981731332218,0.544999999946457,0.0449329021561778,1.94903464285541,2.85047534495578,6.33541725791552,0.0036827
2.04,-0.47273542918597,0.885622992693308,0.907999999432714,3.61540061523249,0.986742221137962,-0.00373855278965992,0.199999999565352,-0.452176162140903,0.891928650953512,0.907999999999956,3.61079632679472,0.235285160828044,0.479824597845453,0.544999999946964,0.0449418075341965,1.93047839957581,2.88607665498546,6.26329132450294,0.0035579
2.06,-0.490233047671849,0.876508087644903,0.91199999942383,3.63529389614083,0.986219988702579,-0.00318255380409687,0.199999999546259,-0.469923113727595,0.882707350816109,0.911999999999956,3.63079632679472,0.236343062889095,0.479799330157335,0.544999999947497,0.0449500886751859,1.91121837755555,2.92132045350481,6.19237083907473,0.0034465
2.08,-0.507531865021318,0.867041902947718,0.915999999414566,3.65519314856639,0.985756031843648,-0.00262813794138372,0.199999999527358,-0.487482102334354,0.873132979507655,0.915999999999956,3.65079632679472,0.237367685221213,0.479743376147621,0.544999999948057,0.0449577582267825,1.8912624064688,2.95619261821392,6.12268319090814,0.0038925
2.1,-0.524625797693133,0.857228116009236,0.919999999404926,3.6750981410047,0.985348400275921,-0.00207747919401538,0.199999999508658,-0.504846104599854,0.863209366649015,0.919999999999956,3.67079632679472,0.238358221128713,0.479658616051891,0.544999999948645,0.0449648301425749,1.87061856017603,2.99067917098998,6.05425187214787,0.0037102
2.12,-0.541508806954776,0.847070549023518,0.923999999394915,3.69500863844053,0.984995088886326,-0.00153261419105031,0.199999999490171,-0.522008175154706,0.85294048155302,0.923999999999956,3.69079632679472,0.239313996422854,0.479546936792638,0.544999999949265,0.0449713195649954,1.84929515499351,3.02476628370703,5.98709662996516,0.0035824
2.14,-0.558174901988984,0.836573167485595,0.927999999384535,3.71492440329716,0.984694046220162,-0.000995442824536739,0.199999999471906,-0.538961449399512,0.842330431636792,0.927999999999956,3.71079632679472,0.24023446507236,0.479410224724177,0.544999999949915,0.0449772427104405,1.82730074783891,3.05844028399795,5.92123362289577,0.00345
2.16,-0.574618143012958,0.825740078622726,0.931999999373793,3.73484519634292,0.984443182704237,-0.000467729298672407,0.199999999453875,-0.555699146250615,0.831383460778833,0.931999999999956,3.73079632679472,0.241119204659234,0.479250358783734,0.544999999950598,0.0449826167568729,1.80464413425228,3.09168766095547,5.85667558020895,0.0037012
2.18,-0.59083264440486,0.814575529744619,0.935999999362693,3.75477077755457,0.984240378593047,4.88964234400276e-05,0.199999999436091,-0.572214570852441,0.820103947621527,0.935999999999956,3.75079632679472,0.241967911664033,0.479069204049807,0.544999999951316,0.0449874597341808,1.78133434629221,3.12449507076868,5.79343196325918,0.0037138
2.2,-0.606812577832433,0.803083906514728,0.93999999935124,3.77470090693673,0.984083491625592,0.000552936800665883,0.199999999418564,-0.588501117255352,0.808496403819746,0.939999999999956,3.77079632679472,0.242780396604365,0.478868605707525,0.54499999995207,0.0449917904174923,1.75738065030681,3.15684934229201,5.73150912787047,0.0036184
2.22,-0.622552175378811,0.791269731144859,0.943999999339439,3.794635345297,0.983970364381973,0.00104302454756429,0.199999999401309,-0.604552271057938,0.796565472236245,0.943999999999956,3.79079632679472,0.243556579049557,0.478650383419422,0.544999999952863,0.0449956282236932,1.73279254457956,3.18873748254356,5.67091048689413,0.0034702
2.24,-0.638045732660764,0.779137660515326,0.947999999327295,3.81457385497666,0.983898831330362,0.00151792014611248,0.19999999938434,-0.62036161201269,0.784315925084581,0.947999999999956,3.81079632679472,0.24429648253395,0.478416326098793,0.544999999953692,0.044998993111298,1.70757975685033,3.22014668212965,5.61163667217046,0.0034276
2.26,-0.653287611934897,0.766692484222965,0.951999999314815,3.83451620053674,0.983866725556437,0.00197650906041513,0.199999999367669,-0.635922816594015,0.771752662020289,0.951999999999956,3.83079632679472,0.245000229390386,0.478168187081707,0.54499999995456,0.0450019054838643,1.68175224171186,3.25106432059276,5.55368569520305,0.0036089
2.28,-0.66827224518748,0.753939122559334,0.955999999302005,3.85446214939963,0.983871885168765,0.00241779867915379,0.199999999351311,-0.651229660527561,0.758880708181088,0.955999999999956,3.85079632679472,0.245668035524824,0.477907679692496,0.544999999955465,0.0450043860970886,1.65532017788229,3.28147797168001,5.49705310593451,0.0034994
2.3,-0.682994137203856,0.740882624421455,0.959999999288871,3.87441147244645,0.983912159375034,0.00284091501022297,0.199999999335278,-0.666276021279842,0.745705212176889,0.959999999999956,3.87079632679472,0.246300205152094,0.477636473196634,0.544999999956413,0.0450064559696994,1.62829396535452,3.31137540852935,5.4417321490826,0.0034275
2.32,-0.697447868613539,0.72752816515746,0.96399999927542,3.89436394457055,0.983985414225344,0.0032450991516257,0.199999999319587,-0.681055880507172,0.732231444030422,0.963999999999956,3.89079632679472,0.246897125512094,0.477356189133834,0.544999999957397,0.0450081362982731,1.60068422242326,3.34074460877093,5.38771391756243,0.0034065
2.34,-0.711628098907349,0.713881044349513,0.967999999261658,3.91431934518754,0.984089538020107,0.00362970356226022,0.19999999930425,-0.695563326462924,0.7184647930693,0.967999999999956,3.91079632679472,0.247459261584761,0.477068398023339,0.544999999958422,0.0450094483760354,1.57250178259083,3.36957375954099,5.33498750258364,0.0035771
2.36,-0.725529569423125,0.699946683536384,0.971999999247593,3.93427745870272,0.984222446381328,0.00399418815572621,0.199999999289282,-0.709792556362145,0.704410765770352,0.971999999999956,3.93079632679472,0.247987150821313,0.47677461643252,0.544999999959487,0.0450104135157312,1.54375769135286,3.39785126240589,5.28354014006745,0.0035539
2.38,-0.739147106296746,0.685730623878015,0.975999999233233,3.95423807493625,0.984382086987255,0.00433811623972139,0.199999999274697,-0.723737878702596,0.690074983557115,0.975999999999956,3.95079632679472,0.248481397908343,0.476476304399079,0.544999999960587,0.045011052976605,1.5144632028653,3.42556573819385,5.23335735308259,0.003549
2.4,-0.752475623375405,0.671238523764433,0.979999999218585,3.97420098950728,0.984566443971522,0.00466115032298303,0.199999999260508,-0.737393715541275,0.675463180551332,0.979999999999956,3.97079632679472,0.248942669580419,0.476174863196553,0.544999999961727,0.0450113878955286,1.48462977649406,3.45270603173211,5.18442309004684,0.0034841
2.42,-0.765510125090242,0.656476156371318,0.983999999203657,3.99416600417771,0.984773541988999,0.00496304781107107,0.19999999924673,-0.750754604725523,0.660581201279384,0.983999999999956,3.99079632679472,0.249371689495891,0.475871633432023,0.544999999962902,0.0450114392222887,1.45426907324901,3.47926121648751,5.13671985848585,0.0036476
2.44,-0.778245709285645,0.641449407164508,0.987999999188458,4.01413292715667,0.985001449951616,0.00524365661157975,0.199999999233375,-0.763815202077809,0.645434998334556,0.987999999999956,4.01079632679472,0.249769233189674,0.475567893464556,0.544999999964116,0.0450112276590301,1.42339295210385,3.50522059910809,5.09022885418262,0.0037549
2.46,-0.790677570002677,0.626164271355708,0.991999999172997,4.0341015733669,0.985248284438351,0.00550291066862272,0.199999999220457,-0.776570283533331,0.63003062999608,0.991999999999956,4.03079632679472,0.250136123115846,0.475264858132204,0.544999999965361,0.0450107736038457,1.39201346620377,3.530573723864,5.04493008558582,0.0037013
2.48,-0.802801000214294,0.610626851311596,0.995999999157281,4.05407176467395,0.985512212784542,0.00574082544565261,0.199999999207987,-0.789014747229571,0.614374257805902,0.995999999999956,4.05079632679472,0.250473223791892,0.474963677775156,0.544999999966643,0.0450100970984897,1.36014285896273,3.55531037698569,5.00080249338153,0.0036043
2.5,-0.814611394510132,0.594843353918501,0.999999999141321,4.0740433300798,0.985791455856468,0.00595749337486808,0.199999999195978,-0.801143615546977,0.598472144104148,0.999999999999956,4.07079632679472,0.25078143705554,0.474665437542105,0.544999999967957,0.0450092177801559,1.3277935600523,3.57942059089752,4.95782406516166,0.0039709
2.52,-0.826104251728833,0.578820087904788,1.00399999912512,4.09401610588177,0.98608429051799,0.00615307929062227,0.199999999184442,-0.812952037099936,0.582330649524276,1.00399999999996,4.09079632679472,0.251061697444158,0.474371156966704,0.544999999969302,0.0450081548372802,1.29497818128414,3.60289464834512,4.91597194515058,0.0036655
2.54,-0.837275177536015,0.562563461123005,1.0079999991087,4.11398993579841,0.986389051796703,0.00632781586338923,0.199999999173391,-0.824435288677271,0.565956230448899,1.00799999999996,4.11079632679472,0.251314967705764,0.474081789800694,0.544999999970675,0.045006926969292,1.26170951238837,3.62572308641488,4.87522253897616,0.0035978
2.56,-0.848119886946117,0.546079977793817,1.01199999909206,4.13396467106351,0.986704134757763,0.00648199904996977,0.199999999162834,-0.835588777131459,0.549355436427325,1.01199999999996,4.13079632679472,0.251542234449779,0.473798224090118,0.544999999972076,0.0450055523502475,1.22800051668978,3.64789670044389,4.8355516134939,0.0035238
2.58,-0.85863420678651,0.529376235713706,1.01599999907522,4.15394017048971,0.987027996094106,0.00661598357473017,0.199999999152782,-0.84640804121583,0.532534907555821,1.01599999999996,4.15079632679472,0.251744503944758,0.473521282480972,0.5449999999735,0.0450040485962576,1.19386432668447,3.66940654781898,4.79693439169176,0.0036225
2.6,-0.86881407810237,0.512458923428334,1.01999999905818,4.17391630050324,0.987359155442339,0.0067301784557718,0.199999999143241,-0.856888753369005,0.515501371821666,1.01999999999996,4.17079632679472,0.251922798069458,0.473251722740459,0.544999999974953,0.0450024327366029,1.15931423951898,3.69024395166326,4.7593456427227,0.0039804
2.62,-0.878655558500935,0.495334817373425,1.02399999904096,4.19389293515107,0.987696196434028,0.0068250425890276,0.199999999134224,-0.867026721445863,0.498261642412042,1.02399999999996,4.19079632679472,0.252078150422731,0.472990238480142,0.544999999976425,0.0450007211884449,1.12436371237455,3.71040050440907,4.72275976712559,0.0039988
2.64,-0.888154824433882,0.478010778984984,1.02799999902356,4.21386995608207,0.988037767492557,0.00690108040238162,0.199999999125737,-0.876817890394345,0.480822614988854,1.02799999999996,4.21079632679472,0.252211602596908,0.472737460067252,0.54499999997792,0.0449989297350328,1.08902635775869,3.72986807125587,4.68715087731001,0.0041894
2.66,-0.89730817341666,0.46049375178056,1.03199999900599,4.23384725250368,0.988382582386036,0.00695883759100955,0.199999999117788,-0.886258343877419,0.463191264930552,1.03199999999996,4.23079632679472,0.252324200618517,0.472493955710515,0.544999999979432,0.0449970735072519,1.05331593870692,3.74863879351196,4.65249287339326,0.0038803
2.68,-0.90611202618372,0.442790758413278,1.03599999898827,4.25382472111545,0.988729420547083,0.00699889694424576,0.199999999110384,-0.895344305839562,0.44537464454208,1.03599999999996,4.25079632679472,0.252416991559436,0.472260232706993,0.544999999980964,0.0449951669684467,1.01724636389679,3.76670509181891,4.61875951448602,0.0037635
2.7,-0.914562928778679,0.424908897700237,1.03999999897041,4.27380226602103,0.989077127170506,0.00702187427340221,0.199999999103531,-0.904072142017134,0.42737988023404,1.03999999999996,4.27079632679472,0.25249102032076,0.472036738836651,0.544999999982506,0.0449932239023446,0.980831682677169,3.78405966925766,4.58592448553524,0.0036888
2.72,-0.922657554578524,0.40685534162686,1.04399999895242,4.29377979862015,0.989424613100123,0.00702841444909448,0.199999999097233,-0.912438361392034,0.409214169672229,1.04399999999996,4.29079632679472,0.252547326591042,0.471823863891487,0.544999999984067,0.044991257403969,0.944086080015154,3.80069551433521,4.55396145983814,0.0035309
2.74,-0.930392706251062,0.38863733232873,1.04799999893431,4.31375723748185,0.989770854516092,0.00701918755577761,0.199999999091497,-0.92043961758806,0.390884778898665,1.04799999999996,4.31079632679472,0.252586941979771,0.471621941326434,0.544999999985635,0.0449892798734089,0.90702387136335,3.81660590385108,4.52284415734915,0.0034273
2.76,-0.937765317644885,0.370262179052352,1.05199999891608,4.33373450820062,0.990114892434185,0.00699488517035956,0.199999999086326,-0.928072710209416,0.37239903942527,1.05199999999996,4.33079632679472,0.252610887312104,0.471431249968602,0.544999999981911,0.0449873030072636,0.869659497450224,3.83178440564259,4.49254639890803,0.0034203
2.78,-0.944772455611222,0.351737255096295,1.05599999889775,4.35371154323664,0.99045583202794,0.00695621676893263,0.199999999079814,-0.935334586120825,0.353764345301358,1.05599999999996,4.35079632679472,0.252620170153184,0.471252016017053,0.544999999978752,0.0449853378153007,0.832007518996204,3.84622488120821,4.46304215651274,0.0033978
2.8,-0.951411321757026,0.333069994734055,1.05999999887927,4.37368828174193,0.990792841787365,0.00690390627470948,0.199999999072165,-0.942222340668748,0.334988150156122,1.05999999999996,4.37079632679472,0.252615782430377,0.471084414855536,0.544999999976445,0.0449833946000919,0.794082611358283,3.85992148820811,4.43430559978842,0.0033925
2.82,-0.957679254128794,0.314267890119946,1.06399999886062,4.39366466937348,0.991125152522618,0.00683868874034927,0.199999999063685,-0.9487332188432,0.316077964217272,1.06399999999996,4.39079632679471,0.252598698275506,0.47092857310735,0.544999999975409,0.0449814829719267,0.755899559105885,3.87286868284137,4.40631113877393,0.0034817
2.84,-0.963573728826635,0.295338488179347,1.06799999884181,4.41364065809467,0.991452056225849,0.0067613071757548,0.199999999054832,-0.954864616379723,0.297041351307051,1.06799999999996,4.41079632679471,0.252569872025171,0.470784570707367,0.544999999975536,0.0449796118527481,0.717473250530761,3.88506122209906,4.37903346317383,0.0034319
2.86,-0.969092361548175,0.276289387484504,1.07199999882282,4.43361620596644,0.991772904801988,0.00667250952227403,0.199999999046025,-0.960614080801053,0.277885925816807,1.07199999999996,4.43079632679471,0.252530236390473,0.470652443029568,0.544999999976154,0.0449777894841001,0.67881867209374,3.89649416589262,4.35244757821495,0.0034676
2.88,-0.974232909061901,0.257128235117118,1.07599999880365,4.45359127692935,0.992087108679575,0.00657304577587724,0.199999999037441,-0.965979312398079,0.258619349661332,1.07599999999996,4.45079632679471,0.252480700794541,0.4705321830643,0.544999999976878,0.0449760234378016,0.639950902811121,3.90716287905708,4.32652883724903,0.0033597
2.9,-0.978993270609614,0.237862723518864,1.07999999878432,4.47356584057791,0.992394135312653,0.00646366526134978,0.199999999029117,-0.970958165149698,0.239249329214205,1.07999999999996,4.47079632679471,0.252422149872277,0.470423743627377,0.544999999978306,0.0449743206278312,0.600885108583553,3.91706303322842,4.30125297124349,0.0037479
2.92,-0.983371489237677,0.218500587330967,1.08399999876482,4.49353987192835,0.992693507584406,0.00634511405857474,0.199999999021307,-0.975548647581193,0.21978361222534,1.08399999999996,4.49079632679471,0.252355442122351,0.470327039569811,0.544999999980225,0.0449726873215572,0.561636536470241,3.92619060859486,4.2765961153032,0.0035145
2.94,-0.987365753056806,0.199049600223949,1.08799999874518,4.5135133511809,0.99298480212274,0.00621813258054116,0.199999999014188,-0.979748923560798,0.200229984721994,1.08799999999996,4.51079632679471,0.252281408719246,0.470241950020555,0.544999999982478,0.0449711291558787,0.522220508911329,3.93454189552141,4.25253483236099,0.0036558
2.96,-0.99097439643017,0.179517571718611,1.0919999987254,4.53348626347774,0.993267647538215,0.00608345330386016,0.19999999900788,-0.983557313034124,0.180596267894457,1.09199999999996,4.53079632679471,0.252200852473319,0.47016832062673,0.544999999984845,0.044969651152878,0.482652417901322,3.94211349604753,4.22904613417781,0.0034264
2.98,-0.994195901089603,0.159912343999303,1.0959999987055,4.55345859865768,0.993541722594121,0.00594179865087351,0.199999999002424,-0.986972292696159,0.160890314967681,1.09599999999996,4.55079632679471,0.252114546935159,0.470105965786595,0.544999999986578,0.0449682577366073,0.442947719116428,3.94890232525742,4.20610749978987,0.0038075
3,-0.997028897179759,0.140241788720504,1.0999999986855,4.57343035100855,0.993806754318261,0.00579387902212798,0.199999998997592,-0.989992496600571,0.141120008060093,1.09999999999996,4.57079632679471,0.252023235647565,0.470054670895825,0.544999999988667,0.0449669527537177,0.403121925998686,3.95490561252271,4.18369689153576,0.0056489
3.02,-0.999472164230053,0.120513803807718,1.10399999866541,4.59340151901838,0.994062516065961,0.00564039097864313,0.199999998993512,-0.992616716706066,0.121293255030856,1.10399999999996,4.59079632679471,0.251927631520761,0.470014194533253,0.544999999990996,0.0449657394891669,0.36319060379977,3.96012090261729,4.16179276880152,0.0035648
3.04,-1.00152463205429,0.10073631025368,1.10799999864525,4.61337210512613,0.994308825542755,0.00548201557024549,0.199999998990271,-0.994843903359592,0.101417986316828,1.10799999999996,4.61079632679471,0.251828416346476,0.469984270651578,0.54499999999348,0.0449646206884282,0.323169363587371,3.96454605670413,4.14037409960804,0.0036778
3.06,-1.00318538157784,0.0809172489108425,1.11199999862503,4.63334211547292,0.994545542795644,0.00531941680887407,0.199999998987924,-0.996673165716183,0.081502151760496,1.11199999999996,4.63079632679471,0.251726240434547,0.469964610729046,0.54499999999605,0.0449635985779854,0.28307385621703,3.96817925319376,4.11942037017149,0.0035951
3.08,-1.0044536455924,0.0610645772811186,1.11599999860478,4.65331155965462,0.994772568181054,0.00515324028373417,0.199999998986502,-0.998103772095286,0.0615537174301403,1.11599999999996,4.65079632679471,0.2516217223688,0.469954905884182,0.544999999998659,0.0449626748867475,0.242919766272346,3.97101898847453,4.09891159255949,0.0034114
3.1,-1.00532880943809,0.0411862663038273,1.1199999985845,4.6732804504764,0.994989840317329,0.00498411191521781,0.199999998986019,-0.999135150273423,0.0415806624335178,1.11999999999996,4.67079632679471,0.251515448876548,0.469954828948267,0.545000000001271,0.0449618508679775,0.20272280597643,3.97306407751432,4.07882831056411,0.0033902
3.12,-1.0058104116131,0.021290297142795,1.12399999856423,4.69324880371024,0.995197334029215,0.00481263684419473,0.199999998986477,-0.999766887713076,0.0215909757263234,1.12399999999996,4.69079632679471,0.251407974805122,0.469964036487471,0.54500000000353,0.0449611273213275,0.162498709077541,3.97431365433377,4.05915160390862,0.0033938
3.14,-1.00589814431064,0.00138465797356002,1.12799999854397,4.71321663785575,0.995395058291383,0.00463939845287279,0.199999998987747,-0.999998731727691,0.00159265291671432,1.12799999999996,4.71079632679471,0.251299823202951,0.469982170781755,0.545000000005358,0.0449605046162431,0.122263224711778,3.97476717235103,4.03986309090071,0.0034783
3.16,-1.00559185388337,-0.0185226592283782,1.13199999852374,4.73318397390517,0.995583054177774,0.00446495751364341,0.199999998989676,-0.999830589582754,-0.0184063069328264,1.13199999999996,4.73079632679471,0.25119148549702,0.470008861748097,0.545000000007399,0.0449599827150024,0.0820321112457488,3.97442440459797,4.02094492964225,0.0034855
3.18,-1.00489154123523,-0.0384236618973232,1.13599999850356,4.75315083511305,0.995761392823092,0.00428985146174216,0.19999999899234,-0.99926252853288,-0.038397904505008,1.13599999999996,4.75079632679471,0.251083421756247,0.470043728788347,0.545000000009582,0.0449595611941922,0.0418211301021168,3.97328544380798,4.00237981790217,0.0034111
3.2,-1.00379736214079,-0.0583103600842124,1.13999999848344,4.77311724677104,0.995930173402158,0.00411459378673948,0.199999998995789,-0.998294775794916,-0.0583741434273529,1.13999999999996,4.77079632679471,0.250976061044533,0.470086382591449,0.54500000001185,0.0449592392689811,0.00164603957091695,3.97135070237542,3.98415099175171,0.0033736
3.22,-1.0023096274921,-0.0781747696595675,1.1439999984634,4.79308323598843,0.996089521132875,0.00393967353906459,0.199999999000055,-0.996927718457053,-0.0783270334706384,1.14399999999996,4.79079632679471,0.25086980185151,0.47013642686572,0.545000000014168,0.0449590158159128,-0.038477411390445,3.96862091218689,3.96624222306069,0.0035892
3.24,-1.0004288034732,-0.0980089155116109,1.14799999844345,4.81304883147871,0.996239585307894,0.00376555494669038,0.199999999005156,-0.995161903324,-0.0982485937448821,1.14799999999996,4.8107963267947,0.250765012596771,0.470193460003746,0.545000000016502,0.0449588893957403,-0.0785334893656242,3.96509712432448,3.94863781594823,0.0037724
3.26,-0.998155511662328,-0.117804834738592,1.15199999842362,4.83301406335267,0.996380537359777,0.00359267713722839,0.199999999011097,-0.992998036698266,-0.118130855891592,1.15199999999996,4.8307963267947,0.250662032201948,0.470257076677939,0.545000000018832,0.0449588582761402,-0.118506482693301,3.96078070864117,3.93132260227669,0.0037958
3.28,-0.995490529062022,-0.137554579834352,1.15599999840391,4.85297896291833,0.996512568964047,0.00342145396058722,0.199999999017876,-0.990436984097651,-0.137965867271002,1.15599999999996,4.8507963267947,0.250561170725158,0.470326869365004,0.545000000021147,0.0449589204541372,-0.158380707683791,3.9556733532087,3.91428193627406,0.0034587
3.3,-0.992434788057131,-0.157250221866167,1.15999999838434,4.87294356248799,0.996635890184196,0.00325227390727236,0.199999999025489,-0.987479769909046,-0.157745694143024,1.15999999999996,4.8707963267947,0.250462710052319,0.470402429798069,0.545000000023428,0.0449590736782596,-0.198140514835416,3.94977706363819,3.89750168836546,0.0034478
3.32,-0.988989376301024,-0.17688385364386,1.16399999836493,4.89290789519271,0.996750727662308,0.00308550011735926,0.199999999033923,-0.9841275769787,-0.177462424840636,1.16399999999996,4.8907963267947,0.250366904640084,0.470483350345372,0.545000000025677,0.0449593154702866,-0.237770295047764,3.94309416227374,3.88096823829077,0.0037531
3.34,-0.985155536530103,-0.196447592879221,1.16799999834571,4.91287199480436,0.996857322858656,0.002921470475136,0.199999999043167,-0.980381746139088,-0.197108172934447,1.16799999999996,4.9107963267947,0.250273982304378,0.470569225312118,0.545000000027608,0.0449596431463195,-0.277254485828953,3.93562728725954,3.86466846758115,0.0034632
3.36,-0.98093466630684,-0.215933585334708,1.17199999832667,4.93283589556557,0.996955930343214,0.00276049778429649,0.199999999053106,-0.976243775672602,-0.216675080387157,1.17199999999996,4.9307963267947,0.250184145052019,0.470659652174007,0.545000000029094,0.0449600538381745,-0.316577577494055,3.92737939148077,3.84858975146242,0.0035931
3.38,-0.976328317691557,-0.23533400796042,1.17599999830783,4.95279963202749,0.997046816141817,0.00260287001893095,0.19999999906358,-0.971715320712259,-0.236155320696675,1.17599999999996,4.9507963267947,0.25009756994951,0.470754232738887,0.545000000030782,0.0449605445141439,-0.355724119351811,3.91835374137881,3.83271995025062,0.0034064
3.4,-0.971338196843205,-0.254641072018325,1.17999999828922,4.97276323889582,0.99713025613934,0.002448850645426,0.199999999074661,-0.966798192579661,-0.255541102026611,1.17999999999996,4.9707963267947,0.250014410018293,0.470852574215515,0.545000000032611,0.0449611119971221,-0.394678725876794,3.90855391564117,3.81704740030227,0.0034686
3.42,-0.965966163549391,-0.273847026192696,1.18399999827083,4.99272675088482,0.997206534541706,0.00229867900958932,0.199999999086401,-0.961494358060503,-0.274824670322904,1.18399999999996,4.9907963267947,0.249934795161834,0.470954290225204,0.545000000034523,0.0449617529850623,-0.433426082864196,3.89798380376679,3.80156090457355,0.0035117
3.44,-0.960214230685979,-0.292944159685711,1.18799999825268,5.0126902025796,0.997275942398629,0.00215257078483299,0.199999999098829,-0.955805938617874,-0.293998312415349,1.18799999999996,5.0107963267947,0.249858833113836,0.471059001734829,0.545000000036483,0.0449624640693021,-0.471950953564394,3.88664760450716,3.78624972284395,0.0035165
3.46,-0.954084563606547,-0.311924805297161,1.19199999823479,5.0326536283066,0.997338776188461,0.00201071847635421,0.199999999111963,-0.949735209543708,-0.313054359102753,1.19199999999996,5.0307963267947,0.249786610404723,0.471166337917059,0.545000000038465,0.0449632417524623,-0.510238184794505,3.874549824184,3.77110356165386,0.0034431
3.48,-0.947579479462079,-0.330781342487191,1.19599999821716,5.05261706201224,0.997395336466293,0.00187329197657371,0.19999999912581,-0.943284599048691,-0.331985188220518,1.19599999999996,5.0507963267947,0.249718193342297,0.471275936938797,0.545000000040451,0.0449640824656671,-0.548272713024124,3.86169527488398,3.75611256400288,0.0035561
3.5,-0.940701446451233,-0.349506200420995,1.19999999819983,5.07258053714987,0.997445926576194,0.00174043916717576,0.199999999140373,-0.936456687291015,-0.350783227689405,1.19999999999996,5.0707963267947,0.249653629002609,0.471387446679007,0.545000000042425,0.0449649825850865,-0.58603957043245,3.8480890725314,3.74126729885202,0.003442
3.52,-0.933453083001604,-0.368091860994381,1.20399999818279,5.09254408657459,0.997490851428195,0.00161228656319357,0.199999999155645,-0.929254205344346,-0.369440958544264,1.20399999999996,5.0907963267947,0.249592946227327,0.471500525377354,0.545000000044375,0.0449659384477565,-0.623523890934053,3.83373663483937,3.72655875047026,0.0034121
3.54,-0.92583715688239,-0.3865308618391,1.20799999816606,5.11250774244634,0.997530416340411,0.00148893999469647,0.19999999917162,-0.92168003410543,-0.387950917941519,1.20799999999996,5.1107963267947,0.249536156624009,0.471614842215107,0.54500000004629,0.0449669463666674,-0.660710916170508,3.81864367914045,3.7119783076621,0.0033986
3.56,-0.917856584248927,-0.40481579930683,1.21199999814966,5.13247153614069,0.997564925946439,0.00137048532175078,0.199999999188285,-0.913737203141775,-0.406305702144207,1.21199999999996,5.1307963267947,0.249483255565911,0.471730077830042,0.545000000048173,0.0449680026451251,-0.697586001465181,3.80281622009745,3.69751775291108,0.0035295
3.58,-0.909514428619565,-0.422939331430711,1.2159999981336,5.15243549816756,0.997594683167965,0.00125698917845654,0.199999999205627,-0.905428889479863,-0.424497969483374,1.21599999999996,5.1507963267947,0.24943422318814,0.471845924767078,0.54500000005001,0.0449691035903443,-0.734134621738434,3.78626056729529,3.68316925146995,0.0033897
3.6,-0.900813899785402,-0.440894180863292,1.21999999811789,5.1723996580974,0.997619988252293,0.00114849974199213,0.199999999223631,-0.896758416334384,-0.442520443294646,1.21999999999996,5.1707963267947,0.249389025377119,0.471962087866608,0.545000000051802,0.0449702455262955,-0.770342377380562,3.76898332271494,3.66892534042737,0.0038132
3.62,-0.891758352653407,-0.458673137789777,1.22399999810255,5.19236404449502,0.997641137874337,0.0010450475227417,0.19999999924228,-0.887729251778991,-0.460365914828793,1.22399999999996,5.1907963267947,0.249347614750576,0.472078284592508,0.545000000053552,0.044971424805805,-0.80619500007979,3.7509913780903,3.65477891777661,0.003504
3.64,-0.88235128602351,-0.476269062815432,1.22799999808759,5.2123286848605,0.9976584243024,0.000946646171722711,0.199999999261558,-0.878345007359118,-0.47802724613514,1.22799999999996,5.2107963267947,0.249309931625372,0.472194245301966,0.545000000055253,0.0449726378218839,-0.841678358602665,3.73229191214902,3.64072323151131,0.0034415
3.66,-0.872596341300256,-0.493674889826009,1.23199999807302,5.23229360557736,0.997672134626925,0.000853293301681356,0.199999999281449,-0.868609436647413,-0.495497372916644,1.23199999999996,5.2307963267947,0.249275904970794,0.472309713459441,0.545000000056923,0.044973881018338,-0.876778464524228,3.71289238773842,3.62675186876923,0.0035461
3.68,-0.86249730113965,-0.51088362882006,1.23599999805885,5.25225883186743,0.997682550051239,0.000764971318382329,0.199999999301942,-0.858526433742353,-0.512769307355525,1.23599999999996,5.2507963267947,0.24924545334321,0.472424445790283,0.545000000057959,0.044975150898964,-0.911481477905347,3.69280054883754,3.61285874504541,0.0034909
3.7,-0.852058088031855,-0.527888368711994,1.2399999980451,5.27222438775248,0.997689945243071,0.000681648258506647,0.199999999322807,-0.848100031710663,-0.529836140908297,1.23999999999996,5.2707963267947,0.24921848580848,0.472538212408053,0.545000000059161,0.0449764440388686,-0.945773712914647,3.67202441745645,3.59903809348923,0.0034565
3.72,-0.841282762820437,-0.544682280104737,1.24399999803177,5.29219029602218,0.997694587745869,0.000603278632009745,0.199999999344105,-0.837334400974138,-0.546691047069093,1.24399999999996,5.29079632679469,0.249194902833409,0.472650796855226,0.545000000060476,0.0449777570898728,-0.979641643392465,3.65057229042404,3.5852844543075,0.0034467
3.74,-0.830175523158865,-0.561258618030859,1.24799999801887,5.31215657820834,0.997696737448103,0.000529804264376923,0.199999999365876,-0.826233847641533,-0.563327284100178,1.24799999999996,5.31079632679469,0.249174597161308,0.472761996122331,0.545000000061855,0.0449790867898073,-1.01307190835433,3.62845273606562,3.5715926642824,0.0034809
3.76,-0.818740701905039,-0.577610724661022,1.25199999800641,5.33212325456499,0.997696646109343,0.000461155137016569,0.199999999388144,-0.814802811786177,-0.579738197728553,1.25199999999996,5.33079632679469,0.24915745466162,0.472871620616514,0.545000000063266,0.0449804299692223,-1.04605131743145,3.60567459077136,3.55795784641975,0.0035662
3.78,-0.806982765454604,-0.593732031978629,1.2559999979944,5.35209034405406,0.99769455694142,0.000397250222810106,0.19999999941092,-0.803045865669999,-0.595917223807577,1.25599999999996,5.35079632679469,0.249143355153891,0.472979494088218,0.54500000006469,0.0449817835575857,-1.07856685624576,3.58224695545724,3.54437539973904,0.0034798
3.8,-0.794906312013889,-0.609616064419542,1.25999999798285,5.37205786433667,0.99769070424299,0.000337998314300807,0.199999999434208,-0.790967711914688,-0.611857890942534,1.25999999999996,5.37079632679469,0.249132173204836,0.473085453518473,0.545000000066103,0.0449831445888529,-1.1106056917171,3.55817919191958,3.53084098921523,0.0034285
3.82,-0.782516069813286,-0.625256441475736,1.26399999797177,5.39202583176929,0.997685313085717,0.00028329884216238,0.199999999458005,-0.778573181620707,-0.627553823079111,1.26399999999996,5.39079632679469,0.249123778897383,0.473189348969232,0.54500000006749,0.0449845102063943,-1.14215517730009,3.53348091908476,3.51735053588126,0.003633
3.84,-0.769816895261965,-0.640646880261798,1.26799999796117,5.41199426140505,0.997678599050251,0.000233042681745361,0.199999999482302,-0.765867232434915,-0.642998742053729,1.26799999999996,5.41079632679469,0.249118038570749,0.473291043399182,0.545000000068846,0.0449858776672719,-1.17320285814839,3.50816200915553,3.50390020709921,0.0034592
3.86,-0.756813771044803,-0.655781198043144,1.27199999795107,5.4319631669994,0.997670768010061,0.000187112945657609,0.199999999507087,-0.752854946567576,-0.658186470104728,1.27199999999996,5.43079632679469,0.249114815530732,0.473390412447435,0.545000000070162,0.044987244345898,-1.20373647620397,3.48223258365539,3.49048640700735,0.0034343
3.88,-0.743511804162478,-0.670653314724876,1.27599999794146,5.45193256102031,0.997662015961205,0.00014538576049143,0.199999999532345,-0.739541528759542,-0.673110932343388,1.27599999999996,5.45079632679469,0.249113970729564,0.473487344187504,0.545000000071429,0.044988607737101,-1.23374397520916,3.45570300937266,3.47710576714846,0.0033756
3.9,-0.729916223915673,-0.685257255300187,1.27999999793237,5.4719024546624,0.997652528896013,0.000107731025964231,0.19999999955806,-0.725932304200427,-0.687766159183803,1.27999999999996,5.47079632679469,0.249115363414768,0.473581738853952,0.545000000072646,0.0449899654586221,-1.26321350563912,3.42858389420581,3.46375513728484,0.0033757
3.92,-0.716032379834375,-0.699587152257254,1.28399999792379,5.49187285786492,0.997642482718661,7.40131548908058e-05,0.199999999584212,-0.7120327163986,-0.702146288730637,1.28399999999996,5.49079632679469,0.249118851746642,0.473673508543982,0.545000000073813,0.0449913152530468,-1.29213342955261,3.4008860829116,3.4504315764047,0.0041009
3.94,-0.701865739553292,-0.713637247943552,1.28799999791574,5.51184377933322,0.997632043200578,4.40917925528707e-05,0.199999999610785,-0.697848325003856,-0.716245569123805,1.28799999999996,5.51079632679469,0.249124293384044,0.473762576896309,0.545000000074926,0.0449926549892087,-1.32049232535885,3.37262065275791,3.43713234392299,0.003889
3.96,-0.687421886634419,-0.727401896886562,1.29199999790822,5.53181522656353,0.997621365973614,1.78225141770608e-05,0.199999999637758,-0.683384803583631,-0.730058360839138,1.29199999999996,5.53079632679469,0.24913154603837,0.473848878749541,0.545000000075985,0.0449939826631004,-1.34827899249835,3.34379890908278,3.42385489108006,0.0035649
3.98,-0.672706518337813,-0.740875568069839,1.29599999790125,5.55178720587068,0.997610596558882,-4.94250062563086e-06,0.199999999665113,-0.668647937353649,-0.743579138944116,1.29599999999996,5.55079632679469,0.249140467995626,0.473932359782216,0.545000000076988,0.0449952963982772,-1.37548245603558,3.31443238076153,3.41059685254075,0.0034546
4,-0.657725443341686,-0.754052847163446,1.29999999789483,5.57175972241861,0.997599870429188,-2.43538174705665e-05,0.199999999692829,-0.653643620863913,-0.756802495307772,1.29999999999996,5.57079632679469,0.249150918606663,0.474012976136706,0.545000000077939,0.0449965944458295,-1.40209197116145,3.28453281558377,3.3973560381954,0.0035155
4.02,-0.642484579412905,-0.766928438707756,1.30399999788897,5.59173278025335,0.997589313102973,-4.05641217351667e-05,0.199999999720887,-0.638377855640963,-0.769723140763871,1.30399999999996,5.59079632679469,0.249162758745747,0.47409069402898,0.545000000078833,0.0449978751839023,-1.42809702760362,3.25411217554212,3.38413042516503,0.0039079
4.04,-0.626989951029054,-0.779497168249662,1.30799999788367,5.61170638233822,0.997579040267687,-5.37276187690673e-05,0.199999999749267,-0.622856747787348,-0.782335907226503,1.30799999999996,5.61079632679469,0.249175851237665,0.474165489346271,0.545000000079673,0.0449991371168151,-1.45348735394264,3.22318263203446,3.37091815001092,0.0037728
4.06,-0.611247686953211,-0.791753984430249,1.31199999787894,5.63168053059105,0.997569157930549,-6.39994604016383e-05,0.199999999777949,-0.607086505539264,-0.79463574975725,1.31199999999996,5.63079632679469,0.249190061253761,0.474237347234605,0.545000000080459,0.0450003788737956,-1.47825292183205,3.19175656098181,3.35771750114997,0.0040963
4.08,-0.595264017762621,-0.803693961023002,1.31599999787479,5.65165522592317,0.997559762594662,-7.153519824926e-05,0.199999999806914,-0.591073436783344,-0.806617748583097,1.31599999999996,5.65079632679469,0.249205256677281,0.474306261678024,0.545000000081192,0.0450015992073547,-1.5023839501205,3.15984653786361,3.34452691147591,0.0040362
4.1,-0.579045273332467,-0.815312298921647,1.31999999787122,5.67163046827992,0.997550941458467,-7.64902642116717e-05,0.199999999836144,-0.574823946533584,-0.81827711106427,1.31999999999996,5.67079632679469,0.249221308438529,0.474372235071342,0.545000000081867,0.0450027969913295,-1.52587090887414,3.1274653326725,3.33134495118645,0.0038706
4.12,-0.562597880275959,-0.826604328076752,1.32399999786824,5.69160625668246,0.997542772636586,-7.9019478434636e-05,0.199999999865616,-0.558344534369428,-0.829609173611233,1.32399999999996,5.69079632679469,0.24923809082042,0.474435277788116,0.545000000082496,0.0450039712186,-1.54870452329751,3.09462590479058,3.31817032081637,0.004111
4.14,-0.545928359341982,-0.83756550938023,1.32799999786585,5.71158258927071,0.997535325400105,-7.92765849120563e-05,0.199999999895314,-0.541641791836019,-0.84060940355006,1.32799999999996,5.71079632679469,0.249255481735035,0.474495407745555,0.54500000008307,0.0450051209985529,-1.57087577755113,3.06134139778933,3.3050018444755,0.0039272
4.16,-0.529043322771562,-0.848191436496915,1.33199999786405,5.73155946334712,0.997528660434407,-7.7413814798991e-05,0.199999999925219,-0.524722399807669,-0.851273400935443,1.33199999999996,5.73079632679469,0.249273362971897,0.474552649967835,0.545000000083596,0.0450062455542416,-1.5923759184642,3.02762513415507,3.29183846329164,0.0038978
4.18,-0.511949471614414,-0.858477837642408,1.33599999786286,5.75153687542124,0.997522830112722,-7.35814774144997e-05,0.199999999955313,-0.507593125815603,-0.861596900310613,1.33599999999996,5.75079632679468,0.249291620418698,0.474607036149432,0.545000000084065,0.0450073442193421,-1.61319645914072,2.99349060994238,3.27867922905688,0.0037869
4.2,-0.494653593006881,-0.868420577306426,1.33999999786227,5.77151482125466,0.997517878783581,-6.79275788200384e-05,0.199999999985577,-0.490260821341028,-0.871575772413464,1.33999999999996,5.77079632679468,0.249310144255277,0.474658604219804,0.545000000084489,0.0450084164348712,-1.63332918245759,2.95895148935737,3.26552329807666,0.003792
4.22,-0.477162557412544,-0.878015657920878,1.34399999786228,5.7914932959064,0.997513843070439,-6.05974677767733e-05,0.200000000015993,-0.47273241907464,-0.881206025828204,1.34399999999996,5.79079632679468,0.249328829121687,0.474707397910788,0.545000000084861,0.0450094617457157,-1.65276614445294,2.92402159927319,3.25236992521986,0.0042313
4.24,-0.459483315826839,-0.887259221471982,1.34799999786291,5.81147229377832,0.997510752181778,-5.17335088048726e-05,0.200000000046543,-0.455014930143638,-0.890483808581871,1.34799999999996,5.81079632679468,0.249347574261255,0.474753466327984,0.545000000085185,0.045010479797,-1.67149967760345,2.88871492367991,3.23921845816844,0.0045273
4.26,-0.441622896947004,-0.896147551055692,1.35199999786415,5.83145180866063,0.997508628230053,-4.14747819926698e-05,0.200000000077209,-0.437115441307363,-0.899405409685064,1.35199999999996,5.83079632679468,0.249366283639492,0.474796863527298,0.545000000085459,0.0450114703302844,-1.68952239398917,2.85304559807105,3.2260683318657,0.0053913
4.28,-0.423588404308699,-0.904677072375791,1.355999997866,5.85143183377713,0.997507486557912,-2.99568091345517e-05,0.200000000107975,-0.419041112122693,-0.907967260616295,1.35599999999996,5.85079632679468,0.249384866039866,0.474837648097711,0.545000000085684,0.0450124331796529,-1.70682718834439,2.81702790376901,3.2129190631599,0.0043108
4.3,-0.405387013390645,-0.912844355184006,1.35999999786847,5.87141236183022,0.997507336070186,-1.73113057131346e-05,0.200000000138821,-0.400799172080315,-0.916165936749349,1.35999999999996,5.87079632679468,0.249403235137353,0.474875882751354,0.545000000085861,0.0450133682676702,-1.72340724099339,2.78067626219181,3.19977024564297,0.0039394
4.32,-0.38702596868866,-0.920646114661532,1.36399999787155,5.89139338504539,0.997508179570187,-3.66595818002773e-06,0.200000000169731,-0.382396917713022,-0.923998158723085,1.36399999999996,5.89079632679468,0.249421309550775,0.474911633921785,0.545000000085992,0.0450142756012705,-1.73925602066975,2.74400522906329,3.18662154468091,0.0037164
4.34,-0.368512580760442,-0.928079212741385,1.36799999787526,5.91137489521513,0.997510014098949,1.08557740633494e-05,0.200000000200688,-0.363841709677202,-0.931460793753144,1.36799999999996,5.91079632679468,0.249439012874919,0.474944971371359,0.545000000086074,0.0450151552675518,-1.75436728721801,2.70702948856936,3.1734726926343,0.0036911
4.36,-0.349854223242494,-0.935140659371039,1.37199999787958,5.93135688374218,0.997512831276085,2.61348326336593e-05,0.200000000231675,-0.345140969808669,-0.938550856885013,1.37199999999996,5.93079632679468,0.249456273693467,0.474975967808468,0.545000000086111,0.0450160074295339,-1.7687350941766,2.66976384746237,3.16032348426587,0.0037724
4.38,-0.331058329840564,-0.941827613714817,1.37599999788452,5.9513393416819,0.997516617641011,4.20567107753607e-05,0.200000000262675,-0.326302178154031,-0.945265512187972,1.37599999999996,5.95079632679468,0.249473025573745,0.475004698515388,0.5450000000861,0.0450168323218667,-1.78235379124084,2.6322232291164,3.14717377233389,0.0038447
4.4,-0.312132391294999,-0.948137385295551,1.37999999789009,5.97132225978378,0.997521354993363,5.85115813461649e-05,0.20000000029367,-0.307332869978769,-0.951602073889429,1.37999999999996,5.97079632679468,0.249489207044323,0.475031240987362,0.545000000086043,0.045017630246525,-1.79521802660516,2.59442266753544,3.13402346336714,0.0038886
4.42,-0.293083952322403,-0.954067435075041,1.38399999789627,5.99130562853188,0.997527020731473,7.53944029471166e-05,0.200000000324646,-0.288240632753232,-0.957558007449188,1.38399999999996,5.99079632679468,0.249504761556496,0.475055674583499,0.545000000085942,0.0450184015684923,-1.80732274918334,2.55637730131731,3.12087251361979,0.0038285
4.44,-0.273920608535001,-0.959615376472886,1.38799999790307,6.01128943818424,0.997533588187876,9.26050049974852e-05,0.200000000355585,-0.269033103117752,-0.963130930573238,1.38799999999996,6.01079632679468,0.249519637430669,0.475078080189996,0.545000000085793,0.045019146711455,-1.81866321070604,2.5181023675755,3.10772092520295,0.0040597
4.46,-0.254650003339114,-0.964778976323284,1.39199999791049,6.03127367881102,0.997541026960854,0.000110048152581732,0.20000000038647,-0.249717963828085,-0.968318614166632,1.39199999999996,6.03079632679468,0.249533787788662,0.475098539896121,0.545000000085598,0.0450198661535228,-1.82923496769469,2.47961319582151,3.09456874238981,0.0037178
4.48,-0.235279824814135,-0.969556155769425,1.39599999791853,6.05125834033151,0.997549303241105,0.000127633591918627,0.200000000417285,-0.230302940682415,-0.973118983225103,1.39599999999996,6.05079632679468,0.249547170472949,0.475117136683329,0.54500000008536,0.0450205604229819,-1.83903388331083,2.44092520181014,3.08141604809151,0.0036863
4.5,-0.215817802573441,-0.973944991095126,1.39999999792718,6.07124341254971,0.997558380132689,0.00014527607732065,0.200000000448015,-0.210795799431137,-0.977530117665031,1.39999999999996,6.07079632679468,0.24955974795298,0.475133954124402,0.545000000084765,0.0450212300937907,-1.84805612908038,2.40205388135036,3.06826296050047,0.0035408
4.52,-0.196271704608621,-0.977943714493414,1.40399999793645,6.09122888518863,0.997568217967437,0.00016289538039134,0.200000000478531,-0.191204342670659,-0.981550253091453,1.40399999999996,6.09079632679468,0.249571487222964,0.475149076106568,0.545000000083908,0.0450218757822555,-1.85629818649189,2.36301480408403,3.05510962989689,0.0040104
4.54,-0.176649334118434,-0.981550714771747,1.40799999794632,6.11121474792316,0.997578774612193,0.000180416282774297,0.200000000508738,-0.171536406722471,-0.985177781503802,1.40799999999996,6.11079632679468,0.249582359687842,0.475162586561754,0.545000000083176,0.045022498142591,-1.86375684846831,2.32382360723526,3.0419562356163,0.003609
4.56,-0.156958526323918,-0.984764537993635,1.41199999795679,6.13120099041151,0.997590005768192,0.000197768553062059,0.200000000538681,-0.151799858498716,-0.988411251939077,1.41199999999996,6.13079632679468,0.249592341038336,0.475174569203732,0.545000000082525,0.045023097862244,-1.87042922071163,2.28449598933275,3.02880298317511,0.0035662
4.58,-0.13720714527103,-0.987583888056423,1.41599999796786,6.15118760232513,0.997601865261883,0.000214886908497689,0.20000000056839,-0.132002592355532,-0.991249371052218,1.41599999999996,6.15079632679468,0.249601411120358,0.475185107289912,0.545000000081929,0.045023675658715,-1.87631272291984,2.24504770390784,3.01565010154833,0.0035737
4.6,-0.117403080622241,-0.990007627205041,1.41999999797953,6.17117457337715,0.997614305326785,0.000231710962817942,0.200000000597884,-0.112152526935417,-0.993691003633419,1.41999999999996,6.17079632679468,0.249609553796198,0.475194283393807,0.545000000081356,0.0450242322756181,-1.88140508987584,2.2054945531706,3.00249784059762,0.0037344
4.62,-0.0975542444384772,-0.992034776481557,1.42399999799178,6.19116189334929,0.997627276875864,0.000248185160983695,0.200000000627173,-0.0922576019998751,-0.995735173062205,1.42399999999996,6.19079632679468,0.249616756799248,0.475202179191589,0.545000000080789,0.0450247684789517,-1.88570437240772,2.16585238166675,2.98934646864494,0.0035784
4.64,-0.0776685679528034,-0.993664516110389,1.42799999800461,6.21114955211726,0.997640729764007,0.000264258701701172,0.200000000656257,-0.0723257752536183,-0.997381061698057,1.42799999999996,6.21079632679468,0.249623011583109,0.475208875262753,0.545000000080213,0.0450252850535145,-1.88920893822022,2.12613706991789,2.97619627018879,0.0035853
4.66,-0.0577539983372433,-0.994896185819055,1.43199999801803,6.23113753967455,0.997654613040246,0.000279885448629312,0.200000000685134,-0.0523650191615909,-0.998628011207467,1.43199999999996,6.23079632679467,0.249628313165361,0.475214450902503,0.545000000079413,0.0450257827992415,-1.89191747259697,2.0863645280475,2.9630475437585,0.0035937
4.68,-0.0378184954641251,-0.99572928509439,1.43599999803201,6.2511258461547,0.997668875189396,0.00029502383106643,0.200000000713722,-0.0323833177600899,-0.999475522827256,1.43599999999996,6.25079632679467,0.249632659967459,0.475218983948536,0.545000000077887,0.0450262625278458,-1.89382897897328,2.04655068939555,2.94990059990309,0.0037122
4.7,-0.0178700286633353,-0.996163473374164,1.43999999804657,6.27111446185207,0.997683464362851,0.000309636735015863,0.200000000741762,-0.0123886634632567,-0.999923257564078,1.43999999999996,6.27079632679467,0.249636053656443,0.475222550641997,0.545000000076631,0.0450267250613776,-1.89494277937934,2.00671150412404,2.93675575930794,0.0036963
4.72,0.00208342652314301,-0.996198570174068,1.44399999806168,6.29110337724101,0.99769832859856,0.000323691386305281,0.200000000769349,0.00761094613378176,-0.999971036330006,1.44399999999996,6.29079632679467,0.249638498973689,0.475225225459314,0.545000000075567,0.0450271712259476,-1.89525851475358,1.9668629328162,2.9236133510424,0.0035575
4.74,0.0220338915880353,-0.995834555150065,1.44799999807734,6.31109258299358,0.997713416029586,0.000337159224847485,0.200000000796553,0.0276075114538446,-0.999618840014171,1.44799999999996,6.31079632679467,0.249640003569835,0.475227080989694,0.545000000074626,0.0450276018507915,-1.89477614512625,1.92702094007197,2.91047371092601,0.0035659
4.76,0.0419733883055567,-0.995071568096142,1.45199999809354,6.33108206999569,0.997728675081462,0.000350015772253214,0.200000000823418,0.047593034137421,-0.998866809490404,1.45199999999996,6.33079632679467,0.24964057783524,0.475228187811912,0.545000000073322,0.0450280177647083,-1.89349594967307,1.88720148810212,2.89733718001406,0.0037396
4.78,0.0618939419768119,-0.993909908877501,1.45599999811027,6.35107182936178,0.99774405465815,0.000362240492995196,0.200000000849814,0.0675595202419078,-0.997715245560888,1.45599999999996,6.35079632679467,0.249640234732724,0.475228614395068,0.545000000071456,0.0450284197941917,-1.89141852663908,1.84742053032395,2.88420410319623,0.0036262
4.8,0.0817875846724622,-0.992350037299275,1.45999999812752,6.37106185244806,0.99775950431668,0.000373816650376548,0.200000000875538,0.0874989834390793,-0.99616460883584,1.45999999999996,6.37079632679467,0.249638989631323,0.475228427015405,0.545000000069973,0.0450288087614541,-1.88854479313269,1.80769400496079,2.87107482790455,0.0035999
4.82,0.101646358471318,-0.990392572910855,1.46399999814529,6.3910521308643,0.997774974430538,0.000384731158185238,0.200000000900729,0.107403448209513,-0.994215519549275,1.46399999999996,6.39079632679467,0.249636860133191,0.475227689654163,0.545000000068753,0.04502918547956,-1.88487598479009,1.76803782864811,2.85794970292996,0.0035848
4.84,0.121462318693522,-0.988038294745973,1.46799999816355,6.41104265648428,0.997790416341537,0.000394974427514388,0.20000000092548,0.127264953032689,-0.991868757310921,1.46799999999996,6.41079632679467,0.249633865905599,0.475226463922869,0.545000000066491,0.0450295507508821,-1.88041365531028,1.72846789004878,2.84482907733924,0.0037092
4.86,0.141227537126986,-0.985288140998687,1.4719999981823,6.43103342145475,0.99780578250042,0.000404540210162448,0.200000000949416,0.147075553571496,-0.989125260794383,1.47199999999996,6.43079632679467,0.249630028525362,0.475224809043778,0.545000000064616,0.0450299053689299,-1.87515967586082,1.68900004347988,2.83171329948472,0.0036366
4.88,0.160934105245782,-0.982143208635454,1.47599999820152,6.4510244182032,0.997821026596746,0.000413425441025609,0.200000000972678,0.166827325849855,-0.985986127361688,1.47599999999996,6.45079632679467,0.249625371306413,0.475222781762991,0.545000000062958,0.0450302501106791,-1.86911623435475,1.64965010255392,2.81860271611535,0.0035521
4.9,0.180574137419156,-0.97860475294347,1.4799999982212,6.47101563944431,0.997836103677451,0.000421630076900449,0.200000000995343,0.186512369422209,-0.982452612624354,1.47999999999996,6.47079632679467,0.249619919139881,0.475220436314369,0.545000000060363,0.0450305857368763,-1.86228583459894,1.6104338338367,2.80549767157312,0.0035397
4.92,0.200139774109885,-0.97467418701554,1.48399999824132,6.49100707818509,0.997850970254649,0.00042915693410146,0.200000001017074,0.206122810533593,-0.978526129941165,1.48399999999996,6.49079632679467,0.249613698346068,0.475217824429929,0.545000000058462,0.0450309129939231,-1.85467129531424,1.57136695052462,2.79239850707136,0.0036011
4.94,0.219623185060667,-0.970353081171702,1.48799999826187,6.51099872772888,0.997865584403249,0.00043601152688638,0.20000000103812,0.22565080526903,-0.97420824985284,1.48799999999996,6.51079632679467,0.249606736506892,0.475214995265393,0.545000000055746,0.0450312326051524,-1.846275749028,1.53246510614376,2.77930556006367,0.003546
4.96,0.239016572467283,-0.965643162317892,1.49199999828284,6.53099058167825,0.997879905847689,0.000442201903383644,0.200000001058189,0.245088542690997,-0.969500699453844,1.49199999999996,6.53079632679467,0.249599062329144,0.475211995446138,0.545000000053507,0.0450315452772924,-1.83710264083936,1.49374388827347,2.76621916367961,0.0039443
4.98,0.258312174137239,-0.960546313241949,1.49599999830419,6.55098263393665,0.997893896039128,0.000447738484213091,0.200000001077451,0.264428247963691,-0.964405361701571,1.49599999999996,6.55079632679467,0.249590705486641,0.475208869018275,0.545000000050647,0.0450318516921106,-1.82715572705788,1.45521881229675,2.75313964624426,0.0039312
5,0.277502266632655,-0.955064571847276,1.49999999832592,6.57097487870918,0.997907518222371,0.000452633899947754,0.200000001095685,0.283662185462863,-0.958924274663183,1.49999999999996,6.57079632679467,0.249581696488845,0.475205657498885,0.545000000048275,0.0450321525115056,-1.81643907371618,1.41690531518013,2.74006733085891,0.0036831
5.02,0.296579168396115,-0.949200130324514,1.50399999834801,6.59096731050222,0.997920737493688,0.000456902831732231,0.200000001113063,0.302782661869962,-0.953059630700417,1.50399999999996,6.59079632679467,0.249572066533241,0.475202399848371,0.545000000045151,0.0450324483705355,-1.80495705495721,1.37881874928539,2.72700253505623,0.003629
5.04,0.31553524285828,-0.942955334261588,1.50799999837044,6.61095992412213,0.997933520849014,0.000460561851909284,0.200000001129318,0.321782029249361,-0.946813775592662,1.50799999999996,6.61079632679467,0.24956184738445,0.475199132540237,0.545000000042752,0.045032739882953,-1.79271435129673,1.34097437621567,2.7139455705098,0.0039387
5.06,0.334362901526001,-0.936332681692518,1.51199999839318,6.63095271467316,0.997945837223728,0.000463629268845072,0.200000001144708,0.34065268810743,-0.940189207598686,1.51199999999996,6.63079632679467,0.249551071233684,0.475195889536214,0.54500000003951,0.045033027633174,-1.77971594776204,1.30338736069841,2.70089674281237,0.0036791
5.08,0.353054607049737,-0.929334822085409,1.51599999841621,6.65094567755429,0.99795765752336,0.000466124972107794,0.200000001158932,0.359387090432231,-0.93318857645736,1.51599999999996,6.65079632679467,0.249539770590318,0.475192702378714,0.545000000036983,0.0450333121835258,-1.76596713190747,1.26607276450751,2.6878563512989,0.0036956
5.1,0.371602876269066,-0.921964555270065,1.51999999843952,6.67093880845552,0.997968954646641,0.000468070283000285,0.200000001172246,0.377977742712623,-0.925814682327799,1.51999999999996,6.67079632679467,0.249527978152113,0.475189600179434,0.545000000034089,0.0450335940660939,-1.75147349170769,1.22904554042725,2.67482468893338,0.0036983
5.12,0.39000028323509,-0.914224830305663,1.52399999846309,6.69093210335318,0.997979703500201,0.000469487806169577,0.200000001184518,0.396417208935567,-0.918070474669338,1.52399999999996,6.69079632679466,0.249515726703452,0.475186609706552,0.545000000031647,0.0450338737885743,-1.73624091332956,1.19232052626027,2.66180204223509,0.003584
5.14,0.40823946220857,-0.906118744288989,1.5279999984869,6.71092555850471,0.997989881006169,0.000470401286535293,0.200000001195911,0.414698113560428,-0.909959051061786,1.52799999999996,6.71079632679466,0.249503049002108,0.475183755406924,0.545000000029103,0.045034151829337,-1.72027557878367,1.15591243888199,2.64878869125817,0.0036165
5.16,0.426313110632597,-0.897649541103721,1.53199999851092,6.73091917044271,0.997999466102363,0.00047083546883801,0.200000001206389,0.432813144469099,-0.901483655966434,1.53199999999996,6.73079632679466,0.249489977685763,0.475181059491461,0.545000000027677,0.0450344286412758,-1.70358396345638,1.11983586834399,2.63578490960808,0.0034794
5.18,0.444213992078664,-0.888820610111288,1.53599999853515,6.7509129359684,0.998008439736024,0.000470815962526957,0.200000001216352,0.450755055890748,-0.892647679428318,1.53599999999996,6.75079632679466,0.249476545169596,0.475178541964651,0.545000000027007,0.0450347046474187,-1.68617283352357,1.08410527202845,2.62279096450429,0.003428
5.2,0.461934939164978,-0.879635484783841,1.53999999855957,6.77090685214459,0.998016784850867,0.000470369109697734,0.200000001226075,0.468516671300028,-0.883454655720241,1.53999999999996,6.77079632679466,0.249462783560084,0.475176220701462,0.545000000026811,0.0450349802436715,-1.66804924324697,1.04873496885625,2.60980711687585,0.0035386
5.22,0.479468856445898,-0.870097841279919,1.54399999858419,6.79090091628805,0.998024486368256,0.000469521858142886,0.200000001235727,0.486090886287593,-0.873908261929114,1.54399999999996,6.79079632679466,0.249448724571215,0.475174111514345,0.54500000002689,0.0450352557983276,-1.64922053215445,1.0137391335508,2.59683362149253,0.0034378
5.24,0.496808723271363,-0.860211496963369,1.547999998609,6.81089512596149,0.998031531162758,0.000468301639078554,0.200000001245407,0.503470671401769,-0.864012316485171,1.54799999999996,6.81079632679466,0.249434399446311,0.475172228223127,0.54500000002709,0.0450355316521385,-1.62969432210529,0.979131790960056,2.58387072712794,0.0034357
5.26,0.513947596615211,-0.84998040886615,1.55199999863401,6.83088947896509,0.99803790803243,0.000466736249707332,0.20000000125516,0.520649074960236,-0.853770777634644,1.55199999999996,6.83079632679466,0.249419838885398,0.475170582727372,0.545000000027306,0.0450358081184982,-1.60947851424166,0.944926810438809,2.57091867675194,0.0034396
5.28,0.530878613871309,-0.839408672095621,1.55599999865921,6.85088397332779,0.998043607664233,0.000464853740739506,0.20000000126499,0.537619225830615,-0.843187741856522,1.55599999999996,6.85079632679466,0.249405072978091,0.475169185080904,0.545000000027465,0.045036085483755,-1.58858128582763,0.911137900293681,2.55797770775008,0.0054878
5.3,0.54759499561639,-0.82850051818698,1.55999999868461,6.87087860729809,0.998048622594922,0.000462682308973094,0.200000001274877,0.554374336178822,-0.83226744222401,1.55999999999996,6.87079632679466,0.249390131141926,0.475168043568077,0.545000000027507,0.0450363640075528,-1.56701108697702,0.877778602292856,2.54504805216738,0.0048802
5.32,0.56409004833856,-0.817260313401498,1.5639999987102,6.89087337933475,0.998052947167795,0.000460250195008725,0.20000000128478,0.570907704184117,-0.821014246711361,1.56399999999996,6.89079632679466,0.249375042066038,0.475167164781508,0.545000000027397,0.0450366439232681,-1.5447766372714,0.844862286242827,2.53212993697469,0.0036626
5.34,0.580357167130401,-0.805692556971252,1.567999998736,6.91086828809716,0.998056577485634,0.000457585586156393,0.200000001294643,0.587212716719739,-0.809432656446737,1.56799999999996,6.91079632679466,0.249359833660113,0.475166553700893,0.545000000027114,0.0450369254384994,-1.52188692226963,0.812402144634281,2.5192235843552,0.0036745
5.36,0.596389838345652,-0.79380187929105,1.57199999876199,6.93086333243554,0.998059511360209,0.000454716524569933,0.200000001304404,0.603282851998072,-0.797527303911826,1.57199999999996,6.93079632679466,0.249344533008487,0.475166213772618,0.545000000026639,0.0450372087355923,-1.49835118991043,0.780411187359253,2.50632921200919,0.0040818
5.38,0.612181642218436,-0.781593040058268,1.57599999878817,6.95085851138104,0.998061748258679,0.000451670820626474,0.200000001313994,0.619111682179269,-0.785302951088906,1.57599999999996,6.95079632679466,0.249329166329272,0.475166146989874,0.545000000025966,0.0450374939722494,-1.47417894680946,0.748902236501646,2.49344703347533,0.0040198
5.4,0.627726255444024,-0.769070926361352,1.57999999881454,6.97085382413568,0.998063289247231,0.000448475971551118,0.200000001323342,0.634692875942308,-0.772764487556117,1.57999999999996,6.97079632679466,0.249313758938408,0.475166353972954,0.545000000025092,0.0450377812821488,-1.4493799544523,0.717887921203193,2.48057725846608,0.0040584
5.42,0.643017453720162,-0.756240550717737,1.5839999988411,6.99084927006223,0.998064136932276,0.000445159085268074,0.200000001332375,0.650020201017428,-0.759916928531694,1.58399999999996,6.99079632679466,0.249298335218437,0.475166834049501,0.545000000024018,0.0450380707756414,-1.42396422528508,0.687380672606883,2.46772009321639,0.0040934
5.44,0.658049114247956,-0.743107049061966,1.58799999886783,7.01084484867409,0.998064295399531,0.000441746809445944,0.200000001341021,0.665087526678961,-0.74676541286795,1.58799999999996,7.01079632679466,0.249282918591942,0.475167585334437,0.545000000022745,0.0450383625404486,-1.39794201870423,0.657392718879879,2.45487574084311,0.0040037
5.46,0.672815218191379,-0.729675678684811,1.59199999889474,7.03084055962509,0.99806377015128,0.000438265265687825,0.200000001349209,0.679888826197539,-0.733315200995798,1.59199999999996,7.03079632679466,0.249267531499387,0.475168604809302,0.545000000021271,0.0450386566424301,-1.371323836947,0.627936080317887,2.4420444017145,0.0040234
5.48,0.687309853094446,-0.715951816124197,1.5959999989218,7.0508364026994,0.998062568042125,0.000434739988803302,0.200000001356867,0.6944181792507,-0.719571672820652,1.59599999999996,7.05079632679466,0.249252195381307,0.475169888400845,0.545000000019605,0.0450389531263495,-1.34412042088448,0.599022564532928,2.42922627382727,0.0038798
5.5,0.701527215255124,-0.70194095500879,1.59999999894901,7.07083237780144,0.998060697213507,0.000431195871087349,0.200000001363925,0.708669774290948,-0.70554032557054,1.59999999999996,7.07079632679466,0.249236930664584,0.475171431058582,0.54500000001775,0.0450392520166851,-1.31634274571873,0.570663761726426,2.41642155319114,0.0038801
5.52,0.715461612055069,-0.687648703855069,1.60399999897635,7.09082848494589,0.998058167027273,0.000427657111517513,0.200000001370315,0.722637910870283,-0.691226771597279,1.60399999999996,7.09079632679466,0.249221756752698,0.475173226831165,0.545000000015708,0.0450395533184569,-1.28800201658594,0.542871040049483,2.40363043421839,0.0037734
5.54,0.729107464244294,-0.673080783818779,1.60799999900381,7.1108247242478,0.998054987998552,0.000424147169770136,0.20000000137597,0.736317001920313,-0.676636736131613,1.60799999999996,7.11079632679466,0.249206692019742,0.475175268941394,0.545000000013483,0.0450398570180695,-1.25910966406719,0.515655541052186,2.39085311011773,0.0037795
5.56,0.742459308179888,-0.658243026401634,1.61199999903138,7.1308210959129,0.998051171728189,0.0004206887249468,0.200000001380823,0.749701575987004,-0.661776054993197,1.61199999999996,7.13079632679466,0.249191753808053,0.475177549859647,0.545000000011076,0.0450401630841726,-1.2296773396088,0.489028175223754,2.3780897732915,0.0038335
5.58,0.755511798017922,-0.643141371114182,1.61599999905904,7.15081760022797,0.998046730834993,0.000417303638891213,0.200000001384811,0.762786279419189,-0.646650672256346,1.61599999999996,7.15079632679466,0.24917695842923,0.475180061375633,0.545000000008492,0.0450404714685216,-1.19971691085407,0.462999617625298,2.36534061573471,0.0039012
5.6,0.768259707857702,-0.627781863095753,1.61999999908676,7.17081423755144,0.998041678888001,0.000414012923969562,0.200000001387868,0.775565878509954,-0.631266637872487,1.61999999999996,7.17079632679465,0.249162321168415,0.475182794668318,0.545000000005735,0.0450407821068818,-1.16924045688824,0.43758030361693,2.35260582943517,0.0042664
5.62,0.780697933837539,-0.612170650692417,1.62399999911454,7.19081100830422,0.998036030338993,0.000410836715180264,0.200000001389933,0.788035261590055,-0.615630105250256,1.62399999999996,7.19079632679465,0.249147856291583,0.475185740373837,0.545000000002801,0.0450410949198734,-1.13826026339872,0.412780424680909,2.33988560677364,0.0042087
5.64,0.792821496181229,-0.596313982993922,1.62799999914235,7.21080791296068,0.998029800455461,0.000407794246448981,0.200000001390941,0.800189441072517,-0.599747328794216,1.62799999999996,7.21079632679465,0.249133577055728,0.475188888651395,0.544999999999697,0.0450414098138915,-1.10678881775241,0.3886099243425,2.32718014092315,0.0042467
5.66,0.804625541194451,-0.580218207330569,1.63199999917017,7.23080495203993,0.998023005254208,0.000404903830964432,0.200000001390832,0.8120235554476,-0.583624661403183,1.63199999999996,7.23079632679465,0.249119495721694,0.475192229246938,0.544999999996425,0.0450417266819718,-1.07483880399218,0.365078494190159,2.31448962624679,0.0043965
5.68,0.816105343210315,-0.563889766731008,1.63599999919797,7.25080212609733,0.998015661435779,0.000402182845399523,0.200000001389545,0.823532871227341,-0.567268551929147,1.63599999999996,7.25079632679465,0.24910562352802,0.475195751446048,0.544999999982765,0.0450420453970115,-1.04242309775454,0.342195569996624,2.30181425872469,0.0044414
5.7,0.827256306483328,-0.547335197342007,1.6399999992257,7.27079943571602,0.998007786318168,0.000399647713502433,0.20000000138334,0.834712784838882,-0.55068554259782,1.63999999999996,7.27079632679465,0.249091970822003,0.47519944442853,0.544999999968783,0.0450423658386118,-1.00955476111046,0.319970327942463,2.28915423625988,0.004437
5.72,0.838073967031013,-0.530561125811125,1.64399999925325,7.29079688149915,0.997999397776244,0.000397313905392143,0.200000001372102,0.845558824465843,-0.533882266391829,1.64399999999996,7.29079632679465,0.249078546993516,0.475203297102157,0.544999999958621,0.0450426878651043,-0.976247037331541,0.298411680943569,2.27650975913093,0.0042642
5.74,0.848553994422422,-0.513574266633309,1.64799999928055,7.31079446406235,0.997990514179064,0.000395195930703023,0.200000001357206,0.856066651836985,-0.516865444397617,1.64799999999996,7.31079632679465,0.2490653604945,0.475207298150565,0.54499999995127,0.0450430113223717,-0.942513345583497,0.277528275084086,2.26388103037738,0.0036784
5.76,0.858692193512939,-0.496381419462532,1.65199999930751,7.33079218402633,0.99798115432848,0.000393307335023431,0.200000001339663,0.866232063961463,-0.499641883117093,1.65199999999996,7.33079632679465,0.24905241887866,0.475211436126957,0.544999999945932,0.0450433360492983,-0.908367275549265,0.257328486156156,2.25126825616587,0.0036773
5.78,0.868484506124653,-0.478989466389526,1.65599999933411,7.35079004200972,0.99797133739992,0.000391660701185167,0.200000001320198,0.876050994809962,-0.482218471745125,1.65599999999996,7.35079632679465,0.249039728826588,0.475215699503469,0.544999999941981,0.0450436618769079,-0.873822581983738,0.237820416307901,2.23867164616265,0.0036164
5.8,0.877927012671677,-0.461405369186663,1.65999999936031,7.37078803862231,0.997961082884805,0.000390267653407123,0.200000001299312,0.885519516941062,-0.464602179413953,1.65999999999996,7.37079632679465,0.249027296172364,0.475220076718169,0.544999999938989,0.0450439886289064,-0.83889317920241,0.219011890800942,2.22609141389975,0.0052364
5.82,0.887015933729749,-0.443636166521071,1.66399999938608,7.39078617445856,0.997950410534714,0.000389138864178021,0.200000001277348,0.894633843072154,-0.446800052405629,1.66399999999996,7.39079632679465,0.249015125931337,0.475224556218943,0.544999999936631,0.0450443161224017,-0.803593135506115,0.200910454878769,2.21352777713443,0.0036545
5.84,0.895747631549513,-0.42568897113708,1.66799999941139,7.41078445009151,0.997939340307366,0.00038828406369508,0.200000001254535,0.90339032759431,-0.428819211333597,1.66799999999996,7.41079632679465,0.249003222329055,0.475229126505028,0.544999999934675,0.0450446441686712,-0.76793666754411,0.183523370747202,2.20098095820123,0.0036503
5.86,0.904118611512904,-0.407570967009124,1.67199999943625,7.43078286606692,0.997927892314506,0.000387712051701784,0.200000001231018,0.911785468030472,-0.410666848294545,1.67199999999996,7.43079632679465,0.248991588831153,0.475233776165985,0.544999999932955,0.0450449725739199,-0.731938134617761,0.166857614668146,2.18845118435638,0.003932
5.88,0.912125523532038,-0.389289406466202,1.67599999946063,7.45078142289784,0.997916086771758,0.000387430711558307,0.200000001206882,0.919815906436399,-0.39235022399166,1.67599999999996,7.45079632679465,0.248980228174061,0.475238493918122,0.544999999931361,0.0450453011400134,-0.695612032927118,0.150919874167806,2.1759386881139,0.0037234
5.9,0.91976516339009,-0.370851607289051,1.67999999948452,7.47078012105937,0.997903943950494,0.000387447026379956,0.200000001182172,0.9274784307438,-0.373876664830445,1.67999999999996,7.47079632679465,0.248969142396367,0.475243268638414,0.544999999929816,0.0450456296651874,-0.658972989762697,0.135716545360472,2.16344370757326,0.0036683
5.92,0.927034474023617,-0.352264949781174,1.68399999950791,7.49077896098389,0.997891484131774,0.000387767097081936,0.200000001156906,0.934769976045118,-0.355253559988253,1.68399999999996,7.49079632679465,0.248958332870727,0.475248089395912,0.544999999928276,0.0450459579447319,-0.622035757644798,0.121253730388945,2.15096648673786,0.0035911
5.94,0.933930546745822,-0.33353687381488,1.68799999953079,7.51077794305651,0.997878727562389,0.000388396162170088,0.200000001131085,0.941687625819451,-0.336488358458717,1.68799999999996,7.51079632679465,0.248947800336156,0.475252945480707,0.54499999992672,0.0450462857716495,-0.584815208412701,0.107537234982621,2.13850727582435,0.0041308
5.96,0.940450622410297,-0.314674875853505,1.69199999955315,7.53077706761084,0.997865694413038,0.000389338619121605,0.200000001104704,0.948228613099124,-0.317588566072249,1.69199999999996,7.53079632679465,0.248937544930596,0.475257826430466,0.544999999925144,0.045046612937299,-0.547326327266133,0.0945725661342198,2.12606633156216,0.0036806
5.98,0.946592092514761,-0.295686505950999,1.69599999957497,7.55077633492516,0.997852404738651,0.000390598047201686,0.200000001077756,0.954390321576437,-0.29856174249381,1.69599999999996,7.55079632679465,0.248927566223637,0.475262722054613,0.544999999923555,0.0450469392319978,-0.509584206761371,0.0823649298960772,2.11364391748305,0.0037701
6,0.952352500244384,-0.276579364730061,1.69999999959625,7.57077574521882,0.99783887844088,0.000392177231567215,0.200000001050236,0.960170286650154,-0.279415498199144,1.69999999999996,7.57079632679465,0.248917863249269,0.475267622456179,0.544999999921975,0.0450472644456098,-0.471604040764413,0.0709192292968888,2.10124030420028,0.0037134
6.02,0.957729541454266,-0.257361100340029,1.70399999961698,7.59077529864898,0.997825135232758,0.000394078188511188,0.200000001022147,0.96556619641131,-0.260157491430689,1.70399999999996,7.59079632679465,0.248908434538547,0.475272518051393,0.544999999920426,0.0450475883680983,-0.433401118363621,0.0602400623797366,2.08885576967715,0.0040229
6.04,0.962721065590697,-0.238039405395724,1.70799999963713,7.61077499530766,0.997811194605518,0.000396302191706435,0.2000000009935,0.970575892567946,-0.240795425134381,1.70799999999996,7.61079632679465,0.248899278152105,0.475277399587084,0.544999999918938,0.0450479107900579,-0.394990817744303,0.050331720362185,2.07649059948465,0.0037186
6.06,0.967325076550829,-0.218622013898473,1.71199999965671,7.63077483521906,0.997797075797568,0.000398849799311993,0.200000000964318,0.975197371308395,-0.221337043878582,1.71199999999996,7.63079632679464,0.248890391712364,0.475282258155926,0.544999999917544,0.0450482315032146,-0.356388600027655,0.041198185919184,2.06414508704788,0.0037137
6.08,0.971539733480417,-0.19911669814053,1.7159999996757,7.65077481833722,0.997782797765605,0.000401720881809032,0.200000000934634,0.979428784102778,-0.201790130756354,1.71599999999996,7.65079632679464,0.248881772435396,0.475287085209637,0.544999999916282,0.0450485503009079,-0.317610003076576,0.0328431315894667,2.05181953388103,0.0036214
6.1,0.975363351509317,-0.179531265594127,1.71999999969409,7.6707749445439,0.997768379157837,0.000404914650439256,0.200000000904496,0.983268438442396,-0.182162504272322,1.71999999999996,7.67079632679464,0.248873417162329,0.475291872570164,0.544999999915181,0.0450488669785266,-0.278670635270795,0.0252699183060827,2.0395142498106,0.0038425
6.12,0.978794402424453,-0.159873555786391,1.72399999971187,7.6907752136468,0.997753838289304,0.000408429686122681,0.200000000873961,0.986714798516709,-0.162462015215382,1.72399999999996,7.69079632679464,0.248865322390227,0.475296612439001,0.544999999914287,0.0450491813339445,-0.239586169253848,0.0184815940516549,2.02722955318668,0.0038361
6.14,0.981831515279978,-0.140151437161387,1.72799999972905,7.71077562537799,0.997739193119236,0.000412263968739532,0.200000000843104,0.989766485827636,-0.142696543518487,1.72799999999996,7.71079632679464,0.248857484302352,0.47530129740452,0.544999999913625,0.0450494931678941,-0.200372335654377,0.0124808926389025,2.01496577108215,0.0038521
6.16,0.984473476944393,-0.120372803930508,1.7319999997456,7.73077617939263,0.997724461230442,0.000416414906657956,0.200000000812009,0.992422279740943,-0.12287399510678,1.73199999999996,7.73079632679464,0.248849898797751,0.475305920447605,0.544999999913208,0.0450498022843474,-0.16104491678429,0.00727023261691888,2.00272323947939,0.0035596
6.18,0.986719232584399,-0.100545572912506,1.73599999976152,7.75077687526798,0.997709659810657,0.000420879366404233,0.200000000780764,0.994681117974474,-0.103002298735328,1.73599999999996,7.75079632679464,0.248842561520167,0.475310474945765,0.544999999913063,0.0450501084908574,-0.121619740316297,0.00285171630364514,1.99050230344433,0.003767
6.2,0.988567886085307,-0.0806776803643945,1.73999999977683,7.77077771250253,0.997694805635821,0.000425653702379759,0.200000000749467,0.996542097023054,-0.0830894028177283,1.73999999999996,7.77079632679464,0.248835467886378,0.475314954676296,0.54499999991338,0.0450504115989588,-0.0821126729433635,-0.000772871055070348,1.97830331728738,0.0035734
6.22,0.990018700407814,-0.0607770788045014,1.7439999997915,7.79077869051554,0.997679915055245,0.000430733786554842,0.200000000718283,0.998004472519875,-0.063143272246845,1.74399999999996,7.79079632679464,0.248828613112928,0.475319353815335,0.544999999914121,0.0450507114242108,-0.0425396140226186,-0.00360206199948763,1.96612664471261,0.003522
6.24,0.991071097881016,-0.0408517338289456,1.74799999980556,7.81077980864662,0.997665003978576,0.000436115037943538,0.200000000687367,0.999067659534237,-0.0431718852089621,1.74799999999996,7.81079632679464,0.248821992242311,0.475323666936866,0.544999999914988,0.0450510077865343,-0.00291648920626547,-0.00563470744277706,1.95397265895321,0.0035507
6.26,0.991724660431553,-0.0209096209228022,1.751999999819,7.83078106615569,0.997650087864511,0.000441792451836903,0.200000000656762,0.99973123280551,-0.023183229992613,1.75199999999996,7.83079632679464,0.248815600171373,0.475327889017956,0.544999999916287,0.0450513005112323,0.0367407559379504,-0.00686997713036982,1.94184174288868,0.0039562
6.28,0.991979129748766,-0.000958722267235849,1.75599999983183,7.85078246222299,0.997635181711345,0.000447760629012742,0.200000000626626,0.999994926913232,-0.00318530179337252,1.75599999999996,7.85079632679464,0.248809431668764,0.475332015419762,0.544999999917623,0.0450515894270909,0.0764161623141591,-0.00730735997167015,1.92973428916422,0.0042329
6.3,0.991834407385821,0.0189929764561185,1.75999999984407,7.87078399594942,0.997620300048874,0.000454013803916944,0.20000000059697,0.999858636383277,0.0168139004841152,1.75999999999996,7.87079632679464,0.24880348140523,0.475336041898297,0.544999999919034,0.0450518743691875,0.116093763691111,-0.00694666424399358,1.91765070027485,0.0040461
6.32,0.991290554796765,0.0389374892622478,1.76399999985572,7.89078566635695,0.99760545693214,0.000460545873033262,0.200000000567822,0.99932241573004,0.0368063774255917,1.76399999999996,7.89079632679464,0.248797743974136,0.475339964594214,0.544999999920565,0.0450521551776411,0.155757593097682,-0.00578801766864669,1.90559138864944,0.0038993
6.34,0.990347793309473,0.0588668330600471,1.76799999986679,7.91078747238932,0.997590665936625,0.000467350422515887,0.200000000539225,0.998386479434631,0.056784132306843,1.76799999999996,7.91079632679464,0.248792213912681,0.475343780025723,0.544999999922216,0.0450524316978879,0.195391689218588,-0.00383186735911498,1.89355677671817,0.003958
6.36,0.989006504034519,0.0787730308485156,1.77199999987729,7.93078941291276,0.997575940154873,0.000474420755231607,0.200000000511223,0.997051201859091,0.0767391742922834,1.77199999999996,7.93079632679464,0.248786885722047,0.475347485080664,0.54499999992394,0.0450527037808547,0.234980102787719,-0.00107897964137693,1.88154729696596,0.0036321
6.38,0.987267227709998,0.0986481149105825,1.77599999988724,7.95079148671706,0.997561292194477,0.000481749917158103,0.200000000483841,0.995317117096646,0.0966635216311821,1.77599999999996,7.95079632679464,0.248781753886329,0.475351077007423,0.544999999925618,0.0450529712830453,0.274506902976565,0.00246956025358682,1.8695633919717,0.0037275
6.4,0.985130664482367,0.118484130003278,1.77999999989665,7.97079369251656,0.997546734177363,0.00048933072307808,0.200000000457064,0.99318491875808,0.116549204850258,1.77999999999996,7.97079632679464,0.248776812894227,0.475354553411948,0.544999999927345,0.0450532340671557,0.313956183775146,0.00681234862496832,1.85760551442969,0.0037944
6.42,0.982597673623382,0.138273136542974,1.78399999990553,7.99079602895149,0.997532277740452,0.000497155781801913,0.200000000430908,0.9906554596943,0.136388269941363,1.78399999999996,7.99079632679464,0.248771898305882,0.475357326895875,0.544999898878245,0.0450534422510425,0.353312070362892,0.0119476638648198,1.84567415448817,0.0035294
6.44,0.979669273434997,0.158007213756792,1.78799999955011,8.01079849352072,0.997517927473775,0.000505194161757165,0.199999964027076,0.987729751655206,0.156172781542977,1.78799999999996,8.01079632679463,0.248767371466936,0.475360729296172,0.54499995703267,0.0450537424119042,0.392558725470296,0.0178734671476561,1.8337697186968,0.0033254
6.46,0.976346640514711,0.177678462897482,1.79199999867597,8.0308010848024,0.997503702244998,0.00051346958292237,0.199999948558838,0.984408964885005,0.17589482611425,1.79199999999996,8.03079632679462,0.248763010336437,0.475363985802494,0.544999994657664,0.0450539978892282,0.431680355731146,0.024587403246585,1.8218927358298,0.0031804
6.48,0.972631109042139,0.197279010425239,1.79599999762792,8.05080380246096,0.997489612019851,0.000521971800667765,0.199999946635597,0.980694427654127,0.19554651510031,1.79599999999996,8.05079632679461,0.248758810347937,0.475367095842954,0.545000017224228,0.0450542413760582,0.470661217994226,0.0320868014787445,1.81004369841095,0.0032591
6.5,0.968524170575786,0.216801011117704,1.79999999662264,8.07080664500699,0.997475666291379,0.00053069157954433,0.199999952836318,0.976587625727939,0.215119988087583,1.79999999999996,8.0707963267946,0.24875476544941,0.475370056611101,0.545000028749535,0.0450544781562401,0.509485625624982,0.0403686767755327,1.79822310902843,0.0033688
6.52,0.964027473453435,0.236236651212804,1.80399999578286,8.0908096106997,0.997461874034023,0.000539619705820669,0.199999963186151,0.972090201772454,0.234607415947849,1.80399999999996,8.09079632679459,0.248750871378988,0.475372867848012,0.545000031839306,0.0450547090437731,0.548137954788884,0.0494297308782041,1.78643147907252,0.0035128
6.54,0.959142822129742,0.255578151539244,1.8079999951612,8.11081269769804,0.997448243779828,0.000548746953385206,0.199999974648301,0.967203954697291,0.254001003969792,1.80799999999996,8.11079632679458,0.248747126402842,0.47537553771231,0.54500003039187,0.045054934648499,0.586602650709569,0.0592663536589315,1.77466933041131,0.0031685
6.56,0.95387217644657,0.27481777063371,1.81199999476358,8.13081590410029,0.997434783726422,0.000558064404430021,0.199999985589374,0.961930838936129,0.273292994976783,1.81199999999996,8.13079632679458,0.248743527394907,0.475378072079601,0.54500002693284,0.0450551549053516,0.62486423389915,0.0698746245668291,1.7629371956135,0.0032016
6.58,0.948217650838613,0.293947807842409,1.81599999457233,8.1508192279611,0.997421501689929,0.000567563341701131,0.199999995285197,0.956272963664967,0.292475672429642,1.81599999999996,8.15079632679457,0.248740069846128,0.475380472727225,0.545000022256694,0.0450553694566027,0.66290730635802,0.0812503141983591,1.75123561704172,0.0030529
6.6,0.942181513480151,0.312960606405469,1.81999999455815,8.17082266728659,0.997408405056087,0.00057723508839847,0.200000003297607,0.950232591958475,0.311541363513152,1.81999999999996,8.17079632679456,0.248736749443449,0.475382742163734,0.54500001706344,0.0450555782252143,0.700716557741691,0.0933888859914581,1.73956514663853,0.0036798
6.62,0.9357661853719,0.331848556523437,1.82399999468554,8.19082622002992,0.997395500793579,0.000587071051312456,0.200000009440445,0.943812139884799,0.330482442205086,1.82399999999996,8.19079632679455,0.248733561813848,0.475384882693607,0.5450000118202,0.0450557811095192,0.738276771492325,0.106285498042686,1.72792634563528,0.003491
6.64,0.928974239366594,0.350604098404818,1.8279999949169,8.21082988409248,0.997382795457423,0.000597062718643393,0.200000013695717,0.937014175539164,0.349291332326512,1.82799999999996,8.21079632679454,0.248730502654327,0.475386896920815,0.545000006948817,0.0450559780891667,0.775572830932497,0.119935005046656,1.71631978400328,0.0035075
6.66,0.921808399133907,0.369219725293388,1.83199999521583,8.23083365732634,0.997370295197681,0.000607201677673383,0.200000016197291,0.929841418016668,0.367960510572164,1.83199999999996,8.23079632679453,0.24872756919282,0.475388791485676,0.545000003431325,0.045056169594143,0.812589725318786,0.134331960356975,1.70474604201658,0.003276
6.68,0.91427153806322,0.387687986474043,1.83599999555213,8.25083753754771,0.997358005828033,0.000617479776780817,0.200000017432568,0.922296736324686,0.386482509519661,1.83599999999996,8.25079632679452,0.248724757291339,0.4753905677251,0.545000000937262,0.0450563551531782,0.849312555852713,0.149470618167837,1.69320570844524,0.0039188
6.7,0.906366678107108,0.406001490256173,1.83999999590415,8.27084152253919,0.997345932777706,0.000627888906498537,0.200000017769982,0.9143831482353,0.404849920616383,1.83999999999996,8.27079632679451,0.248722062967015,0.475392227138427,0.544999999212072,0.0450565346446177,0.885726541646586,0.165344935815417,1.68169938082959,0.0035543
6.72,0.898096988567676,0.424152906933556,1.84399999625671,8.29084561004052,0.997334081102552,0.000638421022652924,0.200000017486328,0.906103819078233,0.423055397142784,1.84399999999996,8.2907963267945,0.248719482395413,0.475393771379866,0.544999998060217,0.0450567080112383,0.92181702564195,0.181948576198129,1.67022766527683,0.003616
6.74,0.889465784823849,0.4421349717194,1.84799999659946,8.31084979774897,0.997322455496501,0.000649068159327355,0.200000016788006,0.897462060474758,0.441091657150992,1.84799999999996,8.31079632679449,0.248717011912808,0.475395202246524,0.544999997332007,0.0450568752107083,0.95756948047831,0.199274910314783,1.65879117624377,0.0036088
6.76,0.880476527000138,0.459940487655354,1.85199999692561,8.33085408332122,0.997311060303214,0.000659822439375825,0.200000015827529,0.888461329013094,0.458951486377484,1.85199999999996,8.33079632679448,0.248714648017679,0.475396521666013,0.544999996913275,0.0450570362073481,0.992969514309776,0.217317019919636,1.64739053630608,0.0040024
6.78,0.871132818577408,0.477562328493323,1.85599999723105,8.35085846437563,0.997299899527881,0.00067067608383648,0.200000014716308,0.879105224865818,0.476627741128696,1.85599999999996,8.35079632679447,0.248712387371528,0.475397731684214,0.544999996717352,0.0450571909706631,1.02800287656729,0.236067700293256,1.63602637591407,0.0032858
6.8,0.861438404946205,0.494993441548919,1.85999999751356,8.37086293849444,0.997288976849116,0.000681621420484283,0.200000013534555,0.869397490349843,0.494113351138409,1.85999999999996,8.37079632679446,0.248710225399178,0.475398829433751,0.544999995752378,0.0450573389375007,1.06265546366415,0.2555194631281,1.62469933172451,0.0031412
6.82,0.851397171905342,0.51222685052597,1.86399999776896,8.39086750321451,0.997278295573156,0.000692650693652397,0.200000012005411,0.85934200842954,0.511401322395757,1.86399999999996,8.39079632679445,0.24870815966023,0.475399818439843,0.544999994468528,0.0450574806264223,1.09691332464251,0.275664539527643,1.61341005050809,0.0032487
6.84,0.841013144103599,0.529255658310446,1.86799999798915,8.41087215603108,0.997267858723654,0.00070375633508236,0.20000001001408,0.848942801163606,0.52848473994274,1.86799999999996,8.41079632679445,0.248706187320208,0.475400700825399,0.544999992961109,0.0450576159771755,1.1307626667588,0.296494883117903,1.60215918492185,0.0031659
6.86,0.830290483423727,0.546073049732169,1.87199999816409,8.43087689441121,0.997257669031823,0.000714930896164229,0.20000000748008,0.838204028096293,0.545356770640115,1.87199999999996,8.43079632679444,0.24870430567693,0.47540147886059,0.544999991321919,0.0450577449668099,1.16418986100553,0.318002173270056,1.59094739426482,0.0035386
6.88,0.81923348731213,0.56267229429372,1.87599999828246,8.45088171579467,0.997247728947086,0.000726167057933046,0.200000004355971,0.827129984593646,0.562010665900561,1.87599999999996,8.45079632679443,0.24870251224291,0.47540215520318,0.544999989676521,0.0450578676067308,1.19718144756748,0.340177818432889,1.57977534431007,0.0031748
6.9,0.807846587054076,0.579046748865284,1.87999999833241,8.47088661759637,0.99723804065119,0.000737457649379446,0.200000000639518,0.815725100125414,0.578439764388023,1.87999999999996,8.47079632679442,0.248700804727436,0.475402732789895,0.544999988149305,0.0450579839113887,1.22972414120987,0.363012959573719,1.56864370699613,0.0031093
6.92,0.796134345995107,0.595189860344332,1.88399999830254,8.49089159720923,0.997228606071774,0.000748795660244726,0.199999996373268,0.803993936493323,0.594637494682158,1.88399999999996,8.49079632679441,0.248699181019801,0.475403214737032,0.544999986842636,0.0450580938941764,1.26180483659659,0.38649847372641,1.55755316010208,0.0030811
6.94,0.784101457709435,0.611095168279065,1.88799999818264,8.5108966520069,0.997219426895342,0.000760174249527462,0.199999991636617,0.79194118600641,0.610597377906813,1.88799999999996,8.5107963267944,0.248697636738607,0.475403597068722,0.544999984180534,0.0450581970220206,1.2934106135361,0.410624977645057,1.54650438234065,0.0036044
6.96,0.771752744119095,0.626756307455702,1.89199999795842,8.53090177933437,0.997210504479777,0.000771586462411627,0.19999998594161,0.779571669604169,0.626313030321496,1.89199999999996,8.53079632679439,0.248696171246846,0.475403887196746,0.544999981739985,0.0450582939960016,1.32452874215312,0.435382831561877,1.5354980636476,0.0032446
6.98,0.759093153559964,0.642167010446934,1.89599999761152,8.55090697651472,0.997201840009221,0.000783025705866685,0.199999979368004,0.766890334928238,0.64177816587478,1.89599999999996,8.55079632679438,0.2486947825292,0.475404087826276,0.544999979570354,0.0450583846307893,1.35514668798409,0.460762143047841,1.52453489586813,0.0031587
7,0.746127758794471,0.657321110120078,1.89999999712533,8.57091224086178,0.997193434446004,0.000794485540257099,0.199999972013332,0.753902254343403,0.656986598718642,1.89999999999996,8.57079632679437,0.248693469614651,0.47540420340182,0.544999977812407,0.0450584690138508,1.38525211699411,0.486752770974426,1.51361557819484,0.0031556
7.02,0.732861754975699,0.672212542105451,1.90399999648572,8.59091756967904,0.997185288578254,0.000805959755906243,0.199999964025798,0.740612622908727,0.671932245682722,1.90399999999996,8.59079632679436,0.248692231569856,0.475404238075674,0.544999976535157,0.0450585471754144,1.41483290051348,0.5133443295749,1.5027408136373,0.0030819
7.04,0.719300457561876,0.686835347223267,1.90799999568176,8.61092296026308,0.997177403027555,0.000817442359012603,0.199999955578455,0.72702675629959,0.686609128707505,1.90799999999996,8.61079632679435,0.248691067223359,0.475404195210979,0.54499997573296,0.0450586191034916,1.44387712009172,0.540526192603523,1.49191130768846,0.0033657
7.06,0.70544930018323,0.701183673868371,1.91199999470597,8.63092840990464,0.997169778245104,0.000828927539258932,0.199999946842321,0.713150088681495,0.701011377235472,1.91199999999996,8.63079632679434,0.248689975533393,0.475404078095704,0.544999975387013,0.0450586848211145,1.47237307226735,0.568287497590978,1.48112776911819,0.003154
7.08,0.691313832461948,0.715251780351867,1.91599999355421,8.65093391588938,0.997162414522198,0.000840409667700267,0.199999937981645,0.698988170536468,0.715133230559239,1.91599999999996,8.65079632679433,0.248688955576314,0.475403889923938,0.544999975467586,0.0450587443598972,1.50030927325125,0.596617150194336,1.47039090954676,0.0030668
7.1,0.676899717785813,0.729034037198614,1.91999999222553,8.67093947549953,0.997155312000097,0.000851883292854907,0.199999929149976,0.684546666442945,0.728969040125766,1.91999999999996,8.67079632679432,0.248688006536901,0.475403633786079,0.544999975936915,0.0450587977555904,1.52767446352202,0.6255038286398,1.459701443013,0.0031386
7.12,0.662212731036393,0.742524929399686,1.9239999907219,8.69094508601568,0.997148470679322,0.000863343136114784,0.199999920487266,0.669831352810012,0.742513271795699,1.92399999999996,8.69079632679431,0.248687348882809,0.475404083495708,0.545000110840035,0.0450589120422226,1.55445761233128,0.654935988256463,1.44906026594682,0.0037621
7.14,0.647258755992231,0.755719058436241,1.92799998953067,8.71095074615737,0.997141899544606,0.00087481481155751,0.199999960389678,0.65484811556692,0.75576050805696,1.92799999999996,8.71079632679431,0.248686553728158,0.475403739127233,0.545000078638906,0.0450589120394633,1.58064792211352,0.684901866096807,1.43846776001401,0.0035077
7.16,0.632043783242937,0.768611144606983,1.93199998902156,8.73095645357626,0.997135590299097,0.000886262040831567,0.199999988699684,0.639602947808794,0.768705450191671,1.93199999999996,8.7307963267943,0.248685826369462,0.475403332206629,0.545000054442435,0.0450589409082326,1.60623483279484,0.715389485639433,1.42792479758715,0.0034278
7.18,0.616573908065119,0.781196029325768,1.93599998899155,8.75096220439331,0.997129542511258,0.000897681039794597,0.200000008298961,0.624101947399469,0.781342920395574,1.93599999999996,8.75079632679429,0.248685166197975,0.475402865697531,0.545000036395122,0.0450589698310075,1.63120802602858,0.746386661591369,1.41743209704784,0.003559
7.2,0.600855327709841,0.793468677014708,1.93999998928855,8.77096799569956,0.997123755644773,0.000909067225424436,0.200000021401204,0.608351314532434,0.793667863849086,1.93999999999996,8.77079632679428,0.248684572654252,0.47540234203574,0.545000023055968,0.0450589937806527,1.6555574293268,0.777881004769563,1.40699037691054,0.0035993
7.22,0.584894338917619,0.805424177118432,1.94399998979957,8.79097382475721,0.997118229054616,0.00092041599500182,0.200000029701353,0.592357349250827,0.805675350739156,1.94399999999996,8.79079632679427,0.24868404525091,0.475401763532949,0.545000013307811,0.0450590119652216,1.67927322008977,0.809859927061668,1.39660035540405,0.0037523
7.24,0.568697335393867,0.81705774606825,1.94799999044151,8.81097968886183,0.997112961992167,0.00093172285985399,0.200000034492165,0.576126448927514,0.817360578231126,1.94799999999996,8.81079632679426,0.248683583571665,0.475401132431179,0.54500000628628,0.0450590242936712,1.70234582953515,0.842310646466394,1.38626275001576,0.0036217
7.26,0.552270805245644,0.828364729195353,1.95199999115398,8.83098558532082,0.997107953611571,0.000942983464953598,0.200000036755225,0.559665105706212,0.828718872389798,1.95199999999996,8.83079632679425,0.248683187266433,0.47540045090983,0.545000001324125,0.0450590307922885,1.72476594652547,0.875220192211405,1.3759782770243,0.0035872
7.28,0.535621328380702,0.839340602592294,1.95599999189385,8.85099151145095,0.997103202976016,0.000954193589544371,0.200000037231911,0.54297990390473,0.839745690048953,1.95599999999996,8.85079632679424,0.248682856044753,0.475399721083383,0.544999997907503,0.0450590315081529,1.74652452129227,0.908575409946727,1.36574765102343,0.0036013
7.3,0.518755573869881,0.849980974921998,1.95999999263096,8.87099746457901,0.997098709063658,0.000965349144451056,0.200000036478612,0.526077517381322,0.850436620628549,1.95999999999996,8.87079632679423,0.248682589670456,0.475398945000382,0.54499999564191,0.0450590264932708,1.76761276905553,0.942362967011552,1.35557158444566,0.0046461
7.32,0.501680297273904,0.860281589173574,1.96399999334484,8.89100344204296,0.997094470773218,0.000976446168782813,0.2000000349097,0.508964706865235,0.860787387898897,1.96399999999996,8.89079632679422,0.248682387955996,0.475398124641853,0.54499999422549,0.045059015801819,1.78802217353681,0.976569357772348,1.34545078708173,0.0036844
7.34,0.484402337935661,0.870238324364227,1.96799999402225,8.91100944119314,0.997090486929229,0.000987480826448518,0.200000032830876,0.491648317252507,0.870793851691099,1.96799999999996,8.91079632679421,0.248682250756873,0.475397261920045,0.54499999342818,0.0450589994896591,1.80774449036484,1.01118090903013,1.33538596559705,0.0035486
7.36,0.466928616239054,0.879847197186601,1.97199999465521,8.93101545939335,0.997086756286938,0.000998449402577062,0.20000003046502,0.474135274868101,0.880452009553053,1.97199999999996,8.9307963267942,0.248682177966185,0.475396358677458,0.544999993075453,0.0450589776141755,1.82677175037208,1.0461837854947,1.32537782304593,0.0036725
7.38,0.449266130835526,0.889104363600881,1.97599999523958,8.95102149402205,0.997083277536873,0.00100934829987234,0.200000027972184,0.456432584695468,0.889757998350391,1.97599999999996,8.95079632679419,0.248682169509285,0.475395416686177,0.544999993035644,0.0450589502341617,1.84509626278098,1.08156399532372,1.31542705838401,0.0035639
7.4,0.43142195583937,0.898006120371037,1.97999999577395,8.97102754247333,0.997080049309071,0.00102017403492533,0.200000025465016,0.438547327574643,0.898708095811671,1.97999999999996,8.97079632679418,0.248682225338598,0.475394437647536,0.544999993210052,0.0450589174097998,1.86271061827872,1.1173073957243,1.30553436597943,0.0034833
7.42,0.413403237992953,0.906548906544573,1.98399999625881,8.99103360215801,0.997077070176997,0.00103092323450178,0.200000023020634,0.420486657370008,0.907298722017241,1.98399999999996,8.99079632679418,0.248682345428571,0.475393423191984,0.544999993525289,0.0450588792025328,1.8796076919791,1.15339969861494,1.29570043512329,0.0035912
7.44,0.395217193803001,0.914729304875216,1.98799999669591,9.01103967050457,0.997074338661139,0.00104159263182049,0.200000020689738,0.402257798108838,0.915526440831159,1.98799999999996,9.01079632679417,0.248682529770784,0.475392374879295,0.544999993927321,0.0450588356750455,1.8957806462705,1.18982647634551,1.28592594953961,0.0034666
7.46,0.376871106649086,0.922544043187965,1.99199999708784,9.03104574496012,0.997071853232301,0.00105217906284118,0.200000018503574,0.383868041091791,0.923387961275602,1.99199999999996,9.03079632679416,0.248682778369237,0.47539129419897,0.544999994376847,0.0450587868911862,1.91122293354871,1.22657316747301,1.27621158689578,0.0036911
7.48,0.358372323865482,0.92998999568596,1.99599999743767,9.05105182299127,0.997069612314606,0.00106267946257464,0.200000016479239,0.365324741976479,0.93088013884721,1.99599999999996,9.05079632679415,0.248683091235801,0.475390182570896,0.544999994845737,0.0450587329159135,1.92592829883356,1.26362508259075,1.26655801831353,0.0036745
7.5,0.339728253797559,0.93706418419865,1.9999999977487,9.07105790208505,0.997067614288207,0.00107309086143023,0.200000014623704,0.346635317835309,0.937999976774849,1.99999999999996,9.07079632679414,0.248683468385855,0.475389041346205,0.544999995314273,0.0450586738152245,1.93989078226833,1.30096741020862,1.2569659078813,0.0036306
7.52,0.320946362833904,0.943763779370769,2.00399999802431,9.09106397974966,0.997065857491738,0.00108341038161364,0.200000012936842,0.327807244188746,0.944744627218278,2.00399999999996,9.09079632679413,0.248683909834114,0.475387871808351,0.544999995769047,0.0450586096561329,1.95310472150092,1.33858522268214,1.24743591216814,0.0035257
7.54,0.30203417241535,0.95008610179164,2.00799999826781,9.11107005351533,0.997064340224488,0.0010936352335873,0.200000011413699,0.308848052015213,0.951111392407248,2.00799999999996,9.11079632679412,0.248684415590638,0.475386675174377,0.54499999620131,0.0450585405066059,1.96556475394582,1.37646348218783,1.23796867974003,0.003671
7.56,0.282999256022127,0.956028623064368,2.01199999848241,9.13107612093506,0.997063060748336,0.00110376271260435,0.200000010046171,0.289765324738793,0.957097725720571,2.01199999999996,9.13079632679411,0.248684985657052,0.47538545259634,0.54499999660577,0.0450584664355177,1.97726581892602,1.41458704674261,1.22856485067879,0.0035405
7.58,0.263849236140331,0.961588966814495,2.01599999867112,9.15108217958531,0.997062017289445,0.00111379019532631,0.200000008824248,0.270566695195964,0.962701232704739,2.01599999999996,9.1507963267941,0.24868562002295,0.475384205162899,0.544999996979619,0.0450583875126098,1.98820315969396,1.4529406762647,1.21922505610415,0.0034978
7.6,0.24459178120894,0.96676490963771,2.01999999883673,9.17108822706673,0.997061208039731,0.00112371513653398,0.200000007736911,0.251259842582564,0.967919672031671,2.01999999999996,9.17079632679409,0.248686318662512,0.475382933901064,0.54499999732183,0.0450583038084596,1.99837232533083,1.49150903867371,1.20994991769967,0.0035146
7.62,0.225234602548596,0.971554381986255,2.02399999898182,9.19109426100482,0.997060631158113,0.00113353506594022,0.20000000677277,0.231852489382217,0.972750956395214,2.02399999999996,9.19079632679408,0.248687081531319,0.475381639778043,0.544999997632613,0.0450582153944237,2.00776917252324,1.53027671602732,1.2007400472426,0.003684
7.64,0.205785451273383,0.975955468993664,2.02799999910876,9.21110027905056,0.997060284771568,0.00114324758511113,0.20000000592051,0.212352398277442,0.977193153346039,2.02799999999996,9.21079632679407,0.248687908563364,0.475380323703247,0.544999997913019,0.0450581223426354,2.01638986721685,1.56922821069231,1.1915960461387,0.0035805
7.66,0.186252115186846,0.979966411237514,2.03199999921965,9.231106278881,0.997060166975991,0.00115285036450401,0.200000005169197,0.192767369044684,0.981244486064594,2.03199999999996,9.23079632679406,0.248688799668286,0.475378986530363,0.544999998164635,0.0450580247259394,2.02423088614601,1.60834795154724,1.18251850496192,0.00337
7.68,0.166642415663498,0.983585605439893,2.03599999931643,9.25111225819988,0.997060275836886,0.00116234114062604,0.200000004508466,0.173105235434505,0.984903334071809,2.03599999999996,9.25079632679405,0.248689754728787,0.475377629059536,0.54499999838938,0.0450579226178862,2.03128901823908,1.64762030021442,1.17350800299957,0.0033352
7.7,0.146964204517044,0.9868116051053,2.0399999994008,9.27111821473814,0.997060609389883,0.00117171771332007,0.200000003928643,0.153373862038192,0.988168233877266,2.03999999999996,9.27079632679404,0.248690773598264,0.475376252039623,0.544999998589329,0.0450578160926926,2.03756136589862,1.68702955731867,1.16456510780381,0.0035205
7.72,0.127225360856616,0.989643121095734,2.0439999994743,9.29112414625449,0.997061165641109,0.00118097794318091,0.200000003420801,0.13358114114202,0.991037879564572,2.04399999999996,9.29079632679404,0.248691856098632,0.47537485617052,0.544999998766613,0.0450577052252228,2.04304534615616,1.72655996877035,1.15569037474942,0.0035174
7.74,0.107433787932235,0.99207902214275,2.04799999953827,9.31113005053588,0.997061942567416,0.00119011974910633,0.200000002976782,0.113734989570449,0.993511123313715,2.04799999999996,9.31079632679403,0.248693002018353,0.475373442105528,0.544999998923336,0.045057590090963,2.04773869170094,1.76619573207006,1.14688434659857,0.003423
7.76,0.0875974099708037,0.99411833529627,2.05199999959393,9.33113592539804,0.997062938116482,0.0011991411059845,0.200000002589183,0.0938433455194967,0.995586975860171,2.05199999999996,9.33079632679402,0.248694211110658,0.475372010453781,0.544999999061522,0.0450574707659944,2.0516394517823,1.80592100263265,1.13814755307287,0.003374
7.78,0.0677241690038683,0.995760246309998,2.05599999964234,9.35114176868588,0.997064150206798,0.00120804004252098,0.200000002251331,0.0739141653815641,0.9972646068906,2.05599999999996,9.35079632679401,0.24869548309195,0.475370561782688,0.544999999183082,0.045057347326982,2.05474599298533,1.84571990012788,1.12948051043319,0.0034376
7.8,0.047822021688437,0.997004099963256,2.05999999968442,9.37114757827401,0.99706557672754,0.00121681463920586,0.20000000195724,0.0539554205629876,0.998543345374957,2.05999999999996,9.370796326794,0.248696817640415,0.475369096620397,0.544999999289796,0.0450572198511386,2.05705699987951,1.88557651483518,1.12088372106768,0.0035016
7.82,0.0278989361221218,0.997849400319161,2.06399999972101,9.39115335206709,0.997067215538365,0.00122546302642188,0.200000001701567,0.0339750942955818,0.999422679834898,2.06399999999996,9.39079632679399,0.248698214394797,0.475367615458309,0.544999999383309,0.0450570884162461,2.05857147554003,1.9254749140101,1.11235767308854,0.0033372
7.84,0.00796288865388073,0.998295810919003,2.06799999975282,9.41115908800032,0.997069064469103,0.0012339833826947,0.200000001479559,0.0139811784434528,0.999902258548363,2.06799999999996,9.41079632679398,0.248699672953361,0.47536611875352,0.544999999465123,0.0450569531005841,2.05928874194164,1.96539914825969,1.10390283993733,0.003462
7.86,-0.0119781393083631,0.99834315491279,2.07199999978049,9.43116478403977,0.997071121319397,0.00124237393308252,0.200000001287003,-0.00601832969364064,0.999981889690262,2.07199999999996,9.43079632679397,0.248701192873035,0.475364606931326,0.544999999536572,0.0450568139829596,2.05920844022489,2.00533325792456,1.09551968000019,0.0034639
7.88,-0.031916164491947,0.997991415125879,2.07599999980456,9.45117043818279,0.997073383858269,0.00125063294770675,0.200000001120169,-0.0260154305791002,0.999661541409199,2.07599999999996,9.45079632679396,0.248702773668705,0.475363080387669,0.544999999598902,0.0450566711426674,2.05833053083458,2.04526127946467,1.08720863623235,0.0036804
7.9,-0.0518432049542619,0.997240734061706,2.07999999982552,9.47117604845838,0.997075849823639,0.00125875874042017,0.200000000975773,-0.0460021256391961,0.998941341840216,2.07999999999996,9.47079632679395,0.248704414812694,0.475361539491586,0.544999999653199,0.0450565246594927,2.05665529353047,2.08516725184665,1.07897013579297,0.0035012
7.92,-0.0717512832768321,0.99609141384059,2.08399999984378,9.49118161292751,0.997078516921801,0.00126674966761199,0.200000000850925,-0.0659704204623901,0.997821579053537,2.08399999999996,9.49079632679394,0.248706115734388,0.475359984587601,0.544999999700439,0.0450563746136792,2.05418332727017,2.12503522292995,1.07080458969033,0.0033923
7.94,-0.0916324297574072,0.994543916074667,2.08799999985972,9.5111871296835,0.997081382826872,0.00127460412714639,0.200000000743083,-0.0859123279969932,0.996302700939347,2.08799999999996,9.51079632679393,0.248707875820003,0.475358415998104,0.544999999741484,0.0450562210859398,2.05091554996437,2.16484925584916,1.06271239243789,0.0033695
7.96,-0.111478685598786,0.992598861678989,2.09199999987365,9.53119259685231,0.99708444518021,0.00128232055743235,0.200000000650018,-0.10581987174588,0.994385315028641,2.09199999999996,9.53079632679392,0.248709694412522,0.475356834025669,0.544999999777115,0.0450560641574267,2.04685319810433,2.20459343539016,1.05469392172113,0.00353
7.98,-0.1312821060931,0.990257030618885,2.09599999988585,9.55119801259284,0.997087701589822,0.00128989743662115,0.200000000569779,-0.125685088956982,0.992070188250219,2.09599999999996,9.55079632679391,0.248711570811753,0.475355238955322,0.544999999808003,0.0450559039097227,2.04199782626207,2.24425187435739,1.04674953807643,0.0034081
8,-0.151034763800278,0.987519361593685,2.09999999989656,9.57120337509729,0.997091149629767,0.00129733328192826,0.20000000050066,-0.14550003380828,0.989358246623922,2.09999999999996,9.57079632679391,0.248713504274525,0.475353631056757,0.544999999834755,0.045055740424838,2.0363513064631,2.28380871992974,1.03887958458087,0.0033308
8.02,-0.17072875171943,0.984386951656939,2.10399999990597,9.59120868259139,0.997094786839556,0.00130462664907552,0.200000000441172,-0.16525678058603,0.986250574890244,2.10399999999995,9.5907963267939,0.248715494015013,0.475352010586495,0.544999999857888,0.0450555737851909,2.02991582743235,2.32324816000253,1.03108438655475,0.0033679
8.04,-0.190356186451876,0.980861055773292,2.10799999991429,9.61121393333472,0.997098610723565,0.00131177613184958,0.200000000390011,-0.18494742685494,0.982748416076441,2.10799999999995,9.6107963267939,0.248717539205185,0.475350377789967,0.544999999877865,0.0450554040736031,2.02269389371323,2.36255442951303,1.02336425127586,0.0033682
8.06,-0.209909211354551,0.976943086312197,2.11199999992165,9.63121912562097,0.997102618750461,0.00131878036177238,0.200000000346042,-0.204564096619041,0.978853170999347,2.11199999999995,9.6307963267939,0.248719638975352,0.475348732903531,0.544999999895097,0.0450552313732825,2.01468832466052,2.40171181674698,1.01571946770649,0.0037981
8.08,-0.22937999968254,0.97263461247867,2.11599999992819,9.65122425777817,0.997106808352652,0.00132563800787833,0.200000000308277,-0.224098943471979,0.974566397705053,2.11599999999995,9.6507963267939,0.248721792414306,0.47534707615547,0.5449999999099,0.0450550557677318,2.00590225330718,2.4407046696236,1.00815030623151,0.003563
8.1,-0.248760757719477,0.967937359681339,2.11999999993403,9.671229328169,0.997111176925743,0.00133234777655646,0.200000000275841,-0.243544153735475,0.969889810845724,2.11999999999995,9.6707963267939,0.248723998571624,0.475345407770582,0.544999999922616,0.045054877341037,1.99633912510584,2.47951740195662,1.00065701841584,0.0033603
8.12,-0.268043727894556,0.962853208838013,2.12399999993927,9.691234335191,0.99711572182809,0.00133890841160097,0.200000000247983,-0.26289194958469,0.964825280993748,2.12399999999995,9.6907963267939,0.248726256457131,0.475343727969495,0.544999999933539,0.0450546961774672,1.9860026965452,2.5181344996887,0.993239836766248,0.0033355
8.14,-0.287221191884919,0.957384195619091,2.12799999994399,9.7112392772768,0.997120440380335,0.00134531869424885,0.200000000224057,-0.28213459215925,0.959374833893541,2.12799999999994,9.7107963267939,0.24872856504215,0.475342036970915,0.544999999942887,0.0450545123616672,1.97489703364219,2.55654052709688,0.985898974511497,0.0040101
8.16,-0.306285473702176,0.951532509629096,2.13199999994826,9.73124415289438,0.997125329864999,0.00135157744333059,0.200000000203496,-0.30126438465869,0.95354064965127,2.13199999999994,9.7307963267939,0.248730923260603,0.475340334993377,0.54499999995087,0.0450543259786061,1.9630265103102,2.59472013296657,0.9786346253955,0.0037193
8.18,-0.325228942761818,0.94530049352667,2.13599999995216,9.75124896054727,0.997130387526124,0.00135768351550731,0.20000000018581,-0.320273675421073,0.947325061862844,2.13599999999994,9.7507963267939,0.248733127957451,0.475337924510701,0.544999876344857,0.0450540749131312,1.9503958066043,2.63265805673142,0.971446811778263,0.0031411
8.2,-0.344044016953817,0.938690642385943,2.13999999951071,9.77125369743882,0.997135602243422,0.00136360802796746,0.199999955669958,-0.339154860983546,0.940730556680506,2.13999999999994,9.7707963267939,0.248735614853018,0.475336302780506,0.544999931223796,0.0450539347653114,1.93700990684369,2.67033913458101,0.964336005112482,0.0031162
8.22,-0.362723165660801,0.931705602343728,2.14399999837652,9.79125836207709,0.997140980404363,0.00136938370987828,0.199999930910525,-0.357900389123631,0.933759771818403,2.14399999999994,9.7907963267939,0.248738146349341,0.475334665760225,0.544999970312831,0.0450537505259412,1.92287409761199,2.7077483055369,0.957302172323288,0.0030683
8.24,-0.381258912743385,0.924348169239165,2.14799999688786,9.81126295446933,0.997146519164345,0.00137500787412056,0.199999920223144,-0.376502761880008,0.926415495497537,2.14799999999994,9.8107963267939,0.248740721057903,0.475333012805258,0.544999997452259,0.0450535567976319,1.90799396563802,2.74487061746147,0.950345427222147,0.003021
8.26,-0.399643839545274,0.916621287843139,2.15199999528315,9.83126747350236,0.99715221561116,0.00138047899716347,0.199999919305957,-0.394954538551603,0.918700665330514,2.15199999999993,9.8307963267939,0.248743337624753,0.475331343837912,0.545000015600176,0.0450533596840112,1.89237539555644,2.78169123303313,0.943465863383687,0.0035709
8.28,-0.417870587859219,0.908528050677,2.15599999372543,9.85127191789905,0.997158066779923,0.00138579578556859,0.199999924922021,-0.413248338673767,0.910618367146537,2.15599999999993,9.8507963267939,0.248745994690014,0.475329658873895,0.545000027029344,0.0450531602622289,1.87602456754905,2.81819543568018,0.936663553985041,0.0031015
8.3,-0.435931862868726,0.900071696771977,2.15999999232117,9.87127628638395,0.997164069656163,0.0013909570148385,0.199999934652584,-0.431376844970368,0.902171833757119,2.15999999999993,9.8707963267939,0.248748690885749,0.475327957963248,0.545000033481427,0.0450529587796812,1.85894795486788,2.85436863546621,0.929938551695225,0.0032042
8.32,-0.453820436064287,0.891255610370004,2.16399999113476,9.89128057771074,0.997170221177085,0.00139596150395702,0.199999946705898,-0.449332806280594,0.893364443662996,2.16399999999993,9.8907963267939,0.248751424839066,0.475326241191218,0.545000036287836,0.0450527553469673,1.84115232124114,2.89019637492469,0.923290888586331,0.0030057
8.34,-0.471529148132981,0.8820833195665,2.16799999019951,9.91128479066703,0.997176518232694,0.00140080811276347,0.199999959769519,-0.467109040459333,0.884199719702774,2.16799999999993,9.9107963267939,0.248754194885403,0.475324508127548,0.545000036431527,0.0450525500158501,1.8226447181631,2.92566433484046,0.916720575174477,0.0030909
8.36,-0.489050911820278,0.872558494895912,2.17199998952605,9.93128892407451,0.997182957655255,0.00140549572092702,0.199999972884868,-0.484698437249926,0.874681327643844,2.17199999999992,9.9307963267939,0.248756999209892,0.475322758071032,0.545000034637661,0.0450523428391196,1.80343248206886,2.96075833997577,0.910227600766258,0.0030053
8.38,-0.506378714762948,0.862684947860731,2.17599998910845,9.95129297678792,0.99718953621419,0.001410023218682,0.199999985354426,-0.502093961128179,0.864813074716119,2.17599999999992,9.9507963267939,0.248759837243648,0.475320992819264,0.545000031606299,0.0450521340428156,1.78352323139526,2.99546436473861,0.903811937564591,0.0029557
8.4,-0.523505622291856,0.852466629403161,2.17999998892932,9.97129694769785,0.997196250667545,0.00141438960922301,0.199999996732694,-0.519288654116478,0.854598908089195,2.17999999999992,9.9707963267939,0.248762706010022,0.475319208589523,0.545000027069443,0.0450519233504818,1.76292486352909,3.02976853879104,0.897473530950815,0.0029825
8.42,-0.540424780203861,0.841907628322441,2.18399998896142,9.99130083572612,0.997203097666197,0.00141859378017907,0.200000006477694,-0.536275638566887,0.844042913293536,2.18399999999992,9.9907963267939,0.248765606109468,0.475317410548306,0.545000022317652,0.0450517113752341,1.74164555164377,3.06365715259532,0.891212313517018,0.0031676
8.44,-0.557129417501093,0.831012169635647,2.18799998917132,10.0113046398302,0.997210073898776,0.0014226348751492,0.200000014512048,-0.553048119912116,0.833149312586314,2.18799999999992,10.0107963267939,0.248768536490185,0.475315600544609,0.545000017937062,0.0450514981268932,1.71969374142581,3.09711666289561,0.885028192722436,0.0031056
8.46,-0.573612849096192,0.819784612881723,2.19199998952613,10.0313083590127,0.997217176029092,0.00142651214327905,0.200000020969391,-0.569599389383258,0.821922463262568,2.19199999999992,10.0307963267939,0.24877149569328,0.475313779001209,0.545000013885165,0.0450512835723752,1.6970781476924,3.13013369813291,0.878921054899432,0.0032531
8.48,-0.589868478483314,0.808229450373967,2.19599998999551,10.0513119923169,0.997224400681721,0.00143022488417048,0.20000002596805,-0.585922826693203,0.810366855912337,2.19599999999991,10.0507963267939,0.248774482266021,0.475311946456053,0.545000010138474,0.0450510677828936,1.67380775090142,3.16269506379119,0.872890765522112,0.003026
8.5,-0.605889800373751,0.796351305400098,2.19999999055137,10.0713155388231,0.99723174444373,0.00143377245603999,0.200000029617901,-0.602011902684672,0.798487112624489,2.19999999999991,10.0707963267939,0.248777494767044,0.475310103588361,0.545000006694698,0.0450508508511897,1.64989179355538,3.19478774767253,0.866937169241378,0.0030664
8.52,-0.621670403294905,0.78415493036995,2.20399999116783,10.0913189976491,0.99723920386674,0.00143715428197353,0.200000032027992,-0.617860181941785,0.786287985137944,2.20399999999991,10.0907963267939,0.248780531771201,0.475308251239977,0.545000003574027,0.0450506328782384,1.62533977650061,3.22639892509921,0.861060089933868,0.0032988
8.54,-0.637203972151578,0.771645204911553,2.20799999182125,10.1113223679507,0.997246775469277,0.00144036985635303,0.200000033314642,-0.633461325364147,0.773774352941043,2.20799999999991,10.1107963267939,0.2487835918729,0.475306390423934,0.5450000008179,0.0450504139716069,1.60016145512326,3.25751596404072,0.855259330764205,0.0030848
8.56,-0.65248429074852,0.758827133916335,2.21199999249049,10.1313256489221,0.99725445573937,0.00144341875128128,0.200000033609086,-0.648809092702403,0.760951221319821,2.21199999999991,10.1307963267939,0.248786673254874,0.475304520982012,0.544999998232365,0.0450501940894663,1.57436683544366,3.2881264301635,0.849534673748426,0.003069
8.58,-0.667505244273485,0.745705845534801,2.21599999315631,10.1513288397941,0.997262241119538,0.00144630057005238,0.200000032972737,-0.663897345054251,0.747823719355951,2.21599999999991,10.1507963267939,0.248789774796069,0.475302645102358,0.544999996150361,0.0450499735699527,1.54796617011048,3.31821809180164,0.843885880859079,0.0030042
8.6,-0.682260821739399,0.732286589122598,2.2199999938019,10.1713319398365,0.997270128036558,0.00144901504273949,0.200000031586867,-0.678720047319923,0.73439709787519,2.2199999999999,10.1707963267939,0.248792895587539,0.475300765274321,0.54499999484402,0.0450497526206422,1.52096995429645,3.34777892484625,0.838312694275868,0.0029686
8.62,-0.696745118384441,0.7185747331372,2.22399999441508,10.1913349483662,0.997278112912636,0.00145156203029426,0.200000029730714,-0.693271270616148,0.720676727347109,2.2239999999999,10.1907963267939,0.248796034094888,0.475298881976731,0.54499999410354,0.0450495311473098,1.4933889214972,3.3767971175518,0.832814835328643,0.0030059
8.64,-0.710952338029827,0.704575762987804,2.22799999498847,10.211337864745,0.99728619214231,0.00145394144189454,0.200000027607989,-0.707545194647621,0.706668095736985,2.2279999999999,10.2107963267939,0.248799188780933,0.4752969956986,0.544999993769721,0.0450493092069864,1.46523403923497,3.40526107525734,0.827392005189232,0.0034384
8.66,-0.724876795394473,0.690295278839391,2.2319999955182,10.2313406883744,0.997294362093636,0.00145615324048275,0.200000025365088,-0.721536110035045,0.692376806310681,2.2319999999999,10.2307963267939,0.248802358107253,0.475295106941142,0.544999993722438,0.0450490868823671,1.43651650466885,3.43315942502081,0.822043885021153,0.003148
8.68,-0.738512918365228,0.675738993371038,2.2359999960029,10.251343418695,0.997302619109492,0.00145819744418277,0.200000023105166,-0.735238420598808,0.677808575393421,2.2359999999999,10.2507963267939,0.24880554053552,0.475293216217794,0.544999993871608,0.0450488642602074,1.40724774011329,3.46048102016455,0.816770136142488,0.0030414
8.7,-0.751855250221803,0.660912729489365,2.23999999644294,10.2713460551862,0.997310959508932,0.00146007412698584,0.200000020898945,-0.74864664559738,0.662969230083331,2.23999999999989,10.2707963267939,0.248808734528789,0.47529132405388,0.544999994150229,0.0450486414276978,1.37743938846675,3.48721494473033,0.811570400201788,0.00307
8.72,-0.764898451815487,0.64582241799804,2.24399999683986,10.2913485973663,0.997319379588602,0.00146178341928407,0.200000018793027,-0.761755421919536,0.64786470592068,2.24399999999989,10.2907963267939,0.248811938552725,0.475289430986229,0.544999994508929,0.045048418471898,1.34710330855226,3.51335051784198,0.806444299366736,0.0029858
8.74,-0.777637303700806,0.630474095224274,2.24799999719595,10.3113510447923,0.997327875624191,0.00146332550834682,0.200000016816241,-0.774559506229527,0.632501044513742,2.24799999999989,10.3107963267939,0.24881515107683,0.475287537562697,0.544999994911802,0.0450481954795607,1.31625157037175,3.53887729797389,0.801391436525545,0.0030611
8.76,-0.790066708219265,0.614873900603258,2.25199999751396,10.3313533970601,0.997336443871934,0.00146470063875152,0.20000001498449,-0.78705377706435,0.616884391122232,2.25199999999989,10.3307963267939,0.248818370298197,0.475285643454701,0.54499999516173,0.0450479724330382,1.28489645027612,3.56378508712386,0.796411395423884,0.0029684
8.78,-0.802181691534572,0.599028074221814,2.25599999779623,10.3513556538021,0.997345080558744,0.00146590907800322,0.200000013242713,-0.799233236882258,0.60102099219929,2.25599999999989,10.3507963267939,0.248821593696463,0.475283745646863,0.544999994585409,0.0450477490832932,1.25305042605284,3.58806393488836,0.7915037409862,0.0029815
8.8,-0.813977405619304,0.582942954323144,2.25999999804159,10.3713578146782,0.997353781853357,0.00146695101396065,0.20000001129346,-0.811093014061714,0.584917192892975,2.25999999999989,10.3707963267939,0.248824820330055,0.475281846025924,0.544999993683672,0.0450475259997414,1.22072617193321,3.61170414243885,0.786668019842442,0.0029895
8.82,-0.825449130190786,0.566624974771544,2.26399999824472,10.3913598793798,0.997362543930242,0.00146782675661451,0.200000009019582,-0.822628364849975,0.568579434508294,2.26399999999988,10.3907963267939,0.2488280485816,0.475279944516182,0.544999992463134,0.0450473031448329,1.1879365535211,3.63469626639746,0.781903759931506,0.0029681
8.84,-0.836592274595123,0.550080662477971,2.26799999839798,10.4113618476384,0.997371362944137,0.00146853664722969,0.20000000630631,-0.833834675260528,0.552014251930769,2.26799999999988,10.4107963267939,0.248831276886022,0.475278041293887,0.544999990988431,0.0450470805974819,1.15469462264528,3.65703112261047,0.777210471072791,0.0030453
8.86,-0.847402379639805,0.533316634789159,2.27199999849167,10.4313637192221,0.99738023503309,0.00146908107184566,0.200000003062145,-0.844707462918624,0.535228271012563,2.27199999999988,10.4307963267939,0.248834503730043,0.475276136788063,0.544999989358807,0.0450468584547178,1.12101361213751,3.67869978981806,0.772587645237433,0.0029703
8.88,-0.857875119373589,0.516339596840552,2.2759999985146,10.4513654939364,0.99738915632168,0.0014694604715828,0.199999999231316,-0.85524237885417,0.518228205922234,2.27599999999988,10.4507963267939,0.248837727647797,0.475274231650018,0.544999987685792,0.0450466368135398,1.08690693053824,3.69969361321896,0.768034756828317,0.002995
8.9,-0.868006302812963,0.499156338874111,2.2799999984549,10.4713671716244,0.997398122924223,0.00146967535117412,0.199999994798201,-0.865435209241254,0.501020856459154,2.27999999999988,10.4707963267939,0.248840946887387,0.475272325494255,0.544999985704526,0.0450464156646371,1.05238815673229,3.72000420792843,0.763551263003708,0.0029411
8.92,-0.877791875614871,0.481773733522499,2.2839999982994,10.4913687521651,0.997407130934327,0.00146972623715453,0.19999998965183,-0.875281877083624,0.483613105333679,2.28399999999988,10.4907963267939,0.248844157257702,0.475270412176773,0.544999982260976,0.0450461946402038,1.01747103451649,3.73962346232833,0.759136605056852,0.0029761
8.94,-0.887227921696805,0.464198733062739,2.28799999802857,10.511370235462,0.997416176326127,0.00146961344962972,0.199999983265782,-0.88477844384543,0.46601191541416,2.28799999999987,10.5107963267939,0.248847358958279,0.475268497341012,0.544999978801552,0.0450459745287525,0.982169467101519,3.75854354130794,0.754790206367512,0.0032435
8.96,-0.896310664799887,0.446438366636148,2.29199999761757,10.5313716214498,0.997425255131092,0.00146933759068655,0.19999997563434,-0.893921111026587,0.448224326941885,2.29199999999987,10.5307963267939,0.248850549736963,0.475266580540539,0.544999975348755,0.0450457551223547,0.94649751154996,3.7767568893942,0.750511474979917,0.0034468
8.98,-0.905036469994354,0.428499737435823,2.29599999704151,10.5513729101037,0.997434363342762,0.00146889927835003,0.199999966759892,-0.902706221682122,0.430257454715077,2.29599999999987,10.5507963267939,0.248853729359775,0.475264665204957,0.544999972148439,0.0450455366768166,0.910469373153115,3.79425623377018,0.746299801443858,0.0031821
9,-0.913401845129201,0.410390019865363,2.29999999627645,10.5713741014365,0.997443496999453,0.00146829931116255,0.19999995673333,-0.911130261884908,0.412118485243074,2.29999999999987,10.5707963267939,0.248856896485302,0.475262752571647,0.544999969249546,0.0450453191733363,0.874099399748631,3.8110345871804,0.742154561237557,0.0032817
9.02,-0.92140344222423,0.392116456668667,2.30399999530041,10.5913751955,0.997452652142349,0.00146753857324967,0.199999945663167,-0.919189862131181,0.393814673871813,2.30399999999987,10.5907963267939,0.248860049816894,0.475260843901036,0.544999966689724,0.0450451026654366,0.837402075981328,3.82708525072196,0.738075114449117,0.0035
9.04,-0.929038058805057,0.373686356033389,2.30799999409376,10.6113761923819,0.997461824818998,0.00146661803743596,0.199999933671467,-0.926881798688304,0.375353341881796,2.30799999999986,10.6107963267939,0.24886318809409,0.475258940421512,0.544999964492046,0.0450448872165316,0.800392017509469,3.84240181652025,0.734060806129508,0.0034541
9.06,-0.936302639179953,0.35510708866838,2.31199999263936,10.631377092205,0.997471011086438,0.0014655387639851,0.199999920888604,-0.934202994884211,0.356741873559671,2.31199999999986,10.6307963267939,0.248866543129981,0.475257828908034,0.545000102770717,0.0450447440478545,0.763083965158799,3.8569781702884,0.730110896876236,0.003474
9.08,-0.943194275382269,0.336386084654143,2.3159999914271,10.6513778966551,0.997480216608691,0.00146433314647179,0.199999957886062,-0.941150522338038,0.337987713244617,2.31599999999986,10.6507963267939,0.248869676171019,0.47525601723812,0.545000073342001,0.0450444906450926,0.72549277903035,3.87080849376655,0.726224832791817,0.0033601
9.1,-0.94971020857538,0.317530830662634,2.31999999084886,10.6713786063912,0.997489429545409,0.00146297198627253,0.199999984289182,-0.947721602131437,0.319098362350708,2.31999999999986,10.6707963267939,0.248872791749397,0.475254215620041,0.545000051185581,0.0450442741298821,0.687633432568474,3.8838872670372,0.722401858354653,0.0037517
9.12,-0.955847830428145,0.298548867162112,2.32399999071891,10.6913792205121,0.997498646058427,0.00146145773005205,0.200000002715991,-0.953913605920103,0.300081376366447,2.32399999999986,10.6907963267939,0.248875888642741,0.475252425240592,0.545000034620689,0.0450440651274329,0.649521006562789,3.89620927073693,0.718641263344856,0.0034969
9.14,-0.96160468390623,0.279447785216988,2.32799999089786,10.7113797391298,0.997507862338026,0.00145979192485349,0.200000015179439,-0.959724056985079,0.280944361832671,2.32799999999986,10.7107963267939,0.248878965603398,0.475250646832995,0.545000022341426,0.0450438586992082,0.611170683113585,3.90776958814309,0.714942324494453,0.0034744
9.16,-0.966978464251312,0.260235223453051,2.33199999128188,10.7313801625571,0.997517074592414,0.00145797601253751,0.200000023222353,-0.965150631223412,0.261694973300038,2.33199999999985,10.7307963267939,0.248882021400541,0.47524888106187,0.545000013334908,0.0450436540913556,0.572597739560173,3.91856360713692,0.711304305890459,0.0037138
9.18,-0.971967019899572,0.240918865003962,2.33599999179433,10.7513804911697,0.997526279047593,0.00145601146425117,0.20000002802292,-0.970191158077759,0.242340910267304,2.33599999999985,10.7507963267939,0.248885054823586,0.475247128575963,0.545000006816893,0.0450434512397822,0.533817542371262,3.9285870220451,0.707726459381494,0.0037794
9.2,-0.976568353339036,0.221506434440091,2.33999999237933,10.771380725383,0.997535471948806,0.00145389980200248,0.200000030477001,-0.974843621404585,0.222889914101633,2.33999999999985,10.7707963267939,0.248888064683908,0.475245390017843,0.545000002181517,0.0450432501934844,0.494845540999835,3.93783583535865,0.704208024986448,0.0042967
9.22,-0.980780621905382,0.202005694680899,2.34399999299673,10.791380865648,0.997544649562264,0.0014516426016298,0.200000031262347,-0.979106160280592,0.203349764942147,2.34399999999985,10.7907963267939,0.248891049815291,0.475243666024789,0.544999998961882,0.0450430510192557,0.455697261704951,3.9463063593287,0.700748231308569,0.0039918
9.24,-0.984602138515911,0.182424443892094,2.34799999361823,10.8113809124508,0.997553808176898,0.00144924149265445,0.200000030888625,-0.982977069747061,0.183728278587978,2.34799999999985,10.8107963267939,0.248894009074226,0.475241957228452,0.544999996799201,0.0450428537859527,0.416388301342952,3.95399521743844,0.69734629595417,0.0041661
9.26,-0.988031372341389,0.162770512368796,2.35199999422448,10.8313808663116,0.997562944106094,0.0014466981575854,0.200000029736337,-0.986454801491817,0.164033303372052,2.35199999999984,10.8307963267939,0.248896941340184,0.47524026425428,0.544999995418633,0.0450426585618442,0.376934321130554,3.96089934575071,0.694001425955336,0.0041677
9.28,-0.991066949415487,0.143051759405955,2.35599999480272,10.8513807277845,0.997572053689411,0.00144401433109909,0.200000028087045,-0.989537964468533,0.144272717021859,2.35599999999984,10.8507963267939,0.248899845515852,0.475238587720949,0.54499999461047,0.0450424654141659,0.337351040382311,3.96701599413058,0.690712818196404,0.0037774
9.3,-0.993707653181595,0.123276070157267,2.35999999534506,10.8713804974575,0.997581133294273,0.00144119179916734,0.200000026146814,-0.992225325453125,0.124454423508468,2.35999999999984,10.8707963267939,0.248902720528156,0.475236928241497,0.544999994215493,0.045042274409226,0.297654230224955,3.97234272734261,0.687479659842297,0.0036581
9.32,-0.995952424976778,0.103451352483844,2.36399999584717,10.8913801759515,0.997590179317665,0.00143823239821204,0.200000024064392,-0.994515809537031,0.104586349885044,2.36399999999984,10.8907963267939,0.248905565326934,0.475235286419774,0.544999994113294,0.0450420856118951,0.257859707291116,3.97687742602214,0.684301128774011,0.003744
9.34,-0.997800364452691,0.0835855337938927,2.36799999630726,10.9113797639204,0.99759918818774,0.00143513801409937,0.200000021945178,-0.996408500557156,0.0846764431161318,2.36799999999984,10.9107963267939,0.248908378884909,0.475233662849306,0.5449999942133,0.0450418990856921,0.217983327394949,3.98061828752048,0.68117639402445,0.0037726
9.36,-0.999250729933298,0.0636865578746546,2.37199999672534,10.9313792620505,0.997608156365399,0.00143191058108472,0.200000019861966,-0.997902641462328,0.0647326668989778,2.37199999999984,10.9307963267939,0.24891116019954,0.475232058116368,0.544999994448117,0.0450417148932866,0.178040979192182,3.98356382662339,0.678104616212939,0.0035988
9.38,-1.00030293870923,0.0437623817178846,2.37599999710259,10.9513786710601,0.997617080345891,0.00142855208086968,0.200000017863288,-0.998997634616106,0.0447629984781551,2.37599999999983,10.9507963267939,0.248913908292388,0.475230472798005,0.544999994767981,0.0450415330960272,0.138048577827128,3.98571287614283,0.675084947985993,0.003543
9.4,-1.0009565672687,0.0238209723401175,2.37999999744102,10.9713779916989,0.997625956660371,0.00142506454155869,0.200000015979761,-0.99969304203583,0.0247754254547733,2.37999999999983,10.9707963267939,0.248916622209375,0.475228907462054,0.544999995136696,0.0450413537540475,0.0980220585691849,3.9870645873815,0.672116534457999,0.0036792
9.42,-1.00121135146484,0.00387030359899902,2.38399999774311,10.9913772247481,0.997634781877416,0.00142145003660727,0.200000014228971,-0.999988585567802,0.00477794259154436,2.38399999999983,10.9907963267939,0.248919301020103,0.475227362664316,0.544999995527856,0.0450411769259394,0.0579773704413772,3.98761843047024,0.669198513654681,0.0035447
9.44,-1.00106718661947,-0.0160816469930544,2.38799999801159,11.0113763710193,0.997643552604488,0.00141771068364722,0.200000012618999,-0.99988414699855,-0.015221451385016,2.38799999999983,11.0107963267939,0.248921943818801,0.475225838950788,0.544999995923022,0.0450410026692301,0.0179304698434698,3.98737419457787,0.6663300169543,0.0035809
9.46,-1.00052412756313,-0.0360269014565961,2.39199999824929,11.0313754313542,0.997652265489391,0.00141384864339711,0.200000011151287,-0.999379768102111,-0.0352147569839722,2.39199999999983,11.0307963267939,0.248924549724071,0.475224336856347,0.544999996309527,0.045040831040078,-0.0221026858277925,3.98633198799372,0.663510169531417,0.0035332
9.48,-0.999582388611567,-0.0559574845330205,2.39599999845903,11.0513744066247,0.997660917221683,0.00140986611850486,0.200000009822717,-0.998475650623316,-0.0551939771496584,2.39599999999983,11.0507963267939,0.24892711787892,0.475222856904323,0.544999996678994,0.0450406620932835,-0.0621061445587751,3.98449223808247,0.660738090800153,0.0035232
9.5,-0.998242343478416,-0.0758654268712957,2.39999999864353,11.0713732977315,0.997669504534054,0.00140576535236669,0.200000008627155,-0.997172156197104,-0.0751511204603946,2.39999999999983,11.0707963267939,0.248929647450791,0.475221399606171,0.544999997026216,0.0450404958822892,-0.102063966096828,3.98185569111163,0.658012894857138,0.0036668
9.52,-0.996504525124392,-0.0957427682122881,2.40399999880536,11.0913721056042,0.997678024203662,0.00140154862792549,0.200000007556593,-0.995469806203865,-0.095078204324948,2.40399999999982,11.0907963267939,0.248932137631563,0.475219965461101,0.544999997348298,0.0450403324591637,-0.141960228323397,3.97842341195152,0.655333690923785,0.003535
9.54,-0.99436962554284,-0.11558156056941,2.40799999894695,11.1113708312007,0.997686473053439,0.00139721826644753,0.20000000660198,-0.993369281560898,-0.114967258175464,2.40799999999982,11.1107963267939,0.248934587637564,0.475218554955788,0.544999997643998,0.0450401718745777,-0.181779033619829,3.97419678364797,0.652699583787578,0.0035249
9.56,-0.991838495481845,-0.135373871404322,2.41199999907051,11.1313694755066,0.997694847953354,0.00139277662628159,0.200000005753819,-0.990871422450054,-0.134810326655585,2.41199999999982,11.1307963267939,0.24893699670953,0.475217168563964,0.544999997913237,0.0450400141777775,-0.221504515223333,3.96917750686788,0.650109674242096,0.0035667
9.58,-0.988912144102973,-0.155111786796435,2.41599999917807,11.1513680395348,0.997703145821641,0.00138822610159633,0.200000005002584,-0.987977227981674,-0.154599472802492,2.41599999999982,11.1507963267939,0.248939364112589,0.47521580674622,0.544999998156704,0.0450398594166054,-0.261120843570554,3.96336759921788,0.647563059525291,0.0035722
9.6,-0.985591738576793,-0.174787414604927,2.41999999927149,11.1713665243246,0.997711363625984,0.00138356912110478,0.200000004338998,-0.984687855794955,-0.174326781221576,2.41999999999982,11.1707963267939,0.248941689136236,0.47521446994971,0.544999998375642,0.0450397076374419,-0.30061223262623,3.95676939443637,0.645058833755795,0.0040023
9.62,-0.98187860361533,-0.194392887622047,2.42399999935242,11.1913649309417,0.997719498384671,0.00137880814677306,0.200000003754229,-0.981004621594914,-0.193984361252497,2.42399999999982,11.1907963267939,0.248943971094273,0.475213158607922,0.544999998571593,0.0450395588852288,-0.339962946194419,3.9493855414592,0.64259608836701,0.0039366
9.64,-0.977774220941655,-0.21392036671642,2.42799999942236,11.2113632604771,0.997727547167699,0.00137394567251622,0.200000003240002,-0.976928998626124,-0.213564350125341,2.42799999999981,11.2107963267939,0.248946209324756,0.475211873140428,0.544999998746272,0.0450394132034306,-0.379157304209751,3.94121900335946,0.640173912538491,0.0039828
9.66,-0.973280228696798,-0.233362043965126,2.43199999948265,11.231361514047,0.997735507097848,0.00136898422288132,0.20000000278866,-0.972462617083429,-0.233058916105621,2.43199999999981,11.2307963267939,0.248948403189942,0.475210613952692,0.544999998901469,0.0450392706340344,-0.418179689006218,3.93227305616176,0.637791393624481,0.0038316
9.68,-0.968398420784255,-0.25271014577328,2.43599999953447,11.251359692792,0.997743375351712,0.00136392635172031,0.200000002393189,-0.967607263459896,-0.25246026162687,2.43599999999981,11.2507963267939,0.248950552076193,0.475209381435863,0.544999999038962,0.0450391312175316,-0.457014551560993,3.92255128753144,0.635447617579262,0.0044682
9.7,-0.96313074615231,-0.271956935979901,2.43999999957887,11.2713577978764,0.997751149160691,0.00135877464085339,0.200000002047215,-0.962364879832238,-0.27176062640956,2.43999999999981,11.2707963267939,0.248952655393923,0.47520817596662,0.544999999160478,0.0450389949929195,-0.495646417710781,3.91205759533928,0.633141669378953,0.003739
9.72,-0.957479308014502,-0.291094718948806,2.44399999961679,11.2913558304879,0.997758825811939,0.00135353169872471,0.200000001744987,-0.956737563084008,-0.290952290565112,2.44399999999981,11.2907963267939,0.248954712577494,0.475206997907024,0.544999999267646,0.0450388619976783,-0.534059894338222,3.90079618610228,0.630872633439556,0.0036679
9.74,-0.951446363008511,-0.310115842643314,2.44799999964905,11.3113537918367,0.997766402649284,0.00134820015905163,0.20000000148134,-0.950727564066876,-0.310027577683751,2.4479999999998,11.3107963267939,0.248956723085135,0.475205847604368,0.544999999362,0.0450387322677695,-0.572239675525889,3.88877157330112,0.628639594030972,0.0038132
9.76,-0.945034320293817,-0.329012701683529,2.45199999967639,11.3313516831552,0.997773877074091,0.00134278267946819,0.20000000125166,-0.944337286700315,-0.328978857904961,2.4519999999998,11.3307963267939,0.248958686398841,0.475204725391078,0.544999999444944,0.0450386058376266,-0.610170548675406,3.87598857557497,0.626441635686706,0.0036421
9.78,-0.938245740588492,-0.347777740384986,2.45599999969942,11.3513495056972,0.997781246546103,0.00133728194016498,0.20000000105184,-0.937569287010071,-0.347798550969336,2.4559999999998,11.3507963267939,0.248960602024269,0.475203631584595,0.544999999517782,0.045038482740141,-0.647837400589261,3.8624523147944,0.624277843608979,0.003542
9.8,-0.931083335145501,-0.366403455777452,2.45999999971872,11.3713472607372,0.997788508584231,0.00133170064252558,0.200000000878241,-0.93042627210578,-0.366479129250575,2.4599999999998,11.3707963267939,0.248962469490637,0.475202566487308,0.544999999581665,0.0450383630066675,-0.685225223512873,3.84816821401307,0.622147304069065,0.0035256
9.82,-0.923549964668928,-0.384882400602674,2.46399999973478,11.39134494957,0.997795660767308,0.00132604150776183,0.200000000727641,-0.922911099098165,-0.385013120766437,2.4639999999998,11.3907963267939,0.248964288350607,0.475201530386488,0.544999999637656,0.045038246667014,-0.722319121134519,3.8331419952992,0.62004910480254,0.0036467
9.84,-0.915648638170545,-0.403207186289888,2.46799999974803,11.4113425735099,0.997802700734807,0.00132030727554842,0.200000000597197,-0.915026773956229,-0.403393112167432,2.4679999999998,11.4107963267939,0.24896605818017,0.475200523554237,0.5449999996867,0.0450381337494394,-0.759104314540698,3.81737967744745,0.617982335399245,0.0035964
9.86,-0.907382511767201,-0.421370485907896,2.47199999975884,11.4313401338903,0.997809626187513,0.00131450070265792,0.200000000484409,-0.906776450304904,-0.421611751702063,2.47199999999979,11.4307963267939,0.248967778578535,0.475199546247442,0.544999999729637,0.0450380242806303,-0.795566148124591,3.80088757357231,0.615946087687806,0.0035152
9.88,-0.898754887419491,-0.43936503709254,2.47599999976756,11.4513376320626,0.997816434888166,0.00130862456159715,0.200000000387078,-0.89816342816365,-0.439661752157428,2.47599999999979,11.4507963267939,0.248969449167997,0.475198598707774,0.544999999767227,0.0450379182857298,-0.831690095445232,3.78367228858393,0.613939456114329,0.0035165
9.9,-0.889769211612209,-0.457183644948404,2.47999999977446,11.4713350693961,0.997823124662056,0.00130268163924691,0.20000000030328,-0.889191152626483,-0.457535893774009,2.47999999999979,11.4707963267939,0.248971069593823,0.475197681161656,0.544999999800119,0.0450378157883085,-0.867461765035052,3.76574071654724,0.611961538115289,0.0035503
9.92,-0.880429073977124,-0.474819184923591,2.48399999977981,11.491332447277,0.997829693397587,0.00129667473550432,0.200000000231323,-0.879863212483989,-0.475227027133477,2.48399999999979,11.4907963267939,0.248972639524113,0.475196793820292,0.544999999828913,0.0450377168103706,-0.902866906153504,3.74710003792568,0.610011434484204,0.0037147
9.94,-0.87073820585861,-0.492264605656427,2.48799999978382,11.5113297671077,0.997836139046803,0.00129060666193042,0.200000000169731,-0.870183338787855,-0.492728076018367,2.48799999999979,11.5107963267939,0.248974158649674,0.475195936879686,0.544999999854125,0.0450376213723747,-0.93789141448444,3.72775771671039,0.608088249732092,0.0037243
9.96,-0.860700478822711,-0.50951293179296,2.49199999978669,11.5313270303064,0.997842459625869,0.00128448024040334,0.200000000117217,-0.860155403358496,-0.51003204024247,2.49199999999979,11.5307963267939,0.248975626683893,0.475195110520658,0.544999999876196,0.0450375294931852,-0.97252133777498,3.70772149743616,0.606191092441411,0.0035917
9.98,-0.850319903110235,-0.526557266774129,2.49599999978858,11.5513242383065,0.997848653215526,0.00127829830177697,0.200000000072647,-0.84978341723638,-0.527131998450812,2.49599999999978,11.5507963267939,0.248977043362596,0.475194314908903,0.544999999895535,0.0450374411901243,-1.00674288141363,3.68699940208529,0.604319075613369,0.0035993
10,-0.839600626034479,-0.543390795591491,2.49999999978966,11.5713213925553,0.997854717961505,0.00127206368454755,0.200000000035039,-0.839071529077664,-0.544021110888107,2.49999999999978,11.5707963267939,0.2489784084439,0.475193550195045,0.544999999912492,0.0450373564789442,-1.04054241394542,3.66559972688056,0.602471317008454,0.0038945
10.02,-0.828546930324247,-0.560006787510419,2.50399999979005,11.5913184945143,0.997860652074898,0.00126577923352797,0.200000000003537,-0.828024023494788,-0.560692622134565,2.50399999999978,11.5907963267939,0.248979721708109,0.47519281651469,0.544999999927362,0.0450372753738282,-1.07390647252183,3.64353103896863,0.600646939479937,0.0038132
10.04,-0.81716323241279,-0.576398598759665,2.50799999978986,11.6113155456577,0.997866453832511,0.00125944779853045,0.199999999977387,-0.816645319342689,-0.577139863807971,2.50799999999978,11.6107963267939,0.24898098295753,0.475192113988522,0.544999999940415,0.0450371978874056,-1.10682176828336,3.62080217299518,0.598845071300443,0.003598
10.06,-0.805454080673374,-0.592559675186237,2.51199999978919,11.6313125474719,0.997872121577158,0.00125307223305942,0.199999999955936,-0.804939967951311,-0.593356257230948,2.51199999999978,11.6307963267939,0.248982192016353,0.475191442722378,0.544999999951887,0.0450371240307626,-1.13927519167264,3.59742222757318,0.597064846481203,0.0035266
10.08,-0.793424153602168,-0.608483554874518,2.51599999978813,11.6513095014554,0.997877653717945,0.00124665539301387,0.199999999938616,-0.792912651305143,-0.609335316062345,2.51599999999977,11.6507963267939,0.248983348730512,0.475190802807338,0.544999999961983,0.0450370538134109,-1.1712538176758,3.57340056164562,0.595305405084005,0.0036395
10.1,-0.781078257949168,-0.624163870728588,2.51999999978677,11.6713064091174,0.997883048730501,0.00124020013540043,0.19999999992493,-0.78056818017048,-0.625070648891679,2.51999999999977,11.6707963267939,0.248984452967517,0.47519019431985,0.544999999970861,0.0450369872433389,-1.20274491099023,3.5487467907443,0.593565893525773,0.0035557
10.12,-0.768421326797911,-0.63959435301672,2.52399999978516,11.6913032719775,0.997888305157186,0.00123370931705874,0.19999999991444,-0.767911492171187,-0.640555961795621,2.52399999999977,11.6907963267939,0.248985504616328,0.475189617321808,0.544999999978697,0.0450369243269738,-1.23373593111647,3.52347078314596,0.591845464875501,0.0035497
10.14,-0.755458417594743,-0.654768831877031,2.52799999978338,11.7113000915648,0.99789342160726,0.0012271857933972,0.19999999990677,-0.754947649813709,-0.655785060855476,2.52799999999977,11.7107963267939,0.248986503587186,0.475189071860707,0.544999999985607,0.0450368650692251,-1.26421453737232,3.49758265592751,0.590143279143682,0.0035053
10.16,-0.742194710128416,-0.669681239783296,2.53199999978146,11.7312968694176,0.997898396757024,0.00122063241714306,0.199999999901589,-0.74168183846214,-0.670751854634673,2.53199999999977,11.7307963267939,0.248987449811477,0.475188557969751,0.54499999999171,0.0450368094734694,-1.29416859382708,3.47109277092177,0.588458503563904,0.0036658
10.18,-0.728635504460818,-0.684325613969931,2.53599999977946,11.7512936070822,0.997903229349927,0.00121405203710441,0.199999999898604,-0.728119364264146,-0.685450356615255,2.53599999999977,11.7507963267939,0.248988343241562,0.475188075667983,0.54499999999711,0.0450367575415535,-1.32358617415406,3.44401173057542,0.586790312866839,0.0036782
10.2,-0.714786218809678,-0.698696098815186,2.53999999977742,11.7712903061128,0.997907918196637,0.0012074474969458,0.199999999897564,-0.714265652028575,-0.699874687592407,2.53999999999976,11.7707963267939,0.248989183850642,0.475187624960443,0.545000000001882,0.0450367092738286,-1.35245556639928,3.41635037371075,0.585137889546283,0.0035909
10.22,-0.70065238738406,-0.712786948181598,2.54399999977538,11.7912869680703,0.99791246217509,0.00120082163397858,0.199999999898242,-0.700126243055608,-0.71401907802606,2.54399999999976,11.7907963267939,0.248989971632577,0.475187205838291,0.545000000006111,0.0450366646691286,-1.3807652776646,3.38811977119296,0.583500424117311,0.0034836
10.24,-0.686239658173526,-0.72659252771276,2.54799999977337,11.811283594522,0.997916860230501,0.00119417727796472,0.199999999900442,-0.685706792920311,-0.727877870348629,2.54799999999976,11.8107963267939,0.248990706601742,0.475186818278988,0.545000000009853,0.0450366237248086,-1.4085040387033,3.35933122150473,0.581877115366532,0.0039066
10.26,-0.671553790691846,-0.7401073170855,2.55199999977141,11.8312801870407,0.997921111375348,0.00118751724993665,0.199999999903989,-0.671013069210482,-0.741445521227968,2.55199999999976,11.8307963267939,0.248991388792864,0.475186462246414,0.545000000013174,0.0450365864367181,-1.43566080842632,3.32999624622974,0.580267170594406,0.0040873
10.28,-0.656600653676142,-0.753325912216566,2.55599999976954,11.851276747204,0.997925214689325,0.00118084436103088,0.199999999908731,-0.656050949219691,-0.754716603784625,2.55599999999976,11.8507963267939,0.248992018260851,0.475186137691066,0.545000000016121,0.045036552799256,-1.46222477831736,3.30012658544709,0.578669805849507,0.0039249
10.3,-0.641386222742396,-0.766243027422934,2.55999999976777,11.8712732765939,0.997929169319269,0.00117416141133877,0.199999999914535,-0.640826417596441,-0.767685809762521,2.55999999999975,11.8707963267939,0.24899259508063,0.47518584455021,0.545000000018729,0.0450365228053488,-1.48818537675506,3.26973419303833,0.577084246154801,0.0038505
10.32,-0.62591657799824,-0.778853497534881,2.56399999976613,11.8912697767958,0.997932974479051,0.00116747118877229,0.199999999921277,-0.625345563950392,-0.780347951652186,2.56399999999975,11.8907963267939,0.24899311934698,0.475185582748033,0.545000000021038,0.0450364964464642,-1.51353227324058,3.23883123190902,0.575509725725924,0.004075
10.34,-0.610197901613992,-0.791152279960977,2.56799999976463,11.9112662493981,0.997936629449451,0.00116077646794598,0.199999999928851,-0.609614580416592,-0.792697964765691,2.56799999999975,11.9107963267939,0.24899359117436,0.475185352195845,0.545000000023072,0.0450364737126465,-1.53825538252879,3.20743006912675,0.573945488181436,0.0036746
10.36,-0.594236475352893,-0.803134456704167,2.57199999976329,11.9312626959915,0.997940133577994,0.00115408000907607,0.199999999937157,-0.593639759178711,-0.804730909262454,2.57199999999975,11.9307963267939,0.248994010696731,0.475185152792246,0.545000000024861,0.0450364545925112,-1.56234486866153,3.17554327097752,0.572390786745011,0.0035605
10.38,-0.578038678061536,-0.814795236328147,2.57599999976212,11.951259118168,0.997943486278767,0.00114738455689612,0.199999999946106,-0.577427489952251,-0.816441972125115,2.57599999999975,11.9507963267939,0.24899437806739,0.47518498442329,0.545000000026431,0.045036439073249,-1.58579114890127,3.14318359794247,0.570844884439718,0.0034712
10.4,-0.561610983121479,-0.826129955873234,2.57999999976114,11.9712555175207,0.997946687032202,0.00114069283958919,0.199999999955622,-0.560984257428741,-0.827826469084674,2.57999999999975,11.9707963267939,0.248994693458779,0.475184846962692,0.545000000027801,0.0450364271406687,-1.60858489756361,3.11036399959694,0.569307054274296,0.0035895
10.42,-0.544959955863062,-0.837134082720979,2.58399999976035,11.9912518956429,0.997949735384842,0.00113400756773835,0.19999999996563,-0.54431663868195,-0.838879846494138,2.58399999999974,11.9907963267939,0.248994957062315,0.475184740272,0.545000000028987,0.0450364187791891,-1.63071704974705,3.077097609434,0.567776579421334,0.0034833
10.44,-0.528092250942455,-0.847803216406766,2.58799999975977,12.0112482541274,0.997952630949073,0.00112733143329376,0.199999999976065,-0.527431300537145,-0.849597683149919,2.58799999999974,12.0107963267939,0.248995169088192,0.475184664200784,0.54500000003,0.0450364139718546,-1.65217880495864,3.0433977396143,0.566252753387892,0.0034302
10.46,-0.511014609682982,-0.858133090379678,2.5919999997594,12.0312445945661,0.997955373402839,0.00112066710855787,0.199999999986865,-0.510334996904449,-0.859975692060258,2.59199999999974,12.0307963267939,0.248995329765206,0.47518461858683,0.545000000030852,0.0450364127003637,-1.67296163063395,3.0092778756446,0.564734880177864,0.0034334
10.48,-0.493733857381773,-0.86811957370892,2.59599999975925,12.0512409185491,0.997957962489322,0.00111401724518852,0.199999999997972,-0.493034566077367,-0.870009722159963,2.59599999999974,12.0507963267939,0.248995439340557,0.475184603256326,0.545000000031552,0.0450364149450711,-1.69305726554996,2.97475167098687,0.563222274446776,0.003606
10.5,-0.476256900582831,-0.877758672736129,2.59999999975932,12.0712372276641,0.997960398016611,0.00110738447321978,0.200000000009331,-0.47553692799756,-0.879695759970779,2.59999999999974,12.0707963267939,0.248995498079657,0.475184618024055,0.545000000032125,0.04503642068501,-1.71245772312964,2.93983294160032,0.561714261648774,0.0033885
10.52,-0.458590724317585,-0.887046532672887,2.60399999975962,12.091233523496,0.997962679857335,0.00110077140010123,0.200000000020896,-0.457849081486964,-0.889029931206726,2.60399999999974,12.0907963267939,0.24899550626593,0.475184662693605,0.545000000032561,0.0450364298979128,-1.73115529463673,2.90453566041829,0.560210178175928,0.0033919
10.54,-0.440742389314033,-0.895979439142825,2.60799999976016,12.1112298076259,0.997964807948282,0.00109418060975575,0.200000000032618,-0.439978101448345,-0.898008502323765,2.60799999999973,12.1107963267939,0.248995464200613,0.475184737057544,0.545000000032878,0.045036442560221,-1.74914255225949,2.86887395176247,0.558709371489869,0.0034037
10.56,-0.42271902917559,-0.904553819667672,2.61199999976093,12.1312260816307,0.997966782289989,0.00108761466165523,0.200000000044454,-0.421931136035444,-0.906627882013162,2.61199999999973,12.1307963267939,0.248995372202552,0.47518484089763,0.545000000033067,0.0450364586471029,-1.76641235208227,2.83286208569652,0.5572112002459,0.0033993
10.58,-0.404527847530762,-0.912766245096677,2.61599999976194,12.1512223470826,0.997968602946316,0.00108107608991521,0.200000000056358,-0.403715403793803,-0.914884622637963,2.61599999999973,12.1507963267939,0.248995230607989,0.475184973985013,0.545000000033149,0.0450364781324794,-1.78295783694362,2.79651447232133,0.555715034409742,0.003716
10.6,-0.386176115154778,-0.920613430978814,2.61999999976318,12.1712186055481,0.997970270043991,0.00107456740240823,0.200000000068291,-0.385338190773444,-0.922775421612009,2.61999999999973,12.1707963267938,0.248995039770357,0.475185136080421,0.54500000003311,0.0450365009890308,-1.79877243917978,2.75984565601432,0.554220255366765,0.0036507
10.62,-0.367671167064332,-0.928092238877232,2.62399999976467,12.1912148585879,0.997971783772139,0.00106809107989559,0.200000000080211,-0.366806847614551,-0.930297122720917,2.62399999999973,12.1907963267938,0.248994800060055,0.475185326934376,0.545000000032972,0.0450365271882266,-1.81384988325257,2.72287030961495,0.552726256024051,0.0035718
10.64,-0.349020399586592,-0.935199677625413,2.62799999976639,12.2112111077557,0.997973144381788,0.00106164957517851,0.200000000092081,-0.348128786607304,-0.937446717384534,2.62799999999972,12.2107963267938,0.248994511864239,0.475185546287385,0.545000000032726,0.0450365567003414,-1.8281841882605,2.68560322855882,0.551232440905194,0.0035416
10.66,-0.330231267403636,-0.941932904524536,2.63199999976835,12.2312073545982,0.997974352185357,0.00105524531226762,0.200000000103862,-0.329311478727071,-0.944221345860319,2.63199999999972,12.2307963267938,0.248994175586587,0.475185793870147,0.545000000032374,0.0450365894944643,-1.84176967033216,2.64805932496275,0.549738226238132,0.0036353
10.68,-0.31131128057351,-0.948289226481571,2.63599999977054,12.2512036006541,0.997975407556119,0.00104888068557183,0.200000000115517,-0.310362450646108,-0.95061829838721,2.63599999999972,12.2507963267938,0.248993791647079,0.475186069403754,0.545000000031928,0.0450366255385358,-1.8546009449009,2.61025362166308,0.548243040035823,0.0035934
10.7,-0.292268001529069,-0.954266101087644,2.63999999977297,12.2711998474536,0.997976310927648,0.00104255805910616,0.200000000127011,-0.291289281722997,-0.956635016269488,2.63999999999972,12.2707963267938,0.24899336048176,0.475186372599896,0.545000000031381,0.0450366647993541,-1.86667292885993,2.57220124620968,0.546746322170289,0.0035839
10.72,-0.273109042055829,-0.959861137636224,2.64399999977562,12.2911960965181,0.997977062793247,0.00103627976571867,0.200000000138308,-0.272099600971003,-0.962269092900221,2.64399999999972,12.2907963267938,0.248992882542511,0.475186703161059,0.545000000030739,0.0450367072426028,-1.87798084259694,2.53391742481803,0.545247524439733,0.0035555
10.74,-0.253842060250007,-0.965072098080753,2.6479999997785,12.3111923493592,0.997977663705357,0.00103004810633636,0.200000000149374,-0.252801084006567,-0.967518274723877,2.64799999999972,12.3107963267938,0.248992358296797,0.475187060780736,0.545000000029999,0.0450367528328656,-1.88852021190742,2.49541747628177,0.543746110629123,0.0036795
10.76,-0.234474757457976,-0.969896897931302,2.6519999997816,12.3311886074785,0.997978114274943,0.00102386534923062,0.200000000160174,-0.233401449979165,-0.972380462137716,2.65199999999971,12.3307963267938,0.248991788227435,0.475187445143638,0.545000000029171,0.0450368015336671,-1.89828686978595,2.45671680584813,0.542241556564233,0.0035411
10.78,-0.215014875198357,-0.97433360708991,2.6559999997849,12.3511848723666,0.99797841517087,0.00101773372930199,0.200000000170676,-0.21390845848375,-0.976853710331599,2.65599999999971,12.3507963267938,0.248991172832339,0.475187855925874,0.54500000002825,0.0450368533074528,-1.9072769580947,2.4178308990588,0.540733350159337,0.0035741
10.8,-0.195470192067962,-0.978380450624261,2.65999999978842,12.3711811455033,0.997978567119254,0.00101165544738322,0.200000000180846,-0.194329906457015,-0.980936230065892,2.65999999999971,12.3707963267938,0.248990512624265,0.475188292795182,0.545000000027243,0.0450369081156545,-1.91548692910846,2.37877531555855,0.539220991458619,0.0036128
10.82,-0.175848520632842,-0.982035809479394,2.66399999979213,12.3911774283563,0.997978570902802,0.00100563266956298,0.200000000190653,-0.17467362505873,-0.984626388387134,2.66399999999971,12.3907963267938,0.24898980813056,0.475188755411126,0.545000000026148,0.0450369659186935,-1.92291354693571,2.33956568287416,0.537703992671465,0.004012
10.84,-0.156157704305661,-0.985298221127145,2.66799999979604,12.411173722381,0.997978427360128,0.00099966752652822,0.200000000200067,-0.154947476539371,-0.987922709281198,2.66799999999971,12.4107963267938,0.248989059892895,0.475189243425303,0.54500000002497,0.045037026676001,-1.9295538888149,2.30021769016614,0.536181878201784,0.0035915
10.86,-0.13640561421065,-0.988166380153074,2.67199999980013,12.4311700290201,0.99797813738506,0.000993762112925853,0.200000000209056,-0.135159351095336,-0.990823874263676,2.67199999999971,12.4307963267938,0.248988268467005,0.475189756481536,0.545000000023705,0.0450370903460361,-1.93540534628569,2.26074708195569,0.534654184671512,0.0035692
10.88,-0.1166001460374,-0.990639138780623,2.6759999998044,12.4511663497029,0.997977701925924,0.000987918486743597,0.200000000217589,-0.115317163712964,-0.993328722907258,2.6759999999997,12.4507963267938,0.248987434422413,0.475190294216107,0.545000000022365,0.0450371568863324,-1.94046562623454,2.22116965182949,0.533120460938316,0.0034297
10.9,-0.0967492168847322,-0.992715507332305,2.67999999980883,12.4711626858447,0.99797712198482,0.000982138668711014,0.200000000225641,-0.0954288510026483,-0.995436253305882,2.6799999999997,12.4707963267938,0.24898655834216,0.475190856257935,0.545000000020952,0.0450372262534853,-1.9447327518142,2.18150123612471,0.53158026810776,0.0034974
10.92,-0.0768607620959169,-0.994394654627724,2.68399999981342,12.4911590388466,0.997976398616876,0.000976424641718961,0.200000000233184,-0.0755023680242997,-0.997145622475491,2.6839999999997,12.4907963267938,0.248985640822529,0.475191442228808,0.545000000019469,0.0450372984032136,-1.94820506323682,2.14175770759692,0.530033179540051,0.0035356
10.94,-0.0569427320865053,-0.995675908318273,2.68799999981815,12.5111554100949,0.997975532929487,0.000970778350259229,0.200000000240193,-0.0555456851054264,-0.998456146691207,2.6879999999997,12.5107963267938,0.248984682472757,0.47519205174357,0.545000000017925,0.045037373290351,-1.95088121844033,2.10195496907328,0.528478780851503,0.0035225
10.96,-0.037003089166032,-0.996558755158368,2.69199999982302,12.5311518009605,0.997974526081545,0.000965201699882837,0.200000000246646,-0.0355667846531105,-0.999367301760817,2.6919999999997,12.5307963267938,0.248983683914752,0.475192684410337,0.545000000016317,0.0450374508688862,-1.95276019362774,2.06210894709361,0.526916669910796,0.0034995
10.98,-0.0170498043548649,-0.997042841213101,2.69599999982801,12.5511482127984,0.997973379282653,0.000959696556678221,0.20000000025252,-0.0155736579611511,-0.999878723234443,2.69599999999969,12.5507963267938,0.248982645782808,0.475193339830719,0.54500000001466,0.0450375310919825,-1.9538412836793,2.02223558554196,0.525346456830214,0.0034818
11,0.00290914580253096,-0.997127972002236,2.69999999983312,12.5711446469477,0.997972093792317,0.000954264746769258,0.200000000257798,0.00442569798634654,-0.999990206550314,2.69999999999969,12.5707963267938,0.248981568723305,0.475194017600004,0.54500000001296,0.0450376139120092,-1.95412410243716,1.98235083927102,0.523767763952069,0.0036426
11.02,0.0228657824266396,-0.996814112580468,2.70399999983832,12.5911411047303,0.997970670919141,0.000948908055831709,0.200000000262463,0.0244232837136579,-0.999701707116589,2.70399999999969,12.5907963267938,0.248980453394394,0.47519471730731,0.54500000001122,0.0450376992805473,-1.95360858286261,1.94247066772218,0.522180225830465,0.0034856
11.04,0.0428121274929795,-0.996101387553937,2.70799999984361,12.6111375874514,0.997969112019987,0.000943628228626822,0.200000000266502,0.044411100453123,-0.999013340329195,2.70799999999969,12.6107963267938,0.248979300465723,0.475195438535887,0.545000000009446,0.0450377871484343,-1.95229497706562,1.90261102854354,0.520583489208244,0.0034732
11.06,0.0627402070219518,-0.994990081032951,2.71199999984897,12.6311340963986,0.997967418499144,0.000938426968558272,0.200000000269903,0.0643811533445466,-0.99792538152567,2.71199999999969,12.6307963267938,0.248978110618122,0.475196180863277,0.545000000007649,0.0450378774657764,-1.9501838562069,1.86278787120864,0.518977212989713,0.003479
11.08,0.0826420542671777,-0.993480636520961,2.7159999998544,12.6511306328411,0.997965591807471,0.000933305937246268,0.200000000272657,0.0843254546330361,-0.99643826587503,2.71599999999969,12.6507963267938,0.248976884543287,0.475196943861525,0.545000000005845,0.0450379701819863,-1.9472761102723,1.82301713063823,0.517361068208953,0.003562
11.1,0.102509712901051,-0.99157365673982,2.71999999985987,12.6711271980302,0.99796363344153,0.000928266754121187,0.200000000274761,0.104236026863997,-0.994552588203705,2.71999999999968,12.6707963267938,0.248975622943477,0.47519772709736,0.545000000004035,0.0450380652457866,-1.94357294771974,1.78331472082788,0.515734737994049,0.0034028
11.12,0.122335240196231,-0.989269903391379,2.72399999986538,12.6911237931982,0.997961544942712,0.000923310996035333,0.200000000276213,0.124104906074006,-0.992269102757623,2.72399999999968,12.6907963267938,0.248974326531594,0.47519853013366,0.545000000002493,0.0450381626053939,-1.93907589499887,1.7436965284838,0.514097917525529,0.0033975
11.14,0.142110710201808,-0.986570296855526,2.72799999987092,12.711120419558,0.997959327896362,0.000918440196943667,0.200000000277111,0.143924144976296,-0.989588722900516,2.72799999999968,12.7107963267938,0.248972996029614,0.47519935252571,0.545000000000872,0.045038262207999,-1.93378679594346,1.70417840666943,0.512450313997683,0.003346
11.16,0.161828216912871,-0.983475915824785,2.73199999987646,12.7311170783034,0.99795698393085,0.000913655847443921,0.200000000277425,0.163685816139558,-0.986512520748589,2.73199999999968,12.7307963267938,0.248971632169526,0.475200193825422,0.544999999999198,0.0450383640005319,-1.92770781103694,1.66477616846546,0.510791646566205,0.0035082
11.18,0.181479877432198,-0.979987996875601,2.73599999988201,12.7511137706077,0.997954514716671,0.000908959394505596,0.200000000277136,0.183382015158813,-0.983041726741688,2.73599999999968,12.7507963267938,0.248970235693309,0.475201053581716,0.54499999999759,0.0450384679294359,-1.92084141655134,1.62550558064565,0.509121646295564,0.0033895
11.2,0.201057835122831,-0.976107933976497,2.73999999988754,12.7711104976244,0.997951921965559,0.000904352241215099,0.200000000276268,0.203004863817065,-0.979177729151138,2.73999999999968,12.7707963267938,0.248968807351411,0.475201931338027,0.544999999996058,0.0450385739403463,-1.91319040355983,1.58638235737112,0.507440056109087,0.00335
11.22,0.220554262750245,-0.971837277933276,2.74399999989305,12.7911072604861,0.997949207429534,0.000899835746430771,0.200000000274849,0.222546513236485,-0.974922073524456,2.74399999999967,12.7907963267938,0.248967347901389,0.475202826630582,0.544999999994443,0.0450386819781155,-1.9047578768235,1.54742215390555,0.505746630736652,0.0033373
11.24,0.239961365612879,-0.967177735771508,2.74799999989853,12.8111040603043,0.997946372899904,0.000895411224388336,0.200000000272849,0.241999147017857,-0.970276462067152,2.74799999999967,12.8107963267938,0.248965858110354,0.475203738994396,0.544999999992793,0.0450387919876281,-1.89554725355254,1.50864056035383,0.504041136641201,0.0033293
11.26,0.259271384659756,-0.962131170056522,2.75199999990396,12.8311008981693,0.997943420206364,0.000891079944561536,0.200000000270254,0.261354984367034,-0.965242752961868,2.75199999999967,12.8307963267938,0.248964338753346,0.475204667960606,0.544999999991152,0.0450389039131178,-1.88556226204259,1.47005309542667,0.502323351959978,0.003575
11.28,0.278476599593963,-0.956699598151188,2.75599999990933,12.8510977751499,0.997940351216039,0.000886843131413017,0.200000000267069,0.280606283207151,-0.959822959625131,2.75599999999967,12.8507963267938,0.248962790612989,0.475205613056659,0.544999999989535,0.0450390176983339,-1.87480694018654,1.43167520023362,0.500593066437388,0.0034103
11.3,0.297569331960737,-0.950885191411771,2.75999999991464,12.8710946922928,0.997937167832514,0.000882701964168076,0.200000000263302,0.299745343275352,-0.954019249902013,2.75999999999967,12.8707963267938,0.248961214479148,0.475206573806447,0.544999999987958,0.0450391332865738,-1.86328563386261,1.39352223210709,0.498850081354965,0.0033582
11.32,0.316541948218923,-0.944690274322175,2.76399999991986,12.8910916506223,0.99793387199486,0.000878657576605951,0.200000000258966,0.318764509202794,-0.947833945199021,2.76399999999966,12.8907963267938,0.248959611148206,0.475207549729823,0.544999999986375,0.0450392506206888,-1.85100299519913,1.35560945845966,0.497094209460662,0.0033653
11.34,0.335386862794577,-0.938117323566929,2.76799999992499,12.9110886511405,0.997930465676636,0.000874711056842758,0.200000000254062,0.337656173576692,-0.941269519555566,2.76799999999966,12.9107963267938,0.248957981422775,0.47520854034286,0.544999999984738,0.045039369643136,-1.83796398071688,1.31795205067739,0.495325274893739,0.0035637
11.36,0.354096541115499,-0.931168967043263,2.77199999993001,12.9310856948263,0.99792695088488,0.000870863447137315,0.200000000248567,0.35641277998318,-0.934328598654382,2.77199999999966,12.9307963267938,0.248956326113563,0.475209545161949,0.544999999983125,0.0450394902963082,-1.82417384934965,1.28056507805129,0.493543113095078,0.0034168
11.38,0.372663502625456,-0.923847982812692,2.77599999993492,12.9510827826359,0.99792332965919,0.000867115743872208,0.200000000242492,0.375026826029782,-0.927013958771285,2.77599999999966,12.9507963267938,0.248954476713041,0.475209953093647,0.544999893023988,0.0450395594318568,-1.80963816034381,1.2434635017496,0.491747797631437,0.0030617
11.4,0.391080323812135,-0.916157298254664,2.77999999955466,12.9710799143617,0.997919597083711,0.000863444558058907,0.199999961731127,0.393490866346264,-0.9193285256647,2.77999999999966,12.9707963267938,0.248952821869907,0.475211144786586,0.544999952864644,0.0450397329993186,-1.79436277103727,1.20666216882969,0.489938671329334,0.0030376
11.42,0.409339641140361,-0.908099988563104,2.7839999986196,12.9910770909887,0.997915763873156,0.000859883196870438,0.199999944762399,0.411797515562681,-0.9112753734054,2.78399999999966,12.9907963267938,0.248951136416905,0.47521232884512,0.544999992506715,0.0450398663618183,-1.77835383451827,1.17017580628952,0.488115897857978,0.0029185
11.44,0.427434153957254,-0.899679275268842,2.78799999748787,13.0110743147139,0.997911831980222,0.000856430268516439,0.199999942064817,0.429939451263433,-0.902857723146913,2.78799999999965,13.0107963267938,0.248949421467144,0.475213503933744,0.545000017054252,0.0450399941209092,-1.76161779716881,1.13401901519062,0.486279357638363,0.0033256
11.46,0.445356627452856,-0.890898525296755,2.79199999639056,13.0310715865699,0.997907803367231,0.00085308545401108,0.199999948204348,0.447909416916129,-0.89407894183711,2.79199999999965,13.0307963267938,0.248947676923039,0.475214666713206,0.545000030296532,0.0450401217700479,-1.74416139608987,1.09820626482106,0.484428950446565,0.0029804
11.48,0.463099895556476,-0.881761249622871,2.79599999546371,13.0510689073723,0.997903679967399,0.000849848473984338,0.199999959111099,0.465700224774104,-0.884942540871466,2.79599999999965,13.0507963267938,0.248945903862516,0.475215815500169,0.545000034908412,0.0450402501759849,-1.72599165640964,1.06275188690629,0.482564579064205,0.0029552
11.5,0.48065686380589,-0.872271101873849,2.79999999477161,13.0710662778728,0.997899463731645,0.000846719005431598,0.199999971678128,0.483304758751424,-0.87545217468855,2.79999999999965,13.0707963267938,0.248944104848077,0.475216952491679,0.545000033560397,0.0450403796235041,-1.7071158884765,1.02767006987496,0.48068614962387,0.0029488
11.52,0.498020512187917,-0.862431876866708,2.80399999432599,13.0910636987898,0.997895156687928,0.000843696813469982,0.19999998375987,0.500715977269219,-0.865611639308298,2.80399999999965,13.0907963267938,0.248942283949431,0.475218086486641,0.545000029972954,0.045040510629078,-1.68754168493775,0.992974853181884,0.478793573660781,0.0029814
11.54,0.515183897948053,-0.852247509087578,2.80799999410909,13.1110611708286,0.99789076100478,0.000840782004571741,0.199999994550134,0.517926916072231,-0.855424870813657,2.80799999999965,13.1107963267938,0.248940442242324,0.475219217903434,0.545000024880385,0.0450406426738375,-1.66727691770535,0.958680121690617,0.47688678435949,0.0033279
11.56,0.532140158368751,-0.841722071115539,2.81199999408966,13.1310586946817,0.997886278873912,0.000837974670815497,0.200000003507072,0.534930691014414,-0.844895943776203,2.81199999999964,13.1307963267938,0.248938580957437,0.475220348132133,0.545000019021953,0.0450407756897209,-1.6463297348099,0.924799600118089,0.474965725346241,0.0030349
11.58,0.548882513516094,-0.830859771994474,2.81599999422828,13.1510562710185,0.997881712516398,0.000835274941105367,0.200000010354975,0.551720500812505,-0.834029069626368,2.81599999999964,13.1507963267938,0.248936700849913,0.475221477566795,0.545000012806191,0.0450409095005696,-1.62470855714417,0.891346847543252,0.473030353540817,0.0029259
11.6,0.565404268953238,-0.81966495555038,2.81999999448148,13.1710539004818,0.997877064163789,0.000832682941761998,0.200000014965204,0.568289629766446,-0.822828594968921,2.81999999999964,13.1707963267938,0.248934804018251,0.475222611356792,0.545000007518264,0.0450410446099124,-1.60242207509729,0.858335251981958,0.471080634247147,0.0029083
11.62,0.581698818419026,-0.808142098653239,2.82399999480785,13.1910515836975,0.997872336113363,0.00083019898508314,0.200000017671779,0.584631450445574,-0.811298999844389,2.82399999999964,13.1907963267938,0.24893289242421,0.47522375285664,0.545000003700702,0.0450411809996166,-1.57947924508123,0.825778025030253,0.469116538999023,0.0029859
11.64,0.597759646470876,-0.796295809424424,2.82799999517461,13.2110493212867,0.997867530724804,0.000827823479920085,0.200000019004032,0.600739426339505,-0.799444895937094,2.82799999999964,13.2107963267938,0.248930966928924,0.475224901574054,0.545000000994554,0.0450413182547923,-1.55588928595081,0.793688196578294,0.467138052278305,0.0031081
11.66,0.613580331092156,-0.784130825393851,2.83199999555827,13.2310471138564,0.997862650376133,0.000825556777938468,0.200000019362071,0.616607114472653,-0.787271024730548,2.83199999999963,13.2307963267938,0.248929028394263,0.475226057011504,0.544999999123306,0.0450414562565852,-1.53166167531865,0.762078609596987,0.465145168484938,0.0029918
11.68,0.629154546262761,-0.771652011606907,2.83599999594236,13.2510449619898,0.997857697462522,0.000823399183280087,0.200000019046461,0.63222816798133,-0.774782255610916,2.83599999999963,13.2507963267938,0.248927077682833,0.475227218670596,0.544999997874576,0.0450415949353018,-1.50680614576658,0.730961914999338,0.463137891832413,0.0029073
11.7,0.644476064491362,-0.758864358680285,2.83999999631563,13.2710428662448,0.997852674395234,0.000821350954267272,0.200000018281308,0.647596338652412,-0.761983583919332,2.83999999999963,13.2707963267938,0.248925115421436,0.475228385257423,0.54499999693837,0.0450417341414414,-1.48133268095509,0.700350566578544,0.461116236944751,0.0029895
11.72,0.659538759308462,-0.74577298080783,2.84399999667024,13.2910408271515,0.997847583590843,0.000819412272499944,0.200000017179121,0.662705479422534,-0.748880128953825,2.84399999999963,13.2907963267938,0.248923140175336,0.475229547537176,0.544999994582583,0.0450418729473505,-1.45525151163209,0.670256816024864,0.459080230688458,0.0029932
11.74,0.674336607720879,-0.732383113720192,2.84799999699432,13.311038845192,0.997842427384441,0.000817582932320433,0.200000015228851,0.677549546836842,-0.735477131921673,2.84799999999963,13.3107963267938,0.248921153296996,0.475230704971882,0.544999991280274,0.0450420120729242,-1.42857311154288,0.640692708023194,0.457029900811887,0.0029861
11.76,0.688863692625144,-0.718700112595172,2.8519999972675,13.3310369208009,0.997837208137452,0.00081586270745534,0.20000001208975,0.692122603466289,-0.721779953842982,2.85199999999963,13.3307963267938,0.248919155241732,0.475231854941563,0.544999987103442,0.0450421513669804,-1.40130819324265,0.611670075433204,0.454965289825445,0.0029183
11.78,0.703114205177488,-0.704729449917493,2.85599999746287,13.351035054382,0.997831928200175,0.000814251247844414,0.200000007446989,0.706418820282528,-0.707794073406359,2.85599999999962,13.3507963267938,0.248917146682199,0.475232996257996,0.544999982409521,0.0450422908354315,-1.37346770381338,0.5832005345541,0.452886449579059,0.0029717
11.8,0.717082447120609,-0.690476713291859,2.85999999754849,13.3710332463076,0.997826589918699,0.00081274814072238,0.200000001114416,0.720432478989445,-0.693525084777501,2.85999999999962,13.3707963267938,0.248915124948359,0.475234118671941,0.544999975344938,0.0450424297050994,-1.34506282048674,0.555295480475935,0.450793451251437,0.003059
11.82,0.730762833067786,-0.675947603212918,2.86399999748202,13.3910314969055,0.99782119549696,0.000811352546979567,0.199999992238594,0.734157974310404,-0.67897869536161,2.86399999999962,13.3907963267938,0.248913088663909,0.475235218733567,0.544999966430906,0.0450425681694646,-1.31610494617484,0.527966082519273,0.448686371284561,0.0031773
11.84,0.744149892742284,-0.661147930790986,2.86799999720594,13.4110298064511,0.997815747044201,0.000810063498939282,0.19999998015372,0.747589816230282,-0.664160723520503,2.86799999999962,13.4107963267938,0.248911039418798,0.475236300258272,0.544999957059041,0.0450427065660377,-1.28660570491042,0.501223279764919,0.446565283016813,0.0030658
11.86,0.757238273167872,-0.64608361542801,2.87199999665443,13.4310281751839,0.99781024669433,0.000808880189854633,0.199999964694975,0.760722632191398,-0.649077096245346,2.87199999999962,13.4307963267938,0.248908978993891,0.475237366592546,0.544999947842155,0.0450428447949501,-1.25657693719852,0.475077776675601,0.444430267788255,0.0029684
11.88,0.770022740811125,-0.630760682447329,2.87599999576056,13.4510266033153,0.997804696616149,0.00080780194417912,0.199999945918151,0.773551169242471,-0.633733846785936,2.87599999999961,13.4507963267938,0.248907116244734,0.475239151796285,0.545000067058834,0.0450430463141137,-1.22603069528144,0.44954003881157,0.442281233516604,0.0033781
11.9,0.782498183489676,-0.615185260424684,2.87999999492033,13.4710250923926,0.9977991075538,0.000806857342132466,0.199999970059331,0.786070296139725,-0.618137112237484,2.87999999999961,13.4707963267938,0.248905089151659,0.475240347158717,0.545000048043854,0.0450431551033864,-1.19497923832142,0.42462028864528,0.440118615508958,0.0034093
11.92,0.794659612561623,-0.599363578944941,2.88399999449448,13.4910236431391,0.99779347575106,0.000806020742243866,0.199999987355119,0.79827500539932,-0.602293131085855,2.88399999999961,13.4907963267938,0.248903060026395,0.475241542303649,0.545000033707395,0.0450432916879191,-1.16343502750616,0.400328501480817,0.437942382083601,0.0036831
11.94,0.806502165107417,-0.583301966360682,2.88799999436293,13.5110222548797,0.997787803709296,0.000805292771887451,0.199999999489781,0.81016041530028,-0.586208240712259,2.88799999999961,13.5107963267938,0.248901029741703,0.475242737155689,0.545000022970441,0.0450434328306068,-1.13141072106018,0.376674401453748,0.435752655077136,0.0035054
11.96,0.818021105727787,-0.567006847052676,2.89199999443542,13.531020927679,0.997782093943087,0.000804673266053103,0.20000000775914,0.821721771837115,-0.569888874858384,2.89199999999961,13.5307963267938,0.248898999139914,0.47524393130544,0.54500001499456,0.0450435745906606,-1.09891916918076,0.353667457636473,0.433549564596053,0.0034115
11.98,0.829211828440252,-0.550484738860525,2.89599999464458,13.5510196617032,0.997776348970359,0.000804161892744961,0.200000013157181,0.832954450621358,-0.553341561052983,2.89599999999961,13.5507963267938,0.248896969053339,0.475245124290484,0.545000009128966,0.0450437162701923,-1.06597340889907,0.331316880248358,0.431333248906376,0.0034489
12,0.840069858523948,-0.533742250475977,2.89999999494059,13.5710184571141,0.99777057130985,0.000803758257838248,0.200000016443609,0.843853958731264,-0.536572918000949,2.8999999999996,13.5707963267938,0.248894940309067,0.475246315641978,0.545000004869544,0.0450438577071658,-1.03258665886639,0.30963161696939,0.429103854309819,0.0036693
12.02,0.85059085431195,-0.516786078799819,2.90399999528699,13.591017314051,0.997764763479862,0.000803461922703692,0.200000018196645,0.854415936508914,-0.519589652935925,2.9039999999996,13.5907963267938,0.248892913729176,0.475247504892082,0.545000001826658,0.0450439988283784,-0.998772314067669,0.288620349358838,0.426861535026843,0.0033874
12.04,0.860770608930395,-0.499623006263402,2.9079999956575,13.6110162326281,0.997758927997216,0.000803272407421805,0.200000018854242,0.86463615930402,-0.502398558937496,2.9079999999996,13.6107963267938,0.248890890133172,0.475248691581432,0.54499999970023,0.0450441395763099,-0.964543940464354,0.26829148938034,0.424606453073754,0.003442
12.06,0.870605051983673,-0.482259898115846,2.9119999960335,13.6310152129342,0.997753067376356,0.000803189191870265,0.200000018746325,0.874510539163733,-0.485006512214051,2.9119999999996,13.6307963267938,0.248888870330573,0.475249875244457,0.544999998258936,0.0450442798948943,-0.92991526956882,0.248653176034826,0.422338778160853,0.0034282
12.08,0.880090251185037,-0.464703699678024,2.91599999640216,13.6510142550328,0.997747184128173,0.000803211715819622,0.200000018119541,0.884035126467765,-0.467420469352386,2.9159999999996,13.6507963267938,0.248886855126844,0.475251055423028,0.544999997325849,0.0450444197299745,-0.894900192952433,0.22971327210262,0.420058687559211,0.0034058
12.1,0.889222413931953,-0.446961433564424,2.91999999675493,13.6710133589619,0.997741280759093,0.000803339379551679,0.200000017156847,0.893206111508188,-0.449647464535171,2.9199999999996,13.6707963267938,0.248884845321272,0.47525223166248,0.544999996765701,0.0450445590277367,-0.859512756689498,0.211479360996024,0.417766365986258,0.0036051
12.12,0.897997888825565,-0.429040196873988,2.92399999708642,13.6910125247344,0.997735359770086,0.000803571544287212,0.2000000159925,0.902019826013263,-0.43169460672736,2.92399999999959,13.6907963267938,0.248882841706254,0.475253403510731,0.544999996475376,0.0450446977347547,-0.823767155739325,0.193958743723658,0.415462005486814,0.0035233
12.14,0.906413167133672,-0.410947158351073,2.92799999739358,13.711011752338,0.99772942365568,0.000803907532590183,0.200000014723635,0.910472744614703,-0.41356907683271,2.92799999999959,13.7107963267938,0.248880845067703,0.475254570520911,0.544999996377086,0.0450448357983369,-0.787677728268622,0.177158435967764,0.413145805311864,0.0036423
12.16,0.91446488419661,-0.392689555517651,2.93199999767501,13.7310110417355,0.997723474902999,0.000804346628887,0.200000013419386,0.918561486257772,-0.395278124821508,2.93199999999959,13.7307963267938,0.248878856184426,0.475255732250595,0.544999996412361,0.0450449731663065,-0.751258949916528,0.161085165275652,0.410817971798566,0.0034912
12.18,0.922149820775483,-0.374274691777904,2.93599999793048,13.7510103928651,0.997717515990799,0.000804888079956289,0.200000012127836,0.926282815553661,-0.376829066830681,2.93599999999959,13.7507963267938,0.248876875827755,0.475256888261787,0.54499999653752,0.0450451097870194,-0.714525428004548,0.145745368366411,0.408478718249107,0.0044679
12.2,0.929464904342206,-0.355709933496373,2.93999999816057,13.7710098056402,0.997711549388513,0.000805531095426027,0.200000010881344,0.9336336440736,-0.358229282237443,2.93999999999959,13.7707963267938,0.248874904761289,0.475258038121224,0.544999996720236,0.0450452456094359,-0.677491895693732,0.131145188553975,0.406128264808851,0.0041793
12.22,0.936407210310823,-0.337002707050839,2.94399999836639,13.7910092799498,0.997705577555299,0.000806274848290118,0.200000009700629,0.940611031584193,-0.339486210707636,2.94399999999958,13.7907963267938,0.248872943740601,0.475259181400555,0.544999996936878,0.0450453805831193,-0.640173206091415,0.117290473287566,0.403766838343954,0.004127
12.24,0.94297396320962,-0.318160495861101,2.94799999854938,13.8110088156588,0.997699602939099,0.000807118475438002,0.200000008597905,0.947212187223465,-0.320607349219969,2.94799999999958,13.8107963267938,0.248870993512944,0.475260317676446,0.544999997170377,0.0450455146582431,-0.602584326309893,0.104186771810512,0.401394672318371,0.0038552
12.26,0.949162537793559,-0.299190837394853,2.95199999871115,13.8310084126077,0.997693627975707,0.000808061078195084,0.20000000757924,0.953434470617175,-0.301600249067321,2.95199999999958,13.8307963267938,0.248869054816963,0.47526144653074,0.544999997408651,0.0450456477856331,-0.564740331479406,0.0918393329383728,0.399012006670161,0.0036314
12.28,0.954970460096567,-0.280101320151852,2.95599999885341,13.8510080706136,0.997687655087845,0.00080910172287524,0.200000006646355,0.959275392934928,-0.282472512836329,2.95599999999958,13.8507963267938,0.248867128382416,0.475262567550562,0.54499999764334,0.0450457799167633,-0.526656398717824,0.0802531029572726,0.396619087687245,0.0035345
12.3,0.960395408423286,-0.260899580627599,2.95999999897785,13.8710077894696,0.997681686684246,0.000810239441343341,0.200000005797957,0.964732617885674,-0.263231791366452,2.95999999999958,13.8707963267938,0.248865214929905,0.475263680328433,0.544999997868874,0.0450459110037711,-0.488347801059448,0.0694327236432759,0.394216167882421,0.0035644
12.32,0.965435214279857,-0.241593300257727,2.96399999908614,13.8910075689454,0.997675725158751,0.000811473231588132,0.200000005030751,0.969803962652197,-0.243885780689739,2.96399999999958,13.8907963267938,0.248863315170609,0.475264784462391,0.544999998081736,0.0450460409994798,-0.449829901345366,0.0593825304036085,0.391803505867751,0.0034264
12.34,0.970087863243374,-0.222190202344345,2.96799999917984,13.9110074087875,0.997669772889412,0.000812802058305665,0.200000004340176,0.974487398764205,-0.224442218952517,2.96799999999957,13.9107963267938,0.248861429806023,0.4752658795561,0.54499999827991,0.0450461698574204,-0.411118146077795,0.050106550540467,0.389381366228221,0.0034397
12.36,0.974351495769659,-0.202698048965549,2.97199999926045,13.9310073087196,0.997663832237608,0.000814224853492106,0.200000003720944,0.9787810529097,-0.204908883320237,2.97199999999957,13.9307963267938,0.248859559527705,0.475266965218938,0.544999998462444,0.0450462975318248,-0.372228059240885,0.0416085016381155,0.386950019394709,0.0034095
12.38,0.978224407939027,-0.183124637869355,2.97599999932934,13.9510072684424,0.99765790554717,0.000815740517045561,0.200000003167424,0.98268320768427,-0.185293586866711,2.97599999999957,13.9507963267938,0.248857705017036,0.475268041066118,0.544999998629162,0.0450464239776624,-0.333175236090444,0.0338917900739177,0.384509741516222,0.0034561
12.4,0.98170505213975,-0.163477799353287,2.97999999938775,13.9710072876342,0.997651995143515,0.000817347917377785,0.200000002673922,0.986192302278034,-0.165604175448986,2.97999999999957,13.9707963267938,0.248855866944976,0.475269106718772,0.544999998780399,0.0450465491506425,-0.293975336915084,0.0269595096539025,0.382060814331376,0.0037181
12.42,0.984792037688919,-0.143765393130878,2.98399999943684,13.991007365951,0.997646103332799,0.000819045892033924,0.200000002234866,0.989306933099943,-0.145848524569107,2.98399999999957,13.9907963267938,0.248854045971835,0.475270161804065,0.54499999891685,0.0450466730072285,-0.254644080771272,0.0208144403734122,0.379603525039126,0.00344
12.44,0.987484131390492,-0.123995305186338,2.98799999947764,14.011007503027,0.99764023240107,0.000820833248321864,0.200000001844932,0.992025854339194,-0.126034536224022,2.98799999999957,14.0107963267938,0.24885224274705,0.475271205955287,0.544999999039397,0.0450467955046564,-0.215197239194811,0.0154590473033314,0.377138166168716,0.0034033
12.46,0.989780258030266,-0.104175444618649,2.99199999951108,14.0310076984745,0.997634384613445,0.000822708763949567,0.200000001499115,0.994347978463544,-0.106170135744885,2.99199999999956,14.0307963267938,0.248850457908964,0.475272238811965,0.544999999149059,0.0450469166009492,-0.175650629891255,0.0108954796023449,0.374665035448825,0.003388
12.48,0.99167950080759,-0.0843137404763516,2.995999999538,14.0510079518843,0.997628562213291,0.000824671187671231,0.200000001192776,0.996272376654305,-0.0862632686270328,2.99599999999956,14.0507963267938,0.248848692084623,0.475273260019947,0.5449999992469,0.0450470362549197,-0.136020110407785,0.00712556965562216,0.37218443567591,0.0033978
12.5,0.993181101703646,-0.0644181385842995,2.99999999955914,14.0710082628263,0.99762276742142,0.000826719239940989,0.20000000092166,0.997798279177859,-0.0663218973518913,2.99999999999956,14.0707963267938,0.248846945889569,0.475274269231513,0.544999999333984,0.0450471544261928,-0.096321571789095,0.00415083234027518,0.369696674581715,0.003388
12.52,0.994284461786143,-0.0444965983636404,3.00399999957517,14.0910086308493,0.997617002435305,0.000828851613575265,0.200000000681894,0.998925075693541,-0.0463539982020891,3.00399999999956,14.0907963267938,0.248845219927645,0.475275266105477,0.544999999411357,0.0450472710752114,-0.0565709322198113,0.00197246441788597,0.367202064699947,0.0034021
12.54,0.9949891414503,-0.024557089646313,3.00799999958669,14.1110090554816,0.997611269428293,0.000831066974422768,0.200000000469983,0.999652315497769,-0.0263675580710509,3.00799999999956,14.1107963267938,0.248843514790822,0.475276250307355,0.544999999480005,0.045047386163262,-0.0167841306559977,0.000591344054348669,0.36470092323209,0.0033411
12.56,0.995294860596018,-0.0046075894853284,3.01199999959422,14.1310095362314,0.997605570548852,0.000833363962044904,0.200000000282785,0.999979707704317,-0.00637057126834693,3.01199999999956,14.1307963267938,0.248841831059036,0.475277221509544,0.544999999540887,0.0450474996524703,0.0230228795517002,8.03046722033906e-06,0.362193571912344,0.0034506
12.58,0.995201498741183,0.0153439210378819,3.01599999959822,14.1510100725867,0.997599907919817,0.000835741190406765,0.200000000117504,0.999907121360668,0.0136289636779247,3.01599999999955,14.1507963267938,0.248840169299889,0.475278179390747,0.544999999594794,0.0450476115057842,0.0628341370407212,0.000222763700723487,0.359680336871717,0.0034884
12.6,0.99470909507103,0.0352894600077711,3.01999999959911,14.1710106640159,0.997594283637651,0.00083819724854796,0.19999999997163,0.999434585500392,0.0336230472204425,3.01999999999955,14.1707963267938,0.248838530068636,0.475279123636881,0.544999999642513,0.0450477216870485,0.102633678822509,0.00123546452849196,0.357161548501174,0.0033952
12.62,0.993817848423565,0.0552210478693546,3.02399999959726,14.1910113099683,0.99758869977173,0.000840730701294192,0.199999999842935,0.998562289131532,0.0536036819923736,3.02399999999955,14.1907963267938,0.248836913879332,0.475280053866571,0.544999999677885,0.045047830155714,0.142405546669126,0.00304573448410078,0.354637541316011,0.0034084
12.64,0.992528117211077,0.0751307106219692,3.02799999959296,14.2110120098739,0.997583158362464,0.000843340086978339,0.199999999726973,0.997290581161006,0.073562876006214,3.02799999999955,14.2107963267938,0.248835321267467,0.475280969794609,0.544999999705229,0.0450479368819239,0.18213379349801,0.00565285601936906,0.352108653811656,0.003344
12.66,0.990840419277727,0.0950104830108459,3.03199999958644,14.2310127631439,0.997577661421958,0.000846023921912375,0.199999999620856,0.995619970255045,0.0934926458504775,3.03199999999955,14.2307963267938,0.248833752774938,0.475281871192406,0.54499999973213,0.0450480418365995,0.221802489752308,0.00905579279037364,0.34957522832688,0.0034568
12.68,0.988755431693219,0.114852411715232,3.03599999957789,14.2510135691715,0.997572210934132,0.000848780702955818,0.199999999524422,0.993551124635738,0.113385019882953,3.03599999999954,14.2507963267938,0.24883220890614,0.475282757774831,0.544999999758083,0.0450481449840839,0.26139572977424,0.013253190071061,0.347037610906371,0.0039348
12.7,0.986273990482711,0.134648558531758,3.03999999956751,14.2710144273318,0.997566808853108,0.000851608905520705,0.199999999437332,0.991084871813749,0.133232041419255,3.03999999999954,14.2707963267938,0.248830690152317,0.475283629264069,0.544999999782766,0.0450482462921854,0.300897638168928,0.0182433752942931,0.344496151157088,0.0034958
12.72,0.983397090293073,0.154391003551773,3.04399999955547,14.2910153369825,0.997561457102556,0.000854506984382255,0.199999999359128,0.988222198257322,0.153025771915394,3.04399999999954,14.2907963267938,0.24882919699145,0.475284485389736,0.544999999805987,0.0450483457300478,0.340292376156154,0.024024358720112,0.34195120210593,0.003692
12.74,0.980125883995618,0.174071848331381,3.04799999954196,14.3110162974639,0.99755615757507,0.000857473374425973,0.199999999289283,0.984964248997713,0.172758294143083,3.04799999999954,14.3107963267938,0.248827729888132,0.475285325888971,0.544999999827652,0.0450484432678201,0.379564147907493,0.0305938342309554,0.339403120056482,0.0037079
12.76,0.976461682225454,0.193683219052897,3.05199999952712,14.3310173080995,0.997550912131554,0.000860506491388543,0.199999999227238,0.981312327171186,0.192421715356528,3.05199999999954,14.3307963267938,0.248826289293467,0.475286150506505,0.544999999847738,0.0450485388765839,0.41869720686629,0.0379491802535069,0.336852264444829,0.0035278
12.78,0.972405952857646,0.213217269676478,3.05599999951112,14.3510183681963,0.997545722600627,0.000863604732600957,0.199999999172423,0.97726789349778,0.212008170449419,3.05599999999954,14.3507963267938,0.248824875644965,0.475286958994765,0.544999999866275,0.0450486325283755,0.457675862047944,0.0460874608068116,0.334298997694452,0.0035952
12.8,0.967960320420388,0.232666185080636,3.05999999949409,14.371019477045,0.997540590778044,0.000866766477736931,0.199999999124282,0.972832565697039,0.231509825100869,3.05999999999953,14.3707963267938,0.248823489366443,0.475287751113935,0.544999999883311,0.0450487241961779,0.496484484317981,0.0550054266762398,0.331743685070223,0.0035366
12.82,0.963126565445439,0.252022184190397,3.06399999947615,14.3910206339206,0.997535518426132,0.000869990089564396,0.199999999082274,0.968008117840947,0.250918878909034,3.06399999999953,14.3907963267938,0.248822130867943,0.475288526632029,0.544999999898925,0.0450488138539219,0.535107512645395,0.064699516712827,0.329186694531451,0.0039946
12.84,0.957906623756055,0.271277523091834,3.06799999945743,14.4110218380829,0.997530507273247,0.000873273914701025,0.199999999045888,0.962796479644322,0.270227568511177,3.06799999999953,14.4107963267938,0.248820800545649,0.475289285324962,0.544999999913211,0.0450489014765021,0.573529460328756,0.0751658592574731,0.326628396584062,0.0038074
12.86,0.95230258569273,0.29042449813174,3.07199999943804,14.4310230887763,0.997525559013244,0.000876616284373169,0.199999999014643,0.957199735692954,0.289428170688902,3.07199999999953,14.4307963267938,0.248819498781805,0.475290026976607,0.544999999926265,0.0450489870397712,0.611734921192597,0.0864002736894291,0.324069164131887,0.003552
12.88,0.946316695277042,0.309455449001185,3.07599999941806,14.4510243852309,0.997520675304969,0.000880015515177476,0.199999998988099,0.951220124609801,0.308513005457342,3.07599999999953,14.4507963267938,0.248818225944659,0.475290751378878,0.544999999938167,0.0450490705205621,0.649708575751579,0.0983982720984528,0.321509372327056,0.0034897
12.9,0.939951349313938,0.328362761801726,3.0799999993976,14.4710257266625,0.997515857771765,0.000883469909846179,0.199999998965839,0.94486003815957,0.327474439137052,3.07999999999953,14.4707963267938,0.24881698238839,0.475291458331753,0.544999999949026,0.0450491518966618,0.687435197339989,0.111155061079964,0.318949398419567,0.0035172
12.92,0.933209096432819,0.347138872093038,3.08399999937674,14.4910271122729,0.997511108000995,0.000886977758013161,0.199999998947488,0.938122020292041,0.346304887407374,3.08399999999952,14.4907963267938,0.248815768453057,0.475292147643358,0.544999999958933,0.0450492311468561,0.724899658204101,0.124665543652482,0.316389621605987,0.0035468
12.94,0.926092636067818,0.36577626792075,3.08799999935554,14.5110285412507,0.997506427543588,0.0008905373369834,0.199999998932704,0.931008766124522,0.36499681834007,3.08799999999952,14.5107963267938,0.248814584464553,0.475292819129993,0.544999999967968,0.0450493082508902,0.762086935554957,0.13892432129657,0.313830422877326,0.0034792
12.96,0.918604817377669,0.384267492823261,3.09199999933408,14.5310300127712,0.997501817913596,0.000894146912503055,0.199999998921173,0.923523120863837,0.38354275541199,3.09199999999952,14.5307963267938,0.248813430734556,0.475293472616187,0.544999999976208,0.0450493831895067,0.798982117579159,0.15392569611449,0.311272184866166,0.0037638
12.98,0.910748638105604,0.402605148816334,3.09599999931242,14.5510315259974,0.997497280587775,0.000897804739531068,0.199999998912608,0.915668078668284,0.401935280495581,3.09599999999952,14.5507963267938,0.248812307560496,0.475294107934745,0.544999999983736,0.0450494559444317,0.835570409405245,0.169663673109674,0.308715291692952,0.0034839
13,0.902527243379736,0.420781899354283,3.09999999929061,14.5710330800798,0.997492817005183,0.000901509063011948,0.199999998906753,0.907446781450008,0.420167036826039,3.09999999999952,14.5707963267938,0.248811215225527,0.475294724926759,0.544999999990612,0.0450495264983726,0.871837139023282,0.186131962585126,0.306160128811603,0.0038813
13.02,0.893943924454412,0.438790472266538,3.10399999926871,14.5910346741572,0.997488428566789,0.000905258118648004,0.199999998903373,0.898862517618281,0.438230731943919,3.10399999999951,14.5907963267938,0.2488101539985,0.475295323441669,0.544999999996909,0.0450495948350332,0.907767763155275,0.203323982659779,0.30360708285436,0.0034611
13.04,0.885002117393032,0.456623662668445,3.10799999924677,14.611036307357,0.997484116635113,0.000909050133673013,0.19999999890226,0.88991872076418,0.456119140612021,3.10799999999951,14.6107963267938,0.24880912413394,0.47529590333727,0.545000000002669,0.045049660939106,0.943347873074076,0.221232861901801,0.301056541475999,0.0038438
13.06,0.875705401692877,0.474274335845103,3.11199999922482,14.6310379787957,0.997479882533872,0.000912883327624588,0.199999998903221,0.880618968287198,0.473825107705385,3.11199999999951,14.6307963267938,0.248808125872045,0.475296464479741,0.545000000007946,0.0450497247962749,0.978563200368426,0.239851442077805,0.29850889319734,0.0034638
13.08,0.866057498852475,0.491735430107096,3.11599999920291,14.6510396875791,0.997475727547656,0.000916755913116353,0.199999998906082,0.870966979964331,0.491341551073251,3.11599999999951,14.6507963267938,0.248807159438672,0.475297006743667,0.545000000012791,0.0450497863932172,1.01339962265186,0.259172281016844,0.295964527248216,0.0042041
13.1,0.856062270882111,0.508999959616981,3.11999999918108,14.671041432803,0.997471652921608,0.000920666096609163,0.199999998910687,0.860966616462216,0.508661464371821,3.11999999999951,14.6707963267938,0.248806225045335,0.475297530012051,0.545000000017247,0.0450498457176061,1.04784316921313,0.279187655588066,0.293423833409847,0.0035659
13.12,0.845723718758046,0.526061017185381,3.12399999915936,14.6910432135534,0.99746765986114,0.000924612079180797,0.199999998916896,0.850621877792918,0.525777919866706,3.12399999999951,14.6907963267938,0.24880532288922,0.475298034176313,0.545000000021341,0.0450499027580963,1.08188002660599,0.29988956479081,0.290887201856654,0.0034688
13.14,0.835045980821098,0.542911777035577,3.12799999913777,14.711045028907,0.997463749531649,0.000928592057293829,0.199999998924579,0.839936901713976,0.542684071203922,3.1279999999995,14.7107963267938,0.248804453153184,0.47529851913631,0.545000000025113,0.0450499575043414,1.11549654417596,0.321269732955933,0.288355022997633,0.0036806
13.16,0.824033331120189,0.559545497535486,3.13199999911635,14.7310468779317,0.997459923058268,0.00093260422356193,0.199999998933619,0.828915962073358,0.559373156148348,3.1319999999995,14.7307963267938,0.248803616005781,0.475298984800339,0.545000000028596,0.0450500099469908,1.14867923952194,0.343319613057065,0.285827687317289,0.0036329
13.18,0.812690177701565,0.575955523895924,3.13599999909513,14.7510487596869,0.997456181525625,0.000936646767513541,0.199999998943914,0.817563467099975,0.575838499288524,3.1359999999995,14.7507963267938,0.248802811601278,0.475299431085114,0.545000000031807,0.0450500600776673,1.18141480389057,0.366030390130475,0.283305585216168,0.00347
13.2,0.801021060844347,0.592135290834083,3.13999999907412,14.7710506732242,0.997452525977624,0.000940717876352293,0.199999998955364,0.805883957640453,0.59207351470673,3.1399999999995,14.7707963267938,0.248802040079686,0.475299857915786,0.545000000034777,0.0450501078889965,1.21369010750092,0.389392984802171,0.280789106851099,0.0034965
13.22,0.789030651243124,0.608078325201142,3.14399999905335,14.7910526175873,0.997448957417241,0.000944815735715433,0.199999998967884,0.793882105342851,0.608071708613261,3.1439999999995,14.7907963267938,0.248801301566795,0.475300265225908,0.54500000003753,0.0450501533745784,1.24549220479773,0.413398056920831,0.278278641975061,0.0034993
13.24,0.776723748138334,0.623778248572973,3.14799999903285,14.8110545918129,0.997445476806347,0.000948938530427666,0.199999998981395,0.781562710788065,0.623826681943861,3.1479999999995,14.8107963267938,0.248800596174209,0.475300652957436,0.545000000040078,0.045050196528995,1.27680833963071,0.438036009295102,0.275774579776961,0.0037784
13.26,0.764105277395162,0.639228779802893,3.15199999901262,14.8310565949311,0.99744208506554,0.000953084445252086,0.199999998995823,0.768930701569661,0.639332132919263,3.15199999999949,14.8307963267938,0.248799923999385,0.475301021060704,0.545000000042445,0.0450502373478141,1.30762595035821,0.463296991533769,0.273277308721066,0.0035498
13.28,0.751180289531745,0.654423737535435,3.15599999899269,14.8510586259656,0.997438783073999,0.000957251665636758,0.199999999011103,0.755991130322901,0.654581859565811,3.15599999999949,14.8507963267938,0.248799285125699,0.475301369494399,0.545000000044638,0.0450502758275676,1.33793267487289,0.489170903987261,0.270787216386557,0.0037288
13.3,0.73795395769746,0.669357042680149,3.15999999897307,14.8710606839342,0.997435571669358,0.000961438378456765,0.199999999027173,0.742749172703759,0.669569762196176,3.15999999999949,14.8707963267938,0.248798679622482,0.475301698225531,0.54500000004668,0.0450503119657646,1.36771635554756,0.515647401788911,0.268304689306823,0.0037426
13.32,0.724431575602119,0.684022720844421,3.16399999895378,14.8910627678494,0.997432451647596,0.000965642772751712,0.199999999043978,0.729210125318726,0.68428984584914,3.16399999999949,14.8907963267938,0.24879810754437,0.475302007226516,0.545000000048299,0.0450503457606169,1.39696504409923,0.54271589899435,0.265830112808871,0.003865
13.34,0.710618555396894,0.698414904724354,3.16799999893484,14.9110648767186,0.997429423762912,0.000969863040342997,0.199999999061365,0.715379403606237,0.698736222687507,3.16799999999949,14.9107963267938,0.248797568931452,0.47530229647542,0.545000000049082,0.0450503772112477,1.42566700636925,0.570365572817379,0.263363870852795,0.0039452
13.36,0.696520425507826,0.712527836452732,3.17199999891624,14.9310670095447,0.997426488727632,0.000974097376465171,0.199999999079035,0.70126253967057,0.712903114353158,3.17199999999948,14.9307963267938,0.248797063812077,0.475302565967049,0.545000000049539,0.0450504063186798,1.45381072701783,0.598585367960625,0.260906345871531,0.0037951
13.38,0.682142828422791,0.726355869903153,3.175999998898,14.9510691653264,0.997423647212226,0.000978343980837136,0.199999999096869,0.686865180069077,0.726784854278316,3.17599999999948,14.9507963267938,0.248796592200525,0.475302815703178,0.545000000049914,0.045050433084298,1.4813849141309,0.627364001039235,0.258457918610675,0.0035026
13.4,0.667491518432796,0.739893472949377,3.17999999888012,14.9710713430588,0.997420899845271,0.000982601058310845,0.199999999114838,0.672193083553637,0.740375889952099,3.17999999999948,14.9707963267938,0.248796154096965,0.475303045691984,0.545000000050241,0.0450504575102653,1.50837850373758,0.656689965095847,0.256018967968636,0.0036238
13.42,0.652572359328529,0.75313522967901,3.18399999886259,14.9910735417336,0.997418247213407,0.000986866819510106,0.199999999132924,0.65725211876723,0.753670785141448,3.18399999999948,14.9907963267938,0.248795749488025,0.475303255949978,0.545000000050534,0.0450504795998061,1.53478066423637,0.686551534205027,0.253589870837162,0.0035439
13.44,0.637391322053077,0.766075842560627,3.18799999884543,15.0110757603397,0.997415689861342,0.000991139481546806,0.199999999151117,0.642048261896561,0.76666422206555,3.18799999999948,15.0107963267938,0.248795378348082,0.475303446506858,0.545000000051303,0.0450504993575566,1.56058080072835,0.716936768165315,0.251171001942397,0.0035064
13.46,0.621954482311764,0.778710134563458,3.19199999882864,15.0310779978638,0.997413228291918,0.000995417268922247,0.199999999169586,0.626587594281662,0.779351003522879,3.19199999999948,15.0307963267938,0.248795040634868,0.475303617387234,0.545000000051696,0.0450505167875796,1.58576855925559,0.747833517277026,0.248762733686167,0.0036642
13.48,0.606268018140054,0.791033051228812,3.19599999881222,15.0510802532902,0.997410862966014,0.000999698413681334,0.199999999188196,0.61087629998344,0.791726054970008,3.19599999999947,15.0507963267938,0.248794736296309,0.475303768637895,0.545000000052417,0.0450505318968832,1.61033383094317,0.77922942720386,0.246365435988339,0.0036851
13.5,0.590338207430513,0.803039662692385,3.19999999879617,15.0710825256021,0.997408594302739,0.00100398115669325,0.199999999207066,0.594920663310133,0.803784426551356,3.19999999999947,15.0707963267938,0.248794465265851,0.475303900308409,0.545000000053493,0.0450505446921937,1.63426675604302,0.811111943916399,0.243979476129416,0.0040332
13.52,0.574171425419799,0.814725165656653,3.20399999878051,15.0910848137812,0.997406422679446,0.00100826374809365,0.199999999226324,0.578727066303671,0.815521295079066,3.20399999999947,15.0907963267938,0.248794227462963,0.475304012452665,0.545000000054634,0.0450505551810085,1.65755772787812,0.843468318715497,0.241605218594065,0.003779
13.54,0.557774142136719,0.826084885312567,3.20799999876523,15.1110871168087,0.997404348431786,0.00101254444781817,0.199999999245992,0.562301986186946,0.826931965962216,3.20799999999947,15.1107963267938,0.248794022793633,0.475304105130359,0.545000000055433,0.0450505633717931,1.68019739668532,0.876285613333558,0.23924302491543,0.0038323
13.56,0.541152919812343,0.837114277209769,3.21199999875035,15.1310894336653,0.997402371853788,0.00101682152619439,0.199999999265948,0.545651992773006,0.838011875084595,3.21199999999947,15.1307963267938,0.248793851153436,0.475304178418859,0.545000000056546,0.0450505692749521,1.70217667335536,0.90955070511165,0.236893253520628,0.0036597
13.58,0.524314410253248,0.84780892907459,3.21599999873587,15.1510917633321,0.997400493198072,0.00102109326499964,0.199999999286305,0.528783745837219,0.848756590630282,3.21599999999947,15.1507963267938,0.248793712423614,0.475304232396828,0.545000000057854,0.0450505729006221,1.72348673306854,0.943250292250387,0.234556259576774,0.0035833
13.6,0.507265352178912,0.858164562575093,3.2199999987218,15.1710941047904,0.997398712675926,0.00102535795782874,0.199999999307132,0.511703992453453,0.859161814856321,3.21999999999946,15.1707963267938,0.248793606472765,0.475304267150422,0.545000000059262,0.0450505742600982,1.74411901882464,0.977370899132478,0.232232394838477,0.003635
13.62,0.490012568524352,0.868177035032471,3.22399999870816,15.1910964570227,0.997397030457457,0.00102961391073638,0.199999999328466,0.494419564295334,0.869223385811757,3.22399999999946,15.1907963267938,0.24879353315704,0.475304282773542,0.54500000006074,0.0450505733656023,1.76406524486556,1.0118988817148,0.229922007496298,0.0035136
13.64,0.472562963709081,0.877842341078098,3.22799999869495,15.2110988190127,0.997395446671757,0.00103385944287639,0.199999999350332,0.47693737490367,0.878937279002358,3.22799999999946,15.2107963267938,0.248793492318569,0.475304279360828,0.545000000061649,0.045050570229609,1.78331739998945,1.04682043298785,0.227625442026499,0.0035779
13.66,0.454923520873476,0.887156614255582,3.23199999868218,15.2311011897458,0.997393961407017,0.00103809288685378,0.199999999372526,0.459264416921124,0.888299609000366,3.23199999999946,15.2307963267938,0.248793483790385,0.475304257026927,0.545000000062725,0.045050564866973,1.80186775075493,1.08212158850039,0.22534303904239,0.0054834
13.68,0.437101299083663,0.896116128567179,3.23599999866985,15.2511035682099,0.997392574710857,0.00104231258985706,0.199999999395107,0.441407759295253,0.897306630998611,3.23599999999946,15.2507963267938,0.248793507391793,0.475304215887132,0.545000000063896,0.0450505572920819,1.81970884457411,1.11778823194701,0.223075135146678,0.0035239
13.7,0.419103430506049,0.904717299963944,3.23999999865799,15.271105953395,0.997391286590471,0.0010465169139665,0.199999999418109,0.423374544451023,0.905954742308385,3.23999999999945,15.2707963267938,0.248793562930125,0.47530415606379,0.545000000065096,0.0450505475204177,1.83683351269322,1.15380610081651,0.220822062785604,0.0034481
13.72,0.40093711755263,0.912956687779024,3.24399999864658,15.2911083442944,0.997390097012859,0.00105070423674974,0.199999999441544,0.40517198543393,0.914240483800472,3.24399999999945,15.2907963267938,0.248793650200888,0.47530407768623,0.545000000066285,0.0450505355683246,1.85323487305963,1.1901607920987,0.218584150104631,0.0035698
13.74,0.382609629998212,0.920830996103528,3.24799999863565,15.3111107399045,0.99738900590507,0.00105487295184035,0.199999999465407,0.386807363024885,0.922160541288749,3.24799999999945,15.3107963267938,0.248793768987916,0.475303980890645,0.545000000067437,0.0450505214529372,1.8689063330741,1.22683776804738,0.216361720805772,0.0038065
13.76,0.364128302070719,0.928337075104425,3.2519999986252,15.3311131392256,0.99738801315446,0.00105902146950439,0.199999999489684,0.368288022827992,0.929711746855821,3.25199999999945,15.3307963267938,0.248793919063521,0.475303865820022,0.545000000068523,0.0450505051921857,1.88384159222716,1.26382236199719,0.214155094006784,0.0035041
13.78,0.34550052951574,0.935471922283927,3.25599999861524,15.3511155412621,0.997387118608967,0.00106314821719756,0.199999999514352,0.349621372332409,0.936891080120142,3.25599999999945,15.3507963267938,0.24879410018866,0.475303732624031,0.545000000069535,0.0450504868047738,1.89803464461869,1.3010997842321,0.21196458410207,0.0034812
13.8,0.326733766636489,0.942232683679879,3.25999999860578,15.3711179450228,0.997386322077399,0.00106725164011121,0.199999999539384,0.33081487794945,0.94369566944413,3.25999999999945,15.3707963267938,0.248794312113087,0.475303581458908,0.54500000007046,0.0450504663101558,1.91147978135939,1.33865512790294,0.20979050062574,0.0040477
13.82,0.307835523310389,0.948616655006662,3.26399999859682,15.3911203495215,0.997385623329735,0.00107133020170756,0.19999999956475,0.311876062026116,0.950122793082781,3.26399999999944,15.3907963267938,0.248794554575529,0.475303412487373,0.545000000071304,0.0450504437285403,1.92417159285361,1.3764733749919,0.207633148116527,0.0040075
13.84,0.288813361983441,0.954621282736148,3.26799999858837,15.4111227537772,0.997385022097445,0.00107538238424498,0.19999999959042,0.292812499836264,0.956169880272335,3.26799999999944,15.4107963267938,0.248794827304065,0.475303225879406,0.545000000072138,0.0450504190809563,1.93610497096218,1.41453940232139,0.205492825984881,0.0039524
13.86,0.269674894643611,0.960244165118298,3.27199999858044,15.4311251568145,0.997384518073824,0.0010794066893274,0.199999999616389,0.273631816550591,0.961834512258541,3.27199999999944,15.4307963267938,0.248795130015014,0.475303021806928,0.545000000072627,0.0450503923887096,1.94727511104477,1.45283798760495,0.203369828382266,0.0038377
13.88,0.250427779774439,0.96548305314098,3.27599999857303,15.451127557664,0.997384110914301,0.00108340163823252,0.199999999642535,0.254341684186674,0.967114423264133,3.27599999999944,15.4507963267938,0.248795462415762,0.475302800454387,0.545000000073123,0.0450503636746342,1.95767751388063,1.49135381553778,0.201264444072839,0.0039725
13.9,0.231079719290085,0.970335851428621,3.27999999856614,15.4711299553627,0.997383800236852,0.00108736577266899,0.19999999966886,0.234949818540259,0.972007501395107,3.27999999999944,15.4707963267938,0.248795824202621,0.475302562009314,0.545000000073594,0.045050332961665,1.96730798746724,1.53007148392444,0.199176956307346,0.0039
13.92,0.211638455453049,0.974800619079353,3.28399999855979,15.4911323489543,0.997383585622347,0.00109129765512531,0.199999999695353,0.21546397609905,0.976511789485451,3.28399999999943,15.4907963267938,0.248796215061744,0.475302306665148,0.545000000074027,0.0450503002735287,1.9761626486959,1.56897550984125,0.197107642699525,0.0038303
13.94,0.192111767775799,0.978875570440303,3.28799999855396,15.5111347374895,0.997383466614935,0.00109519586934224,0.199999999722003,0.195891950940216,0.980625485879984,3.28799999999943,15.5107963267938,0.248796634669315,0.475302034621148,0.545000000074425,0.0450502656346502,1.98423792490377,1.60805033583095,0.195056775105125,0.0035344
13.96,0.172507469907536,0.982559075820731,3.29199999854867,15.5311371200265,0.997383442722435,0.0010990590207717,0.199999999748796,0.176241571612863,0.984346945154997,3.29199999999943,15.5307963267938,0.248797082691725,0.475301746082269,0.545000000074743,0.0450502290701185,1.99153055530162,1.64728033612713,0.193024619503408,0.0036445
13.98,0.152833406507374,0.985849662142718,3.29599999854391,15.551139495631,0.997383513416753,0.0011028857370228,0.199999999775704,0.156520698006722,0.987674678776399,3.29599999999943,15.5507963267938,0.248797558785779,0.475301441259026,0.545000000075015,0.0450501906056527,1.99803759227688,1.68664982290596,0.191011435881513,0.0034684
14,0.133097450105143,0.988746013529173,3.2999999985397,15.5711418633772,0.997383678134297,0.00110667466829541,0.199999999802709,0.136737218208292,0.990607355695111,3.29999999999943,15.5707963267938,0.248798062598871,0.475301120367405,0.545000000075219,0.045050150267612,2.00375640257119,1.72614305256264,0.189017478121397,0.0034804
14.02,0.113307497951122,0.991246971828889,3.30399999853602,15.5911442223473,0.997383936276414,0.00111042448780337,0.199999999829788,0.116899045345717,0.993143802879468,3.30399999999943,15.5907963267938,0.248798593769191,0.47530078362871,0.545000000075358,0.0450501080829608,2.00868466833234,1.76574423201017,0.18704299388981,0.0034644
14.04,0.0934714688559198,0.993351537078476,3.30799999853289,15.6111465716325,0.997384287209834,0.00111413389218422,0.199999999856917,0.0970141144236372,0.995283005784413,3.30799999999942,15.6107963267938,0.248799151925917,0.475300431269468,0.545000000075434,0.0450500640792736,2.01282038803988,1.8054375249978,0.185088224531092,0.0035336
14.06,0.0735973000218023,0.995058867900961,3.3119999985303,15.6311489103329,0.997384730267128,0.00111780160189796,0.199999999884073,0.0770903791492916,0.997024108757308,3.31199999999942,15.6307963267938,0.248799736689038,0.475300063519752,0.545000000075302,0.0450500182845568,2.01616187730418,1.84520705844678,0.183153404962904,0.0035337
14.08,0.0536929438667148,0.996368281840918,3.31599999852825,15.6511512375582,0.997385264747156,0.0011214263615521,0.199999999911182,0.0571358087511441,0.998366415380178,3.31599999999942,15.6507963267938,0.2488003476706,0.475299680617268,0.545000000075117,0.0450499707277347,2.01870776953865,1.88503692880069,0.181238763575273,0.0034809
14.1,0.0337663648422823,0.997279255635986,3.31999999852674,15.6711535524275,0.997385889915581,0.00112500694038635,0.199999999938224,0.0371583847912965,0.99930938874827,3.31999999999942,15.6707963267938,0.248800984474007,0.475299282803603,0.54500000007489,0.0450499214380471,2.02045701650465,1.92491120838794,0.179344522132529,0.0035117
14.12,0.0138255362470575,0.997791425424664,3.32399999852578,15.6911558540701,0.997386605005341,0.0011285421325905,0.199999999965184,0.0171660979729706,0.999852651684811,3.32399999999942,15.6907963267938,0.248801646694429,0.475298870324877,0.545000000074625,0.0450498704452856,2.02140888872923,1.96481395179391,0.17747089567851,0.0034916
14.14,-0.00612156296370681,0.99790458689032,3.32799999852535,15.7111581416254,0.997387409217152,0.00113203075764799,0.199999999992049,-0.00283305505566648,0.999995986891869,3.32799999999942,15.7107963267938,0.248802333919048,0.475298443431794,0.545000000074323,0.0450498177797984,2.0215629757951,2.00472920224,0.175618092445159,0.0034184
14.16,-0.0260669513704824,0.997618695341341,3.33199999852546,15.7311604142437,0.997388301720017,0.00113547166067371,0.200000000018805,-0.0228310749000551,0.999739337037273,3.33199999999941,15.7307963267938,0.24880304572727,0.475298002379502,0.545000000073971,0.0450497634724315,2.02091918650316,2.04464099796731,0.173786313764242,0.0034434
14.18,-0.0460026482828108,0.996933865727409,3.3359999985261,15.7511626710858,0.997389281651746,0.00113886371273817,0.200000000045435,-0.0428199626188943,0.999082804777542,3.33599999999941,15.7507963267938,0.24880378169094,0.47529754742746,0.545000000073578,0.0450497075545292,2.01947774890712,2.08453337862217,0.171975753982723,0.0034397
14.2,-0.0659206769322886,0.995850372591884,3.33999999852727,15.7711649113238,0.997390348119489,0.0011422058111794,0.200000000071923,-0.0627917229236113,0.998026652716826,3.33999999999941,15.7707963267938,0.248804541374554,0.475297078839312,0.545000000073142,0.0450496500579187,2.01723921022052,2.124390391641,0.170186600381386,0.0034215
14.22,-0.0858130676639178,0.99436864996033,3.34399999852897,15.7911671341413,0.99739150020027,0.00114549687990233,0.200000000098254,-0.082738367376371,0.996571303301869,3.34399999999941,15.7907963267938,0.248805324335477,0.475296596882757,0.545000000072664,0.0450495910148831,2.01420443659601,2.1641960986321,0.168419033097035,0.003913
14.24,-0.105671861124541,0.992489291165226,3.3479999985312,15.8111693387334,0.997392736941538,0.00114873586966556,0.200000000124413,-0.102651917585344,0.994717338653031,3.34799999999941,15.8107963267938,0.248806130124157,0.475296101829408,0.545000000072144,0.0450495304581592,2.01037461277701,2.20393458175161,0.166673225048323,0.0036056
14.26,-0.125489111447084,0.990213048606936,3.35199999853395,15.8311715243074,0.997394057361727,0.00115192175835516,0.200000000150385,-0.122524408395957,0.992465500331454,3.3519999999994,15.8307963267938,0.248806958284355,0.47529559395466,0.54500000007158,0.0450494684209077,2.00575124162195,2.24358995007124,0.164949341865136,0.0034273
14.28,-0.145256889429343,0.987540833451026,3.35599999853721,15.8511736900826,0.997395460450815,0.00115505355124614,0.200000000176153,-0.142347891076849,0.98981668904244,3.3559999999994,15.8507963267938,0.248807808353355,0.475295073537552,0.545000000070978,0.0450494049367052,2.00033614350125,2.28314634593513,0.16324754182165,0.003397
14.3,-0.16496728570602,0.984473715262073,3.35999999854099,15.8711758352909,0.997396945170903,0.00115813028125078,0.200000000201706,-0.162114436499257,0.98677196427519,3.3599999999994,15.8707963267938,0.248808679860585,0.475294540854172,0.545000000069726,0.0450493400389451,1.99413145556722,2.32258795130334,0.161567975772997,0.0039725
14.32,-0.184612413912768,0.9810129215741,3.36399999854528,15.8911779591766,0.997398510456729,0.00116115100889741,0.200000000226807,-0.181816138308562,0.983332543879014,3.3639999999994,15.8907963267938,0.248809572332931,0.475293996197988,0.545000000068718,0.0450492737630699,1.98713963089732,2.36189899407944,0.159910787096148,0.0035811
14.34,-0.204184413840959,0.977159837397812,3.36799999855006,15.9111800609973,0.997400155216397,0.001164114823129,0.200000000251545,-0.201445116086728,0.979499803576212,3.3679999999994,15.9107963267938,0.248810485289358,0.475293439857159,0.545000000067777,0.0450492061433091,1.97936343751093,2.40106375441967,0.158276111633959,0.0035191
14.36,-0.223675454581912,0.972916004664833,3.37199999855534,15.9311821400235,0.997401878331891,0.00116702084114102,0.200000000275945,-0.220993518504358,0.975275276411804,3.3719999999994,15.9307963267938,0.248811418243506,0.475292872123973,0.545000000066877,0.0450491372147397,1.97080595726027,2.44006657102104,0.156664077643475,0.0034303
14.38,-0.243077737659343,0.968283121609181,3.3759999985611,15.9511841955393,0.997403678659691,0.00116986820863372,0.200000000300021,-0.240453526461127,0.970660652140328,3.37599999999939,15.9507963267938,0.248812370703672,0.475292293293695,0.545000000065997,0.0450490670127808,1.96147058459568,2.47889184738605,0.155074805747976,0.0035745
14.4,-0.262383500148759,0.963263042086215,3.37999999856734,15.9711862268422,0.997405555031381,0.00117265609999725,0.20000000032378,-0.259817356213317,0.965657776549965,3.37999999999939,15.9707963267938,0.248813342171539,0.475291703658408,0.545000000064562,0.0450489955726033,1.95136102520587,2.51752405806137,0.153508408892892,0.0034942
14.42,-0.28158501778257,0.957857774829344,3.38399999857404,15.9911882332436,0.997407506254204,0.00117538371824469,0.200000000347022,-0.279077262487206,0.960268650724248,3.38399999999939,15.9907963267938,0.248814332146628,0.475291103523823,0.545000000063192,0.0450489229310605,1.94048129453373,2.55594775484801,0.151964992305907,0.0034109
14.44,-0.300674608039658,0.952069482644789,3.38799999858121,16.0111902140689,0.997409531111801,0.00117805029562373,0.200000000369771,-0.298225541577082,0.954495430241652,3.38799999999939,16.0107963267938,0.248815340122872,0.475290493194503,0.545000000061973,0.0450488491243416,1.9288357161682,2.59414757298058,0.150444653460679,0.0037302
14.46,-0.319644633218188,0.945900481544717,3.39199999858883,16.0311921686577,0.997411628364796,0.00118065509359141,0.200000000392081,-0.317254534426615,0.948340424313397,3.39199999999939,16.0307963267937,0.248816365588712,0.475289872973122,0.545000000060573,0.0450487741886177,1.91642892011288,2.63210823727303,0.148947482044743,0.0036966
14.48,-0.338487503490417,0.939353239819112,3.39599999859689,16.0511940963639,0.997413796751396,0.00118319740278018,0.200000000413888,-0.336156629692381,0.941806094859787,3.39599999999939,16.0507963267937,0.248817408028622,0.47528924316559,0.545000000058837,0.0450486981607136,1.90326584093211,2.66981456822857,0.147473559931398,0.0036918
14.5,-0.357195679938279,0.932430377046752,3.39999999860538,16.0711959965562,0.997416034988036,0.0011856765431692,0.200000000435069,-0.354924266788299,0.934895055525481,3.39999999999938,16.0707963267937,0.248818466925005,0.475288604087512,0.545000000057376,0.0450486210783521,1.88935171577526,2.70725148811115,0.146022961155739,0.0036127
14.52,-0.375761677568551,0.92513466304568,3.40399999861429,16.0911978686178,0.997418341770103,0.00118809186449471,0.200000000455724,-0.373549938909764,0.927610070634066,3.40399999999938,16.0907963267937,0.248819541752861,0.475287956041862,0.54500000005523,0.0450485429776758,1.87469208227991,2.7444040269763,0.144595751894358,0.0034395
14.54,-0.394178068306372,0.917469016763606,3.4079999986236,16.1111997119469,0.997420715772437,0.00119044274574373,0.200000000475607,-0.392026196036264,0.919954054082367,3.40799999999938,16.1107963267937,0.248820631987427,0.475287299348353,0.54500000005314,0.0450484638972054,1.85929277635495,2.78125732865862,0.143191990449674,0.0037557
14.56,-0.412437483965929,0.909436505108676,3.4119999986333,16.1312015259569,0.997423155650137,0.00119272859586425,0.200000000494738,-0.410345647911296,0.911930068174927,3.41199999999938,16.1307963267937,0.248821737097915,0.475286634317474,0.545000000050584,0.0450483838738751,1.84315992984436,2.81779665671386,0.141811727237764,0.0038949
14.58,-0.430532619197131,0.90104034172108,3.41599999864338,16.1512033100763,0.997425660039109,0.00119494885336977,0.200000000512948,-0.428500966998366,0.903541322399122,3.41599999999938,16.1507963267936,0.248822856552536,0.475285961269374,0.545000000047976,0.0450483029460721,1.82629996807261,2.8540074003129,0.140455004780656,0.0039299
14.6,-0.448456234407077,0.892283885686005,3.41999999865381,16.1712050637489,0.99742822755681,0.00119710298674108,0.200000000530219,-0.446484891411908,0.894791172141415,3.41999999999937,16.1707963267936,0.248823989817779,0.47528528053001,0.545000000046009,0.0450482211523245,1.80871960727272,2.88987508008552,0.139121857702626,0.0037717
14.62,-0.466201158655158,0.883170640188419,3.42399999866458,16.1912067864341,0.997430856802964,0.00119919049462947,0.200000000546783,-0.464290227821938,0.885683117345242,3.42399999999937,16.1907963267936,0.248825136355765,0.475284592419485,0.545000000044503,0.0450481385303165,1.79042585189798,2.92538535391151,0.137812312730335,0.0040548
14.64,-0.483760292520643,0.873704251110263,3.42799999867568,16.2112084776071,0.99743354636016,0.00120121090558796,0.200000000562804,-0.481909854331294,0.876220801111083,3.42799999999937,16.2107963267936,0.248826295626271,0.475283897259052,0.545000000043315,0.0450480551182123,1.77142599181845,2.96052402265674,0.136526388697284,0.0039416
14.66,-0.501126610941592,0.863888505570595,3.43199999868709,16.2312101367586,0.997436294794529,0.00120316377810439,0.200000000578397,-0.499336723324296,0.866408008239267,3.43199999999937,16.2307963267936,0.248827467086949,0.475283195370994,0.545000000042332,0.0450479709543771,1.75172759940322,2.99527703585207,0.135264096552207,0.0041288
14.68,-0.518293166023969,0.853727330409277,3.43599999869881,16.2512117633955,0.997439100656417,0.00120504870061229,0.200000000593636,-0.516563864285704,0.856248663716109,3.43599999999937,16.2507963267935,0.248828650193574,0.475282487078486,0.545000000041487,0.0450478860772626,1.73133852648983,3.02963049731269,0.134025439371615,0.003951
14.7,-0.535253089819833,0.843224790614816,3.43999999871083,16.2712133570405,0.997441962481062,0.00120686529148718,0.200000000608572,-0.533584386588824,0.845746831143962,3.43999999999937,16.2707963267935,0.248829844400254,0.475281772705454,0.545000000040719,0.0450478005253818,1.71026690124187,3.06357067069568,0.132810412376241,0.0038671
14.72,-0.551999597073499,0.832385087696983,3.44399999872315,16.2912149172325,0.99744487878928,0.00120861319903093,0.200000000623231,-0.550391482251673,0.834906711115831,3.44399999999936,16.2907963267935,0.24883104915968,0.475281052576448,0.545000000039985,0.0450477143373338,1.6885211248961,3.09708398499362,0.13161900295166,0.0037198
14.74,-0.568525987934558,0.82121255800487,3.44799999873576,16.3112164435265,0.997447848088142,0.00121029210144388,0.200000000637625,-0.566978428660077,0.823732639535196,3.44799999999936,16.3107963267935,0.248832263923343,0.475280327016499,0.545000000039254,0.0450476275517247,1.66610986840037,3.13015703996194,0.130451190672779,0.003687
14.76,-0.584825650636698,0.809711670991054,3.45199999874865,16.3312179354938,0.997450868871662,0.00121190170678486,0.200000000651757,-0.583338591256629,0.812229085881703,3.45199999999936,16.3307963267935,0.248833488141766,0.475279596350999,0.545000000038496,0.0450475402072115,1.64304206894377,3.16277661147801,0.129306947332388,0.0036696
14.78,-0.600892064141234,0.797887027422572,3.45599999876183,16.3512193927222,0.997453939621478,0.00121344175291988,0.200000000665615,-0.599465426194423,0.800400651423434,3.45599999999936,16.3507963267934,0.248834721264733,0.475278860905544,0.545000000037704,0.0450474523424415,1.61932692638022,3.19492965682961,0.128186236973671,0.0040755
14.8,-0.616718800744302,0.785743357539409,3.45999999877527,16.3712208148159,0.997457058807547,0.00121491200745811,0.200000000679189,-0.615352482954506,0.788252067376462,3.45999999999936,16.3707963267934,0.248835962741514,0.475278121005823,0.545000000036868,0.0450473639960654,1.59497389954712,3.22660331993091,0.127089015926562,0.003818
14.82,-0.632299528646675,0.773285519161263,3.46399999878899,16.3912222013956,0.997460224888822,0.00121631226767705,0.200000000692462,-0.630993406925997,0.775788193012427,3.46399999999936,16.3907963267934,0.248837212021095,0.475277376977485,0.545000000035977,0.0450472752067062,1.56999270248043,3.25778493646365,0.126015232848073,0.0037992
14.84,-0.647628014485171,0.760518495743316,3.46799999880297,16.4112235520985,0.997463436313948,0.00121764236043599,0.200000000705414,-0.646381941947853,0.763014013714893,3.46799999999935,16.4107963267934,0.248838468552393,0.475276629145994,0.545000000035026,0.0450471860129471,1.54439330052776,3.28846203894165,0.124964828766472,0.0041471
14.86,-0.662698125824656,0.747447394381814,3.4719999988172,16.4312248665785,0.997466691521946,0.0012189021420776,0.200000000718023,-0.661511932811241,0.749934638985258,3.47199999999935,16.4307963267934,0.2488397317845,0.475275877836496,0.545000000034021,0.0450470964533119,1.51818590636089,3.31862236169648,0.123937737129269,0.0038993
14.88,-0.677503833609622,0.734077443770243,3.47599999883169,16.4512261445061,0.997469988942906,0.00122009149831817,0.20000000073027,-0.676377327721546,0.736555300399024,3.47599999999935,16.4507963267934,0.248841001166873,0.475275123373714,0.545000000032965,0.0450470065662632,1.49138097588953,3.3482538457824,0.12293388385496,0.0037908
14.9,-0.692039214574396,0.720413992106922,3.47999999884641,16.4712273855688,0.997473326998666,0.00122121034412727,0.200000000742137,-0.690972180719008,0.722881349513237,3.47999999999935,16.4707963267933,0.248842276149591,0.475274366081807,0.545000000031842,0.0450469163901858,1.46398920407779,3.37734464379856,0.121953187388572,0.0037281
14.92,-0.706298453610979,0.706462504954852,3.48399999886137,16.4912285894705,0.997476704103509,0.00122225862359588,0.200000000753601,-0.705290654057022,0.708918255725934,3.48399999999935,16.4907963267933,0.248843556183549,0.475273606284226,0.545000000030667,0.045046825963338,1.43602152066506,3.40588312462657,0.120995558760852,0.0038096
14.94,-0.720275846093612,0.692228563054685,3.48799999887655,16.511229755932,0.997480118664844,0.00122323630979282,0.200000000764641,-0.719327020537164,0.69467160408846,3.48799999999934,16.5107963267933,0.248844840720687,0.475272844303626,0.545000000029435,0.0450467353238983,1.40748908579308,3.43385787808143,0.120060901651133,0.0037304
14.96,-0.733965800159104,0.677717860091672,3.49199999889195,16.5312308846909,0.997483569083891,0.00122414340461186,0.200000000775237,-0.733075665799991,0.680147093071514,3.49199999999934,16.5307963267933,0.248846129214207,0.475272080461693,0.545000000028154,0.0450466445098759,1.37840328554091,3.46125771947424,0.11914911245376,0.0037249
14.98,-0.747362838942037,0.662936200417501,3.49599999890756,16.5512319755017,0.997487053756367,0.00122497993860615,0.200000000785373,-0.746531090570711,0.665350532285848,3.49599999999934,16.5507963267933,0.248847421118779,0.475271315079062,0.545000000026828,0.0450465535591699,1.34877572736954,3.48807169408445,0.11826008034813,0.0039225
15,-0.760461602763947,0.647889496727928,3.49999999892336,16.5712330281356,0.99749057107317,0.00122574597081382,0.200000000795031,-0.759687912858819,0.650287840158489,3.49999999999934,16.5707963267932,0.248848715890766,0.475270548475177,0.545000000025451,0.0450464625095076,1.31861823547807,3.51428908154032,0.117393687372106,0.0038241
15.02,-0.773256851275606,0.632583767697137,3.50399999893935,16.5912340423805,0.997494119421053,0.00122644158857195,0.200000000804193,-0.77254087011082,0.634965041565456,3.50399999999934,16.5907963267932,0.248850012988432,0.475269780968145,0.545000000024033,0.0450463713984216,1.2879428460732,3.53989940010543,0.116549808498983,0.0040178
15.04,-0.785743465551561,0.617025135569767,3.50799999895552,16.6112350180414,0.997497697183309,0.00122706690731979,0.200000000812845,-0.785084821315186,0.619388265421885,3.50799999999934,16.6107963267932,0.248851311872143,0.475269012874683,0.545000000022573,0.0450462802633056,1.25676180255404,3.56489241086985,0.115728311717704,0.0041965
15.06,-0.79791645013608,0.601219823711576,3.51199999897186,16.6312359549397,0.997501302740442,0.00122762207039411,0.200000000820971,-0.797314749058684,0.603563742230546,3.51199999999933,16.6307963267932,0.248852612004579,0.475268244509919,0.545000000021068,0.0450461891412981,1.22508755061406,3.58925812184408,0.11492905811649,0.0039583
15.08,-0.8097709350397,0.585174154119727,3.51599999898836,16.651236852914,0.997504934470843,0.00122810724881092,0.200000000828556,-0.809225761533281,0.587497801589724,3.51599999999933,16.6507963267932,0.248853912850954,0.475267476187337,0.545000000019529,0.0450460980693626,1.1929327332622,3.61298679195427,0.114151901969609,0.0042643
15.1,-0.821302177685579,0.568894544893677,3.519999999005,16.6712377118192,0.997508590751458,0.0012285226410405,0.200000000835586,-0.820813094492798,0.571196869661465,3.51999999999933,16.6707963267932,0.248855213879191,0.475266708218607,0.545000000017956,0.0450460070841948,1.16031018576513,3.63606893493696,0.113396690827389,0.0039008
15.12,-0.832505564804872,0.552387507667699,3.52399999902177,16.6912385315271,0.997512269958455,0.00122886847277011,0.20000000084205,-0.832072113158548,0.5546674666012,3.52399999999933,16.6907963267931,0.248856514560147,0.475265940913525,0.545000000016348,0.0450459162222845,1.12723293051267,3.65849532313201,0.112663265609286,0.0036892
15.14,-0.843376614280383,0.535659645006044,3.52799999903867,16.7112393119263,0.99751597046789,0.00122914499665934,0.200000000847935,-0.842998314073182,0.537916203949761,3.52799999999933,16.7107963267931,0.248857814367797,0.475265174579869,0.545000000014709,0.0450458255198523,1.09371417180842,3.68025699117198,0.111951460700015,0.0039311
15.16,-0.853910976937745,0.518717647761814,3.53199999905569,16.7312400529217,0.997519690656363,0.00122935249208429,0.200000000853231,-0.853587326902015,0.520949781988864,3.53199999999933,16.7307963267931,0.248859112779442,0.475264409523273,0.545000000013045,0.0450457350128262,1.05976729058768,3.70134523956666,0.111261104048583,0.0037193
15.18,-0.864104438283431,0.501568292400563,3.5359999990728,16.7512407544348,0.997523428901675,0.00122949126487253,0.200000000857927,-0.863834916181101,0.503774987061075,3.53599999999932,16.7507963267931,0.248860409275894,0.475263646047158,0.545000000011349,0.0450456447368901,1.02540583906484,3.72175163818118,0.110592017270295,0.0037003
15.2,-0.873952920188893,0.484218438289738,3.53999999909,16.7712414164039,0.997527183583482,0.00122956164703023,0.200000000862012,-0.87373698301136,0.486398688855373,3.53999999999932,16.7707963267931,0.248861703341667,0.475262884452581,0.545000000009631,0.0450455547273972,0.990643535312217,3.74146802960641,0.109944015751444,0.0036313
15.22,-0.883452482520157,0.466675024955009,3.54399999910727,16.7912420387833,0.997530953083936,0.00122956399645854,0.20000000086548,-0.883289566698087,0.468827837659358,3.54399999999932,16.790796326793,0.248862994465177,0.475262125038151,0.545000000007894,0.0450454650194073,0.955494257772753,3.7604865324203,0.109316908756836,0.0035997
15.24,-0.892599324712227,0.448945069304605,3.54799999912461,16.811242621544,0.997534735788336,0.00122949869666235,0.200000000868321,-0.892488846335173,0.451069461579233,3.54799999999932,16.810796326793,0.24886428213891,0.475261368099917,0.545000000006137,0.0450453756476606,0.919972039708508,3.77879954433878,0.108710499539883,0.0038826
15.26,-0.901389787287677,0.43103566282277,3.551999999142,16.8312431646729,0.997538530085757,0.00122936615645001,0.200000000870531,-0.901331142333418,0.433130663728657,3.55199999999932,16.830796326793,0.248865565859625,0.475260613931267,0.545000000004369,0.0450452866465662,0.884091063587361,3.79639974525503,0.108124585455282,0.0037212
15.28,-0.909820353318814,0.412953968733433,3.55599999915942,16.8512436681734,0.997542334369691,0.00122916680962432,0.200000000872104,-0.909812917892319,0.415018619387587,3.55599999999931,16.850796326793,0.248866845128518,0.475259862822825,0.545000000002574,0.0450451980501773,0.847865655410074,3.81328010016588,0.107558958074184,0.0037117
15.3,-0.917887649832842,0.394707219135263,3.55999999917687,16.8712441320648,0.997546147038663,0.00122890111466544,0.20000000087303,-0.91793078041474,0.396740573132271,3.55999999999931,16.870796326793,0.248868119451413,0.47525911506235,0.545000000000765,0.0450451098922046,0.811310278980006,3.82943386198425,0.107013403301735,0.0037037
15.32,-0.925588449159454,0.376302712109221,3.56399999919434,16.8912445563824,0.997549966496864,0.00122856955440572,0.200000000873306,-0.925681482863911,0.378303835937505,3.56399999999931,16.890796326793,0.248869388338926,0.475258370934623,0.544999999998952,0.0450450222059694,0.774439530117774,3.8448545742363,0.106487701496936,0.0043546
15.34,-0.932919670220329,0.357747808799796,3.5679999992118,16.9112449411774,0.997553791154759,0.00122817263569586,0.200000000872928,-0.933061925062192,0.359715782252349,3.56799999999931,16.9107963267929,0.248870651306643,0.475257630721375,0.544999999997127,0.0450449350244344,0.737268130823169,3.85953607364248,0.105981627594705,0.0042271
15.36,-0.939878379760012,0.339049930471057,3.57199999922925,16.9312452865169,0.9975576194297,0.00122771088906437,0.200000000871894,-0.940069154931109,0.340983847050438,3.57199999999931,16.9307963267929,0.248871907875295,0.475256894701164,0.544999999995301,0.0450448483801552,0.699810923386661,3.87347249258128,0.105494951230104,0.0042205
15.38,-0.946461793517689,0.320216555538734,3.57599999924667,16.9512455924834,0.997561449746529,0.00122718486836815,0.200000000870203,-0.946700369672142,0.322115522856098,3.57599999999931,16.9507963267929,0.248873157570904,0.475256163149307,0.54499999999347,0.0450447623052925,0.662082864452853,3.88665826143471,0.105027436864571,0.0038986
15.4,-0.952667277339388,0.301255216579479,3.57999999926405,16.971245859175,0.997565280538174,0.00122659515043683,0.200000000867852,-0.952952916887811,0.303118356747432,3.5799999999993,16.9707963267929,0.24887439992497,0.475255436337764,0.544999999991637,0.0450446768315949,0.624099019038252,3.89908811081462,0.104578843914132,0.0042026
15.42,-0.958492348230174,0.282173497318537,3.58399999928137,16.9912460867055,0.99756911024624,0.00122594233470881,0.200000000864841,-0.958824295642595,0.28399994733759,3.5839999999993,16.9907963267929,0.248875634474615,0.475254714535062,0.544999999989817,0.0450445919903785,0.585874554505749,3.91075707366898,0.104148926879439,0.0038976
15.44,-0.9639346753459,0.262979029596997,3.58799999929863,17.0112462752035,0.997572937321591,0.0012252270428607,0.200000000861175,-0.964312157463276,0.26476794173543,3.5879999999993,17.0107963267928,0.248876860754366,0.475253997984483,0.544999999985978,0.0450445078109744,0.547424734498221,3.92166048726726,0.103737435478031,0.0039391
15.46,-0.96899208092415,0.243679490319864,3.59199999931581,17.0312464248129,0.997576760224588,0.0012244499175582,0.200000000856127,-0.969414307278297,0.245430032486767,3.5919999999993,17.0307963267928,0.248878078296912,0.475253286905333,0.544999999976697,0.0450444243218676,0.508764912833678,3.931793995064,0.103344114777852,0.0040055
15.48,-0.97366254115399,0.22428259838617,3.59599999933285,17.0512465356927,0.997580577425324,0.00122361162130761,0.200000000847738,-0.974128704295759,0.225993954497467,3.5959999999993,17.0507963267928,0.248879286684468,0.475252581625696,0.544999999970165,0.0450443415602339,0.469910527364395,3.94115354844013,0.102968705329267,0.0038013
15.5,-0.977944186984151,0.204796111602304,3.59999999934969,17.0712466080163,0.997584387405935,0.00122271284065641,0.200000000836998,-0.978453462819713,0.20646748193958,3.59999999999929,17.0707963267928,0.248880485478218,0.475251882399348,0.544999999965654,0.0450442595525842,0.430877093802481,3.94973540832097,0.102610943305848,0.0037071
15.52,-0.981835304869323,0.185227823579831,3.60399999936631,17.0912466419724,0.997588188660088,0.0012217542827295,0.200000000824633,-0.982386853004413,0.18685842514178,3.60399999999929,17.0907963267928,0.248881674245689,0.475251189476171,0.544999999962618,0.0450441783274748,0.39168019951436,3.9575361466706,0.102270560640756,0.0037982
15.54,-0.985334337454319,0.165585560619046,3.60799999938267,17.1112466377637,0.997591979693525,0.00122073667490761,0.200000000811175,-0.985927301546228,0.167174627465336,3.60799999999929,17.1107963267928,0.248882852560934,0.475250503102083,0.544999999960651,0.0450440979133955,0.352335497286644,3.96455264786171,0.101947285166029,0.0038031
15.56,-0.988439884195801,0.145877178579502,3.61199999939875,17.1312465956077,0.997595759024599,0.00121966076443122,0.200000000797009,-0.989073392312948,0.147423962166871,3.61199999999929,17.1307963267927,0.248884020004639,0.475249823519004,0.544999999959445,0.0450440183383984,0.312858699065884,3.97078210992066,0.10164084075308,0.0037804
15.58,-0.991150701921326,0.126110559738759,3.61599999941454,17.1512465157358,0.997599525184803,0.00121852731798919,0.20000000078241,-0.991823866910212,0.127614329249166,3.61599999999929,17.1507963267927,0.248885176164285,0.475249150964832,0.544999999958781,0.045043939630096,0.273265569674703,3.97622204564704,0.101350947454283,0.0036106
15.6,-0.993465705325496,0.106293609640604,3.61999999943004,17.1712463983937,0.997603276719296,0.00121733712130141,0.200000000767571,-0.994177625184856,0.107753652301263,3.61999999999929,17.1707963267927,0.2488863206342,0.475248485672977,0.544999999958467,0.0450438618155109,0.233571920506831,3.98087028360739,0.101077321645613,0.003891
15.62,-0.995383967402995,0.0864342539340112,3.62399999944525,17.1912462438406,0.997607012187411,0.00121609097868013,0.200000000752619,-0.996133725664951,0.0878498753291352,3.62399999999928,17.1907963267927,0.248887453015775,0.475247827872801,0.544999999958364,0.0450437849212304,0.193793603203552,3.98472496900265,0.100819676170185,0.0036592
15.64,-0.99690471981837,0.0665404352040911,3.62799999946015,17.2112460523496,0.997610730163156,0.00121478971260776,0.20000000073763,-0.997691385936387,0.0679109595781919,3.62799999999928,17.2107963267927,0.248888572917552,0.475247177789327,0.544999999958394,0.0450437089732721,0.153946503314089,3.98778456440902,0.100577720482651,0.0037743
15.66,-0.998027353212379,0.046620109796307,3.63199999947475,17.2312458242072,0.99761442923572,0.00121343416329938,0.200000000722652,-0.998849982955824,0.0479448803488845,3.63199999999928,17.2307963267926,0.248889679955339,0.475246535643215,0.544999999958505,0.0450436339971576,0.114046533942478,3.9900478503919,0.100351160794303,0.00363
15.68,-0.998751417444815,0.0266812446352183,3.63599999948906,17.2512455597131,0.997618108009946,0.00121202518826268,0.200000000707713,-0.999609053299902,0.027959623806694,3.63599999999928,17.2507963267926,0.248890773752341,0.475245901650639,0.544999999958648,0.0450435600178247,0.0741096293834437,3.99151392599272,0.100139700218861,0.0037656
15.7,-0.99907662177368,0.0067318140390254,3.63999999950306,17.2712452591802,0.997621765106821,0.00121056366185124,0.200000000692826,-0.999968293350603,0.00796318378777072,3.63999999999928,17.2707963267926,0.248891853939238,0.475245276023285,0.544999999958794,0.045043487059707,0.0341517387498487,3.99218220908838,0.0999430389187919,0.003633
15.72,-0.999002834970664,-0.0132202034688138,3.64399999951677,17.2912449229341,0.997625399163934,0.00120905047481588,0.200000000677992,-0.999927559416699,-0.0120364413984935,3.64399999999928,17.2907963267926,0.248892920154336,0.47524465896824,0.544999999958935,0.0450434151466589,-0.00581118040576074,3.99205243662324,0.0997608742520882,0.0036012
15.74,-0.998530085372868,-0.033166828349621,3.64799999953018,17.3112445513132,0.997629008835942,0.0012074865338497,0.200000000663209,-0.999486867791218,-0.0320312521686823,3.64799999999927,17.3107963267926,0.248893972043629,0.475244050687957,0.544999999959051,0.0450433443019823,-0.0457631684729478,3.99112466471354,0.0995929009194297,0.0035389
15.76,-0.99765856087076,-0.053100083239916,3.6519999995433,17.3312441446683,0.997632592795012,0.00120587276113036,0.200000000648467,-0.998646394744935,-0.0520132508650815,3.65199999999927,17.3307963267926,0.248895009260929,0.47524345138019,0.544999999959145,0.0450432745484201,-0.0856882701659736,3.9893992686242,0.0994388111116162,0.0036069
15.78,-0.996388608832358,-0.0730119961409416,3.65599999955612,17.3512437033625,0.997636149731267,0.00120421009385825,0.200000000633759,-0.997406476455863,-0.0719744449546356,3.65599999999927,17.3507963267925,0.248896031467949,0.475242861237947,0.544999999959211,0.0450432059081356,-0.125570540904628,3.986876942618,0.0992982946571828,0.0035439
15.8,-0.99472073596369,-0.0928946036060219,3.65999999956865,17.3712432277709,0.997639678353212,0.00120249948379132,0.200000000619075,-0.995767608874785,-0.0919068502258546,3.65999999999927,17.3707963267925,0.248897038334397,0.475242280449417,0.544999999959261,0.0450431384027177,-0.165394053190752,3.98355869967728,0.0991710391701353,0.0035958
15.82,-0.992655608105567,-0.112739953924481,3.66399999958088,17.3912427182803,0.997643177388155,0.00120074189677591,0.200000000604409,-0.993730447526883,-0.111802493982392,3.66399999999927,17.3907963267925,0.248898029538066,0.47524170919793,0.544999999959296,0.0450430720531647,-0.205142902977909,3.97944587109811,0.0990567301976751,0.0035623
15.84,-0.990194049966765,-0.132540110300853,3.66799999959282,17.4112421752893,0.997646645582616,0.00119893831227505,0.200000000589755,-0.991295807249533,-0.131653418232016,3.66799999999927,17.4107963267925,0.248899004764914,0.475241147661913,0.544999999959322,0.0450430068798964,-0.244801216031647,3.97454010595726,0.0989550513678671,0.0059655
15.86,-0.987337044793717,-0.152287154028106,3.67199999960447,17.4312415992078,0.997650081702726,0.0011970897228939,0.200000000575112,-0.988464661866385,-0.151451682869704,3.67199999999926,17.4307963267925,0.248899963709162,0.475240596014832,0.544999999959345,0.0450429429027353,-0.284353154277827,3.96884337045215,0.0988656845371255,0.0040086
15.88,-0.98408573397685,-0.17197318765363,3.67599999961583,17.4512409904566,0.997653484534619,0.00119519713390188,0.200000000560476,-0.985238143797846,-0.171189368853573,3.67599999999926,17.4507963267924,0.24890090607334,0.475240054425162,0.54499999995937,0.0450428801409097,-0.323782922136464,3.96235794711389,0.0987883099374633,0.0036919
15.9,-0.980441416593723,-0.191590338136699,3.67999999962689,17.4712403494676,0.997656852884808,0.00119326156275307,0.200000000545849,-0.981617543608121,-0.190858581372395,3.67999999999926,17.4707963267924,0.248901831568398,0.475239523056323,0.544999999959404,0.045042818613034,-0.36307477283856,3.95508643389401,0.0987226063234145,0.0036561
15.92,-0.976405548889146,-0.211130759996177,3.68399999963766,17.4912396766833,0.997660185580558,0.00119128403860332,0.200000000531234,-0.977604309489013,-0.210451453003416,3.68399999999926,17.4907963267924,0.248902739913744,0.475239002066661,0.544999999959449,0.0450427583371305,-0.402213014723404,3.94703174312491,0.0986682511185282,0.003807
15.94,-0.971979743692501,-0.230586638447187,3.68799999964814,17.5112389725567,0.997663481470237,0.00118926560182631,0.200000000516635,-0.97320004668066,-0.229960146859217,3.68799999999926,17.5107963267924,0.248903630837327,0.475238491609384,0.544999999959515,0.0450426993305929,-0.441182017513812,3.93819710035479,0.0986249205613882,0.003998
15.96,-0.967165769772477,-0.249950192525496,3.69199999965833,17.5312382375509,0.997666739423671,0.00118720730352652,0.200000000502061,-0.968406516829464,-0.24937685972237,3.69199999999926,17.5307963267924,0.248904504075696,0.475237991832567,0.544999999959595,0.0450426416102254,-0.479966218566821,3.9285860430572,0.0985922898510334,0.0038044
15.98,-0.961965551129496,-0.269213678198384,3.69599999966822,17.5512374721388,0.997669958332476,0.00118511020505224,0.200000000487515,-0.963225637283452,-0.268693825166615,3.69599999999925,17.5507963267924,0.248905359374055,0.475237502879073,0.544999999959703,0.0450425851921855,-0.518550129097309,3.91820241921596,0.0985700332917391,0.0037229
16,-0.956381166226103,-0.288369391460727,3.69999999967783,17.5712366768032,0.997673137110385,0.00118297537750519,0.200000000473008,-0.957659480325365,-0.287903316663329,3.69999999999925,17.5707963267923,0.24890619648632,0.475237024886555,0.544999999959833,0.0450425300920345,-0.556918340372083,3.90705038578596,0.0985578244370462,0.0036422
16.02,-0.950414847155633,-0.307409671415091,3.70399999968715,17.5912358520361,0.997676274693566,0.00118080390125036,0.200000000458548,-0.951710272343771,-0.306997650672039,3.70399999999925,17.5907963267923,0.248907015175166,0.475236557987416,0.544999999959995,0.0450424763246992,-0.595055529871941,3.8951344070304,0.0985553362330126,0.0034776
16.04,-0.944068978749477,-0.326326903334575,3.70799999969617,17.6112349983389,0.997679370040923,0.00117859686542416,0.200000000444146,-0.945380392942541,-0.325969189713728,3.70799999999925,17.6107963267923,0.248907815212084,0.475236102308778,0.544999999960187,0.0450424239044774,-0.632946467419253,3.8824592527351,0.0985622411605585,0.0034634
16.06,-0.937346097623318,-0.345113521707206,3.71199999970491,17.6312341162219,0.99768242213439,0.00117635536744164,0.200000000429814,-0.938672373989038,-0.344810345425729,3.71199999999926,17.6307963267923,0.248908596377403,0.475235657972465,0.544999999960413,0.0450423728450394,-0.670576021268612,3.86902999630082,0.0985782113768662,0.0033814
16.08,-0.930248891162711,-0.36376201326065,3.71599999971337,17.6512332062037,0.997685429979215,0.00117408051250355,0.200000000415562,-0.931588898601405,-0.36351358159697,3.71599999999926,17.6507963267923,0.24890935846036,0.475235225094991,0.544999999960668,0.04504232315944,-0.707929164158117,3.85485201271401,0.0986029188557521,0.0035559
16.1,-0.922780196448401,-0.382264919966052,3.71999999972154,17.6712322688118,0.997688392604228,0.00117177341310313,0.200000000401403,-0.924132800075352,-0.382071417182356,3.71999999999926,17.6707963267923,0.2489101012591,0.475234803787521,0.544999999960954,0.0450422748600818,-0.744990979318875,3.83993097639716,0.0986360355269363,0.0033955
16.12,-0.914942999121833,-0.400614842019784,3.72399999972942,17.6912313045816,0.997691309062106,0.00116943518853168,0.200000000387346,-0.916307060750876,-0.400476429295086,3.72399999999926,17.6907963267923,0.248910824580738,0.475234394155862,0.544999999961266,0.0450422279587346,-0.781746666440319,3.82427285893928,0.0986772334141718,0.0034365
16.14,-0.906740432191286,-0.418804440801927,3.72799999973703,17.7112303140562,0.997694178429618,0.00116706696438509,0.200000000373402,-0.908114810819364,-0.418721256175714,3.72799999999926,17.7107963267923,0.248911528241368,0.475233996300463,0.544999999961609,0.0450421824665483,-0.818181547588952,3.8078839267077,0.0987261847721098,0.0034655
16.16,-0.898175774779112,-0.436826441810299,3.73199999974436,17.7312292977867,0.997696999807864,0.0011646698720708,0.200000000359581,-0.899559327071561,-0.436798600136747,3.73199999999926,17.7307963267923,0.248912212066094,0.475233610316393,0.544999999961983,0.0450421383940306,-0.854281073078166,3.79077073834191,0.0987825622219194,0.0036538
16.18,-0.889252450810588,-0.454673637568857,3.73599999975142,17.7512282563312,0.997699772322503,0.00116224504831455,0.200000000345895,-0.890644031586894,-0.45470123048163,3.73599999999926,17.7507963267923,0.248912875889057,0.475233236293325,0.544999999962377,0.0450420957510439,-0.890030827286772,3.77294014213062,0.0988460388855088,0.0036981
16.2,-0.879974027644899,-0.472338890509316,3.7399999997582,17.771227190255,0.997702495123965,0.00115979363466761,0.200000000332351,-0.881372490364689,-0.472421986396922,3.73999999999927,17.7707963267923,0.248913519553428,0.475232874315554,0.544999999962792,0.0450420545468295,-0.925416534423927,3.75439927327299,0.0989162885183342,0.0037479
16.22,-0.870344214648791,-0.489815135824822,3.74399999976471,17.7912261001303,0.997705167387658,0.00115731677701611,0.200000000318956,-0.871748411897814,-0.489953779816532,3.74399999999927,17.7907963267923,0.248914142911456,0.47523252446196,0.544999999963237,0.045042014789978,-0.96042406423816,3.73515555102514,0.0989929856407786,0.0036597
16.24,-0.86036686171348,-0.507095384294563,3.74799999977096,17.8112249865357,0.997707788314162,0.00115481562508964,0.200000000305721,-0.861775645689339,-0.507289598256845,3.74799999999927,17.8107963267923,0.248914745824442,0.475232186806037,0.544999999963696,0.0450419764884456,-0.995039437668194,3.71521667573313,0.0990758056679726,0.0036862
16.26,-0.850045957715399,-0.524172725078162,3.75199999977694,17.831223850056,0.997710357129407,0.00115229133197274,0.200000000292652,-0.851458180712776,-0.524422507621627,3.75199999999927,17.8307963267923,0.248915328162767,0.475231861415877,0.544999999964161,0.0450419396495603,-1.02924883243333,3.69459062575347,0.0991644250379955,0.0035766
16.28,-0.839385628921388,-0.541040328478757,3.75599999978266,17.8512226912823,0.997712873084843,0.00114974505361698,0.20000000027975,-0.840800143816554,-0.541345654975568,3.75599999999927,17.8507963267923,0.248915889805891,0.47523154835417,0.544999999964638,0.0450419042799969,-1.06303858856114,3.6732856542626,0.0992585213385002,0.0035471
16.3,-0.828390137338988,-0.557691448673657,3.75999999978813,17.871221510811,0.997715335457604,0.00114717794835456,0.200000000267019,-0.829805798073324,-0.558052271285365,3.75999999999927,17.8707963267923,0.24891643064234,0.475231247678241,0.544999999965128,0.0450418703858308,-1.09639521385028,3.6513102859564,0.0993577734316186,0.0035977
16.32,-0.817063879012473,-0.57411942641148,3.76399999979335,17.8912203092443,0.997717743550649,0.00114459117641483,0.200000000254465,-0.818479541074796,-0.574535674127245,3.76399999999927,17.8907963267923,0.248916950569715,0.475230959439999,0.544999999965617,0.0450418379724462,-1.12930538926621,3.62867331364114,0.0994618615771324,0.0037749
16.34,-0.805411382265313,-0.590317691674701,3.76799999979831,17.9112190871893,0.997720096692905,0.00114198589944074,0.200000000242087,-0.806825903172753,-0.590789270359849,3.76799999999927,17.9107963267923,0.248917449494671,0.475230683686023,0.544999999966113,0.0450418070446604,-1.16175597426768,3.60538379471731,0.0995704675538653,0.0036988
16.36,-0.793437305889769,-0.606279766306547,3.77199999980303,17.931217845258,0.997722394239385,0.00113936328001051,0.200000000229888,-0.794849545666976,-0.606806558761393,3.77199999999928,17.9307963267923,0.248917927332914,0.4752304204575,0.544999999966604,0.0450417776066095,-1.19373401206189,3.58145104755757,0.0996832747792475,0.0038789
16.38,-0.781146437284337,-0.621999266601184,3.77599999980751,17.9512165840673,0.997724635571307,0.00113672448115838,0.200000000217865,-0.782555258940787,-0.62258113263008,3.77599999999928,17.9507963267923,0.248918384009172,0.475230169790292,0.54499999996709,0.0450417496618198,-1.22522673478615,3.55688464778041,0.0997999684269729,0.0036941
16.4,-0.768543690539788,-0.637469905856168,3.77999999981175,17.9712153042382,0.997726820096196,0.00113407066590055,0.200000000206018,-0.769947960544952,-0.638106682346686,3.77999999999928,17.9707963267923,0.248918819457197,0.475229931714922,0.544999999967568,0.04504172321319,-1.25622156861401,3.53169442442092,0.0999202355428173,0.0037178
16.42,-0.75563410447457,-0.652685496886132,3.78399999981575,17.9912140063956,0.997728947247973,0.00113140299676254,0.200000000194342,-0.757032693230736,-0.65337699789833,3.78399999999928,17.9907963267923,0.24891923361971,0.475229706256637,0.544999999968032,0.0450416982630178,-1.28670613878384,3.50589045600026,0.100043765158437,0.0036711
16.44,-0.742422840620349,-0.667639954496719,3.78799999981952,18.0112126911686,0.997731016487036,0.00112872263531054,0.200000000182834,-0.743814622932862,-0.668385971362392,3.78799999999928,18.0107963267923,0.248919626448406,0.475229493435357,0.544999999968484,0.0450416748129275,-1.31666827454783,3.47948306649537,0.100170248403233,0.0036864
16.46,-0.728915181158497,-0.682327297917755,3.79199999982307,18.0312113591895,0.997733027300329,0.00112603074168361,0.200000000171488,-0.730299036703212,-0.683127599349603,3.79199999999928,18.0307963267923,0.248919997903907,0.475229293265749,0.544999999968917,0.0450416528639554,-1.34609601403935,3.45248282121053,0.100299378614136,0.0035802
16.48,-0.71511652680836,-0.6967416531947,3.79599999982638,18.0512100110938,0.9977349792014,0.00112332847413182,0.200000000160298,-0.716491340596072,-0.697595985405321,3.79599999999928,18.0507963267923,0.248920347955725,0.475229105757258,0.544999999969339,0.0450416324165377,-1.37497760905694,3.4249005225524,0.100430851443372,0.0036386
16.5,-0.701032394668125,-0.710877255537426,3.79999999982948,18.0712086475202,0.99773687173045,0.00112061698855691,0.20000000014926,-0.702397057505785,-0.711785342368033,3.79999999999929,18.0707963267923,0.248920676582244,0.475228930914104,0.544999999969729,0.0450416134704737,-1.40330152976274,3.3967472057103,0.100564364964148,0.0039991
16.52,-0.686668416009176,-0.724728451625371,3.80399999983235,18.0912072691098,0.997738704454363,0.00111789743805562,0.200000000138363,-0.688021824957665,-0.725689994684143,3.80399999999929,18.0907963267923,0.248920983770649,0.475228768735324,0.54499999997009,0.0450415960249577,-1.43105646929372,3.36803413424337,0.100699619774186,0.003907
16.54,-0.672030334024796,-0.738289701868153,3.80799999983501,18.1112058765062,0.997740476966736,0.00111517097246777,0.200000000127595,-0.673371392853065,-0.739304380678117,3.80799999999929,18.1107963267923,0.248921269516922,0.475228619214792,0.544999999970425,0.0450415800785783,-1.45823134828374,3.33877279557642,0.100836319097163,0.0037525
16.56,-0.657124001534124,-0.751555582620749,3.81199999983746,18.1312044703553,0.997742188887891,0.00111243873792771,0.200000000116948,-0.658451621169489,-0.75262305477708,3.81199999999929,18.1307963267923,0.248921533825748,0.475228482341283,0.544999999970728,0.0450415656293384,-1.4848153192946,3.30897489640629,0.100974168881921,0.0036224
16.58,-0.641955378642291,-0.764520788352342,3.81599999983969,18.1512030513046,0.997743839864877,0.00110970187642086,0.20000000010641,-0.643268477616684,-0.765640689688973,3.81599999999929,18.1507963267923,0.248921776710512,0.47522835809847,0.544999999971001,0.0450415526746287,-1.51079777115449,3.27865235802049,0.101112877899559,0.0035713
16.6,-0.626530530357651,-0.777180133767968,3.81999999984171,18.1712016200032,0.997745429571463,0.001106961525343,0.200000000095971,-0.627828035249631,-0.778352078533398,3.81999999999929,18.1707963267923,0.248921998193209,0.475228246464984,0.544999999971236,0.0450415412112552,-1.53616833320187,3.24781731153002,0.101252157838212,0.0038539
16.62,-0.610855624167067,-0.78952855588213,3.82399999984353,18.1912001771017,0.997746957708119,0.00110421881706496,0.200000000085616,-0.612136470039408,-0.790752136924298,3.82399999999929,18.1907963267923,0.2489221983044,0.475228147414438,0.544999999971431,0.0450415312354267,-1.56091687943324,3.21648209301834,0.101391723395732,0.0036916
16.64,-0.594936927570229,-0.801561116043538,3.82799999984514,18.2111987232515,0.997748424001987,0.00110147487850148,0.200000000075331,-0.596200058402881,-0.802835905003651,3.82799999999929,18.2107963267923,0.248922377083166,0.475228060915462,0.544999999971586,0.045041522742777,-1.58503353255315,3.18465923860831,0.101531292369977,0.0036598
16.66,-0.578780805573971,-0.813273001910159,3.83199999984654,18.2311972591049,0.997749828206841,0.00109873083068453,0.200000000065102,-0.58002517469222,-0.814598549425338,3.8319999999993,18.2307963267923,0.248922534577017,0.475227986931778,0.544999999971703,0.0450415157283678,-1.60850866792466,3.15236147944913,0.101670585746953,0.0036093
16.68,-0.5623937181476,-0.824659529373806,3.83599999984774,18.2511957853147,0.997751170103035,0.00109598778834234,0.200000000054915,-0.56361828864525,-0.826035365288424,3.8359999999993,18.2507963267923,0.248922670841854,0.475227925422189,0.544999999971776,0.0450415101866693,-1.63133291741894,3.11960173662537,0.101809327786595,0.004042
16.7,-0.545782217640243,-0.835716144433486,3.83999999984874,18.2711943025338,0.997752449497444,0.00109324685948183,0.200000000044754,-0.546985962797632,-0.837141778019054,3.8399999999993,18.2707963267923,0.248922785941873,0.475227876340687,0.544999999971803,0.045041506111617,-1.65349717316216,3.08639311598992,0.101947246106285,0.0038944
16.72,-0.528952946161256,-0.846438425016749,3.84399999984953,18.2911928114151,0.997753666223392,0.00109050914497817,0.200000000034604,-0.530134849857944,-0.847913345200217,3.8439999999993,18.2907963267923,0.24892287994952,0.475227839636439,0.544999999971786,0.04504150349655,-1.67499259117849,3.05274890292314,0.102084071762088,0.003681
16.74,-0.511912632924727,-0.856822082748329,3.84799999985013,18.3111913126112,0.997754820140571,0.00108777573816719,0.200000000024447,-0.513071690046685,-0.858345758348662,3.8479999999993,18.3107963267923,0.24892295294539,0.475227815253876,0.544999999971716,0.0450415023342768,-1.69581059492745,3.01868255702014,0.102219539327616,0.0035694
16.76,-0.494668091559142,-0.866862964665351,3.85199999985051,18.3311898067743,0.997755911134946,0.00108504772444525,0.200000000014264,-0.495803308400272,-0.868434844638225,3.8519999999993,18.3307963267923,0.248923005018169,0.475227803132725,0.544999999971598,0.0450415026170443,-1.71594287873444,2.98420770670841,0.10235338697065,0.0038008
16.78,-0.477226217383282,-0.876557054878435,3.8559999998507,18.3511882945555,0.997756939118658,0.00108232618087329,0.20000000000404,-0.478336612041121,-0.87817656856891,3.8559999999993,18.3507963267923,0.248923036264544,0.475227803208046,0.544999999971429,0.0450415043365487,-1.73538141111296,2.94933814379794,0.102485356527376,0.0036374
16.8,-0.459593984649444,-0.885900476178014,3.85999999985067,18.371186776605,0.997757904029907,0.0010796121757867,0.199999999993754,-0.460678587414892,-0.887567033581032,3.85999999999931,18.3707963267923,0.24892304678912,0.475227815410335,0.544999999971208,0.0450415074839837,-1.75411843797716,2.91408781796598,0.102615193574318,0.0036109
16.82,-0.441778443755087,-0.894889491585234,3.86399999985044,18.3911852535715,0.997758805832834,0.00107690676841205,0.199999999983389,-0.442836297495996,-0.896602483613791,3.86399999999931,18.3907963267923,0.248923036704332,0.475227839665524,0.54499999997094,0.0450415120499767,-1.77214648574352,2.8784708311786,0.102742647497942,0.0034936
16.84,-0.423786718424006,-0.903520505846824,3.86799999985001,18.4111837261021,0.997759644517389,0.00107421100848787,0.199999999972927,-0.424816878962507,-0.905279304607646,3.86799999999931,18.4107963267923,0.248923006130361,0.475227875895065,0.544999999970612,0.0450415180246535,-1.78945836432042,2.84250143205141,0.102867471561909,0.0036307
16.86,-0.405626002858178,-0.911790066873311,3.87199999984936,18.4311821948423,0.997760420099185,0.00107152593589269,0.199999999962348,-0.406627539341584,-0.913594025949888,3.87199999999931,18.4307963267923,0.248922955195045,0.475227924015974,0.544999999970237,0.0450415253976059,-1.80604716998427,2.80619401015158,0.102989422972017,0.0040741
16.88,-0.387303558861393,-0.919694867120033,3.8759999998485,18.4511806604351,0.997761132619354,0.00106885258027842,0.199999999951633,-0.388275554126552,-0.921543321862841,3.87599999999931,18.4507963267923,0.248922884033764,0.475227983940914,0.544999999969797,0.0450415341579412,-1.82190628814124,2.76956309024345,0.103108262938804,0.0040137
16.9,-0.368826712935846,-0.927231744910381,3.87999999984742,18.4711791235214,0.997761782144382,0.00106619196071119,0.19999999994076,-0.369768263866809,-0.92912401273413,3.87999999999931,18.4707963267923,0.24892279278938,0.47522805557822,0.544999999969308,0.0450415442942416,-1.83702939597335,2.73262332648013,0.103223756737825,0.0036939
16.92,-0.350202853352826,-0.934397685700738,3.88399999984613,18.4911775847394,0.997762368765941,0.00106354508531671,0.199999999929711,-0.351113071231698,-0.936333066388481,3.88399999999931,18.4907963267923,0.248922681612096,0.475228138831984,0.544999999968769,0.0450415557946034,-1.85141046496787,2.69538949654323,0.103335673767616,0.0040849
16.94,-0.331439427198683,-0.941189823286623,3.88799999984461,18.5111760447246,0.997762892600708,0.00106091295093337,0.199999999918468,-0.332317438049539,-0.943167599300551,3.88799999999931,18.5107963267923,0.248922550659388,0.475228233602128,0.544999999968167,0.0450415686466465,-1.86504376332915,2.65787649573325,0.103443787605332,0.003946
16.96,-0.312543937397256,-0.947605440949543,3.89199999984286,18.5311745041091,0.997763353790179,0.00105829654277207,0.199999999907008,-0.313388882323001,-0.949624877748301,3.89199999999932,18.5307963267923,0.248922400095879,0.475228339784464,0.544999999967506,0.0450415828375159,-1.87792385827166,2.62009933101287,0.103547876060054,0.0039349
16.98,-0.29352393970994,-0.953641972544095,3.89599999984089,18.5511729635219,0.997763752500474,0.00105569683408197,0.19999999989531,-0.294334975221997,-0.955702318906449,3.89599999999932,18.5507963267923,0.248922230093246,0.475228457270728,0.544999999966794,0.0450415983538505,-1.89004561819365,2.58207311500558,0.103647721223868,0.0037855
17,-0.274387039714597,-0.959297003524887,3.89999999983867,18.5711714235884,0.997764088922125,0.00105311478582265,0.199999999883356,-0.27516333805532,-0.961397491879562,3.89999999999932,18.5707963267923,0.24892204083011,0.475228585948697,0.544999999966033,0.0450416151818722,-1.90140421473023,2.54381305995201,0.103743109520584,0.0041001
17.02,-0.255140889764527,-0.964568271912869,3.90399999983622,18.5911698849302,0.997764363269866,0.00105055134634457,0.199999999871127,-0.255881639222215,-0.966708118674385,3.90399999999932,18.5907963267923,0.248921832491911,0.475228725702221,0.544999999965217,0.0450416333073097,-1.91199512468533,2.50533447162638,0.103833831752206,0.0040099
17.04,-0.235793185928688,-0.969453669200674,3.90799999983351,18.6111683481647,0.99776457578241,0.00104800745107514,0.199999999858605,-0.236497591145133,-0.971632075111009,3.90799999999932,18.6107963267923,0.248921605270819,0.475228876411323,0.544999999964354,0.0450416527154796,-1.92181413184153,2.46665274321558,0.103919683143127,0.0039023
17.06,-0.216351664914416,-0.973951241196619,3.91199999983056,18.6311668139052,0.997764726722216,0.00104548402221291,0.199999999845773,-0.217018947184852,-0.97616739167251,3.91199999999932,18.6307963267923,0.248921359365594,0.475229037952255,0.544999999963441,0.0450416733912424,-1.93085732864723,2.42778334916316,0.10400046338211,0.0040991
17.08,-0.196824100973857,-0.978059188807018,3.91599999982734,18.6511652827606,0.997764816375247,0.00104298196842804,0.199999999832611,-0.197453498539244,-0.980312254292735,3.91599999999932,18.6507963267923,0.248921094981487,0.475229210197577,0.544999999962478,0.045041695319032,-1.93912111778036,2.38874183898092,0.104075976661944,0.0042092
17.1,-0.17721830279535,-0.981775868756498,3.91999999982386,18.6711637553349,0.997764845050728,0.00104050218457061,0.199999999819103,-0.1778090711269,-0.984065005081898,3.91999999999933,18.6707963267923,0.248920812330113,0.47522939301623,0.544999999961471,0.0450417184828635,-1.94660221358805,2.3495438310303,0.104146031716965,0.004508
17.12,-0.157542110381006,-0.985099794246023,3.9239999998201,18.6911622322272,0.997764813080885,0.00103804555138596,0.199999999805233,-0.158093522456862,-0.987424142989721,3.92399999999933,18.6907963267923,0.248920511629329,0.475229586273623,0.544999999960421,0.0450417428663532,-1.95329764340166,2.31020500627635,0.104210441858342,0.0059703
17.14,-0.137803391911734,-0.988029635548377,3.92799999981606,18.7111607140316,0.99776472082068,0.00103561293523785,0.199999999790985,-0.138314738485727,-0.990388324405828,3.92799999999933,18.7107963267923,0.248920193103119,0.47522978983169,0.544999999959336,0.0450417684526884,-1.95920474872668,2.27074110201651,0.104269025007146,0.0043349
17.16,-0.11801004060095,-0.990564220540834,3.93199999981174,18.7311592013367,0.997764568647545,0.00103320518783821,0.199999999776346,-0.11848063046337,-0.992956363697175,3.93199999999933,18.7307963267923,0.248919856981458,0.475230003548984,0.544999999958216,0.0450417952246887,-1.964321186307,2.23116790558688,0.104321603725258,0.0042048
17.18,-0.0981699715382473,-0.992702535174846,3.93599999980711,18.7511576947255,0.9977643569611,0.00103082314598557,0.199999999761303,-0.0985991317685484,-0.995127233682284,3.93599999999933,18.7507963267923,0.248919503500197,0.475230227280767,0.544999999957063,0.0450418231647836,-1.96864492906309,2.19150124804846,0.104368005244172,0.0039004
17.2,-0.078291118524281,-0.994443723882509,3.93999999980218,18.7711561947755,0.997764086182863,0.00102846763131072,0.199999999745846,-0.0786781947356579,-0.996900066042107,3.93999999999933,18.7707963267923,0.248919132900922,0.47523046087907,0.54499999995589,0.0450418522550295,-1.97217426690381,2.15175699785584,0.104408061491572,0.00373
17.22,-0.0583814308981221,-0.995787089919691,3.94399999979694,18.7911547020578,0.997763756755964,0.00102613945002961,0.199999999729967,-0.0587257874739022,-0.998274151667337,3.94399999999933,18.7907963267923,0.24891874543084,0.475230704192791,0.544999999954684,0.0450418824771146,-1.97490780741138,2.11195105451086,0.104441609115892,0.0034829
17.24,-0.0384488703583656,-0.996732095645647,3.94799999979138,18.8111532171378,0.997763369144836,0.00102383939270457,0.199999999713653,-0.0387498906801575,-0.999248940942045,3.94799999999933,18.8107963267923,0.248918341342629,0.475230957067755,0.544999999953466,0.0450419138123617,-1.97684447639941,2.07209934220389,0.104468489508705,0.0034096
17.26,-0.0185014077792512,-0.997278362739022,3.95199999978548,18.8311517405743,0.997762923834914,0.0010215682340127,0.199999999696901,-0.0187584944467995,-0.999824043963519,3.95199999999934,18.8307963267923,0.24891792089432,0.475231219346839,0.544999999952231,0.0450419462417822,-1.97798351834354,2.03221780344519,0.104488548825104,0.0033578
17.28,0.00145297997692472,-0.997425672350161,3.95599999977925,18.8511502729194,0.997762421332316,0.00101932673252356,0.199999999679704,0.00124040493422671,-0.999999230698216,3.95599999999934,18.8507963267923,0.248917484349155,0.475231490870013,0.544999999950992,0.0450419797460152,-1.97832449668482,1.99232239268879,0.104501638001977,0.0035551
17.3,0.0214063132498353,-0.997173965189648,3.95999999977267,18.8711488147187,0.997761862163524,0.00101711563048256,0.199999999662061,0.0212388081698173,-0.99977443107378,3.95999999999934,18.8707963267923,0.248917031975454,0.475231771474455,0.54499999994975,0.0450420143053971,-1.97786729400535,1.95242906995173,0.104507612774292,0.0034809
17.32,0.0413506127723098,-0.996523341553043,3.96399999976573,18.8911473665109,0.997761246875057,0.00101493565360427,0.199999999643971,0.0412287161653198,-0.999149735007063,3.96399999999934,18.8907963267923,0.248916564046477,0.475232060994605,0.544999999948516,0.0450420498999211,-1.97661211207644,1.91255379443088,0.104506333689374,0.0034113
17.34,0.0612779028614059,-0.995474061281815,3.96799999975842,18.9111459288274,0.997760576033135,0.00101278751087214,0.199999999625437,0.0612021332240645,-0.998125392368162,3.96799999999934,18.9107963267923,0.248916080840282,0.475232359262296,0.544999999947288,0.0450420865093198,-1.97455947177903,1.87271251812015,0.104497666119169,0.0033828
17.36,0.0811802146080923,-0.994026543660471,3.97199999975074,18.9311445021925,0.997759850223342,0.00101067189434801,0.199999999606461,0.0811510702455367,-0.996701812880475,3.97199999999934,18.9307963267923,0.248915582639592,0.475232666106794,0.544999999946087,0.0450421241129867,-1.97171021289652,1.83292117943047,0.104481480270631,0.00349
17.38,0.101049589064266,-0.992181367249921,3.97599999974267,18.9511430871228,0.997759070050278,0.00100858947898731,0.199999999587052,0.10106754792091,-0.994879565956816,3.97599999999934,18.9507963267923,0.248915069731642,0.475232981354909,0.544999999944897,0.045042162690042,-1.9680654937801,1.79319569681519,0.104457651194065,0.003395
17.4,0.120878080425828,-0.989939269657159,3.97999999973422,18.9711416841277,0.99775823613721,0.00100654092246428,0.199999999567215,0.120943599924664,-0.99265938047166,3.97999999999935,18.9707963267923,0.248914542408052,0.475233304831084,0.544999999943737,0.0450422022193448,-1.96362679088657,1.75355196240346,0.104426058789662,0.003373
17.42,0.140657759210552,-0.987301147241333,3.98399999972536,18.9911402937084,0.997757349125712,0.0010045268650045,0.19999999954696,0.140771276101007,-0.990042144469596,3.98399999999935,18.9907963267923,0.248914000964668,0.475233636357468,0.544999999942611,0.0450422426794714,-1.95839589818906,1.714005835644,0.104386587812106,0.0033766
17.44,0.160380715429459,-0.984268054756327,3.98799999971609,19.0111389163584,0.997756409675303,0.00100254792922509,0.1999999995263,0.160542645643835,-0.987028904810132,3.98799999999935,19.0107963267923,0.24891344570143,0.475233975754009,0.544999999941536,0.0450422840487434,-1.95237492646068,1.67457313696196,0.104339127873328,0.0033735
17.46,0.180039061750455,-0.980841204929999,3.99199999970641,19.031137552563,0.997755418463084,0.00100060471998354,0.199999999505253,0.180249800268944,-0.983620866748953,3.99199999999935,19.0307963267923,0.248912876922217,0.475234322838545,0.544999999940498,0.0450423263052479,-1.94556630243149,1.63526964143138,0.104283573443439,0.0037662
17.48,0.199624936652939,-0.977021967980233,3.9959999996963,19.0511362027994,0.997754376183358,0.000998697824234427,0.199999999483832,0.199884857377245,-0.979819393455845,3.99599999999935,19.0507963267923,0.248912294934731,0.475234677427016,0.544999999939537,0.0450423694268363,-1.9379727678191,1.59611107246563,0.104219823849823,0.0035
17.5,0.219130507572138,-0.972811871068009,3.99999999968576,19.0711348675362,0.997753283547258,0.000996827810899332,0.199999999462066,0.21943996320769,-0.97562600546944,3.99999999999935,19.0707963267923,0.248911700050303,0.475235039333298,0.544999999938654,0.0450424133911227,-1.9295973782333,1.55711309552861,0.104147783274538,0.0034092
17.52,0.238547974031908,-0.968212597687693,4.00399999967478,19.0911335472337,0.997752141282363,0.000994995230734353,0.199999999439981,0.238907295978678,-0.97104238008902,4.00399999999935,19.0907963267923,0.248911092583731,0.475235408369257,0.544999999937816,0.0450424581754976,-1.92044350195512,1.51829131186895,0.104067360749895,0.0033667
17.54,0.257869570764741,-0.963225986994803,4.00799999966335,19.1111322423434,0.997750950132309,0.000993200616205041,0.199999999417595,0.258279069016662,-0.966070350703624,4.00799999999935,19.1107963267923,0.248910472853204,0.475235784345122,0.544999999937051,0.0450425037571673,-1.91051481859081,1.47966125227995,0.103978470152273,0.0035098
17.56,0.277087570817737,-0.957854033071508,4.01199999965148,19.1311309533079,0.9977497108564,0.000991444481380709,0.199999999394933,0.277547533870715,-0.960711906058713,4.01199999999936,19.1307963267923,0.248909841180101,0.475236167069449,0.544999999936343,0.0450425501131438,-1.89981531760141,1.44123837088761,0.103881030194331,0.0034071
17.58,0.296194288643296,-0.952098884130161,4.01599999963915,19.151129680561,0.997748424229213,0.000989727321831644,0.199999999372017,0.296704983411803,-0.954969189460701,4.01599999999936,19.1507963267923,0.248909197852934,0.475236556256084,0.544999999927119,0.045042597213618,-1.8883492967082,1.40303803896926,0.103774964425006,0.0033631
17.6,0.315182083173291,-0.94596284165521,4.01999999962632,19.1711284245273,0.997747091038727,0.00098804961079482,0.19999999934578,0.31574375491554,-0.948844497919657,4.01999999999936,19.1707963267923,0.248908543226733,0.475236951782515,0.544999999918827,0.0450426450447836,-1.87612136017502,1.36507553880536,0.103660201191223,0.0033621
17.62,0.334043360875502,-0.939448359483775,4.02399999961295,19.1911271856221,0.997745712088466,0.000986411805948593,0.199999999316558,0.33465623312717,-0.942340281230537,4.02399999999936,19.1907963267923,0.248907877640319,0.475237353475156,0.544999999913407,0.0450426935820063,-1.86313641696786,1.32736605756675,0.10353667364829,0.0033315
17.64,0.352770578791073,-0.932558042825218,4.02799999959896,19.2111259642515,0.997744288196365,0.000984814347038987,0.199999999285384,0.353434853307573,-0.935459140993294,4.02799999999936,19.2107963267923,0.248907201426552,0.475237761136797,0.544999999910136,0.0450427428001126,-1.84939967879263,1.28992468123997,0.103404319742335,0.0037084
17.66,0.371356247551793,-0.925294647220193,4.03199999958435,19.2311247608124,0.997742820194019,0.000983257654932397,0.199999999253033,0.372072104259054,-0.928203829572276,4.03199999999936,19.2307963267923,0.24890651492074,0.475238174568964,0.544999999908461,0.0450427926750568,-1.8349166580118,1.25276638859301,0.103263082192005,0.0034733
17.68,0.389792934375978,-0.917661077439562,4.03599999956908,19.251123575692,0.997741308926272,0.000981742131593172,0.199999999220079,0.390560531329726,-0.920577248995317,4.03599999999936,19.2507963267923,0.248905818460495,0.475238593571967,0.54499999990795,0.0450428431828393,-1.81969316544079,1.21590604518384,0.103112908471011,0.0033888
17.7,0.40807326604176,-0.909660386323609,4.03999999955315,19.2711224092679,0.997739755250803,0.000980268160033184,0.199999999186941,0.40889273939527,-0.912582449792959,4.03999999999936,19.2707963267923,0.248905112385553,0.475239017945053,0.544999999908306,0.0450428942994109,-1.80373530802495,1.17935839741425,0.102953750789127,0.0033675
17.72,0.426189931836597,-0.901295773562016,4.04399999953656,19.2911212619082,0.997738160037697,0.000978836104266242,0.199999999153931,0.427061395816886,-0.904222629778287,4.04399999999937,19.2907963267923,0.24890439703766,0.475239447486438,0.54499999990928,0.0450429460005992,-1.78704948639815,1.14313806663126,0.102785566071671,0.0037358
17.74,0.444135686481828,-0.892570584415078,4.04799999951931,19.311120133971,0.997736524169032,0.000977446309266774,0.199999999121272,0.445059233374251,-0.895501132767846,4.04799999999937,19.3107963267923,0.248903672760388,0.475239881993409,0.544999999910693,0.0450429982621264,-1.76964239232373,1.10725954327853,0.102608315937624,0.0035717
17.76,0.461903353031082,-0.883488308376682,4.05199999950142,19.3311190258044,0.99773484853845,0.000976099100937525,0.199999999089121,0.46287905317231,-0.886421447244154,4.05199999999937,19.3307963267923,0.248902939899001,0.475240321262404,0.544999999912425,0.0450430510596286,-1.7515210060192,1.07173718110009,0.102421966676167,0.003464
17.78,0.479485825741406,-0.874052577779572,4.05599999948288,19.3511179377467,0.997733134050726,0.000974794786084625,0.199999999057594,0.480513727520737,-0.87698720496036,4.05599999999937,19.3507963267923,0.248902198800295,0.475240765089095,0.544999999914363,0.045043104368667,-1.73269259336535,1.03658519139868,0.102226489221953,0.0034404
17.8,0.49687607291595,-0.864267166343454,4.05999999946373,19.3711168701262,0.997731381621342,0.000973533652400552,0.199999999026765,0.49795620278492,-0.867202179487588,4.05999999999937,19.3707963267923,0.24890144981245,0.475241213268498,0.544999999916449,0.0450431581647463,-1.7131647030012,1.00181763735107,0.10202185912887,0.0039894
17.82,0.514067139717067,-0.854135987666537,4.06399999944396,19.3911158232608,0.997729592176057,0.000972315968455074,0.199999998996686,0.515199502207316,-0.857070284705564,4.06399999999937,19.3907963267923,0.248900693284872,0.475241665594997,0.544999999918632,0.0450432124232773,-1.69294516330579,0.967448428382554,0.101808056542504,0.0039226
17.84,0.53105215094871,-0.843663093661088,4.0679999994236,19.4111147974584,0.997727766650469,0.000971141983692195,0.199999998967394,0.532236728698064,-0.846595573237109,4.06799999999937,19.4107963267923,0.248899929568051,0.475242121862458,0.54499999992088,0.0450432671196359,-1.67204207926805,0.933491314602885,0.101585066171291,0.0038542
17.86,0.54782431380701,-0.832852672933652,4.07199999940266,19.4311137930165,0.997725905989579,0.000970011928436387,0.199999998938911,0.549061067593727,-0.83578223482715,4.07199999999938,19.4307963267923,0.248899159013409,0.475242581864335,0.54499999992315,0.0450433222291775,-1.65046382924603,0.899959881305968,0.101352877256268,0.0034738
17.88,0.564376920597934,-0.821709049110555,4.07599999938117,19.4511128102222,0.997724011147359,0.000968926013906509,0.199999998911245,0.565665789383069,-0.824634594666874,4.07599999999938,19.4507963267923,0.248898381973136,0.47524304539371,0.544999999925446,0.0450433777272039,-1.62821906161675,0.866867543535375,0.101111483539639,0.0035626
17.9,0.580703351420931,-0.810236679109385,4.07999999935912,19.4711118493525,0.997722083086312,0.000967884432235852,0.199999998884405,0.582044252398768,-0.813157111663714,4.07999999999938,19.4707963267923,0.248897598800067,0.475243512243398,0.544999999927741,0.0450434335890146,-1.60531669131797,0.834227540717946,0.100860883231978,0.0035907
17.92,0.596797076817489,-0.79844015135712,4.08399999933655,19.4911109106736,0.997720122777029,0.000966887356500605,0.199999998858392,0.598189905473992,-0.801354376657839,4.08399999999938,19.4907963267923,0.248896809847503,0.475243982206018,0.54499999993004,0.0450434897898818,-1.58176589628346,0.802052931367604,0.100601078978297,0.0035046
17.94,0.612651660383564,-0.786324183955637,4.08799999931347,19.5111099944414,0.997718131197754,0.00096593494075564,0.199999998833206,0.614096290562786,-0.789231110585883,4.08799999999938,19.5107963267923,0.248896015469086,0.47524445507409,0.544999999932328,0.0450435463051033,-1.55757611377282,0.770356587861492,0.10033207782281,0.0034417
17.96,0.628260761344794,-0.773893622795301,4.09199999928989,19.5311091009011,0.99771610933394,0.000965027320077916,0.199999998808844,0.629757045323196,-0.776792162592635,4.09199999999938,19.5307963267923,0.248895216018641,0.4752449306401,0.544999999934626,0.0450436031099724,-1.5327570365978,0.739151191290536,0.100053891172559,0.003559
17.98,0.643618137093515,-0.761153439617431,4.09599999926583,19.5511082302874,0.99771405817781,0.000964164610616633,0.19999999878531,0.645165905662124,-0.76404250809144,4.09599999999938,19.5507963267923,0.248894411850036,0.475245408696571,0.544999999936905,0.0450436601797916,-1.50731860924615,0.708449226386484,0.0997665347598453,0.0036074
18,0.658717645686519,-0.748108730026375,4.09999999924131,19.5711073828244,0.99771197872791,0.000963346909650785,0.199999998762595,0.660316708240884,-0.750987246774107,4.09999999999939,19.5707963267923,0.248893603317031,0.475245889036185,0.544999999939179,0.0450437174899299,-1.4812710239049,0.678262976527461,0.0994700286035143,0.0034316
18.02,0.673553248302585,-0.734764711452022,4.10399999921634,19.5911065587255,0.997709871988676,0.000962574295655017,0.1999999987407,0.675203392940453,-0.737631600571094,4.10399999999939,19.5907963267923,0.248892790773134,0.475246371451825,0.544999999941455,0.0450437750157656,-1.4546247163845,0.648604518824034,0.0991643969691555,0.0034061
18.04,0.68811901165878,-0.721126721063536,4.10799999919094,19.6111057581935,0.997707738969983,0.000961846828371247,0.199999998719623,0.689820005285437,-0.723980911562811,4.10799999999939,19.6107963267923,0.248891974571462,0.47524685573666,0.544999999943726,0.0450438327327366,-1.42739036194546,0.619485719287754,0.098849668328155,0.003383
18.06,0.702409110384574,-0.707200213635174,4.11199999916513,19.6311049814202,0.997705580686708,0.000961164548887983,0.199999998699365,0.704160698825784,-0.710040639842852,4.11199999999939,19.6307963267923,0.248891155064595,0.475247341684248,0.544999999945981,0.0450438906163438,-1.3995788710292,0.590918228084113,0.0985258753156841,0.0036709
18.08,0.716417829352806,-0.692990759365015,4.11599999913893,19.6511042285871,0.997703398158288,0.000960527479727364,0.199999998679918,0.718219737475285,-0.695816361334039,4.11599999999939,19.6507963267923,0.248890332604435,0.475247829088591,0.544999999948229,0.0450439486421611,-1.37120138489481,0.562913474871805,0.098193054687654,0.0036219
18.1,0.730139565966581,-0.678504041647492,4.11999999911234,19.6711034998647,0.99770119240828,0.000959935624938247,0.19999999866128,0.73199149780593,-0.68131376555812,4.11999999999939,19.6707963267923,0.248889507542071,0.475248317744225,0.544999999950473,0.0450440067858281,-1.34226927116339,0.535482664230174,0.0978512472766155,0.003569
18.12,0.743568832401165,-0.663745854800604,4.12399999908539,19.6911027954128,0.997698964463918,0.000959388970196636,0.199999998643451,0.745470471297209,-0.66653865336004,4.12399999999939,19.6907963267923,0.248888680227631,0.475248807446304,0.544999999952717,0.0450440650230929,-1.31279411927186,0.508636771176665,0.0975004979466245,0.0034202
18.14,0.7567002578,-0.648722101748723,4.12799999905808,19.7111021153805,0.997696715355677,0.000958887482913441,0.199999998626429,0.758651266539442,-0.651496934587681,4.12799999999939,19.7107963267923,0.248887851006653,0.47524929797643,0.544999999953616,0.0450441233284899,-1.28278773583805,0.482386536776077,0.0971408555473987,0.0036946
18.16,0.769528590423942,-0.633438791661925,4.13199999903045,19.731101459906,0.997694446116688,0.000958431111781698,0.199999998609731,0.771528611390274,-0.636194625727997,4.1319999999994,19.7307963267923,0.248887020223748,0.475249789118171,0.544999999952366,0.0450441816776778,-1.25226213993874,0.456742463843382,0.0967723728668629,0.003729
18.18,0.782048699752874,-0.61790203755279,4.13599999900247,19.7511008291169,0.997692157782306,0.000958019786985239,0.199999998592582,0.784097355083461,-0.620637847500503,4.1359999999994,19.7507963267923,0.248886188226199,0.475250280672142,0.544999999949944,0.0450442400479422,-1.22122955830286,0.431714812741818,0.0963951065829419,0.0035228
18.2,0.794255578538845,-0.602118053831622,4.13999999897414,19.7711002231298,0.997689851389833,0.00095765342098322,0.199999998574562,0.796352470289106,-0.604832822409071,4.1399999999994,19.7707963267923,0.248885355360137,0.4752507724413,0.54499999994719,0.045044298415838,-1.18970242042143,0.407313597277945,0.0960091172149184,0.0034686
18.22,0.806144344809898,-0.586093153821054,4.14399999894544,19.7910996420507,0.9976875279781,0.000957331908665524,0.199999998555551,0.808289055124526,-0.588785872253006,4.1439999999994,19.7907963267923,0.248884521970309,0.475251264230434,0.544999999944751,0.0450443567578651,-1.1576933535765,0.383548580695316,0.0956144690736078,0.0035357
18.24,0.817710243823804,-0.569833747231065,4.14799999891635,19.811099085975,0.997685188587052,0.000957055127514628,0.199999998535661,0.819902335114939,-0.572503415598413,4.1479999999994,19.8107963267923,0.248883688398137,0.47525175583908,0.544999999942499,0.0450444150500222,-1.1252151777908,0.36042927176835,0.0952112302106828,0.003408
18.26,0.828948649970909,-0.55334633759539,4.15199999888686,19.8310985549873,0.997682834257256,0.00095682293749355,0.199999998514961,0.831187665103192,-0.555991965210859,4.1519999999994,19.8307963267923,0.248882854983818,0.475252247070475,0.544999999940625,0.045044473269054,-1.09228090070037,0.337964920997981,0.0947994723669301,0.0033539
18.28,0.839855068625341,-0.536637519670368,4.15599999885694,19.8510980491615,0.997680466029496,0.000956635181313785,0.199999998493586,0.842140531107757,-0.539258125450347,4.1559999999994,19.8507963267923,0.24888202206727,0.475252737736161,0.544999999939803,0.0450445313924061,-1.05890371235204,0.316164516910612,0.0943792709197034,0.0033944
18.3,0.850425137943821,-0.519713976797263,4.1599999988266,19.8710975685609,0.997678084944429,0.00095649168487252,0.199999998471915,0.852756552128269,-0.522308589629669,4.15999999999941,19.8707963267923,0.248881189981746,0.47525322763051,0.544999999938879,0.0450445893956079,-1.02509697992795,0.295036782461841,0.0939507048299746,0.0035169
18.32,0.860654630611365,-0.502582478229107,4.16399999879582,19.8910971132385,0.997675692041973,0.000956392256661062,0.199999998449911,0.863031481897865,-0.50515013733716,4.16399999999941,19.8907963267923,0.248880359063855,0.475253716572077,0.544999999939084,0.0450446472574343,-0.990874242399094,0.274590171546409,0.093513856587613,0.0034303
18.34,0.870539455533184,-0.485249876423137,4.1679999987646,19.9110966832362,0.997673288361116,0.000956336688887704,0.199999998427982,0.872961210581635,-0.487789631724962,4.16799999999941,19.9107963267923,0.248879529643153,0.475254204361891,0.544999999939549,0.0450447049539595,-0.956249205110251,0.254832865615776,0.0930688121570955,0.0033881
18.36,0.880075659472087,-0.46772310429992,4.17199999873294,19.9310962785859,0.997670874939316,0.000956324756849538,0.199999998406219,0.882541766420499,-0.47023401676385,4.17199999999941,19.9307963267923,0.248878702048444,0.475254690809555,0.544999999940285,0.0450447624630309,-0.921235734298186,0.235772770404649,0.092615660921381,0.0035883
18.38,0.889259428630747,-0.450009172470247,4.17599999870085,19.9510958993088,0.99766845281215,0.000956356219433078,0.199999998384722,0.89176931731986,-0.452490314465736,4.17599999999941,19.9507963267923,0.248877876608158,0.475255175735458,0.544999999942137,0.0450448197632324,-0.885847851545541,0.217417512767815,0.0921544956254942,0.0034051
18.4,0.898087090178182,-0.43211516643091,4.17999999866833,19.9710955454156,0.997666023013,0.000956430819660372,0.199999998363891,0.900640172382393,-0.434565622074959,4.17999999999941,19.9707963267923,0.248877053641878,0.475255658936742,0.544999999943429,0.0450448768305601,-0.850099728172516,0.199774437628512,0.0916854123197032,0.004316
18.42,0.906555113719845,-0.414048243730489,4.18399999863541,19.9910952169069,0.9976635865724,0.000956548283863919,0.199999998343526,0.909150783384347,-0.416467109229483,4.18399999999941,19.9907963267923,0.248876233472477,0.475256140237307,0.544999999945245,0.0450449336448511,-0.814005679568631,0.182850605039572,0.0912085103009989,0.0039186
18.44,0.914660112710747,-0.395815631106285,4.18799999860208,20.0110949137728,0.997661144517873,0.000956708322942317,0.199999998323814,0.917297746194797,-0.398202015093137,4.18799999999941,20.0107963267923,0.248875416418542,0.475256619457459,0.544999999947858,0.0450449901844045,-0.777580159466809,0.16665278735852,0.0907238920548745,0.0039245
18.46,0.922398845811006,-0.377424621593528,4.19199999856837,20.0310946359931,0.997658697873484,0.000956910632301049,0.199999998305043,0.925077802137241,-0.379777645460044,4.19199999999942,20.0307963267923,0.248874602792959,0.475257096408691,0.544999999950477,0.0450450464269235,-0.740837754162094,0.15118746653775,0.0902316631960324,0.0037209
18.48,0.929768218183331,-0.358882571608036,4.19599999853429,20.0510943835377,0.997656247659336,0.00095715489163864,0.199999998287214,0.932487839293036,-0.361201369832401,4.19599999999942,20.0507963267923,0.248873792905199,0.475257570903592,0.544999999952497,0.0450451023509688,-0.703793176677299,0.136460831530867,0.0897319324082482,0.0034923
18.5,0.936765282731882,-0.340196898003487,4.19999999849986,20.0710941563661,0.997653794891163,0.000957440765155829,0.199999998270113,0.939524893746119,-0.342480618472779,4.19999999999942,20.0707963267923,0.248872987066232,0.475258042776096,0.544999999955197,0.0450451579371676,-0.666461260877932,0.122478775816236,0.0892248113835765,0.0035657
18.52,0.943387241282021,-0.321375075104473,4.2039999984651,20.091093954428,0.997651340580138,0.000957767902558899,0.199999998253984,0.946186150768535,-0.323622879432116,4.20399999999942,20.0907963267923,0.248872185580446,0.475258511849407,0.544999999958362,0.045045213164175,-0.628856955538746,0.109246895038727,0.0887104147614328,0.0034503
18.54,0.949631445700483,-0.302424631716531,4.20799999843003,20.1110937776629,0.997648885732361,0.000958135938729119,0.199999998238994,0.95246894594629,-0.304635695554595,4.20799999999942,20.1107963267923,0.248871388749175,0.475258977950594,0.544999999961993,0.0450452680116256,-0.590995318364283,0.0967704847706039,0.0881888600665342,0.0034962
18.56,0.955495398955513,-0.283353148114348,4.21199999839468,20.1310936260006,0.997646431348497,0.000958544494042849,0.199999998225312,0.958370766245082,-0.285526661460607,4.21199999999942,20.1307963267923,0.248870596864685,0.475259440886831,0.544999999964059,0.0450453224574922,-0.552891509965821,0.0850545383924532,0.0876602676465504,0.0034557
18.58,0.960976756116556,-0.26416825300935,4.21599999835905,20.1510934993612,0.997643978423174,0.00095899317372609,0.199999998212373,0.963889251015482,-0.266303420509007,4.21599999999942,20.1507963267923,0.24886981022522,0.47525990050678,0.544999999966718,0.0450453764847652,-0.514560787797113,0.0741037450949966,0.0871247606085338,0.0034214
18.6,0.966073325293082,-0.244877620497874,4.21999999832318,20.1710933976548,0.997641527944999,0.000959481569718991,0.199999998200391,0.969022192937162,-0.246973661739868,4.21999999999943,20.1707963267923,0.248869029120538,0.475260356642405,0.544999999969765,0.0450454300729348,-0.476018500051365,0.063922488002597,0.0865824647558542,0.0034403
18.62,0.970783068512172,-0.225488966991159,4.22399999828708,20.191093320782,0.99763908089601,0.000960009260078768,0.199999998189507,0.973767538901789,-0.227545116798972,4.22399999999943,20.1907963267923,0.248868253836481,0.475260809127987,0.544999999973031,0.0450454832025522,-0.43728007952187,0.0545148424192033,0.0860335085237982,0.0034251
18.64,0.975104102534516,-0.206010048128369,4.22799999825077,20.2110932686341,0.99763663825131,0.000960575809253589,0.199999998179798,0.978123390834249,-0.208025556845251,4.22799999999943,20.2107963267923,0.248867484654895,0.475261257800208,0.544999999976444,0.0450455358546077,-0.398361037428787,0.0458845741974398,0.0854780229148369,0.0035628
18.66,0.979034699608508,-0.186448655673908,4.23199999821428,20.2310932410926,0.997634200978712,0.000961180768340322,0.199999998171318,0.982088006451847,-0.188422789442429,4.23199999999943,20.2307963267923,0.248866721853897,0.475261702499679,0.544999999980037,0.0450455880105307,-0.3592769572145,0.0380351382314921,0.0849161414333897,0.0034375
18.68,0.982573288162113,-0.166812614400249,4.23599999817764,20.2510932380301,0.997631770038395,0.000961823675401542,0.199999998164131,0.985659799961195,-0.168744655436101,4.23599999999943,20.2507963267923,0.24886596570271,0.475262143050395,0.544999999982154,0.0450456396503258,-0.320043488310071,0.0309696770743946,0.084348000020184,0.0034133
18.7,0.985718453432249,-0.147109778957531,4.23999999814085,20.2710932593096,0.997629346382369,0.000962504054960208,0.199999998157707,0.988837342692514,-0.148999025817498,4.23999999999943,20.2707963267923,0.248865216474767,0.475262579313244,0.544999999984675,0.0450456907583862,-0.280676339875255,0.0246910196802746,0.0837737369856993,0.0033386
18.72,0.988468938031416,-0.12734803073118,4.24399999810395,20.2910933047852,0.997626930954466,0.00096322141968489,0.19999999815219,0.991619363671077,-0.129193798575195,4.24399999999943,20.2907963267923,0.248864474435044,0.475263011135017,0.544999999987469,0.0450457413161358,-0.241191274514605,0.0192016802720543,0.0831934929439069,0.0044596
18.74,0.99082364245134,-0.107535274688803,4.24799999806695,20.3110933743019,0.997624524689843,0.000963975269918571,0.199999998147679,0.994004750125587,-0.109336895536023,4.24799999999943,20.3107963267923,0.248863739844069,0.475263438365175,0.544999999990429,0.0450457913060257,-0.201604101972163,0.0145038573350688,0.082607410744984,0.0038669
18.76,0.992781625503449,-0.0876794362176292,4.25199999802987,20.3310934676958,0.997622128514655,0.000964765093973833,0.199999998144233,0.995992547933266,-0.0894362591964432,4.25199999999944,20.3307963267923,0.248863012957869,0.475263860855848,0.54499999999347,0.0450458407109139,-0.161930672807267,0.0105994327369998,0.0820156354077636,0.0034785
18.78,0.99434210469599,-0.0677884579537545,4.25599999799273,20.3510935847945,0.997619743345724,0.000965590368411005,0.199999998141882,0.997581962001495,-0.0694998495456525,4.25599999999944,20.3507963267923,0.248862294027874,0.475264278461928,0.544999999996521,0.0450458895140324,-0.122186872054019,0.00748997097448141,0.0814183140517676,0.0035937
18.8,0.995504456547638,-0.0478702966044701,4.25999999795555,20.3710937254165,0.997617370090218,0.000966450558318623,0.19999999814063,0.998772356585838,-0.0495356408816961,4.25999999999944,20.3707963267923,0.248861583300854,0.475264691041092,0.544999999999576,0.0450459376989449,-0.0823886128669156,0.00517671854667723,0.0808155958288569,0.0035194
18.82,0.996268216837479,-0.0279329197649359,4.26399999791837,20.3910938893722,0.997615009645339,0.000967345117595489,0.199999998140477,0.999563255544333,-0.0295516186218537,4.26399999999944,20.3907963267923,0.248860881018837,0.475265098453865,0.545000000002573,0.0450459852495753,-0.0425518301552298,0.0036606034560828,0.0802076318544922,0.0052422
18.84,0.99663308079125,-0.00798430273047962,4.26799999788119,20.4110940764633,0.997612662898009,0.000968273489236194,0.199999998141404,0.999954342527943,-0.00955577610857913,4.26799999999944,20.4107963267923,0.248860187418708,0.475265500562275,0.545000000005418,0.0450460321500569,-0.00269247420865076,0.00294223483675231,0.0795945751386547,0.0034808
