Time,X,Y,Z,Psi,Vx_B,Vy_B,Vz_B,Ref_X,Ref_Y,Ref_Z,Ref_Psi,Ux,Uy,Uz,Upsi,Int_X,Int_Y,Cost,CalcTime
0,0,0,0,0,0,0,0,1,0,0.5,1.5707963267949,0.999999999999998,0.870601151198699,0.999999999999999,0.999999999999997,0,0,1554.17259650639,0.0062392
0.02,0.000397338543735025,0.000366120430733086,0.001638,0.0214781360796707,0.0403143169078836,0.0358478547581415,0.1638,0.999800006666578,0.0199986666933331,0.504,1.5907963267949,0.999999999999891,0.999999999991359,0.999999999999944,0.44230642468997,5.3093525064095e-06,4.87721656475796e-06,1511.75890180295,0.0069181
0.04,0.00156702195270918,0.00153051797702963,0.00655199999999979,0.0711863251649913,0.0825007560482643,0.0743105547275161,0.32759999999998,0.999200106660978,0.0399893341866341,0.507999999999999,1.6107963267949,0.99999999999361,0.867841516852276,0.999999999995056,0.18598280461225,4.20976802640179e-05,3.99247979844344e-05,1472.82869768899,0.00516
0.06,0.00346353881831111,0.00352177443575125,0.0147419999999816,0.129347214538127,0.126661266183196,0.103960539992524,0.4913999999982,0.998200539935204,0.0599640064794446,0.511999999999999,1.6307963267949,1,0.725650485138814,1,0.126365906119439,0.000140362856302943,0.000138341271426136,1432.37285376619,0.0061538
0.08,0.00604498028229981,0.00626024002893021,0.0262079999999456,0.188551083776904,0.171950509165481,0.124686731059403,0.6551999999982,0.996801706302619,0.0799146939691727,0.515999999999998,1.6507963267949,0.999999999908357,0.593722091777452,0.999999999915047,0.114165816736767,0.000328310565921436,0.000331629589221297,1391.94192872153,0.0064805
0.1,0.00927924967171415,0.00966700374234059,0.0409499999996037,0.247198160595668,0.217692491531911,0.137152100704536,0.818999999967617,0.995004165278026,0.0998334166468281,0.519999999999998,1.6707963267949,1,0.473722814022961,1,0.109043783569657,0.00063266287035384,0.000648071406785668,1352.2293045986,0.0060924
0.12,0.0131434634260865,0.0136723912183374,0.0589679999989561,0.304977973802709,0.263364058739495,0.142034490936708,0.982799999967618,0.992808635853866,0.119712207288919,0.523999999999997,1.6907963267949,0.999999999999488,0.365305509001589,0.999999999998336,0.105601990852475,0.00107904731683861,0.00111297171672843,1313.43670686907,0.0050379
0.14,0.0176222235252471,0.018216764102542,0.0802619999983025,0.361792725775508,0.308526831860612,0.140002132629768,1.14659999996702,0.990215996212637,0.139543114644236,0.527999999999997,1.7107963267949,0.999999999971042,0.268353094280249,0.999999999853197,0.102522914417619,0.00169233177444452,0.00174904923490623,1275.67302944864,0.0055099
0.16,0.022705796954975,0.0232505578005078,0.104831999997114,0.41759662143513,0.35281146539913,0.131730964724137,1.31039999991417,0.987227283375627,0.159318206614246,0.531999999999997,1.7307963267949,0.99999999999998,0.182642481200701,0.999999999999839,0.099630301267384,0.00249688761570924,0.00257683843935758,1239.01408551658,0.0057984
0.18,0.0283883307759788,0.0287342026075125,0.132677999995397,0.472359763650691,0.395911684764893,0.117898732880071,1.47419999991411,0.983843692788121,0.179029573425824,0.535999999999996,1.7507963267949,0.999999999959349,0.107957904145151,0.982665537042738,0.0968954186135813,0.00351678024879299,0.00361509183082113,1203.51435576321,0.0061505
0.2,0.034666183789861,0.0346378299304062,0.163737595927033,0.5260623617342,0.437580805745471,0.0991800234691409,1.6317595932495,0.980066577841242,0.198669330795061,0.539999999999996,1.7707963267949,0.999999999994843,0.0440351704853276,0.728089401159391,0.0943393251276806,0.00477589055994056,0.00488117438905525,1169.25452505584,0.0057822
0.22,0.0415363955873069,0.0409408083911144,0.197031909636197,0.578693625089977,0.477627934949498,0.0762386932994356,1.69767177766688,0.975897449330606,0.218229623080869,0.543999999999995,1.7907963267949,0.999999999999994,-0.00980120229632163,0.549467830942513,0.0919856123034308,0.00629797224380462,0.00639144293464098,1136.78467955901,0.0058744
0.24,0.0489954059592755,0.0476309908018705,0.231001429380928,0.630251850917851,0.515913093676025,0.0497054453737566,1.69928019680618,0.97133797485203,0.237702626427134,0.547999999999995,1.8107963267949,0.999999999920519,-0.0540479144993806,0.427722081866025,0.0897450576698735,0.00810665226994942,0.0081616018827966,1105.95800261811,0.0051961
0.26,0.0570380082233599,0.0547037996900324,0.264564832811769,0.680742133153576,0.55234153917438,0.020182222117124,1.65706014627795,0.966389978134513,0.257080551892155,0.551999999999994,1.8307963267949,0.999999999970581,-0.0892131102529289,0.348218241001063,0.0876550214705299,0.0102253855643112,0.0102070240821453,1076.71839082675,0.0076041
0.28,0.0656564535929959,0.062161324238759,0.296997621404932,0.730174664590186,0.586858389010081,-0.0117606726005892,1.58621871303834,0.961055438310771,0.276355648564114,0.555999999999994,1.8507963267949,0.99999999996266,-0.11559948748807,0.299772233703397,0.0857081124415469,0.0126773706209327,0.0125430357030663,1049.01756220708,0.005968
0.3,0.0748396757937991,0.0700114477722024,0.327839175707031,0.778564869030582,0.619443606451966,-0.0455785377194694,1.49793671717156,0.955336489125606,0.29552020666134,0.559999999999994,1.8707963267949,0.999999999999951,-0.134068149674867,0.273871966725864,0.0840149644103896,0.0154854321294273,0.0151851650932481,1022.79320730779,0.0057831
0.32,0.0845727786012374,0.078266854317646,0.356821849130675,0.825935126153035,0.650106527272285,-0.0807787537648035,1.40033062519287,0.949235418082441,0.314566560616118,0.563999999999993,1.8907963267949,0.999999999999999,-0.145201577435038,0.264070516635185,0.0823828337553034,0.018671876444047,0.0181493558276997,997.967422068256,0.0061005
0.34,0.0948367684638856,0.0869439728348897,0.383817115494419,0.872312268111093,0.678880416530826,-0.116908905235598,1.29919601118154,0.942754665528346,0.333487092140814,0.567999999999993,1.9107963267949,0.99999999996517,-0.149487301815026,0.265513312170025,0.0808633269363433,0.0222583329989201,0.0214521369008497,974.449895597065,0.0060276
0.36,0.105608332984308,0.0960620745019845,0.408794883641862,0.917724260169411,0.705818280887839,-0.153551371549597,1.19858080356275,0.935896823677935,0.35227423327509,0.571999999999992,1.9307963267949,0.999999999997886,-0.147380346223972,0.274570205970328,0.0794862084486921,0.0262655857144562,0.0251107541676649,952.142847716049,0.0056967
0.38,0.116859708938521,0.105642443577466,0.43179295245461,0.962201804235048,0.730988881923081,-0.190323268482183,1.10122607771207,0.92866463557651,0.370920469412983,0.575999999999992,1.9507963267949,0.999999999980099,-0.139640025353856,0.288549591762525,0.0783087784474234,0.030713397277095,0.0291432672592848,930.954549887912,0.0060371
0.4,0.128558756788438,0.115707528829044,0.452894252539197,1.00577992746116,0.754472472269199,-0.226890404155881,1.00890393074657,0.921060994002885,0.389418342308651,0.579999999999991,1.9707963267949,0.99999999998812,-0.126807883944678,0.305476642788248,0.0771625238430016,0.035620331543803,0.0335686134490567,910.801238961468,0.0067732
0.42,0.140669172311438,0.126280142512455,0.472210047068166,1.04849514165464,0.776357623170931,-0.262955801924584,0.922675522150344,0.913088940312308,0.40776045305957,0.583999999999991,1.9907963267949,0.999999999925486,-0.109156648984857,0.323921614243099,0.076049664085558,0.0410035828647939,0.0384066375928545,891.605164885817,0.0059205
0.44,0.153150620441369,0.13738283990915,0.489867675322448,1.09038184896291,0.796739647703561,-0.298245161954077,0.84308730327786,0.904751663219963,0.425939465066,0.58799999999999,2.0107963267949,0.999999999983382,-0.0873929348680377,0.34286719331414,0.0752058859803166,0.0468788125474955,0.0436780936766481,873.298707493669,0.0056928
0.46,0.165959003528849,0.149037321878431,0.506001743283936,1.13147765085479,0.815716965060232,-0.332528517197599,0.77031949287095,0.896052497525525,0.44394810696552,0.59199999999999,2.03079632679489,0.999999999999258,-0.0620181457329128,0.361606267282078,0.0743535171714436,0.0532599917145967,0.0494046230029277,855.828190717195,0.0066703
0.48,0.179046876985329,0.161263860278002,0.520747915703571,1.1718219759497,0.833388925647107,-0.365609795747726,0.704297749092499,0.886994922779284,0.461779175541483,0.59599999999999,2.05079632679489,0.999999999915455,-0.0332684304017492,0.379663355927809,0.0734766672010111,0.0601592594073095,0.055608707969626,839.145227624665,0.0049376
0.5,0.192363742652537,0.174080881398605,0.534238658766761,1.21144979646442,0.849856537741347,-0.397309788220095,0.64477655722651,0.877582561890373,0.479425538604203,0.599999999999989,2.07079632679489,0.999999999902562,-0.00172331378071439,0.396734425749109,0.0728654100525445,0.0675867950940752,0.0623136060796682,823.208590620527,0.0049385
0.52,0.205856415338188,0.187504591901829,0.546600433843988,1.25039795243519,0.865219142678194,-0.427484953186389,0.59140095049619,0.867819179677651,0.496880137843737,0.603999999999989,2.09079632679489,0.999999999998965,0.0322127214958715,0.412640958541825,0.0722143746605531,0.0755507028526747,0.0695432688393306,807.988444430503,0.0063285
0.54,0.219469486932708,0.201548637909757,0.557951960304662,1.28870444118137,0.87957319305204,-0.45601861046275,0.543751695571247,0.857708681363825,0.514135991653114,0.607999999999988,2.11079632679488,0.999999999996181,0.0683222696521205,0.427295052234375,0.0715235793899714,0.0840569135265961,0.0773222457429917,793.453970936086,0.0050116
0.56,0.233145673474688,0.216223873727577,0.568403256404131,1.32640196377601,0.893014429252734,-0.482806752023174,0.501377914375622,0.847255111013417,0.531186197920884,0.611999999999988,2.13079632679488,0.999999999995309,0.106112563046717,0.440673041397295,0.0711043998972528,0.0931091031717998,0.0856755769073434,779.581656662286,0.0059135
0.58,0.246826218642017,0.231538166929351,0.578055237640674,1.36352511720051,0.90563421804426,-0.507775121405873,0.463820209278648,0.836462649915188,0.548023936791875,0.615999999999987,2.15079632679488,1,0.145349691082215,0.452795680609004,0.0705065376772757,0.102708625297623,0.094628677566889,766.352018562481,0.0056993
0.6,0.260451315248723,0.24749624821769,0.586999706276439,1.40010701088613,0.917520478778925,-0.530864526943141,0.43062665429789,0.82533561490968,0.564642473395037,0.619999999999987,2.17079632679488,0.999999999996579,0.185716132548978,0.463713368738599,0.0700852743062741,0.112854461074256,0.104207215247923,753.742030899828,0.0059468
0.62,0.273960464761589,0.264099623714005,0.595319607489856,1.43617768453528,0.928758377133769,-0.552032338765311,0.401363467043785,0.813878456662536,0.581035160537307,0.623999999999986,2.19079632679488,0.999999999999128,0.226925456918202,0.473495232275631,0.0696364276467579,0.123543184229766,0.114436982470411,741.736815774268,0.0054759
0.64,0.28729286366484,0.281346520117623,0.603089459666924,1.47176739543049,0.93942841891633,-0.571253452280268,0.375621750663013,0.802095757884295,0.597195441362394,0.627999999999986,2.21079632679487,0.99997527592355,0.268752293116485,0.482221151531945,0.069161945942226,0.134768941204863,0.125343766520046,730.314724241573,0.0053569
0.66,0.300387751386745,0.299231862492576,0.610375890825699,1.50690239788354,0.949607725469289,-0.588513248210852,0.353021365214512,0.789992231497368,0.613116851973436,0.631999999999986,2.23079632679487,0.980718007770363,0.310936901242795,0.489976020885701,0.0687787303231892,0.146523446083874,0.136953217757727,719.461004853742,0.0067064
0.68,0.313184348144102,0.31773963878479,0.617238231805178,1.54160787545982,0.958605136238502,-0.603797997803026,0.333212732733365,0.777572718750931,0.628793024018471,0.635999999999985,2.25079632679487,0.926497638623609,0.353215018431154,0.496845695972849,0.0683057443405186,0.158795983334613,0.149290615597421,709.219228485936,0.0051601
0.7,0.325622582328356,0.336829103060592,0.623729130965347,1.57590658305778,0.965108818961122,-0.61707034731658,0.315877183283591,0.764842187284492,0.644217687237694,0.639999999999985,2.27079632679487,0.876436734604425,0.395300579505896,0.502914206460652,0.0679451886045623,0.171573414433987,0.162380145454861,699.677473237058,0.0045272
0.72,0.337645357707622,0.356444423729497,0.629895165774277,1.60981966005904,0.969376208872276,-0.628288655584777,0.300726297609425,0.751805729140899,0.659384671971476,0.643999999999984,2.29079632679486,0.830364890958474,0.436956634982127,0.508261911148721,0.0676313706354542,0.184840249193931,0.176243955942614,690.79359100709,0.0044025
0.74,0.349199655813042,0.376530496584928,0.635777434606601,1.64336957363883,0.971652446939598,-0.637434263067903,0.287500585622965,0.738468558729593,0.674287911628149,0.647999999999984,2.31079632679486,0.788083945572804,0.477970190400332,0.512964347824514,0.067349533000122,0.198578795467066,0.190901976663174,682.52520174732,0.004303
0.76,0.360236434565181,0.397033019981443,0.641412117971229,1.67657831074865,0.972170031956611,-0.644507516212657,0.27596775083979,0.724836010740911,0.688921445110555,0.651999999999983,2.33079632679486,0.749417775754772,0.518151177337574,0.517091589521759,0.067094103188972,0.212769320235189,0.206371948894339,674.8300554051,0.0044691
0.78,0.370710525088946,0.41789856370399,0.646831002710303,1.70946699755684,0.971149764449227,-0.649525304914008,0.265920723067623,0.710913538012283,0.703279419200415,0.655999999999983,2.35079632679486,0.714185355946693,0.557331142003385,0.520707964068344,0.0668614267995456,0.227390206609044,0.22266945902495,667.666070100654,0.0043343
0.8,0.380580526475161,0.439074639925008,0.652061965842301,1.74205578710954,0.968800533640426,-0.652519025844083,0.257175590132227,0.696706709347172,0.717356090899528,0.659999999999982,2.37079632679486,0.68220629122813,0.595361882923989,0.523872029126672,0.0666483687693678,0.242418106657206,0.239807974861331,660.991444655098,0.0041361
0.82,0.389808699025135,0.460509767101512,0.657129416949802,1.77436380868353,0.965319352101707,-0.653532753391336,0.249569520617829,0.68222120728762,0.731145829726902,0.663999999999982,2.39079632679485,0.653301706049741,0.632114132708691,0.526636721904873,0.0664520530236616,0.25782808999434,0.257798884617755,654.764777243138,0.004206
0.84,0.398360856206252,0.482153528908965,0.662054699561016,1.80640913831006,0.960891460753484,-0.652621574333416,0.242958740503583,0.667462825841315,0.744643119970866,0.667999999999982,2.41079632679485,0.627294892860286,0.667476293963603,0.529049623465206,0.0662698101422023,0.273593788072613,0.276651538362592,648.945200192971,0.004347
0.86,0.406206255562405,0.503956628443767,0.666856453015563,1.83820878192252,0.955690487812534,-0.649850069218564,0.237216604951057,0.65243746816406,0.757842562895284,0.671999999999981,2.43079632679485,0.604011846685789,0.701353234284416,0.531153293425924,0.0660991615379812,0.289687534129639,0.296373291726577,643.492525440136,0.0045172
0.88,0.413317488807796,0.525870937866299,0.671550936970917,1.86977866849963,0.949878649107696,-0.645290928552823,0.23223179058439,0.637151144198589,0.770738878898977,0.675999999999981,2.45079632679485,0.583281713970964,0.733665142089067,0.532985642919579,0.0659378102464784,0.306080498755776,0.316969551687446,638.367395132339,0.0041636
0.9,0.419670371318289,0.547849543645023,0.676152321097115,1.90113365172641,0.943606979629446,-0.63902369283933,0.227906622035438,0.621609968270674,0.783326909627492,0.67999999999998,2.47079632679484,0.564937173058897,0.764346442652214,0.53458032282379,0.0657836332218805,0.322742821052421,0.338443824251786,633.531432683936,0.0044482
0.92,0.42524383122177,0.569846787557115,0.68067294269999,1.9322875190056,0.937015588408496,-0.631133605970409,0.224155538252002,0.605820156643473,0.795601620036375,0.68399999999998,2.49079632679484,0.5488147580986,0.793344771350919,0.535967111174269,0.0656346741880167,0.339643735361298,0.360797763861275,628.947390392828,0.004707
0.94,0.430019798278142,0.591818303597841,0.685123535065257,1.96325300680637,0.930233930651569,-0.62171057203814,0.220903698274739,0.589788025031109,0.807558100405125,0.687999999999979,2.51079632679484,0.534755136209585,0.820620001538996,0.537172288829122,0.0654891371645849,0.356751693552532,0.384031224356612,624.579290461958,0.0042756
0.96,0.433983092730506,0.613721050948111,0.689513429270536,1.99404182145983,0.923381092591423,-0.610848206260376,0.218085722253223,0.573519986072468,0.819191568301009,0.691999999999979,2.53079632679484,0.522603344428977,0.846143320644131,0.538218996278105,0.0653453794961257,0.374034482866748,0.408142311338495,620.392556901499,0.004451
0.98,0.437121314302526,0.635513343147271,0.693850732102202,2.02466466459861,0.916566085704389,-0.598642971553136,0.215644560913341,0.55702254676623,0.830497370491982,0.695999999999979,2.55079632679484,0.512208993246996,0.869896149486839,0.539127567312382,0.0652019032399299,0.39145933931357,0.43312743577092,616.354136347502,0.0047378
1,0.439424731588032,0.657154873654558,0.698142482562793,2.055131262469,0.909888147864684,-0.585193401412623,0.213530485145798,0.540302305868153,0.84147098480791,0.699999999999978,2.57079632679483,0.503426437605745,0.891867068885293,0.539915837291178,0.0650573320376932,0.408993056636799,0.458981368678418,612.432606626052,0.0047344
1.02,0.440886172892748,0.678606738436998,0.702394789279958,2.08545039807124,0.90343704840629,-0.57059948679309,0.211700186570622,0.523365951251663,0.852108021949377,0.703999999999978,2.59079632679483,0.496115039487694,0.912069013120043,0.540599425214504,0.0649106223408067,0.426602090878225,0.485697296802758,608.598275459555,0.0047239
1.04,0.441500912874249,0.699831452584004,0.706612950942142,2.11562994991524,0.897293408235106,-0.554961377827631,0.210115979647844,0.506220257232793,0.862404227243354,0.707999999999977,2.61079632679483,0.490138965058286,0.930496088586987,0.541191989782911,0.0647604219589893,0.444252660534554,0.513266879067432,604.823234155447,0.0044689
1.06,0.441266564272857,0.720792965850328,0.710801561698318,2.14567692737298,0.891529006465571,-0.538379919392126,0.208745095969691,0.488872081860543,0.872355482345003,0.711999999999977,2.63079632679483,0.485367732802603,0.947169446773413,0.541705460428912,0.0646059419185002,0.461910842176933,0.541680303628227,601.081468993109,0.0046678
1.08,0.440182973153758,0.741456676618911,0.714964603275256,2.17559750835173,0.88620710363355,-0.520955282979593,0.2075590617241,0.471328364173756,0.881957806884965,0.715999999999976,2.65079632679482,0.481676040302518,0.962106616619885,0.542150244520516,0.0644462964551559,0.479542661924384,0.570926345575326,597.348877818827,0.0048861
1.1,0.438252111653317,0.761789441194297,0.719105525390011,2.20539708300367,0.881382761264239,-0.502786913258341,0.206533149751486,0.453596121425594,0.891207360061454,0.719999999999976,2.67079632679482,0.478943942232396,0.975355871596522,0.542535412437985,0.0642808360326103,0.497114182603382,0.600992425058906,593.603324655672,0.005049
1.12,0.435477967155713,0.781759576522101,0.723227315869818,2.23508029633892,0.877103179466597,-0.483972050121497,0.20564589822916,0.435682446276729,0.900100442176525,0.723999999999975,2.69079632679482,0.477056837035687,0.986926378204201,0.542868862211954,0.0641088752838442,0.514591586625988,0.631864665709948,589.824611372447,0.0049888
1.14,0.431866439667392,0.801336865007889,0.727332561738364,2.26465109092133,0.87340802302459,-0.464607197296565,0.204878688625463,0.417594503958376,0.908633496115905,0.727999999999975,2.71079632679482,0.475905627392958,0.996855874854361,0.543157465480978,0.0639298839961905,0.531941254441606,0.663527953098086,585.994574567908,0.0060923
1.16,0.427425247288909,0.820492562282698,0.731423502386605,2.29411274808919,0.870329744286526,-0.444786757712498,0.204215376198615,0.399339529406292,0.91680310877179,0.731999999999975,2.73079632679482,0.475385508604323,0.999998462284552,0.543407196527731,0.0637247204494349,0.549129839202215,0.695965993550483,582.097091067777,0.0057047
1.18,0.42216543992587,0.839200850872885,0.735502075818077,2.32346752873607,0.867890874056812,-0.424819352843999,0.203641966948599,0.380924824366901,0.924606012408045,0.735999999999974,2.75079632679481,0.475411035550205,0.999988702100539,0.543623246061018,0.063498635248599,0.566124359050192,0.729161392429499,578.129592006468,0.0052919
1.2,0.416101662369932,0.857439397789671,0.739569958842868,2.3527164855411,0.866104138101506,-0.404858342165062,0.203146335530565,0.362357754476693,0.932039085967252,0.739999999999974,2.77079632679481,0.475901104255422,0.999999321880925,0.543810121316071,0.0632655433417366,0.582892354534946,0.763095798170491,574.083801551309,0.0055157
1.22,0.409249863692233,0.875187540237529,0.743628601990218,2.38185998588928,0.864976726454222,-0.384922618765113,0.202717979204351,0.343645746316068,0.939099356319095,0.743999999999973,2.79079632679481,0.476774407826392,0.999999824979452,0.543971733966666,0.0630296367965531,0.599401984843747,0.797750005297973,569.946406114037,0.0052974
1.24,0.401626302376052,0.892425362604595,0.747679259816585,2.41089815619345,0.864512080371315,-0.365031939131153,0.20234780343235,0.324796284438797,0.945783999449568,0.747999999999973,2.81079632679481,0.477953931924244,0.999999999928561,0.544111477159863,0.0627933709295931,0.615622053224694,0.833103996891526,565.705960520032,0.0059294
1.26,0.393247562764903,0.909133651198173,0.751723017203007,2.43983104464767,0.864710030726641,-0.345205264247553,0.202027935209901,0.305816908378311,0.952090341590547,0.751999999999972,2.8307963267948,0.479364816524298,0.999999999794226,0.544232293011531,0.0625543439870916,0.631522019762648,0.869136973623535,561.352714522502,0.0066337
1.28,0.384130565895734,0.925293846172835,0.755760812162046,2.46865862809241,0.865566936892897,-0.325461072622852,0.201751560694052,0.286715209631978,0.958015860289258,0.755999999999972,2.8507963267948,0.480937170378801,0.99999999988167,0.544336731499662,0.062314011423935,0.647072014597864,0.905827380837118,556.878570301942,0.0062974
1.3,0.37429258592991,0.940888002606219,0.759793455609326,2.49738080017105,0.867075940856904,-0.305817258214377,0.201512784033931,0.26749882862461,0.963558185417228,0.759999999999971,2.8707963267948,0.482604350193134,0.999999999988998,0.544427001966026,0.0620725239856386,0.662242851717366,0.943152933898056,552.277014200925,0.0061408
1.32,0.363751268312357,0.955898758151908,0.763821648497082,2.52599741272052,0.869227134485051,-0.286291090315719,0.2013065047417,0.248175451652396,0.968715100118302,0.763999999999971,2.8907963267948,0.484303360655804,0.999999975957256,0.544505017994105,0.0618295512724756,0.677006043436543,0.98109064212441,547.543050467563,0.0051846
1.34,0.35252464942323,0.970309306780385,0.767845996656695,2.55450827578499,0.872007758007573,-0.266899138425579,0.201128311219578,0.228752807808483,0.973484541695358,0.767999999999971,2.9107963267948,0.485975456538999,0.999999987412336,0.544572436496858,0.061586357318531,0.691333815640139,1.01961683154415,542.673137987,0.0051905
1.36,0.340631176718669,0.984103378587521,0.771867023652476,2.58291318187829,0.875402416101204,-0.2476572216098,0.200974388358447,0.209238665891443,0.977864602435356,0.77199999999997,2.93079632679479,0.487564873873867,0.999999989016404,0.544630691790064,0.0613418591116965,0.705199123822589,1.05870716672381,537.665124173052,0.0052732
1.38,0.328089729020202,0.997265225305861,0.775885181910089,2.61121191065017,0.879393248840329,-0.228580355898536,0.20084143740287,0.189640831297859,0.981853530372402,0.77599999999997,2.95079632679479,0.489020014530741,0.999999936767437,0.544681025165897,0.0610966126780206,0.718575669935736,1.09833667190588,532.51818510912,0.0051684
1.4,0.314919636448499,1.00977961127597,0.779900862348743,2.63940421955437,0.883960153456713,-0.20968269251411,0.200726606462593,0.169967142900266,0.985449729988505,0.779999999999969,2.97079632679479,0.490292841791516,0.999998540828478,0.544724510644193,0.0608509155207613,0.731437920045607,1.13847975167517,527.232763850734,0.0051358
1.42,0.301140699510612,1.0216318101488,0.783914402716314,2.66748986390153,0.889080972950903,-0.19097754131008,0.200627430294502,0.150225469911711,0.988651762851766,0.783999999999969,2.99079632679479,0.491338929755946,0.999964911078745,0.544762077326116,0.0606047924352446,0.743761122768275,1.17911021137749,521.810512312132,0.0049562
1.44,0.286773212554207,1.0328076179789,0.787926094800579,2.69546860377608,0.89473167151643,-0.172478575243108,0.200541778131904,0.130423708738171,0.991458348191735,0.787999999999968,3.01079632679479,0.4921174936031,0.999926218719126,0.544794528795078,0.0603584661076419,0.755521328523508,1.22020127766428,516.254294443504,0.0060491
1.46,0.271837979131264,1.04329336044259,0.791936190666879,2.7233402088799,0.900886528016139,-0.154197362499394,0.200467808498132,0.110569779820095,0.993868363411695,0.791999999999968,3.03079632679478,0.492590825065866,0.993548990909341,0.544822559973576,0.0600886495554796,0.766695409679321,1.26172561966221,510.567916900266,0.0053126
1.48,0.256357374592906,1.05307832665209,0.795944908052747,2.75110396208226,0.907514730733841,-0.136408949309247,0.200403930088619,0.0906716244643356,0.995880844537693,0.795999999999968,3.05079632679478,0.49273888169191,0.984458279654779,0.544846771684809,0.0598003671552093,0.777261095192887,1.30365540251661,504.770576431667,0.0050687
1.5,0.24035560387872,1.06215587834275,0.799952435032584,2.77875832989731,0.914579735892818,-0.119232695888808,0.20034876789515,0.070737201667729,0.99749498660411,0.799999999999967,3.07079632679478,0.492545199049607,0.974656007755747,0.544867683394248,0.0595038116506039,0.787197050764353,1.34596245329492,498.874411104319,0.0054706
1.52,0.223857553587627,1.07052135589172,0.803958934050707,2.80630136346837,0.922042770051325,-0.102701667983558,0.20030113391708,0.0507744849336054,0.998710143975641,0.803999999999967,3.09079632679478,0.491995668917769,0.964372313699494,0.544885744098237,0.0592027537255246,0.796482926461738,1.38861837815491,492.887912605796,0.0043979
1.54,0.20688835632566,1.07817123783721,0.807964545407802,2.83373103082749,0.929864254430079,-0.0868377119905468,0.200260001792445,0.0307914590824925,0.999525830605539,0.807999999999966,3.11079632679477,0.491079749642739,0.953699798155601,0.544901341872794,0.0588984878439593,0.805099373127974,1.43159462018402,486.819730633145,0.0043278
1.56,0.189473299134974,1.08510302725947,0.811969390274393,2.86104533093964,0.938004184230104,-0.0716573979324003,0.200224484866651,0.0107961170582938,0.999941720230029,0.811999999999966,3.13079632679477,0.489790336544341,0.942666117650921,0.544914812104409,0.0585916011798501,0.813028050220399,1.47486250230791,480.67887111227,0.0044075
1.58,0.171637767020192,1.09131521480967,0.815973573295302,2.88824233026163,0.946422390786625,-0.0571748197743161,0.200193817224238,-0.00920354326878194,0.999957646498805,0.815999999999965,3.15079632679477,0.488123639168392,0.931334936115644,0.544926444608315,0.0582826750589,0.820251630793159,1.51839326736741,474.474740510797,0.0044437
1.6,0.153407192353241,1.0968072511097,0.819977184840376,2.91532018100325,0.955078779679151,-0.0434001421940007,0.200167337283232,-0.0291995223012625,0.999573603041573,0.819999999999965,3.17079632679477,0.486078919329583,0.919760312535288,0.544936489802442,0.0579722743979807,0.826753804428843,1.56215811717225,468.216981721389,0.004459
1.62,0.134807003019305,1.1015795064975,0.823980302949329,2.94227713717665,0.963933568329273,-0.0303400731685612,0.200144473612111,-0.0491838219141443,0.998789743470594,0.823999999999964,3.19079632679477,0.483658276865048,0.907993272692356,0.5449451640453,0.0576609481247962,0.832519278080061,1.60612825007624,461.915409580485,0.0044036
1.64,0.115862574422213,1.10563323371718,0.827982995012135,2.96911156843407,0.972947502172358,-0.0179980633177513,0.200124732668419,-0.0691484486540361,0.997606381319246,0.827999999999964,3.21079632679476,0.480866429105765,0.896071617145384,0.544952654246745,0.0573491867024262,0.837533774920295,1.65027489701863,455.579937253185,0.0041368
1.66,0.0965991850613228,1.10897053519058,0.831985319220791,2.99582197100096,0.98208204709304,-0.00637493388624775,0.200107688197247,-0.0890854169364333,0.996023989916612,0.831999999999964,3.23079632679476,0.477710518329976,0.884069892222492,0.544959121899644,0.0570376237332837,0.841784031342293,1.69456935613637,449.220526803415,0.0050238
1.68,0.0770419727880609,1.11159431845209,0.835987325823575,3.02240697942841,0.99129958141319,0.0045325839917751,0.200092972081118,-0.108986752239846,0.994043202198154,0.835999999999963,3.25079632679476,0.474199820734579,0.872009346504239,0.544964706474592,0.0567266946151474,0.845257792215738,1.73898302596814,442.84704996619,0.0048285
1.7,0.0572158947938699,1.11350825646051,0.839989058208506,3.0488653759438,1.00056356050477,0.0147295283948259,0.200080266411971,-0.1288444942955,0.991664810452549,0.839999999999963,3.27079632679476,0.470345606280627,0.859933784288956,0.544969528452838,0.0564168862855158,0.847943804428659,1.7834874367245,436.469321872028,0.0045645
1.72,0.0371456917819999,1.11471675865543,0.843990553839175,3.07519609590098,1.00983865283378,0.0242235770779642,0.200069296654993,-0.148650700271339,0.988889766004785,0.843999999999962,3.29079632679475,0.466160903935113,0.84788256472019,0.544973691896733,0.0561086728080974,0.849831808948031,1.82805428039483,430.097000239207,0.0048817
1.74,0.0168558531037175,1.11522493261272,0.847991845063103,3.10139823350604,1.01909087084692,0.0330247776551533,0.200059825737817,-0.168397447949053,0.98571917883564,0.847999999999962,3.31079632679475,0.461660298017861,0.835891802043309,0.544977286686123,0.0558025059377084,0.850912531453327,1.87265543943356,423.739538548082,0.004412
1.76,-0.00362941536282915,1.11503854708316,0.85199295980993,3.12747104625162,1.02828768355486,0.0411453284918047,0.200051648944821,-0.188076838892856,0.982154317137708,0.851999999999961,3.33079632679475,0.456859730134817,0.823994809321477,0.5449803904444,0.0554988144804591,0.851177671631365,1.91726301394329,417.40614196642,0.004346
1.78,-0.0242862208065252,1.1141639958241,0.855993922194426,3.15341395797285,1.03739811218819,0.048599379089924,0.200044589504805,-0.207681001608761,0.978196606808137,0.855999999999961,3.35079632679475,0.451776308061293,0.812222280116451,0.5449830702086,0.0551980042137552,0.850619891237305,1.96184934739621,411.105727382348,0.0044322
1.8,-0.0450910106647021,1.11260826205891,0.859994753037273,3.17922656064114,1.04639280981637,0.0554028394325145,0.200038494779901,-0.227202094693065,0.97384763087829,0.85999999999996,3.37079632679475,0.446428122087548,0.800602373463997,0.544985383871167,0.0549004575013827,0.849232801020453,2.00638705092159,404.846887922868,0.0048573
1.82,-0.0660205974774299,1.11037888355217,0.863995470314807,3.20490861500603,1.05524412567844,0.0615731947110057,0.200033232973521,-0.246632309968812,0.969109128880554,0.86399999999996,3.39079632679474,0.440834069462416,0.789160775663439,0.54498738142579,0.0546065329003752,0.847010946609612,2.05084902618379,398.637862001774,0.0063192
1.84,-0.0870521814936188,1.10748391834214,0.867996089547411,3.2304600501782,1.06392615496711,0.0671293249319217,0.200028690286805,-0.265963875608959,0.963982996152549,0.86799999999996,3.41079632679474,0.435013687412226,0.777920760652133,0.544989106043838,0.0543165648658367,0.84394979344949,2.09520848687631,392.486506788333,0.0055387
1.86,-0.108163371108333,1.10393191118446,0.871996624134905,3.25588096223992,1.07241477484287,0.0720913297706074,0.200024768462587,-0.285189059245001,0.958471283079019,0.871999999999959,3.43079632679474,0.428986995111842,0.766903255303926,0.544990595004382,0.0540308635947191,0.840045710876505,2.13943897885911,386.400275930773,0.0054121
1.88,-0.129332201212642,1.09973186076171,0.875997085646172,3.28117161196608,1.08068766749355,0.0764803592534716,0.200021382664164,-0.304300171059814,0.952576194271703,0.875999999999959,3.45079632679474,0.422774344890762,0.756126910902798,0.54499188049762,0.0537497150132725,0.835295955419117,2.18351439896891,380.386201341258,0.0048514
1.9,-0.150537149539278,1.09489318770899,0.879997484069247,3.30633242173678,1.08872433108817,0.0803184508468978,0.200018459643307,-0.323289566863485,0.946300087687525,0.879999999999958,3.47079632679473,0.416396282868605,0.745608180530417,0.544992990318946,0.0534733809003784,0.829698653404542,2.2274090125339,374.450878833212,0.0054741
1.92,-0.171757151088919,1.08942570350103,0.883997828027261,3.33136397172097,1.09650607949733,0.0836283734639436,0.200015936158128,-0.342149651150881,0.939645473685438,0.883999999999958,3.49079632679473,0.409873419131339,0.735361401663895,0.544993948468483,0.0532020991351499,0.8232527829503,2.27109746962674,368.600457391386,0.0063537
1.94,-0.19297161072304,1.08333958024061,0.88799812496491,3.35626699540826,1.1040160316665,0.0864334788156187,0.200013757606782,-0.360872880139751,0.932615014022317,0.887999999999957,3.51079632679473,0.403226307480461,0.725398882877002,0.544994775668856,0.0529360840542036,0.815958155415675,2.31455482009077,362.840631848076,0.0044062
1.96,-0.21416041400999,1.07664532138301,0.891998381309454,3.38104237456374,1.11123909153217,0.0887575604345297,0.20001187684757,-0.37945176478814,0.925211520788288,0.891999999999957,3.53079632679473,0.396475334721539,0.715730994513696,0.544995489812558,0.052675526911206,0.807815396384682,2.35775652737648,357.17663873484,0.0047998
1.98,-0.235303936411174,1.06935373342555,0.89599860260973,3.4056911336782,1.118161919367,0.0906247206432862,0.20001025318009,-0.397878873789903,0.917437955281933,0.895999999999956,3.55079632679473,0.389640619384997,0.706366261746658,0.544996106348184,0.0524205964201309,0.798825926248681,2.40067848122613,351.613255076254,0.0047476
2,-0.256383050894097,1.06147589858636,0.899998793656186,3.4302144339827,1.12477289542725,0.0920592456267996,0.200008851465437,-0.416146836547131,0.909297426825808,0.899999999999956,3.57079632679472,0.382741919721463,0.697311459705253,0.54499663861405,0.0521714393748216,0.788991940453297,2.44329700924569,346.154799893172,0.0046937
2.02,-0.277379134058526,1.05302314849138,0.903998958584505,3.45461356709374,1.13106207675658,0.0930854887114546,0.200007641366495,-0.43424834611829,0.900793191522756,0.903999999999956,3.59079632679472,0.375798550758679,0.688571709893513,0.544997098126326,0.0519281813326751,0.778316389470837,2.48558888740403,340.805138184326,0.0045223
2.04,-0.298274070861191,1.04400703888411,0.90799910096509,3.47888994835172,1.13702114797488,0.0937277618821939,0.200006596691972,-0.452176162140903,0.891928650953512,0.907999999999956,3.61079632679472,0.368829310162817,0.680150577237838,0.544997494827831,0.0516909273522858,0.766802958555976,2.52753134949995,335.567687158629,0.0050886
2.06,-0.319050258023277,1.03443932536761,0.911999223880309,3.50304510991184,1.14264336685016,0.0940102355056373,0.200005694829992,-0.469923113727595,0.882707350816109,0.911999999999956,3.63079632679472,0.361852412608472,0.672050167166486,0.544997837302898,0.0514597627754876,0.754456047339076,2.56910209563834,330.445424495465,0.0047325
2.08,-0.339690606203536,1.02433194018454,0.915999329991199,3.52708069364317,1.14792350541677,0.0939568461710902,0.200004916259035,-0.487482102334354,0.873132979507655,0.915999999999956,3.65079632679472,0.354885357798991,0.664267974399565,0.544998126123239,0.0512347111691836,0.741280749308172,2.61027929975666,325.440898515079,0.0042835
2.1,-0.360178541512354,1.01369697130428,0.919999421570424,3.55099844296707,1.15285778270143,0.0935910777551123,0.200004241663401,-0.504846104599854,0.863209366649015,0.919999999999956,3.67079632679472,0.347945193637946,0.656810650161669,0.544998383867343,0.0510159368049149,0.727282831220794,2.65104161626035,320.556242522189,0.0047442
2.12,-0.380498004888801,1.00254663971859,0.923999500585614,3.57480019721103,1.15744381077748,0.0929363202320571,0.200003659855645,-0.522008175154706,0.85294048155302,0.923999999999956,3.69079632679472,0.341047985168849,0.649672419411815,0.544998606045967,0.0508033691201671,0.712468712484383,2.69136818582161,315.793179001159,0.0045169
2.14,-0.400633450551157,0.990893278139954,0.927999568764493,3.59848788437905,1.16168051813467,0.0920153274700128,0.200003158032193,-0.538961449399512,0.842330431636792,0.927999999999956,3.71079632679472,0.334209115954088,0.642850543792494,0.544998797604853,0.0505970520572451,0.696845444602131,2.73123864024128,311.153043296242,0.0043649
2.16,-0.42056984462418,0.978749313500288,0.931999627596514,3.62206351219086,1.16556808108617,0.0908503312202464,0.20000272516994,-0.555699146250615,0.831383460778833,0.931999999999956,3.73079632679472,0.327443174210297,0.63634127830028,0.54499896275479,0.0503969845525683,0.680420690662308,2.77063310657518,306.63679563515,0.004386
2.18,-0.44029266231025,0.966127248841691,0.93599967836583,3.64552916138599,1.16910785277843,0.0894629852636081,0.200002351761664,-0.572214570852441,0.820103947621527,0.935999999999956,3.75079632679472,0.320763930442002,0.630139969247093,0.544999105153119,0.0502031515510509,0.663202704915869,2.80953221053723,302.245037265341,0.0041756
2.2,-0.45978788428309,0.953039646210647,0.939999722179615,3.66888697842958,1.17230229137205,0.0878743175074982,0.200002029616787,-0.588501117255352,0.808496403819746,0.939999999999956,3.77079632679472,0.314184320840298,0.624241139168222,0.544999227947307,0.0500155243535164,0.645200312482996,2.84791707919851,297.978027303966,0.0044054
2.22,-0.479041992370076,0.939499110533994,0.94399975999256,3.69213916832858,1.17515488793036,0.0861046885011942,0.200001751677818,-0.604552271057938,0.796565472236245,0.943999999999956,3.79079632679472,0.307716436343885,0.618638570463922,0.544999333846728,0.0498340614792512,0.626422889218342,2.8857693430217,293.835700120435,0.0043912
2.24,-0.498041964587835,0.925518274456158,0.947999792627965,3.71528798757365,1.17767009444658,0.0841737561257499,0.20000151186264,-0.62036161201269,0.784315925084581,0.947999999999956,3.81079632679472,0.301371516732136,0.613325385406883,0.544999425184185,0.0496587095245462,0.606880341762111,2.92307113726986,289.817683108912,0.0043263
2.26,-0.516775269592879,0.911109784114715,0.951999820795881,3.73833573723109,1.17985325239137,0.0821004460998963,0.200001304928946,-0.635922816594015,0.771752662020289,0.951999999999956,3.83079632679472,0.295159949351093,0.608294122562313,0.544999503968692,0.0494894040140463,0.586583087801635,2.95980510282753,285.923314718675,0.0043542
2.28,-0.535229860606267,0.896286285829911,0.955999845108747,3.76128475620669,1.1817105221211,0.0799029279463102,0.200001126357675,-0.651229660527561,0.758880708181088,0.955999999999956,3.85079632679472,0.28909127208413,0.60353680963751,0.544999571930756,0.0493260702352461,0.565542036565625,2.99595438647132,282.151662620405,0.004104
2.3,-0.55339416886861,0.881060413682505,0.959999866094852,3.78413741470073,1.18324881344891,0.0775985960663527,0.200000972252747,-0.666276021279842,0.745705212176889,0.959999999999956,3.87079632679472,0.283174180190447,0.599045032768885,0.544999630561266,0.0491686240528466,0.543768569571011,3.03150264062577,278.501541896491,0.0043198
2.32,-0.571257096678934,0.865444777953067,0.963999884209927,3.80689610787078,1.18447571764295,0.0752040555765332,0.200000839254803,-0.681055880507172,0.732231444030422,0.963999999999956,3.89079632679472,0.277416536647713,0.594810002255843,0.544999681144884,0.049016972701007,0.521274521640087,3.06643402263978,274.971533153272,0.0043804
2.34,-0.588808010068224,0.849451954394881,0.967999899847145,3.82956324971638,1.18539944108185,0.072735112566545,0.200000724466961,-0.695563326462924,0.7184647930693,0.967999999999956,3.91079632679472,0.271825385649553,0.590822614758694,0.54499972478875,0.0488710155519881,0.498072162203563,3.10073319361733,271.560000462802,0.004667
2.36,-0.606036731155711,0.833094474311673,0.971999913345724,3.85214126719764,1.18602874076448,0.0702067684467359,0.200000625390911,-0.709792556362145,0.704410765770352,0.971999999999956,3.93079632679472,0.266406968923954,0.587073511988278,0.544999762447142,0.0487306448599329,0.474174176903185,3.1343853168353,268.265109051001,0.0047225
2.38,-0.622933530233285,0.816384815410692,0.975999924998351,3.8746325945972,1.18637286184079,0.0676332180622363,0.200000539871882,-0.723737878702596,0.690074983557115,0.975999999999956,3.95079632679472,0.261166744554715,0.583553135926887,0.544999794942703,0.0485957464788279,0.449593649505682,3.16737605578,265.084842658099,0.0044414
2.4,-0.639489117620762,0.799335393401094,0.979999935057583,3.89703966813346,1.18644147730221,0.0650278512614992,0.200000466051256,-0.737393715541275,0.675463180551332,0.979999999999956,3.97079632679472,0.256109408004698,0.58025178063216,0.544999822984674,0.048466200553926,0.424344044138056,3.19969157183287,262.01702050585,0.0043194
2.42,-0.655694635332137,0.781958554307142,0.983999943741353,3.91936492083083,1.18624462994418,0.0624032576185636,0.200000402325738,-0.750754604725523,0.660581201279384,0.983999999999956,3.99079632679472,0.251238915056439,0.577159640686905,0.544999847184597,0.0483418821860801,0.398439187852581,3.23131852163446,259.059313814259,0.0043784
2.44,-0.671541648590378,0.764266567465458,0.987999951237732,3.94161077765121,1.18579267668941,0.0597712340207068,0.200000347312193,-0.763815202077809,0.645434998334556,0.987999999999956,4.01079632679472,0.246558506402552,0.574266856368151,0.544999868069836,0.0482226620686787,0.371893253528286,3.26224405415479,256.209261818336,0.0041462
2.46,-0.68702213722588,0.746271619175431,0.991999957709027,3.96377965088933,1.18509623533894,0.0571427948461308,0.200000299817334,-0.776570283533331,0.63003062999608,0.991999999999956,4.03079632679472,0.242070733635345,0.571563555617829,0.5449998860952,0.0481084070970095,0.344720743114304,3.29245580749669,253.464287242803,0.0042976
2.48,-0.702128486991226,0.72798580697181,0.995999963295317,3.98587393583309,1.18416613379818,0.0545281844697423,0.200000258811606,-0.789014747229571,0.614374257805902,0.995999999999956,4.05079632679472,0.237777486401532,0.569039892905269,0.544999901652959,0.0479989809500203,0.316936471219046,3.32194190545778,250.821711199579,0.0045345
2.5,-0.716853480822628,0.709421134488652,0.999999968117499,4.00789600668896,1.18301336180763,0.0519368918487578,0.200000223406671,-0.801143615546977,0.598472144104148,0.999999999999956,4.07079632679472,0.233680020504396,0.566686085078157,0.544999915081475,0.0478942446446044,0.288555549047961,3.35069095387518,248.278767479395,0.0047213
2.52,-0.731190290076078,0.690589506883951,1.00399997227993,4.0298482127711,1.18164902519179,0.0493776669536521,0.200000192836002,-0.812952037099936,0.582330649524276,1.00399999999996,4.09079632679472,0.229778986751452,0.564492444303712,0.544999926672634,0.0477940570625922,0.259593368691423,3.37869203677622,245.832616214915,0.0043759
2.54,-0.745132465764135,0.671502726794573,1.00799997587267,4.05173287495197,1.18008430262598,0.0468585388237216,0.20000016643815,-0.824435288677271,0.565956230448899,1.00799999999996,4.11079632679472,0.226074460361247,0.562449408205961,0.544999936678234,0.0476982754508188,0.23006558776325,3.40593471235677,243.48035689837,0.0042388
2.56,-0.758673929817097,0.652172490791514,1.01199997897347,4.07355228237125,1.17833040490792,0.0443868350401372,0.200000143642315,-0.835588777131459,0.549355436427325,1.01199999999996,4.13079632679472,0.222565970757485,0.560547567307748,0.544999945315521,0.0476067558945762,0.199988114389335,3.43240900880784,241.219040741867,0.00427
2.58,-0.77180896639035,0.632610386305935,1.01599998164945,4.09530868939902,1.17639853671041,0.0419692024227197,0.200000123955902,-0.84640804121583,0.532534907555821,1.01599999999996,4.15079632679472,0.219252531593009,0.558777689888095,0.544999952771935,0.0475193537649557,0.16937709254498,3.45810542000998,239.045682373299,0.004003
2.6,-0.784532213237691,0.612827888996977,1.01999998395855,4.11700431284852,1.17429986078133,0.0396116287696848,0.200000106953799,-0.856888753369005,0.515501371821666,1.01999999999996,4.17079632679472,0.216132670859649,0.557130744366516,0.544999959209201,0.0474359241405682,0.138248887738675,3.48301490111362,236.957270865106,0.003741
2.62,-0.796838653168631,0.59283636053296,1.02399998595078,4.13864132943292,1.17204546454959,0.0373194654722178,0.200000092269111,-0.867026721445863,0.498261642412042,1.02399999999996,4.19079632679472,0.213204460952724,0.555597919326133,0.544999964766875,0.0473563222041857,0.106620073039324,3.50712886402246,234.950780097084,0.0043468
2.64,-0.808723605605853,0.572647046758195,1.02799998766932,4.1602218734604,1.16964632908793,0.0350974508478888,0.200000079585186,-0.876817890394345,0.480822614988854,1.02799999999996,4.21079632679472,0.210465548571241,0.554170641287003,0.54499996956538,0.0472804036148988,0.074507415443228,3.53043917279596,233.023178457973,0.0035124
2.66,-0.820182718257379,0.552271076218386,1.03199998915146,4.18174803476085,1.16711330037808,0.0329497340485629,0.200000068628723,-0.886258343877419,0.463191264930552,1.03199999999996,4.23079632679472,0.207913184346202,0.552840590340016,0.544999973708635,0.0472080248563818,0.0419278625765164,3.55293813898571,231.171437893727,0.0034837
2.68,-0.831211958916351,0.531719459018319,1.03599999042939,4.20322185683758,1.16445706281844,0.0308798994095738,0.200000059163832,-0.895344305839562,0.44537464454208,1.03599999999996,4.25079632679472,0.205544252100284,0.551599713750249,0.544999977286327,0.047139043561902,0.00889852972818663,3.5746185169196,229.392542313223,0.0034258
2.7,-0.841807607399846,0.511003085986328,1.0399999915309,4.22464533523665,1.16168811491045,0.0288909911174831,0.200000050986909,-0.904072142017134,0.42737988023404,1.03999999999996,4.27079632679472,0.203355297652185,0.550440237636733,0.544999980375847,0.0470733188167271,-0.0245633127915977,3.59547349894647,227.683495364588,0.003559
2.72,-0.851966247636697,0.490132728120868,1.04399999247999,4.24602041612652,1.15881674705673,0.0269855380837442,0.200000043922214,-0.912438361392034,0.409214169672229,1.04399999999996,4.29079632679472,0.201342557088418,0.549354676833289,0.544999983043998,0.0470107114385563,-0.0584402519737086,3.6154967106531,226.041327597562,0.0042345
2.74,-0.861684759912943,0.469119036295351,1.04799999329739,4.26734899508016,1.15585302140107,0.0251655789210084,0.200000037818054,-0.92043961758806,0.390884778898665,1.04799999999996,4.31079632679472,0.199501984434115,0.548335843032648,0.544999985348427,0.0469510842366592,-0.092714744118894,3.63468220606429,224.463103029121,0.0037546
2.76,-0.870960313282253,0.447972541198287,1.051999994001,4.28863291605192,1.15280675363884,0.0234326869276768,0.200000032543488,-0.928072710209416,0.37239903942527,1.05199999999996,4.33079632679472,0.197829278662594,0.547376851313252,0.54499998733889,0.046894302250374,-0.127369126539714,3.65302446283588,222.945925131189,0.0038358
2.78,-0.879790358147471,0.426703653486649,1.05599999460629,4.30987397054093,1.14968749672465,0.0217879949946039,0.200000027985488,-0.935334586120825,0.353764345301358,1.05599999999996,4.35079632679472,0.196319909991004,0.546471125145338,0.544999989058333,0.0468402329676233,-0.162385628962297,3.67051837744981,221.486942260603,0.0047263
2.8,-0.888172619018306,0.405322664131298,1.05999999512661,4.33107389693313,1.14650452640349,0.0202322203556282,0.200000024046488,-0.942222340668748,0.334988150156122,1.05999999999996,4.37079632679472,0.194969145416471,0.545612399969827,0.54499999054382,0.0467887465241133,-0.197746384634866,3.6871592604191,220.083352552526,0.0044379
2.82,-0.896105087449153,0.383839744934192,1.0639999955735,4.35223438001355,1.14326682849074,0.0187656891108509,0.200000020642263,-0.9487332188432,0.316077964217272,1.06399999999996,4.39079632679471,0.193772073453579,0.544794725440563,0.544999991827341,0.0467397158838625,-0.233433441150164,3.70294283151025,218.732408299408,0.0038885
2.84,-0.903586015160027,0.362264949198044,1.06799999595693,4.37335705064086,1.13998308782673,0.0173883604583304,0.200000017700106,-0.954864616379723,0.297041351307051,1.06799999999996,4.41079632679471,0.192723628040105,0.5440124664173,0.544999992936511,0.0466930170017397,-0.269428770989047,3.71786521498936,217.43141983817,0.0040211
2.86,-0.910613907342706,0.340608212529982,1.0719999962855,4.39444348557578,1.13666167883136,0.0160998505761312,0.20000001515725,-0.960614080801053,0.277885925816807,1.07199999999996,4.43079632679471,0.191818611583414,0.54326030279375,0.544999993895162,0.0466485289686069,-0.305714281792608,3.73192293489788,216.177758968792,0.0039507
2.88,-0.917187516153336,0.318879353761709,1.07599999656667,4.41549520745542,1.13331065758498,0.0148994561024874,0.200000012959508,-0.965979312398079,0.258619349661332,1.07599999999996,4.45079632679471,0.191051717093939,0.542533228081357,0.544999994718018,0.0466061341304633,-0.342271826370279,3.74511291036276,214.968861927617,0.0037949
2.9,-0.923305834392012,0.29708807596956,1.07999999680684,4.43651368490499,1.1299377553611,0.013786177160757,0.200000011057995,-0.970958165149698,0.239249329214205,1.07999999999996,4.47079632679471,0.19041754951263,0.541826547470558,0.544999995424656,0.0465657182257948,-0.379083212451376,3.75743245094557,213.802231939294,0.0037728
2.92,-0.928968089369046,0.275243967578736,1.08399999701153,4.4575003327795,1.12655037354239,0.0127587399071553,0.200000009410871,-0.975548647581193,0.21978361222534,1.08399999999996,4.49079632679471,0.189910646066687,0.541135874659653,0.544999996038371,0.0465271704716792,-0.416130212187557,3.76887925203411,212.67544137038,0.0043457
2.94,-0.93417373695687,0.25335650353682,1.08799999718549,4.47845651252755,1.12315557984656,0.0118156185509769,0.200000007984684,-0.979748923560798,0.200229984721994,1.08799999999996,4.51079632679471,0.189525495627364,0.540457127436908,0.544999996571237,0.046490383622303,-0.453394571413655,3.77945139027962,211.586133507867,0.0040819
2.96,-0.938922455826223,0.231435046542697,1.09199999733284,4.49938353266878,1.11976010578895,0.0109550567990095,0.20000000675033,-0.983557313034124,0.180596267894457,1.09199999999996,4.53079632679471,0.189256557246492,0.539786523029177,0.544999997033803,0.0464552540617528,-0.490858018674275,3.78914731908208,210.532023986359,0.0039048
2.98,-0.943214141864633,0.209488848317852,1.09599999745716,4.52028264937732,1.11637034531715,0.0101750887184401,0.200000005682499,-0.986972292696159,0.160890314967681,1.09599999999996,4.55079632679471,0.189098277725852,0.539120572541476,0.544999997435288,0.0464216818526211,-0.528502274023491,3.7979658641256,209.510901886069,0.0037783
3,-0.947048902774599,0.187527050907753,1.09999999756158,4.54115506716414,1.11299235454905,0.00947355898458928,0.200000004759202,-0.989992496600571,0.141120008060093,1.09999999999996,4.57079632679471,0.18904510825574,0.538456074738836,0.544999997783726,0.0463895707765623,-0.566309057604887,3.80590621896524,208.520630523998,0.0038566
3.02,-0.950427052848505,0.165558688001905,1.10399999764879,4.56200193965074,1.1096318525482,0.0088481424917737,0.200000003961344,-0.992616716706066,0.121293255030856,1.10399999999996,4.59079632679471,0.189091520126006,0.537790109231391,0.544999998086115,0.0463588283629534,-0.604260098019072,3.81296794066634,207.559147959964,0.0036216
3.04,-0.953349107916885,0.143592686261994,1.10799999772112,4.582824370427,1.10629422307209,0.00829636330859951,0.200000003272345,-0.994843903359592,0.101417986316828,1.10799999999996,4.61079632679471,0.189232019515353,0.537120029121531,0.544999998348552,0.0463293659058018,-0.642337140485667,3.81915094549685,206.624467238591,0.003551
3.06,-0.955815780466342,0.121637866648266,1.11199999778063,4.60362341398606,1.10298451723032,0.00781561296191192,0.200000002677824,-0.996673165716183,0.081502151760496,1.11199999999996,4.63079632679471,0.189461161366977,0.536443453169456,0.544999998576336,0.0463010984694511,-0.68052195480663,3.82445550467273,205.714676387636,0.0038014
3.08,-0.957827974923096,0.0997029457351037,1.11599999782906,4.62440007672949,1.09970745699123,0.00740316803635872,0.200000002165305,-0.998103772095286,0.0615537174301403,1.11599999999996,4.65079632679471,0.189773562360881,0.535758257531096,0.544999998774068,0.04627394488358,-0.718796343137628,3.82888224015627,204.827938192397,0.0041619
3.1,-0.959386783097889,0.077796537007451,1.11999999786795,4.64515531803594,1.09646743947725,0.00705620707907392,0.200000001723969,-0.999135150273423,0.0415806624335178,1.11999999999996,4.67079632679471,0.190163912995392,0.535062567123355,0.544999998945834,0.0462478277282598,-0.757142147573984,3.83243212050668,203.962489765141,0.0041467
3.12,-0.96049347978773,0.055927152130487,1.12399999789863,4.66589005138688,1.09326854199064,0.00677182680150451,0.200000001344469,-0.999766887713076,0.0215909757263234,1.12399999999996,4.69079632679471,0.190626988790051,0.534354746650695,0.544999999095023,0.0462226733089205,-0.795541257557583,3.83510645678198,203.116641927754,0.0039589
3.14,-0.961149518529801,0.0341032021856009,1.12799999792227,4.68660514554316,1.09011452771301,0.00654705757199561,0.200000001018678,-0.999998731727691,0.00159265291671432,1.12799999999996,4.71079632679471,0.191157660629081,0.533633391369716,0.544999999224658,0.0461984116232648,-0.833975617110899,3.83690689849108,202.288778425014,0.0037577
3.16,-0.961356527502661,0.0123329988663999,1.13199999793985,4.70730142576631,1.0870088520235,0.00637887819606187,0.200000000739555,-0.999830589582754,-0.0184063069328264,1.13199999999996,4.73079632679471,0.191750904258972,0.532897317607747,0.544999999337346,0.0461749763189476,-0.87242723190414,3.83783542959446,201.477354985054,0.0034941
3.18,-0.961116305569788,-0.00937524437089936,1.13599999795225,4.72797967507864,1.08395466938239,0.00626422998200959,0.200000000500999,-0.99926252853288,-0.038397904505008,1.13599999999996,4.75079632679471,0.192401808960439,0.532145553093043,0.544999999435299,0.0461523046436858,-0.910878176161315,3.83789436455184,200.680898242808,0.0034839
3.2,-0.960430818460373,-0.0310134112077347,1.13999999796024,4.74864063555666,1.08095484072808,0.00620003009204227,0.200000000297707,-0.998294775794916,-0.0583741434273529,1.13999999999996,4.77079632679471,0.193105585414904,0.531377327141098,0.544999999520545,0.0461303373882309,-0.949310599410792,3.83708634441488,199.89800454138,0.0034947
3.22,-0.959302195082243,-0.0525734814185866,1.14399999796447,4.76928500965226,1.07801194133741,0.00618318418085274,0.200000000125103,-0.996927718457053,-0.0783270334706384,1.14399999999996,4.79079632679471,0.193857572783708,0.53059206071655,0.544999999594673,0.0461090188218501,-0.987706733085757,3.83541433296271,199.12733862547,0.0035077
3.24,-0.957732723961721,-0.074047529885406,1.14799999796551,4.78991346153647,1.07512826910066,0.00621059832453406,0.199999999979185,-0.995161903324,-0.0982485937448821,1.14799999999996,4.8107963267947,0.194653245026513,0.529789356442537,0.544999999659272,0.0460882966226062,-1.02604889697974,3.83288161287817,198.367632240184,0.0036191
3.26,-0.955724849805225,-0.0954277256744795,1.15199999796387,4.81052661846086,1.07230585316419,0.00627919024563682,0.199999999856523,-0.992998036698266,-0.118130855891592,1.15199999999996,4.8307963267947,0.195488216475214,0.528968988546065,0.54499999971549,0.0460681218004369,-1.06431950556218,3.82949178196215,197.617682647745,0.0035503
3.28,-0.953281170177408,-0.116706331178636,1.15599999795997,4.83112507213171,1.06954646289549,0.00638589983971144,0.199999999754099,-0.990436984097651,-0.137965867271002,1.15599999999996,4.8507963267947,0.196358246694244,0.528130892826313,0.544999999764507,0.0460484486165005,-1.10250107415883,3.82524874938361,196.876351073865,0.0034263
3.3,-0.950404432290647,-0.137875701327232,1.15999999795421,4.8517093800925,1.06685161712675,0.00652769901230071,0.199999999669322,-0.987479769909046,-0.157745694143024,1.15999999999996,4.8707963267947,0.197259244644461,0.527275156627438,0.544999999807227,0.0460292344963583,-1.14057622500152,3.82015673196256,196.14256109472,0.0033699
3.32,-0.947097529900752,-0.158928282865912,1.1639999979469,4.87228006711032,1.06422259363483,0.00670160083454983,0.199999999599923,-0.9841275769787,-0.177462424840636,1.16399999999996,4.8907963267947,0.198187272180917,0.526402008884106,0.544999999844483,0.0460104399398545,-1.17852769315158,3.81422025048322,195.415296974776,0.0037064
3.34,-0.943363500303773,-0.179856613707727,1.16799999793834,4.89283762656212,1.06166043881708,0.00690466802845861,0.199999999543937,-0.980381746139088,-0.197108172934447,1.16799999999996,4.9107963267947,0.199138546906663,0.525511810246027,0.544999999877011,0.0459920284266423,-1.21633833230128,3.80744412603459,194.693601964955,0.0034968
3.36,-0.939205521428914,-0.200653322356821,1.17199999792878,4.91338252181695,1.05916597752418,0.00713402079303684,0.199999999499661,-0.976243775672602,-0.216675080387157,1.17199999999996,4.9307963267947,0.200109444409242,0.524605043313535,0.544999999905367,0.045973966318407,-1.25399112045687,3.79983347637553,193.976576569934,0.0034682
3.38,-0.934626909022563,-0.221311127405503,1.17599999791843,4.93391518761036,1.05673982301247,0.00738684398397304,0.199999999465594,-0.971715320712259,-0.236155320696675,1.17599999999996,4.9507963267947,0.201096499907787,0.523682303019651,0.544999999930173,0.0459562227585842,-1.2914691655074,3.79139371232143,193.263376792704,0.0034067
3.4,-0.929631113918611,-0.241822837105212,1.17999999790749,4.95443603140774,1.05438238698028,0.00766039366089483,0.199999999440456,-0.966798192579661,-0.255541102026611,1.17999999999996,4.9707963267947,0.202096409333055,0.522744287156791,0.544999999951795,0.0459387695687943,-1.32875571068246,3.78213053414946,192.553212363848,0.0035064
3.42,-0.924221719390269,-0.262181349011572,1.18399999789612,4.97494543475316,1.05209388965404,0.00795200301623344,0.199999999423102,-0.961494358060503,-0.274824670322904,1.18399999999996,4.9907963267947,0.203106029873008,0.521791787103948,0.544999999970687,0.0459215811442625,-1.36583413990249,3.77204992801964,191.845344962393,0.0035226
3.44,-0.918402438578744,-0.282379649703408,1.18799999788448,4.99544375460081,1.04987436989164,0.00825908770204388,0.19999999941255,-0.955805938617874,-0.293998312415349,1.18799999999996,5.0107963267947,0.20412238000498,0.520825678741141,0.544999999987183,0.0459046343466843,-1.40268798302466,3.76115816240846,191.139086434478,0.003432
3.46,-0.912177111994207,-0.302410814575371,1.19199999787269,5.01593132462613,1.04772369527237,0.00857915057058097,0.199999999407936,-0.949735209543708,-0.313054359102753,1.19199999999996,5.0307963267947,0.205142639045313,0.51984691359128,0.545000000001552,0.0458879083963844,-1.43930092098737,3.74946178455236,190.433797015533,0.003417
3.48,-0.905549705084643,-0.322268007703553,1.19599999786085,5.03640845651411,1.04564157214389,0.00890978584613445,0.199999999408494,-0.943284599048691,-0.331985188220518,1.19599999999996,5.0507963267947,0.206164146242618,0.518856510201179,0.545000000014125,0.0458713847636035,-1.47565679085621,3.73696761689806,189.728883561102,0.0033814
3.5,-0.898524305868259,-0.341944481783227,1.19999999784907,5.05687544122229,1.04362755559883,0.00924868274611314,0.199999999413579,-0.936456687291015,-0.350783227689405,1.19999999999996,5.0707963267947,0.207184399439056,0.517855545765381,0.545000000025049,0.0458550470588423,-1.51173959077386,3.72368275355676,189.023797790961,0.0034952
3.52,-0.891105122625276,-0.3614335781377,1.20399999783743,5.07733255021626,1.04168105935471,0.00959362856954231,0.199999999422597,-0.929254205344346,-0.369440958544264,1.20399999999996,5.0907963267947,0.208201053331281,0.516845148028911,0.545000000034552,0.0458388809238106,-1.54753348481657,3.70961455675943,188.318034550675,0.003438
3.54,-0.883296481645048,-0.380728726797003,1.20799999782601,5.09778003667574,1.03980136551291,0.00994251127265184,0.199999999435036,-0.92168003410543,-0.387950917941519,1.20799999999996,5.1107963267947,0.20921191735298,0.515826487459723,0.54500000004282,0.045822873921961,-1.58302280775941,3.69477065331035,187.611130094305,0.0034049
3.56,-0.875102825024577,-0.399823446645047,1.21199999781486,5.1182181366693,1.03798763417366,0.0102933215508446,0.199999999450451,-0.913737203141775,-0.406305702144207,1.21199999999996,5.1307963267947,0.210214953207462,0.514800769711381,0.545000000049963,0.0458070154297427,-1.61819206975243,3.67915893103612,186.902660391541,0.0035079
3.58,-0.866528708514632,-0.418711345633666,1.21599999780405,5.13864707029614,1.03623891288576,0.010644154447204,0.199999999468438,-0.905428889479863,-0.424497969483374,1.21599999999996,5.1507963267947,0.211208272077463,0.513769228389153,0.545000000056136,0.0457912965289131,-1.65302596090974,3.66278753522747,186.192239462143,0.0037821
3.6,-0.857578799409803,-0.437386121061868,1.21999999779362,5.15906704279359,1.03455414591129,0.0109932105082325,0.199999999488647,-0.896758416334384,-0.442520443294646,1.21999999999996,5.1707963267947,0.212190131535246,0.51273311811735,0.545000000061459,0.0457757098996022,-1.68750935581332,3.64566486507113,185.479517740196,0.0035302
3.62,-0.84825787447895,-0.455841559918479,1.22399999778362,5.17947824560888,1.03293218328697,0.0113387965074086,0.199999999510772,-0.887729251778991,-0.460365914828793,1.22399999999996,5.1907963267947,0.21315893218014,0.511693707921638,0.545000000065998,0.0457602497149849,-1.72162731793325,3.62779957006933,184.764180470346,0.0034909
3.64,-0.838570817932639,-0.474071539286255,1.22799999777407,5.19988085743423,1.03137178966565,0.0116793257577034,0.199999999534531,-0.878345007359118,-0.47802724613514,1.22799999999996,5.2107963267947,0.214113214028616,0.510652274932055,0.545000000069864,0.0457449115376195,-1.75536510396592,3.60920054644431,184.045946137859,0.0033985
3.66,-0.828522619424279,-0.492070026805458,1.23199999776501,5.22027504520431,1.02987165292248,0.0120133180343956,0.199999999559682,-0.868609436647413,-0.495497372916644,1.23199999999996,5.2307963267947,0.215051652679696,0.509610098405799,0.54500000007314,0.0457296922175345,-1.78870816809162,3.58987693352548,183.324564934053,0.0036212
3.68,-0.818118372081798,-0.509831081194796,1.23599999775647,5.24066096505528,1.02843039251223,0.0123393991294405,0.199999999586013,-0.858526433742353,-0.512769307355525,1.23599999999996,5.2507963267947,0.215973055280188,0.508568454075244,0.54500000007587,0.0457145897924333,-1.82164216615276,3.56983811011693,182.599817258363,0.0036223
3.7,-0.807363270566831,-0.527348852827573,1.23999999774846,5.2610387632448,1.02704656756533,0.0126563000588212,0.199999999613326,-0.848100031710663,-0.529836140908297,1.23999999999996,5.2707963267947,0.216876356314109,0.507528608825771,0.545000000078116,0.0456996033903427,-1.85415295975397,3.54909369084291,181.871512258085,0.0038684
3.72,-0.796262609158481,-0.544617584360821,1.24399999774101,5.28140857703263,1.02571868471178,0.0129628559444267,0.199999999641447,-0.837334400974138,-0.546691047069093,1.24399999999996,5.29079632679469,0.217760613237114,0.506491815699162,0.545000000079952,0.0456847331346016,-1.88622662028506,3.52765352246922,181.139486406569,0.0038847
3.74,-0.784821779858875,-0.56163161141514,1.24799999773413,5.30177053552139,1.02444520562353,0.0132580045917362,0.19999999967023,-0.826233847641533,-0.563327284100178,1.24799999999996,5.31079632679469,0.218625001977745,0.505459309222383,0.54500000008141,0.045669980051455,-1.91784943286774,3.5055276801985,180.403602120452,0.0041792
3.76,-0.7730462705178,-0.578385363302951,1.25199999772782,5.32212476045747,1.02322455426704,0.0135407847844923,0.199999999699538,-0.814802811786177,-0.579738197728553,1.25199999999996,5.33079632679469,0.219468812328676,0.504432301064628,0.545000000082522,0.0456553459806407,-1.94900790022697,3.48272646393719,179.663746416335,0.0038661
3.78,-0.760941662973868,-0.594873363802803,1.25599999772211,5.34247136699184,1.0220551238593,0.0138103343175448,0.199999999729245,-0.803045865669999,-0.595917223807577,1.25599999999996,5.35079632679469,0.220291443246281,0.50341197601524,0.545000000083333,0.0456408334887609,-1.97968874648766,3.45926039453261,178.919829607099,0.0038392
3.8,-0.748513631209708,-0.611090231977378,1.259999997717,5.36281046440109,1.02093528352172,0.0140658877886133,0.199999999759245,-0.790967711914688,-0.611857890942534,1.25999999999996,5.37079632679469,0.221092398079164,0.50239948828118,0.54500000008389,0.0456264457857514,-2.00987892089727,3.43514020997802,178.171784037959,0.0037966
3.82,-0.735767939518841,-0.627030683032798,1.26399999771248,5.38314215676866,1.01986338462756,0.0143067741695224,0.199999999789446,-0.778573181620707,-0.627553823079111,1.26399999999996,5.39079632679469,0.221871279743331,0.501395958097644,0.54500000008421,0.0456121866444446,-2.03956560147486,3.41037686158425,177.419562862147,0.0038677
3.84,-0.722710440681949,-0.642689529216851,1.26799999770858,5.40346654362681,1.0188377668397,0.0145324141770413,0.199999999819762,-0.765867232434915,-0.642998742053729,1.26799999999996,5.41079632679469,0.222627785864243,0.500402468650279,0.545000000084319,0.045598060323514,-2.06873619858707,3.3849815101161,176.663138856065,0.0037787
3.86,-0.709347074150385,-0.658061680753724,1.27199999770527,5.42378372055951,1.01785676383685,0.0147423174632264,0.199999999850116,-0.752854946567576,-0.658186470104728,1.27199999999996,5.43079632679469,0.223361703900756,0.499420063299303,0.545000000084238,0.0455840714935952,-2.09737835845121,3.35896552189211,175.902503273576,0.0038988
3.88,-0.695683864234824,-0.673142146812837,1.27599999770258,5.44409377976698,1.0169187087272,0.0149360796445783,0.199999999880442,-0.739541528759542,-0.673110932343388,1.27599999999996,5.45079632679469,0.224072906268305,0.498449743100487,0.545000000083999,0.0455702251668364,-2.12547996656586,3.33234046484624,175.137664739037,0.003871
3.9,-0.681726918297084,-0.687926036509378,1.27999999770049,5.46439681059239,1.01602193914963,0.015113379188923,0.199999999910682,-0.725932304200427,-0.687766159183803,1.27999999999996,5.47079632679469,0.224761345476541,0.497492464615269,0.545000000083629,0.0455565266298506,-2.15302915106907,3.30511810455013,174.368648178605,0.0044765
3.92,-0.667482424943205,-0.702408559934143,1.28399999769901,5.4846929000114,1.01516480206368,0.0152739741783998,0.199999999940788,-0.7120327163986,-0.702146288730637,1.28399999999996,5.49079632679469,0.225427049295827,0.496549138001769,0.54500000008313,0.0455429813800904,-2.18001428602429,3.27731040019478,173.595493789243,0.004283
3.94,-0.652956652215975,-0.716585029210296,1.28799999769812,5.50498213308534,1.01434565823012,0.0154176989663778,0.199999999970715,-0.697848325003856,-0.716245569123805,1.28799999999996,5.51079632679469,0.226070115967375,0.495620625379337,0.545000000082525,0.0455295950657254,-2.20642399463394,3.2489295005305,172.818256044816,0.0043225
3.96,-0.63815594578516,-0.730450859574661,1.29199999769783,5.52526459337893,1.0135628863854,0.0155444607455912,0.200000000000424,-0.683384803583631,-0.730058360839138,1.29199999999996,5.53079632679469,0.226690709468472,0.494707739456061,0.545000000081832,0.0455163734289422,-2.23224715238076,3.219987739764,172.037002738603,0.0040484
3.98,-0.623086727133789,-0.744001570481214,1.29599999769814,5.54554036334335,1.0128148871133,0.0156542360441073,0.200000000029884,-0.668647937353649,-0.743579138944116,1.29599999999996,5.55079632679469,0.227289054845641,0.493811242410729,0.545000000081062,0.0455033222527045,-2.25747289009659,3.19049763341192,171.251814061525,0.0043962
4,-0.607755491738914,-0.757232786724388,1.29999999769903,5.56580952466573,1.01210008641871,0.0157470671651435,0.200000000059066,-0.653643620863913,-0.756802495307772,1.29999999999996,5.57079632679469,0.227865433626807,0.492931845019325,0.545000000080234,0.0454904473109636,-2.28209059695854,3.1604718741097,170.462781715324,0.0038328
4.02,-0.592168807245323,-0.770140239579917,1.3039999977005,5.58607215858594,1.01141693900856,0.0158230585860871,0.20000000008795,-0.638377855640963,-0.769723140763871,1.30399999999996,5.59079632679469,0.228420179322137,0.492070206015545,0.545000000079359,0.0454777543222491,-2.30608992341226,3.12992332737521,169.67000805994,0.003813
4.04,-0.5763333116308,-0.782719767960867,1.30799999770254,5.60632834618202,1.01076393128591,0.0158823733313795,0.200000000116519,-0.622856747787348,-0.782335907226503,1.30799999999996,5.61079632679469,0.228953673024045,0.491226931675588,0.545000000078442,0.0454652489066519,-2.32946078402199,3.09886502732641,168.873605294267,0.0038719
4.06,-0.560255711361544,-0.794967319586596,1.31199999770515,5.62657816862501,1.01013958406366,0.0159252293332568,0.200000000144758,-0.607086505539264,-0.79463574975725,1.31199999999996,5.63079632679469,0.22946633911418,0.490402575616152,0.545000000077493,0.0454529365461156,-2.35219336024701,3.06731017235254,168.073694669505,0.0038967
4.08,-0.543942779536459,-0.806878952162378,1.31599999770833,5.64682170740462,1.00954245500516,0.0159518957936169,0.200000000172656,-0.591073436783344,-0.806617748583097,1.31599999999996,5.65079632679469,0.229958641085274,0.489597638794879,0.545000000076528,0.0454408225479808,-2.3742781031441,3.03527212073828,167.27040573427,0.0037744
4.1,-0.527401354019098,-0.818450834567432,1.31999999771205,5.66705904452678,1.00897114079906,0.0159626895595681,0.200000000200206,-0.574823946533584,-0.81827711106427,1.31999999999996,5.67079632679469,0.230431077484961,0.48881256970245,0.545000000075551,0.0454289120117388,-2.39570573599556,3.0027643862406,166.463875610645,0.0037823
4.12,-0.510638335556082,-0.829679248049164,1.32399999771633,5.6872902626843,1.00842427907664,0.0159579715244944,0.200000000227404,-0.558344534369428,-0.829609173611233,1.32399999999996,5.69079632679469,0.230884177987735,0.488047764735314,0.545000000074569,0.0454172097988929,-2.41646725686217,2.96980063361794,165.654248300348,0.0039493
4.14,-0.493660685880905,-0.840560587421408,1.32799999772115,5.70751544540187,1.00790055008008,0.0159381430657512,0.200000000254249,-0.541641791836019,-0.84060940355006,1.32799999999996,5.71079632679469,0.231318499600518,0.487303568738017,0.54500000007359,0.0454057205058784,-2.43655394106065,2.93639467411148,164.841674020201,0.0037109
4.16,-0.476475425802094,-0.851091362264505,1.3319999977265,5.72773467715657,1.00739867809033,0.0159036425293729,0.200000000280741,-0.524722399807669,-0.851273400935443,1.33199999999996,5.73079632679469,0.231734623006211,0.486580275704118,0.545000000072625,0.0453944484399527,-2.45595734356499,2.90256046087856,164.026308566076,0.0037209
4.18,-0.459089633274745,-0.861268198125068,1.33599999773237,5.74794804347527,1.00691743262383,0.0158549417714529,0.200000000306886,-0.507593125815603,-0.861596900310613,1.33599999999996,5.75079632679468,0.232133149049671,0.485878129624674,0.545000000071672,0.0453833975979153,-2.47466930133088,2.86831208437795,163.208312704521,0.0036353
4.2,-0.441510441454529,-0.871087837713323,1.33999999773877,5.76815563101006,1.00645562940742,0.0157925427651354,0.200000000332688,-0.490260821341028,-0.871575772413464,1.33999999999996,5.77079632679468,0.232514695369229,0.485197325473551,0.545000000070739,0.0453725716476564,-2.49268193554276,2.83366376770728,162.387851591265,0.0042392
4.22,-0.423745036733327,-0.880547142095907,1.34399999774568,5.78835752759295,1.00601213114098,0.0157169742814493,0.200000000358154,-0.47273241907464,-0.881206025828204,1.34399999999996,5.79079632679468,0.232879893176144,0.484538010318576,0.54500000006983,0.0453619739123423,-2.50998765378259,2.79862986189259,161.565094215831,0.0040021
4.24,-0.405800656755695,-0.889643091882075,1.34799999775309,5.80855382227119,1.00558584805755,0.0156287886515064,0.200000000383293,-0.455014930143638,-0.890483808581871,1.34799999999996,5.81079632679468,0.233229384184181,0.483900284548037,0.545000000068948,0.0453516073571953,-2.52657915211971,2.76322484113037,160.740212871476,0.003962
4.26,-0.387684588415444,-0.898372788401247,1.35199999776101,5.82874460532431,1.00517573829089,0.0155285586168958,0.200000000408114,-0.437115441307363,-0.899405409685064,1.35199999999996,5.83079632679468,0.233563817690662,0.483284203202038,0.545000000068098,0.0453414745787294,-2.54244941712094,2.72746329798223,159.913382649721,0.0042662
4.28,-0.369404165831665,-0.906733454869882,1.35599999776941,5.84892996826426,1.00478080806029,0.0154168742744306,0.200000000432629,-0.419041112122693,-0.907967260616295,1.35599999999996,5.85079632679468,0.233883847809751,0.482689777398453,0.545000000067282,0.0453315777963561,-2.55759172778012,2.69135993852274,159.084780958726,0.0038589
4.3,-0.350966768303601,-0.914722437545682,1.35999999777831,5.86911000381972,1.00440011168271,0.0152943401207356,0.20000000045685,-0.400799172080315,-0.916165936749349,1.35999999999996,5.87079632679468,0.234190130858232,0.482116975843492,0.545000000066501,0.0453219188462443,-2.57199965736634,2.6549295774408,158.254587064804,0.0039713
4.32,-0.33237981824381,-0.922337206867138,1.36399999778768,5.88928480590584,1.00403275142228,0.0151615722015224,0.200000000480791,-0.382396917713022,-0.923998158723085,1.36399999999996,5.89079632679468,0.234483322893515,0.481565726417071,0.545000000065754,0.0453124991773013,-2.58566707518984,2.61818713309517,157.422981656368,0.0038872
4.34,-0.313650779089156,-0.929575358576493,1.36799999779754,5.90945446958064,1.00367787718708,0.0150191953697677,0.200000000504462,-0.363841709677202,-0.931460793753144,1.36799999999996,5.91079632679468,0.23476407740315,0.481035917823512,0.545000000065045,0.0453033198491953,-2.59858814828483,2.58114762252471,156.590146429621,0.0039251
4.36,-0.294787153189182,-0.936434614824178,1.37199999780786,5.92961909098907,1.00333468608308,0.0148678406564028,0.200000000527878,-0.345140969808669,-0.938550856885013,1.37199999999996,5.93079632679468,0.235033043144298,0.480527401298409,0.545000000064373,0.0452943815322913,-2.61075734300836,2.54382615641406,155.756263695349,0.0038748
4.38,-0.275796479671527,-0.942912825252833,1.37599999781865,5.949778767296,1.00300242183528,0.0147081427565366,0.200000000551053,-0.326302178154031,-0.945265512187972,1.37599999999996,5.95079632679468,0.235290862132176,0.480039992362695,0.545000000063743,0.0452856845093728,-2.62216942655414,2.5062379340156,154.921516006152,0.003798
4.4,-0.256686332284071,-0.949007968059054,1.3799999978299,5.96993359660918,1.00268037408542,0.0145407376336671,0.200000000574,-0.307332869978769,-0.951602073889429,1.37999999999996,5.97079632679468,0.235538167774812,0.479573472615396,0.545000000063151,0.0452772286790707,-2.63281946838065,2.46839823802839,154.086085803488,0.0037849
4.42,-0.237464317213581,-0.954718151030998,1.38399999784161,5.99008367789318,1.00236787757619,0.014366260243794,0.200000000596734,-0.288240632753232,-0.957558007449188,1.38399999999996,5.99079632679468,0.235775583151921,0.479127591556829,0.545000000062593,0.0452690135608463,-2.64270284155237,2.43032242943526,153.250155083925,0.0042773
4.44,-0.218138070880664,-0.96004161256006,1.38799999785377,6.01022911087545,1.00206431123104,0.0141853423808269,0.200000000619268,-0.269033103117752,-0.963130930573238,1.38799999999996,6.01079632679468,0.236003719435152,0.478702068434349,0.545000000062074,0.045261038301454,-2.65181522399329,2.39202594229873,152.413905084,0.0039275
4.46,-0.198715257710932,-0.96497672262481,1.39199999786638,6.03036999594539,1.00176909713901,0.0139986106441881,0.200000000641614,-0.249717963828085,-0.968318614166632,1.39199999999996,6.03079632679468,0.2362231744466,0.478296594103126,0.545000000061591,0.0452533016827519,-2.66015259965184,2.35352427851718,151.577515983116,0.0042206
4.48,-0.179203567882314,-0.96952198374545,1.39599999787943,6.05050643404749,1.00148169945342,0.0138066845290381,0.200000000663787,-0.230302940682415,-0.973118983225103,1.39599999999996,6.05079632679468,0.236434531352268,0.477910832894738,0.545000000061138,0.0452458021307466,-2.66771125957602,2.31483300254215,150.741166623897,0.0041821
4.5,-0.159610715048517,-0.973676031907052,1.39999999789293,6.07063852656939,1.00120162321329,0.0136101746391072,0.200000000685797,-0.210795799431137,-0.977530117665031,1.39999999999996,6.07079632679468,0.236638357486825,0.477544424486839,0.545000000060717,0.0452385377257957,-2.67448780289813,2.27596773605807,149.905034249467,0.0037938
4.52,-0.139944434038715,-0.977437637449884,1.40399999790686,6.09076637522578,1.00092841309597,0.0134096810216949,0.200000000707655,-0.191204342670659,-0.981550253091453,1.40399999999996,6.09079632679468,0.236835203305863,0.477196985767393,0.545000000060327,0.0452315062138246,-2.68047913772782,2.2369441526258,149.06929425712,0.0037431
4.54,-0.1202124785336,-0.980805705925162,1.40799999792123,6.11089008193897,1.00066165210919,0.0132057916240036,0.200000000729373,-0.171536406722471,-0.985177781503802,1.40799999999996,6.11079632679468,0.237025601461594,0.476868112687456,0.545000000059962,0.0452247050184883,-2.68568248195271,2.19777797229115,148.234119967841,0.0037822
4.56,-0.100422618717971,-0.983779278914581,1.41199999793603,6.13100974871698,1.00040096023063,0.0129990808696058,0.200000000750959,-0.151799858498716,-0.988411251939077,1.41199999999996,6.13079632679468,0.237210065997775,0.476557382096796,0.545000000059621,0.0452181312541661,-2.69009536394562,2.15848495615995,147.399682411195,0.0039408
4.58,-0.0805826389101354,-0.986357534812045,1.41599999795127,6.1511254775299,1.00014599300256,0.0127901083534934,0.200000000772422,-0.132002592355532,-0.991249371052218,1.41599999999996,6.15079632679468,0.237389091659516,0.476264353557006,0.545000000059301,0.0452117817396761,-2.69371562317734,2.11908090094106,146.566150125066,0.0041962
4.6,-0.0607003351684229,-0.988539789566013,1.41999999796693,6.17123737018521,0.999896440089045,0.0125794176538421,0.20000000079377,-0.112152526935417,-0.993691003633419,1.41999999999996,6.17079632679468,0.237563153253712,0.47598857085658,0.545000000036312,0.0452056529911527,-2.69654141073425,2.07958163345889,145.733688969582,0.0039273
4.62,-0.0407835128752341,-0.990325497381051,1.42399999798293,6.19134552820235,0.999652023800354,0.012367535247493,0.200000000806842,-0.0922576019998751,-0.995735173062205,1.42399999999996,6.19079632679468,0.237732705360694,0.475729564610392,0.545000000022557,0.0451997413173134,-2.69857118973959,2.04000300513708,144.902461955709,0.0039642
4.64,-0.0208399842989736,-0.991714251376872,1.42799999799915,6.21145005268845,0.999412497601283,0.0121549695721327,0.200000000814963,-0.0723257752536183,-0.997381061698057,1.42799999999996,6.21079632679468,0.237898181767194,0.475486853086891,0.545000000014759,0.0451940427258049,-2.69980373567781,2.00036088645487,144.072629086101,0.0039116
4.66,-0.000877566134381678,-0.992705784203404,1.43199999801551,6.23155104421518,0.999177644594758,0.0119422101603509,0.200000000820276,-0.0523650191615909,-0.998628011207467,1.43199999999996,6.23079632679467,0.238059995259739,0.475259944209035,0.545000000011241,0.0451885529995657,-2.70023813662084,1.96067116137813,143.244347209726,0.0036329
4.68,0.0190959229781059,-0.993299968610737,1.43599999803195,6.25164860269616,0.998947275997164,0.0117297268947619,0.200000000824323,-0.0323833177600899,-0.999475522827256,1.43599999999996,6.25079632679467,0.238218537437607,0.475048337178831,0.545000000010729,0.04518326770452,-2.69987379335564,1.92094972176651,142.417769888818,0.0037078
4.7,0.0390726649533983,-0.993496817972409,1.43999999804848,6.27174282726676,0.998721229608516,0.0115179693658646,0.200000000828186,-0.0123886634632567,-0.999923257564078,1.43999999999996,6.27079632679467,0.238374178614478,0.474851524063871,0.545000000012274,0.0451781822041146,-2.69871041941202,1.88121246175889,141.593047277913,0.003649
4.72,0.0590448447825172,-0.993296486760741,1.44399999806508,6.29183381616644,0.998499368283051,0.0113073663299669,0.200000000832604,0.00761094613378176,-0.999971036330006,1.44399999999996,6.29079632679467,0.238527267801997,0.47466899133415,0.545000000015162,0.0451732916755217,-2.69674804099013,1.84147527213871,140.770326014554,0.0039365
4.74,0.0790046530723622,-0.992699270972912,1.44799999808179,6.31192166662412,0.998281578405447,0.0110983252637755,0.200000000838063,0.0276075114538446,-0.999618840014171,1.44799999999996,6.31079632679467,0.238678132770415,0.474500221346487,0.545000000018873,0.0451685911260813,-2.69398699678664,1.80175403468137,139.949749121224,0.0036524
4.76,0.098944288603688,-0.991705608506535,1.45199999809862,6.33200647474691,0.998067768377541,0.0108912320120656,0.200000000844857,0.047593034137421,-0.998866809490404,1.45199999999996,6.33079632679467,0.238827080181528,0.474344693774462,0.545000000023023,0.0451640754098405,-2.69042793771905,1.76206461648554,139.131455918109,0.0035488
4.78,0.118855960906454,-0.990316079483543,1.4559999981156,6.35208833541264,0.997857867120101,0.0106864505247308,0.200000000853145,0.0675595202419078,-0.997715245560888,1.45599999999996,6.35079632679467,0.238974395789168,0.474201886981866,0.545000000027336,0.0451597392440204,-2.68607182654722,1.72242286429048,138.315581946259,0.0035846
4.8,0.138731892851649,-0.988531406521232,1.45999999813276,6.37216734216646,0.997651822593916,0.0104843226794065,0.200000000862986,0.0874989834390793,-0.99616460883584,1.45999999999996,6.37079632679467,0.239120344702517,0.474071279338022,0.545000000031614,0.0451555772253869,-2.68091993739168,1.68284459878149,137.502258900761,0.0037468
4.82,0.158564323258659,-0.986352454949367,1.46399999815013,6.39224358712187,0.997449600344127,0.0102851681857838,0.200000000874367,0.107403448209513,-0.994215519549275,1.46399999999996,6.39079632679467,0.23926517170764,0.473952350473693,0.545000000035726,0.0451515838464556,-2.67497385514788,1.64334560888557,136.69161457352,0.0037193
4.84,0.178345509517156,-0.983780232972288,1.46799999816775,6.4123171608664,0.997251182071436,0.0100892845676655,0.200000000887228,0.127264953032689,-0.991868757310921,1.46799999999996,6.41079632679467,0.239409101642646,0.473844582476411,0.545000000039582,0.045147753511482,-2.66823547479583,1.60394164605947,135.883772805253,0.0037369
4.86,0.19806773022249,-0.980815891775035,1.47199999818564,6.43238815237228,0.997056564233532,0.00989694721877115,0.200000000901478,0.147075553571496,-0.989125260794383,1.47199999999996,6.43079632679467,0.239552339822032,0.47374746102447,0.545000000043122,0.0451440805521872,-2.66070700060465,1.56464841857241,135.078853446314,0.0039163
4.88,0.217723287823479,-0.97746072557253,1.47599999820382,6.45245664891211,0.996865756679773,0.0097084095282678,0.200000000917001,0.166827325849855,-0.985986127361688,1.47599999999996,6.45079632679467,0.239695072505805,0.473660476458973,0.545000000046319,0.0451405592431814,-2.65239094523143,1.52548158578569,134.276972325979,0.0044032
4.9,0.237304511281456,-0.973716171600923,1.47999999822233,6.47252273597991,0.99667878132187,0.0095239030719878,0.200000000933676,0.186512369422209,-0.982452612624354,1.47999999999996,6.47079632679467,0.239837467409132,0.4735831247936,0.545000000049161,0.0451371838170267,-2.64329012871393,1.48645675243147,133.478241229791,0.0041341
4.92,0.256803758739393,-0.96958381005028,1.48399999824118,6.49258649721755,0.996495670843067,0.00934363786529401,0.200000000951374,0.206122810533593,-0.978526129941165,1.48399999999996,6.49079632679467,0.239979674248342,0.473514908661984,0.545000000051642,0.0451339484789269,-2.63340767735674,1.44758946289305,132.682767884629,0.0043133
4.94,0.276213420199888,-0.9650653639378,1.48799999826039,6.51264801434671,0.996316467448006,0.00916780267356692,0.200000000969966,0.22565080526903,-0.97420824985284,1.48799999999996,6.51079632679467,0.240121825319258,0.473455338202804,0.545000000053767,0.0451308474209933,-2.62274702251048,1.40889519548905,131.890655951117,0.0041476
4.96,0.295525920210735,-0.960162698920863,1.49199999827999,6.53270736710655,0.996141221655231,0.00899656537631255,0.200000000989322,0.245088542690997,-0.969500699453844,1.49199999999996,6.53079632679467,0.240264036103931,0.473403931882843,0.54500000005555,0.0451278748360524,-2.61131189924372,1.3703893567639,131.102005023021,0.0038784
4.98,0.314733720556787,-0.954877823049212,1.49599999829997,6.55276463319691,0.995969991134019,0.00883007338092714,0.20000000100932,0.264428247963691,-0.964405361701571,1.49599999999996,6.55079632679467,0.240406405902013,0.473360217258575,0.545000000057002,0.0451250249309869,-2.59910634490736,1.33208727578694,130.316910633284,0.0038176
5,0.333829322956771,-0.949212886455671,1.49999999832036,6.57281988822737,0.995802839586977,0.00866845408220499,0.20000000102984,0.283662185462863,-0.958924274663183,1.49999999999996,6.57079632679467,0.24054901848311,0.473323731676846,0.545000000058145,0.0451222919395636,-2.58613469759124,1.29400419846274,129.535464266359,0.003786
5.02,0.352805271763687,-0.943170180984842,1.50399999834117,6.59287320567195,0.995639835679623,0.00851181536373149,0.200000001050773,0.302782661869962,-0.953059630700417,1.50399999999996,6.59079632679467,0.240691942755754,0.473294022912278,0.545000000058661,0.0451196701344207,-2.57240159447276,1.25615528185498,128.757753376489,0.0041949
5.04,0.371654156667381,-0.936752139759278,1.5079999983624,6.61292465682954,0.995481052017895,0.00836024613724455,0.20000000107189,0.321782029249361,-0.946813775592662,1.50799999999996,6.61079632679467,0.240835233453854,0.473270649758178,0.545000000058942,0.0451171538399479,-2.55791197005745,1.21855558852642,127.983861411625,0.0038179
5.06,0.390368615397875,-0.9299613366827,1.51199999838405,6.63297431079,0.995326564174489,0.00821381691676141,0.200000001093109,0.34065268810743,-0.940189207598686,1.51199999999996,6.63079632679467,0.240978931829376,0.473253182541851,0.545000000059036,0.0451147374421413,-2.5426710543115,1.18122008089757,127.21386784262,0.0037413
5.08,0.408941336427978,-0.922800485879878,1.51599999840612,6.6530222344059,0.995176449764404,0.00807258042310946,0.200000001114362,0.359387090432231,-0.93318857645736,1.51599999999996,6.65079632679467,0.241123066355586,0.473241203593423,0.545000000058946,0.045112415399823,-2.52668437068602,1.14416361562638,126.447848197414,0.0037464
5.1,0.427365061673719,-0.915272441072857,1.51999999842862,6.67306849226979,0.995030787570163,0.00793657221577301,0.200000001135583,0.377977742712623,-0.925814682327799,1.51999999999996,6.67079632679467,0.241267653434862,0.473234307657906,0.545000000058669,0.0451101822547123,-2.50995773403333,1.10740093801166,125.685874099884,0.0039842
5.12,0.445632589191075,-0.907380194893278,1.52399999845154,6.6931131466969,0.994889656716873,0.00780581134854577,0.200000001156704,0.396417208935567,-0.918070474669338,1.52399999999996,6.69079632679466,0.241412698108574,0.473232102252949,0.545000000058206,0.0451080326408517,-2.49249724841532,1.07094667642278,124.928013313046,0.0037061
5.14,0.46373677586749,-0.899126878130591,1.52799999847489,6.71315625771326,0.994753135897117,0.0076803010456395,0.200000001177658,0.414698113560428,-0.909959051061786,1.52799999999996,6.71079632679466,0.241558194766543,0.473234207974302,0.545000000057561,0.0451059612934716,-2.47430930480396,1.03481533675806,124.174329786326,0.0037085
5.16,0.481670540106637,-0.890515758916024,1.53199999849865,6.73319788304895,0.994621302645521,0.00756002939502784,0.20000000119838,0.432813144469099,-0.901483655966434,1.53199999999996,6.73079632679466,0.241704127853637,0.473240258750635,0.54500000005674,0.0451039630572601,-2.45540057867434,0.999021296934568,123.424883706601,0.0036596
5.18,0.499426864504864,-0.88155024184223,1.53599999852282,6.75323807813651,0.994494232662669,0.00744497005591759,0.200000001218806,0.450755055890748,-0.892647679428318,1.53599999999996,6.75079632679466,0.241850472571165,0.473249902049445,0.545000000055745,0.04510203289403,-2.43577802749043,0.963578801411878,122.679731552727,0.0039224
5.2,0.516998798517767,-0.872233867018606,1.53999999854739,6.77327689611428,0.99437199918789,0.00733508297735796,0.200000001238874,0.468516671300028,-0.883454655720241,1.53999999999996,6.77079632679466,0.241997195570943,0.473262799035846,0.545000000054577,0.0451001658898045,-2.41544888808406,0.928501955752248,121.938926153275,0.0036405
5.22,0.534379461115309,-0.862570309062307,1.54399999857237,6.79331438783451,0.994254672420325,0.00723031512511881,0.200000001258522,0.486090886287593,-0.873908261929114,1.54399999999996,6.79079632679466,0.242144255640013,0.473278624686117,0.545000000053246,0.0450983572612949,-2.39442067392737,0.89380472121994,121.202516747222,0.0035909
5.24,0.551562043423902,-0.852563376025086,1.54799999859773,6.81335060187608,0.994142318987534,0.00713060121409419,0.20000000127769,0.503470671401769,-0.864012316485171,1.54799999999996,6.81079632679466,0.242291604373173,0.473297067854504,0.545000000051381,0.0450966023614203,-2.37270117229935,0.859500909422153,120.470549047318,0.003627
5.26,0.568539811353865,-0.842217008256088,1.55199999862347,6.83338558456167,0.99403500146074,0.00703586444347963,0.200000001296188,0.520649074960236,-0.853770777634644,1.55199999999996,6.83079632679466,0.242439186835369,0.473317831308274,0.545000000049033,0.0450948966855464,-2.350298441347,0.825604176994173,119.743065305897,0.0038543
5.28,0.585306108210661,-0.831535277200857,1.55599999864957,6.85341937997917,0.99393277791588,0.00694601723262566,0.20000000131384,0.537619225830615,-0.843187741856522,1.55599999999996,6.85079632679466,0.242586942208351,0.473340631718883,0.545000000046768,0.0450932358760381,-2.32722080704167,0.792128020331281,119.020104382878,0.0038633
5.3,0.601854357288331,-0.820522384136788,1.55999999867601,6.8734520300072,0.993835701539355,0.00686096195500216,0.200000001330676,0.554374336178822,-0.83226744222401,1.55999999999996,6.87079632679466,0.242734804399308,0.473365199541208,0.545000000037339,0.0450916157180473,-2.30347686003134,0.759085770369979,118.301701815647,0.003808
5.32,0.618178064443543,-0.809182658845427,1.56399999870276,6.89348357434427,0.9937438202764,0.00678059166511924,0.200000001344118,0.570907704184117,-0.821014246711361,1.56399999999996,6.89079632679466,0.242882702711062,0.473391279123837,0.545000000029729,0.0450900321701128,-2.27907545238951,0.726490587421059,117.587889890946,0.0037372
5.34,0.634270820648648,-0.797520558221933,1.56799999872975,6.91351405054186,0.993657176524067,0.00670479082704199,0.20000000135482,0.587212716719739,-0.809432656446737,1.56799999999996,6.91079632679466,0.24303056238337,0.473418628411193,0.54500000002422,0.0450884813340763,-2.25402569426159,0.69435545605704,116.87869771789,0.0038341
5.36,0.650126304522167,-0.785540664822147,1.57199999875693,6.93354349404114,0.993575806863082,0.00663343602696224,0.20000000136354,0.603282851998072,-0.797527303911826,1.57199999999996,6.93079632679466,0.243178305182065,0.473447018843433,0.545000000020225,0.0450869594732674,-2.22833695040955,0.662693180056475,116.174151302533,0.0039516
5.38,0.665738284835167,-0.77324768534784,1.57599999878428,6.95357193821244,0.993499741829849,0.00656639667800486,0.20000000137082,0.619111682179269,-0.785302951088906,1.57599999999996,6.95079632679466,0.243325849955794,0.473476235185682,0.54500000001729,0.0450854630141844,-2.20201883665589,0.631516377407613,115.474273623488,0.0038018
5.4,0.681100622991944,-0.760646449070648,1.57999999881176,6.97359941439805,0.993429005726723,0.00650353571346329,0.200000001377045,0.634692875942308,-0.772764487556117,1.57999999999996,6.97079632679466,0.243473113169606,0.473506075323027,0.545000000015078,0.045083988547177,-2.17508121622784,0.600837475373879,114.779084708459,0.0036424
5.42,0.696207275483479,-0.747741906195309,1.58399999883935,6.99362595195765,0.993363616468994,0.00644471026661982,0.200000001382473,0.650020201017428,-0.759916928531694,1.58399999999996,6.99079632679466,0.243620009416692,0.47353635003017,0.545000000013327,0.0450825328273621,-2.14753419600284,0.570668705623614,114.088601711518,0.0040735
5.44,0.711052296312135,-0.734539126162862,1.58799999886705,7.01365157831653,0.99330358546707,0.00638977233571527,0.200000001387271,0.665087526678961,-0.74676541286795,1.58799999999996,7.01079632679466,0.243766451907763,0.473566882717643,0.545000000011846,0.0450810927751847,-2.11938812265649,0.541022099426489,113.402838990924,0.0038525
5.46,0.725629839386075,-0.721043295894496,1.59199999889484,7.03367631901606,0.993248917542305,0.00633856943273423,0.200000001391535,0.679888826197539,-0.733315200995798,1.59199999999996,7.03079632679466,0.243912352937544,0.473597509156597,0.545000000010497,0.0450796654765983,-2.09065357871413,0.511909482918978,112.721808187359,0.0037116
5.48,0.739934160881915,-0.707259717976827,1.59599999892271,7.05370019776644,0.993199610874891,0.00629094521479297,0.200000001395314,0.6944181792507,-0.719571672820652,1.59599999999996,7.05079632679466,0.244057624328122,0.473628077184016,0.54500000000917,0.0450782481827919,-2.06134137850721,0.483342472441252,112.045518302389,0.0037042
5.5,0.753959621574132,-0.693193808789385,1.59999999895064,7.07372323650137,0.993155656982218,0.00624674009703228,0.200000001398615,0.708669774290948,-0.70554032557054,1.59999999999996,7.07079632679466,0.244202177848799,0.473658446390263,0.545000000007792,0.0450768383095222,-2.03146256403586,0.455332469947825,111.373975777023,0.0042346
5.52,0.767700689129777,-0.678851096575165,1.60399999897864,7.09374545543452,0.993117040726101,0.00620579184603552,0.20000000140142,0.722637910870283,-0.691226771597279,1.60399999999996,7.09079632679466,0.244345925612344,0.473688487790761,0.545000000006304,0.0450754334360648,-2.00102840073899,0.427890658494231,110.707184570227,0.0054558
5.54,0.781151940367062,-0.664237219455137,1.6079999990067,7.1137668731175,0.993083740347229,0.00616793615290427,0.200000001403689,0.736317001920313,-0.676636736131613,1.60799999999996,7.11079632679466,0.244488780447582,0.473718083483622,0.545000000004672,0.0450740313037938,-1.97005037317326,0.401027997802017,110.045146237261,0.0052641
5.56,0.794308063476419,-0.649357923387638,1.61199999903479,7.13378750649924,0.993055727525231,0.00613300718523466,0.200000001405371,0.749701575987004,-0.661776054993197,1.61199999999996,7.13079632679466,0.2446306562483,0.473747126294914,0.545000000002863,0.0450726298144079,-1.9385401806025,0.374755219904249,109.387860007711,0.0050164
5.58,0.807163860202661,-0.634219060073631,1.6159999990629,7.15380737098653,0.993032967462739,0.00610083811734253,0.200000001406402,0.762786279419189,-0.646650672256346,1.61599999999996,7.15079632679466,0.24477146829858,0.473775519413316,0.54500000000087,0.045071227027847,-1.90650973249903,0.349082824873737,108.735322863113,0.0046374
5.6,0.819714247986876,-0.618826584808837,1.61999999909103,7.17382648050549,0.993015418991824,0.00607126163819097,0.200000001406715,0.775565878509954,-0.631266637872487,1.61999999999996,7.17079632679465,0.24491113357475,0.473803176015719,0.544999999998672,0.0450698211598829,-1.87397114395854,0.324021076636109,108.087529614054,0.0037973
5.62,0.831954262066764,-0.603186554283796,1.62399999911916,7.19384484756388,0.993003034701216,0.00604411043657074,0.200000001406237,0.788035261590055,-0.615630105250256,1.62399999999996,7.19079632679465,0.245049571024155,0.473830018885405,0.544999999996272,0.0450684105794342,-1.84093673103006,0.299579998869849,107.444472976652,0.0036982
5.64,0.843879057534108,-0.587305124332944,1.62799999914728,7.21386248331396,0.992995761082723,0.00601921766318146,0.200000001404895,0.800189441072517,-0.599747328794216,1.62799999999996,7.21079632679465,0.245186701804098,0.473855979981971,0.544999999989647,0.0450669938024161,-1.80741900596284,0.275769370995355,106.806143648197,0.0036735
5.66,0.85548391134813,-0.571188547633846,1.63199999917534,7.2338793976157,0.992993538694596,0.00599641736765693,0.200000001401168,0.8120235554476,-0.583624661403183,1.63199999999996,7.23079632679465,0.245322449527847,0.473881000079959,0.544999999974616,0.0450655694929026,-1.77343067237172,0.252598724255033,106.172530382208,0.0045128
5.68,0.866764224303529,-0.554843171357737,1.63599999920327,7.2538955991003,0.992996302341486,0.00597554491340441,0.20000000139203,0.823532871227341,-0.567268551929147,1.63599999999996,7.25079632679465,0.245456740545377,0.473905028546785,0.544999999963785,0.045064136471784,-1.73898462032295,0.230077337886404,105.543620063063,0.0047393
5.7,0.877715522951949,-0.538275434772498,1.63999999923098,7.27391109523396,0.993003981271834,0.00595643737573082,0.200000001378992,0.834712784838882,-0.55068554259782,1.63999999999996,7.27079632679465,0.245589504024825,0.473928022676032,0.544999999956017,0.0450626936840067,-1.70409392134219,0.208214235390136,104.919397778363,0.00394
5.72,0.888333461475734,-0.521491866799298,1.6439999992584,7.29392589238167,0.993016499384065,0.00593893390507961,0.200000001363158,0.845558824465843,-0.533882266391829,1.64399999999996,7.29079632679465,0.245720672164614,0.473949947397738,0.544999999950451,0.0450612402143311,-1.66877182334658,0.187018180894896,104.299846891393,0.0043017
5.74,0.898613823512914,-0.504499083524238,1.64799999928548,7.31393999587035,0.99303377544617,0.00592287607152394,0.200000001345321,0.856066651836985,-0.516865444397617,1.64799999999996,7.31079632679465,0.245850180341751,0.473970774881876,0.544999999946463,0.0450597752804868,-1.63303174550286,0.166497675620838,103.684949112209,0.00409
5.76,0.908552523932279,-0.487303785666197,1.6519999993122,7.3339534100519,0.993055723325602,0.00590810818573291,0.200000001326047,0.866232063961463,-0.499641883117093,1.65199999999996,7.33079632679465,0.245977967240119,0.473990484143076,0.544999999943551,0.0450582982282838,-1.59688727301344,0.146660954443504,103.074684567604,0.0039337
5.78,0.918145610557527,-0.469912756002199,1.65599999933851,7.35396613836562,0.993082252228101,0.00589447759667435,0.200000001305726,0.876050994809962,-0.482218471745125,1.65599999999996,7.35079632679465,0.246103974959616,0.474009060648789,0.544999999941323,0.0450568085272837,-1.56035215183258,0.127515982559865,102.469031869922,0.0036403
5.8,0.927389265839447,-0.452332856751609,1.65999999936442,7.37397818340012,0.993113266944151,0.00588183496636109,0.200000001284602,0.885519516941062,-0.464602179413953,1.65999999999996,7.37079632679465,0.246228149106788,0.474026495931508,0.544999999939521,0.0450553057664044,-1.52344028331451,0.109070452258181,101.867968184663,0.003933
5.82,0.936279808475179,-0.434571026920504,1.66399999938989,7.39398954695437,0.993148668101806,0.00587003452197267,0.20000000126283,0.894633843072154,-0.446800052405629,1.66399999999996,7.39079632679465,0.24635043886747,0.474042787205509,0.544999999937956,0.04505378964941,-1.48616571879582,0.0913317797932827,101.271469296853,0.0040102
5.84,0.94481369497361,-0.41663427960758,1.66799999941492,7.414000230098,0.993188352424652,0.00585893428571772,0.200000001240494,0.90339032759431,-0.428819211333597,1.66799999999996,7.41079632679465,0.246470797062346,0.474057936989494,0.544999999936506,0.0450522599903491,-1.44854265411409,0.0743071023688637,100.679509676154,0.0039169
5.86,0.952987521166016,-0.398529699272975,1.67199999943951,7.43401023323053,0.993232212993751,0.00584839628287488,0.200000001217636,0.911785468030472,-0.410666848294545,1.67199999999996,7.43079632679465,0.246589180186085,0.474071952735842,0.544999999935082,0.0450507167089265,-1.41058542406507,0.0580032752282766,100.092062540674,0.0038221
5.88,0.960798023661079,-0.380264438971405,1.67599999946363,7.45401955613955,0.993280139512424,0.00583828672848984,0.200000001194265,0.919815906436399,-0.39235022399166,1.67599999999996,7.45079632679465,0.246705548430831,0.474084846467204,0.544999999933626,0.0450491598258366,-1.37230849680045,0.0424268688552958,99.509099919471,0.0046134
5.9,0.968242081243471,-0.361845717551025,1.67999999948727,7.47402819805772,0.993332018572828,0.00582847619324927,0.200000001170371,0.9274784307438,-0.373876664830445,1.67999999999996,7.47079632679465,0.24681986569483,0.474096634421102,0.544999999932116,0.0450475894580401,-1.33372646816861,0.0275841662862457,98.9305927137314,0.0041315
5.92,0.975316716215225,-0.343280816819445,1.68399999951044,7.49403615771856,0.993387733923293,0.0058188397490893,0.200000001145933,0.934769976045118,-0.355253559988253,1.68399999999996,7.49079632679465,0.246932099576949,0.474107336703218,0.544999999930537,0.0450460058140435,-1.2948540560006,0.0134811605348352,98.3565107566035,0.0040306
5.94,0.982019095679142,-0.324577078678334,1.6879999995331,7.51404343341082,0.99344716673545,0.00580925709513363,0.200000001120926,0.941687625819451,-0.336488358458717,1.68799999999996,7.51079632679465,0.247042221357897,0.474116976949871,0.544999999928899,0.0450444091891564,-1.25570609434351,0.000123552130985747,97.7868228716871,0.0041576
5.96,0.988346532763537,-0.305741902228071,1.69199999955527,7.53405002303148,0.993510195870257,0.00579961266458469,0.200000001095329,0.948228613099124,-0.317588566072249,1.69199999999996,7.53079632679465,0.247150205968904,0.47412558200027,0.54499999992721,0.045042799960769,-1.21629752764384,-0.0124832532251219,97.2214969301678,0.0040632
5.98,0.994296487787668,-0.286782740843893,1.69599999957691,7.55405592413729,0.993576698142042,0.00578979571322144,0.200000001069125,0.954390321576437,-0.29856174249381,1.69599999999996,7.55079632679465,0.247256031948686,0.474133181578917,0.544999999925492,0.0450411785836323,-1.1766434048829,-0.0243341468926115,96.6604999065964,0.0038373
6,0.999866569367212,-0.267707099225024,1.69999999959802,7.57406113399476,0.993646548579771,0.00577970039017881,0.200000001042302,0.960170286650154,-0.279415498199144,1.69999999999996,7.57079632679465,0.247359681389458,0.474139807988588,0.544999999923773,0.0450395455851801,-1.13675887366687,-0.0354243194019758,96.1037979333153,0.003837
6.02,1.00505453545921,-0.248522530418236,1.7039999996186,7.59406564962853,0.993719620684774,0.00576922579170552,0.20000000101486,0.96556619641131,-0.260157491430689,1.70399999999996,7.59079632679465,0.247461139872771,0.474145495814276,0.544999999922084,0.0450379015609022,-1.0966591742739,-0.0457492624485899,95.5513563535333,0.0039517
6.04,1.00985829434593,-0.229236632817357,1.70799999963861,7.61406946786815,0.993795786684246,0.00575827599861489,0.200000000986811,0.970575892567946,-0.240795425134381,1.70799999999996,7.61079632679465,0.247560396395968,0.474150281638288,0.544999999920463,0.0450362471697398,-1.05635963366048,-0.0553047707666813,95.0031397730574,0.0035787
6.06,1.01427590555714,-0.209857047140177,1.71199999965806,7.63407258539317,0.99387491777985,0.00574676009815438,0.200000000958177,0.975197371308395,-0.221337043878582,1.71199999999996,7.63079632679464,0.247657443290013,0.474154203766833,0.544999999918944,0.0450345831295771,-1.01587565942987,-0.0640869438828226,94.4591121106885,0.0034272
6.08,1.01830558073036,-0.190391453384276,1.71599999967693,7.65407499877651,0.993956884390846,0.0057345921910342,0.200000000928997,0.979428784102778,-0.201790130756354,1.71599999999996,7.65079632679464,0.247752276129435,0.47415730196823,0.544999999917564,0.0450329102127783,-0.975222733764737,-0.0720921877480752,93.9192366472933,0.0033988
6.1,1.02194568440852,-0.170847567763234,1.71999999969522,7.67407670452612,0.994041556391188,0.00572169138435994,0.20000000089932,0.983268438442396,-0.182162504272322,1.71999999999996,7.67079632679464,0.247844893635144,0.474159617222893,0.544999999916356,0.0450312292418191,-0.934416407326682,-0.0793172162479669,93.3834760735627,0.0035683
6.12,1.02519473477488,-0.151233139624747,1.7239999997129,7.69407769912488,0.99412880334009,0.00570798177122077,0.200000000869209,0.986714798516709,-0.162462015215382,1.72399999999996,7.69079632679464,0.247935297570847,0.474161191485239,0.544999999915362,0.0450295410850016,-0.893472293125137,-0.0857590525895531,92.8517925364734,0.0035748
6.14,1.02805140432459,-0.131555948352118,1.72799999972998,7.7140779790687,0.994218494705615,0.00569339239768852,0.200000000838739,0.989766485827636,-0.142696543518487,1.72799999999996,7.71079632679464,0.24802349263372,0.474162067457441,0.54499999991461,0.0450278466522442,-0.852406060358098,-0.0914150305648633,92.3241476844653,0.0034882
6.16,1.03051452047273,-0.11182380025063,1.73199999974645,7.73407754090287,0.994310500080893,0.00567785721797729,0.200000000807998,0.992422279740943,-0.12287399510678,1.73199999999996,7.73079632679464,0.248109486340078,0.474162288375186,0.544999999914114,0.0450261468909991,-0.811233428227273,-0.0962827956901014,91.8005027113532,0.0034288
6.18,1.03258306609852,-0.0920445254202928,1.7359999997623,7.75407638125663,0.994404689392595,0.00566131503851692,0.200000000777079,0.994681117974474,-0.103002298735328,1.73599999999996,7.75079632679464,0.248193288906873,0.474161897805666,0.544999999913969,0.0450244427823239,-0.769970159730196,-0.100360306220022,91.2808183989952,0.0035279
6.2,1.03425618002537,-0.0722259746164417,1.73999999977753,7.77407449687592,0.994500933101379,0.00564370945169771,0.200000000746108,0.996542097023054,-0.0830894028177283,1.73999999999996,7.77079632679464,0.248274913129397,0.474160939457273,0.544999999914372,0.0450227353369916,-0.728632055431838,-0.103645834036971,90.7650551587298,0.0033981
6.22,1.03553315743671,-0.0523760160996851,1.74399999979214,7.79407188465436,0.994599102394028,0.00562498876001651,0.200000000715283,0.998004472519875,-0.063143272246845,1.74399999999996,7.79079632679464,0.248354374254675,0.474159456998922,0.544999999914898,0.0450210255912615,-0.687234947218313,-0.106137965414129,90.2531730715722,0.0034198
6.24,1.03641345022725,-0.0325025324766757,1.74799999980614,7.81406854166244,0.994699069367008,0.00560510589127582,0.200000000684646,0.999067659534237,-0.0431718852089621,1.74799999999996,7.81079632679464,0.248431689855104,0.474157493895876,0.544999999915604,0.045019314604159,-0.645794692035236,-0.107835601652566,89.7451319272869,0.0033546
6.26,1.03689666728966,-0.0126134175331825,1.75199999981953,7.83406446517502,0.994800707201374,0.00558401830574655,0.200000000654263,0.99973123280551,-0.023183229992613,1.75199999999996,7.83079632679464,0.248506879700441,0.474155093256524,0.54499999991682,0.045017603453895,-0.604327165613322,-0.108737959591768,89.2408912623094,0.0033151
6.28,1.03698257473647,0.00728342693906691,1.75599999983232,7.85405965269697,0.99490389032889,0.00556168789595857,0.200000000624318,0.999994926913232,-0.00318530179337252,1.75599999999996,7.85079632679464,0.248579965618834,0.474152297677278,0.544999999918068,0.0450158932323068,-0.562848256183812,-0.108844571993358,88.7404103962511,0.0038168
6.3,1.03667109605716,0.02718009432031,1.75999999984451,7.87405410198715,0.995008494588866,0.0055380808793099,0.200000000594823,0.999858636383277,0.0168139004841152,1.75999999999996,7.87079632679464,0.248650971373421,0.474149149121652,0.54499999991947,0.0450141850450217,-0.521373858186326,-0.108155287797787,88.2436484677186,0.0035486
6.32,1.03596231221044,0.0470686763439814,1.76399999985612,7.89404781108071,0.995114397376306,0.00551316768510761,0.200000000565832,0.99932241573004,0.0368063774255917,1.76399999999996,7.89079632679464,0.248719922526767,0.474145688793373,0.544999999920985,0.0450124800061774,-0.479919865971714,-0.106670272253843,87.7505644687172,0.0035405
6.34,1.03485646165155,0.0669412662798084,1.76799999986715,7.91404077830964,0.995221477780848,0.00548692283596436,0.200000000537386,0.998386479434631,0.056784132306843,1.76799999999996,7.91079632679464,0.24878684630901,0.474141957025328,0.544999999922619,0.0450107792358538,-0.438502167502536,-0.104390006920859,87.2611172780639,0.0034934
6.36,1.03335394029481,0.086789962117329,1.77199999987762,7.93403300232175,0.99532961671664,0.00545932482444948,0.200000000509529,0.997051201859091,0.0767391742922834,1.77199999999996,7.93079632679464,0.248851771485879,0.474137993177747,0.544999999924315,0.0450090838571821,-0.397136638053725,-0.101315289543598,86.775265693715,0.003777
6.38,1.03145530141127,0.106606869748402,1.77599999988754,7.95402448209802,0.995438697043142,0.00543035598555953,0.200000000482283,0.995317117096646,0.0966635216311821,1.77599999999996,7.95079632679464,0.248914728228332,0.47413383554714,0.544999999925977,0.0450073949936693,-0.355839133916056,-0.0974472337997959,86.2929684640685,0.0037286
6.4,1.02916125546175,0.126384106147287,1.77999999989692,7.97401521696833,0.995548603676935,0.00540000236563806,0.200000000455635,0.99318491875808,0.116549204850258,1.77999999999996,7.97079632679464,0.248975747986202,0.474129521289232,0.544999999927688,0.04500571376702,-0.314625486105005,-0.0927872689204644,85.8141843183226,0.0036872
6.42,1.02647266986514,0.146113802546887,1.78399999990577,7.99400520662569,0.995659223694731,0.00536825358848986,0.200000000429602,0.9906554596943,0.136388269941363,1.78399999999996,7.99079632679464,0.249034698567268,0.474124608030361,0.544999898988755,0.0450039864385893,-0.273511494077573,-0.0873371391830498,85.3388709282641,0.0033066
6.44,1.02339056891018,0.165788107574088,1.78799999955072,8.01399444996082,0.995770439671098,0.00533508394674926,0.199999964065554,0.987729751655206,0.156172781542977,1.78799999999996,8.01079632679463,0.2490919935525,0.474120220889722,0.54499995708142,0.0450023765979554,-0.232512919456898,-0.0810989032781304,84.866989500637,0.003323
6.46,1.01991613312732,0.185399190466844,1.79199999867752,8.03398294753568,0.995882151799419,0.00530051550733335,0.199999948614865,0.984408964885005,0.17589482611425,1.79199999999996,8.03079632679462,0.249147443151028,0.474115761921096,0.54499999466808,0.0450007332181009,-0.191645479765261,-0.07407493355009,84.3984974470838,0.0032014
6.48,1.01605069866571,0.204939244258132,1.79599999763063,8.0539707015791,0.995994253904291,0.00526454554959677,0.199999946695374,0.980694427654127,0.19554651510031,1.79599999999996,8.05079632679461,0.249201083338959,0.474111261698972,0.545000017197521,0.0449990943561173,-0.150924842191667,-0.0662679151080355,83.93335370151,0.0033188
6.5,1.01179575708092,0.22440048887004,1.79999999662644,8.0739577135081,0.996106642288014,0.00522717554709072,0.199999952886482,0.976587625727939,0.215119988087583,1.79999999999996,8.0707963267946,0.249252949663168,0.474106748325997,0.545000028715967,0.0449974671725159,-0.110366617369298,-0.0576808448124511,83.4715172817095,0.0037069
6.52,1.00715295478464,0.24377517425149,1.80399999578755,8.09394398494953,0.996219215763272,0.00518840996840684,0.19999996322423,0.972090201772454,0.234607415947849,1.80399999999996,8.09079632679459,0.249303079296647,0.474102250308374,0.545000031778488,0.0449958536634556,-0.0699863531700502,-0.0483170301368398,83.0129473939051,0.0032594
6.54,1.00212409243074,0.26305558350404,1.80799999516644,8.11392951791173,0.996331875750576,0.00514825604867035,0.199999974664485,0.967203954697291,0.254001003969792,1.80799999999996,8.11079632679458,0.249351512996551,0.474097803659864,0.545000030349533,0.0449942557043241,-0.0297995285223555,-0.0381800879040939,82.5576034667569,0.003253
6.56,0.996711124233308,0.282234035994835,1.81199999476899,8.13391431482999,0.996444526452038,0.00510672398235887,0.199999985590317,0.961930838936129,0.273292994976783,1.81199999999996,8.13079632679458,0.24939828972309,0.474093439339949,0.545000026904919,0.044992674283324,0.0101784527451053,-0.0272739428980852,82.1054450678869,0.0031696
6.58,0.990916157219696,0.301302890454344,1.81599999457765,8.1538983785861,0.996557074807841,0.00506382661348804,0.199999995276087,0.956272963664967,0.292475672429642,1.81599999999996,8.15079632679457,0.249443447361903,0.474089183506464,0.545000022239846,0.0449911101211367,0.0499322680310684,-0.0156028263510306,81.6564319584565,0.0042994
6.6,0.98474145042433,0.320254548057131,1.81999999456323,8.17388171250184,0.996669430476029,0.00501957916529595,0.200000003282432,0.950232591958475,0.311541363513152,1.81999999999996,8.17079632679456,0.249487024001454,0.474085061252851,0.545000017054782,0.0449895642076339,0.0894466820582916,-0.00317127430728682,81.2105241312913,0.0040186
6.62,0.978189414021866,0.339081455484988,1.82399999469028,8.1938643203334,0.996781505859575,0.00497399912752221,0.200000009422153,0.943812139884799,0.330482442205086,1.82399999999996,8.19079632679455,0.249529057565995,0.474081095888273,0.54500001181691,0.0449880374725098,0.128706552936707,0.0100158741357364,80.76768182784,0.0034155
6.64,0.971262608398772,0.357776107971308,1.82799999492126,8.21384620627051,0.996893216115963,0.00492710610933009,0.200000013676241,0.937014175539164,0.349291332326512,1.82799999999996,8.21079632679454,0.249569585870704,0.474077309074905,0.545000006948162,0.0449865309121195,0.167696838190666,0.023953478708818,80.3278655546119,0.0033304
6.66,0.963963743164052,0.376331052325465,1.8319999952198,8.23382737493592,0.997004479166013,0.0048789216987158,0.200000016177579,0.929841418016668,0.367960510572164,1.83199999999996,8.23079632679453,0.24960864806609,0.474073723175343,0.545000003432481,0.0449850460027435,0.206402600747828,0.0386360999735454,79.8910361321665,0.0040063
6.68,0.956295676098335,0.394738889936207,1.83599999555571,8.25380783139662,0.997115215758252,0.00482946940884954,0.200000017413272,0.922296736324686,0.386482509519661,1.83599999999996,8.25079632679452,0.249646281477345,0.4740703554453,0.54500000093962,0.0449835831507128,0.244809014887252,0.0540580014454931,79.4571546765273,0.0037911
6.7,0.948261412043435,0.412992279752765,1.83999999590736,8.27378758116092,0.997225349403308,0.00477877439595365,0.200000017751536,0.9143831482353,0.404849920616383,1.83999999999996,8.27079632679451,0.249682523138391,0.474067221702974,0.544999999215178,0.0449821431442727,0.282901372144241,0.070213151837097,79.026182629494,0.0035961
6.72,0.939864101733904,0.431083941242311,1.84399999625956,8.29376663016187,0.997334806366136,0.00472686334729404,0.200000017469,0.906103819078233,0.423055397142784,1.84399999999996,8.2907963267945,0.249717409721275,0.474064336360928,0.544999998063746,0.0449807268094925,0.32066508716962,0.0870952274193035,78.5980817751412,0.0034219
6.74,0.931107040569449,0.449006657322701,1.84799999660197,8.31374498475092,0.997443515653221,0.00467376436137818,0.200000016771948,0.897462060474758,0.441091657150992,1.84799999999996,8.31079632679449,0.249750977468908,0.474061712457092,0.544999997335719,0.0449793349558711,0.358085703541089,0.104697614501026,78.1728142555901,0.0035649
6.76,0.92199366732876,0.466753277269293,1.85199999692782,8.33372265169266,0.997551408994857,0.00461950682970763,0.200000015812807,0.888461329013094,0.458951486377484,1.85199999999996,8.33079632679448,0.249783262132281,0.474059361688401,0.544999996917007,0.0449779683669932,0.3951488995243,0.123013412025397,77.7503425860621,0.0034192
6.78,0.912527562825313,0.48431671959469,1.85599999723298,8.35369963815917,0.997658420822785,0.00456412132169598,0.20000001470293,0.879105224865818,0.476627741128696,1.85599999999996,8.35079632679447,0.249814298912211,0.474057294447298,0.54499999672099,0.044976627798607,0.431840493781323,0.142035434281756,77.3306296692271,0.0032989
6.8,0.902712448505742,0.501689974900245,1.85999999751523,8.37367595172373,0.997764488243464,0.00450763947313265,0.200000013522486,0.869397490349843,0.494113351138409,1.85999999999996,8.37079632679446,0.249844120938698,0.474055516372324,0.544999995754962,0.0449753133779674,0.468146451024202,0.161756213732265,76.9136388039904,0.003222
6.82,0.892552184992937,0.518866108698413,1.8639999977704,8.3936516003411,0.997869550947482,0.00445009374583802,0.200000011994273,0.85934200842954,0.511401322395757,1.86399999999996,8.39079632679445,0.24987276276205,0.47405403595653,0.544999994470226,0.0449740264304451,0.504052887611313,0.182168003952003,76.4993337146639,0.0032095
6.84,0.882050770572591,0.535838264204793,1.86799999799038,8.41362659234228,0.99797355125729,0.00439151749345143,0.200000010003554,0.848942801163606,0.52848473994274,1.86799999999996,8.41079632679445,0.2499002576572,0.474052859501794,0.544999992962316,0.0449727675671489,0.539546077084349,0.203262782681355,76.0876785452237,0.0034971
6.86,0.871212339622751,0.552599665098498,1.87199999816511,8.43360093643942,0.998076434066173,0.00433194480584388,0.200000007469988,0.838204028096293,0.545356770640115,1.87199999999996,8.43079632679444,0.249926638128757,0.474051992297994,0.544999991323027,0.0449715374159511,0.574612455643602,0.225032254989455,75.6786378769523,0.0034604
6.88,0.860041160988929,0.569143618249799,1.87599999828328,8.45357464171569,0.998178146795475,0.00427141041997692,0.200000004346278,0.827129984593646,0.562010665900561,1.87599999999996,8.45079632679443,0.24995193596128,0.474051438865773,0.544999989677838,0.0449703366082467,0.609238627559345,0.247467856547386,75.2721767399687,0.0032941
6.9,0.848541636304858,0.585463516413915,1.87999999833304,8.47354771761661,0.998278639352605,0.0042099496411177,0.200000000630299,0.815725100125414,0.578439764388023,1.87999999999996,8.47079632679442,0.249976182170486,0.474051202934049,0.544999988151025,0.0449691657441861,0.64341137051712,0.27056075700982,74.8682606235558,0.0032842
6.92,0.836718298259536,0.601552840889866,1.88399999830299,8.49352017394155,0.998377864085935,0.00414759826440054,0.199999996364668,0.803993936493323,0.594637494682158,1.88399999999996,8.49079632679441,0.249999406961031,0.474051287411237,0.54499998684484,0.0449680253892913,0.677117640894792,0.29430186350371,74.4668554858448,0.003213
6.94,0.824575808811379,0.617405164143344,1.88799999818293,8.51349202083465,0.998475775736937,0.0040843924973387,0.199999991628811,0.79194118600641,0.610597377906813,1.88799999999996,8.5107963267944,0.250021637457436,0.474051688234398,0.544999984212961,0.0449669155251217,0.710344578969211,0.318681824222622,74.0679277631167,0.0033742
6.96,0.812118957352855,0.633014152393495,1.89199999795867,8.53346326876343,0.998572331298419,0.00402036863989739,0.199999985945477,0.779571669604169,0.626313030321496,1.89199999999996,8.53079632679439,0.250042902927957,0.474052409546903,0.544999981766706,0.0449658373269891,0.743079514050443,0.343691032125256,73.67144438117,0.0032739
6.98,0.799352658822597,0.648373568161353,1.89599999761194,8.55343392851283,0.998667490082155,0.00395556338729447,0.199999979381491,0.766890334928238,0.64177816587478,1.89599999999996,8.55079632679438,0.250063230885228,0.474053451801253,0.544999979605169,0.0449647911082924,0.775309969541565,0.369319628736687,73.2773727594305,0.0032429
7,0.786281951764495,0.66347727277846,1.89999999712615,8.57340401118613,0.998761213631472,0.00389001362615107,0.199999972039352,0.753902254343403,0.656986598718642,1.89999999999996,8.57079632679437,0.250082648304,0.474054815355293,0.544999977838714,0.0449637773316978,0.807023667921853,0.395557508050748,72.8856808174998,0.0031924
7.02,0.772911996337991,0.678319228855918,1.90399999648715,8.59337352819116,0.998853465680828,0.00382375639867707,0.199999964061289,0.740612622908727,0.671932245682722,1.90399999999996,8.59079632679436,0.25010118150761,0.47405650024004,0.544999976555289,0.044962796452841,0.838208535651365,0.422394320531959,72.4963369806023,0.0033673
7.04,0.759248072279076,0.69289350271242,1.90799999568398,8.61334249123068,0.998944212110439,0.00375682885406264,0.199999955621193,0.72702675629959,0.686609128707505,1.90799999999996,8.61079632679435,0.250118855404247,0.474058504807055,0.544999975748546,0.0449618488123251,0.868852707994947,0.449819477215414,72.1093101884875,0.0033253
7.06,0.745295576813565,0.707194266760518,1.9119999947091,8.63331091229109,0.999033420869457,0.00368926814660619,0.199999946890669,0.713150088681495,0.701011377235472,1.91199999999996,8.63079632679434,0.250135693981144,0.474060826706428,0.544999975399175,0.0449609347644271,0.898944533763712,0.477822153902947,71.7245699003045,0.0032501
7.08,0.731060022523713,0.721215801850278,1.91599999355835,8.65327880363015,0.999121061918004,0.00362111137793897,0.199999938034372,0.698988170536468,0.715133230559239,1.91599999999996,8.65079632679433,0.250151720298762,0.474063462916574,0.54499997547709,0.044960054643375,0.928472579972125,0.506391295453903,71.3420860995842,0.0032529
7.1,0.716547035168622,0.734952499569349,1.91999999223075,8.67324617776567,0.999207107168441,0.00355239554111714,0.199999929206125,0.684546666442945,0.728969040125766,1.91999999999996,8.67079632679432,0.250166956489717,0.474066409783945,0.544999975944262,0.0449592087586429,0.957425636408819,0.535515620168792,70.9618292986735,0.0032682
7.12,0.70176235145932,0.748398864498551,1.92399999072827,8.69321304746438,0.999291530426092,0.00348315746788713,0.199999920546059,0.669831352810012,0.742513271795699,1.92399999999996,8.69079632679431,0.250181644001291,0.474070334415014,0.545000110760017,0.0449584686561737,0.985792720119321,0.565183624264045,70.5837701358057,0.0038017
7.14,0.686711816537258,0.761549516269802,1.92799998953793,8.71317942726131,0.999374316369608,0.00341346024880601,0.199999960419665,0.65484811556692,0.75576050805696,1.92799999999996,8.71079632679431,0.250195376758475,0.474073924123485,0.545000078582021,0.0449576460592307,1.01356307979552,0.59538358643408,70.2078809526138,0.0037415
7.16,0.671401381907137,0.774399191869335,1.93199998902922,8.73314533073399,0.999455434363673,0.0033433129670535,0.199999988709192,0.639602947808794,0.768705450191671,1.93199999999996,8.7307963267943,0.250208379057521,0.474077807280047,0.545000054402944,0.0449568985347626,1.04072620006671,0.62610357249658,69.834133537312,0.0036404
7.18,0.655837103332018,0.786942747909786,1.93599998899925,8.75311077006658,0.999534863470707,0.00327275280986536,0.200000008294252,0.624101947399469,0.781342920395574,1.93599999999996,8.75079632679429,0.250220669304739,0.474081978409283,0.545000036368612,0.0449561918954959,1.06727180571708,0.657331440135168,69.462500558146,0.0036486
7.2,0.640025138195519,0.799175162557921,1.93999998929607,8.77307575872144,0.99961258441831,0.00320181556207687,0.200000021386952,0.608351314532434,0.793667863849086,1.93999999999996,8.77079632679428,0.250232264928351,0.474086431414575,0.545000023039067,0.0449555215497155,1.0931898658018,0.689054843722239,69.0929552266779,0.0040438
7.22,0.623971743063909,0.811091537555416,1.94399998980674,8.79304031050869,0.999688579523588,0.00313053648417621,0.200000029681017,0.592357349250827,0.805675350739156,1.94399999999996,8.79079632679427,0.250243182495431,0.47409115986361,0.545000013297945,0.0449548868650509,1.11847059766324,0.7212612392217,68.7254712986617,0.0037284
7.24,0.607683271208603,0.82268710019023,1.94799999044824,8.81300443944413,0.999762832633329,0.0030589504127664,0.200000034468277,0.576126448927514,0.817360578231126,1.94799999999996,8.81079632679426,0.250253437734586,0.474096157081215,0.545000006281481,0.0449542878439257,1.14310447084884,0.753937889171564,68.3600230746846,0.003681
7.26,0.59116617008987,0.833957205217814,1.95199999116022,8.83296815971662,0.999835329066759,0.002987091756493,0.20000003672961,0.559665105706212,0.828718872389798,1.95199999999996,8.83079632679425,0.250263045557873,0.474101416197741,0.545000001322912,0.0449537245750961,1.16708221092913,0.787071867744394,67.9965854003438,0.0038317
7.28,0.574426978802755,0.844897336731405,1.95599999189957,8.8529314856735,0.999906055559532,0.00291499447711692,0.200000037205858,0.54297990390473,0.839745690048953,1.95599999999996,8.85079632679424,0.250272020081547,0.474106930185222,0.544999997908769,0.0449531971432423,1.19039480321433,0.820650065883576,67.6351336659645,0.0037738
7.3,0.557472325486198,0.855503109980701,1.95999999263616,8.87289443180925,0.999975000208746,0.00284269207029572,0.200000036453015,0.526077517381322,0.850436620628549,1.95999999999996,8.87079632679423,0.250280374649866,0.4741126918935,0.544999995644828,0.0449527056147985,1.21303349636801,0.85465919651338,67.2756438058244,0.003776
7.32,0.540308924696405,0.865770273138207,1.96399999334954,8.89285701275461,1.00004215241909,0.00277021754851504,0.200000034885153,0.508964706865235,0.860787387898897,1.96399999999996,8.89079632679422,0.250288121859618,0.474118694083624,0.544999994229448,0.044952250035954,1.23498980591649,0.889085799820719,66.9180922969152,0.0037047
7.34,0.522943574745477,0.875694709012583,1.96799999402647,8.91281924326602,1.00010750285021,0.00269760342640796,0.200000032807754,0.491648317252507,0.870793851691099,1.96799999999996,8.91079632679421,0.250295273585746,0.474124929459524,0.544999993432729,0.0449518304328284,1.25625551765235,0.92391624860651,66.5624561572442,0.0038185
7.36,0.505383155006375,0.885272436708322,1.97199999465898,8.93278113821517,1.00017104336535,0.00262488170840357,0.200000030443537,0.474135274868101,0.880452009553053,1.97199999999996,8.9307963267942,0.25030184100795,0.474131390697896,0.544999993080277,0.0449514468119238,1.27682269093094,0.959136753704488,66.2087129436864,0.0037132
7.38,0.487634623185268,0.894499613231138,1.97599999524294,8.95274271257871,1.00023276698135,0.00255208387858598,0.200000027952436,0.456432584695468,0.889757998350391,1.97599999999996,8.95079632679419,0.250307834638118,0.47413807047638,0.54499999304051,0.0449510991606823,1.29668366185833,0.994733369465334,65.856840749395,0.0038839
7.4,0.469705012562343,0.90337253503843,1.97999999577694,8.97270398142814,1.00029266782011,0.00247924089263991,0.20000002544702,0.438547327574643,0.898708095811671,1.97999999999996,8.97079632679418,0.250313264348475,0.474144961499914,0.544999993214809,0.0449507874479926,1.31583104636955,1.03069199930391,65.5068182007825,0.0044627
7.42,0.451601429202162,0.911887639534241,1.98399999626145,8.99266495991983,1.00035074106139,0.00240638317175334,0.200000023004351,0.420486657370008,0.907298722017241,1.98399999999996,8.99079632679418,0.250318139400327,0.474152056525359,0.544999993529835,0.0449505116247343,1.33425774319588,1.06699840130743,65.1586244540791,0.0038719
7.44,0.433331049134671,0.920041506508117,1.98799999669824,9.01262566328528,1.00040698289731,0.00233354059835314,0.200000020675092,0.402257798108838,0.915526440831159,1.98799999999996,9.01079632679417,0.250322468473258,0.474159348384383,0.544999993931588,0.044950271624313,1.35195693671995,1.10363819390227,64.8122391914807,0.0036655
7.46,0.414901115507951,0.927830859517327,1.9919999970899,9.03258610682148,1.0004613904883,0.0022607425135484,0.200000018490464,0.383868041091791,0.923387961275602,1.99199999999996,9.03079632679416,0.250326259694705,0.474166830004551,0.544999994380804,0.044950067363145,1.36892209971748,1.14059686157721,64.4676426168966,0.0036611
7.48,0.396318935713849,0.935252567211901,1.99599999743948,9.05254630588152,1.00051396192062,0.00218801771615702,0.200000016467553,0.365324741976479,0.93088013884721,1.99599999999996,9.05079632679415,0.250329520669756,0.47417449442876,0.544999994849366,0.0449498987411975,1.3851469959846,1.1778597606609,64.1248154513049,0.0036307
7.5,0.377591878487608,0.942303644601971,1.99999999775029,9.07250627586537,1.00056469616557,0.00211539446319714,0.200000014613325,0.346635317835309,0.937999976774849,1.99999999999996,9.07079632679414,0.250332258511107,0.474182334832908,0.544999995317576,0.0449497656424511,1.40062568284971,1.21541212515101,63.7837389277314,0.0038972
7.52,0.358727370982629,0.948981254266937,2.0039999980257,9.09246603221083,1.00061359304029,0.00204290047172186,0.200000012927652,0.327807244188746,0.944744627218278,2.00399999999996,9.09079632679413,0.250334479869051,0.474190344541932,0.544999995772028,0.0449496679353995,1.41535251356875,1.25323907259313,63.4443947858568,0.0037126
7.54,0.33973289582152,0.955282707505963,2.00799999826903,9.11242559038473,1.00066065317017,0.00197056292188341,0.200000011405582,0.308848052015213,0.951111392407248,2.00799999999996,9.11079632679412,0.250336190961412,0.474198517044227,0.544999996203988,0.0449496054735354,1.42932213960309,1.29132561000662,63.1067652662681,0.0036629
7.56,0.320615988124594,0.961205465429381,2.01199999848348,9.13238496587423,1.00070587795299,0.00189840846111342,0.200000010039018,0.289765324738793,0.957097725720571,2.01199999999996,9.13079632679411,0.250337397603342,0.474206846004412,0.544999996608166,0.0449495780957785,1.44252951277885,1.32965663985554,62.7708331043636,0.0036505
7.58,0.30138423251696,0.96674713999056,2.01599999867205,9.15234417417846,1.00074926952461,0.00182646320930796,0.200000008817958,0.270566695195964,0.962701232704739,2.01599999999996,9.1507963267941,0.250338105236874,0.474215325274576,0.544999996981754,0.0449495856269447,1.45496988732711,1.36821696606186,62.436581523922,0.0039874
7.6,0.282045260115405,0.971905494957838,2.01999999883754,9.1723032308002,1.00079083072636,0.00175475276491189,0.200000007731389,0.251259842582564,0.967919672031671,2.01999999999996,9.17079632679409,0.250338318960176,0.474223948904014,0.544999997323726,0.0449496278781833,1.46663882180384,1.40699130005886,62.103994230351,0.0040516
7.62,0.262606745496229,0.97667844682614,2.02399999898253,9.19226215123789,1.00083056507403,0.0016833022117995,0.20000000676793,0.231852489382217,0.972750956395214,2.02399999999996,9.19079632679408,0.250338043556417,0.474232711147486,0.544999997634287,0.044949704647394,1.47753218088901,1.44596426688213,61.7730554036222,0.0037116
7.64,0.243076403645235,0.981064065667919,2.02799999910937,9.21222095097772,1.00086847672849,0.00161213612685112,0.200000005916274,0.212352398277442,0.977193153346039,2.02799999999996,9.21079632679407,0.250337283522159,0.47424160647206,0.544999997914493,0.0449498157196294,1.48764613706405,1.48512041129588,61.4437496909094,0.0038765
7.66,0.223461986891059,0.98506057592308,2.03199999922019,9.23217964548606,1.00090457046784,0.00154127858813023,0.200000005165491,0.192767369044684,0.981244486064594,2.03199999999996,9.23079632679406,0.250336043095256,0.474250629562592,0.544999998165935,0.0449499608674956,1.4969771721669,1.52444420395204,61.1160621989398,0.004213
7.68,0.203771281823054,0.988666357127575,2.0359999993169,9.25213825020194,1.00093885166121,0.00147075318356934,0.200000004505228,0.173105235434505,0.984903334071809,2.03599999999996,9.25079632679405,0.25033432628214,0.474259775325912,0.544999998390523,0.0449501398515375,1.50552207882417,1.56392004757973,60.7899784860701,0.0036746
7.7,0.184012106194919,0.991879944580379,2.03999999940121,9.27209678052979,1.00097132624402,0.00140058302007714,0.200000003925816,0.153373862038192,0.988168233877266,2.03999999999996,9.27079632679404,0.250332136884492,0.474269038893741,0.544999998590328,0.0449503524206032,1.51327796175968,1.60353228320264,60.4654845541034,0.0035584
7.72,0.164192305815315,0.994700029948579,2.04399999947465,9.29205525183238,1.00100200069476,0.00133079073298242,0.200000003418334,0.13358114114202,0.991037879564572,2.04399999999996,9.29079632679404,0.250329478525192,0.474278415624451,0.544999998767487,0.0449505983122118,1.52024223897888,1.64326519638188,60.1425668398564,0.0034928
7.74,0.144319751426655,0.997125461810321,2.04799999953858,9.31201367942391,1.00103088201324,0.00126139849573629,0.20000000297463,0.113734989570449,0.993511123313715,2.04799999999996,9.31079632679403,0.250326354673574,0.474287901103617,0.544999998924103,0.0449508772528621,1.52641264282864,1.68310302348176,59.8212122064906,0.0039343
7.76,0.124402335573325,0.999155246135402,2.0519999995942,9.33197207856334,1.00105797770023,0.00119242802979508,0.200000002587307,0.0938433455194967,0.995586975860171,2.05199999999996,9.33079632679402,0.250322768669862,0.474297491143587,0.544999999062188,0.0449511889583996,1.53178722093207,1.72302995795602,59.5014079346229,0.0036363
7.78,0.10444796946054,1.00078854670331,2.05599999964257,9.35193046444781,1.00108329573854,0.00112390061461601,0.200000002249695,0.0739141653815641,0.9972646068906,2.05599999999996,9.35079632679401,0.250318723748806,0.474307181781978,0.544999999183664,0.0449515331343186,1.53636433699771,1.76303015665215,59.183141713225,0.0034616
7.8,0.0844645798050905,1.00202468545853,2.05999999968462,9.37188885220636,1.00110684457536,0.00105583709769567,0.200000001955814,0.0539554205629876,0.998543345374957,2.05999999999996,9.370796326794,0.250314223062477,0.474316969279226,0.544999999290306,0.0449519094760527,1.54014267150307,1.80308774613098,58.8664016303289,0.0033986
7.82,0.0644601056791969,1.00286314280294,2.06399999972118,9.39184725689368,1.00112863310596,0.000988257904589548,0.200000001700324,0.0339750942955818,0.999422679834898,2.06399999999996,9.39079632679399,0.250309269702165,0.47432685011527,0.544999999383751,0.044952317669289,1.54312122225197,1.84318682899945,58.5511761635487,0.0037295
7.84,0.0444424953487334,1.00330355782526,2.06799999975297,9.41180569348416,1.00114867065855,0.00092118304885468,0.200000001478474,0.0139811784434528,0.999902258548363,2.06799999999996,9.41079632679398,0.250303866719391,0.474336820985385,0.544999999465502,0.0449527573902282,1.54529930480555,1.88331149025363,58.2374541704344,0.0037441
7.86,0.0244197031070503,1.00334572846731,2.07199999978062,9.43176417686603,1.00116696698038,0.000854632141860067,0.200000001286055,-0.00601832969364064,0.999981889690262,2.07199999999996,9.43079632679397,0.250298017145979,0.474346878795248,0.544999999536911,0.044953228305865,1.54667655278667,1.92344580362974,57.9252248786689,0.0036855
7.88,0.00439968610564997,1.00298961162709,2.07599999980467,9.45172272183567,1.00118353222498,0.000788624402415004,0.200000001119343,-0.0260154305791002,0.999661541409199,2.07599999999996,9.45079632679396,0.250291724013204,0.474357020655302,0.544999999599195,0.044953730074236,1.54725291805768,1.96357383796057,57.6144778761257,0.0035865
7.9,-0.0156095988170386,1.00223532319866,2.07999999982562,9.4716813430921,1.00119837694045,0.000723178666168831,0.200000000975053,-0.0460021256391961,0.998941341840216,2.07999999999996,9.47079632679395,0.250284990369976,0.474367243874464,0.544999999653451,0.0449542623446735,1.54702867077127,2.00367966353474,57.3052031007965,0.0035947
7.92,-0.0356001983075336,1.00108313804866,2.08399999984387,9.49164005523163,1.00121151205879,0.000658313394740069,0.200000000850295,-0.0659704204623901,0.997821579053537,2.08399999999996,9.49079632679394,0.250277819300058,0.474377545953242,0.544999999700656,0.0449548247580343,1.54600439929459,2.04374735845623,56.997390830606,0.0035361
7.94,-0.0555641656685732,0.999533489929543,2.0879999998598,9.51159887274257,1.00122294888622,0.000594046684536257,0.200000000742532,-0.0859123279969932,0.996302700939347,2.08799999999996,9.51079632679393,0.250270213938325,0.474387924576328,0.544999999741678,0.0449554169469299,1.54418101000632,2.08376101500184,56.691031673125,0.0034543
7.96,-0.0754935640285322,0.997586971329592,2.09199999987372,9.53155781000024,1.00123269909438,0.000530396275230736,0.200000000649536,-0.10581987174588,0.994385315028641,2.09199999999996,9.53079632679392,0.250262177486036,0.474398377604706,0.544999999777284,0.0449560385359415,1.54155972696711,2.12370474597375,56.3861165551972,0.003425
7.98,-0.0953804695077333,0.995244333259619,2.09599999988591,9.55151688126195,1.00124077471246,0.000467379557864718,0.200000000569358,-0.125685088956982,0.992070188250219,2.09599999999996,9.55079632679391,0.250253713225149,0.474408903067336,0.54499999980815,0.0449566891418234,1.53814209146317,2.16356269104496,56.0826367124928,0.0037085
8,-0.115216974380397,0.992506484976528,2.0999999998966,9.57147610066226,1.00124718812006,0.000405013582548083,0.200000000500292,-0.14550003380828,0.989358246623922,2.09999999999996,9.57079632679391,0.250244824531652,0.474419499152487,0.544999999834883,0.0449573683737081,1.53392996142337,2.20331902309486,55.7805836790025,0.003457
8.02,-0.134995190230982,0.989374493643776,2.10399999990601,9.59143548220828,1.00125195204084,0.00034331506573539,0.20000000044085,-0.16525678058603,0.986250574890244,2.10399999999995,9.5907963267939,0.250235514887943,0.474430164198736,0.544999999857996,0.0449580758332998,1.5289255107099,2.24295795453246,55.4799492764847,0.0034645
8.04,-0.154707251103661,0.985849583928863,2.10799999991432,9.61139503977511,1.00125507953691,0.000282300397056432,0.200000000389728,-0.18494742685494,0.982748416076441,2.10799999999995,9.6107963267939,0.250225787894243,0.474440896685714,0.544999999877968,0.044958811115041,1.52313122828286,2.28246374360485,55.1807256038827,0.003385
8.06,-0.174345316643688,0.981933137537977,2.11199999992167,9.63135478710143,1.00125658400377,0.000221985645684926,0.200000000345797,-0.204564096619041,0.978853170999347,2.11199999999995,9.6307963267939,0.25021564727907,0.474451695224645,0.54499999989519,0.0449595738063154,1.51654991723902,2.32182070068825,54.8829050267193,0.0033728
8.08,-0.193901575229407,0.977626692687964,2.11599999992821,9.65131473778522,1.00125647916594,0.00016238656623193,0.200000000308065,-0.224098943471979,0.974566397705053,2.11599999999995,9.6507963267939,0.250205096908253,0.474462558547756,0.544999999909977,0.0449603634875167,1.50918469372512,2.3610131945592,54.5864801664997,0.003731
8.1,-0.213368247093658,0.972931943515798,2.11999999993405,9.67127490527951,1.00125477907302,0.000103518604114849,0.200000000275657,-0.243544153735475,0.969889810845724,2.11999999999995,9.6707963267939,0.250194140795091,0.47447348550126,0.544999999922688,0.0449611797325139,1.50103898572603,2.40002565864339,54.291443890078,0.0034259
8.12,-0.232737587433338,0.967850739425778,2.12399999993928,9.69123530288836,1.00125149809638,4.53969005444706e-05,0.200000000247824,-0.26289194958469,0.964825280993748,2.12399999999995,9.6907963267939,0.250182783106681,0.474484475033045,0.544999999933596,0.0449620221084396,1.4921165317284,2.43884259723961,53.9977892991037,0.0033603
8.14,-0.252001889505886,0.962385084374656,2.127999999944,9.71119594376286,1.00124665092615,-1.19637030922712e-05,0.200000000223919,-0.28213459215925,0.959374833893541,2.12799999999994,9.7107963267939,0.250171028171071,0.474495526183324,0.544999999942942,0.0449628901760146,1.48242137926008,2.47744859171637,53.7055097194683,0.0033485
8.16,-0.271153487711446,0.956537136094992,2.13199999994827,9.73115684089724,1.00124025256868,-6.85486613251066e-05,0.200000000203378,-0.30126438465869,0.95354064965127,2.13199999999994,9.7307963267939,0.250158880483327,0.474506638074943,0.544999999950917,0.0449637834897055,1.471957883306,2.51582830667865,53.4145986908025,0.003418
8.18,-0.290184760659489,0.950309205256988,2.13599999995217,9.75111800712515,1.00123231834427,-0.000124343721187561,0.200000000185708,-0.320273675421073,0.947325061862844,2.13599999999994,9.7507963267939,0.250146152007835,0.474517099844258,0.544999876307903,0.0449646408821187,1.46073070460113,2.55396649610238,53.1250510347107,0.0030576
8.2,-0.309088134243335,0.943703754875318,2.13999999951059,9.77107945381188,1.00122285592914,-0.000179363242271584,0.199999955656553,-0.339154860983546,0.940730556680506,2.13999999999994,9.7707963267939,0.250133264453781,0.47452843329863,0.544999931202878,0.0449656347343582,1.44874480780065,2.59184800943825,52.8368583955138,0.0030068
8.22,-0.327856084652871,0.936723398994056,2.14399999837605,9.79104119342587,1.00121189005488,-0.000233559232928558,0.199999930889589,-0.357900389123631,0.933759771818403,2.14399999999994,9.7907963267939,0.250119997139705,0.474539820116802,0.544999970303573,0.0449666087999503,1.43600545952786,2.62945779768582,52.5500161047994,0.0030103
8.24,-0.346481141356627,0.929370901364426,2.14799999688693,9.81100323965884,1.00119943700242,-0.000286919938460058,0.199999920198875,-0.376502761880008,0.926415495497537,2.14799999999994,9.8107963267939,0.250106355089623,0.474551259064222,0.544999997451258,0.0449676003099733,1.42251822630303,2.66678091940169,52.264518455296,0.0030411
8.26,-0.364955890116073,0.921649174719516,2.15199999528174,9.83096560486321,1.00118551333465,-0.000339432739740499,0.199999919281328,-0.394954538551603,0.918700665330514,2.15199999999993,9.8307963267939,0.250092343581516,0.474562749200386,0.545000015604796,0.0449686137203831,1.40828897235177,2.70380254667584,51.9803599016632,0.0031584
8.28,-0.383272975956501,0.913561279634062,2.15599999372354,9.8509283010487,1.0011701359085,-0.00039108514630102,0.199999924899055,-0.413248338673767,0.910618367146537,2.15599999999993,9.8507963267939,0.250077968101171,0.474574289688695,0.545000027037535,0.0449696493619311,1.39332385729382,2.74050797106832,51.6975350508686,0.0031436
8.3,-0.401425106115214,0.905110423324771,2.15999999231886,9.87089134001456,1.00115332187613,-0.000441864928536757,0.199999934632567,-0.431376844970368,0.902171833757119,2.15999999999993,9.8707963267939,0.250063234340557,0.474585879738635,0.545000033491608,0.0449707068797775,1.37762933371346,2.77688260949909,51.4160386523374,0.00308
8.32,-0.41940505296576,0.896299958391708,2.16399999113208,9.89085473336892,1.0011350886849,-0.000491760138703487,0.199999946689546,-0.449332806280594,0.893364443662996,2.16399999999993,9.8907963267939,0.250048148199663,0.474597518597301,0.545000036298796,0.0449717858017354,1.36121214461245,2.81291201008875,51.1358655881901,0.0029875
8.34,-0.437205656917032,0.887133381501254,2.16799999019655,9.91081849252942,1.00111545407715,-0.000540759113576436,0.199999959757113,-0.467109040459333,0.884199719702774,2.16799999999993,9.9107963267939,0.250032715527384,0.474609205035923,0.54500003644525,0.0449728855993596,1.34407932074653,2.84858185794771,50.8570108700928,0.002999
8.36,-0.454819829286053,0.877614332011349,2.17199998952289,9.93078262872018,1.00109443607955,-0.000588850494767004,0.199999972877403,-0.484698437249926,0.874681327643844,2.17199999999992,9.9307963267939,0.250016942157918,0.474620937387036,0.545000034649987,0.0449740057301482,1.32623817784645,2.88387798091155,50.5794696295417,0.003138
8.38,-0.472240555143343,0.867746590539758,2.17599998910518,9.95074715296759,1.00107205299352,-0.000636023245949807,0.199999985351398,-0.502093961128179,0.864813074716119,2.17599999999992,9.9507963267939,0.250000835437044,0.474632716612799,0.545000031617409,0.0449751458341756,1.30769631372465,2.91878635522022,50.3032370707034,0.0030059
8.4,-0.489460896129618,0.857534077474451,2.17999998892603,9.97071207610015,1.00104832344749,-0.000682266546049401,0.199999996733666,-0.519288654116478,0.854598908089195,2.17999999999992,9.9707963267939,0.249984400559399,0.474644537975917,0.545000027086193,0.0449763050437713,1.28846160526868,2.95329311113886,50.0283085428179,0.0030788
8.42,-0.506473993243036,0.84698085142898,2.18399998895821,9.99067740874116,1.00102326630149,-0.000727570024192555,0.200000006484695,-0.536275638566887,0.844042913293536,2.18399999999992,9.9907963267939,0.249967646300776,0.474656405553768,0.545000022328406,0.0449774833536544,1.26854220532255,2.98738453851787,49.7546794162216,0.0030159
8.44,-0.523273069595219,0.836091107640794,2.18799998916829,10.0106431613101,1.00099690078221,-0.000771923394696313,0.200000014522921,-0.553048119912116,0.833149312586314,2.18799999999992,10.0107963267939,0.24995058011664,0.474668320292129,0.545000017943303,0.0449786801663293,1.24794653945722,3.02104709229011,49.4823451716998,0.0029529
8.46,-0.539851433134568,0.82486917631203,2.19199998952334,10.0306093440292,1.00096924642381,-0.000815316600481679,0.20000002098251,-0.569599389383258,0.821922463262568,2.19199999999992,10.0307963267939,0.249933209225066,0.474680281506761,0.545000013888004,0.0449798948410923,1.22668330263147,3.05426739790286,49.2113013628036,0.0031549
8.48,-0.556202479336716,0.813319520897985,2.19599998999299,10.0505759669157,1.00094032305028,-0.000857739877983026,0.200000025982192,-0.585922826693203,0.810366855912337,2.19599999999991,10.0507963267939,0.24991554103108,0.474692288560494,0.545000010138766,0.0449811268371351,1.20476145574449,3.08703225668232,48.9415436045995,0.0030274
8.5,-0.57231969386093,0.801446736342415,2.19999999054913,10.070543039777,1.00091015077436,-0.000899183753152024,0.200000029632148,-0.602011902684672,0.798487112624489,2.19999999999991,10.0707963267939,0.249897583125491,0.474704340885223,0.545000006693121,0.0449823756282457,1.1821902220816,3.11932865112867,48.6730675656938,0.0030201
8.52,-0.588196655171175,0.789255547259648,2.20399999116587,10.0905105722074,1.00087874999642,-0.000939639039452289,0.200000032041671,-0.617860181941785,0.786287985137944,2.20399999999991,10.0907963267939,0.249879343282893,0.474716438002488,0.54500000357114,0.0449836406918097,1.1589790836543,3.15114375013938,48.4058689605007,0.0030646
8.54,-0.603827037120733,0.776750806064189,2.20799999181956,10.110478573587,1.00084614140335,-0.000979096835611815,0.200000033327281,-0.633461325364147,0.773774352941043,2.20799999999991,10.1107963267939,0.249860829457883,0.474728579534631,0.545000000814199,0.0449849215075357,1.13513777743634,3.18246491415883,48.1399435417704,0.0029426
8.56,-0.619204611499303,0.763937491048529,2.21199999248904,10.1304470530792,1.00081234596735,-0.0010175485232147,0.200000033620393,-0.648809092702403,0.760951221319821,2.21199999999991,10.1307963267939,0.249842049370906,0.474740763697969,0.544999998228604,0.0449862174114926,1.110676291497,3.21327970025202,47.8752870988558,0.0037147
8.58,-0.634323250541833,0.750820704410502,2.21599999315507,10.150416019627,1.00077738492765,-0.00105498582428053,0.200000032982691,-0.663897345054251,0.747823719355951,2.21599999999991,10.1507963267939,0.24982301154249,0.474752991287874,0.544999996147008,0.0449875280940472,1.08560486103337,3.24357586710041,47.6118954404859,0.0034255
8.6,-0.649176929397565,0.73740567022996,2.21999999380085,10.1703854819532,1.00074127981411,-0.00109140069678533,0.200000031595613,-0.678720047319923,0.73439709787519,2.2199999999999,10.1707963267939,0.249803724837596,0.474765263415011,0.544999994841041,0.0449888531128775,1.05993396430304,3.27334137991788,47.3497643856695,0.003041
8.62,-0.663759728557949,0.723697732394922,2.22399999441419,10.1903554485652,1.00070405245347,-0.0011267853304459,0.200000029738388,-0.693271270616148,0.720676727347109,2.2239999999999,10.1907963267939,0.249784197665307,0.474777578834753,0.544999994100902,0.0449901917448536,1.0336743184588,3.30256441528461,47.0888897699636,0.0029513
8.64,-0.678065836243372,0.709702352479872,2.22799999498772,10.2103259277513,1.0006657249428,-0.00116113224482074,0.200000027614712,-0.707545194647621,0.706668095736985,2.2279999999999,10.2107963267939,0.249764438557042,0.474789936215416,0.544999993767398,0.0449915434107566,1.00683687528707,3.33123336589723,46.8292674333728,0.0032948
8.66,-0.692089550747857,0.695425107577193,2.23199999551758,10.2302969275737,1.00062631964518,-0.00119443428912155,0.200000025370976,-0.721536110035045,0.692376806310681,2.2319999999999,10.2307963267939,0.249744456159979,0.474802334136952,0.544999993720394,0.04499290754957,0.979432816851749,3.35933684523298,46.570893214382,0.0032284
8.68,-0.705825282740313,0.680871688081677,2.23599999600239,10.250268455866,1.0005858591852,-0.00122668464598991,0.200000023110318,-0.735238420598808,0.677808575393421,2.2359999999999,10.2507963267939,0.249724259230255,0.474814771089022,0.544999993869807,0.0449942836011914,0.951473551045072,3.38686369212633,46.3137629442631,0.0030817
8.7,-0.719267557521397,0.66604789542899,2.23999999644253,10.2702405202314,1.00054436644413,-0.00125787683587664,0.200000020903448,-0.74864664559738,0.662969230083331,2.23999999999989,10.2707963267939,0.249703856626015,0.474827245469175,0.544999994148642,0.0449956710036888,0.922970707047325,3.41380297525594,46.0578724416636,0.0031171
8.72,-0.732411017235061,0.650959639788969,2.24399999683953,10.2902131280407,1.00050186455475,-0.00128800472153167,0.20000001879696,-0.761755421919536,0.64786470592068,2.24399999999989,10.2907963267939,0.249683257300333,0.474839755581368,0.544999994507544,0.0449970691930151,0.893936130697198,3.44014399754037,45.8032175074774,0.0029744
8.74,-0.74525042303385,0.635612937714654,2.2479999971957,10.3101862864309,1.00045837689586,-0.00131706251250386,0.200000016819676,-0.774559506229527,0.632501044513742,2.24799999999989,10.3107963267939,0.249662470294101,0.474852299634841,0.544999994910582,0.0449984776031108,0.864381879774592,3.46587630044055,45.549793920001,0.0029963
8.76,-0.757780657197088,0.620013909747979,2.25199999751377,10.3301600023034,1.00041392708652,-0.00134504476961802,0.200000014987485,-0.78705377706435,0.616884391122232,2.25199999999989,10.3307963267939,0.249641504468072,0.474864874713389,0.544999995160858,0.044999895569712,0.834320219197751,3.49098966816735,45.2975974322971,0.003037
8.78,-0.76999672520132,0.60416877798341,2.2559999977961,10.3501342823203,1.00036853896908,-0.00137194645032097,0.200000013245394,-0.799233236882258,0.60102099219929,2.25599999999989,10.3507963267939,0.249620368081204,0.474877474703783,0.544999994585485,0.045001322213801,0.803763616136623,3.51547413179256,45.0466237672576,0.0031089
8.8,-0.781893757743073,0.588083863591441,2.25999999804151,10.3701091328949,1.00032223657399,-0.00139776303352521,0.200000011296168,-0.811093014061714,0.584917192892975,2.25999999999989,10.3707963267939,0.249599070934333,0.474890099149163,0.544999993684449,0.0450027574122915,0.772724735044359,3.53931997326158,44.7968686024893,0.0034709
8.82,-0.793467012711307,0.571765584300598,2.2639999982447,10.3900845601939,1.00027504417141,-0.00142249028595842,0.20000000902257,-0.822628364849975,0.568579434508294,2.26399999999988,10.3907963267939,0.249577622238894,0.474902745215609,0.544999992464295,0.0450042004714202,0.741216432608886,3.56251772930628,44.5483275835165,0.0034662
8.84,-0.804711877108388,0.555220451838795,2.26799999839802,10.4100605701439,1.00022698623855,-0.00144612436976303,0.200000006309717,-0.833834675260528,0.552014251930769,2.26799999999988,10.4107963267939,0.249556031297203,0.474915410244853,0.544999990989632,0.0450056508139322,0.709251752626623,3.58505819525623,44.3009963135528,0.003781
8.86,-0.81562386892026,0.538455069336899,2.27199999849178,10.430037168427,1.00017808745361,-0.00146866183220339,0.200000003065984,-0.844707462918624,0.535228271012563,2.27199999999988,10.4307963267939,0.249534307494566,0.474928091741513,0.544999989359775,0.0450071078772823,0.676843920800373,3.6069324287469,44.0548703503759,0.0042504
8.88,-0.826198638934346,0.521476128694691,2.2759999985148,10.4500143604806,1.0001283726895,-0.00149009959896755,0.199999999235503,-0.85524237885417,0.518228205922234,2.27599999999988,10.4507963267939,0.24951246028785,0.474940787332559,0.544999987686307,0.0450085710987601,0.644006339463439,3.62813175332321,43.8099452035264,0.004093
8.9,-0.836431972504424,0.504290407910287,2.27999999845518,10.4699921514962,1.00007786700742,-0.00151043496947515,0.199999994802574,-0.865435209241254,0.501020856459154,2.27999999999988,10.4707963267939,0.249490498858273,0.474953493356465,0.544999985696085,0.0450100398115262,0.610752582232099,3.64864776193701,43.5662163325663,0.0037434
8.92,-0.846319791262177,0.486904768374508,2.28399999829973,10.4899705464174,1.00002659563605,-0.00152966566878493,0.199999989653164,-0.875281877083624,0.483613105333679,2.28399999999988,10.4907963267939,0.249468429972371,0.474966200046769,0.544999982239634,0.0450115130037035,0.577096388588534,3.668472320337,43.3236791575015,0.004119
8.94,-0.855858154776553,0.469326152133375,2.28799999802886,10.5099495499274,0.999974583862994,-0.0015477900900021,0.199999983259433,-0.88477844384543,0.46601191541416,2.28799999999987,10.5107963267939,0.249446264823942,0.474978910065983,0.544999978772856,0.0450129907971008,0.543051658396359,3.68759757034978,43.0823290164953,0.0039793
8.96,-0.865043262156192,0.451561579115263,2.29199999761763,10.5299291664558,0.999921857202402,-0.00156480677830094,0.199999975617661,-0.893921111026587,0.448224326941885,2.29199999999987,10.5307963267939,0.249424012184945,0.474991619541043,0.544999975323071,0.0450144723301297,0.508632446350877,3.70601593305076,42.8421612061767,0.0059781
8.98,-0.873871453594315,0.433618144324067,2.29599999704115,10.5499094001865,0.999868441290406,-0.0015807147147959,0.199999966733966,-0.902706221682122,0.430257454715077,2.29599999999987,10.5507963267939,0.249401682673002,0.47500432811848,0.544999972123929,0.0450159571897787,0.473852956366411,3.72372011182341,42.6031709549915,0.0055506
9,-0.882339211858097,0.415503015002275,2.29999999627547,10.5698902550544,0.999814361950307,-0.00159551316563644,0.199999956698581,-0.911130261884908,0.412118485243074,2.29999999999987,10.5707963267939,0.249379285870923,0.47501703324757,0.544999969224945,0.0450174447088066,0.438727535902947,3.7407030953056,42.365353439878,0.0054754
9.02,-0.890443163720581,0.397223427763701,2.30399999529866,10.5898717347462,0.999759645142945,-0.00160920177576076,0.199999945619561,-0.919189862131181,0.393814673871813,2.30399999999987,10.5907963267939,0.249356831382079,0.475029732276166,0.544999966664211,0.0450189342921252,0.403270670234344,3.75695816022197,42.1287037782339,0.0044876
9.04,-0.898180081335571,0.378786685698346,2.30799999409104,10.6098538426972,0.999704316958658,-0.00162178056987544,0.199999933618676,-0.926881798688304,0.375353341881796,2.30799999999986,10.6107963267939,0.249334328814968,0.475042422405255,0.544999964465099,0.0450204253536016,0.36749697666041,3.7724788741009,41.8932170274892,0.0038298
9.06,-0.905546883554348,0.360200155449771,2.31199999263549,10.6298365820906,0.999648403608639,-0.0016332499571344,0.199999920826112,-0.934202994884211,0.356741873559671,2.31199999999986,10.6307963267939,0.249312011924393,0.475055962306342,0.545000102844105,0.0450219840175516,0.331421198665145,3.78725909787526,41.6588881127635,0.0044806
9.08,-0.912540636877144,0.341471264055695,2.31599999142225,10.6498199572893,0.999591940684143,-0.00164357621211953,0.19999995784999,-0.941150522338038,0.337987713244617,2.31599999999986,10.6507963267939,0.249289469414415,0.475068713897519,0.545000073394856,0.0450234382558123,0.295058200027564,3.80129298836279,41.4257121340141,0.0046207
9.1,-0.919158556924452,0.322607496172873,2.31999999084347,10.6698039714025,0.999534947035194,-0.00165279369176644,0.199999984272138,-0.947721602131437,0.319098362350708,2.31999999999986,10.6707963267939,0.249266908611759,0.475081451043313,0.545000051222933,0.0450249264566637,0.258422958892038,3.81457500062238,41.1936838716628,0.0044321
9.12,-0.925398009881744,0.303616391285263,2.32399999071331,10.6897886258037,0.9994774492467,-0.00166090283253035,0.200000002712394,-0.953913605920103,0.300081376366447,2.32399999999986,10.6907963267939,0.249244338901744,0.475094170726552,0.545000034646392,0.0450264191826784,0.221530561768675,3.82709989020708,40.9627981379758,0.0043352
9.14,-0.931256513302368,0.284505540490218,2.32799999089229,10.7097739225383,0.999419473989447,-0.00166790539054086,0.200000015185095,-0.959724056985079,0.280944361832671,2.32799999999986,10.7107963267939,0.249221769614435,0.475106869559726,0.545000022358462,0.0450279115304786,0.184396197496301,3.83886271529164,40.733049686184,0.0044422
9.16,-0.936731737125406,0.265282583456404,2.33199999127648,10.7297598635431,0.999361048001699,-0.00167380367154667,0.200000023234142,-0.965150631223412,0.261694973300038,2.33199999999985,10.7307963267939,0.24919921002405,0.475119544042195,0.545000013345555,0.045029402220987,0.147035151167188,3.84985883867634,40.5044332113562,0.0041765
9.18,-0.941821504632416,0.245955205361533,2.33599999178921,10.7497464505269,0.999302198077033,-0.00167860041425872,0.200000028038541,-0.970191158077759,0.242340910267304,2.33599999999985,10.7507963267939,0.249176669346066,0.475132190609933,0.545000006822873,0.0450308905754836,0.109462798012277,3.86008392966859,40.2769433516212,0.0042861
9.2,-0.946523793342562,0.226531133811024,2.33999999237454,10.7697336849516,0.999242951053116,-0.00168229877129285,0.200000030494776,-0.974843621404585,0.222889914101633,2.33999999999985,10.7707963267939,0.249154156733142,0.475144805648367,0.54500000218415,0.0450323760166828,0.0716945972493797,3.86953396584181,40.0505746896397,0.0040459
9.22,-0.950836735845734,0.207018135738837,2.3439999929923,10.7897215680286,0.999183333800591,-0.0016849023059221,0.20000003128107,-0.979106160280592,0.203349764942147,2.34399999999985,10.7907963267939,0.249131681270145,0.475157385497625,0.544999998962155,0.0450338579865337,0.0337460858967974,3.87820523467053,39.8253217543016,0.0040467
9.24,-0.95475862057328,0.187424014291714,2.34799999361418,10.809710100719,0.99912337321189,-0.0016864149912027,0.200000030907446,-0.982977069747061,0.183728278587978,2.34799999999985,10.8107963267939,0.249109251969274,0.475169926456735,0.544999996797857,0.0450353359328033,-0.00436712744512768,3.88609433504132,39.6011790226404,0.0041465
9.26,-0.95828789250602,0.167756605698098,2.3519999942208,10.8296992837341,0.999063096189989,-0.00168684120924692,0.200000029754674,-0.986454801491817,0.164033303372052,2.35199999999984,10.8307963267939,0.249086877765348,0.475182424787686,0.544999995416227,0.0450368093070541,-0.0426293688420416,3.8931981786387,39.3781409219578,0.0043307
9.28,-0.961423153819214,0.148023776122996,2.35599999479939,10.8496891175355,0.99900252963708,-0.00168618575027426,0.200000028104516,-0.989537964468533,0.144272717021859,2.35599999999984,10.8507963267939,0.249064567511255,0.47519487671949,0.544999994607407,0.0450382775644917,-0.0810249053006677,3.8995139912056,39.1562018321485,0.0043645
9.3,-0.964163164464205,0.128233418510049,2.35999999534207,10.8696796023362,0.998941700443214,-0.00168445381138041,0.200000026163182,-0.992225325453125,0.124454423508468,2.35999999999984,10.8707963267939,0.249042329974498,0.475207278454652,0.544999994212093,0.0450397401643481,-0.119537951068428,3.90503931367763,38.9353560882248,0.0042995
9.32,-0.966506842686463,0.108393449412107,2.3639999958445,10.8896707381008,0.998880635474923,-0.00168165099492001,0.200000024079536,-0.994515809537031,0.104586349885044,2.36399999999984,10.8907963267939,0.24902017383098,0.475219626168328,0.544999994109744,0.0450411965694835,-0.158152673955061,3.90977200319093,38.7155979830114,0.0045287
9.34,-0.9684532654798,0.0885118058115816,2.36799999630489,10.909662524547,0.998819361563752,-0.00167778330680052,0.200000021959043,-0.996408500557156,0.0846764431161318,2.36799999999984,10.9107963267939,0.24899810766159,0.475231916013705,0.544999994209744,0.0450426462469974,-0.196853201673683,3.91371023396297,38.4969217700299,0.0043859
9.36,-0.970001668976546,0.0685964419318812,2.37199999672322,10.9296549611461,0.998757905494795,-0.00167285715442285,0.200000019874551,-0.997902641462328,0.0647326668989778,2.37199999999984,10.9307963267939,0.24897613994946,0.475244144129019,0.544999994444651,0.0450440886686713,-0.235623628198738,3.91685249804596,38.2793216665543,0.0041683
9.38,-0.971151448773491,0.0486553260412108,2.37599999710071,10.949648047124,0.998696293995278,-0.00166687934421731,0.200000017874626,-0.998997634616106,0.0447629984781551,2.37599999999983,10.9507963267939,0.248954279075704,0.475256306640383,0.544999994764685,0.0450455233108884,-0.274448020138276,3.91919760595261,38.0627918568196,0.0041456
9.4,-0.971902160193447,0.0286964372500503,2.37999999743936,10.9696417814625,0.998634553723136,-0.00165985707895145,0.200000015989912,-0.99969304203583,0.0247754254547733,2.37999999999983,10.9707963267939,0.248932533315943,0.475268399666139,0.544999995133618,0.0450469496549107,-0.313310423117972,3.92074468715391,37.8473264953833,0.0073097
9.42,-0.972253518482292,0.00872776230360842,2.38399999774164,10.9896361629006,0.998572711255616,-0.0016517979547425,0.200000014238015,-0.999988585567802,0.00477794259154436,2.38399999999983,10.9907963267939,0.24891091083629,0.475280419318216,0.544999995525009,0.0450483671868509,-0.352194868174328,3.92149319044863,37.6329197106245,0.0071739
9.44,-0.972205398941388,-0.0112427076294383,2.38799999801029,11.0096311899354,0.998510793077888,-0.00164270995789888,0.200000012627018,-0.99988414699855,-0.015221451385016,2.38799999999983,11.0107963267939,0.248889419690947,0.475292361709373,0.544999995920417,0.0450497753983163,-0.391085378154456,3.92144288420455,37.4195656083851,0.0054536
9.46,-0.971757836995303,-0.0312069801706107,2.39199999824814,11.0296268608239,0.998448825571743,-0.00163260146135098,0.200000011158368,-0.999379768102111,-0.0352147569839722,2.39199999999983,11.0307963267939,0.248868067818871,0.475304222956023,0.544999996307152,0.0450511737863554,-0.429965974119867,3.92059385647109,37.2072582757265,0.0049629
9.48,-0.970911028194785,-0.0511570649463847,2.39599999845802,11.0496231735844,0.998386835004335,-0.00162148122086371,0.200000009828943,-0.998475650623316,-0.0551939771496584,2.39599999999983,11.0507963267939,0.248846863040877,0.475315999182149,0.544999996676847,0.0450525618536829,-0.46882068175168,3.91894651496345,36.9959917848036,0.0047229
9.5,-0.969665328154952,-0.0710849768027295,2.39999999864263,11.0696201259979,0.998324847516999,-0.00160935837098263,0.200000008632608,-0.997172156197104,-0.0751511204603946,2.39999999999983,11.0707963267939,0.248825813056903,0.475327686523165,0.544999997024291,0.0450539391088981,-0.507633537754642,3.91650158691808,36.7857601968409,0.0067241
9.52,-0.968021252428722,-0.0909827390181097,2.40399999880457,11.0896177156101,0.998262889114146,-0.00159624242071955,0.200000007561353,-0.995469806203865,-0.095078204324948,2.40399999999982,11.0907963267939,0.248804925443411,0.475339281129718,0.544999997346574,0.0450553050666879,-0.546388596257393,3.91326011881964,36.5765575662057,0.004868
9.54,-0.965979476315492,-0.11084238651364,2.40799999894625,11.1096159397329,0.998200985652253,-0.00158214324898407,0.20000000660612,-0.993369281560898,-0.114967258175464,2.40799999999982,11.1107963267939,0.24878420765096,0.475350779171485,0.544999997642465,0.0450566592480159,-0.585069935206363,3.90922347599951,36.3683779445639,0.0052554
9.56,-0.963540834605139,-0.130655969059074,2.41199999906988,11.1296147954464,0.998139162828956,-0.00156707109976438,0.200000005757407,-0.990871422450054,-0.134810326655585,2.41199999999982,11.1307963267939,0.248763667001869,0.475362176840709,0.544999997911871,0.0450580011803047,-0.62366166275073,3.90439334210591,36.1612153851132,0.0057016
9.58,-0.96070632125742,-0.150415554473321,2.41599999917751,11.1496142796008,0.998077446172255,-0.00155103657707121,0.20000000500568,-0.987977227981674,-0.154599472802492,2.41599999999982,11.1507963267939,0.248743310688066,0.475373470355858,0.544999998155498,0.0450593303976273,-0.66214792361584,3.89877171844597,35.95506394688,0.004456
9.6,-0.957477089016877,-0.170113231818171,2.41999999927098,11.1696143888186,0.998015861029835,-0.00153405063964322,0.20000000434166,-0.984687855794955,-0.174326781221576,2.41999999999982,11.1707963267939,0.248723145769065,0.47538465596517,0.54499999837458,0.0450606464409091,-0.700512905462517,3.89236092319982,35.7499176990727,0.0045953
9.62,-0.953854448963406,-0.189741114583927,2.42399999935197,11.1896151194964,0.997954432558524,-0.00151612459542216,0.200000003756508,-0.981004621594914,-0.193984361252497,2.42399999999982,11.1907963267939,0.248703179170049,0.475395729950028,0.544999998570652,0.0450619488580734,-0.738740845229677,3.88516359050716,35.5457707254815,0.0049589
9.64,-0.949839869998627,-0.209291343865626,2.42799999942195,11.2096164678077,0.997893185713889,-0.00149727009580832,0.200000003241943,-0.976928998626124,-0.213564350125341,2.42799999999981,11.2107963267939,0.248683417680097,0.47540668862834,0.544999998745452,0.0450632372042665,-0.776816035457687,3.87718266942655,35.3426171289135,0.0046478
9.66,-0.945434978268273,-0.228756091528562,2.43199999948227,11.2296184297045,0.997832145239969,-0.00147749912969994,0.200000002790306,-0.972462617083429,-0.233058916105621,2.43199999999981,11.2307963267939,0.248663867950528,0.475417528357743,0.544999998900748,0.0450645110419731,-0.814722830589892,3.86842142276788,35.1404510356539,0.0043232
9.68,-0.940641556520801,-0.248127563361793,2.43599999953412,11.2496210009203,0.997771335659179,-0.00145682401732658,0.200000002394575,-0.967607263459896,-0.25246026162687,2.43599999999981,11.2507963267939,0.248644536493364,0.475428245538789,0.544999999038334,0.0450657699412352,-0.852445653249765,3.85888342579844,34.9392665999456,0.0043792
9.7,-0.935461543402479,-0.267398002218352,2.43999999957855,11.2696241769723,0.997710781262356,-0.0014352574038817,0.200000002048375,-0.962364879832238,-0.27176062640956,2.43999999999981,11.2707963267939,0.248625429679903,0.475438836617983,0.544999999159926,0.0450670134797862,-0.88996900049113,3.84857256482312,34.7390580084737,0.0045031
9.72,-0.929897032689221,-0.28655969114086,2.44399999961649,11.2896279531641,0.997650506098994,-0.00141281225296378,0.200000001745948,-0.956737563084008,-0.290952290565112,2.44399999999981,11.2907963267939,0.248606553739408,0.475449298090757,0.544999999267172,0.0450682412432309,-0.927277450018917,3.8374930356393,34.5398194848496,0.0043312
9.74,-0.923950272455469,-0.305604956471259,2.44799999964877,11.3096323245881,0.997590533967637,-0.00138950183983229,0.200000001482131,-0.950727564066876,-0.310027577683751,2.4479999999998,11.3107963267939,0.248587914757899,0.475459626504323,0.544999999361588,0.0450694528251889,-0.964355666377943,3.82564934186698,34.3415452940819,0.0044433
9.76,-0.917623664180449,-0.3245261709434,2.45199999967612,11.3296372861288,0.997530888406463,-0.00136533974448744,0.200000001252302,-0.944337286700315,-0.328978857904961,2.4519999999998,11.3307963267939,0.248569518677041,0.475469818460438,0.544999999444586,0.0450706478274573,-1.00118840710718,3.81304629315497,34.1442297470266,0.0043477
9.78,-0.910919761792152,-0.343315756757185,2.45599999969917,11.349642832465,0.997471592684053,-0.00134033984458098,0.200000001052353,-0.937569287010071,-0.347798550969336,2.4559999999998,11.3507963267939,0.248551371293141,0.475479870618047,0.54499999951747,0.0450718258601455,-1.03776052885702,3.79968900326358,33.9478672048067,0.0043924
9.8,-0.90384127064942,-0.361966188633025,2.45999999971847,11.369648958073,0.997412669790352,-0.00131451630816637,0.200000000878642,-0.93042627210578,-0.366479129250575,2.4599999999998,11.3707963267939,0.248533478256235,0.475489779695853,0.544999999581395,0.0450729865418365,-1.07405699346712,3.78558288802486,33.7524520831927,0.0043481
9.82,-0.896391046462552,-0.380469996845349,2.46399999973454,11.3896556572295,0.997354142427831,-0.00128788358629559,0.200000000727945,-0.922911099098165,-0.385013120766437,2.4639999999998,11.3907963267939,0.248515845069258,0.47549954247475,0.544999999637427,0.0450741294997089,-1.11006287400219,3.77073366318108,33.5579788569342,0.0045624
9.84,-0.888572094152838,-0.398819770233903,2.46799999974779,11.409662924015,0.997296033002844,-0.00126045640547155,0.200000000597418,-0.915026773956229,-0.403393112167432,2.4679999999998,11.4107963267939,0.248498477087311,0.475509155800176,0.544999999686511,0.045075254369679,-1.14576336074349,3.75514734210217,33.3644420640342,0.0040963
9.86,-0.880387566651506,-0.417008159191619,2.47199999975861,11.4296707523163,0.997238363617203,-0.00123224975996308,0.200000000484562,-0.906776450304904,-0.421611751702063,2.47199999999979,11.4307963267939,0.248481379517004,0.47551861658435,0.544999999729476,0.0450763607965423,-1.18114376713342,3.73883023338337,33.1718363099584,0.0039919
9.88,-0.871840763638544,-0.435027878627809,2.47599999976733,11.4496791358303,0.997181156059952,-0.00120327890399123,0.200000000387174,-0.89816342816365,-0.439661752157428,2.47599999999979,11.4507963267939,0.248464557415882,0.475527921808401,0.544999999767089,0.0450774484340666,-1.21618953567093,3.72178893832369,32.9801562717697,0.0041843
9.9,-0.862935130221921,-0.452871710905463,2.47999999977424,11.4696880680668,0.99712443179937,-0.00117355934379468,0.200000000303326,-0.889191152626483,-0.457535893774009,2.47999999999979,11.4707963267939,0.24844801569193,0.47553706852439,0.544999999800011,0.0450785169451398,-1.25088624375521,3.70403034828644,32.78939670218,0.0042363
9.92,-0.853674255557721,-0.470532508751462,2.48399999977958,11.4896975423523,0.997068211975175,-0.00114310682958188,0.20000000023133,-0.879863212483989,-0.475227027133477,2.48399999999979,11.4907963267939,0.248431759103142,0.475546053857259,0.54499999982883,0.0450795660018789,-1.28521960947544,3.6855616419428,32.5995524335128,0.0038055
9.94,-0.844061871411774,-0.488003198138473,2.48799999978359,11.509707551833,0.997012517390965,-0.00111193734737741,0.200000000169708,-0.870183338787855,-0.492728076018367,2.48799999999979,11.5107963267939,0.248415792257166,0.475554875006616,0.544999999854056,0.0450805952857315,-1.31917549734413,3.6663902823995,32.4106183815659,0.0037828
9.96,-0.834101850663343,-0.505276781137372,2.49199999978646,11.5297180894787,0.996957368506873,-0.00108006711077181,0.200000000117168,-0.860155403358496,-0.51003204024247,2.49199999999979,11.5307963267939,0.248400119611017,0.475563529248476,0.544999999876144,0.045081604487585,-1.35273992397176,3.64652401421187,32.2225895493704,0.0035352
9.98,-0.823798205751496,-0.522346338738996,2.49599999978836,11.5497291480861,0.996902785432454,-0.00104751255258091,0.20000000007258,-0.84978341723638,-0.527131998450812,2.49599999999978,11.5507963267939,0.248384745470844,0.475572013936874,0.544999999895496,0.0450825933078757,-1.38589906368046,3.62597086028335,32.0354610308354,0.0034835
10,-0.813155087064771,-0.539205033644078,2.49999999978944,11.5697407202822,0.996848787919795,-0.00101429031642292,0.200000000034959,-0.839071529077664,-0.544021110888107,2.49999999999978,11.5707963267939,0.248369673991774,0.475580326505369,0.544999999912468,0.0450835614566662,-1.4186392540544,3.60473911865281,31.8492280142729,0.0035806
10.02,-0.802176781274826,-0.555846113020206,2.50399999978982,11.5897527985284,0.996795395356862,-0.000980417248221418,0.200000000003447,-0.828024023494788,-0.560692622134565,2.50399999999978,11.5907963267939,0.248354909177794,0.475588464468459,0.544999999927348,0.045084508653743,-1.45094700142455,3.58283735917085,31.6638857857967,0.0034482
10.04,-0.790867709614705,-0.572262911224676,2.50799999978963,11.6097653751242,0.996742626761073,-0.000945910387640669,0.199999999977292,-0.816645319342689,-0.577139863807971,2.50799999999978,11.6107963267939,0.248340454881709,0.475596425422913,0.544999999940415,0.045085434628714,-1.48280898628585,3.56027442006664,31.4794297325869,0.0034011
10.06,-0.779232426102478,-0.588448852492112,2.51199999978896,11.6297784422107,0.996690500773109,-0.00091078695946075,0.199999999955842,-0.804939967951311,-0.593356257230948,2.51199999999978,11.6307963267939,0.248326314805137,0.475604207048965,0.544999999951897,0.0450863391210554,-1.51421206864424,3.53705940440638,31.2958553460164,0.003975
10.08,-0.767275615710934,-0.604397453585756,2.5159999997879,11.6497919917744,0.996639035650955,-0.000875064364900614,0.199999999938524,-0.792912651305143,-0.609335316062345,2.51599999999977,11.6507963267939,0.248312492498561,0.475611807111468,0.544999999961998,0.0450872218802287,-1.5451432932917,3.51320167644508,31.1131582246306,0.0034262
10.1,-0.755002092484106,-0.620102326411326,2.51999999978653,11.6698060156518,0.996588249264182,-0.000838760172894377,0.199999999924844,-0.78056818017048,-0.625070648891679,2.51999999999977,11.6707963267939,0.248298991361432,0.4756192234609,0.544999999970893,0.0450880826657106,-1.57558989500688,3.48871085787306,30.931334076977,0.0034095
10.12,-0.742416797601391,-0.635557180592379,2.52399999978493,11.6898205055323,0.996538159088457,-0.000801892111329871,0.199999999914365,-0.767911492171187,-0.640555961795621,2.52399999999977,11.6907963267939,0.248285814642318,0.475626454034316,0.544999999978726,0.0450889212470782,-1.60553930367945,3.46359682395853,30.7503787242786,0.0033734
10.14,-0.729524797390049,-0.650755826006105,2.52799999978314,11.7098354529631,0.996488782200297,-0.000764478058254374,0.199999999906706,-0.754947649813709,-0.655785060855476,2.52799999999977,11.7107963267939,0.248272965439081,0.475633496856198,0.544999999985643,0.0450897374040615,-1.63497914935595,3.4378696995881,30.5702881029454,0.0035313
10.16,-0.716331281286919,-0.665692175278524,2.53199999978122,11.7298508493528,0.996440135272054,-0.000726536033055229,0.199999999901538,-0.74168183846214,-0.670751854634673,2.53199999999977,11.7307963267939,0.248260446699132,0.475640350039218,0.544999999991748,0.0450905309265988,-1.66389726720503,3.41153985520655,30.3910582669206,0.0034587
10.18,-0.702841559750165,-0.680360246238046,2.53599999977922,11.7498666859755,0.996392234567136,-0.000688084187621273,0.199999999898567,-0.728119364264146,-0.685450356615255,2.53599999999977,11.7507963267939,0.24824826121969,0.475647011784915,0.544999999997151,0.0450913016148817,-1.69228170240033,3.38461790265768,30.2126853898556,0.0034152
10.2,-0.689061062121926,-0.694754164326403,2.53999999977718,11.7698829539753,0.996345095935471,-0.000649140797491914,0.199999999897541,-0.714265652028575,-0.699874687592407,2.53999999999976,11.7707963267939,0.248236411648104,0.475653480384292,0.545000000001928,0.0450920492794016,-1.72012071491867,3.35711469092787,30.0351657671116,0.003425
10.22,-0.674995334442741,-0.708868164965947,2.54399999977514,11.7898996443698,0.996298734809196,-0.000609724252999529,0.199999999898235,-0.700126243055608,-0.71401907802606,2.54399999999976,11.7907963267939,0.248224900482201,0.475659754218325,0.54500000000616,0.0450927737409851,-1.74740278425191,3.329041301794,29.8584958175828,0.0037258
10.24,-0.660650037218651,-0.72269659588235,2.54799999977313,11.8099167480551,0.996253166198589,-0.000569853050411661,0.199999999900453,-0.685706792920311,-0.727877870348629,2.54799999999976,11.8107963267939,0.248213730070683,0.4756658317584,0.545000000009905,0.0450934748308181,-1.77411661403033,3.30040904537768,29.6826720853376,0.0037819
10.26,-0.646030943141902,-0.736233919381757,2.55199999977117,11.8299342558094,0.996208404688232,-0.000529545783078479,0.199999999904019,-0.671013069210482,-0.741445521227968,2.55199999999976,11.8307963267939,0.248202902613543,0.475671711566678,0.545000000013228,0.045094152390501,-1.8002511365559,3.27122945560741,29.5076912410762,0.0035501
10.28,-0.631143934766168,-0.749474714581453,2.5559999997693,11.8499521582976,0.996164464433405,-0.000488821132591042,0.199999999908781,-0.656050949219691,-0.754716603784625,2.55599999999976,11.8507963267939,0.248192420162529,0.475677392296372,0.545000000016173,0.0450948062720382,-1.82579551724328,3.24151428559055,29.3335500833998,0.0035626
10.3,-0.615995002137282,-0.762413679593124,2.55999999976753,11.8699704460757,0.996121359156717,-0.000447697859956989,0.199999999914603,-0.640826417596441,-0.767685809762521,2.55999999999975,11.8707963267939,0.248182284621636,0.475682872691963,0.545000000018782,0.0450954363378679,-1.85073915896713,3.21127550289709,29.1602455398924,0.0037602
10.32,-0.60059024038042,-0.77504563365784,2.56399999976589,11.8899891095949,0.996079102144963,-0.000406194796797384,0.199999999921365,-0.625345563950392,-0.780347951652186,2.56399999999975,11.8907963267939,0.248172497747633,0.475688151589334,0.545000000021084,0.0450960424608819,-1.87507170631363,3.180525284757,28.987774668008,0.0037701
10.34,-0.584935847244754,-0.787365519231863,2.5679999997644,11.910008139206,0.996037706246214,-0.000364330836571441,0.199999999928955,-0.609614580416592,-0.792697964765691,2.56799999999975,11.9107963267939,0.248163061150616,0.475693227915854,0.545000000023125,0.0450966245244253,-1.89878304973469,3.14927601317319,28.8161346557672,0.0036133
10.36,-0.569038120606571,-0.799368404022441,2.57199999976306,11.9300275251643,0.99599718386713,-0.000322124925833189,0.19999999993728,-0.593639759178711,-0.804730909262454,2.57199999999975,11.9307963267939,0.248153976294601,0.475698100690383,0.545000000024914,0.0450971824222944,-1.92186332960313,3.11754026995197,28.6453228222584,0.0034037
10.38,-0.552903455931902,-0.811049482972755,2.57599999976189,11.950047257633,0.995957546970507,-0.000279596055525405,0.199999999946249,-0.577427489952251,-0.816441972125115,2.57599999999975,11.9507963267939,0.248145244498139,0.475702769023218,0.545000000026483,0.045097716058744,-1.94430294016716,3.08533083165319,28.475336617943,0.0035522
10.4,-0.536538343699692,-0.822404080195208,2.57999999976091,11.9700673266888,0.995918807073038,-0.000236763252315373,0.199999999955783,-0.560984257428741,-0.827826469084674,2.57999999999975,11.9707963267939,0.248136866934967,0.475707232115984,0.54500000002785,0.0450982253484762,-1.96609253340251,3.05266066446195,28.3061736247639,0.0035543
10.42,-0.519949366786578,-0.833427650852271,2.58399999976013,11.9900877223255,0.995880975243308,-0.000193645569977049,0.199999999965809,-0.54431663868195,-0.838879846494138,2.58399999999974,11.9907963267939,0.248128844634684,0.475711489261452,0.545000000029029,0.0450987102166203,-1.98722302276082,3.01954291898403,28.1378315560605,0.0037108
10.44,-0.503143197814363,-0.844115782984113,2.58799999975955,12.0101084344589,0.995844062099999,-0.000150262080824273,0.199999999976259,-0.527431300537145,-0.849597683149919,2.58799999999974,12.0107963267939,0.248121178483462,0.475715539843316,0.545000000030042,0.0450991705987277,-2.00768558681261,2.98599092496714,27.9703082562826,0.0035354
10.46,-0.486126596461265,-0.854464199282287,2.59199999975919,12.0301294529313,0.995808077810322,-0.000106631867199007,0.199999999987074,-0.510334996904449,-0.859975692060258,2.59199999999974,12.0307963267939,0.248113869224778,0.475719383335895,0.545000000030895,0.0450996064407324,-2.02747167278339,2.95201818595021,27.8036017005122,0.0035024
10.48,-0.468906406738051,-0.864468758808737,2.59599999975904,12.0501507675155,0.995773032088662,-6.27740130191239e-05,0.199999999998196,-0.493034566077367,-0.870009722159963,2.59599999999974,12.0507963267939,0.248106917460181,0.475723019303825,0.545000000031598,0.0451000176989499,-2.04657299998162,2.91763837384272,27.6377099937885,0.003729
10.5,-0.451489554230193,-0.874125458659441,2.59999999975912,12.0701723679202,0.995738934195436,-1.87075953883009e-05,0.200000000009571,-0.47553692799756,-0.879695759970779,2.59999999999974,12.0707963267939,0.248100323650082,0.475726447401642,0.545000000032166,0.0451004043400194,-2.06498156311692,2.88286532343644,27.4726313702374,0.0034797
10.52,-0.433883043307165,-0.883430435572006,2.60399999975942,12.0901942437938,0.995705792936168,2.55483237256859e-05,0.200000000021151,-0.457849081486964,-0.889029931206726,2.60399999999974,12.0907963267939,0.248094088114584,0.475729667373362,0.5450000000326,0.0451007663408804,-2.08268963550737,2.84771302685175,27.3083641920091,0.0034302
10.54,-0.416093954300036,-0.892379967476576,2.60799999975996,12.1102163847291,0.995673616660764,6.99747057427479e-05,0.200000000032887,-0.439978101448345,-0.898008502323765,2.60799999999973,12.1107963267939,0.248088211034321,0.475732679052,0.545000000032909,0.0451011036887329,-2.0996897721745,2.81219562792073,27.1449069480255,0.0034211
10.56,-0.398129440648534,-0.900970474989427,2.61199999976074,12.1302387802681,0.995642413263012,0.000114552543648347,0.200000000044734,-0.421931136035444,-0.906627882013162,2.61199999999973,12.1307963267939,0.248082692451346,0.47573548235903,0.545000000033096,0.0451014163809792,-2.11597481282485,2.77632741650943,26.982258252536,0.0035144
10.58,-0.379996726018729,-0.909198522848633,2.61599999976176,12.150261419906,0.995612190180267,0.000159262870093012,0.200000000056649,-0.403715403793803,-0.914884622637963,2.61599999999973,12.1507963267939,0.248077532270028,0.475738077303843,0.545000000033169,0.045101704425199,-2.1315378847167,2.74012282278149,26.8204168434863,0.0034128
10.6,-0.361703101392557,-0.917060821291252,2.61999999976301,12.1702842930964,0.99558295439335,0.000204086765412136,0.20000000006859,-0.385338190773444,-0.922775421612009,2.61999999999973,12.1707963267938,0.248072730257991,0.475740463983112,0.545000000033139,0.0451019678390703,-2.14637240541106,2.70359641140555,26.6593815807055,0.0034687
10.62,-0.34325592213035,-0.924554227371453,2.6239999997645,12.1903073892552,0.995554712426651,0.000249005365560838,0.20000000008052,-0.366806847614551,-0.930297122720917,2.62399999999973,12.1907963267938,0.248068286047083,0.475742642580159,0.545000000032994,0.0451022066503183,-2.1604720854056,2.6667628757087,26.4991514439087,0.0034434
10.64,-0.324662605007598,-0.931675746219083,2.62799999976623,12.2103306977657,0.995527470348415,0.000293999869962484,0.200000000092397,-0.348128786607304,-0.937446717384534,2.62799999999972,12.2107963267938,0.248064199134354,0.47574461336427,0.545000000032746,0.0451024208966651,-2.17383093065064,2.62963703177848,26.3397255305221,0.0034144
10.66,-0.305930625227168,-0.938422532238148,2.63199999976819,12.2303542079825,0.995501233771238,0.000339051549267678,0.200000000104186,-0.329311478727071,-0.944221345860319,2.63199999999972,12.2307963267938,0.24806046888309,0.47574637668996,0.545000000032396,0.0451026106257358,-2.18644324494607,2.59223381251562,26.1811030533326,0.0035462
10.68,-0.287067513408184,-0.944791890244752,2.63599999977039,12.2503779092366,0.995476007852748,0.00038414175301999,0.200000000115848,-0.310362450646108,-0.95061829838721,2.63599999999972,12.2507963267938,0.248057094523854,0.475747932996234,0.545000000031944,0.0451027758950166,-2.19830363221828,2.55456826164013,26.0232833379689,0.0044595
10.7,-0.268080852552839,-0.950781276544033,2.63999999977282,12.2704017908395,0.995451797296475,0.000429251917227568,0.200000000127348,-0.291289281722997,-0.956635016269488,2.63999999999972,12.2707963267938,0.248054075155565,0.475749282805794,0.545000000031391,0.0451029167717635,-2.20940699867623,2.51665552765313,25.8662658202106,0.0034691
10.72,-0.24897827499235,-0.956388299945668,2.64399999977548,12.2904258420878,0.995428606352912,0.000474363571836512,0.200000000138649,-0.272099600971003,-0.962269092900221,2.64399999999972,12.2907963267938,0.248051409746609,0.475750426724223,0.545000000030747,0.0451030333329263,-2.21974855484579,2.47851085775667,25.7100500431383,0.0036034
10.74,-0.229767459313344,-0.961610722717562,2.64799999977837,12.3104500522677,0.995406438820759,0.000519458348104607,0.200000000149718,-0.252801084006567,-0.967518274723877,2.64799999999972,12.3107963267938,0.248049097135969,0.475751365439133,0.545000000030009,0.0451031256650596,-2.22932381748144,2.44014959173436,25.5546356541242,0.0034523
10.76,-0.210456127265908,-0.966446461477328,2.65199999978147,12.3304744106595,0.995385298048347,0.000564517985872626,0.200000000160521,-0.233401449979165,-0.972380462137716,2.65199999999971,12.3307963267938,0.248047136034399,0.475752099719292,0.545000000029176,0.0451031938642497,-2.23812861135472,2.40158715579495,25.4000224016675,0.0033622
10.78,-0.191052040654592,-0.970893588021233,2.65599999978478,12.3504989065417,0.995365186935245,0.000609524340731383,0.200000000171025,-0.21390845848375,-0.976853710331599,2.65599999999971,12.3507963267938,0.248045525025613,0.475752630413727,0.545000000028246,0.0451032380360135,-2.24615907091868,2.36283905638158,25.2462101320826,0.0034796
10.8,-0.171562998213632,-0.974950330090266,2.65999999978831,12.3705235291961,0.995346107934036,0.000654459391082263,0.200000000181193,-0.194329906457015,-0.980936230065892,2.65999999999971,12.3707963267938,0.248044262567517,0.475752958450776,0.545000000027233,0.045103258295191,-2.25341164184757,2.3239208739491,25.0931987860436,0.0034168
10.82,-0.151996832467668,-0.978615072073058,2.66399999979203,12.3905482679113,0.995328063052278,0.000699305245088937,0.200000000190997,-0.17467362505873,-0.984626388387134,2.66399999999971,12.3907963267938,0.248043346993458,0.475753084837163,0.545000000026134,0.0451032547658915,-2.25988308245132,2.28484825671199,24.9409883949889,0.003845
10.84,-0.132361406579255,-0.981886355645365,2.66799999979594,12.4105731119878,0.995311053854625,0.000744044147519702,0.200000000200405,-0.154947476539371,-0.987922709281198,2.66799999999971,12.4107963267938,0.248042776513518,0.475753010657,0.545000000024952,0.0451032275813358,-2.2655704649641,2.24563691436546,24.7895790773956,0.003562
10.86,-0.112664611184452,-0.984762880345882,2.67199999980004,12.4305980507419,0.995295081465125,0.000788658486476383,0.200000000209388,-0.135159351095336,-0.990823874263676,2.67199999999971,12.4307963267938,0.248042549215824,0.47575273707079,0.545000000023688,0.0451031768837844,-2.27047117670666,2.20630261178228,24.6389710349254,0.0034507
10.88,-0.0929143612177823,-0.98724350408818,2.67599999980431,12.4506230735103,0.995280146569671,0.00083313080001025,0.200000000217916,-0.115317163712964,-0.993328722907258,2.6759999999997,12.4507963267938,0.248042663067899,0.47575226531442,0.545000000022344,0.0451031028244319,-2.27458292112174,2.16686116268774,24.4891645484497,0.0034339
10.9,-0.0731185927278604,-0.989327243608562,2.67999999980875,12.4706481696541,0.995266249418634,0.000877443782622482,0.20000000022596,-0.0954288510026483,-0.995436253305882,2.6799999999997,12.4707963267938,0.248043115918038,0.475751596698115,0.545000000020932,0.0451030055632747,-2.27790371868236,2.12732842331553,24.3401599739612,0.0038629
10.92,-0.0532852596849988,-0.99101327484969,2.68399999981335,12.4906733285631,0.995253389829633,0.000921580291647383,0.200000000233495,-0.0755023680242997,-0.997145622475491,2.6839999999997,12.4907963267938,0.248043905496719,0.475750732605363,0.545000000019441,0.0451028852690089,-2.2804319076726,2.08772028604693,24.191957738375,0.0038556
10.94,-0.0334223307820863,-0.992300933279846,2.68799999981809,12.5106985396603,0.995241567190485,0.000965523353516882,0.200000000240493,-0.0555456851054264,-0.998456146691207,2.6879999999997,12.5107963267938,0.24804502941804,0.475749674491859,0.545000000017893,0.0451027421189083,-2.28216614484046,2.04805267303597,24.0445583352293,0.0037414
10.96,-0.0135377862300481,-0.993189714147707,2.69199999982296,12.5307237924058,0.995230780462288,0.00100925616990579,0.200000000246935,-0.0355667846531105,-0.999367301760817,2.6919999999997,12.5307963267938,0.248046485181191,0.475748423884398,0.545000000016279,0.0451025762987156,-2.2831054059227,2.00834152982307,23.8979623202898,0.0035105
10.98,0.00636038545080415,-0.993679272672578,2.69599999982796,12.5507490763008,0.995221028182675,0.00105276212375547,0.200000000252795,-0.0155736579611511,-0.999878723234443,2.69599999999969,12.5507963267938,0.248048270171962,0.475746982379774,0.545000000014621,0.0451023880024906,-2.28324898604142,1.96860281893982,23.7521703070657,0.0035936
11,0.0262641906422276,-0.993769424169997,2.69999999983307,12.570774380892,0.995212308469198,0.00109602478517565,0.200000000258059,0.00442569798634654,-0.999990206550314,2.69999999999969,12.5707963267938,0.248050381664263,0.47574535164363,0.545000000012924,0.0451021774325055,-2.2825964999722,1.92885251350742,23.6071829622426,0.0034506
11.02,0.0461656338409991,-0.993460144112715,2.70399999983827,12.5907996957757,0.995204619022878,0.00113902791722197,0.200000000262711,0.0244232837136579,-0.999701707116589,2.70399999999969,12.5907963267938,0.248052816821681,0.475743533409252,0.545000000011185,0.0451019447991078,-2.28114788228374,1.88910659083141,23.4630010010417,0.0034527
11.04,0.0660567208720548,-0.992751568127027,2.70799999984357,12.6108250106015,0.99519795713188,0.00118175548154612,0.200000000266738,0.044411100453123,-0.999013340329195,2.70799999999969,12.6107963267938,0.248055572699095,0.475741529476514,0.545000000009409,0.0451016903205822,-2.27890338734904,1.84938102599521,23.3196251825088,0.0033996
11.06,0.0859294621005122,-0.991643991924492,2.71199999984894,12.6308503150764,0.995192319675338,0.00122419164392475,0.200000000270125,0.0643811533445466,-0.99792538152567,2.71199999999969,12.6307963267938,0.24805864624429,0.475739341710654,0.545000000007614,0.0451014142230346,-2.27586358922799,1.80969178545518,23.177056304745,0.003544
11.08,0.105775875641269,-0.990137871169089,2.71599999985437,12.6508755989688,0.995187703127319,0.00126632077965945,0.200000000272866,0.0843254546330361,-0.99643826587503,2.71599999999969,12.6507963267938,0.248062034299615,0.475736972041061,0.545000000005805,0.0451011167402234,-2.27202938142157,1.77005482063959,23.0352952000794,0.003537
11.1,0.125587990564879,-0.988233821279898,2.71999999985984,12.6709008521123,0.995184103560918,0.00130812747884799,0.200000000274956,0.104236026863997,-0.994552588203705,2.71999999999968,12.6707963267938,0.248065733603664,0.475734422460086,0.545000000003997,0.0451007981134443,-2.26740197649775,1.73048606155429,22.8943427301992,0.003392
11.12,0.145357850098396,-0.98593261716939,2.72399999986536,12.6909260644097,0.995181516652484,0.00134959655152765,0.200000000276395,0.124104906074006,-0.992269102757623,2.72399999999968,12.6907963267938,0.248069740793413,0.475731695023084,0.54500000000246,0.0451004585915179,-2.26198290558917,1.69100141039752,22.7541997812466,0.0034423
11.14,0.165077514819903,-0.983235192917484,2.7279999998709,12.7109512258365,0.995179937686,0.00139071303273834,0.200000000277281,0.143924144976296,-0.989588722900516,2.72799999999968,12.7107963267938,0.248074052404659,0.475728791843089,0.545000000000831,0.0451000984300934,-2.25577401776303,1.6516167351865,22.6148672588432,0.0034914
11.16,0.184739065845415,-0.980142641381509,2.73199999987644,12.7309763264449,0.995179361557524,0.00143146218729029,0.20000000027758,0.163685816139558,-0.986512520748589,2.73199999999968,12.7307963267938,0.248078664875147,0.475725715093901,0.544999999999157,0.0450997178922767,-2.24877747926326,1.61234786339826,22.4763460831514,0.0035778
11.18,0.204334608006885,-0.976656213742268,2.73599999988199,12.7510013563672,0.995179782779825,0.00147182951458289,0.200000000277277,0.183382015158813,-0.983041726741688,2.73599999999968,12.7507963267938,0.248083574546654,0.475722467008776,0.544999999997557,0.0450993172481891,-2.2409957726254,1.57321057562747,22.3386371838979,0.0034294
11.2,0.223856273020013,-0.972777318986405,2.73999999988753,12.7710263058198,0.995181195487133,0.00151180075327936,0.200000000276398,0.203004863817065,-0.979177729151138,2.73999999999968,12.7707963267938,0.248088777665464,0.475719049876235,0.544999999996026,0.0450988967744636,-2.23243169566458,1.53422059926363,22.2017414953398,0.0033901
11.22,0.243296222640587,-0.968507523325315,2.74399999989304,12.7910511651062,0.995183593439971,0.0015513618857309,0.200000000274967,0.222546513236485,-0.974922073524456,2.74399999999967,12.7907963267938,0.248094270383469,0.47571546603748,0.544999999994408,0.0450984567541615,-2.22308836033699,1.49539360219022,22.0656599512335,0.0033745
11.24,0.262646651808082,-0.963848549550867,2.74799999989852,12.8110759246213,0.995186970030055,0.00159049914222491,0.200000000272954,0.241999147017857,-0.970276462067152,2.74799999999967,12.8107963267938,0.248100048762685,0.475711717890402,0.544999999992755,0.0450979974773144,-2.21296919147538,1.4567451865084,21.9303934799104,0.0036493
11.26,0.281899791775242,-0.958802276328211,2.75199999990395,12.8311005748541,0.995191318285422,0.00162919900531479,0.200000000270346,0.261354984367034,-0.965242752961868,2.75199999999967,12.8307963267938,0.248106108775907,0.475707807885567,0.544999999991117,0.0450975192401154,-2.20207792539907,1.41829088228773,21.7959429992549,0.0034128
11.28,0.301047913222401,-0.953370737426002,2.75599999990933,12.8511251063914,0.995196630875618,0.00166744821389405,0.200000000267148,0.280606283207151,-0.959822959625131,2.75599999999967,12.8507963267938,0.248112446308652,0.475703738524874,0.544999999989502,0.0450970223448783,-2.19041860839906,1.38004614134644,21.662309411733,0.0033785
11.3,0.32008332935527,-0.947556120884355,2.75999999991463,12.8711495099215,0.995202900116984,0.00170523376713894,0.200000000263369,0.299745343275352,-0.954019249902013,2.75999999999967,12.8707963267938,0.248119057161131,0.475699512360179,0.544999999987924,0.0450965070999017,-2.17799559509894,1.34202633106369,21.5294935994477,0.0033398
11.32,0.338998398984959,-0.941360768120922,2.76399999991986,12.8911737762366,0.995210117978056,0.00174254292831527,0.200000000259021,0.318764509202794,-0.947833945199021,2.76399999999966,12.8907963267938,0.248125937049857,0.475695131991271,0.54499999998634,0.0450959738192436,-2.16481354669219,1.30424672822641,21.3974964192099,0.003469
11.34,0.357785529588997,-0.934787172975457,2.76799999992499,12.911197896237,0.995218276085048,0.0017793632284226,0.200000000254103,0.337656173576692,-0.941269519555566,2.76799999999966,12.9107963267938,0.248133081609749,0.475690600064654,0.544999999984702,0.0450954228226368,-2.15087742905668,1.26672251291309,21.2663186976622,0.003355
11.36,0.376437180352107,-0.927837980693295,2.77199999993002,12.9312218609336,0.99522736572743,0.00181568246970976,0.200000000248596,0.35641277998318,-0.934328598654382,2.77199999999966,12.9307963267938,0.248140486398384,0.475685919276006,0.544999999983093,0.0450948544355994,-2.13619251074715,1.22946876241704,21.1359612265255,0.003427
11.38,0.394945865185541,-0.920515986848178,2.77599999993493,12.9512456614511,0.995237377863703,0.00185148872920677,0.20000000024251,0.375026826029782,-0.927013958771285,2.77599999999966,12.9507963267938,0.24814797245225,0.475680491872825,0.54499989304656,0.0450942149306256,-2.12076436086644,1.19250044521147,21.0064232468348,0.0031428
11.4,0.413304155755496,-0.912824136463922,2.77999999955475,12.9712692878702,0.995248295939242,0.00188674646543671,0.199999961739271,0.393490866346264,-0.9193285256647,2.77999999999966,12.9707963267938,0.248155934539931,0.475675679376453,0.544999952874002,0.0450936626626054,-2.10459884681601,1.15583241495551,20.8777088638323,0.003109
11.42,0.431504684423376,-0.90476552248595,2.78399999861988,12.9912927316117,0.995260119142141,0.00192147621815321,0.199999944773912,0.411797515562681,-0.9112753734054,2.78399999999966,12.9907963267938,0.248164135396313,0.475670706437971,0.544999992507522,0.0450930532810849,-2.0877021319262,1.11947940454087,20.7498168125911,0.0035968
11.44,0.449540147155905,-0.896343384277715,2.78799999748838,13.0113159854986,0.995272837286965,0.00195566465283549,0.19999994207662,0.429939451263433,-0.902857723146913,2.78799999999965,13.0107963267938,0.248172570571391,0.475665574812903,0.545000017050129,0.0450924200045054,-2.07008067297075,1.08345602021105,20.6227476940381,0.0033013
11.46,0.467403306481859,-0.887561106645096,2.7919999963913,13.0313390413368,0.995286439860945,0.00198929982870421,0.199999948214666,0.447909416916129,-0.89407894183711,2.79199999999965,13.0307963267938,0.248181234300217,0.475660284470574,0.545000030288262,0.0450917694487818,-2.05174121756324,1.04777673572171,20.4965019923623,0.0031973
11.48,0.485086994387759,-0.878422218464872,2.79599999546463,13.0513618908449,0.995300915992319,0.0020223701997617,0.199999959118441,0.465700224774104,-0.884942540871466,2.79599999999965,13.0507963267938,0.248190121948463,0.475654837179867,0.545000034895265,0.0450911030085662,-2.0326908014365,1.01245588655018,20.371080181749,0.003005
11.5,0.502584115185246,-0.86893039125561,2.79999999477262,13.071384525829,0.995316254505792,0.00205486451950731,0.199999971680736,0.483304758751424,-0.87545217468855,2.79999999999965,13.0707963267938,0.248199230346636,0.47564923873455,0.545000033551368,0.0450904214107344,-2.01293674560696,0.977507664161024,20.2464827201856,0.003258
11.52,0.519887648348687,-0.859089437688878,2.80399999432702,13.0914069382199,0.995332443991249,0.0020867719764429,0.199999983759229,0.500715977269219,-0.865611639308298,2.80399999999965,13.0907963267938,0.248208557762573,0.47564350132996,0.545000029967231,0.0450897256030035,-1.99248665342469,0.942946110329932,20.122710028246,0.0032614
11.54,0.536990651320744,-0.848903310039745,2.80799999411009,13.1114291200958,0.995349472874528,0.00211808243896874,0.199999994547432,0.517926916072231,-0.855424870813657,2.80799999999965,13.1107963267938,0.248218099365943,0.475637629017703,0.545000024877308,0.045089015495626,-1.97134840751073,0.908785111528404,19.9997623770506,0.003034
11.56,0.553886262285491,-0.83837609858265,2.81199999409059,13.1314510636866,0.995367329305819,0.00214878611005944,0.200000003503262,0.534930691014414,-0.844895943776203,2.81199999999964,13.1307963267938,0.248227850427496,0.475631626856394,0.545000019020873,0.0450882914432859,-1.9495301665828,0.875038393371518,19.8776399581073,0.0030031
11.58,0.57056770290875,-0.827512029935536,2.81599999422913,13.151472761365,0.995386001173705,0.00217887358067663,0.200000010350777,0.551720500812505,-0.834029069626368,2.81599999999964,13.1507963267938,0.24823780567115,0.475625499039351,0.545000012806137,0.0450875536987241,-1.92704036217066,0.841719515130895,19.7563428589768,0.003118
11.6,0.587028281044103,-0.816315465349752,2.81999999448225,13.1714942056458,0.995405476093442,0.00220833579662228,0.200000014960986,0.568289629766446,-0.822828594968921,2.81999999999964,13.1707963267938,0.248247961165996,0.475619254148418,0.545000007518556,0.0450868032245335,-1.90388769522267,0.808841864314981,19.6358710924967,0.0033223
11.62,0.60326139340308,-0.804790898945018,2.82399999480854,13.1915153891982,0.995425741472152,0.00223716423179106,0.200000017667666,0.584631450445574,-0.811298999844389,2.82399999999964,13.1907963267938,0.248258312780132,0.47561289897123,0.545000003701224,0.0450860404564947,-1.88008113260472,0.77641865131882,19.5162246079849,0.0032209
11.64,0.619260528188716,-0.792942955890479,2.82799999517522,13.2115363048607,0.995446784512563,0.00226535079851038,0.200000019000107,0.600739426339505,-0.799444895937094,2.82799999999964,13.2107963267938,0.2482688551898,0.475606436716728,0.545000000995216,0.0450852654105233,-1.85562990349313,0.744462904145535,19.3974032402856,0.0031153
11.66,0.635019267692488,-0.780776390535924,2.8319999955588,13.2315569456339,0.995468592174932,0.00229288770545337,0.200000019358385,0.616607114472653,-0.787271024730548,2.83199999999963,13.2307963267938,0.248279583024957,0.475599870612326,0.544999999124048,0.0450844784068922,-1.83054349566293,0.712987463201558,19.2794067263928,0.0029817
11.68,0.650531290853408,-0.7682960844932,2.83599999594282,13.2515773046729,0.99549115118369,0.00231976746899149,0.200000019043042,0.63222816798133,-0.774782255610916,2.83599999999963,13.2507963267938,0.248290490872006,0.47559320390805,0.544999997875344,0.045083679824414,-1.80483165167297,0.682004976167607,19.1622347021476,0.0030223
11.7,0.665790375777806,-0.755507044667102,2.83999999631603,13.2715973752868,0.995514448034272,0.002345982916207,0.200000018278166,0.647596338652412,-0.761983583919332,2.83999999999963,13.2707963267938,0.248301573030781,0.475586439145866,0.54499999693905,0.0450828699618161,-1.77850436494958,0.651527892947422,19.0458866940631,0.0030176
11.72,0.680790402218946,-0.742414401236832,2.84399999667057,13.2916171509389,0.995538468989953,0.00237152715779118,0.200000017176224,0.662705479422534,-0.748880128953825,2.84399999999963,13.2907963267938,0.248312821612402,0.475579571549214,0.54499999458243,0.045082048307609,-1.75157187577005,0.621568460696252,18.9303621022593,0.0036583
11.74,0.695525354016945,-0.72902340559171,2.84799999699459,13.3116366252266,0.995563199999803,0.00239639330435508,0.200000015225898,0.677549546836842,-0.735477131921673,2.84799999999963,13.3107963267938,0.248324231588987,0.475572604183141,0.544999991279568,0.0450812160676965,-1.7240446671479,0.592138718931026,18.8156602777283,0.0035784
11.76,0.709989321496768,-0.715339428218335,2.85199999726772,13.3316557918847,0.995588626819174,0.00242057479702536,0.200000012086542,0.692122603466289,-0.721779953842982,2.85199999999963,13.3307963267938,0.248335796978708,0.475565538218257,0.544999987102647,0.0450803735587295,-1.69593346062125,0.563250494724019,18.7017804203191,0.0035945
11.78,0.724176503822189,-0.701367956538054,2.85599999746302,13.3516746448033,0.995614734979298,0.00244406531108525,0.200000007443495,0.706418820282528,-0.707794073406359,2.85599999999962,13.3507963267938,0.248347511997397,0.475558376240192,0.544999982409033,0.0450795212477737,-1.66724921194622,0.534915397982064,18.5887216137483,0.0031744
11.8,0.738081211305642,-0.68711459269842,2.85999999754856,13.3716931780305,0.995641509802712,0.00246685881583465,0.200000001110747,0.720432478989445,-0.693525084777501,2.85999999999962,13.3707963267938,0.248359367480971,0.475551112206873,0.544999975357384,0.0450786588140674,-1.63800310669705,0.507144816813178,18.4764827514699,0.0030133
11.82,0.751697867674512,-0.672585051322164,2.86399999748206,13.3917113857593,0.995668936273175,0.00248894922886953,0.199999992239405,0.734157974310404,-0.67897869536161,2.86399999999962,13.3907963267938,0.24837135545827,0.475543746471375,0.544999966449508,0.0450777868966849,-1.60820655577464,0.479949912982404,18.3650626277457,0.0030437
11.84,0.765021012291922,-0.657785157212769,2.86799999720607,13.4117292623218,0.995696999088386,0.00251033069693071,0.199999980161228,0.747589816230282,-0.664160723520503,2.86799999999962,13.4107963267938,0.248383470972776,0.475536286888824,0.544999957079443,0.045076906303586,-1.57787119082542,0.453341617458532,18.2544600038665,0.0029913
11.86,0.778045302327951,-0.642720843011142,2.87199999665478,13.4317468022057,0.995725682790479,0.00253099789500302,0.199999964709828,0.760722632191398,-0.649077096245346,2.87199999999962,13.4307963267938,0.24839570928016,0.475528741227597,0.5449999478658,0.0450760174008373,-1.5470088595723,0.427330626053571,18.1446735261357,0.0031638
11.88,0.790765514881773,-0.627398146806735,2.87599999576129,13.4517640000649,0.995754971786421,0.00255094601165373,0.199999945941516,0.773551169242471,-0.633733846785936,2.87599999999961,13.4507963267938,0.248408278820933,0.475521811452278,0.545000067034268,0.0450751864619725,-1.5156316210598,0.401927395156892,18.0357030706014,0.0033838
11.9,0.803176548882206,-0.61182320945853,2.87999999492145,13.4717808521341,0.995784859128178,0.00257019829518736,0.199999970073852,0.786070296139725,-0.618137112237484,2.87999999999961,13.4707963267938,0.248420800105053,0.47551425622796,0.545000048025972,0.0450742527149168,-1.48375174081756,0.377142137569074,17.9275445712095,0.0033519
11.92,0.815273427245949,-0.596002272328747,2.88399999449582,13.4917973540025,0.99581532277137,0.00258872681436457,0.199999987363202,0.79827500539932,-0.602293131085855,2.88399999999961,13.4907963267938,0.24843343375459,0.475506640077468,0.545000033694583,0.0450733401006755,-1.45138168594702,0.35298481844097,17.820197293096,0.0034012
11.94,0.827051299025101,-0.57994167501835,2.88799999436438,13.5118134999971,0.995846346988639,0.00260652910217423,0.199999999493252,0.81016041530028,-0.586208240712259,2.88799999999961,13.5107963267938,0.248446174051071,0.475498966952009,0.545000022961449,0.0450724263252068,-1.41853412011585,0.329465151294391,17.7136593231551,0.0033627
11.96,0.838505441193201,-0.563647852618968,2.89199999443691,13.531829285399,0.995877915929086,0.00262360224696375,0.200000007759373,0.821721771837115,-0.569888874858384,2.89199999999961,13.5307963267938,0.248459015226852,0.475491240360292,0.545000014988431,0.0450715074647239,-1.3852218984775,0.306592594148748,17.6079286165058,0.0035248
11.98,0.849631260518833,-0.547127333129533,2.89599999464605,13.5518447058048,0.995910013614759,0.00263994351232035,0.200000013155209,0.832954450621358,-0.553341561052983,2.89599999999961,13.5507963267938,0.24847195149969,0.475483463751023,0.545000009124958,0.0450705832128967,-1.35145806251677,0.28437634575297,17.5030029954869,0.0037564
12,0.860424295387092,-0.530386734836599,2.89999999494201,13.5718597570089,0.995942623945997,0.00265555045267339,0.200000016440193,0.843853958731264,-0.536572918000949,2.8999999999996,13.5707963267938,0.248484977081054,0.475475640563439,0.545000004867113,0.0450696538606779,-1.31725583482137,0.262825341921481,17.3988801489073,0.0035189
12.02,0.870880217568126,-0.513432763659215,2.90399999528833,13.5918744349842,0.995975730708399,0.0026704209316505,0.200000018192354,0.854415936508914,-0.519589652935925,2.9039999999996,13.5907963267938,0.248498086179109,0.475467774233992,0.545000001825366,0.0450687197973674,-1.28262861378168,0.241948251975687,17.2955576314012,0.0034174
12.04,0.880994833932074,-0.496272210459425,2.90799999565875,13.6118887358798,0.996009317580049,0.00268455312425137,0.200000018849486,0.86463615930402,-0.502398558937496,2.9079999999996,13.6107963267938,0.248511273003813,0.475459868201626,0.544999999699768,0.0450677814287907,-1.24758996822093,0.221753475292351,17.1930328629907,0.0034333
12.06,0.890764088109729,-0.478911948319457,2.91199999603466,13.6319026560209,0.996043368138881,0.00269794551645658,0.200000018741402,0.874510539163733,-0.485006512214051,2.9119999999996,13.6307963267938,0.248524531762347,0.475451925893826,0.544999998259083,0.0450668391614495,-1.21215363195777,0.202249137960219,17.0913031286503,0.0034497
12.08,0.900184062098307,-0.461358929786693,2.91599999640322,13.6519161919092,0.996077865869779,0.00271059690376016,0.200000018114672,0.884035126467765,-0.467420469352386,2.9159999999996,13.6507963267938,0.248537856666989,0.475443950735623,0.544999997326311,0.0450658934023709,-1.17633349830354,0.18344308954621,16.9903655782577,0.0033943
12.1,0.909250977811685,-0.443620184087553,2.91999999675589,13.6719293402234,0.996112794171881,0.00272250638995807,0.200000017152144,0.893206111508188,-0.449647464535171,2.9199999999996,13.6707963267938,0.248551241936696,0.475435946147262,0.544999996766427,0.0450649445578016,-1.14014361449644,0.165342899972427,16.8902172265906,0.0034613
12.12,0.917961198574537,-0.425702814311385,2.92399999708729,13.6919420978193,0.996148136365852,0.00273367338574422,0.200000015988058,0.902019826013263,-0.43169460672736,2.92399999999959,13.6907963267938,0.248564681797982,0.475427915539481,0.544999996476263,0.0450639930324814,-1.10359817607478,0.147955856505225,16.7908549534823,0.00349
12.14,0.92631123055978,-0.407613994565501,2.92799999739437,13.7119544617303,0.99618387570108,0.00274409760705541,0.200000014719513,0.910472744614703,-0.41356907683271,2.92799999999959,13.7107963267938,0.248578170488417,0.475419862315534,0.544999996378061,0.0450630392302177,-1.06671152119163,0.131288960857494,16.6922755041759,0.0034813
12.16,0.934297724168803,-0.389360967102502,2.93199999767572,13.7319664291677,0.996219995362917,0.00275377907344453,0.200000013415615,0.918561486257772,-0.395278124821508,2.93199999999959,13.7307963267938,0.24859170225844,0.47541178986883,0.544999996413367,0.045062083553332,-1.02949812487307,0.115348926405305,16.5944754898153,0.0034412
12.18,0.941917475353926,-0.370951039421038,2.93599999793112,13.7519779975203,0.996256478479869,0.00276271810629133,0.200000012124427,0.926282815553661,-0.376829066830681,2.93599999999959,13.7507963267938,0.24860527137353,0.475403701581465,0.544999996538526,0.0450611264025195,-0.991972593222397,0.100142175519996,16.4974513880994,0.0034671
12.2,0.94916742688262,-0.352391581341161,2.93999999816114,13.7719891643551,0.996293308130776,0.00277091532689819,0.200000010878297,0.9336336440736,-0.358229282237443,2.93999999999959,13.7707963267938,0.248618872116452,0.475395600823067,0.54499999672122,0.0450601681767571,-0.95414965757266,0.0856748370167442,16.4011995440946,0.0034535
12.22,0.956044669542991,-0.333690022055447,2.94399999836691,13.7919999274166,0.996330467351955,0.00277837165448258,0.200000009697936,0.940611031584193,-0.339486210707636,2.94399999999958,13.7907963267938,0.248632498789467,0.475387490949503,0.544999996937821,0.0450592092731083,-0.9160441685897,0.0719527437206022,16.3057161711998,0.0034737
12.24,0.96254644329007,-0.314853847157055,2.94799999854984,13.8120102846273,0.996367939144331,0.00278508830406146,0.200000008595552,0.947212187223465,-0.320607349219969,2.94799999999958,13.8107963267938,0.248646145716488,0.4753793753016,0.544999997171276,0.0450582500866065,-0.87767109032822,0.0589814301509657,16.2109973522633,0.0034673
12.26,0.968670138332495,-0.295890595645919,2.95199999871157,13.8320202340872,0.996405706480526,0.00279106678422871,0.200000007577211,0.953434470617175,-0.301600249067321,2.95199999999958,13.8307963267938,0.248659807245248,0.475371257203856,0.544999997409489,0.0450572910100693,-0.839045494243172,0.0467661303253538,16.1170390408493,0.0035226
12.28,0.974413296159167,-0.276807856914253,2.95599999885379,13.8520297740735,0.996443752311924,0.0027963088948265,0.200000006644627,0.959275392934928,-0.282472512836329,2.95599999999958,13.8507963267938,0.248673477749431,0.475363139963161,0.544999997644115,0.0450563324339779,-0.800182553158879,0.0353117756833611,16.0238370626498,0.003586
12.3,0.979773610505489,-0.257613267712585,2.9599999989782,13.8720389030404,0.996482059575692,0.00280081672451212,0.200000005796509,0.964732617885674,-0.263231791366452,2.95999999999958,13.8707963267938,0.248687151630792,0.475355026867523,0.544999997869597,0.0450553747462996,-0.761097535198297,0.024622993131583,15.9313871170402,0.0040713
12.32,0.984748928258846,-0.238314509097513,2.96399999908646,13.8920476196188,0.996520611201779,0.00280459264822158,0.200000005029563,0.969803962652197,-0.243885780689739,2.96399999999958,13.8907963267938,0.248700823321249,0.475346921184827,0.5449999980824,0.045054418332379,-0.721805797674845,0.0147041032102689,15.8396847787754,0.0038813
12.34,0.989337250302975,-0.2189193033624,2.96799999918014,13.9120559226155,0.996559390119857,0.00280763932453221,0.200000004339227,0.974487398764205,-0.224442218952517,2.96799999999957,13.9107963267938,0.248714487284961,0.47533882616156,0.544999998280509,0.045053463574754,-0.68232278094923,0.00555911838241109,15.7487254998223,0.0036169
12.36,0.993536732300924,-0.199435410952243,2.97199999926074,13.9320638110131,0.996598379266233,0.00280995969292413,0.200000003720211,0.9787810529097,-0.204908883320237,2.97199999999957,13.9307963267938,0.248728138020379,0.475330745021611,0.544999998462993,0.0450525108530502,-0.64266400225373,-0.00280825855407449,15.6585046113259,0.0035147
12.38,0.997345685416301,-0.179870627363904,2.97599999932961,13.952071283969,0.996637561590712,0.00281155697094461,0.200000003166888,0.98268320768427,-0.185293586866711,2.97599999999957,13.9507963267938,0.248741770062272,0.475322680965027,0.544999998629663,0.0450515605438291,-0.602845049486393,-0.0103946359304645,15.5690173257056,0.003485
12.4,1.00076257697256,-0.160232780032979,2.97999999938801,13.972078340815,0.996676920063411,0.00281243465127465,0.200000002673566,0.986192302278034,-0.165604175448986,2.97999999999957,13.9707963267938,0.248755377983731,0.475314637166816,0.544999998780857,0.0450506130204329,-0.562881574977619,-0.0171969345470831,15.480258738877,0.0039777
12.42,1.00378603105008,-0.140529725208498,2.9839999994371,13.9920849810563,0.996716437681528,0.002812596498701,0.200000002234675,0.989306933099943,-0.145848524569107,2.98399999999957,13.9907963267938,0.248768956398151,0.475306616775767,0.544999998917263,0.045049668652887,-0.522789289231616,-0.0232123888883833,15.3922238325966,0.0039124
12.44,1.00641482902082,-0.120769344816716,2.98799999947789,14.012091204371,0.996756097476054,0.00281204654699522,0.20000000184489,0.992025854339194,-0.126034536224022,2.98799999999957,14.0107963267938,0.248782499961181,0.475298622913282,0.544999999039769,0.045048727807736,-0.482583954645227,-0.028438548212795,15.3049074769241,0.0038612
12.46,1.00864791002037,-0.100959543315233,2.99199999951133,14.032097010609,0.996795882518435,0.00281078909570136,0.200000001499207,0.994347978463544,-0.106170135744885,2.99199999999956,14.0307963267938,0.24879600337265,0.475290658672233,0.544999999149399,0.0450477908479317,-0.442281379206608,-0.032873277516926,15.218304432799,0.0038177
12.48,1.0104843713572,-0.0811082445386793,2.99599999953826,14.052102399791,0.996835775927177,0.00280882870683482,0.20000000119299,0.996272376654305,-0.0862632686270328,2.99599999999956,14.0507963267938,0.248809461378473,0.475282727115824,0.544999999247208,0.0450468581327027,-0.401897410176298,-0.036514758373756,15.1324093547273,0.003824
12.5,1.01192346885903,-0.0612233885372238,2.99999999955941,14.0721073721076,0.996875760874389,0.00280617020149292,0.200000000921985,0.997798279177859,-0.0663218973518913,2.99999999999956,14.0707963267938,0.248822868772517,0.475274831276488,0.544999999334259,0.0450459300174101,-0.361447927753158,-0.0393614896445096,15.0472167935729,0.0036628
12.52,1.01296461715615,-0.0413129284091412,3.00399999957545,14.0921119279186,0.99691582059227,0.00280281865638089,0.200000000682318,0.998925075693541,-0.0463539982020891,3.00399999999956,14.0907963267938,0.248836220398444,0.47526697415481,0.5449999994116,0.0450450068534692,-0.32094883872773,-0.0414122880639469,14.9627211994503,0.0036044
12.54,1.01360738990155,-0.0213848271287008,3.00799999958698,14.112116067751,0.996955938379531,0.00279877940025472,0.200000000470494,0.999652315497769,-0.0263675580710509,3.00799999999956,14.1107963267938,0.248849511151541,0.475259158718523,0.544999999480226,0.0450440889881892,-0.28041607012552,-0.0426662886988593,14.8789169247142,0.0035627
12.56,1.01385151992796,-0.00144705437062016,3.01199999959452,14.1321197922985,0.99699609760775,0.00279405801028459,0.200000000283376,0.999979707704317,-0.00637057126834693,3.01199999999956,14.1307963267938,0.248862735980517,0.47525138790153,0.544999999541077,0.045043176764683,-0.239865562842733,-0.043122945279607,14.7957982270395,0.0039781
12.58,1.01369689934157,0.0184924166676626,3.01599999959853,14.1521231024201,0.997036281727665,0.00278866030834225,0.200000000118164,0.999907121360668,0.0136289636779247,3.01599999999955,14.1507963267938,0.248875889889135,0.475243664602283,0.544999999594968,0.0450422705216834,-0.199313265277009,-0.0427820304045886,14.7133592725893,0.0037477
12.6,1.01314357955251,0.0384256124446438,3.01999999959944,14.1721259991387,0.997076474275387,0.00278259235718652,0.199999999972352,0.999434585500392,0.0336230472204425,3.01999999999955,14.1707963267938,0.248888967938081,0.475235991683509,0.544999999642669,0.0450413705935411,-0.158775126955652,-0.0416436356175769,14.6315941392647,0.0035479
12.62,1.0121917712421,0.0583445622530877,3.02399999959759,14.1921284836395,0.997116658878555,0.00277586045660449,0.199999999843713,0.998562289131532,0.0536036819923736,3.02399999999955,14.1907963267938,0.248901965246602,0.47522837197097,0.544999999684896,0.0450404773100382,-0.118267092163926,-0.0397081713579122,14.5504968200317,0.0035484
12.64,1.01084184426681,0.0782413013967846,3.02799999959333,14.2121305572692,0.997156819262407,0.00276847113946742,0.199999999730275,0.997290581161006,0.073562876006214,3.02799999999955,14.2107963267938,0.248914876955119,0.475220808153285,0.544999999713098,0.0450395909890368,-0.0778050935759132,-0.0369763667835891,14.470061226284,0.0039142
12.66,1.00909432749919,0.0981078743644736,3.03199999958691,14.2321322215336,0.997196939254189,0.00276043116373686,0.19999999962699,0.995619970255045,0.0934926458504775,3.03199999999955,14.2307963267938,0.24892769833202,0.475213303048618,0.544999999737286,0.0450387119608139,-0.0374050458904786,-0.0334492694673249,14.3902811914099,0.0034658
12.68,1.00694990860558,0.117936337999704,3.0359999995785,14.2521334780967,0.997237002791717,0.0027517475153864,0.199999999532413,0.993551124635738,0.113385019882953,3.03599999999954,14.2507963267938,0.24894042469577,0.475205859400841,0.544999999761227,0.045037840540847,0.00291716052513549,-0.0291282449657497,14.3111504742409,0.0034719
12.7,1.00440943376084,0.137718764665395,3.03999999956829,14.2721343287788,0.997276993928722,0.00274242740255635,0.199999999446455,0.991084871813749,0.133232041419255,3.03999999999954,14.2707963267938,0.248953051416339,0.475198479878813,0.544999999784427,0.0450369770375623,0.0431456659815669,-0.0240149762619023,14.2326627626417,0.0034865
12.72,1.00147390730022,0.157447245401824,3.04399999955644,14.2921347755553,0.997316896840082,0.00273247824994374,0.199999999368848,0.988222198257322,0.153025771915394,3.04399999999954,14.2907963267938,0.248965573930185,0.475191167109795,0.544999999806576,0.0450361217560821,0.0832646478009208,-0.0181114630812722,14.154811677161,0.0039731
12.74,0.998144491308537,0.177113893076804,3.04799999954312,14.3121348205546,0.997356695827502,0.00272190769458065,0.199999999299216,0.984964248997713,0.172758294143083,3.04799999999954,14.3107963267938,0.248977987741742,0.475183923678677,0.544999999827475,0.0450352749967024,0.123258326635177,-0.0114200210816731,14.077590774717,0.0034909
12.76,0.994422505146811,0.196710845526832,3.05199999952848,14.3321344660564,0.997396375325108,0.0027107235815058,0.199999999237107,0.981312327171186,0.192421715356528,3.05199999999954,14.3307963267938,0.248990288424865,0.475176752127128,0.54499999984703,0.0450344370544994,0.163110972766915,-0.00394328091728675,14.0009935523253,0.003489
12.78,0.990309424916583,0.216230268687955,3.05599999951268,14.3521337144898,0.99743591990496,0.0026989339593685,0.199999999182037,0.97726789349778,0.212008170449419,3.05599999999954,14.3507963267938,0.249002471624252,0.475169654952829,0.5449999998652,0.0450336082192468,0.202806912389852,0.00431581282273821,13.9250134508627,0.0035409
12.8,0.985806882862108,0.235664359715146,3.05999999949583,14.3721325684316,0.997475314282467,0.00268654707597655,0.199999999133509,0.972832565697039,0.231509825100869,3.05999999999953,14.3707963267938,0.249014533056813,0.475162634608693,0.544999999882001,0.0450327887752899,0.242330533866722,0.0133540028006961,13.8496438588639,0.0041718
12.82,0.98091666671068,0.255005350088945,3.06399999947808,14.3921310306042,0.997514543321722,0.00267357137378938,0.19999999909103,0.968008117840947,0.250918878909034,3.06399999999953,14.3907963267938,0.249026468513021,0.475155693502127,0.544999999897481,0.0450319790014821,0.281666293961987,0.0231677202412584,13.7748781163438,0.0036965
12.84,0.975640718951375,0.274245508708174,3.06799999945953,14.4121291038738,0.997553592040744,0.00266001548536014,0.199999999054123,0.962796479644322,0.270227568511177,3.06799999999953,14.4107963267938,0.249038273858203,0.475148833994298,0.544999999911698,0.0450311791710876,0.320798724046945,0.0337530863663994,13.7007095186428,0.0035626
12.86,0.969981136052487,0.293377144967482,3.07199999944029,14.4321267912483,0.997592445616625,0.0026458882287278,0.199999999022334,0.957199735692954,0.289428170688902,3.07199999999953,14.4307963267938,0.249049945033812,0.475142058399443,0.544999999924726,0.0450303895517196,0.359712436274751,0.045105913953731,13.6271313202871,0.0035199
12.88,0.963940167617984,0.312392611818538,3.07599999942047,14.4521240958752,0.997631089390584,0.00263119860276244,0.199999998995235,0.951220124609801,0.308513005457342,3.07599999999953,14.4507963267938,0.249061478058654,0.475135368984193,0.544999999936647,0.0450296104052611,0.39839212972292,0.0572217090176158,13.5541367388624,0.0037258
12.9,0.957520215483327,0.331284308813669,3.07999999940014,14.4721210210394,0.997669508872929,0.00261595578246513,0.199999998972428,0.94486003815957,0.327474439137052,3.07999999999953,14.4707963267938,0.249072869030073,0.47512876796693,0.544999999947543,0.0450288419877854,0.436822596500869,0.0700956726123814,13.4817189588925,0.0035568
12.92,0.950723832751015,0.350044685130732,3.0839999993794,14.4921175701616,0.997707689747916,0.00260016911422525,0.199999998953544,0.938122020292041,0.346304887407374,3.08399999999952,14.4907963267938,0.2490841141251,0.475122257517136,0.544999999957496,0.0450280845494955,0.474988727820089,0.0837227027569088,13.4098711357213,0.0035621
12.94,0.943553722766243,0.368666242578062,3.08799999935832,14.5121137467952,0.997745617878515,0.00258384811103635,0.199999998938242,0.931008766124522,0.36499681834007,3.08799999999952,14.5107963267938,0.249095209601571,0.475115839754829,0.544999999966593,0.0450273383346646,0.512875520024538,0.0980973964798208,13.3385863993905,0.0034763
12.96,0.936012738033084,0.387141538578299,3.09199999933697,14.5321095546249,0.997783279311073,0.00256700244767451,0.199999998926216,0.923523120863837,0.38354275541199,3.09199999999952,14.5307963267938,0.249106151799183,0.475109516749943,0.544999999974901,0.0450266035815502,0.550468080578873,0.11321405198445,13.2678578585103,0.003742
12.98,0.928103879071629,0.405463189129934,3.0959999993154,14.552104997464,0.997820660279882,0.0025496419558389,0.19999999891718,0.915668078668284,0.401935280495581,3.09599999999952,14.5507963267938,0.249116937140543,0.475103290521817,0.544999999982494,0.0450258805223664,0.58775163401214,0.129066670932718,13.1976786041172,0.0035401
13,0.919830293216544,0.423623871745414,3.09999999929368,14.5721000792522,0.997857747211638,0.00253177661925969,0.199999998910878,0.907446781450008,0.420167036826039,3.09999999999952,14.5707963267938,0.249127562132145,0.47509716303862,0.544999999989437,0.0450251693831893,0.624711527814583,0.145648960847013,13.1280417135148,0.0034886
13.02,0.91119527335752,0.441616328364651,3.10399999927186,14.5920948040532,0.997894526729799,0.00251341656877217,0.199999998907075,0.898862517618281,0.438230731943919,3.10399999999951,14.5907963267938,0.249138023365327,0.475091136216886,0.544999999995788,0.045024470383938,0.661333238285226,0.162954337629098,13.0589402540923,0.0034984
13.04,0.902202256622115,0.459433368242802,3.10799999924999,14.6120891760524,0.997930985658845,0.00249457207736249,0.199999998905559,0.88991872076418,0.456119140612021,3.10799999999951,14.6107963267938,0.249148317517187,0.475085211921012,0.545000000001604,0.0450237837383013,0.697602376327927,0.180975928195059,12.9903672871181,0.0036717
13.06,0.892854823001518,0.477067870811177,3.1119999992281,14.6320831995544,0.997967111028424,0.00247525355518483,0.199999998906137,0.880618968287198,0.473825107705385,3.11199999999951,14.6307963267938,0.249158441351443,0.475079391962803,0.54500000000694,0.0450231096536886,0.733504693193591,0.199706573225218,12.9223158715013,0.003755
13.08,0.883156693919771,0.494512788510176,3.11599999920625,14.6520768789805,0.998002890077395,0.00245547154455307,0.199999998908635,0.870966979964331,0.491341551073251,3.11599999999951,14.6507963267938,0.249168391719275,0.475073678101056,0.545000000011839,0.0450224483312061,0.769026086166294,0.219138830027938,12.8547790675198,0.0036328
13.1,0.873111730747021,0.511761149593115,3.11999999918447,14.6720702188666,0.998038310257767,0.00243523671490953,0.199999998912897,0.860966616462216,0.508661464371821,3.11999999999951,14.6707963267938,0.2491781655601,0.475068072041131,0.545000000016342,0.0450217999655823,0.804152604191042,0.239264975516159,12.7877499405082,0.0035798
13.12,0.862723933257398,0.528806060899873,3.12399999916278,14.6920632238601,0.998073359238525,0.00241455985777166,0.19999999891878,0.850621877792918,0.525777919866706,3.12399999999951,14.6907963267938,0.249187759902338,0.475062575434591,0.54500000002049,0.0450211647451538,0.838870453440959,0.260077009295491,12.7212215645038,0.0034771
13.14,0.851997438032102,0.545640710599258,3.12799999914123,14.7120558987177,0.998108024909351,0.00239345188166058,0.199999998926156,0.839936901713976,0.542684071203922,3.1279999999995,14.7107963267938,0.249197171864108,0.475057189878827,0.545000000024305,0.0450205428518122,0.87316600282169,0.281566656862629,12.6551870258448,0.0034843
13.16,0.840936516808367,0.562258370899017,3.13199999911984,14.7320482483028,0.998142295384231,0.00237192380701189,0.199999998934906,0.828915962073358,0.559373156148348,3.1319999999995,14.7307963267938,0.249206398653895,0.475051916916735,0.545000000027826,0.0450199344609778,0.90702578941084,0.303725372912823,12.589639426718,0.003515
13.18,0.829545574774919,0.578652400722437,3.13599999909864,14.7520402775827,0.998176159004955,0.00234998676107195,0.199999998944924,0.817563467099975,0.575838499288524,3.1359999999995,14.7507963267938,0.249215437571185,0.475046758036411,0.545000000031078,0.0450193397415695,0.940436523830305,0.326544344755076,12.5245718886522,0.0035755
13.2,0.817829148814619,0.59481624835048,3.13999999907765,14.7720319916264,0.998209604344505,0.00232765197278181,0.199999998956112,0.805883957640453,0.59207351470673,3.1399999999995,14.7707963267938,0.249224286007042,0.475041714670853,0.545000000034085,0.045018758855963,0.973385095549358,0.350014495833729,12.4599775559533,0.0034492
13.22,0.805791905694977,0.610743454028422,3.14399999905689,14.7920233956015,0.998242620210327,0.00230493076764978,0.199999998968382,0.793882105342851,0.608071708613261,3.1439999999995,14.7907963267938,0.249232941444428,0.475036788196867,0.545000000036783,0.0450181919598978,1.0058585781164,0.374126489355017,12.3958495990776,0.0035218
13.24,0.793438640207255,0.626427652535977,3.14799999903639,14.8120144947717,0.998275195647487,0.00228183456258273,0.199999998981624,0.781562710788065,0.623826681943861,3.1479999999995,14.8107963267938,0.249241401445771,0.47503197988611,0.545000000034118,0.0450176391975982,1.03784423431728,0.398870732017174,12.3321812179426,0.0035418
13.26,0.780774273254895,0.641862575719888,3.15199999901615,14.832005294494,0.998307319941174,0.00225837485878533,0.199999998993907,0.768930701569661,0.639332132919263,3.15199999999949,14.8307963267938,0.249249663693224,0.475027291054314,0.54500000003268,0.0450171007202125,1.06932952125822,0.42423737784258,12.268965645162,0.0041543
13.28,0.767803849892003,0.657042054988012,3.15599999899614,14.851995800216,0.998338982620704,0.00223456324071915,0.199999999005672,0.755991130322901,0.654581859565811,3.15599999999949,14.8507963267938,0.249257725950726,0.47502272291735,0.545000000032694,0.0450165766614024,1.1003020953712,0.450216332110461,12.206196149221,0.0039008
13.3,0.754532537312646,0.671960023763876,3.15999999897637,14.8719860174733,0.998370173461889,0.0022104113689685,0.199999999017441,0.742749172703759,0.669569762196176,3.15999999999949,14.8707963267938,0.249265586074642,0.475018276629427,0.54500000003372,0.0450160671497017,1.13074981733995,0.476797255388556,12.1438660375707,0.0037643
13.32,0.740965622791791,0.686610519900786,3.16399999895684,14.8919759518869,0.998400882489689,0.00218593097493621,0.19999999902958,0.729210125318726,0.68428984584914,3.16399999999949,14.8907963267938,0.249273242014143,0.475013953283048,0.545000000034902,0.0450155723071667,1.16066075694452,0.503969567662161,12.0819686596474,0.0039041
13.34,0.727108511578693,0.700987688054534,3.16799999893756,14.91196560916,0.998431099980736,0.00216113385550557,0.199999999042145,0.715379403606237,0.698736222687507,3.16799999999949,14.9107963267938,0.249280691815604,0.47500975392448,0.545000000036635,0.0450150922507007,1.19002319782255,0.531722452558915,12.0204974098119,0.0046036
13.36,0.71296672474353,0.715085782013755,3.17199999891854,14.9319549950753,0.998460816465923,0.00213603186831995,0.199999999055334,0.70126253967057,0.712903114353158,3.17199999999948,14.9307963267938,0.249287933619256,0.475005679539955,0.545000000038846,0.0450146270895647,1.21882564214532,0.56004486166765,11.9594457302081,0.0041266
13.38,0.698545896978153,0.728899166987026,3.17599999889978,14.9519441154925,0.998490022732726,0.00211063692648152,0.199999999069318,0.686865180069077,0.726784854278316,3.17599999999948,14.9507963267938,0.249294965660011,0.47500173105795,0.545000000041335,0.0450141769263721,1.24705681520677,0.588925518949592,11.8988071135372,0.0035105
13.4,0.683851774351804,0.742422321845811,3.17999999888132,14.9719329763451,0.998518709827431,0.00208496099337883,0.199999999084199,0.672193083553637,0.740375889952099,3.17999999999948,14.9707963267938,0.249301786267968,0.474997909350369,0.545000000043975,0.0450137418571976,1.27470566992359,0.618352925240164,11.8385751057459,0.0034582
13.42,0.668890212022673,0.755649841322375,3.18399999886316,14.9919215836378,0.998546869057264,0.00205901607757217,0.19999999910003,0.65725211876723,0.753670785141448,3.18399999999948,14.9907963267938,0.249308393868545,0.474994215232497,0.545000000046656,0.0450133219714405,1.30176139124474,0.648315362839614,11.7787433086259,0.0042097
13.44,0.653667171906215,0.768576438161777,3.18799999884533,15.0119099434434,0.998574491992398,0.0020328142276872,0.199999999116826,0.642048261896561,0.76666422206555,3.18799999999948,15.0107963267938,0.249314786982777,0.474990649463749,0.545000000049392,0.0450129173519281,1.32821340046849,0.678800900190643,11.7193053823238,0.0036239
13.46,0.638188720301115,0.781196945227133,3.19199999882784,15.0318980619002,0.998601570467857,0.00200636752735134,0.199999999134607,0.626587594281662,0.779351003522879,3.19199999999948,15.0307963267938,0.249320964225515,0.474987212740618,0.545000000051545,0.0450125280741557,1.35405135946539,0.709797396641172,11.6602550477596,0.0034742
13.48,0.622461025473848,0.793506317557283,3.19599999881072,15.0518859452092,0.998628096585224,0.00197968808986336,0.199999999153163,0.61087629998344,0.791726054970008,3.19599999999947,15.0507963267938,0.249326924310012,0.474983905714152,0.545000000053771,0.0450121542084808,1.37926517480538,0.741292507290386,11.6015860889506,0.0034908
13.5,0.606490355202771,0.805499634376077,3.19999999879398,15.0718735996307,0.998654062714413,0.00195278805359169,0.199999999172521,0.594920663310133,0.803784426551356,3.19999999999947,15.0707963267938,0.249332666043584,0.474980728973544,0.545000000055999,0.045011795817411,1.40384500178758,0.773273687916107,11.5432923552428,0.0036869
13.52,0.590283074282714,0.817172101052469,3.20399999877763,15.091861031482,0.998679461495163,0.0019256795766942,0.19999999919268,0.578727066303671,0.815521295079066,3.20399999999947,15.0907963267938,0.249338188328972,0.474977683051665,0.545000000058186,0.0450114529571056,1.42778124837095,0.805728199981561,11.4853677634449,0.0035627
13.54,0.573845641991044,0.82851905101066,3.20799999876169,15.1118482471342,0.998704285838458,0.0018983748321101,0.199999999213627,0.562301986186946,0.826931965962216,3.20799999999947,15.1107963267938,0.249343490164252,0.474974768425156,0.545000000060287,0.0450111256771459,1.45106457900439,0.838643115719556,11.4278062998658,0.0034557
13.56,0.557184609516198,0.839535947589522,3.21199999874618,15.1318352530094,0.998728528927844,0.00187088600256708,0.199999999235331,0.545651992773006,0.838011875084595,3.21199999999947,15.1307963267938,0.24934857064269,0.474971985514616,0.545000000062285,0.045010814020557,1.47368591835477,0.872005323292048,11.3706020222549,0.0034246
13.58,0.540306617349693,0.85021838585058,3.21599999873111,15.1518220555778,0.998752184220617,0.00184322527561438,0.199999999257753,0.528783745837219,0.848756590630282,3.21599999999947,15.1507963267938,0.249353428952582,0.474969334684737,0.545000000064166,0.0450105180237921,1.49563645493129,0.905801532023058,11.3137490616425,0.0037895
13.6,0.52321839264263,0.860562094333825,3.2199999987165,15.1718086613548,0.9987752454489,0.00181540483868165,0.199999999280853,0.511703992453453,0.859161814856321,3.21999999999946,15.1707963267938,0.249358064377038,0.47496681624452,0.545000000065917,0.0450102377167844,1.51690764460489,0.940018277702878,11.2572416240827,0.0035075
13.62,0.505926746527732,0.870562936760674,3.22399999870235,15.1917950768981,0.998797706620611,0.00178743687416782,0.199999999304583,0.494419564295334,0.869223385811757,3.22399999999946,15.1907963267938,0.249362476293734,0.474964430447468,0.545000000067543,0.045009973122943,1.53749121402116,0.974641927961434,11.2010739922958,0.0034889
13.64,0.488438571407964,0.88021691368339,3.22799999868869,15.2117813088046,0.998819562020302,0.00175933355455996,0.199999999328899,0.47693737490367,0.878937279002358,3.22799999999946,15.2107963267938,0.249366664174628,0.474962177491823,0.545000000069033,0.0450097242592109,1.55737916390549,1.00965868770872,11.1452405272103,0.0034609
13.66,0.470760838212795,0.889520164080315,3.23199999867551,15.2317673637079,0.998840806209891,0.00173110703758517,0.199999999353751,0.459264416921124,0.888299609000366,3.23199999999946,15.2307963267938,0.249370627585645,0.474960057520824,0.545000000070398,0.045009491136083,1.57656377225914,1.04505460464012,11.0897356694061,0.0041467
13.68,0.452900593623183,0.898468966896282,3.23599999866284,15.2517532482752,0.998861434029281,0.0017027694613967,0.199999999379094,0.441407759295253,0.897306630998611,3.23599999999946,15.2507963267938,0.24937436618631,0.474958070622989,0.545000000071645,0.0450092737576445,1.59503759744486,1.08081557480444,11.0345539404564,0.0034509
13.7,0.434864957266367,0.907059742527581,3.23999999865068,15.2717389692042,0.998881440596856,0.00167433293979623,0.199999999404886,0.423374544451023,0.905954742308385,3.23999999999945,15.2707963267938,0.24937787972936,0.474956216832396,0.545000000072768,0.0450090721216025,1.61279348116097,1.11692734823243,10.9796899441708,0.0034248
13.72,0.416661118881561,0.915289054250912,3.24399999863904,15.2917245332206,0.998900821309871,0.0016458095574934,0.199999999431082,0.40517198543393,0.914240483800472,3.24399999999945,15.2907963267938,0.249381168060316,0.474954496129002,0.545000000073781,0.0450088862193256,1.6298245513026,1.15337553462367,10.9251383677378,0.0034165
13.74,0.398296335457673,0.923153609595722,3.24799999862793,15.311709947075,0.998919571844726,0.00161721136540487,0.199999999457644,0.386807363024885,0.922160541288749,3.24799999999945,15.3107963267938,0.249384231117018,0.474952908438997,0.545000000074682,0.0450087160359,1.64612422470906,1.19014560908934,10.8708939827686,0.0034273
13.76,0.379777928344166,0.930650261659412,3.25199999861735,15.33169521754,0.998937688157124,0.00158855037599489,0.199999999484529,0.368288022827992,0.929711746855821,3.25199999999945,15.3307963267938,0.24938706892912,0.47495145363514,0.545000000075483,0.0450085615501511,1.66168620979608,1.2272229179489,10.816951646242,0.00344
13.78,0.361113280336185,0.937776010364856,3.25599999860731,15.3516803514074,0.998955166482119,0.00155983855865742,0.199999999511703,0.349621372332409,0.936891080120142,3.25599999999945,15.3507963267938,0.249389681617567,0.474950131537138,0.545000000076186,0.0450084227346959,1.67650450907204,1.2645926845781,10.7633063013517,0.0034893
13.8,0.342309832735112,0.94452800365975,3.25999999859782,15.3716653554855,0.998972003334055,0.00153108783514311,0.19999999953913,0.33081487794945,0.94369566944413,3.25999999999945,15.3707963267938,0.24939206939402,0.474948941912049,0.545000000076794,0.0450082995560007,1.69057342153709,1.30224001530623,10.7099529782557,0.003465
13.82,0.32337508238569,0.950903538657299,3.26399999858888,15.3916502365959,0.998988195506386,0.00150231007503175,0.199999999566776,0.311876062026116,0.950122793082781,3.26399999999944,15.3907963267938,0.249394232560257,0.474947884474695,0.545000000077318,0.0450081919744263,1.70388754496423,1.34014990536006,10.6568867947304,0.00392
13.84,0.304316578690882,0.956900062717785,3.26799999858049,15.4116350015709,0.999003740071396,0.00147351709125205,0.19999999959461,0.292812499836264,0.956169880272335,3.26799999999944,15.4107963267938,0.24939617150754,0.474946958888096,0.545000000077756,0.0450080999442771,1.71644177806137,1.37830724485234,10.604102956729,0.0045844
13.86,0.285141920605644,0.962515174470581,3.27199999857267,15.4316196572509,0.999018634379798,0.00144472063565003,0.199999999622602,0.273631816550591,0.961834512258541,3.27199999999944,15.4307963267938,0.249397886715947,0.474946164763902,0.545000000078117,0.0450080234138404,1.72823132251366,1.4166968248123,10.5515967588457,0.0050694
13.88,0.265858753610775,0.96774662477619,3.2759999985654,15.4516042104809,0.999032876060233,0.00141593239460709,0.199999999650724,0.254341684186674,0.967114423264133,3.27599999999944,15.4507963267938,0.249399378753675,0.474945501662891,0.545000000078404,0.045007962325483,1.73925168490509,1.45530334325588,10.4993635846883,0.004444
13.9,0.246474766668062,0.972592317627929,3.2799999985587,15.4715886681085,0.999046463018658,0.00138716398471062,0.19999999967895,0.234949818540259,0.972007501395107,3.27999999999944,15.4707963267938,0.249400648276305,0.474944969095431,0.545000000078616,0.0450079166156653,1.74949867851865,1.49411141129317,10.4473989071585,0.0045359
13.92,0.226997689157891,0.977050310992886,3.28399999855256,15.4915730369806,0.999059393437624,0.0013584269484767,0.199999999707251,0.21546397609905,0.976511789485451,3.28399999999943,15.4907963267938,0.249401696026047,0.474944566521999,0.545000000078761,0.0450078862150289,1.75896842501443,1.53310555927077,10.3956982886432,0.0042733
13.94,0.20743528780054,0.981118817591808,3.28799999854699,15.511557323941,0.99907166577545,0.00132973275012773,0.199999999735605,0.195891950940216,0.980625485879984,3.28799999999943,15.5107963267938,0.249402522830939,0.474944293353696,0.54500000007884,0.0450078710484543,1.76765735598482,1.57227024294655,10.3442573811177,0.0044879
13.96,0.187795363562368,0.984796205617588,3.29199999854198,15.5315415358273,0.999083278765293,0.0013010927714255,0.199999999763988,0.176241571612863,0.984346945154997,3.29199999999943,15.5307963267938,0.249403129604035,0.474944148952788,0.545000000078857,0.0450078710351098,1.77556221438629,1.61158984969434,10.2930719261619,0.0039874
13.98,0.168085748548109,0.988080999392084,3.29599999853755,15.5515256794682,0.99909423141411,0.00127251830756132,0.199999999792376,0.156520698006722,0.987674678776399,3.29599999999943,15.5507963267938,0.249403517342013,0.47494413263115,0.545000000078618,0.0450078860883447,1.78268005584708,1.65104870473621,10.2421377548937,0.003927
14,0.148314302880507,0.990971879960963,3.29999999853368,15.5715097616814,0.999104523001497,0.00124402056302094,0.199999999820679,0.136737218208292,0.990607355695111,3.29999999999943,15.5707963267938,0.249403687125279,0.474944243654703,0.545000000078146,0.0450079161162296,1.78900824985043,1.69063107739968,10.1914507878178,0.0037658
14.02,0.128488911568507,0.993467685626343,3.30399999853037,15.59149378927,0.999114153078465,0.00121561064766833,0.199999999848812,0.116899045345717,0.993143802879468,3.30399999999943,15.5907963267938,0.249403640117283,0.474944481244967,0.545000000077733,0.0450079610215,1.79454448079266,1.73032118739755,10.1410070345954,0.0038243
14.04,0.108617481365247,0.995567412417011,3.30799999852763,15.6114777690207,0.999123121466122,0.00118729957292049,0.199999999876796,0.0970141144236372,0.995283005784413,3.30799999999942,15.6107963267938,0.249403377562308,0.474944844574565,0.545000000077344,0.0450080207010636,1.79928674891583,1.77010321112778,10.0908025937354,0.004003
14.06,0.0887079376170873,0.997270214495998,3.31199999852544,15.6314617077003,0.999131428254206,0.00115909824777571,0.199999999904639,0.0770903791492916,0.997024108757308,3.31199999999942,15.6307963267938,0.249402900785098,0.474945332770199,0.545000000076964,0.0450080950465778,1.8032333711145,1.80996128799092,10.0408336522092,0.0038197
14.08,0.0687682211049183,0.998575404505356,3.31599999852381,15.651445612054,0.999139073799544,0.00113101747501126,0.199999999932346,0.0571358087511441,0.998366415380178,3.31599999999942,15.6507963267938,0.249402211189865,0.47494594491329,0.545000000076578,0.0450081839444579,1.8063829816163,1.84987952672258,9.9910964849913,0.0037999
14.1,0.0488062848789951,0.999482453847973,3.31999999852273,15.671429488802,0.999146058724408,0.00110306794744231,0.199999999959914,0.0371583847912965,0.99930938874827,3.31999999999942,15.6707963267938,0.249401310259272,0.474946680040617,0.545000000076182,0.0450082872759088,1.80873453253608,1.88984201173842,9.94158745452888,0.003807
14.12,0.0288300910885498,0.999990992906314,3.32399999852221,15.6914133446377,0.999152383914776,0.00107526024424532,0.19999999998734,0.0171660979729706,0.999852651684811,3.32399999999942,15.6907963267938,0.249400199552297,0.474947537140595,0.545000000075353,0.0450084049166108,1.81028729430321,1.92983280948919,9.89230301014181,0.0041291
14.14,0.00884760780743221,1.00010081119797,3.32799999852222,15.7113971862242,0.999158050518458,0.00104760482717363,0.200000000014467,-0.00283305505566648,0.999995986891869,3.32799999999942,15.7107963267938,0.249398880705803,0.474948515164552,0.545000000074382,0.0450085367380402,1.81104085596214,1.96983597482322,9.84323968735518,0.0038601
14.16,-0.0111331941429652,0.999811857467939,3.33199999852278,15.7313810201929,0.999163059943222,0.00102011203727495,0.200000000041244,-0.0228310749000551,0.999739337037273,3.33199999999941,15.7307963267938,0.249397355432074,0.474949613021977,0.545000000073553,0.0450086826064378,1.81099512534582,2.00983555735391,9.79439410716875,0.0037625
14.18,-0.0311043443722424,0.99912423971762,3.33599999852387,15.75136485314,0.999167413854785,0.000992792091435402,0.200000000067723,-0.0428199626188943,0.999082804777542,3.33599999999941,15.7507963267938,0.249395625516871,0.474950829577792,0.545000000072814,0.0450088423827968,1.81015032912201,2.04981560782958,9.74576297526456,0.0036685
14.2,-0.0510578760997288,0.998038225170423,3.33999999852549,15.7713486916248,0.999171114174675,0.000965655078864618,0.200000000093937,-0.0627917229236113,0.998026652716826,3.33999999999941,15.7707963267938,0.249393692818189,0.47495216365275,0.545000000071859,0.0450090159232173,1.80850701271249,2.08976018450327,9.69734308115532,0.0039059
14.22,-0.070985829332162,0.996554240174074,3.34399999852762,15.7913325421668,0.999174163077997,0.000938710957648715,0.200000000119806,-0.082738367376371,0.996571303301869,3.34399999999941,15.7907963267938,0.249391559265979,0.474953614027634,0.54500000007052,0.0450092030793225,1.80606604008514,2.12965335949987,9.64913129727552,0.0038464
14.24,-0.090880254039052,0.99467287003958,3.34799999853027,15.8113164112436,0.999176562991138,0.000911969551517256,0.200000000145193,-0.102651917585344,0.994717338653031,3.34799999999941,15.8107963267938,0.249389226862773,0.474955179451456,0.545000000069423,0.0450094036988341,1.80282859341885,2.16947922517811,9.60112457801904,0.0038355
14.26,-0.110733213324471,0.992394858816924,3.35199999853343,15.8313003052881,0.999178316589475,0.000885440546972253,0.200000000170185,-0.122524408395957,0.992465500331454,3.3519999999994,15.8307963267938,0.249386697679138,0.474956858628617,0.545000000068496,0.0450096176239201,1.79879617264163,2.20922190048475,9.55331995872726,0.0038005
14.28,-0.130536786594009,0.989721109007555,3.35599999853708,15.8512842306869,0.999179426794848,0.000859133489927233,0.200000000194844,-0.142347891076849,0.98981668904244,3.3559999999994,15.8507963267938,0.249383973851504,0.4749586502158,0.545000000066796,0.0450098446917295,1.79397059484184,2.24886553729868,9.50571455462812,0.0041316
14.3,-0.150283072715647,0.986652681213781,3.35999999854122,15.8712681937772,0.999179896772913,0.000833057782295582,0.20000000021889,-0.162114436499257,0.98677196427519,3.3599999999994,15.8707963267938,0.249381057587964,0.474960552851488,0.54500000006547,0.0450100847374059,1.78835399355288,2.28839432676212,9.4583055597263,0.0038572
14.32,-0.169964193173276,0.983190793725174,3.36399999854583,15.8912522008451,0.999179729930699,0.000807222679816996,0.20000000024246,-0.181816138308562,0.983332543879014,3.3639999999994,15.8907963267938,0.249377951159808,0.474962565127443,0.545000000064393,0.0450103375898237,1.78194881791164,2.32779250559663,9.41109024565666,0.0037822
14.34,-0.189572295211627,0.979336822042136,3.36799999855091,15.911236258123,0.999178929913791,0.000781637288721719,0.200000000265641,-0.201445116086728,0.979499803576212,3.3679999999994,15.9107963267938,0.249374656900217,0.474964685589348,0.545000000062533,0.045010603073216,1.77475783169087,2.36704436240123,9.36406596049416,0.0037278
14.36,-0.209099554971354,0.975092298336809,3.37199999855645,15.9312203717878,0.999177500603436,0.000756310562523313,0.200000000288153,-0.220993518504358,0.975275276411804,3.3719999999994,15.9307963267938,0.249371177210606,0.474966912768928,0.545000000061129,0.0450108810103392,1.76678411220608,2.40613424393032,9.31723012752453,0.0041918
14.38,-0.228538180613017,0.970458910851514,3.37599999856243,15.9512045479582,0.999175446113866,0.000731251300151224,0.20000000031016,-0.240453526461127,0.970660652140328,3.37599999999939,15.9507963267938,0.249367514551343,0.474969245152249,0.545000000060024,0.0450111712177245,1.75803104909711,2.4450465613487,9.27058024398548,0.0039021
14.4,-0.247880415428737,0.965438503234942,3.37999999856885,15.9711887926931,0.999172770789242,0.000706468142788161,0.200000000331769,-0.259817356213317,0.965657776549965,3.37999999999939,15.9707963267938,0.249363671440575,0.474971681181153,0.545000000058085,0.0450114735075743,1.74850234298512,2.48376579646128,9.22411387977442,0.0036102
14.42,-0.267118540940264,0.960033073816347,3.3839999985757,15.991173111989,0.999169479200516,0.000681969570874999,0.200000000352679,-0.279077262487206,0.960268650724248,3.38399999999939,15.9907963267938,0.249359650461127,0.474974219288007,0.545000000056696,0.0450117876911145,1.73820200400531,2.52227650791507,9.17782867612314,0.0037885
14.44,-0.286244879982242,0.954244774818018,3.38799999858295,16.0111575117784,0.999165576142552,0.000657763902560734,0.20000000037309,-0.298225541577082,0.954495430241652,3.38799999999939,16.0107963267938,0.249355454250279,0.474976857860228,0.545000000055615,0.0450121135733691,1.72713435021597,2.56056333737083,9.13172234425383,0.0037088
14.46,-0.305251799769432,0.948075911506297,3.39199999859061,16.0311419979275,0.999161066630824,0.000633859290701009,0.200000000393111,-0.317254534426615,0.948340424313397,3.39199999999939,16.0307963267937,0.249351085499608,0.474979595246186,0.545000000053925,0.0450124509556671,1.71530400588462,2.59861101564205,9.0857926640075,0.0036354
14.48,-0.324131714946667,0.941528941281506,3.39599999859867,16.0511265762345,0.999155955898094,0.000610263720210359,0.200000000412524,-0.336156629692381,0.941806094859787,3.39599999999939,16.0507963267937,0.249346546959495,0.474982429780363,0.545000000052485,0.0450127996378522,1.70271589965173,2.63640436879865,9.04003748245026,0.003528
14.5,-0.342877090620329,0.934606472707094,3.39999999860711,16.071111252427,0.999150249391244,0.00058698500646867,0.200000000431419,-0.354924266788299,0.934895055525481,3.39999999999938,16.0707963267937,0.249341841432298,0.474985359761986,0.545000000051377,0.0450131594149451,1.68937526257278,2.6739283242332,8.99445471246614,0.0042841
14.52,-0.361480445370134,0.927311264478382,3.40399999861592,16.0910960321611,0.999143952767847,0.000564030792862289,0.200000000449915,-0.373549938909764,0.927610070634066,3.40399999999938,16.0907963267937,0.249336971771933,0.474988383460077,0.545000000050499,0.0450135300787155,1.67528762603959,2.71116791668694,8.94904233133236,0.0040456
14.54,-0.379934354240012,0.919646224331296,3.4079999986251,16.1110809210185,0.999137071892694,0.000541408548613987,0.200000000468094,-0.392026196036264,0.919954054082367,3.40799999999938,16.1107963267937,0.24933194088017,0.474991499104951,0.54500000004873,0.0450139114169016,1.6604588195814,2.74810829423351,8.90379837928339,0.0038521
14.56,-0.398231451706905,0.911614407891528,3.41199999863464,16.1310659245054,0.999129612834171,0.000519125566320495,0.200000000485637,-0.410345647911296,0.911930068174927,3.41199999999938,16.1307963267937,0.249326751713398,0.474994704923157,0.545000000047447,0.0450143032168882,1.6448949685469,2.7847347242177,8.85872095806087,0.003642
14.58,-0.416364434626277,0.903219017464525,3.41599999864452,16.1510510480506,0.999121581860905,0.000497188960954965,0.200000000502718,-0.428500966998366,0.903541322399122,3.41599999999938,16.1507963267936,0.249321407272572,0.474997999102784,0.545000000046439,0.0450147052606375,1.62860249166791,2.82103259914706,8.81380822946328,0.0038199
14.6,-0.434326065153158,0.894463400766798,3.41999999865474,16.1710362970033,0.999112985438011,0.000475605667452226,0.200000000519436,-0.446484891411908,0.894791172141415,3.41999999999937,16.1707963267936,0.24931591060485,0.475001379807385,0.545000000045619,0.0450151173278332,1.61158809850575,2.8569874425339,8.76905841388607,0.003676
14.62,-0.452109173637565,0.885351049599038,3.4239999986653,16.1910216766319,0.999103830223394,0.000454382438966276,0.200000000535858,-0.464290227821938,0.885683117345242,3.42399999999937,16.1907963267936,0.249310264802001,0.475004845176331,0.545000000044905,0.045015539195435,1.59385878678122,2.8925849146854,8.72446978886068,0.0035379
14.64,-0.469706661493123,0.875885598461535,3.42799999867618,16.2110071921223,0.999094123064003,0.000433525845172255,0.200000000552024,-0.481909854331294,0.876220801111083,3.42799999999937,16.2107963267936,0.249304472998883,0.475008393325674,0.545000000044259,0.045015970637699,1.57542183958938,2.92781081843948,8.68004068759415,0.0036275
14.66,-0.487111504037741,0.866070823112457,3.43199999868737,16.2309928485759,0.999083870992013,0.000413042270649037,0.200000000567957,-0.499336723324296,0.866408008239267,3.43199999999937,16.2307963267936,0.249298538371928,0.475012022349064,0.54500000004363,0.0450164114263333,1.55628482250008,2.96265110484409,8.63576949751106,0.0037098
14.68,-0.504316753305203,0.855910639069532,3.43599999869889,16.2509786510085,0.999073081220967,0.000392937913345365,0.200000000583664,-0.516563864285704,0.856248663716109,3.43599999999937,16.2507963267935,0.249292464137642,0.475015730318622,0.545000000043,0.0450168613305506,1.53645558054546,2.99709187877783,8.59165465880051,0.0036412
14.7,-0.521315540826547,0.845409100055709,3.43999999871072,16.2709646043484,0.999061761141861,0.000373218783128121,0.200000000599144,-0.533584386588824,0.845746831143962,3.43999999999937,16.2707963267935,0.249286253551038,0.475019515285839,0.545000000042342,0.0450173201172059,1.51594223509557,3.03111940450937,8.54769466297012,0.0035925
14.72,-0.538101080380099,0.83457039638942,3.44399999872285,16.290950713435,0.999049918319176,0.000353890700414013,0.200000000614387,-0.550391482251673,0.834906711115831,3.44399999999936,16.2907963267935,0.249279909904141,0.475023375282479,0.545000000041637,0.0450177875508941,1.4947531806234,3.06472011119365,8.50388805140995,0.0036117
14.74,-0.554666670709076,0.823398853320049,3.44799999873529,16.3109369830176,0.999037560486867,0.000334959294884266,0.200000000629376,-0.566978428660077,0.823732639535196,3.44799999999936,16.3107963267935,0.249273436524407,0.475027308321454,0.545000000040886,0.045018263394032,1.4728970813605,3.09788059830265,8.4602334139676,0.0038376
14.76,-0.571005698205648,0.811898929309276,3.45199999874802,16.3309234177537,0.999024695544305,0.000316430004282187,0.200000000644095,-0.583338591256629,0.812229085881703,3.45199999999936,16.3307963267935,0.249266836773205,0.47503131239775,0.545000000040078,0.0450187474070067,1.45038286784463,3.13058764098833,8.41672938753681,0.0039564
14.78,-0.58711163956038,0.800075214258942,3.45599999876105,16.3509100222077,0.99901133155217,0.000298308073294782,0.200000000658523,-0.599465426194423,0.800400651423434,3.45599999999936,16.3507963267934,0.249260114044245,0.475035385489331,0.545000000039216,0.0450192393482673,1.42721973336063,3.16282819537596,8.37337465466247,0.0037214
14.8,-0.602978064375993,0.787932427686152,3.45999999877436,16.3708968008497,0.998997476728307,0.000280598552517221,0.200000000672641,-0.615352482954506,0.788252067376462,3.45999999999936,16.3707963267934,0.249253271762029,0.475039525557997,0.545000000038295,0.0450197389743874,1.40341713027615,3.19458940378535,8.33016794216231,0.0036644
14.82,-0.618598637744376,0.775475416846312,3.46399999878795,16.3908837580542,0.998983139443538,0.000263306297499346,0.200000000686427,-0.630993406925997,0.775788193012427,3.46399999999936,16.3907963267934,0.249246313380281,0.475043730550347,0.545000000037318,0.0450202460402582,1.37898476627347,3.22585859987809,8.28710801976854,0.0039167
14.84,-0.633967122785826,0.762709154804841,3.46799999880181,16.4108708980988,0.998968328217438,0.000246435967877489,0.200000000699862,-0.646381941947853,0.763014013714893,3.46799999999935,16.4107963267934,0.24923924238039,0.475047998398649,0.545000000036281,0.0450207602991215,1.35393260047902,3.25662331372871,8.24419369879088,0.0039098
14.86,-0.649077383149465,0.749638738458317,3.47199999881594,16.4308582251631,0.998953051714068,0.000229992026587491,0.200000000712923,-0.661511932811241,0.749934638985258,3.47199999999935,16.4307963267934,0.249232062269846,0.475052327021757,0.54500000003519,0.0450212815027187,1.32827083949213,3.28687127681766,8.2014238308021,0.003827
14.88,-0.663923385473853,0.736269386505827,3.47599999883033,16.4508457433276,0.998937318737682,0.000213978739161247,0.200000000725591,-0.676377327721546,0.736555300399024,3.47599999999935,16.4507963267934,0.249224776580648,0.475056714326009,0.545000000034041,0.04502180940137,1.30200993331448,3.31659042694414,8.15879730634834,0.003757
14.9,-0.678499201806769,0.722606437371319,3.47999999884496,16.4708334565725,0.998921138228392,0.000198400173105851,0.200000000737846,-0.690972180719008,0.722881349513237,3.47999999999935,16.4707963267933,0.249217388867771,0.475061158206134,0.545000000032842,0.0450223437441015,1.27516057118206,3.34576891305682,8.11631305368581,0.003938
14.92,-0.692799011983208,0.708655347077781,3.48399999885984,16.4908213687766,0.998904519257811,0.000183260197365355,0.200000000749669,-0.705290654057022,0.708918255725934,3.48399999999935,16.4907963267933,0.249209902707564,0.475065656546138,0.545000000031591,0.0450228842787337,1.24773367730101,3.37439510000048,8.07397003754443,0.0038757
14.94,-0.706817105960609,0.694421687074071,3.48799999887494,16.5108094837166,0.998887471024654,0.00016856248186428,0.200000000761042,-0.719327020537164,0.69467160408846,3.48799999999934,16.5107963267933,0.249202321696188,0.475070207220269,0.545000000030298,0.045023430752049,1.21974040648939,3.40245757317665,8.03176725792083,0.0036767
14.96,-0.720547886110381,0.679911142015263,3.49199999889027,16.5307978050661,0.998870002850325,0.000154310497134896,0.200000000771949,-0.733075665799991,0.680147093071514,3.49199999999934,16.5307963267933,0.249194649448054,0.475074808093823,0.545000000028958,0.0450239829097785,1.1911921397262,3.42994514311642,7.98970374890172,0.0036296
14.98,-0.733985869464783,0.665129507497386,3.49599999890582,16.5507863363943,0.998852124174468,0.00014050751402305,0.200000000782373,-0.746531090570711,0.665350532285848,3.49599999999934,16.5507963267933,0.249186889594249,0.475079457024113,0.545000000027573,0.0450245404968339,1.1621004796098,3.45684684996353,7.94777857751837,0.003791
15,-0.747125689918261,0.650082687747439,3.49999999892156,16.5707750811655,0.998833844550501,0.000127156603478496,0.2000000007923,-0.759687912858819,0.650287840158489,3.49999999999934,16.5707963267932,0.249179045780971,0.475084151861349,0.545000000026148,0.0450251032573449,1.13247724572729,3.48315196786594,7.90599084263368,0.0038539
15.02,-0.759962100382331,0.634776693269614,3.5039999989375,16.5907640427385,0.998815173641126,0.000114260636424899,0.200000000801713,-0.77254087011082,0.634965041565456,3.50399999999934,16.5907963267932,0.249171121667955,0.475088890449526,0.54500000002468,0.0450256709347834,1.10233446993673,3.50885000927417,7.86433967386306,0.003767
15.04,-0.772489974893145,0.619217638448632,3.50799999895363,16.6107532243652,0.998796121213819,0.000101822283710628,0.200000000810598,-0.785084821315186,0.619388265421885,3.50799999999934,16.6107963267932,0.249163120926931,0.475093670627317,0.545000000023177,0.0450262432720652,1.07168439156418,3.53393072914457,7.8228242305296,0.0035798
15.06,-0.784704310670865,0.603411739111169,3.51199999896992,16.6307426291904,0.998776697136298,8.98440161398232e-05,0.200000000818942,-0.797314749058684,0.603563742230546,3.51199999999933,16.6307963267932,0.249155047240047,0.475098490228953,0.545000000021645,0.0450268200116484,1.04053945251738,3.55838412904592,7.78144370065476,0.0038719
15.08,-0.796600230130027,0.587365310046313,3.51599999898638,16.6507322602511,0.998756911371985,7.83281045832646e-05,0.200000000826734,-0.809225761533281,0.587497801589724,3.51599999999933,16.6507963267932,0.249146904298342,0.475103347085127,0.545000000020071,0.0450274008956681,1.00891229231796,3.58220046116763,7.74019729998508,0.0040134
15.1,-0.808172982840054,0.571084762486057,3.51999999900298,16.6707221204756,0.998736773975443,6.72766201693043e-05,0.200000000833959,-0.820813094492798,0.571196869661465,3.51999999999933,16.6707963267932,0.249138695800172,0.475108239023864,0.54500000001847,0.0450279856660076,0.976815743054347,3.60537023222802,7.69908427105578,0.0040046
15.12,-0.819417947435132,0.55457660154681,3.52399999901973,16.6907122126833,0.998716295087808,5.66914345529174e-05,0.200000000840608,-0.832072113158548,0.5546674666012,3.52399999999933,16.6907963267931,0.249130425449681,0.475113163871399,0.545000000016831,0.0450285740644205,0.944262824257161,3.62788420728095,7.65810388229186,0.0039673
15.14,-0.830330633472656,0.537847423632948,3.5279999990366,16.7107025395837,0.998695484932206,4.65742202635076e-05,0.200000000846668,-0.842998314073182,0.537916203949761,3.52799999999933,16.7107963267931,0.249122096955267,0.475118119453076,0.545000000015175,0.0450291658326472,0.911266737699307,3.64973341341943,7.61725542714666,0.0042398
15.16,-0.8409066832395,0.52090391380345,3.53199999905359,16.7306931037763,0.998674353809166,3.69264511310844e-05,0.200000000852131,-0.853587326902015,0.520949781988864,3.53199999999933,16.7307963267931,0.249113714028051,0.475123103594156,0.545000000013486,0.0450297607124638,0.877840862122736,3.67090914337455,7.57653822327959,0.0040378
15.18,-0.851141873505363,0.503752843102644,3.53599999907068,16.7506839077502,0.998652912092022,2.77494027879248e-05,0.200000000856986,-0.863834916181101,0.503774987061075,3.53599999999932,16.7507963267931,0.249105280380359,0.475128114120745,0.545000000011776,0.0450303584458561,0.843998747894025,3.69140295900846,7.53595161177156,0.0038725
15.2,-0.861032117222466,0.486401065856136,3.53999999908786,16.7706749538834,0.998631170222314,1.90441532492974e-05,0.200000000861225,-0.87373698301136,0.486398688855373,3.53999999999932,16.7707963267931,0.249096799724195,0.475133148860615,0.545000000010042,0.0450309587750737,0.809754111590884,3.71120669469975,7.49549495637992,0.003883
15.22,-0.870573465170922,0.468855516933011,3.54399999910512,16.7906662444428,0.998609138705182,1.08115835686681e-05,0.20000000086484,-0.883289566698087,0.468827837659358,3.54399999999932,16.790796326793,0.24908827576976,0.475138205644076,0.545000000008289,0.0450315614427545,0.775120830521774,3.73031246062009,7.45516764283229,0.0040522
15.24,-0.879762107549081,0.451123208975377,3.54799999912245,16.8106577815834,0.998586828104763,3.05237856895249e-06,0.200000000867824,-0.892488846335173,0.451069461579233,3.54799999999932,16.810796326793,0.249079712223932,0.475143282304814,0.545000000006516,0.0450321661920099,0.740112937180792,3.74871264590067,7.41496907815929,0.0040578
15.26,-0.888594375508213,0.433211229596364,3.55199999913983,16.8306495673489,0.998564249039588,-4.23297235185624e-06,0.20000000087017,-0.901331142333418,0.433130663728657,3.55199999999932,16.830796326793,0.2490711127888,0.47514837668073,0.545000000004729,0.0450327727665327,0.704744613640066,3.76639992168717,7.37489869006692,0.0040623
15.28,-0.897066742630889,0.415126738547709,3.55599999915725,16.8506416036704,0.998541412177978,-1.10441743408018e-05,0.200000000871873,-0.909812917892319,0.415018619387587,3.55599999999931,16.850796326793,0.249062481160173,0.475153486614792,0.545000000002925,0.0450333809107052,0.669030185881882,3.78336724408205,7.33495592634716,0.0040878
15.3,-0.905175826352456,0.396876964858039,3.5599999991747,16.8706338923674,0.998518328233449,-1.73811261365047e-05,0.200000000872926,-0.91793078041474,0.396740573132271,3.55999999999931,16.870796326793,0.249053821026123,0.475158609955839,0.545000000001108,0.0450339903696769,0.632984118072808,3.79960785697299,7.29514025432816,0.0039041
15.32,-0.912918389325015,0.378469203943007,3.56399999919216,16.8906264351468,0.998495007960124,-2.32439190439524e-05,0.200000000873324,-0.925681482863911,0.378303835937505,3.56399999999931,16.890796326793,0.249045136065535,0.475163744559418,0.544999999999282,0.0450346008894767,0.596621006782115,3.8151152947462,7.25545116036267,0.0038261
15.34,-0.920291340723339,0.359910814688437,3.56799999920963,16.9106192336031,0.998471462148146,-2.86328358368446e-05,0.200000000873066,-0.933061925062192,0.359715782252349,3.56799999999931,16.9107963267929,0.249036429946649,0.475168888288602,0.544999999997451,0.0450352122171167,0.559955575146791,3.82988338488372,7.21588814935466,0.0037972
15.36,-0.9272917374922,0.341209216507642,3.57199999922708,16.9306122892188,0.99844770161911,-3.35483495889103e-05,0.200000000872148,-0.940069154931109,0.340983847050438,3.57199999999931,16.9307963267929,0.249027706325654,0.475174039014787,0.544999999995616,0.045035824100672,0.523002666985494,3.8439062504434,7.17645074432412,0.0038708
15.38,-0.933916785534573,0.322371886374089,3.5759999992445,16.9506056033635,0.998423737221502,-3.79911224356033e-05,0.20000000087057,-0.946700369672142,0.322115522856098,3.57599999999931,16.9507963267929,0.249018968845243,0.4751791946185,0.544999999993781,0.0450364362893796,0.485777240863788,3.85717831242076,7.13713848600893,0.0038626
15.4,-0.94016384084024,0.303406355830613,3.5799999992619,16.9705991772952,0.998399579826149,-4.19620042660857e-05,0.200000000868331,-0.952952916887811,0.303118356747432,3.5799999999993,16.9707963267929,0.249010221133239,0.475184352990177,0.544999999991936,0.045037048533742,0.448294364113044,3.86969429199166,7.09795093250377,0.0038061
15.42,-0.946030410554316,0.284320207976362,3.58399999927923,16.9905930121592,0.998375240321692,-4.54620313472304e-05,0.200000000865428,-0.958824295642595,0.28399994733759,3.5839999999993,16.9907963267929,0.249001466801181,0.475189512030971,0.544999999990105,0.0450376605856158,0.410569206805395,3.88144921263488,7.05888765893528,0.003786
15.44,-0.951514153985253,0.2651210744327,3.58799999929651,17.0105871089892,0.998350729610068,-4.84924248792988e-05,0.200000000861866,-0.964312157463276,0.26476794173543,3.5879999999993,17.0107963267928,0.24899270944296,0.47519466965349,0.544999999988279,0.0450382721982853,0.372617035687164,3.89243840213375,7.01994825717264,0.0045491
15.46,-0.956612883551903,0.245816632289264,3.5919999993137,17.0305814687067,0.998326058602016,-5.10545894862445e-05,0.200000000857646,-0.969414307278297,0.245430032486767,3.5919999999993,17.0307963267928,0.248983952616934,0.475199823739137,0.544999999982404,0.0450388831235532,0.334453208073181,3.90265749445604,6.98113233557413,0.0039167
15.48,-0.96132456566927,0.226414601031431,3.59599999933079,17.0505760921221,0.998301238211927,-5.31501133855314e-05,0.200000000851312,-0.974128704295759,0.225993954497467,3.5959999999993,17.0507963267928,0.248975199878639,0.475204972228074,0.544999999973797,0.0450394931200643,0.296093165704448,3.91210243151127,6.94243951876296,0.0038625
15.5,-0.965647321572543,0.20692273945041,3.59999999934772,17.0705709799341,0.998276279354077,-5.47807648028197e-05,0.200000000841879,-0.978453462819713,0.20646748193958,3.59999999999929,17.0707963267928,0.248966454779196,0.475210113119725,0.544999999967777,0.0450401019495576,0.25755242857161,3.92076946478486,6.90386944744236,0.0040733
15.52,-0.96957942807905,0.187348842537172,3.60399999936444,17.0905661327306,0.998251192938914,-5.59484885010786e-05,0.200000000830278,-0.982386853004413,0.18685842514178,3.60399999999929,17.0907963267928,0.248957720828456,0.475215244380034,0.544999999963649,0.0450407093697732,0.218846588706694,3.92865515684822,6.86542177824237,0.0039439
15.54,-0.973119318287843,0.167700738361508,3.60799999938092,17.1105615509892,0.998225989867928,-5.66554060633304e-05,0.200000000817192,-0.985927301546228,0.167174627465336,3.60799999999929,17.1107963267928,0.248949001511969,0.47522036399013,0.544999999960908,0.0450413151422279,0.179991303945629,3.9357563827444,6.82709618359391,0.0039945
15.56,-0.976265582216621,0.147986284937458,3.61199999939712,17.1305572350773,0.998200681029284,-5.69038140039183e-05,0.200000000803119,-0.989073392312948,0.147423962166871,3.61199999999929,17.1307963267927,0.248940300289701,0.475225469947106,0.544999999959165,0.045041919030694,0.141002291664027,3.94207033124862,6.78889235163486,0.0037992
15.58,-0.979016967375724,0.128213367076389,3.61599999941304,17.1505531852525,0.998175277293466,-5.66961818676125e-05,0.200000000788419,-0.991823866910212,0.127614329249166,3.61599999999929,17.1507963267927,0.248931620594783,0.475230560264761,0.544999999958147,0.0450425208010877,0.101895322488747,3.9475945060031,6.7508099861454,0.0040414
15.6,-0.981372379278944,0.108389893228963,3.61999999942865,17.1705494016635,0.998149789508965,-5.60351502764496e-05,0.200000000773352,-0.994177625184856,0.107753652301263,3.61999999999929,17.1707963267927,0.248922965832201,0.475235632973906,0.544999999957605,0.0450431202214102,0.0626862139877634,3.95232672652585,6.71284880651111,0.003948
15.62,-0.983330881890929,0.0885237923172773,3.62399999944397,17.1905458843501,0.998124228497987,-5.49235289351241e-05,0.200000000758089,-0.996133725664951,0.0878498753291352,3.62399999999928,17.1907963267927,0.248914339377655,0.475240686123583,0.544999999957378,0.045043717061956,0.0233908243408666,3.95626512909291,6.67500854771303,0.0039403
15.64,-0.984891698011,0.0686230105584614,3.62799999945898,17.2105426332445,0.998098605052205,-5.33642945570457e-05,0.200000000742746,-0.997691385936387,0.0679109595781919,3.62799999999928,17.2107963267927,0.248905744576319,0.475245717781511,0.544999999957352,0.045044311095282,-0.015974954006259,3.95940816749369,6.6372889603431,0.0037978
15.66,-0.986054209593196,0.0486955082809949,3.63199999947368,17.2305396481709,0.998072929928541,-5.13605887444662e-05,0.200000000727392,-0.998849982955824,0.0479448803488845,3.63199999999928,17.2307963267926,0.24889718474165,0.475250726034782,0.544999999957447,0.0450449020963515,-0.055395200702036,3.96175461365917,6.59968981064416,0.0039686
15.68,-0.986817958002427,0.0287492567350432,3.63599999948807,17.2505369288473,0.998047213844986,-4.89157158117132e-05,0.200000000712073,-0.999609053299902,0.027959623806694,3.63599999999928,17.2507963267926,0.248888663154229,0.475255708990489,0.544999999957612,0.0450454898425706,-0.0948539738605186,3.96330355816252,6.56221088057277,0.0037944
15.7,-0.987182644206605,0.0087922348980917,3.63999999950216,17.2705344748853,0.998021467476459,-4.60331405555671e-05,0.200000000696814,-0.999968293350603,0.00796318378777072,3.63999999999928,17.2707963267926,0.248880183060594,0.475260664776413,0.544999999957804,0.0450460741139065,-0.134335316441884,3.96405441059211,6.52485196788376,0.0036417
15.72,-0.987148128904662,-0.0111675737228307,3.64399999951595,17.2905322857915,0.997995701450703,-4.27164859714025e-05,0.200000000681623,-0.999927559416699,-0.0120364413984935,3.64399999999928,17.2907963267926,0.248871747672135,0.475265591541592,0.544999999957999,0.0450466546929086,-0.173823262639326,3.96400689979667,6.48761288623531,0.0036343
15.74,-0.986714432590405,-0.0311221842910488,3.64799999952943,17.3105303609676,0.997969926344225,-3.89695309198583e-05,0.200000000666503,-0.999486867791218,-0.0320312521686823,3.64799999999927,17.3107963267926,0.248863360163961,0.47527048745701,0.54499999995818,0.0450472313648483,-0.213301844269787,3.9631610740025,6.45049346531269,0.0037093
15.76,-0.985881735552164,-0.0510636138409662,3.65199999954261,17.3305286997119,0.997944152678278,-3.47962077404851e-05,0.200000000651448,-0.998646394744935,-0.0520132508650815,3.65199999999927,17.3307963267926,0.248855023673834,0.475275350716144,0.544999999958346,0.0450478039177234,-0.252755097165962,3.96151730080257,6.4134935509698,0.0036525
15.78,-0.984650377808215,-0.0709838844783252,3.65599999955549,17.3505273012197,0.997918390914889,-3.02005998187652e-05,0.200000000636453,-0.997406476455863,-0.0719744449546356,3.65599999999927,17.3507963267925,0.248846741301092,0.475280179535602,0.544999999958482,0.0450483721423817,-0.292167067566999,3.95907626701774,6.37661300538666,0.0036071
15.8,-0.983020858978009,-0.0908750265787091,3.65999999956807,17.3705261645845,0.997892651452923,-2.518693910304e-05,0.200000000621506,-0.995767608874785,-0.0919068502258546,3.65999999999927,17.3707963267925,0.248838516105607,0.475284972155676,0.544999999958606,0.0450489358325487,-0.331521818505337,3.9558389784299,6.33985170724177,0.0036766
15.82,-0.980993838089238,-0.110729081982994,3.66399999958035,17.3905252887986,0.99786694462421,-1.97596035762071e-05,0.200000000606604,-0.993730447526883,-0.111802493982392,3.66399999999927,17.3907963267925,0.248830351106763,0.475289726840947,0.544999999958704,0.0450494947849481,-0.370803436187109,3.95180675938725,6.30320955189765,0.0039015
15.84,-0.978570133320806,-0.130538107188459,3.66799999959233,17.4105246727542,0.997841280689704,-1.39231146805123e-05,0.200000000591738,-0.991295807249533,-0.131653418232016,3.66799999999927,17.4107963267925,0.24882224928245,0.475294441880815,0.544999999958791,0.0450500487993008,-0.40999603636354,3.94698125228185,6.2666864515979,0.0037353
15.86,-0.975750721681807,-0.150294176534258,3.67199999960402,17.4305243152447,0.997815669835702,-7.68213469954623e-06,0.200000000576902,-0.988464661866385,-0.151451682869704,3.67199999999926,17.4307963267925,0.248814213568104,0.475299115590053,0.544999999958869,0.0450505976784523,-0.449083770690796,3.94136441689965,6.23028233567486,0.0036943
15.88,-0.972536738626621,-0.169989385379982,3.67599999961541,17.4505242149651,0.99779012217011,-1.04146409646988e-06,0.200000000562095,-0.985238143797846,-0.171189368853573,3.67599999999926,17.4507963267924,0.248806246855723,0.475303746309351,0.544999999958938,0.0450511412283875,-0.488050833075699,3.9349585296432,6.19399715076591,0.0035888
15.9,-0.968929477606284,-0.189615853276,3.6799999996265,17.4705243705138,0.997764647718763,5.99396118931262e-06,0.200000000547313,-0.981617543608121,-0.190858581372395,3.67999999999926,17.4707963267924,0.248798351992966,0.475308332405827,0.544999999959018,0.0450516792583281,-0.526881466004782,3.9277661826274,6.15783086103701,0.00383
15.92,-0.964930389556299,-0.209165727124318,3.6839999996373,17.490524780393,0.997739256421794,1.34190724859607e-05,0.20000000053256,-0.977604309489013,-0.210451453003416,3.68399999999926,17.4907963267924,0.248790531782223,0.475312872273528,0.54499999995911,0.0450522115807637,-0.56555996685412,3.91979028264864,6.12178344841211,0.003804
15.94,-0.960541082321082,-0.228631184328668,3.6879999996478,17.5105254430103,0.997713958130058,2.12286711714016e-05,0.200000000517839,-0.97320004668066,-0.229960146859217,3.68799999999926,17.5107963267924,0.248782788979735,0.475317364333947,0.544999999959209,0.0450527380115369,-0.604070694177413,3.91103405002765,6.08585491280689,0.0037787
15.96,-0.955763320015281,-0.248004435932551,3.69199999965801,17.5305263566799,0.997688762601623,2.94174314943502e-05,0.200000000503154,-0.968406516829464,-0.24937685972237,3.69199999999926,17.5307963267924,0.248775126294736,0.475321807036484,0.544999999959323,0.045053258369879,-0.642398073969775,3.90150101732668,6.05004527236524,0.0038187
15.98,-0.950599022322211,-0.267277729743962,3.69599999966793,17.5505275196232,0.997663679498299,3.79799034308839e-05,0.200000000488511,-0.963225637283452,-0.268693825166615,3.69599999999925,17.5507963267924,0.248767546388612,0.475326198858923,0.544999999959455,0.0450537724784744,-0.680526605904721,3.89119502794133,6.01435456369728,0.0038065
16,-0.945050263729674,-0.286443353445538,3.69999999967755,17.5705289299709,0.997638718382238,4.69105155763361e-05,0.200000000473915,-0.957659480325365,-0.287903316663329,3.69999999999925,17.5707963267923,0.248760051874095,0.475330538307879,0.544999999959618,0.0450542801635038,-0.718440869541841,3.88012023456772,5.97878284211704,0.0037355
16.02,-0.939119272703482,-0.305493637688865,3.70399999968689,17.5905305857635,0.997613888712593,5.62035780710068e-05,0.200000000459377,-0.951710272343771,-0.306997650672039,3.70399999999925,17.5907963267923,0.248752645314455,0.475334823919237,0.544999999959804,0.0450547812547058,-0.756125530502655,3.86828109754558,5.9433301818786,0.0036473
16.04,-0.932808430798996,-0.32442095917169,3.70799999969593,17.6105324849531,0.997589199842229,6.58532855581204e-05,0.200000000444907,-0.945380392942541,-0.325969189713728,3.70799999999925,17.6107963267923,0.248745329222765,0.475339054258624,0.544999999960016,0.0450552755854616,-0.793565346612173,3.85568238307789,5.90799667640949,0.0037266
16.06,-0.926120271711046,-0.34321774369679,3.71199999970468,17.6305346254044,0.997564661014504,7.58537201739685e-05,0.200000000430512,-0.938672373989038,-0.344810345425729,3.71199999999926,17.6307963267923,0.248738106061127,0.475343227921743,0.544999999960256,0.0450557629927392,-0.830745174003675,3.84232916132777,5.87278243853938,0.0043989
16.08,-0.919057480262601,-0.361876469211272,3.71599999971315,17.650537004896,0.997540281360102,8.61988545650257e-05,0.200000000416204,-0.931588898601405,-0.36351358159697,3.71599999999926,17.6507963267923,0.248730978239995,0.475347343534839,0.54499999996053,0.0450562433172616,-0.867649973184272,3.82822680439345,5.83768760072305,0.0045542
16.1,-0.911622891332596,-0.380389668825043,3.71999999972133,17.6705396211223,0.997516069893945,9.68825549364878e-05,0.200000000401995,-0.924132800075352,-0.382071417182356,3.71999999999926,17.6707963267923,0.248723948117452,0.475351399755059,0.544999999960826,0.0450567164034717,-0.904264815058787,3.81338098416204,5.80271231525617,0.0040026
16.12,-0.903819488723346,-0.398749933807267,3.72399999972923,17.6905424716943,0.997492035512149,0.000107898584125866,0.200000000387893,-0.916307060750876,-0.400476429295086,3.72399999999926,17.6907963267923,0.248717017998563,0.475355395270828,0.544999999961158,0.0450571820996141,-0.940574886909544,3.79779767004301,5.76785675448261,0.0038683
16.14,-0.895650403967996,-0.416949916559555,3.72799999973685,17.7105455541411,0.997468186989062,0.000119240604702868,0.200000000373909,-0.908114810819364,-0.418721256175714,3.72799999999926,17.7107963267923,0.248710190134734,0.475359328802211,0.544999999961516,0.0450576402577577,-0.97656549832965,3.78148312658231,5.7331211109918,0.0039853
16.16,-0.887118915078494,-0.434982333564715,3.73199999974419,17.7305488659119,0.997444532974361,0.000130902182093185,0.200000000360055,-0.899559327071561,-0.436798600136747,3.73199999999926,17.7307963267923,0.248703466723096,0.47536319910126,0.544999999961895,0.0450580907338443,-1.01222208710739,3.76444391095796,5.69850559780491,0.0037542
16.18,-0.878228445234574,-0.452839968309839,3.73599999975125,17.7505524043766,0.997421081990211,0.000142876787725436,0.200000000346337,-0.890644031586894,-0.45470123048163,3.73599999999926,17.7507963267923,0.248696849905926,0.475367004952331,0.544999999962294,0.0450585333877121,-1.04753022505934,3.7466868703583,5.6640104485489,0.0035731
16.2,-0.868982561414292,-0.470515674182575,3.73999999975804,17.7705561668282,0.997397842428502,0.000155157802199086,0.200000000332763,-0.881372490364689,-0.472421986396922,3.73999999999927,17.7707963267923,0.248690341770063,0.475370745172409,0.544999999962718,0.0450589680831507,-1.0824756238099,3.72821913924378,5.62963591761648,0.0035461
16.22,-0.859384972966654,-0.488002377339371,3.74399999976456,17.7905601504835,0.997374822548148,0.000167738518472804,0.200000000319342,-0.871748411897814,-0.489953779816532,3.74399999999927,17.7907963267923,0.248683944346401,0.475374418611421,0.544999999963162,0.0450593946879375,-1.11704414051487,3.70904813649347,5.59538228031168,0.0035173
16.24,-0.849439530126913,-0.505293079544567,3.74799999977082,17.8105643524855,0.997352030472452,0.000180612145071643,0.20000000030608,-0.861775645689339,-0.507289598256845,3.74799999999927,17.8107963267923,0.248677659609352,0.475378024152504,0.544999999963622,0.0450598130738418,-1.15122178352678,3.68918156243746,5.56124983297929,0.0038636
16.26,-0.839150222475136,-0.522380860979154,3.75199999977681,17.8305687699039,0.99732947418655,0.000193771809310796,0.200000000292984,-0.851458180712776,-0.524422507621627,3.75199999999927,17.8307963267923,0.248671489476382,0.475381560712292,0.544999999964093,0.0450602231166871,-1.18499471799968,3.66862739577623,5.52723889311724,0.0037406
16.28,-0.828521177338661,-0.539258883018081,3.75599999978254,17.850573399738,0.997307161534919,0.000207210560535884,0.200000000280057,-0.840800143816554,-0.541345654975568,3.75599999999927,17.8507963267923,0.248665435807539,0.475385027241165,0.544999999964582,0.045060624696356,-1.21834927143121,3.64739389038834,5.4933497994708,0.0035177
16.3,-0.817556658139083,-0.555920390974973,3.75999999978801,17.8705782389169,0.997285100218953,0.000220921373377206,0.200000000267307,-0.829805798073324,-0.558052271285365,3.75999999999927,17.8707963267923,0.248659500405022,0.475388422723515,0.544999999965075,0.0450610176968479,-1.25127193913957,3.62548957202768,5.45958291210784,0.0034378
16.32,-0.806261062684441,-0.572358716813161,3.76399999979323,17.8905832843023,0.997263297794623,0.000234897151017907,0.200000000254734,-0.818479541074796,-0.574535674127245,3.76399999999927,17.8907963267923,0.248653685012789,0.475391746177939,0.544999999965567,0.0450614020062532,-1.28374938967335,3.60292323491158,5.42593861247364,0.0033987
16.34,-0.794638921407295,-0.588567281821905,3.76799999979821,17.9105885326896,0.997241761670198,0.000249130728472421,0.200000000242338,-0.806825903172753,-0.590789270359849,3.76799999999927,17.9107963267923,0.248647991316151,0.475394996657489,0.544999999966063,0.0450617775168361,-1.31576847015192,3.57970393820118,5.39241730342499,0.0035511
16.36,-0.782694895549404,-0.604539599256745,3.77199999980293,17.9305939808094,0.99722049910404,0.000263614875876755,0.20000000023012,-0.794849545666976,-0.606806558761393,3.77199999999928,17.9307963267923,0.248642420941448,0.475398173249855,0.54499999996656,0.0450621441250175,-1.34731621153425,3.55584100237547,5.35901940924211,0.0033982
16.38,-0.770433775293734,-0.620269276942905,3.77599999980741,17.9505996253296,0.997199517202481,0.000278342301786584,0.200000000218082,-0.782555258940787,-0.62258113263008,3.77599999999928,17.9507963267923,0.248636975455688,0.475401275077546,0.544999999967053,0.0450625017313958,-1.37837983381414,3.53134400550042,5.32574537561794,0.0033907
16.4,-0.757860477844557,-0.635750019840692,3.77999999981165,17.9706054628569,0.997178822917766,0.00029330565648306,0.200000000206221,-0.769947960544952,-0.638106682346686,3.77999999999928,17.9707963267923,0.248631656366277,0.475404301298082,0.544999999967533,0.045062850240797,-1.40894675113962,3.50622277939479,5.29259566962383,0.0033718
16.42,-0.744980045456415,-0.650975632571845,3.78399999981566,17.9906114899386,0.99715842304607,0.000308497535285284,0.200000000194533,-0.757032693230736,-0.65337699789833,3.78399999999928,17.9907963267923,0.248626465120715,0.47540725110414,0.544999999968001,0.0450631895622575,-1.43900457685453,3.48048740569407,5.25957077965098,0.0035866
16.44,-0.731797643412745,-0.665940021905833,3.78799999981944,18.0106177030641,0.997138324225596,0.000323910481866913,0.200000000183014,-0.743814622932862,-0.668385971362392,3.78799999999928,18.0107963267923,0.248621403106365,0.475410123723681,0.544999999968455,0.0450635196090411,-1.46854112846032,3.45414821181411,5.22667121532681,0.0034768
16.46,-0.718318557954983,-0.680637199205073,3.79199999982298,18.0306240986668,0.997118532934746,0.000339536991575868,0.200000000171657,-0.730299036703212,-0.683127599349603,3.79199999999928,18.0307963267923,0.248616471650222,0.4754129184201,0.544999999968893,0.045063840298676,-1.4975444324959,3.42721576681623,5.19389750740615,0.003402
16.48,-0.704548194162986,-0.695061282828085,3.79599999982631,18.0506306731259,0.997099055490362,0.000355369514756917,0.200000000160458,-0.716491340596072,-0.697595985405321,3.79599999999928,18.0507963267923,0.24861167201871,0.475415634492322,0.544999999969306,0.0450641515529346,-1.52600272933376,3.39970087717527,5.16125020763571,0.0033513
16.5,-0.690492073787629,-0.70920650048962,3.79999999982941,18.0706374227683,0.99707989804605,0.000371400460073965,0.200000000149408,-0.702397057505785,-0.711785342368033,3.79999999999929,18.0707963267923,0.248607005417527,0.475418271274894,0.544999999969695,0.0450644532978702,-1.5539044778903,3.37161458245238,5.12872988859241,0.0035356
16.52,-0.676155833036457,-0.723067191576796,3.80399999983228,18.09064434387,0.997061066590581,0.000387622197831719,0.200000000138499,-0.688021824957665,-0.725689994684143,3.80399999999929,18.0907963267923,0.248602472991463,0.475420828138109,0.544999999970063,0.0450647454638182,-1.58123836024857,3.34296815087434,5.09633714349422,0.0034983
16.54,-0.661545220313279,-0.736637809420307,3.80799999983495,18.110651432658,0.997042566946358,0.00040402706329611,0.200000000127721,-0.673371392853065,-0.739304380678117,3.80799999999929,18.1107963267923,0.248598075824326,0.475423304488011,0.544999999970395,0.0450650279853769,-1.60799328619143,3.31377307482106,5.06407258598388,0.0034817
16.56,-0.646666093912636,-0.749912923519796,3.81199999983739,18.1306586853125,0.997024404767974,0.000420607360009397,0.200000000117064,-0.658451621169489,-0.75262305477708,3.81199999999929,18.1307963267923,0.248593814938803,0.475425699766493,0.544999999970704,0.0450653008014366,-1.63415839764348,3.28404106622318,5.03193684988445,0.0033602
16.58,-0.631524419670061,-0.762887221722472,3.81599999983963,18.1506660979681,0.997006585540837,0.000437355363102029,0.200000000106517,-0.643268477616684,-0.765640689688973,3.81599999999929,18.1507963267923,0.24858969129642,0.475428013451319,0.544999999970983,0.0450655638551851,-1.65972307301982,3.2537840518716,4.9999305889268,0.0035003
16.6,-0.616126268569092,-0.775555512354122,3.81999999984165,18.1706736667162,0.996989114579872,0.000454263322597673,0.200000000096071,-0.627828035249631,-0.778352078533398,3.81999999999929,18.1707963267923,0.248585705797477,0.475430245056158,0.544999999971218,0.0450658170940916,-1.68467693147999,3.22301416864075,4.96805447644878,0.0035327
16.62,-0.600477814306,-0.787912726301622,3.82399999984347,18.1906813876064,0.996971997028309,0.000471323466710773,0.200000000085709,-0.612136470039408,-0.790752136924298,3.82399999999929,18.1907963267923,0.248581859281043,0.475432394130571,0.544999999971414,0.0450660604699033,-1.70900983708531,3.19174375862771,4.93630920506563,0.0034292
16.64,-0.58458533081323,-0.799953919046133,3.82799999984508,18.2106892566484,0.996955237856539,0.000488528005134815,0.200000000075419,-0.596200058402881,-0.802835905003651,3.82799999999929,18.2107963267923,0.248578152524958,0.475434460260016,0.544999999971577,0.0450662939386547,-1.73271190285798,3.15998536420886,4.90469548631239,0.0034367
16.66,-0.568455189742545,-0.81167427264615,3.83199999984649,18.2306972698143,0.996938841861049,0.000505869132320851,0.200000000065186,-0.58002517469222,-0.814598549425338,3.8319999999993,18.2307963267923,0.24857458624585,0.475436443065851,0.544999999971691,0.0450665174606707,-1.75577349474036,3.12775172301634,4.87321405025661,0.0033896
16.68,-0.552093857908903,-0.823069097669607,3.83599999984769,18.2507054230396,0.996922813663442,0.000523339030745085,0.200000000054995,-0.56361828864525,-0.826035365288424,3.8359999999993,18.2507963267923,0.248571161099217,0.475438342205253,0.544999999971762,0.0450667310005245,-1.77818523545273,3.09505576283608,4.84186564508293,0.0040781
16.7,-0.535507894696096,-0.834133835074255,3.83999999984869,18.2707137122259,0.996907157709521,0.000540929874162106,0.200000000044829,-0.546985962797632,-0.837141778019054,3.8399999999993,18.2707963267923,0.248567877679473,0.475440157371216,0.544999999971793,0.0450669345270743,-1.79993800824804,3.06191059642972,4.81065103664901,0.003507
16.72,-0.518703949425209,-0.844864058035559,3.84399999984948,18.2907221332422,0.996891878268464,0.00055863383084583,0.200000000034674,-0.530134849857944,-0.847913345200217,3.8439999999993,18.2907963267923,0.248564736520088,0.475441888292448,0.544999999971771,0.045067128013408,-1.82102296056218,3.02832951628222,4.77957100801277,0.0034349
16.74,-0.501688758686954,-0.855255473721379,3.84799999985008,18.3107306819271,0.996876979432066,0.000576443066813614,0.200000000024512,-0.513071690046685,-0.858345758348662,3.8479999999993,18.3107963267923,0.248561738093683,0.475443534733318,0.544999999971706,0.0450673114368712,-1.84143150755823,2.99432598927748,4.74862635893099,0.0033979
16.76,-0.484469143638975,-0.865303925012715,3.85199999985046,18.3307393540904,0.996862465114065,0.000594349749034843,0.200000000014326,-0.495803308400272,-0.868434844638225,3.8519999999993,18.3307963267923,0.248558882812209,0.475445096493756,0.54499999997159,0.0450674847790231,-1.8611553355633,2.9599136513041,4.71781790533018,0.0037394
16.78,-0.467052007269205,-0.875005392169832,3.85599999985065,18.350748145515,0.996848339049537,0.000612346048621224,0.200000000004098,-0.478336612041121,-0.87817656856891,3.8559999999993,18.3507963267923,0.248556171027103,0.475446573409145,0.544999999971422,0.0450676480256412,-1.88018640539658,2.92510630179331,4.68714647874911,0.0035108
16.8,-0.449444331626393,-0.884355994443085,3.85999999985063,18.370757051959,0.996834604794381,0.000630424143998096,0.19999999999381,-0.460678587414892,-0.887567033581032,3.85999999999931,18.3707963267923,0.248553603029505,0.475447965350221,0.544999999971203,0.0450678011667086,-1.89851695558728,2.88991789819138,4.65661292575428,0.0034581
16.82,-0.431653175018917,-0.893351991627805,3.8639999998504,18.3907660691573,0.996821265724863,0.000648576224055824,0.199999999983444,-0.442836297495996,-0.896602483613791,3.86399999999931,18.3907963267923,0.248551179050468,0.475449272222903,0.544999999970932,0.0450679441963558,-1.91613950548117,2.85436255036878,4.62621810732743,0.0034092
16.84,-0.413685669183018,-0.901989785562619,3.86799999984996,18.4107751928236,0.996808325037252,0.00066679449127867,0.199999999972979,-0.424816878962507,-0.905279304607646,3.86799999999931,18.4107963267923,0.248548899261215,0.475450493968166,0.544999999970606,0.0450680771128812,-1.93304685823437,2.8184545149682,4.59596289822686,0.0035278
16.86,-0.395549016421614,-0.910265921570601,3.87199999984932,18.4307844186523,0.996795785747525,0.000685071164852102,0.199999999962397,-0.406627539341584,-0.913594025949888,3.87199999999931,18.4307963267923,0.248546763773404,0.475451630561896,0.544999999970225,0.0450681999187341,-1.94923210369337,2.7822081896938,4.56584818632259,0.0040626
16.88,-0.377250486714826,-0.918177089842683,3.87599999984846,18.4507937423202,0.996783650691147,0.000703398483746285,0.199999999951678,-0.388275554126552,-0.921543321862841,3.87599999999931,18.4507963267923,0.248544772639412,0.475452682014689,0.544999999969792,0.0450683126204465,-1.96468862116002,2.74563810754396,4.53587487190489,0.0036165
16.9,-0.358797414803419,-0.925720126762759,3.87999999984738,18.4708031594885,0.996771922522926,0.000721768709773674,0.199999999940803,-0.369768263866809,-0.92912401273413,3.87999999999931,18.4707963267923,0.248542925852671,0.475453648371683,0.544999999969301,0.0450684152286592,-1.97941008204033,2.7087589309899,4.50604386696866,0.0035518
16.92,-0.340197197246311,-0.932892016173972,3.88399999984609,18.4908126658045,0.996760603716951,0.000740174130621534,0.199999999929752,-0.351113071231698,-0.936333066388481,3.88399999999931,18.4907963267923,0.248541223347983,0.475454529712338,0.544999999968753,0.0450685077580464,-1.99339045237617,2.67158544610241,4.47635609447264,0.0040273
16.94,-0.321457289453356,-0.939689890585654,3.88799999984457,18.5108222569036,0.996749696566594,0.000758607062856276,0.199999999918503,-0.332317438049539,-0.943167599300551,3.88799999999931,18.5107963267923,0.248539665001889,0.475455326150258,0.544999999968154,0.0450685902273389,-2.0066239952587,2.63413255662918,4.44681248757475,0.0038887
16.96,-0.3025852026946,-0.946111032320459,3.89199999984283,18.5308319284111,0.996739203184592,0.000777059854900886,0.199999999907038,-0.313388882323001,-0.949624877748301,3.89199999999932,18.5307963267923,0.248538250633054,0.47545603783293,0.544999999967502,0.0450686626592546,-2.0191052731227,2.59641527802494,4.41741398884478,0.0037283
16.98,-0.283588501087216,-0.952152874601222,3.89599999984085,18.5508416759442,0.996729125503204,0.000795524889981489,0.199999999895339,-0.294334975221997,-0.955702318906449,3.89599999999932,18.5507963267923,0.248536980002658,0.475456664941508,0.544999999966796,0.0450687250804855,-2.03082914992078,2.55844873143707,4.38816154945365,0.0036976
17,-0.264474798561341,-0.957813002577103,3.89999999983864,18.5708514951134,0.996719465274434,0.000813994589044373,0.199999999883385,-0.27516333805532,-0.961397491879562,3.89999999999932,18.5707963267923,0.248535852814836,0.475457207690532,0.544999999966033,0.0450687775216408,-2.04179079317662,2.52024813764881,4.35905612834225,0.0039624
17.02,-0.24525175580604,-0.963089154288632,3.90399999983618,18.5908613815247,0.996710224070341,0.000832461413640581,0.199999999871157,-0.255881639222215,-0.966708118674385,3.90399999999932,18.5907963267923,0.248534868717099,0.475457666327719,0.544999999965218,0.0450688200172728,-2.05198567591651,2.48182881098274,4.33009869136864,0.0038861
17.04,-0.225927077196634,-0.967979221571245,3.90799999983348,18.6108713307813,0.996701403283402,0.000850917868779979,0.199999999858636,-0.236497591145133,-0.971632075111009,3.90799999999932,18.6107963267923,0.248534027300824,0.475458041133646,0.54499999996435,0.0450688526057767,-2.0614095784783,2.44320615316679,4.30129021043602,0.0037293
17.06,-0.206508507704631,-0.972481250896975,3.91199999983053,18.6308813384854,0.996693004126964,0.000869356505749621,0.199999999845802,-0.217018947184852,-0.97616739167251,3.91199999999932,18.6307963267923,0.248533328101715,0.475458332421469,0.544999999963437,0.04506887532937,-2.07005859019711,2.40439564716549,4.27263166260099,0.003742
17.08,-0.187003829791516,-0.976593444153953,3.91599999982731,18.6508914002402,0.99668502763576,0.00088776992489847,0.199999999832639,-0.197453498539244,-0.980312254292735,3.91599999999932,18.6507963267923,0.248532770600327,0.47545854053664,0.544999999962478,0.0450688882340868,-2.07792911096707,2.36541285097864,4.24412402916445,0.0038319
17.1,-0.167420860287647,-0.980314159363416,3.91999999982383,18.6709015116512,0.996677474666492,0.000906150778387308,0.199999999819131,-0.1778090711269,-0.984065005081898,3.91999999999933,18.6707963267923,0.248532354222583,0.475458665856574,0.544999999961477,0.0450688913696903,-2.08501785267863,2.32627339141012,4.21576829474525,0.0039604
17.12,-0.147767447257525,-0.983641911333941,3.92399999982007,18.6909116683284,0.996670345898492,0.00092449177290086,0.199999999805263,-0.158093522456862,-0.987424142989721,3.92399999999933,18.6907963267923,0.248532078340314,0.475458708790366,0.544999999960425,0.0450688847896861,-2.09132184053054,2.28699295780933,4.18756544633752,0.0039167
17.14,-0.128051466852698,-0.986575372252653,3.92799999981604,18.710921865888,0.996663641834444,0.000942785672324403,0.199999999791016,-0.138314738485727,-0.990388324405828,3.92799999999933,18.7107963267923,0.248531942271825,0.475458669778416,0.544999999959349,0.0450688685512144,-2.09683841421644,2.24758729578758,4.15951647235354,0.0038629
17.16,-0.108280820153577,-0.989113372213166,3.93199999981171,18.7309320999541,0.996657362801183,0.000961025300380189,0.199999999776382,-0.11848063046337,-0.992956363697175,3.93199999999933,18.7307963267923,0.248531945282478,0.475458549292107,0.544999999958223,0.0450688427150649,-2.10156522898512,2.20807220091225,4.13162236165254,0.0039507
17.18,-0.0884634300014341,-0.991254899680063,3.93599999980709,18.7509423661603,0.996651508950552,0.000979203543226189,0.199999999761342,-0.0985991317685484,-0.995127233682284,3.93599999999933,18.7507963267923,0.248532086585292,0.475458347833456,0.544999999957073,0.0450688073456159,-2.10550025657438,2.16846351238098,4.10388410255636,0.0039341
17.2,-0.0686072378218642,-0.992999101889735,3.93999999980216,18.7709526601518,0.996646080260338,0.000997313352014236,0.199999999745888,-0.0786781947356579,-0.996900066042107,3.93999999999933,18.7707963267923,0.248532365341552,0.475458065934728,0.544999999955892,0.045068762510739,-2.10864178601798,2.12877710667862,4.07630268185413,0.0036411
17.22,-0.0487202004409871,-0.99434528518742,3.94399999979692,18.7909629775866,0.996641076535259,0.00101534774540715,0.19999999973001,-0.0587257874739022,-0.998274151667337,3.94399999999933,18.7907963267923,0.248532780661457,0.475457704158089,0.544999999954695,0.0450687082818563,-2.1109884243253,2.08902889121943,4.04887908379576,0.0035548
17.24,-0.0288102868956822,-0.995292915300323,3.94799999979135,18.8109733141378,0.996636497408036,0.00103329981205532,0.1999999997137,-0.0387498906801575,-0.999248940942045,3.94799999999933,18.8107963267923,0.248533331604755,0.47545726309518,0.544999999953476,0.0450686447337635,-2.11253909703367,2.049234797977,4.02161428907613,0.0036762
17.26,-0.00888547523913635,-0.99584161754671,3.95199999978546,18.8309836654946,0.996632342340509,0.00105116271302879,0.199999999696951,-0.0187584944467995,-0.999824043963519,3.95199999999934,18.8307963267923,0.248534017181429,0.475456743366773,0.544999999952247,0.0450685719447069,-2.11329304863284,2.0094107771046,3.99450927381202,0.0034768
17.28,0.0110462506570055,-0.995991176980907,3.95599999977923,18.8509940273647,0.996628610624831,0.00106892968420872,0.19999999967976,0.00124040493422671,-0.999999230698216,3.95599999999934,18.8507963267923,0.248534836352368,0.475456145622321,0.544999999951007,0.0450684899962277,-2.11324984286173,1.96957279054843,3.96756500851071,0.0033761
17.3,0.0309769043025977,-0.995741538474151,3.95999999977265,18.8710043954753,0.996625301384723,0.00108659403863262,0.199999999662122,0.0212388081698173,-0.99977443107378,3.95999999999934,18.8707963267923,0.248535788030078,0.475455470539564,0.544999999949767,0.0450683989731824,-2.11240936287716,1.92973680565635,3.9407824570341,0.003408
17.32,0.0508984997897704,-0.995092806731269,3.96399999976571,18.8910147655752,0.996622413576784,0.00110414916879591,0.199999999644038,0.0412287161653198,-0.999149735007063,3.96399999999934,18.8907963267923,0.248536871079393,0.475454718824087,0.544999999948538,0.0450682989636366,-2.11077181129459,1.88991878878465,3.91416257555699,0.0036188
17.34,0.0708030549932359,-0.994045246243197,3.9679999997584,18.9110251334361,0.996619945991872,0.0011215885489076,0.199999999625512,0.0612021332240645,-0.998125392368162,3.96799999999934,18.9107963267923,0.248538084318205,0.475453891208897,0.544999999947308,0.0450681900588533,-2.10833771010081,1.85013469890541,3.88770631152351,0.0035434
17.36,0.0906825947688364,-0.992599281175362,3.97199999975073,18.9310354948545,0.996617897256533,0.00113890573710028,0.199999999606543,0.0811510702455367,-0.996701812880475,3.97199999999934,18.9307963267923,0.248539426518224,0.475452988453968,0.544999999946104,0.0450680723532129,-2.10510790043864,1.81040048121713,3.86141460260034,0.0034854
17.38,0.110529154149045,-0.990755495191971,3.97599999974266,18.9510458456528,0.996616265834508,0.00115609437759268,0.199999999587141,0.10106754792091,-0.994879565956816,3.97599999999934,18.9507963267923,0.248540896405712,0.475452011345805,0.544999999944919,0.04506794594417,-2.1010835422638,1.77073206076102,3.83528837562994,0.00344
17.4,0.130334781534136,-0.988514631216317,3.97999999973421,18.9710561816815,0.996615050028274,0.00117314820280558,0.199999999567311,0.120943599924664,-0.99265938047166,3.97999999999935,18.9707963267923,0.248542492662291,0.475450960696965,0.544999999943768,0.0450678109321921,-2.09626611387396,1.73114533604564,3.80932854558357,0.0038857
17.42,0.150091541877736,-0.985877591127181,3.98399999972535,18.9910664988203,0.996614247980664,0.00119006103542874,0.199999999547068,0.140771276101007,-0.990042144469596,3.98399999999935,18.9907963267923,0.248544213925705,0.475449837345581,0.544999999942647,0.0450676674206867,-2.09065741131034,1.69165617268237,3.7835360145167,0.0034933
17.44,0.169791519865485,-0.982845435391474,3.98799999971608,19.0110767929797,0.996613857676534,0.00120682679043925,0.199999999526421,0.160542645643835,-0.987028904810132,3.98799999999935,19.0107963267923,0.248546058790638,0.475448642154885,0.544999999941562,0.0450675155159559,-2.08425954763194,1.65228039703437,3.75791167052677,0.0034488
17.46,0.189426823085517,-0.979419382633284,3.9919999997064,19.0310870601025,0.996613876944481,0.001223439477071,0.199999999505383,0.180249800268944,-0.983620866748953,3.99199999999935,19.0307963267923,0.248548025809518,0.475447376012755,0.544999999940529,0.0450673553271746,-2.07707495206286,1.61303378988142,3.73245638671599,0.0034243
17.48,0.208989585189494,-0.975600809139496,3.9959999996963,19.0510972961654,0.996614303458626,0.00123989320073481,0.199999999483974,0.199884857377245,-0.979819393455845,3.99599999999935,19.0507963267923,0.248550113493377,0.475446039831285,0.544999999939575,0.0450671869662485,-2.06910636901291,1.57393208010334,3.7071710201587,0.0033668
17.5,0.22847196904293,-0.971391248302214,3.99999999968576,19.0711074971802,0.99661513474044,0.00125618216489136,0.199999999462221,0.21943996320769,-0.97562600546944,3.99999999999935,19.0707963267923,0.248552320312646,0.475444634546056,0.544999999938691,0.0450670105477859,-2.06035685697204,1.53499093838439,3.68205641087611,0.0033334
17.52,0.247866169863516,-0.9667923899982,4.00399999967478,19.0911176591955,0.996616368160632,0.00127230067286458,0.19999999944015,0.238907295978678,-0.97104238008902,4.00399999999935,19.0907963267923,0.248554644697982,0.47544316111563,0.544999999937858,0.0450668261890924,-2.05082978727896,1.4962259709413,3.65711338081883,0.0038553
17.54,0.267164418346223,-0.961806079905615,4.00799999966336,19.1111277782981,0.996618000941075,0.00128824312960338,0.199999999417779,0.258279069016662,-0.966070350703624,4.00799999999935,19.1107963267923,0.248557085041213,0.475441620521261,0.544999999937094,0.0450666340100186,-2.04052884276456,1.4576527132773,3.63234273285871,0.0036331
17.56,0.286358983773894,-0.956434318758317,4.01199999965149,19.131137850614,0.996620030156796,0.00130400404340101,0.199999999395132,0.277547533870715,-0.960711906058713,4.01199999999936,19.1307963267923,0.24855963969615,0.475440013766267,0.544999999936388,0.0450664341329609,-2.02945801627047,1.4192866239648,3.60774524979088,0.0034366
17.58,0.305442177112102,-0.95067926153806,4.01599999963916,19.1511478723103,0.996622452738006,0.00131957802755816,0.199999999372232,0.296704983411803,-0.954969189460701,4.01599999999936,19.1507963267923,0.248562306950247,0.475438341800048,0.544999999928792,0.0450662266773834,-2.01762160904368,1.38114307845911,3.5833216933059,0.0033941
17.6,0.324406354087017,-0.944543216604933,4.01999999962635,19.1711578395962,0.996625265470985,0.00133495979896374,0.199999999346597,0.31574375491554,-0.948844497919657,4.01999999999936,19.1707963267923,0.248565085098366,0.475436605705795,0.544999999920041,0.0450660117767396,-2.00502422900755,1.34323736294569,3.55907280312038,0.0036523
17.62,0.343243918245062,-0.938028644766375,4.02399999961299,19.1911677487239,0.996628465001944,0.00135014418436878,0.199999999317812,0.33465623312717,-0.942340281230537,4.02399999999936,19.1907963267923,0.248567972401028,0.475434806589192,0.544999999914297,0.0450657895622568,-1.99167078891017,1.30558466822345,3.53499929595613,0.0034822
17.64,0.36194732399313,-0.931138158285093,4.02799999959904,19.211177595991,0.996632047839267,0.00136512612177998,0.199999999286959,0.353434853307573,-0.935459140993294,4.02799999999936,19.2107963267923,0.248570967069161,0.475432945536495,0.544999999910785,0.0450655601636814,-1.97756650435064,1.26820008362648,3.51110186457427,0.0034299
17.66,0.380509079618135,-0.923874519826387,4.03199999958446,19.2311873777409,0.996636010355126,0.00137990066026467,0.199999999254842,0.372072104259054,-0.928203829572276,4.03199999999936,19.2307963267923,0.248574067280196,0.475431023653277,0.544999999908916,0.0450653237147034,-1.96271689168425,1.23109859098671,3.4873811768683,0.0033751
17.68,0.398921750284699,-0.916240641345285,4.03599999956923,19.2511970903643,0.996640348787743,0.00139446296140302,0.199999999222051,0.390560531329726,-0.920577248995317,4.03599999999936,19.2507963267923,0.248577271179015,0.475429042063832,0.544999999908276,0.0450650803513954,-1.94712776580719,1.19429505863985,3.46383787495347,0.0035216
17.7,0.417177961009764,-0.908239582913962,4.03999999955334,19.2712067303006,0.996645059243692,0.00140880830063721,0.199999999189031,0.40889273939527,-0.912582449792959,4.03999999999936,19.2707963267923,0.248580576878864,0.475427001910663,0.544999999908536,0.045064830211964,-1.9308052378219,1.15780423547706,3.44047257427481,0.003493
17.72,0.43527039961296,-0.899874551489894,4.04399999953679,19.2912162940386,0.996650137700234,0.00142293206856024,0.199999999156104,0.427061395816886,-0.904222629778287,4.04399999999937,19.2907963267923,0.24858398246232,0.47542490435387,0.544999999909434,0.0450645734366069,-1.91375571258387,1.1216407450447,3.41728586273452,0.003411
17.74,0.453191819641523,-0.89114889962528,4.04799999951959,19.3112257781181,0.996655580007707,0.00143682977214684,0.1999999991235,0.445059233374251,-0.895501132767846,4.04799999999937,19.3107963267923,0.24858748598222,0.475422750570605,0.544999999910806,0.0450643101674478,-1.89598588613098,1.08581907969454,3.39427829984013,0.0034174
17.76,0.470935043268619,-0.882066124118235,4.05199999950174,19.3312351791308,0.996661381891939,0.00145049703593014,0.19999999909139,0.46287905317231,-0.886421447244154,4.05199999999937,19.3307963267923,0.248591085462641,0.475420541754448,0.544999999912489,0.0450640405484405,-1.8775027429963,1.05035359478675,3.37145041587409,0.00337
17.78,0.4884929641639,-0.872629864606325,4.05599999948325,19.3512444937215,0.996667538956704,0.00146392960312206,0.199999999059886,0.480513727520737,-0.87698720496036,4.05599999999937,19.3507963267923,0.248594778899846,0.475418279114867,0.544999999914411,0.0450637647253519,-1.85831355340558,1.015258502948,3.34880271108609,0.003434
17.8,0.505858550335159,-0.862843902103013,4.05999999946414,19.3712537185891,0.996674046686217,0.00147712333667963,0.199999999029074,0.49795620278492,-0.867202179487588,4.05999999999937,19.3707963267923,0.24859856426326,0.4754159638766,0.544999999916478,0.0450634828456381,-1.83842587036042,0.980547868386978,3.32633565490873,0.0034295
17.82,0.523024846939936,-0.852712157477611,4.06399999944442,19.3912628504876,0.99668090044766,0.00149007422031491,0.199999998999006,0.515199502207316,-0.857070284705564,4.06399999999937,19.3907963267923,0.248602439496451,0.475413597279072,0.544999999918649,0.0450631950584043,-1.81784752660847,0.946235601269541,3.30404968519779,0.0033783
17.84,0.539984979065969,-0.84223868987936,4.06799999942411,19.4112718862274,0.996688095493737,0.00150277835944941,0.19999999896972,0.532236728698064,-0.846595573237109,4.06799999999937,19.4107963267923,0.248606402518094,0.475411180575796,0.544999999920886,0.0450629015143208,-1.79658663150165,0.912335452155836,3.28194520749765,0.0033869
17.86,0.556732154479367,-0.831427695106276,4.07199999940322,19.4312808226757,0.996695626965272,0.00151523198211319,0.199999998941239,0.549061067593727,-0.83578223482715,4.07199999999938,19.4307963267923,0.248610451222981,0.475408715033778,0.544999999923158,0.0450626023655605,-1.77465156774394,0.878861006501537,3.26002259433304,0.0036808
17.88,0.573259666339426,-0.820283503919442,4.07599999938176,19.4512896567584,0.996703489893824,0.00152743143978802,0.199999998913576,0.565665789383069,-0.824634594666874,4.07599999999938,19.4507963267923,0.248614583482977,0.47540620193291,0.544999999925446,0.0450622977657207,-1.75205098802979,0.845825679225426,3.23828218452782,0.0037459
17.9,0.589560895878988,-0.808810580303409,4.07999999935977,19.4712983854598,0.996711679204345,0.00153937320819485,0.199999998886736,0.582044252398768,-0.813157111663714,4.07999999999938,19.4707963267923,0.248618797148049,0.475403642565376,0.544999999927751,0.0450619878697582,-1.72879381157468,0.813242709345484,3.21672428255113,0.0036307
17.92,0.605629315049292,-0.797013519673426,4.08399999933724,19.4913070058246,0.996720189717856,0.0015510538880257,0.199999998860727,0.598189905473992,-0.801354376657839,4.08399999999938,19.4907963267923,0.248623090047228,0.475401038235052,0.544999999930054,0.0450616728339202,-1.70488922053917,0.781125154685634,3.19534915789258,0.0035313
17.94,0.621458489128261,-0.78489704703023,4.0879999993142,19.5113155149583,0.996729016154154,0.00156247020561985,0.199999998835546,0.614096290562786,-0.789231110585883,4.08799999999938,19.5107963267923,0.248627459989633,0.475398390256881,0.544999999932345,0.045061352815649,-1.68034665634787,0.749485886655239,3.17415704446625,0.0037754
17.96,0.637042079291182,-0.772466015063138,4.09199999929067,19.5313239100279,0.996738153134543,0.00157361901358414,0.19999999881119,0.629757045323196,-0.776792162592635,4.09199999999938,19.5307963267923,0.248631904765461,0.475395699956292,0.544999999934632,0.0450610279735535,-1.65517581590484,0.718337585103455,3.15314814004466,0.0036216
17.98,0.652373845142759,-0.75972540220221,4.09599999926666,19.5513321882629,0.996747595184594,0.00158449729135827,0.199999998787658,0.645165905662124,-0.76404250809144,4.09599999999938,19.5507963267923,0.248636422146988,0.475392968668571,0.544999999936911,0.0450606984672881,-1.62938664770689,0.687692733250473,3.13232260572351,0.0042792
18,0.667447647209541,-0.746680310620272,4.09999999924219,19.5713403469563,0.996757336736923,0.00159510214572403,0.199999998764945,0.660316708240884,-0.750987246774107,4.09999999999939,19.5707963267923,0.24864100988959,0.475390197738256,0.544999999939183,0.0450603644575146,-1.60298934785647,0.657563612697683,3.11168056541696,0.0036289
18.02,0.68225744939172,-0.733335964185623,4.10399999921727,19.5913483834647,0.996767372133989,0.00160543081125949,0.199999998743051,0.675203392940453,-0.737631600571094,4.10399999999939,19.5907963267923,0.248645665732722,0.475387388518559,0.544999999941454,0.0450600261058409,-1.57599435597558,0.627962298518749,3.09122210538494,0.0039401
18.04,0.69679732137335,-0.719697706366226,4.10799999919192,19.6113562952097,0.99677769563092,0.00161548065073871,0.199999998721975,0.689820005285437,-0.723980911562811,4.10799999999939,19.6107963267923,0.248650387400962,0.47538454237071,0.544999999943711,0.045059683574693,-1.54841235102251,0.59890065443354,3.07094727379247,0.0036965
18.06,0.711061440989997,-0.705770998086257,4.11199999916615,19.6313640796783,0.996788301398355,0.00162524915547482,0.199999998701711,0.704160698825784,-0.710040639842852,4.11199999999939,19.6307963267923,0.248655172604979,0.475381660663393,0.544999999945972,0.0450593370273112,-1.52025424701299,0.570390328066861,3.0508560803014,0.0035524
18.08,0.725044096552915,-0.691561415535863,4.11599999913999,19.6513717344234,0.996799183525295,0.0016347339456102,0.199999998682261,0.718219737475285,-0.695816361334039,4.11599999999939,19.6507963267923,0.248660019042574,0.475378744772094,0.544999999948217,0.0450589866276161,-1.49153118864746,0.542442746293854,3.03094849569547,0.0034993
18.1,0.738739689128807,-0.67707464793502,4.11999999911345,19.6713792570648,0.99681033602199,0.00164393277035018,0.199999998663619,0.73199149780593,-0.68131376555812,4.11999999999939,19.6707963267923,0.248664924399667,0.475375796078555,0.544999999950468,0.0450586325402117,-1.46225454684634,0.515069110673928,3.01122445153827,0.0036788
18.12,0.752142734774271,-0.662316495252392,4.12399999908654,19.6913866452894,0.99682175282282,0.00165284350814469,0.199999998645787,0.745470471297209,-0.66653865336004,4.12399999999939,19.6907963267923,0.248669886341334,0.475372815931073,0.544999999948952,0.0450582749265436,-1.43243591419496,0.48828039297504,2.99168383986173,0.0035705
18.14,0.765247866724063,-0.647292865880123,4.12799999905927,19.711393896852,0.996833427788795,0.0016614641652631,0.19999999862741,0.758651266539442,-0.651496934587681,4.12799999999939,19.7107963267923,0.248674902527258,0.475369805700227,0.544999999942731,0.0450579139527174,-1.40208710030002,0.46208733079011,2.972326512897,0.0037233
18.16,0.778049837532297,-0.632009774265493,4.13199999903162,19.7314010095756,0.996845354710624,0.00166979287666692,0.199999998606793,0.771528611390274,-0.636194625727997,4.1319999999994,19.7307963267923,0.248679970625438,0.475366766828045,0.544999999937654,0.0450575497908833,-1.37122012705953,0.436500423247302,2.95315228283882,0.0036096
18.18,0.790543521165724,-0.616473338500359,4.13599999900353,19.751407981352,0.996857527312351,0.00167782790868503,0.199999998584349,0.784097355083461,-0.620637847500503,4.1359999999994,19.7507963267923,0.248685088283422,0.475363700711017,0.544999999933064,0.0450571826044687,-1.33984722384796,0.411529926815894,2.93416092162981,0.004358
18.2,0.802723915048256,-0.600689777869373,4.13999999897497,19.7714148101425,0.996869939253799,0.00168556765683614,0.199999998560252,0.796352470289106,-0.604832822409071,4.1399999999994,19.7707963267923,0.248690253146823,0.475360608768078,0.544999999930404,0.0450568125614133,-1.3079808226187,0.387185851209395,2.91535216079555,0.0040555
18.22,0.814586142055966,-0.584665410357979,4.14399999894593,19.7914214939782,0.996882584133723,0.00169301064658967,0.199999998535197,0.808289055124526,-0.588785872253006,4.1439999999994,19.7907963267923,0.248695462849377,0.475357492397132,0.544999999928312,0.0450564398268487,-1.27563355292571,0.363477955387535,2.89672569130475,0.0036275
18.24,0.826125452461747,-0.568406650121182,4.14799999891637,19.8114280309606,0.996895455492525,0.00170015553224769,0.19999999850939,0.819902335114939,-0.572503415598413,4.1479999999994,19.8107963267923,0.248700715026227,0.475354353022674,0.544999999928202,0.0450560645697196,-1.24281823686638,0.340415743658738,2.87828116347156,0.0037086
18.26,0.837337225828871,-0.551920004914115,4.1519999988863,19.8314344192614,0.996908546815473,0.00170700109778151,0.199999998483542,0.831187665103192,-0.555991965210859,4.1519999999994,19.8307963267923,0.248706007299027,0.475351192032985,0.544999999927453,0.0450556869541977,-1.20954788394757,0.318008461884596,2.8600181868841,0.0042974
18.28,0.848216972852717,-0.535212073485423,4.15599999885571,19.8514406571236,0.996921851535279,0.00171354625503545,0.199999998457425,0.842140531107757,-0.539258125450347,4.1559999999994,19.8507963267923,0.248711337297623,0.475348010860468,0.544999999928309,0.0450553071506748,-1.17583568587705,0.296265093787874,2.84193633037872,0.0037989
18.3,0.858760337149904,-0.51828954293452,4.1599999988246,19.8714467428612,0.996935363035521,0.00171979004524115,0.199999998431617,0.852756552128269,-0.522308589629669,4.15999999999941,19.8707963267923,0.248716702644439,0.475344810916279,0.544999999930319,0.0450549253250936,-1.14169501128222,0.275194357365511,2.8240351220377,0.00375
18.32,0.868963096994164,-0.50115918603377,4.16399999879298,19.8914526748597,0.996949074653399,0.00172573163772042,0.199999998406532,0.863031481897865,-0.50515013733716,4.16399999999941,19.8907963267923,0.248722100956523,0.475341593593795,0.544999999931479,0.0450545416425987,-1.10713940035836,0.254804701408025,2.80631404922725,0.0036945
18.34,0.878821166998252,-0.483827858516679,4.16799999876087,19.9114584515767,0.996962979682531,0.00173137032882761,0.199999998381864,0.872961210581635,-0.487789631724962,4.16799999999941,19.9107963267923,0.248727529859395,0.475338360318486,0.5449999999335,0.0450541562724757,-1.07218255944855,0.235104302126721,2.78877255867245,0.0038305
18.36,0.888330599741234,-0.466302496333186,4.17199999872827,19.9314640715413,0.996977071376265,0.00173670554287083,0.199999998357924,0.882541766420499,-0.47023401676385,4.17199999999941,19.9307963267923,0.248732986976176,0.475335112501004,0.544999999936321,0.0450537693806463,-1.03683835555734,0.216101059890035,2.77141005656035,0.0036276
18.38,0.897487587340507,-0.448590112873126,4.1759999986952,19.9514695333551,0.996991342950528,0.00174173683101104,0.199999998335,0.89176931731986,-0.452490314465736,4.17599999999941,19.9507963267923,0.248738469931364,0.475331851547672,0.544999999939674,0.0450533811329819,-1.00112081080053,0.197802596070299,2.75422590868087,0.0035078
18.4,0.906288462967949,-0.430697796159018,4.17999999866168,19.971474835692,0.997005787586775,0.00174646387064285,0.199999998313283,0.900640172382393,-0.434565622074959,4.17999999999941,19.9707963267923,0.248743976348893,0.475328578848584,0.544999999942091,0.0450529916939875,-0.965044096793074,0.180216250002189,2.73721944059993,0.0035819
18.42,0.9147297023096,-0.412632706009276,4.18399999862773,19.9914799772984,0.997020398434815,0.00175088646426761,0.199999998292435,0.909150783384347,-0.416467109229483,4.18399999999941,19.9907963267923,0.248749503862412,0.475325295813491,0.544999999944688,0.0450526012306515,-0.928622528977545,0.163349076054062,2.72038993786878,0.0034604
18.44,0.922807924968288,-0.394402071172991,4.18799999859338,20.0114849569931,0.99703516861601,0.00175500453980089,0.199999998272523,0.917297746194797,-0.398202015093137,4.18799999999941,20.0107963267923,0.248755050109254,0.475322003844012,0.54499999994783,0.0450522099077742,-0.891870560895319,0.147207840813324,2.703736646263,0.0034446
18.46,0.930519895808662,-0.376013186437413,4.19199999855865,20.0314897736677,0.997050091226198,0.00175881814965937,0.199999998253742,0.925077802137241,-0.379777645460044,4.19199999999942,20.0307963267923,0.248760612731245,0.475318704332625,0.544999999951319,0.0450518178891737,-0.854802778402808,0.131799020386972,2.68725877205571,0.0033859
18.48,0.937862526244103,-0.357473409709311,4.19599999852355,20.0514944262863,0.997065159338595,0.00176232746983066,0.199999998236216,0.932487839293036,-0.361201369832401,4.19599999999942,20.0507963267923,0.24876618937687,0.475315398666936,0.544999999955028,0.0450514253383116,-0.817433893835054,0.117128797818348,2.6709554823233,0.0034812
18.5,0.944832875465011,-0.338790159071369,4.19999999848811,20.071498913886,0.99708036600674,0.00176553279910108,0.199999998220027,0.939524893746119,-0.342480618472779,4.19999999999942,20.0707963267923,0.24877177770239,0.475312088229954,0.544999999958925,0.0450510324180771,-0.779778740119023,0.103203060621154,2.65482590528282,0.0034722
18.52,0.951428151607983,-0.319970909814794,4.20399999845236,20.0915032355763,0.997095704267444,0.00176843455826154,0.19999999820524,0.946186150768535,-0.323622879432116,4.20399999999942,20.0907963267923,0.248777375367653,0.475308774379631,0.5449999999612,0.0450506392887638,-0.741852264838937,0.0900273984316865,2.63886913065974,0.0033909
18.54,0.957645712865448,-0.301023191449331,4.20799999841633,20.1115073905392,0.997111167143506,0.00177103328847223,0.199999998191272,0.95246894594629,-0.304635695554595,4.20799999999942,20.1107963267923,0.248782980051237,0.475305458503849,0.544999999963971,0.0450502461143433,-0.703669524256037,0.0776071007802167,2.62308421009,0.0033802
18.56,0.963483068535286,-0.28195458469186,4.21199999838002,20.1315113780296,0.997126747647009,0.00177332965184733,0.199999998178301,0.958370766245082,-0.285526661460607,4.21199999999942,20.1307963267923,0.248788589437365,0.475302141965474,0.544999999967078,0.0450498530541716,-0.665245677285156,0.0659471549824124,2.6074701575475,0.0037348
18.58,0.968937880010049,-0.262772718434794,4.21599999834347,20.1515151973744,0.997142438782037,0.00177532442969404,0.199999998166449,0.963889251015482,-0.266303420509007,4.21599999999942,20.1507963267923,0.248794201221427,0.475298826119844,0.544999999970391,0.0450494602674009,-0.626595979430516,0.0550522441516177,2.59202594980438,0.0034531
18.6,0.974007961705396,-0.24348526669548,4.21999999830669,20.171518847973,0.997158233547565,0.0017770185215339,0.19999999815579,0.969022192937162,-0.246973661739868,4.21999999999943,20.1707963267923,0.248799813110845,0.475295512314268,0.544999999973812,0.0450490679122954,-0.587735776683166,0.0449267453327825,2.57675052691966,0.0034267
18.62,0.978691281927383,-0.224099945547824,4.22399999826972,20.1915223292971,0.997174124940336,0.00177841294406084,0.199999998146362,0.973767538901789,-0.227545116798972,4.22399999999943,20.1907963267923,0.248805422825942,0.475292201887515,0.544999999977292,0.0450486761460476,-0.54868049938251,0.0355747277587753,2.56164279275615,0.0033867
18.64,0.982985963678264,-0.204624510037369,4.22799999823256,20.2115256408898,0.99719010595771,0.00177950883005398,0.199999998138188,0.978123390834249,-0.208025556845251,4.22799999999943,20.2107963267923,0.248811028100786,0.475288896169356,0.544999999980762,0.045048285124743,-0.509445656044369,0.0269999512297663,2.54670161552523,0.0035766
18.66,0.986890285400501,-0.185066751081045,4.23199999819526,20.2315287823664,0.997206169600512,0.00178030742725009,0.199999998131262,0.982088006451847,-0.188422789442429,4.23199999999943,20.2307963267923,0.248816626684043,0.475285596480007,0.544999999984184,0.0450478950032219,-0.470046827158048,0.0192058646163176,2.53192582835855,0.0034552
18.68,0.990402681658686,-0.165434492352833,4.23599999815782,20.2515317534133,0.99722230887585,0.00178081009717315,0.199999998125568,0.985659799961195,-0.168744655436101,4.23599999999943,20.2507963267923,0.248822216338637,0.475282304125084,0.544999999987128,0.0450475059346839,-0.430499658954877,0.0121956044867702,2.51731422990589,0.0034725
18.7,0.99352174375912,-0.145735587156584,4.23999999812029,20.2715345537883,0.997238516799873,0.00178101831374368,0.199999998120934,0.988837342692514,-0.148999025817498,4.23999999999943,20.2707963267923,0.248827794843561,0.4752790203991,0.544999999989229,0.0450471180712458,-0.390819857150732,0.00597199385946415,2.50286558495877,0.0033975
18.72,0.996246220306816,-0.125977915287242,4.24399999808267,20.2915371833197,0.997254786400544,0.00178093366201945,0.199999998117056,0.991619363671077,-0.129193798575195,4.24399999999943,20.2907963267923,0.248833359998904,0.475275746601217,0.544999999991649,0.0450467315651413,-0.351023180665013,0.000537541080283048,2.48857862509909,0.0035629
18.74,0.998575017699688,-0.106169379881711,4.24799999804498,20.3115396419065,0.997271110720562,0.00178055783753822,0.19999999811405,0.994004750125587,-0.109336895536023,4.24799999999943,20.3107963267923,0.248838909619937,0.475272484008774,0.54499999999429,0.0450463465652882,-0.311125435318606,-0.00410556117403948,2.47445204937065,0.0034457
18.76,1.00050720055976,-0.0863179042606282,4.25199999800724,20.331541929518,0.997287482820007,0.00177989264454187,0.199999998111995,0.995992547933266,-0.0894362591964432,4.25199999999944,20.3307963267923,0.248844441540578,0.475269233887261,0.544999999997069,0.0450459632196552,-0.271142467513329,-0.00795543676646188,2.46048452497459,0.0034141
18.78,1.00204199210123,-0.066431428762299,4.25599999796947,20.351544046193,0.99730389577905,0.0017789399946341,0.199999998110939,0.997581962001495,-0.0694998495456525,4.25599999999944,20.3507963267923,0.248849953614166,0.475265997489779,0.544999999999912,0.0450455816747141,-0.231090157895396,-0.0110105268436868,2.44667468798689,0.0033779
18.8,1.00317877443525,-0.0465179075700547,4.25999999793168,20.3715459920398,0.997320342700651,0.00177770190538596,0.199999998110908,0.998772356585838,-0.0495356408816961,4.25999999999944,20.3707963267923,0.248855443714218,0.475262776056674,0.54500000000279,0.0450452020754156,-0.190984415005427,-0.0132695904534345,2.43302114409717,0.0037979
18.82,1.00391708881128,-0.0265853055342932,4.26399999789391,20.3915477672354,0.997336816713224,0.00177618049890725,0.199999998111912,0.999563255544333,-0.0295516186218537,4.26399999999944,20.3907963267923,0.248860909735187,0.475259570815074,0.545000000005656,0.0450448245650626,-0.150841168917527,-0.014731705034701,2.41952246936794,0.004149
18.84,1.004256635795,-0.00664159499046828,4.26799999785617,20.4115493720255,0.997353310973285,0.00177437800038193,0.199999998113948,0.999954342527943,-0.00955577610857913,4.26799999999944,20.4107963267923,0.24886634959319,0.475256382978474,0.545000000008499,0.0450444492853037,-0.110676364869985,-0.0153962667808109,2.40617721101341,0.0042332
