Time,X,Y,Z,Psi,Vx_B,Vy_B,Vz_B,Ref_X,Ref_Y,Ref_Z,Ref_Psi,Ux,Uy,Uz,Upsi,Int_X,Int_Y,Cost,CalcTime
0,1.4142135623731,0,1,1.5707963267949,0.989949493661167,6.06169239364845e-17,0,1.4142135623731,0,1,1.5707963267949,0.245230306526155,0.999872308850573,0.545000000016839,0.0945936440054033,0,0,0.0206693076111186,0.0067078
0.02,1.41379370142386,0.0197922115389585,1.00000000000006,1.61279630637801,0.989868385843799,0.000416878394741748,6.06220851295802e-12,1.41379784470165,0.0197931694835827,1,1.6127963267949,0.240412424683825,0.999718503884835,0.545000000006905,0.0940079470747558,0.0565629439408743,0.000395909002544108,0.019959308702945,0.0077098
0.04,1.41253512533525,0.0395454653903803,1.00000000000021,1.6547836680612,0.989613836345308,0.000843488296830224,8.5478646383308e-12,1.4125516959854,0.0395494993782265,1,1.6547837889808,0.23553724896662,0.999023804269881,0.544999999998092,0.0933694108197644,0.113092312500038,0.00158285742305823,0.0192013814026943,0.0065841
0.06,1.41044095185438,0.0592208190640027,1.00000000000037,1.69673373073032,0.989185846580548,0.00128869449140038,7.86105402994509e-12,1.41047836697619,0.0592303657525772,1,1.69673408431756,0.230616480166219,0.996964826335802,0.54499999999214,0.0926781557328086,0.169554611930327,0.00355850744655481,0.0183918887684291,0.0064276
0.08,1.4075168796328,0.0787796598205256,1.0000000000005,1.73862193200074,0.988584495087178,0.00172667877680368,5.03138863905406e-12,1.4075835226015,0.0787974859604839,1,1.73862269042572,0.22566372713085,0.993471630006225,0.545000000004699,0.0919351265917575,0.225916522609575,0.006318969255792,0.0175639431939128,0.0060339
0.1,1.40377151971444,0.0981839730707002,1.00000000000062,1.78042383971393,0.987809234019747,0.00212871429738551,6.72311983862528e-12,1.40387520129865,0.0982131079949406,1,1.78042526312545,0.220693683636235,0.989584332758832,0.544999999992758,0.0911458394855607,0.282145011099462,0.00985881961067526,0.0167530833533049,0.005888
0.12,1.39921593354733,0.117396504343554,1.00000000000073,1.82211527764696,0.986859793674618,0.00250949020347248,4.11592537830075e-12,1.3993637567748,0.117440194433348,1,1.82211770661211,0.215718747829584,0.984805482349895,0.544999999993388,0.0903102155294906,0.338207440492592,0.0141711297072911,0.0159501329600748,0.0061838
0.14,1.39386334108539,0.1363809082388,1.00000000000078,1.86367241405426,0.985736546798616,0.00286230557286511,1.73546510495726e-12,1.39406178298683,0.136442599102593,1,1.86367624175054,0.210752236025785,0.979285435485007,0.544999999995262,0.0894311382783557,0.394071658384687,0.0192474979056419,0.0151667682416503,0.006065
0.16,1.38772918257044,0.155101948180892,1.0000000000008,1.90507178918083,0.984440221931577,0.00318627215449492,2.98427949019311e-14,1.38798402335848,0.155185234719905,1,1.90507747200073,0.205807080141854,0.973067773985758,0.544999999996757,0.0885111257236116,0.449706086283412,0.0250780904455458,0.0144086999222309,0.0063369
0.18,1.38083094488137,0.173525641486353,1.00000000000079,1.94629039384761,0.982972034625862,0.00348168410883175,-1.13757891995191e-12,1.38114726545213,0.173634229921748,1,1.94629844651979,0.200895848777923,0.966160072456317,0.544999999999938,0.0875525788239531,0.505079804688823,0.0316516886935407,0.0136802557345052,0.0058226
0.2,1.37318803568633,0.191619403844991,1.00000000000077,1.98730573045044,0.981333688213197,0.00374840178262918,-1.15974785330763e-12,1.37357022248734,0.191757074274054,1,1.98731672002266,0.196030783909007,0.958630263466831,0.544999999998539,0.0865582371983091,0.560162632380828,0.0389557422008468,0.0129856607330574,0.0058902
0.22,1.36482163868773,0.209352175672184,1.00000000000074,2.02809587299684,0.979527392403293,0.00398828271982353,-1.68576264059083e-12,1.36527340324328,0.209522750058172,1,2.02811040902676,0.191223506638279,0.950463668221585,0.544999999998801,0.0855304248913871,0.614925200541767,0.0469764272751001,0.0123273415600966,0.0051784
0.24,1.35575456949455,0.226694537682301,1.0000000000007,2.06863951953913,0.977555845746779,0.00420162148152625,-2.11734629829152e-12,1.35627897199621,0.226901849843055,1,2.06865824415231,0.186485193438722,0.941695803011812,0.544999999999234,0.0844717209926364,0.669339020726451,0.0556987102405574,0.0117083359685283,0.0060541
0.26,1.34601113701889,0.243618817429814,1.00000000000066,2.1089160364625,0.975422194483569,0.00438918589680866,-2.39328556972395e-12,1.34661060022375,0.243866679080014,1,2.10893961819981,0.181826425470966,0.932356571012365,0.544999999999618,0.0833846642029083,0.723376547516869,0.0651064152834838,0.0111308697363569,0.0068403
0.28,1.33561698247869,0.260099173401269,1.00000000000061,2.14890550298951,0.97313002040647,0.00455190571986078,-2.53095322477747e-12,1.33629331185554,0.260391343186683,1,2.14893462977767,0.177257148498805,0.922475653699796,0.544999999999921,0.0822717669258992,0.777011235033736,0.0751822960536785,0.0105965710385902,0.0060597
0.3,1.3245989172561,0.276111664407428,1.00000000000056,2.18858875004543,0.970683318894326,0.00469079833918646,-2.55944598848145e-12,1.32535332386485,0.276451818816393,1,2.18862412230603,0.172786635207323,0.9120835379864,0.545000000000144,0.081135507982383,0.830217586994104,0.0859081103415488,0.0101065208567861,0.005267
0.32,1.31298475869946,0.291634303207253,1.00000000000051,2.22794739415753,0.968086473238548,0.00480694673806523,-2.5077540044549e-12,1.31381788397893,0.29202600923311,1,2.22798971827543,0.168423433164279,0.901201162376264,0.545000000007393,0.0799782485944787,0.882971200239468,0.0972646972166915,0.00966127844967583,0.0051623
0.34,1.30080316846117,0.306647096962134,1.00000000000048,2.266963864905,0.965344217569414,0.00490105488149751,1.53725920881706e-13,1.30171510724047,0.30709378392599,1,2.26701384869138,0.164175467065423,0.889888040538642,0.545000000001786,0.0788025739043828,0.935248801718935,0.109232056029394,0.00926103081441563,0.006552
0.36,1.28808348236296,0.321132065050517,1.00000000000049,2.30562143212295,0.96246162602415,0.00497502414957649,7.96873678154961e-13,1.28907381307928,0.321637002797525,1,2.30567977768618,0.16004976418329,0.878154691714505,0.544999999999523,0.0776106209090026,0.987028278936752,0.121789426659999,0.00890515979722174,0.0049428
0.38,1.27485554660726,0.335073244634775,1.00000000000051,2.34390422554414,0.959444080015462,0.00502986457744862,6.2502891751138e-13,1.27592336445794,0.335639525441887,1,2.34397162232749,0.156052671834928,0.866036508751219,0.544999999995236,0.0764046701702068,1.03828870352421,0.1349153700825,0.00859291693599312,0.00561
0.4,1.26114956565987,0.348456688552419,1.0000000000005,2.38179724634514,0.956297223993742,0.00506672528279423,-1.09007913806635e-12,1.26229351053858,0.349087206192833,1,2.38187436769827,0.152189781883657,0.853567111137282,0.544999999996395,0.0751868924156774,1.08901034865281,0.148587849122178,0.00832313031345799,0.0050858
0.42,1.24699594762762,0.361270443811244,1.00000000000047,2.41928637821724,0.95302693652492,0.00508680637143297,-2.38777886352181e-12,1.2482142341861,0.361967875761376,1,2.41937387736413,0.148465934962428,0.840779220775535,0.544999999997507,0.0739593655939983,1.13917470024917,0.162784308693005,0.00809428099095308,0.0047119
0.44,1.23242515674864,0.373504518206762,1.00000000000041,2.45635839310926,0.949639298897786,0.00509131697035604,-3.28512328451324e-12,1.23371560547853,0.374271310401278,1,2.45645689938153,0.144885233125528,0.827705050978623,0.544999999998495,0.0727240762850785,1.18876446216626,0.17748175493548,0.0079045601699399,0.0048976
0.46,1.21746757343562,0.385150835743253,1.00000000000034,2.49300095253419,0.946140563073312,0.00508145765222094,-3.82708975621426e-12,1.21882764224246,0.38598918963456,1,2.49311106803343,0.141451055963246,0.814376281164223,0.544999999999286,0.0714829158246372,1.23776355560343,0.192656832792518,0.0077519188663616,0.0050964
0.48,1.20215336249591,0.396203181807246,1.00000000000026,2.52920260480759,0.942537119766789,0.00505840915434735,-4.08412859087547e-12,1.20358017847411,0.3971150436398,1,2.52932490150759,0.138166081944477,0.800823970956473,0.544999999999914,0.0702376777477848,1.28615711308941,0.208285901593613,0.007634115169104,0.0047192
0.5,1.18651235016113,0.406657139214249,1.00000000000018,2.56495277846969,0.938835467100517,0.00502332430907571,-4.11525036270177e-12,1.18800274134766,0.407644191453632,1,2.56508779575625,0.135032314004544,0.787078443720666,0.545000000000369,0.0689900558725331,1.33393146736837,0.224345108259557,0.00754875955115609,0.0043914
0.52,1.17057391044081,0.416510016303562,1.0000000000001,2.60024177215997,0.93504218012344,0.00497732134135272,-3.98248545252499e-12,1.17212443735625,0.417573671161591,1,2.60039001479565,0.1320511088849,0.773169178563287,0.54500000000069,0.0677416433149739,1.38107413555217,0.240810457786015,0.00749335798550157,0.0044019
0.54,1.15436686117665,0.425760768273364,1.00000000000002,2.6350607412209,0.931163881430225,0.00492147831328773,-3.73407971210326e-12,1.15597384797896,0.426902163259913,1,2.63522267771804,0.129223209571738,0.75912471059808,0.545000000000904,0.0664939322651832,1.42757379891974,0.25765788071173,0.00746535240207531,0.0048833
0.56,1.13791937003219,0.434409912936303,0.999999999999948,2.6694016813168,0.927207213072698,0.00485682847027027,-3.40868666626192e-12,1.139578935123,0.435629908356833,1,2.66957774269931,0.126548780266055,0.744972545365205,0.545000000001017,0.0652483145216982,1.47342027875678,0.274863297324638,0.0074621580788154,0.0052137
0.58,1.1212588705178,0.442459442045946,0.999999999999884,2.70325740935871,0.923178809924304,0.00478435648300266,-3.04261504879832e-12,1.12296695645496,0.443758620352408,1,2.70344798829136,0.124027443301198,0.730739086241246,0.545000000001074,0.0640060826801875,1.51860450863563,0.292402678405869,0.00748119765811285,0.0045362
0.6,1.10441198802635,0.449912729298742,0.999999999999827,2.73662154202829,0.919085274628715,0.00470499553054754,-2.65604427340804e-12,1.10616439061093,0.451291396192203,1,2.73682699229057,0.121658317459637,0.71644957446236,0.545000000001078,0.0627684318998651,1.56311850353664,0.31025210235671,0.00751993158418292,0.0051264
0.62,1.08740447574246,0.456774436058926,0.999999999999778,2.76948847219178,0.914933154234477,0.0046196251618807,-2.26798135827266e-12,1.08919687216285,0.458232623234521,1,2.7697091084724,0.119440011650185,0.702124733909885,0.544999996132516,0.0615364128350415,1.60695532620912,0.328387808596729,0.00757588453269399,0.0051488
0.64,1.07026116069568,0.463050417076529,0.999999999985809,2.80185334243073,0.910728914555297,0.00452893253028624,-1.39456222569834e-09,1.07208913611938,0.464587885205571,1,2.80208944147748,0.117370867045002,0.687795198413177,0.544999997757983,0.0603111704706756,1.65010905116904,0.346786247178995,0.00764663551276736,0.004478
0.66,1.05300589787861,0.46874762275739,0.999999999949847,2.83371202011557,0.906478929864165,0.00443387755152603,-2.20168846709612e-09,1.05486497165293,0.470363867644263,1,2.83396382012757,0.115448661461502,0.673477479666055,0.544999998918445,0.0590935035186677,1.69257472671623,0.365424124599799,0.00772993975288528,0.004351
0.68,1.03566153364711,0.473874002520201,0.99999999990192,2.86506106937372,0.902189459515063,0.00433515220476975,-2.5910481582514e-09,1.03754718467175,0.475568263660302,1,2.86532876943959,0.113670893468511,0.659192010706719,0.544999999726573,0.0578842697167265,1.73434833527841,0.384278445655864,0.00782363851123468,0.0042434
0.7,1.01824987871859,0.478438412325811,0.999999999849114,2.89589771979943,0.897866631195007,0.00423340225142579,-2.68948195270014e-09,1.02015756879568,0.480209680747926,1,2.8961814815946,0.112034754188841,0.644957845826495,0.54500000026988,0.0566842231152682,1.77542675250388,0.403326551563857,0.00792570872655758,0.0042917
0.72,1.00079168831788,0.48245052205228,0.999999999796296,2.92621983714053,0.893516426867996,0.00412922363115277,-2.59232528776466e-09,1.00271688424674,0.484297549314739,1,2.92651978610489,0.110537164677694,0.630792706441685,0.545000000618705,0.0554940352609098,1.8158077054132,0.422546154362202,0.008034272086292,0.0042254
0.74,0.983306649776692,0.485920725336767,0.999999999746677,2.9560258928487,0.88914467038165,0.00402316158540324,-2.36959159849449e-09,0.985244844129882,0.487842033502275,1,2.9563421194078,0.1091748121088,0.616713016915758,0.545000000861471,0.0543143021577592,1.85548972990748,0.441915367655556,0.00814760118454459,0.004381
0.76,0.965813377011356,0.488860052353086,0.999999999702386,2.98531493319087,0.884757016751992,0.0039157112388193,-2.05946186326856e-09,0.96776010755458,0.490853944793518,1,2.98564749409927,0.107944184086855,0.602733932860064,0.545000000973304,0.0531455485584098,1.89447212792032,0.461412733810228,0.00826412301277676,0.0047819
0.78,0.948329411296966,0.491280085925897,0.999999999664701,3.01408654820051,0.880358943075872,0.00380731888954014,-1.70907224372741e-09,0.950280279032992,0.493344658823834,1,3.0144354680038,0.106841601937497,0.588869376221584,0.545000001000442,0.0519882321915679,1.93275492447663,0.481017247726201,0.00838242006620447,0.0045251
0.8,0.930871227754313,0.493192881311528,0.999999999634121,3.04234084066374,0.875955741038097,0.00369838396171594,-1.34891330105802e-09,0.932821913584994,0.495326035736492,1,3.04270611326078,0.105863251684442,0.57513206845487,0.545000000970322,0.0508427475766039,1.97033882489866,0.500708377326086,0.00850122933578235,0.0043099
0.82,0.913454246970858,0.494610889906286,0.999999999610636,3.07007839530691,0.871552510919456,0.00358926125761032,-9.99597382644884e-10,0.915400526982489,0.49681034435311,1,3.07045998559072,0.105005213291164,0.561533567146435,0.54500000090338,0.0497094299167599,2.00722517237609,0.520466080913086,0.00861943944105014,0.0039886
0.84,0.896092851188353,0.495546887079803,0.999999999593896,3.09730024832924,0.867154157026433,0.00348026341595706,-6.74380586929151e-10,0.898030610574654,0.497810190363252,1,3.09769809388807,0.104263487882637,0.548084305398737,0.545000000785416,0.0485885588855508,2.04341590609416,0.540270821559248,0.00873608615589362,0.0041375
0.86,0.878800404506028,0.496013904270683,0.999999999583236,3.12400785740987,0.862765384448226,0.00337166348814709,-3.91630692320182e-10,0.880725650150886,0.498338448676719,1,3.12442187027109,0.103634023113033,0.53479363522447,0.54500000061142,0.0474803623785037,2.07891352009141,0.560103578691922,0.00885034659714064,0.0039868
0.88,0.861589276569152,0.496025165426142,0.999999999577605,3.15020307230347,0.8583906970514,0.00326369762966639,-1.71519687341974e-10,0.863498148318111,0.49840820002684,1,3.15063314070361,0.103112736621407,0.52166987387043,0.545000000474312,0.0463850201485235,2.11372102299699,0.579945857050755,0.00896153234292399,0.0039281
0.9,0.844470869237539,0.495594027816962,0.999999999575882,3.1758881061244,0.854034396619447,0.00315656788935461,-7.67279573214581e-13,0.846359649893031,0.498032671863424,1,3.17633409628824,0.102695537022979,0.508720347221113,0.545000000366314,0.0453026671123018,2.1478418987768,0.599779693189738,0.00906908165146459,0.0040949
0.92,0.827455645756597,0.494733927216682,0.999999999577185,3.20106550740041,0.84970058301925,0.00305044486788046,1.31105686307361e-10,0.829320769836762,0.497225183530124,1,3.20152726531617,0.10237834343646,0.495951439072665,0.545000000281282,0.0442333968049217,2.18128006859785,0.61958765969924,0.00917255102421943,0.0040976
0.94,0.810553161983345,0.493458327395514,0.99999999958082,3.22573813296557,0.845393155316131,0.00294547041144645,2.32367298735877e-10,0.812391223288466,0.495999095682382,1,3.2262154861451,0.102157102970217,0.483368639661237,0.545000000214369,0.0431772645362138,2.21403985390211,0.639352867321738,0.009271606313074,0.004449
0.96,0.793772099251089,0.491780673844958,0.999999999586239,3.24990912175209,0.841115813737585,0.00284176025081011,3.09540055809517e-10,0.795579857285232,0.494367763868995,1,3.25040188096413,0.102027806382842,0.470976594494801,0.545000000161742,0.0421342904138238,2.24612594076348,0.659058965132236,0.0093660135391081,0.0060668
0.98,0.77712029848873,0.489714351621691,0.999999999593012,3.27358186952601,0.836872062393762,0.00273940656524351,3.67767043485397e-10,0.778894683786962,0.492344496172154,1,3.2740898304925,0.101986501997654,0.458779153193805,0.545000000123598,0.0411044622157274,2.2775433455856,0.678690138950481,0.00945562957909615,0.0044441
1,0.760604795243124,0.487272647175991,0.999999999600813,3.29676000460147,0.832665212666432,0.00263848045839371,4.12262295412799e-10,0.762342913656808,0.48994251477742,1,3.2972829496483,0.10202930793676,0.446779417471773,0.545000000093624,0.0400877380949089,2.30829738218374,0.698231108147093,0.00954039285293178,0.004365
1.02,0.744231855285119,0.484468714011276,0.999999999609395,3.31944736455809,0.828498387181325,0.00253903431459499,4.45966854556442e-10,0.745930991279368,0.487174921326077,1,3.31998506421301,0.102152422802351,0.434979789029956,0.545000000069452,0.0390840491466957,2.33839363028015,0.71766712100001,0.00962031413127734,0.0040098
1.04,0.728007010511453,0.481315542006459,0.999999999618564,3.34164797397751,0.824374524284785,0.00244110405218612,4.70969467869506e-10,0.729664629529846,0.484054665887353,1,3.34220018850895,0.102352134863969,0.423382016029101,0.545000000049931,0.0380933018040404,2.3678379054305,0.736983948751135,0.00969546756642292,0.0037752
1.06,0.711935094885319,0.477825930221733,0.999999999628163,3.36336602320665,0.820296382949083,0.00234471124776131,4.8894460036308e-10,0.713548844837523,0.480594519376694,1,3.36393250409846,0.10262482986409,0.411987238409348,0.545000000034147,0.0371153800858785,2.39663623038805,0.756167878506176,0.00976598202660275,0.0038991
1.08,0.69602028018776,0.474012463000761,0.999999999638065,3.3846058481483,0.81626654803611,0.00224986512854676,5.01237522598782e-10,0.697587992115819,0.476807049238284,1,3.38518633950611,0.102966997539149,0.400796031835951,0.545000000021366,0.0361501476975818,2.4247948079023,0.775205705113263,0.00983203280308563,0.0036504
1.1,0.680266111379943,0.469887489177477,0.999999999648167,3.40537191107285,0.812287435854234,0.00215656443038454,5.08929254294796e-10,0.681785799358753,0.472704598204934,1,3.40596615095914,0.103375236952887,0.389808450101021,0.545000000011002,0.0351974499875653,2.45231999494053,0.794084722148403,0.0098938337445637,0.0036084
1.12,0.664675541402763,0.465463104193455,0.999999999658385,3.42566878243984,0.808361299948115,0.00206479911970052,5.12889926085333e-10,0.666145401729624,0.468299265945997,1,3.42627650413537,0.103846260738324,0.379024065867232,0.545000000002586,0.0342571157656128,2.47921827831316,0.812792712128059,0.00995162986047796,0.0051702
1.14,0.649250965264788,0.460751134931889,0.999999999668652,3.44550112371277,0.80449023706632,0.00197455197950849,5.13820950232e-10,0.650669374992068,0.463602893413682,1,3.44612205690297,0.104376898342321,0.368442009667919,0.544999999995742,0.0333289589888015,2.50549625167729,0.831317936061399,0.0100056904234135,0.0056436
1.16,0.633994253292502,0.455763127076173,0.999999999678913,3.4648736711468,0.800676193256475,0.00188580006093511,5.1228791875246e-10,0.635359768156292,0.458627049699842,1,3.46550754303242,0.104964098363673,0.358061007103475,0.544999999990169,0.0324127803211164,2.53116059388741,0.849649122447039,0.0100563025905035,0.0047181
1.18,0.618906783437891,0.450510334804658,0.999999999689123,3.48379122052514,0.796920970042478,0.00179851600296243,5.0874891854846e-10,0.620218135234176,0.453383021218574,1,3.48443775685705,0.105604930072025,0.347879414196436,0.544999999985627,0.0315083685730183,2.55621804865753,0.867775455811463,0.0101037655547466,0.0040211
1.2,0.603989472557747,0.445003712638109,0.999999999699247,3.50225861281722,0.793226230642882,0.00171266922409187,5.03574781873792e-10,0.605245566016107,0.447881803034621,1,3.50291753885599,0.106296584190837,0.337895250887551,0.544999999981928,0.0306155020273452,2.58067540549537,0.885686564878902,0.0101483852293545,0.0037313
1.22,0.589242806596693,0.439253909262366,0.999999999709253,3.52028072072933,0.789593506193932,0.00162822699045685,4.97068839422352e-10,0.590442715799829,0.442134092163273,1,3.52095176213051,0.107036373023248,0.328106232672228,0.54499999997891,0.0297339496578803,2.60453948186594,0.903372510455185,0.0101904694614379,0.0037309
1.24,0.574666869621774,0.433271263155647,0.999999999719119,3.53786243611647,0.786024201944909,0.00154515536556316,4.89476263965114e-10,0.575809834017414,0.436150282674092,1,3.53854531974319,0.107821729995081,0.318509800391724,0.544999999976449,0.0288634722469127,2.62781710653968,0.920823773101149,0.0102303237656827,0.0036776
1.26,0.560261371670813,0.427065799857389,0.999999999728823,3.55500865822286,0.782519603397315,0.0014634200473412,4.8099778382493e-10,0.561346791720614,0.429940462438013,1,3.55570311288753,0.10865020868444,0.309103148205891,0.544999999974443,0.0280038234079387,2.65051510407829,0.938031240664508,0.0102682475638519,0.0036872
1.28,0.54602567538938,0.420647230723624,0.999999999738351,3.57172428271722,0.779080882363111,0.00138298709856067,4.71797392265214e-10,0.547053107897514,0.42351441136518,1,3.57243003985471,0.109519481398194,0.299883249767573,0.544999999968641,0.0271547505187906,2.67264028041038,0.954986195732698,0.010304530911047,0.0039574
1.3,0.53195882144254,0.414024953022146,0.999999999747675,3.58801419148882,0.775709102920398,0.00130382357619583,4.60508324806595e-10,0.532927974604645,0.416881600988891,1,3.58873098576346,0.110427337375374,0.290846882726738,0.544999999962829,0.0263159955749574,2.69419940944814,0.971680303063224,0.0103394516913288,0.0047706
1.32,0.518059552697406,0.407208051229277,0.999999999756751,3.60388324316929,0.772405227248926,0.00122589806886229,4.47126673464025e-10,0.518970280908544,0.410051195259384,1,3.60461081301856,0.111371680640065,0.281990651472891,0.544999999959528,0.0254872959605944,2.71519922069583,0.988105597042271,0.0103732732532084,0.0044865
1.34,0.504326337181141,0.400205299398592,0.999999999765548,3.61933626434556,0.769170121329338,0.00114918114546546,4.3255681703158e-10,0.505178635639368,0.403032052419492,1,3.62007435246328,0.11235052757488,0.273311008280186,0.544999999958035,0.0246683851501039,2.73564638780111,1.00425446921706,0.0104062424626141,0.0041833
1.36,0.490757389826489,0.393025164480557,0.999999999774048,3.63437804142929,0.76600456049353,0.00107364572266687,4.17449292910986e-10,0.491551388966598,0.395832727842569,1,3.63512639519144,0.113362004263639,0.264804272910736,0.54499999995782,0.0238589933433604,2.75554751800033,1.02011965594237,0.0104385881470384,0.0041757
1.38,0.477350693023262,0.385675810480413,0.999999999782245,3.64901331314838,0.762909234815969,0.00099926735831059,4.02264532795014e-10,0.478086652813242,0.388461477721306,1,3.64977168498471,0.114404343637434,0.256466650713244,0.544999999958483,0.0230588480377855,2.7749091424098,1.03569422617692,0.0104705199019688,0.0039466
1.4,0.464104015999557,0.378165103349921,0.999999999790141,3.66324676362706,0.759884754337708,0.000926024476609381,3.87318479511121e-10,0.464782320130295,0.380926263504129,1,3.66401491134167,0.115475882464718,0.248294249295825,0.544999999959731,0.0222676745430515,2.79373770711548,1.05097156946115,0.010502227231876,0.0037522
1.42,0.451014933060946,0.370500616516548,0.999999999797742,3.67708301602122,0.756931654116824,0.00085389853118076,3.72821666871912e-10,0.451636083057762,0.373234756983696,1,3.67786070306551,0.116575058219721,0.240283093842174,0.544999999961345,0.0214851964425936,2.81203956501508,1.06594538410368,0.0105338789976496,0.0037295
1.44,0.438080840719523,0.362689636961411,0.999999999805059,3.69052662667704,0.754050399100803,0.000782874111802947,3.58905865027734e-10,0.438645450002171,0.365394345949561,1,3.69131362237808,0.117700405859921,0.232429141140628,0.544999999963165,0.0207111360059618,2.82982096836741,1.0806096656002,0.0105656231426453,0.003708
1.46,0.425298973747609,0.354739171764717,0.999999999812105,3.7035820797813,0.751241388817903,0.000712939000517846,3.45645112531654e-10,0.425807761663544,0.35741214032437,1,3.70437815952911,0.118850554539984,0.224728292395382,0.544999999965077,0.0199452145558073,2.84708806200519,1.09495869530511,0.0105975866700083,0.0038115
1.48,0.41266642019319,0.346655955044443,0.999999999818892,3.71625378247323,0.748504961885903,0.000644084182443695,3.33072947000799e-10,0.413120206047039,0.349294978709827,1,3.71705872787004,0.120024224286403,0.217176404888254,0.544999999967004,0.0191871527930609,2.86384687716919,1.10898702937308,0.0106298758447547,0.0044851
1.5,0.400180135395832,0.338446455220773,0.999999999825435,3.72854606038845,0.745841400337872,0.000576303816382706,3.21194200125772e-10,0.400579832496301,0.341049435275281,1,3.72935965936313,0.121220222654238,0.209769302558162,0.544999999968889,0.0184366710836568,2.88010332592285,1.1226894879848,0.0106625765948766,0.0052632
1.52,0.387836955043049,0.330116882545079,0.999999999831747,3.74046315360692,0.743250933765582,0.000509595170021829,3.09994128144806e-10,0.388183564786748,0.332681826928022,1,3.74128520049768,0.122437441384617,0.202502785563727,0.544999999970695,0.0176934897098651,2.89586319610819,1.13606114486895,0.0106957550869653,0.005205
1.54,0.375633607307778,0.321673196838241,0.999999999837841,3.7520092129776,0.740733743282154,0.000443958524232103,2.99444486984155e-10,0.375928213317857,0.324198220710195,1,3.752839508586,0.12367485307928,0.195372638892558,0.544999999972402,0.0169573290891671,2.91113214680547,1.14909731712954,0.0107294584528151,0.0039293
1.56,0.363566724108033,0.313121115388684,0.999999999843731,3.76318829679422,0.73828996530624,0.000379397050679443,2.89509038964295e-10,0.363810486443928,0.315604441372781,1,3.76402664841328,0.124931507906095,0.188374640078464,0.544999999973998,0.0162279099633111,2.92591570426065,1.16179355538624,0.0107637156449243,0.0037554
1.58,0.351632851529772,0.30446612096573,0.999999999849427,3.774004367797,0.735919695170742,0.000315916666667927,2.80148313436255e-10,0.351827000982886,0.306906079082233,1,3.77485058921631,0.126206530341475,0.181504566076883,0.544999999959652,0.0155049535596452,2.94021925824639,1.17414563423299,0.0107985383996074,0.0036569
1.6,0.339828459453806,0.295713469908753,0.999999999854885,3.78446129047695,0.73362299055934,0.000253525870495426,2.6562315014189e-10,0.339974291942496,0.298108497220137,1,3.78531520196738,0.12749911598688,0.174758199395424,0.544999999942337,0.0147881817293652,2.95404805882391,1.18614954301886,0.0108339222896027,0.0036712
1.62,0.328149950427029,0.286868200257128,0.99999999985999,3.79456282866017,0.731399874775655,0.00019223556199099,2.44864359899564e-10,0.328248821502925,0.289216840240753,1,3.7954242569408,0.128808528422866,0.168131333463064,0.544999999931928,0.0140773170599675,2.96740721347458,1.19780147695336,0.0108698478458047,0.0035991
1.64,0.316593667817573,0.277935139890169,0.999999999864642,3.8043126433508,0.729250339848434,0.000132058849700575,2.2035827385025e-10,0.316646987293964,0.280236041555388,1,3.8051814215404,0.130134096136315,0.161619777338755,0.544999999926511,0.0133720829684925,2.98030168457209,1.20909782853725,0.010906281732708,0.0035808
1.66,0.305155903292618,0.268918914650126,0.999999999868785,3.81371429081232,0.727174349477562,7.30108480343858e-05,1.93902387479736e-10,0.305165130004386,0.27117083141641,1,3.8145902583678,0.131475209528305,0.155219359806369,0.544999999924642,0.0126722037760874,2.99273628716698,1.22003517931871,0.0109431779620829,0.0037298
1.68,0.29383290365657,0.259823956424865,0.999999999872392,3.8227712208682,0.725171841826022,1.51084673310277e-05,1.66773475029911e-10,0.293799540360034,0.262025744777198,1,3.82365422351203,0.132831317996444,0.148925932887282,0.544999999925229,0.0119774047646387,3.00471568705746,1.23061029197363,0.010980479130415,0.0041868
1.7,0.282620877086238,0.250654511170133,0.999999999875458,3.83148677540351,0.72324273216265,-4.16298010545207e-05,1.39856020098248e-10,0.28254646550613,0.252805129107572,1,3.83237666504243,0.134201927098134,0.142735374819116,0.544999999927465,0.0112874122178003,3.01624439912156,1.2408201027082,0.0110181176674122,0.0047285
1.72,0.271515998798428,0.241414646854308,0.999999999877994,3.8398641870508,0.72138691536075,-9.71841025319193e-05,1.13743361396244e-10,0.271402114828225,0.243513152147208,1,3.84076082168735,0.135586595796876,0.136643592541368,0.544999999930744,0.010601953447767,3.02732678588718,1.25066171398073,0.0110560170840388,0.0040276
1.74,0.260514416184133,0.232108261311276,0.99999999988002,3.84790657804372,0.719604268257701,-0.000151533438036305,8.88110918140208e-11,0.260362665244969,0.234153809582256,1,3.84880982168276,0.1369849337929,0.13064652372624,0.544999999934629,0.00992075680914685,3.03796705631816,1.26013238753955,0.0110940932097457,0.003918
1.76,0.249612253442219,0.222739089989574,0.999999999881561,3.85561695922368,0.717894651880688,-0.000204655882082134,6.52775966614152e-11,0.249424266004713,0.224730932632862,1,3.85652668177523,0.138396598938561,0.124740138390521,0.544999999938804,0.00924355170116878,3.04816926479545,1.26922953777302,0.0111322554097512,0.0035958
1.78,0.238805615744182,0.213310713588224,0.999999999882646,3.86299822918502,0.716257913543643,-0.000256528798613614,4.32471836120365e-11,0.238583043016634,0.215248195541526,1,3.86391430636515,0.139821294738348,0.118920440122092,0.544999999943042,0.0085700685594118,3.0579373102743,1.27795072536719,0.0111704077743796,0.0036671
1.8,0.228090592960228,0.203826565571733,0.999999999883306,3.8700531735455,0.714693888820448,-0.000307129053332904,2.27423058163347e-11,0.227835102745874,0.205709122954306,1,3.87097548677662,0.141258767932693,0.113183466952395,0.544999999947187,0.00790003883811744,3.06727493559907,1.28629365126652,0.011208450273434,0.0035997
1.82,0.21746326297564,0.194289939558613,0.999999999883571,3.87678446432966,0.71320240339933,-0.000356433221352968,3.7297454014131e-12,0.217176535700868,0.196117097188707,1,3.87771290064145,0.142708806164279,0.107525291904048,0.544999999951136,0.00723319498409516,3.07618572695884,1.29425615093273,0.0112462798697263,0.0039824
1.84,0.206919694625051,0.184703996579456,0.99999999988347,3.8831946594533,0.711783274823307,-0.000404417789176156,-1.38612321620733e-11,0.206603419539821,0.186475365383799,1,3.88412911138558,0.144171235725085,0.101942023240846,0.544999999954824,0.00656927040318096,3.08467311346791,1.30183618889656,0.0112837915866649,0.0044034
1.86,0.196455950271002,0.175071772202137,0.99999999988303,3.88928620229826,0.710436314121361,-0.000451059350141633,-3.01246672052023e-11,0.196111821822044,0.176787046529592,1,3.89022656780674,0.145645919382032,0.0964298044453714,0.544999999958214,0.00590799942009826,3.0927403668565,1.30903185359717,0.0113208795258648,0.00399
1.88,0.186068088051878,0.165396183523061,0.999999999882277,3.89506142136733,0.709161327334916,-0.000496334792617192,-4.5167638518253e-11,0.185697802428666,0.167055138374087,1,3.89600760373326,0.147132754278732,0.0909848139477262,0.544999999961287,0.0052491172325666,3.10039060125787,1.31584135250395,0.0113574378314131,0.0038522
1.9,0.175752163823145,0.155680036024624,0.999999999881234,3.90052253000979,0.70795811694401,-0.000540221480331723,-5.91043303188619e-11,0.175357415676066,0.157282524207633,1,3.90147443775444,0.148631669910562,0.0856032646271224,0.54499999996404,0.00459235986041242,3.10762677307919,1.32226300751521,0.0113933615982917,0.0036568
1.92,0.165504232814595,0.145926030300137,0.999999999879922,3.90567162620894,0.706826483197379,-0.000582697424356189,-7.20499215844959e-11,0.165086712144244,0.147471979525335,1,3.90662917301353,0.150142626170066,0.0802814031065135,0.54499999996648,0.00393746409043357,3.11445168094426,1.32829525062858,0.0114285477231027,0.0037829
1.94,0.155320351025231,0.136136768648463,0.999999999878361,3.91051069242334,0.705766225350499,-0.000623741446342541,-8.41170333387729e-11,0.154881740241281,0.137626178569209,1,3.91147379705526,0.151665611459438,0.0750155088589391,0.54499999996862,0.00328416741769081,3.12086796569722,1.33393661987778,0.0114628956959461,0.0037753
1.96,0.14519657637629,0.126314761541463,0.999999999876566,3.9150415954743,0.704777142815449,-0.000663333332722987,-9.54136680775284e-11,0.144738547523964,0.127747700752694,1,3.91601018172011,0.153200640866683,0.069801893142856,0.544999999970479,0.00263220798389495,3.12687811045716,1.33918575553059,0.0114963083328136,0.0040417
1.98,0.135128969641958,0.116462433968152,0.999999999874551,3.91926608647274,0.703859036226238,-0.000701453979656602,-1.06041397884839e-10,0.134653181793723,0.117839036970894,1,3.92024008307851,0.154747754401921,0.0646368977824528,0.54499999997207,0.00198132451351259,3.13248444071432,1.34404139654305,0.0115286924484738,0.0046415
2,0.125113595176281,0.106582131660129,0.99999999987233,3.9231858007789,0.703011708423083,-0.000738085528586487,-1.16096039448623e-10,0.12462169198604,0.107902595800612,1,3.92416514139825,0.156307015290141,0.0595168938077407,0.544999999973419,0.00133125624821491,3.13768912445941,1.34850237726506,0.0115599594702742,0.0043778
2.02,0.115146521453931,0.0966761272034705,0.999999999869912,3.92680225798911,0.702234965358899,-0.000773211492339606,-1.25665238215336e-10,0.114640128870654,0.0979407095948574,1,3.92778688113945,0.157878508316628,0.0544382799680957,0.544999999974542,0.000681742880225339,3.14249417233821,1.3525676243927,0.0115900259936874,0.0039423
2.04,0.105223821441598,0.0867466260427922,0.999999999867307,3.93011686194426,0.70152861693105,-0.000806816871764068,-1.34829996056853e-10,0.104704545579031,0.0879556404770614,1,3.93110671097137,0.15946233822122,0.0493974811319458,0.544999999975463,3.25244851748286e-05,3.14690143782433,1.3562361541628,0.0116188142808664,0.0036903
2.06,0.0953415728159913,0.0767957723836622,0.999999999864522,3.93313090075506,0.700892477741254,-0.00083888826295334,-1.43663285712139e-10,0.0948109979748302,0.0779495862406881,1,3.93412592380631,0.161058628137437,0.0443909465843457,0.544999999976197,-0.000616658544999128,3.1509126174038,1.35950706978571,0.0116462527037868,0.0037327
2.08,0.0854958580437022,0.0668256549999535,0.999999999861563,3.93584554683964,0.700326367786285,-0.000869413955156943,-1.52232395578269e-10,0.0849555448823655,0.067924686160369,1,3.93684569684604,0.162667518072493,0.0394151482333532,0.544999999976763,-0.00126606556854733,3.15452925076543,1.36237955911213,0.0116722761338026,0.0039104
2.1,0.075682764337487,0.0568383129530773,0.999999999858435,3.93826185696948,0.699830113081943,-0.000898384019520914,-1.60597721787783e-10,0.0751342481874109,0.0578830267210432,1,3.93926709163661,0.164289163424167,0.0344665787353679,0.544999999977175,-0.00191595575924224,3.15775272099198,1.36485289253058,0.0116968262797925,0.0038058
2.12,0.0658983835029273,0.0468357412303428,0.999999999855141,3.9403807723202,0.699403546222547,-0.000925790388839845,-1.6881468667407e-10,0.0653431728241188,0.0478266472719045,1,3.94139105412812,0.165923733530418,0.0295417495489134,0.544999999977451,-0.0025665881700031,3.16058425474725,1.36692642109185,0.0117198519771639,0.0042059
2.14,0.0561388116888484,0.0368198963099516,0.999999999851683,3.94220311852387,0.69904650687803,-0.000951626928536153,-1.76932459794445e-10,0.0555783866612579,0.0377575456122332,1,3.94321841473597,0.167571410247643,0.0246371889257373,0.544999999977603,-0.00321822179425705,3.1630249224551,1.36859957485763,0.0117413094302789,0.0051106
2.16,0.0464001490543807,0.0267927016603577,0.999999999848064,3.94372960572016,0.698758842230485,-0.000975889499111866,-1.84995414542757e-10,0.0458359603005114,0.0276776835164224,1,3.94474988840094,0.169232386553427,0.0197494398475943,0.544999999977643,-0.00387111562446513,3.16507563846679,1.36987186147032,0.0117611624108765,0.0044753
2.18,0.0366784993651009,0.0167560531819079,0.999999999844284,3.94496082860388,0.698540407351843,-0.000998576010343152,-1.93043980800669e-10,0.0361119667991397,0.0175889922057106,1,3.94598607464557,0.170906865169572,0.0148750579166127,0.544999999977583,-0.004525528707247,3.16673716121353,1.37074286494162,0.0117793824152978,0.0042096
2.2,0.0269699695303029,0.0067118245988322,0.999999999840342,3.94589726646686,0.69839106552416,-0.00101968646750953,-2.01114076503475e-10,0.0264024813289476,0.00749337777429781,1,3.94692745762474,0.172595057201227,0.0100106092067637,0.54499999997743,-0.00518172019451172,3.16801009334166,1.37121224465784,0.0117959487833234,0.0047366
2.22,0.0172706690931171,-0.00333812719022275,0.999999999836239,3.94653928323243,0.698310688503796,-0.00103922300996792,-2.09239452431123e-10,0.0167035807831777,-0.00260727342233875,1,3.94757440616865,0.174297180787851,0.0051526680836597,0.54499999997722,-0.00583994938997043,3.16889488182832,1.37127973459997,0.0118108487814637,0.0039377
2.24,0.00757670968492547,-0.0133919567948291,0.999999999831972,3.9468871274812,0.698299156730581,-0.00105718994239622,-2.17440359051582e-10,0.00701134334269619,-0.0127110894090043,1,3.94792717381696,0.176013459761739,0.000297814999629495,0.544999999977034,-0.00650047579043321,3.16939181807601,1.37094514277711,0.0118240776536715,0.0041235
2.26,-0.00211579554469959,-0.0234478250402234,0.99999999982754,3.94694093246708,0.698356359482874,-0.00107359375904378,-2.25708056689202e-10,-0.00267815198736978,-0.0228162072542104,1,3.94798589884281,0.177744122309852,-0.00455736572908313,0.544999999976739,-0.0071635591211973,3.1695010379848,1.37020835087206,0.0118356386423353,0.0041803
2.28,-0.0118107325114639,-0.0335038936911567,0.999999999822942,3.94670071612284,0.698482194979241,-0.00108844316133346,-2.34082158101503e-10,-0.0123688258595283,-0.0329207677473934,1,3.94775060426625,0.179489399634509,-0.00941628815641499,0.544999999976353,-0.00782945936486071,3.16922252200138,1.36906931409823,0.0118455429824203,0.0045858
2.3,-0.0215119867822619,-0.0435583201837232,0.999999999818175,3.94616638105488,0.698676570427275,-0.00110174906917116,-2.42595277200055e-10,-0.022064599073434,-0.0430229100818159,1,3.94722119785645,0.181249524608682,-0.0142823669451347,0.544999999975889,-0.0084984367828499,3.16855609514472,1.36752806126748,0.0118538098716561,0.0043936
2.32,-0.0312234441526125,-0.0536092523567372,0.999999999813237,3.94533771452716,0.698939402019917,-0.00111352462631941,-2.51275373841511e-10,-0.0317693930621329,-0.0531207665350307,1,3.94639747212274,0.18302473042141,-0.0191590196034358,0.544999999975358,-0.00917075192888303,3.16750142700846,1.36558469506859,0.0118604664195014,0.0054412
2.34,-0.040948991204696,-0.0636548231742534,0.999999999808123,3.94421438843463,0.699270614879438,-0.00112378520019589,-2.60146606478887e-10,-0.0414871303641426,-0.0632124571387857,1,3.94527910429477,0.184815249208926,-0.0240496687127226,0.544999999974769,-0.0098466656535965,3.1660580317405,1.36323939255668,0.0118655475776072,0.0048183
2.36,-0.0506925158350033,-0.0736931454308656,0.999999999802829,3.94279595926664,0.699670142949075,-0.00113254837645951,-2.69229651905792e-10,-0.0512217350703994,-0.0732960843302843,1,3.9438656562923,0.18662131066694,-0.0289577441396895,0.54499999997413,-0.0105264390994918,3.16422526800085,1.360492405854,0.0118690960544232,0.0042841
2.38,-0.0604579077404887,-0.0837223064314901,0.999999999797351,3.9410818680615,0.700137928832119,-0.0011398339487451,-2.78542913179084e-10,-0.0609771332349763,-0.083369727576761,1,3.94215657468565,0.188443140639591,-0.0338866852255763,0.544999999973449,-0.0112103336853043,3.16200233889922,1.35734406306302,0.0118711622164125,0.0039798
2.4,-0.0702490588519429,-0.0937403626374258,0.999999999791685,3.9390714403533,0.70067392357807,-0.00114566390390637,-2.88101382750487e-10,-0.0707572532382955,-0.093431437965412,1,3.94015119064787,0.190280959680421,-0.0388399429451997,0.544999999972729,-0.0118986110788782,3.15938829191409,1.35379476939301,0.0118718039783232,0.0038695
2.42,-0.0800698637030689,-0.103745334270599,0.999999999785824,3.93676388611276,0.701278086415326,-0.00115006240312319,-2.97919093839031e-10,-0.0805660260913229,-0.103479232750817,1,3.93784871990057,0.192134981580705,-0.0438209820279889,0.544999999971809,-0.0125915331575421,3.15638201879576,1.34984500850147,0.011871086684733,0.0040039
2.44,-0.0899242197234561,-0.113735199868047,0.999999999779765,3.93415829968397,0.701950384429637,-0.00115305575922418,-3.0806802442385e-10,-0.0904073856689373,-0.113511089852114,1,3.93524826265497,0.194005411860639,-0.0488332830329258,0.544999999970799,-0.0132893619549458,3.1529822554561,1.3454953440525,0.0118690829850408,0.0038854
2.46,-0.0998160274433037,-0.123707890778858,0.999999999773498,3.93125365971946,0.702690792187438,-0.00115467241057312,-3.1858039761801e-10,-0.100285268860323,-0.123524942292352,1,3.93234880355084,0.195892446218182,-0.0538803443685658,0.5449999999696,-0.0139923595932305,3.14918758184833,1.34074642149403,0.0118658727038664,0.0039022
2.48,-0.109749190597339,-0.133661285595991,0.999999999767017,3.92804882911636,0.70349929130295,-0.00115494289185522,-3.29524496578419e-10,-0.110203615623828,-0.13351867257262,1,3.92914921159577,0.197796268931322,-0.0589656842490863,0.544999999968428,-0.0147007881993752,3.14499642184051,1.33559897005648,0.011861542708668,0.0036724
2.5,-0.119727616114922,-0.143593204515636,0.999999999760313,3.92454255495661,0.704375869947775,-0.00115389980209955,-3.40890373706774e-10,-0.120166368933269,-0.143490106973778,1,3.92564824010798,0.199717051208213,-0.0640928425762612,0.544999999967235,-0.0154149098044478,3.14040704308719,1.33005380497554,0.0118561867762566,0.0035071
2.52,-0.129755213982805,-0.153501403617048,0.999999999753377,3.92073346845485,0.705320522301535,-0.00115157777025708,-3.52685880500307e-10,-0.130177474602148,-0.153437009778882,1,3.92184452666608,0.201654949480869,-0.0692653827369426,0.544999999965919,-0.016134986224461,3.13541755690394,1.3241118299422,0.0118499054596782,0.0034873
2.54,-0.13983589696645,-0.163383569056102,0.9999999997462,3.91662008491792,0.706333247941926,-0.0011480134186527,-3.6495499955436e-10,-0.140240880971682,-0.163357077409673,1,3.91773659306966,0.203610103631226,-0.0744868933015512,0.544999999958442,-0.0168612789212194,3.13002591815006,1.31777403978324,0.0118428059569337,0.0034964
2.56,-0.149973580175165,-0.173237311166177,0.999999999738752,3.9122008037202,0.707414051172137,-0.00114324532449446,-3.79915867654294e-10,-0.150360538447886,-0.173247932470869,1,3.9133228453151,0.2055826351733,-0.0797609896257556,0.544999999951607,-0.0175940488427437,3.12422992512567,1.31104152337583,0.011835001981806,0.0037113
2.58,-0.160172180455639,-0.183060158460399,0.999999999730979,3.90747390829981,0.708562940284561,-0.00113731398020793,-3.97337451829575e-10,-0.160540398872306,-0.183107117696383,1,3.90860157359128,0.207572645331597,-0.0850913153147078,0.54499999994595,-0.0183335562393743,3.11802721948943,1.30391546680004,0.0118266136392495,0.0040157
2.6,-0.170435615597717,-0.192849551529738,0.999999999722838,3.9024375661807,0.709779926757349,-0.00113026175221527,-4.16795593594092e-10,-0.170784414710215,-0.192932089792041,1,3.90357095230045,0.20958021306136,-0.090481543560499,0.544999999941557,-0.0190800604565206,3.11141528620429,1.29639715673336,0.0118177673046607,0.0039853
2.62,-0.18076780333543,-0.202602836831975,0.999999999714291,3.89708982902669,0.711065024382223,-0.00112213283882323,-4.3783508374418e-10,-0.181096538039316,-0.202720213169895,1,3.89822904011006,0.211605392983858,-0.0959353783268831,0.544999999938086,-0.0198338197007803,3.10439145351905,1.2884879840914,0.0118085955080941,0.0038592
2.64,-0.191172660125455,-0.212317260367181,0.999999999705312,3.89142863273351,0.712418248320904,-0.00111297322741831,-4.60124205403649e-10,-0.191480719321099,-0.212468753569816,1,3.89257378004172,0.213648213234391,-0.101456555365778,0.544999999935278,-0.0205950907779835,3.09695289299421,1.28018944791934,0.011799236823606,0.0036453
2.66,-0.20165409968426,-0.221989961236005,0.999999999695876,3.88545179756595,0.713839614087455,-0.00110283065121337,-4.8342414515901e-10,-0.20194090593615,-0.222174871564692,1,3.88660299960415,0.215708673217933,-0.107048843047487,0.544999999932686,-0.0213641288011905,3.08909661958154,1.27150315953869,0.0117898357637581,0.0036888
2.68,-0.212216031264232,-0.231617965077855,0.999999999685965,3.87915702834729,0.715329136453693,-0.00109175454577793,-5.07657027526424e-10,-0.212481040463674,-0.231835615946329,1,3.88031441097751,0.217786741268049,-0.112716042985488,0.544999999930287,-0.0221411868666687,3.08081949176721,1.26243084695406,0.0117805426790548,0.0036137
2.7,-0.222862357648036,-0.241198177386887,0.999999999675561,3.87254191470925,0.716886828274632,-0.00107979600558535,-5.32753539062018e-10,-0.223105058684538,-0.241447916989955,1,3.87370561125692,0.219882352203428,-0.118461990434362,0.544999999928194,-0.0229265156956289,3.07211821178952,1.25297435952493,0.0117715136618884,0.0038328
2.72,-0.233596972839438,-0.250727376704712,0.999999999664647,3.86560393141111,0.718512699230797,-0.00106700774078148,-5.5860386538598e-10,-0.233816887286049,-0.251008579596222,1,3.86677408276407,0.221995404777424,-0.124290554438348,0.544999999926307,-0.0237203632395546,3.06298932594281,1.24313567290714,0.0117629104542499,0.0036062
2.74,-0.244423759427655,-0.260202207689758,0.99999999965321,3.85834043873718,0.720206754484046,-0.00105344403437288,-5.85133506092465e-10,-0.244620441245557,-0.260514276310574,1,3.85951719343595,0.224125759016952,-0.130205637706657,0.54499999992509,-0.0245229742468239,3.05342922498023,1.23291689426927,0.0117549003582181,0.0035683
2.76,-0.255346585601182,-0.269619174064467,0.999999999641238,3.85074868298285,0.721968993243463,-0.00103916070004117,-6.12101018759862e-10,-0.255519620868869,-0.269961540221106,1,3.85193219730069,0.226273233448174,-0.136211176190456,0.544999999928128,-0.0253345897882884,3.04343414462879,1.22232026778851,0.0117476561479187,0.0034577
2.78,-0.266369301785838,-0.278974631442809,0.999999999628737,3.84282579703995,0.723799407237831,-0.00102421504082192,-6.37975041684062e-10,-0.26651830845822,-0.279346757737279,1,3.84401623505137,0.228437602185586,-0.14231113832169,0.544999999932057,-0.0261554467380651,3.03300016623136,1.21134818043127,0.0117413559817776,0.0043657
2.8,-0.277495736880547,-0.288264780042078,0.999999999615733,3.8345688010928,0.725697979090263,-0.00100866580840264,-6.62434622711321e-10,-0.277620364583349,-0.288666161253357,1,3.83576633472905,0.230618591895779,-0.148509523902146,0.544999999884178,-0.0269857772080583,3.02212321753107,1.20000316802283,0.0117361833128202,0.0035477
2.82,-0.288729694063121,-0.297485657284565,0.999999999602067,3.82597460343769,0.72766468059112,-0.00099257316358165,-7.04130584949785e-10,-0.288829623928004,-0.297915821702008,1,3.8271794125275,0.232815878687287,-0.15481036260788,0.544999999807273,-0.0278258079382059,3.01079907361482,1.18828792161085,0.011732326794294,0.003559
2.84,-0.300074946137078,-0.306633130296538,0.999999999587291,3.81704000143848,0.729699470867408,-0.0009759986382238,-7.735124185615e-10,-0.300149890682899,-0.307091641005323,1,3.81825227373247,0.235029084828778,-0.161217712063065,0.544999999748489,-0.0286757596292943,2.99902335803353,1.17620529412684,0.0117299801793846,0.0034578
2.86,-0.311535230389252,-0.315702888313942,0.999999999570915,3.80776168263274,0.731802294442978,-0.000959005098576358,-8.64056239890948e-10,-0.31158493345491,-0.316189344432456,1,3.80898161380978,0.237257775290289,-0.167735655433788,0.544999999703093,-0.0295358462190124,2.98679154411837,1.16375830734963,0.0117293422121066,0.0042264
2.88,-0.323114242926683,-0.324690435006414,0.999999999552565,3.79813622600323,0.733973079183717,-0.00094165670940699,-9.70942899414245e-10,-0.323138479661039,-0.32520447287527,1,3.79936401965683,0.239501454208821,-0.174368298539496,0.544999999667471,-0.0304062741075564,2.97409895651284,1.1509501591742,0.0117306165051973,0.0055396
2.9,-0.334815632460029,-0.333591080733648,0.999999999531949,3.78816010343085,0.736211734126018,-0.000924018899878595,-1.0906533987054e-09,-0.334814209374403,-0.334132375055754,1,3.78939597103354,0.241759561196099,-0.18111976641358,0.544999999638874,-0.0312872413185151,2.96094077294239,1.13778423118906,0.0117340114024094,0.0064466
2.92,-0.346642993499564,-0.342399934750778,0.999999999508836,3.77782968134572,0.738518147183538,-0.000906158330888793,-1.22065877405931e-09,-0.346615748588354,-0.342968199681585,1,3.77907384218947,0.244031467507336,-0.187994199274774,0.544999999615227,-0.0321789365966745,2.9473120262444,1.12426409656437,0.0117397398212253,0.0067264
2.94,-0.358599858928678,-0.351111897382352,0.999999999483038,3.76714122259458,0.740892182728099,-0.000888142863906774,-1.35917691324039e-09,-0.358546661863614,-0.351706887569088,1,3.76839390370495,0.246316472071025,-0.19499574786214,0.544999999594983,-0.0330815384393089,2.93320760668252,1.11039352825257,0.0117480190718696,0.0061631
2.96,-0.37068969191871,-0.359721652187618,0.999999999454396,3.75609088854324,0.7433336790406,-0.000870041531305687,-1.50498319584358e-09,-0.370610444322302,-0.360343163755963,1,3.75735232456503,0.24861379738089,-0.202128568083764,0.544999999576993,-0.0339952140578424,2.91862226457123,1.09617650750232,0.0117590706482098,0.004838
2.98,-0.382915877147993,-0.3682236581433,0.999999999422774,3.74467474143424,0.745842445627909,-0.00085192450816115,-1.65726561363045e-09,-0.382810512951689,-0.368871529629533,1,3.74594517448634,0.250922585252236,-0.209396814926661,0.54499999956043,-0.0349201182669285,2.90355061323756,1.08161723268558,0.0117731199857343,0.0041824
3,-0.395281711287142,-0.376612141873753,0.999999999388046,3.73288874702095,0.74841826040184,-0.000833863085459272,-1.81551087052867e-09,-0.395150197179692,-0.377286255100002,1,3.73416842651767,0.253241892446252,-0.216804635572693,0.544999999544705,-0.0358563922980073,2.88798713234857,1.06672012843647,0.011790396181574,0.0043379
3.02,-0.407790392711904,-0.384881089962443,0.999999999350097,3.72072877750015,0.751060866716485,-0.000815929644626072,-1.9794170214027e-09,-0.407632728683398,-0.385581370852178,1,3.7220179599367,0.255570686167347,-0.224356161662858,0.544999999529421,-0.0368041625345635,2.87192617163481,1.05148985509952,0.0118111316711943,0.0044726
3.04,-0.420445010404446,-0.393024241383073,0.999999999308814,3.70819061476671,0.753769970260425,-0.000798197633260281,-2.14882561522246e-09,-0.420261230391399,-0.393750660713465,1,3.70948956346593,0.257907839440176,-0.232055500649693,0.544999999514324,-0.0377635391663885,2.85536195504124,1.03593131848312,0.0118355618561093,0.0056544
3.06,-0.433248532003632,-0.401035080093339,0.999999999264089,3.69526995401481,0.756545235800619,-0.00078074154191455,-2.32366897279235e-09,-0.433038704640409,-0.401787654180578,1,3.69657893883238,0.260252126374982,-0.23990672617534,0.544999999499275,-0.0387346147603927,2.83828858533914,1.02004967991267,0.0118639246768164,0.0043557
3.08,-0.446203790964874,-0.408906827839408,0.999999999215813,3.68196240771131,0.759386283775167,-0.000763636881734557,-2.50393014766815e-09,-0.445968020446625,-0.409685619152454,1,3.68328170469663,0.262602217331826,-0.247913867410576,0.544999999484223,-0.0397174627457182,2.8207000492336,1.00385036657589,0.0118964601248732,0.0039865
3.1,-0.459313472790466,-0.416632437224548,0.999999999163878,3.66826350996821,0.762292686732546,-0.000746960162723476,-2.68960974381117e-09,-0.459051899852556,-0.417437554922168,1,3.66959340097788,0.264956673915169,-0.256080897207303,0.544999999458613,-0.0407121358044789,2.80259022300304,0.987339082150911,0.011933409687763,0.0037846
3.12,-0.472580100291933,-0.424204585101169,0.999999999108137,3.65416872134213,0.765263965612211,-0.000730788869102094,-2.88450902274918e-09,-0.472292903310707,-0.42503618548642,1,3.65550949360294,0.267313943417864,-0.264411718575198,0.544999999337577,-0.0417186641361858,2.78395287870884,0.970521817705341,0.0119750157187234,0.0038044
3.14,-0.48600601784675,-0.431615666351719,0.999999999048062,3.63967343409105,0.768299585846132,-0.000715201411470268,-3.1229811980893e-09,-0.485693414066552,-0.432473953237198,1,3.64102537970801,0.269672355791361,-0.27291015252872,0.544999999241524,-0.0427370538778649,2.76478169101442,0.953404862852059,0.0120215207375555,0.0036838
3.16,-0.499593374614527,-0.438857788130047,0.999999998982872,3.62477297791453,0.771398953384106,-0.000700277161793864,-3.3960327172622e-09,-0.499255621504787,-0.439743013106689,1,3.62613639332331,0.272030116505082,-0.281579920568492,0.544999999164787,-0.0437672849534528,2.74507024465475,0.935994817144868,0.0120731666286249,0.0035876
3.18,-0.513344106679116,-0.445922764641838,0.999999998911944,3.60946262621068,0.774561410480048,-0.000686096402073637,-3.69670924982303e-09,-0.512981503424934,-0.446835227243299,1,3.61083781157148,0.274385302127899,-0.290424628454849,0.544999999103224,-0.0448093092603748,2.72481204259857,0.918298601693962,0.0121301937595457,0.0036595
3.2,-0.527259918085072,-0.452802112550184,0.999999998834782,3.59373760288415,0.777786231349627,-0.000672740301155261,-4.01954849849063e-09,-0.526872807215048,-0.45374216030375,1,3.59512486141175,0.276735855254339,-0.299447747877554,0.544999999053889,-0.0458630485937931,2.70400051494699,0.900323470977977,0.0121928399999316,0.0038073
3.22,-0.541342260741563,-0.459487047099469,0.999999998750985,3.57759308973506,0.781072617674626,-0.000660290889282476,-4.36014843785416e-09,-0.540931029895721,-0.460455075453697,1,3.57899272696243,0.279079579481745,-0.308652596605996,0.544999999014776,-0.0469283924993049,2.68262902861313,0.882077024825768,0.0122613396382755,0.0036898
3.24,-0.555592313170653,-0.465968479058618,0.999999998660235,3.56102423446272,0.784419693957559,-0.000648831030285542,-4.71482916708511e-09,-0.555157397010667,-0.466964931177003,1,3.56243655743538,0.28141413447414,-0.318042317055476,0.544999998984606,-0.0480051960418041,2.66069089782873,0.863567220537205,0.0123359221925512,0.0038247
3.26,-0.570010958082048,-0.472237012592763,0.999999998562283,3.54402615931831,0.787826502731356,-0.000638444390930774,-5.08037089730352e-09,-0.569552840345262,-0.473262379001816,1,3.54545147571621,0.283737031152517,-0.327619853209215,0.544999998962674,-0.0490932774912881,2.63817939552415,0.844802385108041,0.0124168111109548,0.0039857
3.28,-0.58459875876241,-0.478282944180558,0.999999998456941,3.52659397044068,0.791291999630485,-0.000629215406926464,-5.45380810734742e-09,-0.58411797446031,-0.479337762259739,1,3.52803258762483,0.286045627038052,-0.337387925840768,0.544999998943922,-0.0501924159264415,2.61508776562917,0.825791227519402,0.0125042223601219,0.0037491
3.3,-0.599355934274513,-0.484096262702662,0.999999998344063,3.5087227679099,0.794815048330744,-0.000621229245183901,-5.83399618392378e-09,-0.598853072035348,-0.485181116002718,1,3.51017499189074,0.288337121795529,-0.347349005991331,0.54499999891442,-0.0513023487629121,2.59140923634189,0.806542851047603,0.0125983628994407,0.0035908
3.32,-0.614282333469687,-0.489666650835296,0.999999998223475,3.49040765655305,0.798394415366748,-0.000614571762244772,-6.22480502698864e-09,-0.613758038023891,-0.490782168210598,1,3.49187379087775,0.29060855324919,-0.357505286686949,0.544999998897585,-0.0524227692546916,2.56713703441359,0.787066765544777,0.0126994290432244,0.0038185
3.34,-0.629377407826609,-0.494983487891055,0.99999999809501,3.47164375753581,0.802028764846811,-0.00060932945925206,-6.62167458642671e-09,-0.628832382632393,-0.496130342430656,1,3.47312410209239,0.292856793366758,-0.367858652836544,0.544999998890904,-0.0535533238465241,2.54226440049643,0.767372899635301,0.0128076047083732,0.0037395
3.36,-0.644640183140212,-0.500035854257268,0.999999997958584,3.45242622077366,0.805716653064577,-0.000605589433809205,-7.02094911986252e-09,-0.644075193145342,-0.501214761998584,1,3.4539210705096,0.2950786438321,-0.378410620888252,0.545000014689214,-0.0546936313275103,2.51678460560089,0.747471612767161,0.012923059925267,0.0041078
3.38,-0.660069230130729,-0.504812537613195,0.999999997871046,3.43275023772845,0.809456526957526,-0.000603437725593508,-1.73283208226849e-09,-0.65948510463099,-0.506024255998283,1,3.43425988174855,0.297270453328374,-0.389162409764213,0.545000010139933,-0.0558431816191722,2.49069096870744,0.727373707050893,0.0130459474472568,0.0042004
3.4,-0.67566263392556,-0.509302041026183,0.999999997872893,3.41261105632961,0.813246707365707,-0.000602963120422204,1.91754384815113e-09,-0.675060269575768,-0.510547367125355,1,3.41413577612983,0.299428665155464,-0.400114755419801,0.545000006749558,-0.0570015095196798,2.46397687557586,0.707090438812238,0.0131764028604294,0.0041473
3.42,-0.691417962537953,-0.513492593140432,0.999999997935543,3.39200399618856,0.817085394276108,-0.000604254165286634,4.34738456789319e-09,-0.690798326510604,-0.514772361626008,1,3.39354406364393,0.301549460475444,-0.411267969397426,0.545000004246177,-0.05816803880655,2.43663579879676,0.686633529780535,0.013314540946728,0.0039692
3.44,-0.707332234492074,-0.517372160680095,0.999999998037777,3.37092446381759,0.820970657782979,-0.000607399394525688,5.87600830215252e-09,-0.706696367709087,-0.518687241489246,1,3.3724801398581,0.303628843481367,-0.422621875785225,0.545000002419046,-0.0593421406975533,2.40866131912056,0.666015177823326,0.0134604538643762,0.0040224
3.46,-0.723401885601977,-0.520928463388128,0.999999998164005,3.34936796983575,0.82490043253529,-0.000612487408883984,6.74686486235033e-09,-0.722750906055957,-0.522279759075275,1,3.35093950278661,0.305662641286716,-0.434175770066957,0.545000001105135,-0.0605231249197974,2.38004714809891,0.645248067132877,0.0136142088829941,0.0050166
3.48,-0.739622735055319,-0.524148991608298,0.999999998302921,3.32733014694982,0.828872512235235,-0.000619606774080723,7.14471333651546e-09,-0.73895784120454,-0.525537434366946,1,3.32891777074538,0.307646504719614,-0.445928376251042,0.545000000178624,-0.0617102360831593,2.35078715206938,0.624345377762909,0.013775846083268,0.004881
3.5,-0.755989950945083,-0.527021026699594,0.999999998446458,3.30480676890033,0.832884544220187,-0.000628845874030109,7.20901784490025e-09,-0.755312425163724,-0.528447575033365,1,3.30641070120872,0.309575910150005,-0.457877802453758,0.544999999542651,-0.062902651018767,2.32087537750825,0.603320794406039,0.0139453760436589,0.0047303
3.52,-0.772498015416362,-0.529531664472695,0.999999998588992,3.28179377041306,0.836934024166421,-0.00064029273993616,7.0443720190383e-09,-0.771809227478747,-0.530997299495402,1,3.28341421068053,0.311446162460897,-0.470021495098084,0.544999999122877,-0.0640994763798179,2.29030607777041,0.582188514294824,0.014122777539778,0.0045511
3.54,-0.78914068962079,-0.531667841836318,0.999999998726722,3.25828726816719,0.841018290956985,-0.000654034857330612,6.72860757333638e-09,-0.788442100195381,-0.533173563181232,1,3.25992439558768,0.313252399277353,-0.482356191917252,0.544999998862446,-0.0652997464153007,2.25907374122787,0.560963254101778,0.014307995284992,0.0043872
3.56,-0.805910978698291,-0.533416366837002,0.999999998857199,3.23428358278121,0.845134521760007,-0.000670158949908981,6.31908797288361e-09,-0.805204142824084,-0.534963188156081,1,3.23593755419647,0.31498959656904,-0.494877873990255,0.544999998718045,-0.0665024209310508,2.22717312081036,0.539660255706269,0.0145009377438055,0.0040592
3.58,-0.822801097034385,-0.534763952268761,0.999999998978966,3.2097792618094,0.849279727367665,-0.000688750738521871,5.85758414217708e-09,-0.822087667549045,-0.536352896303549,1,3.21145020954666,0.316652575743761,-0.507581717077753,0.544999998656845,-0.067706383472163,2.19459926494204,0.518295290688992,0.0147014750521847,0.004206
3.6,-0.839802434071041,-0.53569725301876,0.999999999091282,3.18477110373456,0.853450747849975,-0.00070989467363992,5.37404833522715e-09,-0.839084164956756,-0.53732934622595,1,3.18645913338933,0.318236012348994,-0.520462042572695,0.544999998654092,-0.0689104397659787,2.16134754985775,0.496884663407877,0.0149094370814313,0.0040016
3.62,-0.856905520979923,-0.536202907301303,0.999999999193918,3.15925618293296,0.857644248581436,-0.00073367363973482,4.88952160537793e-09,-0.85618427058943,-0.537879174017684,1,3.16096137110644,0.319734446497705,-0.53351226842455,0.544999998691261,-0.0701133164680815,2.12741371327072,0.475445212502882,0.0151246116841429,0.0039786
3.64,-0.874099998538281,-0.536267581914612,0.999999999286997,3.1332318755786,0.861856716702362,-0.000760168630078573,4.4183754965843e-09,-0.873377732660025,-0.537989038048246,1,3.1349542675801,0.321142295125324,-0.546724860458407,0.544999998754597,-0.0713136602542381,2.09279388935049,0.453994310671382,0.0153467431621707,0.0039299
3.66,-0.891374586579621,-0.53587802163283,0.999999999370881,3.10669588644276,0.866084458080172,-0.000789458391129538,3.97003034890986e-09,-0.89065338129743,-0.537645667869947,1,3.10843549396912,0.322453866176745,-0.560091284563853,0.544999998834003,-0.0725100373038089,2.05748464495556,0.432549862550924,0.0155755309972542,0.003934
3.68,-0.908717055422836,-0.535021102818881,0.999999999446084,3.07964627653362,0.870323594838938,-0.000821619036525945,3.55027157894483e-09,-0.907999099722033,-0.536835917339125,1,3.08140307533892,0.323663374794865,-0.573601960315416,0.544999998922173,-0.0737009332175758,2.02148301704984,0.411130300542112,0.0158106288850417,0.0038712
3.7,-0.92611419971448,-0.533683891312139,0.99999999951321,3.05208149150861,0.874570063527553,-0.000856723633158808,3.16225385432745e-09,-0.925401797782985,-0.53554682200854,1,3.05385541907854,0.324764961542838,-0.587246216679665,0.544999999013954,-0.0748847534112926,1.98478655121522,0.389754578401608,0.016051644112836,0.0037917
3.72,-0.943551815148389,-0.531853704607845,0.999999999572905,3.02400039077906,0.878819613997389,-0.000894841766233807,2.8072773261556e-09,-0.942847388318273,-0.533765660812263,1,3.02579134402507,0.32575271253097,-0.601012250624776,0.544999999104581,-0.0760598239945804,1.94739334115443,0.36844216243378,0.0162981373236743,0.003808
3.74,-0.961014678554319,-0.529518178302653,0.999999999625827,2.99540227721439,0.8830678090547,-0.000936039100221681,2.48492643351028e-09,-0.960320766826605,-0.531480022022596,1,2.99721011020183,0.326620681413583,-0.614887089927947,0.544999999192405,-0.0772243932173587,1.90930206905948,0.347213020109691,0.0165496227291386,0.0038832
3.76,-0.978486531871686,-0.526665336732335,0.999999999672618,2.96628692733923,0.887310024951829,-0.000980376980690485,2.19419227676098e-09,-0.977805794965328,-0.528677873411219,1,2.96811144906178,0.327362973538416,-0.628856436208228,0.544999999280466,-0.0783766481967536,1.87051204670052,0.326087605944086,0.0168055680730449,0.0043479
3.78,-0.995950070578335,-0.523283667720347,0.999999999713912,2.9366546215875,0.891541455101199,-0.00102790659260664,1.93516015656314e-09,-0.99528528841017,-0.525347636493755,1,2.93849559411199,0.327973579349313,-0.642905047077247,0.544999999354804,-0.0795146592340109,1.83102325706886,0.305086844464445,0.0170653985526107,0.0043845
3.8,-1.01338693705551,-0.519362201139579,0.999999999750292,2.90650617545634,0.895757107169146,-0.00107868102679172,1.70288970480214e-09,-1.01274100962979,-0.521478264678408,1,2.90836331177897,0.328446658934771,-0.657016161632064,0.544999999424067,-0.0806364805240774,1.79083639638503,0.284232110112062,0.0173284938804026,0.0044196
3.82,-1.03077771948642,-0.514890591092331,0.999999999782277,2.87584297046804,0.899951811509799,-0.00113274400001092,1.49555397399581e-09,-1.03015366613976,-0.517059325075347,1,2.87771593235828,0.328776421420972,-0.671171815823652,0.544999999487885,-0.0817400748928852,1.74995291626465,0.263545203928742,0.0175941935587956,0.0045522
3.84,-1.04810195691616,-0.509859201468973,0.999999999810344,2.8446669844826,0.904120224532776,-0.00119013206691092,1.31119261226331e-09,-1.04750291480576,-0.512081083654515,1,2.84655538087501,0.32895719423918,-0.685352754110138,0.544999999546165,-0.0828233492444361,1.70837506580631,0.243048326886686,0.0178617986933878,0.0045296
3.86,-1.06533815097466,-0.504259194393266,0.999999999834934,2.81298082222479,0.908256834774376,-0.00125087403212601,1.14781201432379e-09,-1.06476737276348,-0.506534593365927,1,2.81488420766515,0.328983459594606,-0.699538426441337,0.54499999959902,-0.0838841575854811,1.66610593334583,0.222764049737051,0.0181305751326413,0.0043313
3.88,-1.08246378483703,-0.49808262111225,0.999999999856447,2.78078774520418,0.912355970292255,-0.00131499025647133,1.00345925346801e-09,-1.08192463551156,-0.500411784759076,1,2.78270561847138,0.328849892781385,-0.713706994289389,0.544999999646679,-0.0849203073381271,1.62314948759872,0.202715279270102,0.0183997571083022,0.0042347
3.9,-1.09945534995476,-0.491322514777951,0.999999999875244,2.74809170088719,0.916411807439216,-0.00138249193873543,8.7626357725412e-10,-1.09895130271344,-0.493705558557538,1,2.7500235038309,0.328551402054297,-0.727835346780475,0.544999999689509,-0.085929566891781,1.5795106178905,0.182925220899954,0.018668551355968,0.0043349
3.92,-1.11628838105844,-0.483972984485531,0.999999999891652,2.71489735089926,0.920418381061555,-0.00145338040462693,7.64486713933364e-10,-1.11582301221266,-0.486409879562515,1,2.71684246751788,0.328083169061634,-0.741899128808452,0.544999999728073,-0.0869096739115088,1.53519517315398,0.163417337510655,0.018936141703966,0.0042675
3.94,-1.13293749988825,-0.476029309849058,0.999999999905962,2.68121009801396,0.924369596129405,-0.00152764647367212,6.66593109599487e-10,-1.13251448272326,-0.478519871175957,1,2.68316785378906,0.327440687982777,-0.755872784058807,0.544999999763565,-0.0878583441425209,1.49020999935324,0.144215304527464,0.019201694308001,0.0043015
3.96,-1.14937646804972,-0.467488035313032,0.999999999918443,2.64703611168281,0.928259240737313,-0.00160527007579546,5.81476378158639e-10,-1.14899956560214,-0.470031909751775,1,2.64900577316863,0.326619881259205,-0.769729500808657,0.544999999788452,-0.0887732972936686,1.44456297497718,0.125342961207568,0.0194643607766468,0.0048193
3.98,-1.16557824937001,-0.458347063343866,0.999999999929311,2.61238235150584,0.932081003435537,-0.00168621520014879,5.05318951127263e-10,-1.16525130604231,-0.460943717904096,1,2.61436312649805,0.325616944489702,-0.783441568216664,0.544999999815421,-0.0896522148482856,1.39826304423007,0.10682425817784,0.0197232899774261,0.0049337
4,-1.18151508192183,-0.448605745499284,0.999999999938753,2.57725658920734,0.935828484198422,-0.00177043773167584,4.38870344510176e-10,-1.18124201394489,-0.451254455826415,1,2.57924762696789,0.324428628512062,-0.796980099291857,0.54499999983913,-0.0904928315036412,1.35132024753435,0.088683201283612,0.0199776260960237,0.0067367
4.02,-1.19715855989369,-0.438264970371095,0.999999999946951,2.54166742817149,0.939495216480142,-0.00185787839593708,3.80957239087819e-10,-1.19694334463364,-0.440964809607002,1,2.54366781984343,0.323052150340027,-0.810315320350022,0.544999999859951,-0.0912928867446473,1.30374574895684,0.0709437918542688,0.0202265193813552,0.0071016
4.04,-1.21247972541908,-0.427327247355902,0.999999999954066,2.50562431991056,0.9430746853405,-0.00194846368444486,3.30539435822175e-10,-1.21232638946868,-0.430077075466152,1,2.50763309959284,0.321485264265372,-0.823416632327386,0.544999999878283,-0.0920501593959867,1.25555186016046,0.0536299635305464,0.0204691312110578,0.0054991
4.06,-1.22744917022065,-0.415796785086763,0.999999999960239,2.4691375780217,0.946560348178939,-0.00204210543616654,2.86721366649091e-10,-1.22736177629624,-0.418595238792094,1,2.47115372412767,0.319726299856213,-0.836252733459839,0.544999999894771,-0.0927624784636563,1.20675206048603,0.0367655158440297,0.0207046404276278,0.0050965
4.08,-1.24203714687727,-0.403679563373132,0.999999999965595,2.43221838892036,0.949945656716481,-0.00213870066955845,2.48839029381999e-10,-1.24201977954079,-0.406525046816958,1,2.43424082586989,0.317774199669671,-0.848791752840282,0.544999999910189,-0.0934277368343532,1.15736101277494,0.020374044785295,0.0209322507784232,0.0048364
4.1,-1.25621368936058,-0.39098339746794,0.999999999970248,2.39487881913787,0.953224080215294,-0.00223813161439105,2.16506883532477e-10,-1.25627043960436,-0.39387407375429,1,2.39690641936816,0.315628528251091,-0.861001439352609,0.544999999927562,-0.0940439000830312,1.1073945745544,0.00447887064396312,0.0211512017794642,0.0050653
4.12,-1.26994874231911,-0.377717993475968,0.999999999974318,2.3571318190363,0.956389128829302,-0.0023402678394207,1.90429219060209e-10,-1.27008369108954,-0.380651777217423,1,2.35916340519913,0.31328996467609,-0.872848702821778,0.544999999926607,-0.0946091151695213,1.05686980422408,-0.0108970365487066,0.0213607155787513,0.0053503
4.14,-1.28321229874588,-0.36389499379139,0.999999999977862,2.3189912207639,0.959434395870598,-0.00244494066688274,1.64007794012381e-10,-1.28342949920692,-0.366869544755478,1,2.32102556990653,0.310759067883463,-0.884301466067789,0.544999999936877,-0.0951214077811571,1.00580496190348,-0.0257311335976121,0.021560153979722,0.0052953
4.16,-1.29597454467072,-0.349528011340451,0.999999999980915,2.2804717352418,0.962353550864935,-0.00255199167348119,1.41283322818712e-10,-1.29627800357007,-0.35254072938247,1,2.28250758175349,0.308037799881214,-0.895326859245889,0.544999999945692,-0.0955791682846056,0.954219504623307,-0.0400013823198433,0.0217488482604535,0.0058275
4.18,-1.3082060100635,-0.334632651614111,0.999999999983545,2.24158894412409,0.965140393610214,-0.00266123734284469,1.21732526281452e-10,-1.30859966842262,-0.337680673036326,1,2.24362498208953,0.305128713844985,-0.905892517406818,0.544999999953262,-0.0959808076885848,0.902134075608304,-0.0536863288484286,0.0219262006361893,0.0056507
4.2,-1.31987772526835,-0.319226521585787,0.999999999985811,2.20235928450378,0.967788874827453,-0.00277247750787211,1.04906980880064e-10,-1.32036543818682,-0.322306716989324,1,2.20439417216548,0.302035149651632,-0.915966538914376,0.544999999959765,-0.0963248979167935,0.84957048740544,-0.0667651835588429,0.0220916675641594,0.0053168
4.22,-1.33096138125135,-0.30332922457852,0.999999999987765,2.16280003118925,0.970293124579611,-0.00288549609404172,9.04223185216372e-11,-1.33154689707476,-0.306438198339839,1,2.16483239526521,0.298761243722199,-0.925517690596013,0.544999999965352,-0.0966101724340872,0.796551698674875,-0.079217901073722,0.0222447633174843,0.0056219
4.24,-1.34142949237222,-0.286962340376805,0.999999999989448,2.12292927385482,0.972647480840937,-0.00300006166995234,7.79490605396e-11,-1.34211643136598,-0.290096431847099,1,2.1249577140628,0.295311932413046,-0.934515616925725,0.544999999970157,-0.0968355356121373,0.743101784515573,-0.091025259769335,0.0223850630207886,0.0054926
4.26,-1.35125556014632,-0.270149390012547,0.9999999999909,2.08276588933913,0.974846517969719,-0.00311592810278769,6.72056899020443e-11,-1.35204739283199,-0.273304676524824,1,2.08478898315791,0.291692948692825,-0.94293105105735,0.544999999974293,-0.097000072606573,0.689245900254963,-0.102168940181633,0.0225122051022019,0.0053501
4.28,-1.36041423636056,-0.252915784831825,0.999999999992151,2.04232950914637,0.976885074835514,-0.00323283536154196,5.79510128773164e-11,-1.36131426168407,-0.256088086584622,1,2.04434581678868,0.287910811680966,-0.950736025571913,0.54499999997785,-0.0971030582207316,0.635010238695427,-0.112631601690351,0.0226258931459359,0.00539
4.3,-1.368881483826,-0.235288759644427,0.999999999993231,2.00164048221117,0.978758282338534,-0.00335051047691329,4.99769825523856e-11,-1.36989280733805,-0.238473646513365,1,2.00364855177151,0.283972809051691,-0.95790407993113,0.544999999980913,-0.0971439644580221,0.580421980877584,-0.12239695684775,0.02272589713761,0.005221
4.32,-1.37663473299542,-0.217297289968568,0.999999999994161,1.96071983303183,0.980461590061233,-0.0034686686357116,4.31055369176705e-11,-1.37776024523297,-0.220490090277572,1,1.96271820576843,0.279886971000807,-0.964410465262211,0.544999999983551,-0.0971224662441914,0.525509240490202,-0.131449842714845,0.0228120541109961,0.0051116
4.34,-1.38365303264676,-0.198971993605046,0.999999999994964,1.91958921533246,0.981990791744301,-0.00358701452487911,3.71839803392564e-11,-1.38489538791204,-0.202167804868243,1,1.92157643103582,0.275662038395417,-0.970232337863105,0.544999999985821,-0.0970384460381023,0.470301002128077,-0.139776288572853,0.0228842681666068,0.0052346
4.36,-1.38991719283845,-0.180345017004077,0.999999999995657,1.87827086146195,0.983342049385549,-0.00370524378043568,3.20796544883766e-11,-1.39127878857632,-0.183538718627509,1,1.88024546386084,0.271307423887448,-0.975348940394703,0.544999999987769,-0.0968919966219187,0.414827053671196,-0.147363579391521,0.0229425099316875,0.0053599
4.38,-1.39540991838193,-0.161449907119582,0.999999999996254,1.83678752777955,0.984511915707785,-0.00382304445128957,2.76764566820082e-11,-1.39689287535619,-0.164636175029061,1,1.83874806994478,0.266833164626396,-0.979741773157883,0.544999999989455,-0.0966834215912156,0.359117913129595,-0.154200314459189,0.0229868155008846,0.0053808
4.4,-1.40011593114626,-0.142321469674244,0.99999999999677,1.79516243634058,0.985497354689442,-0.00394009860775353,2.3880204480526e-11,-1.40172207461324,-0.145494792812614,1,1.7971074860427,0.262249868803052,-0.983394746830012,0.544999999990908,-0.0964132342952184,0.303204750367197,-0.160276460611777,0.0230172848349976,0.0056085
4.42,-1.40402207961319,-0.122995614979427,0.999999999997215,1.75341921324685,0.986295759942211,-0.00405608396738201,2.06069827868368e-11,-1.40575292168588,-0.126150313593276,1,1.75534735821715,0.257568655604318,-0.986294322041653,0.544999999992158,-0.096082154463481,0.247119304183396,-0.165583399539306,0.0230340796637082,0.0054141
4.44,-1.40711743423608,-0.103509192661165,0.999999999997599,1.71158182407379,0.986904970704984,-0.00417067573346653,1.7783996497662e-11,-1.40897415762496,-0.106639438274444,1,1.71349167710796,0.252801093126593,-0.988429615042793,0.544999999993235,-0.0956911052216384,0.190893795291789,-0.170113968698505,0.0230374208906067,0.0052878
4.46,-1.40939336732598,-0.0838998168315414,0.99999999999793,1.66967450678657,0.987323285396296,-0.00428354801538733,1.53485402165707e-11,-1.41137681062866,-0.0869996537824888,1,1.67156471066007,0.247959127118529,-0.989792449402218,0.544999999994156,-0.0952412048535395,0.134560835790072,-0.173862495417941,0.0230275856643336,0.0056402
4.48,-1.41084361640067,-0.0642056834115606,0.999999999998216,1.62772170262304,0.987549472339627,-0.00439437347217321,1.32446231759851e-11,-1.41295426107658,-0.0672690518082085,1,1.62959093478597,0.243055008326355,-0.990377596020419,0.544999999994942,-0.0947337591488345,0.0781533357620856,-0.17682482384709,0.0230049040103207,0.005965
4.5,-1.41146433007383,-0.0444653814415628,0.999999999998463,1.58574798547256,0.987582777745385,-0.00450283005154694,1.14237508341895e-11,-1.41370228927724,-0.0474861413794766,1,1.58759496246756,0.23810121638191,-0.990182960419967,0.544999999995618,-0.0941702517366434,0.0217044076920953,-0.178998334471783,0.0229697549077914,0.0059011
4.52,-1.41125409572111,-0.0247177003315374,0.999999999998675,1.54377799026045,0.987422931106369,-0.00460861353839216,9.84606174370782e-12,-1.41361910527688,-0.0276896571979881,1,1.54560147182416,0.233110381173764,-0.989209012417901,0.544999999996209,-0.0935523334133184,-0.0347527305941195,-0.180381955994154,0.0229225626488761,0.0058182
4.54,-1.41021394872979,-0.00500143509603742,0.999999999998858,1.50183634086262,0.98707014752555,-0.00471142518049868,8.48139336540701e-12,-1.41270536032555,-0.00791836574757499,1,1.50363513368769,0.228095040830599,-0.98735457612416,0.545000000010418,-0.0928810555455605,-0.0911848537256874,-0.180976169455395,0.0228638218210182,0.0051118
4.56,-1.40834740695849,0.0146448119424865,0.999999999999065,1.45994759428193,0.9865250290448,-0.0048066174860055,1.22318866147062e-11,-1.41096413985359,0.0117891287797545,1,1.46172053923302,0.223068676824639,-0.984899079392825,0.544999999997066,-0.0921605023564628,-0.147558827167776,-0.180783004516286,0.0227937341097633,0.0053642
4.58,-1.40566037209858,0.0341828194985319,0.999999999999299,1.41813613744933,0.985788749326125,-0.00490100325465834,1.11757003651357e-11,-1.40840093807158,0.031394576692166,1,1.41988212821075,0.21804318588626,-0.981651635649217,0.54499999999371,-0.0913908378846585,-0.203841705660895,-0.179806027884728,0.0227130574393765,0.0058539
4.6,-1.40216105417383,0.0535749306746531,0.9999999999995,1.37642611503932,0.98486304673911,-0.00499296528445454,8.91120066626828e-12,-1.40502361456421,0.0508602711280716,1,1.37814411832116,0.213031035890533,-0.977633611367452,0.544999999994073,-0.0905746829003256,-0.260000825801106,-0.178050324488218,0.0226223825342055,0.0056294
4.62,-1.39785998819418,0.0727842423017451,0.999999999999657,1.33484139282661,0.983750076498856,-0.00508132137666992,6.77729872223359e-12,-1.40084233349747,0.0701492305664508,1,1.3365304362522,0.208044446774401,-0.972872247909911,0.544999999995203,-0.0897143875452423,-0.316003899351598,-0.175522471057368,0.0225222939360882,0.0056494
4.64,-1.39276994489741,0.0917747801491608,0.999999999999776,1.29340547930632,0.982452418602362,-0.00516544759734583,5.05028907583192e-12,-1.39586948629329,0.0892253736811209,1,1.29506465088113,0.203095315568752,-0.967391147815093,0.544999999996261,-0.0888123207957007,-0.371819104518743,-0.172230502436548,0.022413393363533,0.0057809
4.66,-1.38690582747001,0.110511663386263,0.999999999999863,1.25214145999045,0.980973079746293,-0.00524501658603663,3.70441455289195e-12,-1.39011959884163,0.108053684838965,1,1.25376990911005,0.19819515532124,-0.961211581186876,0.544999999997134,-0.0878709055884996,-0.427415173347351,-0.168183871101702,0.0222963043189062,0.0056061
4.68,-1.38028455876389,0.128961258028951,0.999999999999927,1.21107193640665,0.979315483189439,-0.00531979950051195,2.67252886488437e-12,-1.3836092245123,0.126600368705877,1,1.2126688747694,0.193355038032201,-0.954355463264136,0.544999999997822,-0.0868926103134967,-0.482761474794553,-0.163393400317419,0.0221716645806885,0.0052194
4.7,-1.37292495845172,0.147091318274944,0.999999999999973,1.1702189688048,0.977483450973697,-0.00538960068658211,1.88851601024669e-12,-1.37635682439405,0.144832992611095,1,1.17178367098319,0.188585520532436,-0.946829714835202,0.545000000002783,-0.0858798293366624,-0.537828093094947,-0.15787123139362,0.0220401197980315,0.0048709
4.72,-1.36484761626328,0.164871117222533,1.00000000000002,1.12960402496142,0.975481167617377,-0.00545354817222459,2.89045232194199e-12,-1.36838263632385,0.162720615525834,1,1.13113582634393,0.183896737961329,-0.938705600098105,0.544999999999122,-0.0848353718820496,-0.592585901089012,-0.151630765516184,0.0219021858706629,0.0049543
4.74,-1.35607473821512,0.182271555575482,1.00000000000008,1.08924792648339,0.973313186847292,-0.00551271007168919,2.57450949448627e-12,-1.35970853437238,0.180233902730576,1,1.09074622519703,0.179298034921288,-0.929972753053442,0.544999999998255,-0.0837614984974144,-0.647006628138274,-0.14468660069659,0.0217586903698034,0.0046229
4.76,-1.34662999353607,0.199265258196489,1.00000000000012,1.04917080338781,0.970984404739972,-0.00556659426460855,1.94646077034793e-12,-1.35035788052263,0.197345225471781,1,1.0506350622831,0.174798234210543,-0.920665435102841,0.54499999999822,-0.082660766727584,-0.701062921523962,-0.137054464778239,0.0216102373169415,0.0047611
4.78,-1.33653837082909,0.215826662222291,1.00000000000015,1.00939205802345,0.968500010605951,-0.0056149719047169,1.30562227696591e-12,-1.34035537031584,0.21402874513787,1,1.01082180193418,0.170405497991074,-0.910815388772356,0.544999999998453,-0.08153566473162,-0.754728402227097,-0.128751144607978,0.021457445750173,0.0045466
4.8,-1.32582601496184,0.231932082660849,1.00000000000017,0.969930327745943,0.965865466304836,-0.00565771705818673,7.48805462087517e-13,-1.32972687424435,0.230260481711064,1,0.971325141966791,0.166127307643336,-0.900453994925153,0.544999999998757,-0.0803886344870401,-0.807977714441898,-0.119794412183703,0.02130093272432,0.0046172
4.82,-1.31452006367594,0.24755976288952,1.00000000000018,0.930803453578254,0.963086480399042,-0.00569474759005765,3.01412228516179e-13,-1.31849927664591,0.246018366471364,1,0.932162982362106,0.161970448507503,-0.88961303054844,0.544999999999059,-0.0792220672113961,-0.860786568559797,-0.110202948478397,0.0211413039815776,0.0045946
4.84,-1.3026484842785,0.262689909804921,1.00000000000019,0.89202845390309,0.960168980309976,-0.00572600709534846,-3.74811293045935e-14,-1.30670031380019,0.26128227913732,1,0.893352398772383,0.157941000568675,-0.878324773455533,0.544999999999325,-0.0780382946821919,-0.913131777616449,-0.09999626555122,0.0209791491027769,0.0044315
4.86,-1.29023991154022,0.277304713815017,1.00000000000018,0.85362150298996,0.957119083829237,-0.00575145998279074,-2.80522272071331e-13,-1.29435841284929,0.276034069821648,1,0.85490962084341,0.154044335246196,-0.866621877507295,0.544999999999544,-0.0768395806183104,-0.964991287226076,-0.0891946275570259,0.0208150386510214,0.0049129
4.88,-1.27732348817384,0.291388354175241,1.00000000000018,0.815597914262247,0.953943070558434,-0.00577108979022308,-4.44799752579062e-13,-1.28150253306285,0.290257566355127,1,0.816850015296463,0.150285118176296,-0.854537192504437,0.544999999999716,-0.0756281129983155,-1.01634419907864,-0.0778189712513927,0.0206495221038744,0.0059412
4.9,-1.26392870925783,0.304926990377997,1.00000000000017,0.777972128197229,0.950647353589156,-0.00578489811539487,-5.47153433665303e-13,-1.26816201084847,0.303938567687162,1,0.779188073670219,0.146667317644971,-0.842103579411679,0.544999999999845,-0.074405997473671,-1.06717078813069,-0.0658908265637847,0.0204831261880289,0.0046899
4.92,-1.2500852718621,0.317908740452044,1.00000000000016,0.740757704719246,0.94723845165624,-0.00579290361755357,-6.02859984148893e-13,-1.25436640977372,0.317064824204359,1,0.741937404583947,0.143194193530945,-0.829348515172729,0.545000000010579,-0.0731752025129853,-1.11745251367316,-0.0534322377799982,0.0203163535966545,0.0041991
4.94,-1.23582293245285,0.330323648764972,1.00000000000018,0.70396732097344,0.943722956991008,-0.00579492378496054,3.2055424981148e-12,-1.24014537672051,0.329626005918236,1,0.705110730348401,0.139868438910268,-0.816317547009472,0.545000000003086,-0.0719377909305098,-1.16717202452673,-0.0404656858168352,0.0201496005854405,0.0039904
4.96,-1.22117136781266,0.342163638683314,1.00000000000026,0.667612770134834,0.940107519281518,-0.0057913436140263,4.3164405383389e-12,-1.22552850513999,0.341613659559725,1,0.668719887720448,0.136691979001288,-0.803033157954503,0.54499999999918,-0.0706954746714287,-1.21631315864472,-0.0270140120420314,0.019983424145323,0.00398
4.98,-1.20616004537698,0.353422456499489,1.00000000000034,0.631704965906812,0.936398817974839,-0.00578216522244203,4.02138766731453e-12,-1.21054520622017,0.353021155681332,1,0.632775832571688,0.133666174044279,-0.789527375253763,0.544999999997355,-0.0694500103320128,-1.26486093726174,-0.0131003442512279,0.0198182355000033,0.0040623
5,-1.19081810569321,0.364095610488384,1.00000000000041,0.596253952921462,0.932603533521922,-0.00576743740873403,3.06918934712244e-12,-1.19522458862219,0.363843626908854,1,0.597288648220249,0.130791796664008,-0.775831043382768,0.544999999996744,-0.0682030353209837,-1.31280155415845,0.00125197507841947,0.0196544262806102,0.0042185
5.02,-1.17517425133043,0.374180299322394,1.00000000000046,0.561268917782537,0.928728325431351,-0.0057472358315372,1.89718463162296e-12,-1.17959534728792,0.374077898504273,1,0.562267557158446,0.128069063847353,-0.761973941113862,0.54499999999682,-0.0669560832792057,-1.36012236033192,0.0160194578584634,0.0194923645554272,0.0041656
5.04,-1.15925664555031,0.383675334221173,1.00000000000049,0.526758203762288,0.924779811160351,-0.00572165350748528,7.52393702903104e-13,-1.16368566167383,0.383722412401841,1,0.527720935897013,0.125497670892166,-0.747984792963853,0.544999999997252,-0.0657105872928198,-1.40681184441725,0.0311785364672126,0.0193323929107707,0.0042659
5.06,-1.14309282083159,0.39258105589555,1.00000000000049,0.492729328415118,0.920764546211686,-0.00569079613747535,-2.36966002369238e-13,-1.14752310362612,0.392777145861963,1,0.49365633263889,0.123076826813973,-0.733891233150124,0.544999999997826,-0.0644678812807636,-1.45285960925276,0.0467056266060641,0.019174827734195,0.0045973
5.08,-1.12670959727102,0.400899247358603,1.00000000000048,0.459189003733924,0.916689005621794,-0.00565477958876739,-1.01966435294576e-12,-1.13113455498194,0.401243525854685,1,0.460080487491814,0.120805290752662,-0.719719754288765,0.544999999998419,-0.0632292015581094,-1.49825634498384,0.0625771867473732,0.019019959155378,0.0043363
5.1,-1.11013301079264,0.408633043654713,1.00000000000045,0.426143158544773,0.9125595669308,-0.00561372830269016,-1.58880908428959e-12,-1.11454613486233,0.409124340238377,1,0.426999354928914,0.118681408941361,-0.705495656719903,0.544999999998962,-0.0619956888524988,-1.54299379909939,0.0787697740296859,0.0188680513428132,0.0043356
5.12,-1.0933882510029,0.415786839511073,1.00000000000042,0.3935969628511,0.908382494673755,-0.0055677740986701,-1.96241245475224e-12,-1.09778313651537,0.416423646741955,1,0.394418128209804,0.116703151828043,-0.691243005389743,0.544999999999424,-0.0607683907623267,-1.58706474379019,0.0952600964973279,0.0187193430024837,0.0041313
5.14,-1.07649960843967,0.422366195854098,1.00000000000038,0.361554853847237,0.904163926402088,-0.0055170551628807,-2.16996198786776e-12,-1.08086997347362,0.423146680692893,1,0.362341265480876,0.114868150975751,-0.676984596799209,0.544999999999791,-0.0595482645971979,-1.6304629410104,0.112025061620326,0.0185740480017761,0.0041508
5.16,-1.05949043088368,0.428377746061259,1.00000000000033,0.330020563330329,0.899909860224011,-0.00546171514302528,-2.24510188217439e-12,-1.06383013470856,0.429299762360476,1,0.330772517282337,0.113173735406295,-0.662741936520935,0.545000000000074,-0.0583361805349794,-1.67318310561141,0.129041821066919,0.0184323560788441,0.0039149
5.18,-1.04238308833386,0.433829102741022,1.00000000000029,0.29899714625076,0.895626143837369,-0.00540190232222525,-2.21849205672017e-12,-1.04668614839608,0.434890204706361,1,0.299714955200452,0.111616966977801,-0.648535223721188,0.5449999999837,-0.0571329249474058,-1.71522086690297,0.146287811734192,0.0182944336160603,0.0040436
5.2,-1.02519894619273,0.438728765753738,1.00000000000018,0.268487010155716,0.891318465009525,-0.00533776873034655,-8.08650923999484e-12,-1.02945955385134,0.439926222254286,1,0.269171001416319,0.110194675264299,-0.63438336182041,0.544999999989932,-0.0559392044055871,-1.756572728979,0.163740793072492,0.018160424373894,0.003931
5.22,-1.00795834616339,0.443086032098745,0.999999999999987,0.238491945285788,0.886992343486111,-0.00526946987882188,-1.17110943165174e-11,-1.01217088114718,0.444416841709534,1,0.239142458916611,0.108903489847902,-0.620303943428851,0.544999999994484,-0.0547556486714783,-1.79723603012687,0.18137888076607,0.0180304505817689,0.0038812
5.24,-0.990680594330128,0.446910908218249,0.999999999999733,0.20901315511501,0.882653124215048,-0.00519716367955008,-1.36967415187357e-11,-0.994839637898209,0.448371814877917,1,0.209630542147108,0.107739872447416,-0.606313278781277,0.544999999997756,-0.0535828152062664,-1.83720890161798,0.199180576855799,0.0179046135757977,0.0050772
5.26,-0.973383955873113,0.450214025188094,0.999999999999451,0.18005128713314,0.878305971871173,-0.00512101004530844,-1.45045575550214e-11,-0.977484302670213,0.451801534354952,1,0.180635907905798,0.106700146726703,-0.592426412630341,0.545000000000059,-0.0524211927706455,-1.87649022615612,0.217124796410401,0.017782994765229,0.0045171
5.28,-0.956085655853879,0.453006557181654,0.999999999999161,0.151606463676167,0.873955866590914,-0.005041170382074,-1.44834189086325e-11,-0.960122324462663,0.454716952379584,1,0.1521586862889,0.105780526514589,-0.57865715107617,0.545000000001635,-0.051271205337101,-1.91507959623774,0.235190890869573,0.0176656565276271,0.0045387
5.3,-0.938801885507038,0.455300143525654,0.999999999998877,0.12367831264162,0.869607600846568,-0.00495780713666801,-1.38949829420128e-11,-0.942770127707833,0.45712950317419,1,0.124198511519819,0.104977142221145,-0.565018093664155,0.545000000002668,-0.0501332159521138,-1.9529772726556,0.253358668196574,0.0175526431042168,0.0050448
5.32,-0.921547813477855,0.457106814596425,0.999999999998609,0.0962659979354234,0.865265777383813,-0.00487108339528004,-1.29345423260859e-11,-0.925443122234018,0.45905102902437,1,0.0967545525077142,0.104286065407173,-0.551520669955006,0.5450000000033,-0.0490075305374436,-1.99018414335489,0.271608409989129,0.0174439814902489,0.0051108
5.34,-0.904337601456143,0.458438921741299,0.999999999998362,0.0693682495139573,0.860934808144535,-0.00478116252884923,-1.17466214533054e-11,-0.908155717650399,0.460493710288597,1,0.0698255429987605,0.103703331489223,-0.538175179812781,0.545000000003639,-0.0478944016096748,-2.02670168282859,0.289920885706178,0.0173396823163151,0.0045531
5.36,-0.887184423673511,0.459309071351362,0.99999999999814,0.0429833929010006,0.856618914096487,-0.00468820788132328,-1.04366293385213e-11,-0.890921341626848,0.461469999469717,1,0.0434098111991654,0.103224907386545,-0.524988623088577,0.54499997328462,-0.0467939874065164,-2.0625319122172,0.308277364174176,0.017239742148039,0.0038278
5.38,-0.870100489804893,0.459730064084767,0.999999999901756,0.0171093790301364,0.852322122585689,-0.00459229074711485,-9.62797340520162e-09,-0.873752461562152,0.461992559427461,1,0.0175053087644204,0.102846939218893,-0.511974161526115,0.544999983488691,-0.0457065677514816,-2.09767736025772,0.326659622552986,0.0171440825484288,0.0035391
5.4,-0.853097070586853,0.459714836244943,0.999999999649756,-0.00825618940560299,0.84804827735427,-0.00449369060062416,-1.55720445249582e-08,-0.856660609157985,0.46207420576392,1,-0.00789036093601962,0.102565402286883,-0.499136063253608,0.544999990912673,-0.0446321496140232,-2.13214102520627,0.345049952940064,0.0170527341890085,0.0036174
5.42,-0.836184525911098,0.459276405699049,0.999999999305601,-0.0331160307770248,0.843801033951609,-0.00439256252501229,-1.88434822234736e-08,-0.839656407442547,0.461727853372084,1,-0.0327799153554779,0.102376377574834,-0.4864806025968,0.5449999962266,-0.0435708294362192,-2.16592633783359,0.363431166678492,0.0169656491168714,0.0034949
5.44,-0.819372334996619,0.458427824047911,0.999999998915147,-0.0574731561816915,0.839583863618216,-0.00428906304258382,-2.02019063877397e-08,-0.822749599816407,0.460966467101021,1,-0.0571663661719717,0.102275996347947,-0.474013144885289,0.544999999947821,-0.042522648583539,-2.19903712558949,0.381786596657372,0.0168827677265996,0.0036213
5.46,-0.802669128045584,0.4571821316596,0.999999998510921,-0.0813308444792328,0.835400056571337,-0.00418334884003895,-2.02206908284093e-08,-0.805949080723035,0.45980301645987,1,-0.0810529936068441,0.102260452314603,-0.461738200775883,0.545000002474738,-0.0414876113056432,-2.23147757800441,0.400100097748323,0.0168040194031608,0.0040516
5.48,-0.786082719105145,0.455552316699465,0.999999998115416,-0.104692617761019,0.831252725731933,-0.00407557616547145,-1.93297853101622e-08,-0.789262927577157,0.458250434256228,1,-0.104443321700361,0.102326012311616,-0.449659478798303,0.545000004113287,-0.0404656903732989,-2.26325221338259,0.418356045523658,0.0167293231576236,0.0037909
5.5,-0.76962013979679,0.453551278020932,0.999999997743628,-0.127562217707051,0.827144810845006,-0.00396590045897745,-1.78490020630303e-08,-0.772698433614925,0.456321579042492,1,-0.12734109457416,0.102469025536304,-0.437779936017081,0.545000005095375,-0.0394568301638463,-2.29436584682808,0.436539333413468,0.0166585882854291,0.0038493
5.52,-0.753287673606364,0.451191791764925,0.999999997404991,-0.149943582929005,0.823079082937718,-0.0038544760877135,-1.60146669614388e-08,-0.756262141360485,0.454029201225858,1,-0.149750253701008,0.102685930925371,-0.426101823221331,0.545000005544811,-0.0384609490404638,-2.32482355963209,0.454635368453041,0.016591715099235,0.0037908
5.54,-0.737090890458367,0.448486481504575,0.999999997104659,-0.171840827320792,0.819058149039817,-0.00374145597885317,-1.40185351327201e-08,-0.739959876433475,0.451385912683702,1,-0.171674916193782,0.102973265766733,-0.41462674775091,0.545000005672565,-0.0374779424030828,-2.35463067003859,0.472630065765713,0.0165285952277801,0.0036133
5.56,-0.721034681327946,0.445447791755663,0.99999999684471,-0.193258219435706,0.815084457220282,-0.00362699191814901,-1.19764116135454e-08,-0.723796781451032,0.44840415971557,1,-0.193119354117959,0.1033276690671,-0.403355702705421,0.54500000557727,-0.0365076837901369,-2.38379270539434,0.490509841919474,0.0164691128421519,0.0036488
5.58,-0.705123292672259,0.44208796467195,0.99999999662526,-0.214200162879512,0.811160301728311,-0.00351123416048686,-9.9685944476844e-09,-0.70777734980568,0.445096199155634,1,-0.214087974825098,0.103745886795158,-0.392289117977782,0.545000005332572,-0.0355500275324181,-2.41231537568045,0.508261607288242,0.016413145059741,0.0035149
5.6,-0.68936036048949,0.438419019744037,0.999999996445085,-0.234671177702683,0.807287828308558,-0.00339433133698435,-8.04886841621038e-09,-0.691905459126978,0.441474077464873,1,-0.234585302298818,0.104224775363293,-0.381426903150567,0.545000004992992,-0.0346048105350391,-2.44020454841441,0.525872757541672,0.0163605625936283,0.003679
5.62,-0.673748943839218,0.434452736311422,0.999999996302083,-0.254675882790103,0.80346903962246,-0.00327643037063824,-6.25139119136961e-09,-0.676184404259707,0.437549612620101,1,-0.254615959499557,0.104761304221094,-0.370768488635503,0.545000004598443,-0.0336718540060204,-2.46746622490418,0.543331164379807,0.0163112303895536,0.0036144
5.64,-0.658291557681461,0.430200638700522,0.999999996193609,-0.274218979227476,0.799705800739414,-0.00315767639889294,-4.59595188573293e-09,-0.660616929614761,0.433334378616894,1,-0.274184651689885,0.105352557644273,-0.360312864997082,0.545000004177745,-0.0327509650714207,-2.4941065178299,0.560625165621351,0.0162650082492677,0.003662
5.66,-0.642990204913634,0.425673983803465,0.99999999611673,-0.293305234622072,0.795999844665143,-0.00303821270083408,-3.09196369840941e-09,-0.645205260770566,0.428839692405271,1,-0.293296150718335,0.105995735798815,-0.350058620416696,0.545000003751322,-0.0318419382707584,-2.52013163012353,0.57774355474689,0.016221751439855,0.0035543
5.68,-0.627846407504858,0.420883750916104,0.999999996068396,-0.311939468352686,0.792352777877865,-0.00291818062715508,-1.7414877362398e-09,-0.629951135222865,0.424076603080226,1,-0.31195528023648,0.106688155145588,-0.340003976204763,0.545000003331457,-0.030944556934153,-2.54554783511216,0.594675569991052,0.0161813112900068,0.0035264
5.7,-0.612861236645564,0.41584063365857,0.999999996045559,-0.33012653772101,0.788766085845669,-0.0027977195288176,-5.4216307887599e-10,-0.614855832199055,0.419055883153811,1,-0.330166901821336,0.107427248310757,-0.330146820689608,0.54500000292989,-0.030058594462872,-2.57036145788727,0.611410883070412,0.0161435357650117,0.0039586
5.72,-0.598035341847169,0.410555033807473,0.999999996045263,-0.347871324974766,0.785241138503696,-0.00267696669470998,5.12597289059601e-10,-0.599920201469931,0.413788021741,1,-0.347935901973065,0.108210563380292,-0.320484740794098,0.545000002552564,-0.0291838154820351,-2.59457885785922,0.627939587627014,0.0161082700401276,0.0036735
5.74,-0.583368978941799,0.405037056875589,0.999999996064705,-0.36517872517099,0.781779195668149,-0.00255605727999631,1.43152018239331e-09,-0.585144691106803,0.408283219498008,1,-0.365267179956242,0.10903576277542,-0.311015051937533,0.545000002199717,-0.0283199769141932,-2.61820641245374,0.644252187460667,0.0160753570502918,0.0037507
5.76,-0.568862036945663,0.399296509282262,0.999999996101254,-0.382053634846522,0.778381412370472,-0.00243512423320135,2.22341828504109e-09,-0.570529374145522,0.402551385158707,1,-0.382165636451761,0.1099006217907,-0.30173482638652,0.545000001876992,-0.0274668289699967,-2.64125050190594,0.660339584616749,0.016044638018745,0.0039004
5.78,-0.55451406376187,0.393342896965268,0.999999996152479,-0.398500941462476,0.775048844098625,-0.00231429823362041,2.89913558049187e-09,-0.556073974131031,0.396602133522275,1,-0.398636162985543,0.110803026700236,-0.29264091923892,0.54500000158452,-0.0266241160217883,-2.66371749510557,0.676193067390146,0.0160159529877122,0.0037832
5.8,-0.540324290709257,0.387185425293015,0.999999996216166,-0.414525513588363,0.771782451928542,-0.00219370761532119,3.46956294805515e-09,-0.541777889526817,0.390444784753,1,-0.414683632099701,0.111740972641755,-0.28372999303721,0.54500000132133,-0.0257915774266589,-2.68561373644704,0.691804298300125,0.0159891413194549,0.0037403
5.82,-0.526291655873189,0.380833000144237,0.999999996290314,-0.430132191791319,0.768583107537373,-0.00207347829398116,3.94524160896018e-09,-0.527640216983046,0.384088364861066,1,-0.430312888231589,0.112712561245246,-0.27499854059495,0.545000001085941,-0.0249689482635561,-2.70694553363696,0.707165302085473,0.0159640421852028,0.0039129
5.84,-0.512414826282598,0.374294230030438,0.999999996373129,-0.445325780196267,0.765451598088894,-0.00195373369273979,4.3361804102914e-09,-0.513659773465418,0.377541607241222,1,-0.445528739266137,0.113715998060533,-0.266442906179311,0.545000000878235,-0.0241559600018368,-2.72771914641225,0.722268453764087,0.015940495038056,0.0038052
5.86,-0.498692218924601,0.367577429144596,0.999999996463014,-0.46011103868283,0.762388630983716,-0.00183459466700189,4.65234499813495e-09,-0.499835117253877,0.370812955154184,1,-0.460335948727176,0.114749589821855,-0.258059305116112,0.545000000694468,-0.0233523411056762,-2.74794077612202,0.737106466796355,0.0159183400693818,0.0040206
5.88,-0.48512202061412,0.360690621227715,0.999999996558561,-0.474492675685275,0.759394838468522,-0.00171617942826036,4.90235336769718e-09,-0.486164567826447,0.363910565043532,1,-0.474739228573839,0.11581174158367,-0.249843841893597,0.545000000532102,-0.0225578175790407,-2.7676165561271,0.751672381387195,0.0158974186479756,0.0039617
5.9,-0.471702206741067,0.353641544152739,0.999999996658524,-0.488475341562361,0.756470782099936,-0.00159860346742233,5.09390993386194e-09,-0.472646224648589,0.356842310588571,1,-0.488743232568754,0.116900953750363,-0.2417925267978,0.545000000387361,-0.0217721134540425,-2.78675254297176,0.765959552957419,0.0158775737425077,0.0039779
5.92,-0.45843055892192,0.346437655132993,0.999999996761796,-0.502063622504674,0.753616957059637,-0.00148197947665808,5.23335980773242e-09,-0.459277984892818,0.349615787401134,1,-0.502352550185452,0.118015819055928,-0.233901291277611,0.545000000259213,-0.0209949512328307,-2.80535470828335,0.779961640811251,0.0158586503237575,0.0040876
5.94,-0.445304681586025,0.339086136469717,0.999999996867397,-0.515262034947931,0.750833796319579,-0.00136641727412013,5.32667641550676e-09,-0.446057560116882,0.342238318281542,1,-0.515571701023277,0.119155019476415,-0.226166001924362,0.545000000147799,-0.0202260522762336,-2.8234289313566,0.793672597023225,0.0158404957518596,0.0037247
5.96,-0.43232201752977,0.331593901760339,0.999999996974462,-0.52807502046162,0.74812167465555,-0.00125202372813029,5.37988416482437e-09,-0.432982491931628,0.334716958955872,1,-0.528405129699002,0.120317323109832,-0.218582473210063,0.545000000051412,-0.0194651371501593,-2.8409809923806,0.807086655564461,0.0158229601449624,0.0037121
5.98,-0.419479862473952,0.323967602495937,0.999999997082245,-0.540506941083286,0.745480912508666,-0.00113890268064881,5.39839252411399e-09,-0.420050166691992,0.327058504223332,1,-0.540857201185373,0.121501581061821,-0.211146479129557,0.544999999968465,-0.018711925934991,-2.85801656626789,0.820198321685274,0.0158058967272349,0.0036799
6,-0.406775378661308,0.316213634982758,0.999999997190099,-0.552562075069862,0.742911779695976,-0.00102715487295216,5.38704004071621e-09,-0.407257829246196,0.319269494448836,1,-0.552932196567862,0.122706724333667,-0.203853763731459,0.544999999897497,-0.0179661384956662,-2.87454121704651,0.833002361568373,0.0157891621587608,0.0040387
6.02,-0.394205607532313,0.308338147528718,0.999999997297471,-0.564244613038603,0.740414498971228,-0.000916877872941385,5.35013906954861e-09,-0.394602595779507,0.31135622234183,1,-0.564634309192,0.123931760731595,-0.196700050626437,0.544999999837178,-0.0172274947181155,-2.8905603927774,0.845493792264408,0.0157726168462456,0.0035646
6.04,-0.381767481518129,0.300347047841535,0.999999997403888,-0.575558654471242,0.737989249437602,-0.000808166004478863,5.29152327288772e-09,-0.382081465789694,0.303324739968052,1,-0.575967641174795,0.125175771809294,-0.189681051536956,0.544999999786293,-0.0164957147145655,-2.90607942096108,0.857667871919379,0.015756125234383,0.0037493
6.06,-0.369457834989888,0.292246010590522,0.999999997508949,-0.586508204556103,0.735636169814699,-0.000701110279133558,5.21458883184765e-09,-0.369691333231761,0.295180865946156,1,-0.586936200254892,0.126437909856066,-0.182792473963397,0.544999999750571,-0.0157705190006215,-2.92110350439897,0.869520090301389,0.0157395560775456,0.0036619
6.08,-0.357273414403589,0.284040485089067,0.999999997612343,-0.597097171344106,0.733355361562557,-0.00059579833123933,5.12479434888734e-09,-0.357428996869665,0.286930192786107,1,-0.597543896957258,0.127717394931416,-0.176030027977966,0.544999999731011,-0.0150516286448859,-2.93563771747653,0.881046159632429,0.0157227826927111,0.0037275
6.1,-0.345210887679633,0.27573570305953,0.999999997713871,-0.607329363195657,0.731146891865505,-0.000492314355153673,5.0279582453071e-09,-0.345291169872564,0.278578094330815,1,-0.607794542049326,0.12901351195551,-0.16938943223816,0.544999999710444,-0.0143387653950651,-2.94968700283672,0.892242005729215,0.0157056831925912,0.0035315
6.12,-0.33326685285557,0.267336686446643,0.999999997813387,-0.617208486496585,0.729010796479011,-0.000390739045066572,4.92371807325742e-09,-0.333274488692764,0.270129733266781,1,-0.617691844266676,0.130325607880438,-0.162866419354804,0.544999999690338,-0.0136316517848088,-2.96325616841398,0.903103759455713,0.0156881406975398,0.0036994
6.14,-0.321437846049975,0.258848255249485,0.999999997910747,-0.626738143622414,0.726947082443679,-0.000291149541009837,4.81223974446709e-09,-0.321375521261975,0.261590068673497,1,-0.627239408287431,0.131653088914714,-0.156456740498059,0.544999999671669,-0.0129300112163982,-2.97634988480045,0.913627748488654,0.0156700435305309,0.003632
6.16,-0.309720348774601,0.250275035345841,0.99999999800581,-0.635921831131353,0.72495573066944,-0.000193619377656535,4.69404060510204e-09,-0.309590774541727,0.252963863584995,1,-0.636440732935641,0.132995417824315,-0.150156169406414,0.544999999655053,-0.0122335680273958,-2.98897268291755,0.923810489396264,0.0156512853920509,0.0037154
6.18,-0.298110794630958,0.241621466286212,0.999999998098449,-0.644762938167372,0.723036698393877,-9.82184373910186e-05,4.56985979724312e-09,-0.297916701462964,0.244255692540347,1,-0.645299209595013,0.134352111308036,-0.143960505816258,0.544999999640839,-0.0115420475404098,-3.00112895196763,0.933648680029421,0.0156317655161134,0.0036017
6.2,-0.286605575426489,0.232891809037853,0.999999998188553,-0.653264745055835,0.721189921518507,-5.01290786111583e-06,4.44056173165553e-09,-0.28634970728884,0.235469949103003,1,-0.65381812081536,0.135722737448715,-0.137865578355615,0.544999999629183,-0.0108551760977283,-3.01282293764178,0.943139192223651,0.0156113888076518,0.0037267
6.22,-0.275201046744341,0.224090153662158,0.999999998276029,-0.66143042207514,0.719415316826925,8.59347557992827e-05,4.30706755594191e-09,-0.274886155433721,0.226610853331752,1,-0.66200063909516,0.137106913241069,-0.131867246943116,0.544999999620107,-0.0101726810822833,-3.0240587405612,0.952279064809585,0.0155900659616986,0.0036224
6.24,-0.263893532999621,0.215220426911303,0.999999998360803,-0.669263028388787,0.717712784088669,0.000174565863915634,4.17030598498503e-09,-0.263522372770269,0.21768245918867,1,-0.669849825824599,0.138504302196257,-0.125961404730731,0.544999999613538,-0.00949429092625094,-3.03484031493104,0.961065496928951,0.0155677135647423,0.0037171
6.26,-0.252679332013736,0.206286399732515,0.999999998442818,-0.676765511123229,0.716082208052691,0.000260825520253541,4.03117969227641e-09,-0.252254654455361,0.208688661871819,1,-0.677368630374388,0.139914612022722,-0.120143979626391,0.544999999609341,-0.00881973510851241,-3.04517146738668,0.969495841652614,0.0155442541787526,0.0037439
6.28,-0.241554719137266,0.197291694670502,0.999999998522035,-0.68394070457775,0.714523460334252,0.000344662644929726,3.89054232385878e-09,-0.241079268304403,0.199633205062669,1,-0.684559889316572,0.1413375923823,-0.114410935430289,0.544999999607343,-0.00814874414209357,-3.05505585601394,0.977567599896785,0.0155196164084399,0.0037861
6.3,-0.2305159509505,0.188239793160596,0.999999998598432,-0.690791329553496,0.713036401199011,0.000426029992175753,3.7491859217197e-09,-0.229992458742436,0.19051968808015,1,-0.691426325764382,0.142773032720216,-0.108758272616412,0.544999999607352,-0.00748104955264094,-3.06449698952561,0.985278414633149,0.015493734952315,0.0042214
6.32,-0.219559268569568,0.17913404270696,0.999999998672002,-0.697319992789584,0.711620881247988,0.000504884162903499,3.60783275255007e-09,-0.218990450359224,0.181351572935079,1,-0.697970548819056,0.144220760163365,-0.103182028783379,0.544999999601064,-0.00681638384872631,-3.073498226578,0.992626065388454,0.0154665506382571,0.0048625
6.34,-0.208680900584859,0.169977663941855,0.999999998742723,-0.703529186495021,0.710276743006833,0.00058118561226744,3.46421597185999e-09,-0.208069451094377,0.172132191280314,1,-0.704195053112301,0.145680637488948,-0.0976782788103109,0.544999999571168,-0.00615448048530374,-3.08206277521234,0.999608463028847,0.015438010444151,0.0042684
6.36,-0.197877065657208,0.160773757563437,0.999999998810463,-0.709421287965919,0.709003822422911,0.000654898652093845,3.30983631613426e-09,-0.197225655077368,0.162864751253479,1,-0.710102218433857,0.147152561192878,-0.0922431347792078,0.54499999953525,-0.00549507382221184,-3.09019369240679,1.00622364482416,0.0154080675036756,0.0035094
6.38,-0.187143974796156,0.151525311150869,0.999999998874987,-0.714998559278222,0.707801950274849,0.00072599144659215,3.14252648792026e-09,-0.186455245146211,0.153552344210406,1,-0.715694309434346,0.148636459545527,-0.0868727455450886,0.54499999940388,-0.00483789907292012,-3.09789388372582,1.01246976978726,0.0153766811012948,0.0036408
6.4,-0.176477833343436,0.14223520585675,0.999999998935691,-0.720263147046813,0.706670953494679,0.000794436005699582,2.92792321943117e-09,-0.175754395067451,0.144197951348656,1,-0.720973475394254,0.1501322908235,-0.0815632962376778,0.544999999331172,-0.0041826922558563,-3.1051661030548,1.01834511428354,0.015343816649119,0.0039956
6.42,-0.16587484268376,0.132906222977915,0.999999998991842,-0.725217082242566,0.705610656410228,0.000860208169497392,2.6871452263321e-09,-0.165119271479071,0.13480445022156,1,-0.725941750050588,0.151640041475511,-0.076311007377207,0.544999999300506,-0.00352919013317617,-3.11201295240834,1.0238480679057,0.0153094456596448,0.0035729
6.44,-0.155331201703885,0.12354105040662,0.999999999043067,-0.729862280059504,0.704620881905742,0.000923287591310645,2.43532742416612e-09,-0.154546035576895,0.125374621144152,1,-0.730601051473343,0.153159724425587,-0.0711121339236973,0.544999999299346,-0.00287713015321512,-3.11843688180203,1.02897712960889,0.015273545702205,0.0038803
6.46,-0.144843108019957,0.114142288965019,0.999999999089251,-0.734200539824787,0.703701452506792,0.000983657714466,2.18309203603433e-09,-0.144030844564114,0.115911153493262,1,-0.734953181984524,0.154691377407169,-0.0659629641221931,0.544999999318278,-0.00222625038733012,-3.12444018917778,1.03373090410165,0.0152361003509667,0.003621
6.48,-0.134406758992139,0.104712458626525,0.999999999130459,-0.7382335449449,0.702852191391286,0.00104130574428756,1.93767220935109e-09,-0.133569852882619,0.10641665190477,1,-0.738999828113044,0.156235061346402,-0.0608598181937737,0.544999999350012,-0.00157628946512059,-3.13002502037399,1.03810809848785,0.0151970991238729,0.0034792
6.5,-0.124018352544664,0.0952540046283856,0.999999999166872,-0.741962862881895,0.702072923329086,0.00109622261546206,1.70367652430053e-09,-0.123159213243974,0.0968936423717437,1,-0.742742560579335,0.157790858791358,-0.0557990468875804,0.544999999389904,-0.000926986508327369,-3.13519336913233,1.0421075191554,0.015156537413501,0.0038056
6.52,-0.113674087808543,0.0857693034803453,0.999999999198749,-0.745389945154066,0.701363475552609,0.00114840295491393,1.48404183164525e-09,-0.112795077477015,0.0873445782477428,1,-0.74618283430405,0.159358872381822,-0.050777029906117,0.544999999431784,-0.000278081063901327,-3.13994707713369,1.04572806890728,0.0151144164107513,0.0034505
6.54,-0.103370165603412,0.076260668874819,0.999999999226384,-0.748516127355909,0.700723678560551,0.0011978450404106,1.27948410977292e-09,-0.102473597208327,0.0777718461601394,1,-0.749321988435694,0.160939223358837,-0.0457901742192741,0.544999999468182,0.000370686963101214,-3.14428783405664,1.04896874433097,0.015070743022346,0.0034752
6.56,-0.0931027887742109,0.0667303575044583,0.99999999925006,-0.751342629192711,0.700153366856836,0.00124455075502072,1.0880297551807e-09,-0.0921909243911074,0.0681777718387682,1,-0.752161246392537,0.162532050118317,-0.0408349122833059,0.544999999507483,0.00101957737622376,-3.14821717765214,1.05182863340241,0.0150255297828317,0.0034
6.58,-0.0828681623977385,0.0571805747933738,0.999999999270047,-0.753870554525544,0.699652379627035,0.00128852553737985,9.10723620961523e-10,-0.0819432116972783,0.058564625865626,1,-0.754701715914541,0.164137506775492,-0.035907700156134,0.544999999547613,0.00166884975376472,-3.15173649382908,1.05430691332091,0.0149787947628209,0.0034205
6.6,-0.0726624938734621,0.0476134805486404,0.999999999286633,-0.756100891422874,0.699220561353191,0.00132977832854831,7.47864348227232e-10,-0.071726612787113,0.0489346293517113,1,-0.756944389121544,0.1657557617726,-0.0310050155448332,0.544999999586784,0.00231876351307725,-3.15484701674579,1.05640284857169,0.0149305614735302,0.0035952
6.62,-0.0624819929124152,0.0380311945390085,0.999999999300102,-0.758034512215386,0.698857762369243,0.00136832151518157,5.99106435572562e-10,-0.0615372824700732,0.0392899595474023,1,-0.758890142574269,0.167386996506307,-0.0261233557803848,0.544999999624348,0.00296957797306632,-3.15754982890296,1.05811578921301,0.0148808587690968,0.0036173
6.64,-0.0523228714374804,0.0284358020079931,0.999999999310732,-0.759672173551054,0.698563839358321,0.00140417086935696,4.63871856481972e-10,-0.0513713767700756,0.0296327553930489,1,-0.760539737335204,0.169031403974625,-0.021259235731494,0.544999999659879,0.00362155241409956,-3.15984586123446,1.05944516938509,0.0148297207475047,0.0037466
6.66,-0.0421813434079014,0.0188293591287328,0.999999999318785,-0.761014516447849,0.698338655793152,0.00143734548528653,3.41428112449167e-10,-0.0412250529079593,0.0199651230166795,1,-0.761893819026709,0.170689187439997,-0.0164091856664076,0.544999999692985,0.0042749461347616,-3.16173589319249,1.06039050603841,0.0147771866510827,0.0037274
6.68,-0.0320536245804624,0.00921389840818723,0.999999999324508,-0.762062066341829,0.698182082320675,0.00146786771313377,2.30902834630318e-10,-0.0310944692135429,0.0102891411859265,1,-0.762952917884126,0.172360559104668,-0.0115697490707285,0.544999999723474,0.00493001850488399,-3.16322055282445,1.0609513978791,0.0147233007674908,0.003534
6.7,-0.0219359322194272,-0.000408565951610171,0.999999999328131,-0.762815233128753,0.698093997091834,0.00149576309015896,1.31353630194986e-10,-0.0209757849793286,0.000606866721431155,1,-0.763717448802,0.174045738794264,-0.00673748042886142,0.544999999751286,0.00558702901423581,-3.16430031683921,1.06112752452967,0.0146681123321245,0.0035019
6.72,-0.0118244847670351,-0.0100360327274142,0.999999999329863,-0.763274311197673,0.698074286037321,0.00152106026942364,4.18166834492493e-11,-0.0108651602676355,-0.00907966012087385,1,-0.764187711371881,0.175744952645716,-0.00190894297651993,0.544999999776463,0.00624623731625576,-3.16497551066093,1.06091864590342,0.0146116754328205,0.0035811
6.74,-0.00171550148611915,-0.0196665083758266,0.999999999329894,-0.763439479455328,0.698122843089904,0.00154379094628511,-3.86565801591317e-11,-0.000758755682725454,-0.0187684102911053,1,-0.764363889910498,0.177458431795474,0.0029192935685663,0.544999999798909,0.00690790326617567,-3.16524630846909,1.06032460179138,0.0145540489177385,0.0034775
6.76,0.00839479791377069,-0.0292980017535753,0.999999999328397,-0.76331080134048,0.698239570353818,0.00156398978291412,-1.11049196505081e-10,0.00934726788068721,-0.0284573606028158,1,-0.764246053477475,0.179186411064199,0.00775065529064261,0.544999999818765,0.00757228695285717,-3.16511273322388,1.05934531166073,0.0144952963072672,0.0041526
6.78,0.0185101936554811,-0.0389285188490021,0.999999999325524,-0.762888224827671,0.698424378221525,0.00158169433106494,-1.76293752929284e-10,0.0194567495012591,-0.0381444883987964,1,-0.763834155882029,0.180929127633695,0.0125885663678195,0.544999999836548,0.00823964872364006,-3.16457465667647,1.05798077466418,0.014435485710744,0.003444
6.8,0.028634466267415,-0.0485560575167407,0.99999999932141,-0.762171582420225,0.698677185438025,0.00159694495333081,-2.35136603521383e-10,0.0295735284959535,-0.0478277662176396,1,-0.763128035678487,0.182686819711737,0.0174364513650232,0.544999999852398,0.00891024920144975,-3.16363179936427,1.05623106986006,0.0143746897487972,0.0036205
6.82,0.0387713969395641,-0.0581786022075796,0.999999999316176,-0.761160591132622,0.698997919112688,0.00160978474311795,-2.88273263038277e-10,0.0397014446748716,-0.0575051564534051,1,-0.762127416150724,0.184459725181166,0.0222977375209164,0.544999999866467,0.00958434929339522,-3.16228373059143,1.05409635664299,0.0143129854820255,0.0035143
6.84,0.0489247678511955,-0.0677941186855452,0.999999999309929,-0.759854852462726,0.699386514678473,0.00162025944356213,-3.36345244988946e-10,0.049844338574715,-0.0671746060007508,1,-0.760831905286007,0.186248080228666,0.0271758570219029,0.54499999987891,0.0102622101900308,-3.16052986839577,1.05157687538565,0.0142504543467032,0.0035163
6.86,0.0590983624588834,-0.0774005487243068,0.999999999302767,-0.758253852354656,0.699842915798213,0.0016284173656145,-3.799377878977e-10,0.0600060516595108,-0.0768340408779403,1,-0.759240995739017,0.188052117949036,0.0320742492559871,0.544999999889881,0.0109440933544115,-3.15836947950325,1.04867294829226,0.0141871820981906,0.0036135
6.88,0.0692959657334208,-0.0869958047750916,0.999999999294771,-0.756356961153456,0.700367074217485,0.00163430930551849,-4.19580636901184e-10,0.0701904264770771,-0.0864813608202089,1,-0.757354064787188,0.189872066920632,0.0369963630390525,0.544999999899532,0.0116302605000296,-3.15580167927201,1.04538498046471,0.0141232587625962,0.0035721
6.9,0.0795213643339427,-0.0965777645984174,0.999999999286018,-0.754163433553037,0.70095894956344,0.00163798846189582,-4.55749180616759e-10,0.0804013067594938,-0.0961144338360686,1,-0.755170374278827,0.191708149747562,0.0419456588058212,0.544999999908004,0.0123209735566595,-3.15282543162804,1.04171346118268,0.0140587785972941,0.0037633
6.92,0.0897783467073292,-0.106144265852094,0.999999999276572,-0.751672408539227,0.701618509088782,0.00163951035265518,-4.88867897274767e-10,0.0906425374555787,-0.105731090719261,1,-0.752689070575825,0.193560581564191,0.0469256107573692,0.544999999915428,0.0130164946230834,-3.14943954899539,1.03765896539939,0.0139938400607194,0.0040144
6.94,0.100070703100642,-0.11569310062812,0.99999999926649,-0.748882909330109,0.702345727359959,0.00163893273193227,-5.19313978486488e-10,0.100917964683053,-0.115329119509222,1,-0.749909184493141,0.195429568497343,0.0519397089566201,0.544999999921748,0.013717085905612,-3.14564269222414,1.03322215545475,0.0139285457918899,0.0038312
6.96,0.110402225473973,-0.125222009931307,0.999999999255822,-0.74579384331623,0.703140585888413,0.00163631550726448,-5.47484866331168e-10,0.111231435587701,-0.124906259893111,1,-0.746829631237581,0.197315306081861,0.0569914613626885,0.544999999927143,0.0144230096412484,-3.14143337051975,1.02840378300821,0.0138630025999715,0.0044652
6.98,0.120776707300654,-0.134728678092711,0.99999999924461,-0.742404002003593,0.704003072703635,0.00163172065719622,-5.73713556661921e-10,0.121586798096406,-0.134460197542688,1,-0.743449210348807,0.199217977624542,0.0620843957944163,0.544999999931938,0.0151345280042676,-3.13680994137814,1.02320469119378,0.0137973214641518,0.0036859
7,0.1311979432413,-0.144210727111221,0.999999999232891,-0.738712060962796,0.704933181866563,0.0016252121495068,-5.98215876834735e-10,0.131987900550453,-0.143988558379571,1,-0.739766605645869,0.201137752514061,0.0672220618126652,0.544999999938561,0.0158519029949953,-3.13177061053123,1.0176258169999,0.0137316175439848,0.0039239
7.02,0.141669728677611,-0.153665710917,0.999999999220706,-0.734716579788036,0.705930912921776,0.00161685586024247,-6.20334112966254e-10,0.142438591204963,-0.153488902762735,1,-0.735780385182991,0.203074784463889,0.072408032510451,0.544999999947057,0.0165753963091109,-3.12631343190832,1.01166819387714,0.0136660102003948,0.0034636
7.04,0.152195859091266,-0.163091109550811,0.999999999208109,-0.73041600207019,0.706996270286499,0.00160671949373949,-6.39393498147461e-10,0.15294271757971,-0.162958719592435,1,-0.731489001218742,0.20502920969088,0.0776459061983958,0.544999999953625,0.0173052691864002,-3.12043630761908,1.00533295457713,0.0136006230272378,0.0035057
7.06,0.162780129272585,-0.172484323253717,0.999999999195154,-0.725808655388557,0.708129262574482,0.00159487250379638,-6.5608841026688e-10,0.163504125645951,-0.172395420325167,1,-0.726890790203187,0.207001145032186,0.0829393079729927,0.544999999958711,0.0180417822375922,-3.1141369879648,0.998621334225994,0.0135355838930903,0.0038139
7.08,0.173426332342944,-0.181842666462103,0.999999999181883,-0.720892751326386,0.709329901853049,0.00158138601615515,-6.7095264455475e-10,0.174126658833165,-0.181796332894728,1,-0.721983972788061,0.208990685976647,0.088291891153871,0.544999999962661,0.0187851952468244,-3.10741307148497,0.991534673636135,0.0134710249933743,0.0034937
7.1,0.184138258574153,-0.191163361703505,0.99999999916833,-0.715666385515735,0.710598202830591,0.00156633275245146,-6.84394514394175e-10,0.184814156838863,-0.191158695534952,1,-0.716766653865502,0.210997904618548,0.0937073385747424,0.544999999965751,0.019535766948828,-3.1002620050469,0.98407442286016,0.0134070829122307,0.0035795
7.12,0.194919693987199,-0.200443533389367,0.999999999154519,-0.710127537717782,0.711934181972211,0.00154978695577711,-6.96724029580768e-10,0.195570454223821,-0.200479650500303,1,-0.7112368226414,0.213022847525754,0.0991893637118761,0.544999999968196,0.0202937547787229,-3.09268108398701,0.976242144991032,0.0133438986936345,0.0035805
7.14,0.205774418711902,-0.209680201501496,0.99999999914047,-0.704274071945197,0.713337856540879,0.00153182431798884,-7.08173502061986e-10,0.206399378774201,-0.209756237681158,1,-0.705392352749918,0.21506553351724,0.104741711632585,0.544999999970161,0.0210594145925514,-3.08466745231281,0.968039520212624,0.0132816179211052,0.0036934
7.16,0.216706205088076,-0.218870275169789,0.999999999126199,-0.698103736633793,0.714809243561326,0.00151252190888898,-7.18915416086933e-10,0.217304749611149,-0.218985388111381,1,-0.699231002416355,0.217125951345077,0.110368159744786,0.544999999971782,0.0218330003565629,-3.07621810297563,0.959468350104987,0.0132203908051316,0.003728
7.18,0.22771881548789,-0.228010546139648,0.999999999111719,-0.691614164871226,0.716348358703734,0.00149195810739333,-7.29074081107232e-10,0.228290375027474,-0.228163917366607,1,-0.692750414676057,0.21920405727597,0.116072518327222,0.54499999997316,0.0226147638031559,-3.06732987822484,0.950530562208703,0.0131603722773134,0.003852
7.2,0.238815999838029,-0.237097682128465,0.999999999097041,-0.684802874691175,0.717955215084135,0.00147021253479142,-7.38736503080876e-10,0.239360050029998,-0.237288518852607,1,-0.685948117657746,0.221299772567527,0.121858630818306,0.544999999974378,0.0234049540512839,-3.05799947005502,0.941228214852773,0.0131017220899832,0.0037978
7.22,0.250001492819286,-0.246128220071638,0.999999999082174,-0.677667269442062,0.719629821978235,0.00144736599019288,-7.47960271496598e-10,0.25051755356516,-0.246355756984171,1,-0.678821524940254,0.223412980834558,0.127730373839867,0.544999999975501,0.0242038171890337,-3.04822342075874,0.931563502250446,0.0130446049198612,0.0037429
7.24,0.26127901072005,-0.255098559259767,0.999999999067127,-0.670204638240078,0.721372183445306,0.00142350038824243,-7.56779776622809e-10,0.261766645404314,-0.255362060256076,1,-0.671367935992362,0.225543525300843,0.13369165693028,0.544999999976582,0.0250115958159824,-3.03799812359807,0.921538759867394,0.0129891904741174,0.0034845
7.26,0.272652247919095,-0.264004954370002,0.999999999051907,-0.662412156516979,0.723182296858576,0.00139869869917419,-7.6521040170974e-10,0.273111062664081,-0.264303714209057,1,-0.66358453670612,0.227691205932008,0.139746421959494,0.54499999997766,0.0258285285428439,-3.02731982360939,0.911156470066538,0.0129356535968981,0.0036975
7.28,0.284124872971867,-0.272843508395994,0.999999999036522,-0.654286886673903,0.725060151338459,0.00137304489126181,-7.73252750718714e-10,0.284554515935957,-0.273176854295091,1,-0.65546840003484,0.229855776445416,0.14589864219653,0.54499999997877,0.0266548494458225,-3.01618461855665,0.900419268033651,0.0128841743742114,0.0035274
7.3,0.295700524273342,-0.281610165482508,0.999999999020981,-0.645825778853225,0.727005726084844,0.00134662387570936,-7.80895703655917e-10,0.296100684998192,-0.281977458647956,1,-0.647016486747656,0.232036941208483,0.152152320998228,0.544999999991468,0.0274907874738259,-3.0045884600496,0.8893299479877,0.0128349382344547,0.0044719
7.32,0.307382805269306,-0.290300703672571,0.999999999005332,-0.637025671841282,0.729018988605143,0.00131952145401248,-7.8396723779406e-10,0.307753214081802,-0.290701340766732,1,-0.638225646313452,0.234234351956313,0.158511490083236,0.545000000007832,0.0283365658017045,-2.99252715484445,0.877891469679589,0.0127881360427969,0.0037443
7.34,0.319175279186763,-0.298910727576969,0.999999998989681,-0.627883294115729,0.731099892832096,0.00129182426775808,-7.81147733164291e-10,0.319515706661368,-0.299344142121916,1,-0.62909261792775,0.236447604427994,0.16498020735945,0.545000000020163,0.0291924011343322,-2.97999636634555,0.866106965182588,0.0127439641850622,0.003653
7.36,0.331081463252942,-0.3074356609781,0.99999999897413,-0.61839526505213,0.733248377129371,0.00126361975097351,-7.7388921937427e-10,0.331391719740118,-0.307901324695904,1,-0.619614031697094,0.238676234796145,0.171562554282009,0.544999999914034,0.0300585029483874,-2.966991616328,0.853979745977359,0.0127026246390965,0.0036084
7.38,0.343104822371288,-0.315870739382545,0.999999998958343,-0.608558096305393,0.735464362177999,0.00123499608580235,-8.04836943757438e-10,0.34338475759763,-0.316368163471998,1,-0.609786409996364,0.240919716144484,0.178262632630352,0.544999999751735,0.0309350726887975,-2.9535082869023,0.841513310333887,0.0126643250274948,0.0045464
7.4,0.355248762221674,-0.324211002539352,0.999999998941353,-0.598368193382403,0.737747748746906,0.00120604215915167,-8.94212242030789e-10,0.355498264967368,-0.324739738888608,1,-0.599606169015437,0.243177454640854,0.185084560745909,0.544999999638388,0.0318223028860844,-2.93954162274326,0.828711350992069,0.0126292786507889,0.0034794
7.42,0.367516621751092,-0.332451286943905,0.999999998922167,-0.587821857423318,0.740098415336765,0.00117684752156609,-1.02439244642482e-09,0.367735619610232,-0.333010929278185,1,-0.589069620512615,0.245448785519646,0.19203246917884,0.544999999561569,0.032720376209145,-2.9250867336071,0.815577763141924,0.0125977044957079,0.0034594
7.44,0.379911665019974,-0.340586218350244,0.9999999989001,-0.576915287210351,0.742516215690999,0.00114750234961162,-1.18222750700169e-09,0.380100124249289,-0.341176403313433,1,-0.578172973793254,0.24773296906016,0.199110495628658,0.544999999511788,0.0336294644621889,-2.91013859716159,0.802116652703562,0.0125698272123884,0.0034101
7.46,0.392437072368506,-0.348610204318122,0.999999998874698,-0.565644581423609,0.745000976175282,0.00111809740999956,-1.35798391198704e-09,0.392594997829989,-0.349230612486724,1,-0.566912337933113,0.25002918638086,0.206322779178613,0.544999999481843,0.0345497275018591,-2.89469206215589,0.788332344906064,0.0125458770566232,0.0034978
7.48,0.405095930866546,-0.356517426824738,0.999999998845673,-0.554005741164574,0.74755249301971,0.00108872402573971,-1.54452028056083e-09,0.405223366069399,-0.357167783652198,1,-0.555283724267015,0.252336535100207,0.213673453757554,0.544999999466299,0.0354813120811437,-2.87874185195787,0.774229393163281,0.0125260897913808,0.0034461
7.5,0.41789122401014,-0.364301834975032,0.999999998812862,-0.54199467276909,0.750170529419859,0.00105947404419761,-1.73665270608579e-09,0.417988251257381,-0.364981911664004,1,-0.543283049164527,0.25465402486854,0.221166640772622,0.544999999461083,0.0364243506162686,-2.86228256848847,0.759812588243323,0.0125107065417457,0.0040703
7.52,0.430825820627267,-0.371957137848673,0.999999998776189,-0.529607190932795,0.752854812493174,0.00103043980687707,-1.93066295395281e-09,0.430892561272221,-0.372666752148287,1,-0.530906137115508,0.256980572776996,0.228806440853649,0.544999999463163,0.0373789598736746,-2.84530869658382,0.745086967727036,0.012499973597075,0.0035336
7.54,0.443902462955243,-0.379476797526466,0.999999998735643,-0.516839022173093,0.755605030087413,0.00100171412071529,-2.1239241476678e-09,0.443939077773029,-0.380215814451127,1,-0.518148724149489,0.25931499865129,0.236596924647698,0.544999999470315,0.0383452395744956,-2.82781460881756,0.730057825749152,0.0124941421538916,0.0036419
7.56,0.457123753852317,-0.386854022343789,0.999999998691257,-0.50368580865289,0.758420827438188,0.000973390230642437,-2.31461072530689e-09,0.457130443531258,-0.387622354809454,1,-0.505006461614022,0.261656020240145,0.244542122600017,0.544999999480934,0.0393232709141947,-2.80979457081734,0.714730723014021,0.0124934679927061,0.0038409
7.58,0.470492143106389,-0.394081760423937,0.999999998643096,-0.49014311239244,0.761301803673048,0.000945561793121169,-2.50147436986477e-09,0.470469148864113,-0.394879369797201,1,-0.491474920338268,0.264002248302857,0.252646013652054,0.544999999493097,0.0403131149947613,-2.79124274711069,0.699111497075786,0.0124982110817587,0.0037192
7.6,0.484009912804578,-0.401152693549842,0.999999998591242,-0.476206419896818,0.764247508159764,0.000918322850203048,-2.68395933034067e-09,0.483957517133295,-0.401979590104501,1,-0.47754959520922,0.266352180563803,0.260912512259053,0.544999999396137,0.0413148110927784,-2.7721532075373,0.683206272870664,0.0125086351053524,0.0037565
7.62,0.497679161728027,-0.408059231438554,0.999999998535389,-0.461871147229213,0.767257436655209,0.000891767782975014,-2.9013502000907e-09,0.497597689273719,-0.40891547471361,1,-0.46322591018906,0.268704199760665,0.269345456226886,0.544999999328039,0.0423283751842418,-2.75251993426578,0.667021473486521,0.0125250068862922,0.0038916
7.64,0.511501788739425,-0.414793506489195,0.999999998474943,-0.44713264555529,0.770331027420146,0.000865991325374351,-3.14325617978279e-09,0.511391607318387,-0.41567920554151,1,-0.448499223803251,0.2710565655695,0.277948590372415,0.54499999928159,0.0433537977588059,-2.73233682945484,0.65056383115226,0.0125475957380914,0.003464
7.66,0.52547947513205,-0.421347369081616,0.999999998409491,-0.431986207191386,0.773467657056591,0.000841088518028243,-3.40188385905544e-09,0.525340996887798,-0.422262682625659,1,-0.433364835129923,0.273407410459787,0.286725550655833,0.544999999251393,0.0443910420773506,-2.71159772359941,0.633840398426528,0.0125766726999353,0.0034652
7.68,0.539613665910986,-0.427712383509932,0.999999998338759,-0.416427072191422,0.776666636226725,0.000817154681623188,-3.67138238033243e-09,0.539447348614981,-0.428657519936312,1,-0.417817990322123,0.275754734595962,0.295679846455176,0.544999999233468,0.0454400421276863,-2.69029638460432,0.616858559562083,0.0126125096654374,0.003389
7.7,0.553905549982006,-0.433879824642362,0.999999998262571,-0.400450435501364,0.779927205216689,0.000794285388009151,-3.94733390862705e-09,0.553711898480634,-0.434855041905936,1,-0.401853889695331,0.27809640077702,0.304814841347585,0.544999999224932,0.0465007005118662,-2.66842652762825,0.599626042018605,0.0126553783950517,0.0035316
7.72,0.568356039227392,-0.439840675406264,0.999999998180835,-0.384051454715083,0.783248529348266,0.000772576428976239,-4.2263582145096e-09,0.568135607037063,-0.440846280773778,1,-0.385467695413392,0.280430129448444,0.314133732331392,0.544999999223752,0.0475728862493195,-2.64598182574254,0.582150928092956,0.0127055494057516,0.0038024
7.74,0.582965746453116,-0.445585625204952,0.999999998093513,-0.367225258465444,0.786629694242729,0.000752123782174756,-4.50580756705669e-09,0.582719137504552,-0.446621974851258,1,-0.368654539806667,0.282753493824891,0.323639527426383,0.544999999228539,0.0486564324957061,-2.62295592144935,0.564441666631768,0.0127632907321998,0.0036454
7.76,0.597734962197739,-0.451105069380739,0.99999999800062,-0.349966955484813,0.790069700942577,0.000733023573570547,-4.78353356925246e-09,0.597462832729731,-0.452172567821755,1,-0.351409534356645,0.285063915165963,0.333335021594157,0.544999999238405,0.0497511341809203,-2.59934243910475,0.546507084786831,0.0128288665545001,0.0034766
7.78,0.612663630400484,-0.456389109846666,0.999999997902207,-0.332271644369395,0.793567460898427,0.000715372035833523,-5.05770785252926e-09,0.612366691002431,-0.457488209196318,1,-0.333727779381562,0.287358658252108,0.343222770927502,0.544999999252841,0.0508567455712752,-2.57513499829224,0.528356399769,0.0129025356885735,0.0045757
7.8,0.627751322934016,-0.46142755701734,0.999999997798363,-0.314134424081856,0.797121790830079,0.000699265462147108,-5.32668508412817e-09,0.627430340735478,-0.462558756054864,1,-0.315604374457626,0.289634827111722,0.353305065066342,0.544999999271623,0.0519729777621994,-2.55032722819235,0.509999230551314,0.0129845499365405,0.0040409
7.82,0.64299721301681,-0.466209933177306,0.999999997689207,-0.295550405226467,0.800731407472614,0.000684800155102121,-5.58890093316213e-09,0.642653014021119,-0.467373776210373,1,-0.297034429610265,0.291889361054407,0.36358389780953,0.54499999929474,0.053099496109151,-2.52491278299327,0.491445609466587,0.0130751522959423,0.0044411
7.84,0.658400047530584,-0.470725477433102,0.99999999757489,-0.276514722130516,0.804394922220408,0.000672072370662528,-5.84279465698491e-09,0.658033519088202,-0.471922552941448,1,-0.278013077309355,0.294119122746412,0.374060870079026,0.545000015137105,0.0542359338056709,-2.49888535838716,0.472705993639103,0.0131745749822072,0.0055425
7.86,0.673958118308099,-0.474963152438978,0.999999997512528,-0.257022545417006,0.808110839304169,0.000661175188529363,-3.93436714318817e-10,0.673570211696065,-0.476194091446106,1,-0.258535485301567,0.296320540178063,0.384737409042121,0.54500001033752,0.0553818154316381,-2.47223870919455,0.453791276183517,0.0132830377566155,0.0053603
7.88,0.689669232362505,-0.478911652952452,0.999999997541875,-0.237069096381856,0.811877539782653,0.000652206766621327,3.32807054803642e-09,0.68926096551437,-0.480177127176818,1,-0.238596870311835,0.298490121489254,0.395614366930447,0.545000006771024,0.0565366870945186,-2.44496666815793,0.434712797097742,0.0134007449984315,0.0052266
7.9,0.705530681172547,-0.482559416453013,0.999999997632812,-0.216649661796902,0.815693286204618,0.0006452628280207,5.76563934373537e-09,0.705103141552876,-0.483860136223319,1,-0.218192512644349,0.300624116964447,0.406692221477225,0.545000004147117,0.0576999978405227,-2.41706316594632,0.415482353774288,0.0135278838658845,0.0048399
7.92,0.721539209162009,-0.485894636066737,0.999999997763054,-0.195759608941687,0.819556213712382,0.00064043849424023,7.25860157757533e-09,0.721093556721558,-0.487231347915495,1,-0.197317771711443,0.302718599714802,0.417970979152563,0.545000002240788,0.0588711434417253,-2.38852225240425,0.396112211040425,0.0136646217396737,0.0044904
7.94,0.737690981396579,-0.488905275874167,0.999999997916293,-0.174394402365371,0.823464324465791,0.000637828315713762,8.06528518637586e-09,0.737228451619443,-0.490278759823399,1,-0.175968102516228,0.304769465210168,0.429450134702562,0.545000000878109,0.0600494589268449,-2.35933811907758,0.376615110634514,0.013811103674925,0.004202
7.96,0.753981550643391,-0.491579088815067,0.99999999808076,-0.152549621464905,0.82741548210212,0.000637526160997541,8.38140426395719e-09,0.753503457670234,-0.492990155335032,1,-0.154139073111691,0.306772431680863,0.441128628944433,0.544999999924953,0.0612342151740409,-2.32950512304483,0.357004280018691,0.0139674497658198,0.0055562
7.98,0.770405823935237,-0.493903637372863,0.999999998248118,-0.13022097903015,0.831407406263396,0.00063962506760015,8.35438743962394e-09,0.769913563744135,-0.4953531239946,1,-0.131826383055292,0.308723041511072,0.453004804967389,0.544999999278164,0.0624246162520472,-2.29901781207636,0.337293440420386,0.0141337524421789,0.005551
8,0.786958028804602,-0.495866317221764,0.999999998412607,-0.107404340791793,0.835437667227975,0.000644217070334339,8.09452636474342e-09,0.786453082428321,-0.497355084784307,1,-0.109025882873737,0.310616663733034,0.465076362885264,0.544999998858662,0.0636197969775299,-2.26787095113832,0.317496813987806,0.01431007372079,0.0050587
8.02,0.80363167937748,-0.497454384017569,0.999999998570389,-0.084095745984342,0.839503680687171,0.000651393008441427,7.68364461833908e-09,0.80311561613311,-0.498983312531021,1,-0.0857335945474941,0.312448497734433,0.477340313315318,0.544999998606036,0.0648188206266086,-2.23605955025065,0.297629129937269,0.0144964424376448,0.0044499
8.04,0.820419542543273,-0.498654983508827,0.999999998719043,-0.0602914289275066,0.843602702711602,0.000661242310295273,7.18181755843244e-09,0.819894023247089,-0.500224967615082,1,-0.0619457330188487,0.314213578294345,0.489792929793996,0.54499999847434,0.0660206768187082,-2.20357889370054,0.277705629563072,0.0146928514905911,0.0042079
8.06,0.837313604444755,-0.499455185137904,0.999999998857187,-0.0359878416220209,0.847731824955825,0.000673852754098288,6.63257978317218e-09,0.836780384582003,-0.501067129151735,1,-0.0376587287206041,0.31590678206499,0.502429700380817,0.544999998428795,0.0672242796064529,-2.17042457060365,0.257742069973664,0.014899255125248,0.004502
8.08,0.854305037561016,-0.499842019291303,0.999999998984183,-0.0111816773483805,0.851887970153803,0.000689310202956777,6.06694612770283e-09,0.853765970377027,-0.501496831805789,1,-0.0128692511151108,0.317522835617188,0.515245278745122,0.54499999844324,0.0684284658100588,-2.13659250679476,0.237754726411309,0.015115566300022,0.0041666
8.1,0.871384168686187,-0.499802518344951,0.999999999099917,0.0141301047515045,0.856067887961658,0.00070769831279019,5.50651240160946e-09,0.870841208161826,-0.501501106386892,1,0.0124257667750736,0.319056325166425,0.528233435076987,0.544999998498141,0.0696319936374869,-2.10207899801823,0.217760393006285,0.0153416541688563,0.0041196
8.12,0.888540448137284,-0.499323761632652,0.999999999204641,0.0399502541390338,0.860268151208014,0.000729098211657801,4.96584302567258e-09,0.887995651808319,-0.501067024355712,1,0.0382291028728318,0.320501708093264,0.541387007213346,0.544999998579026,0.0708335416338533,-2.06688074437598,0.197776381811214,0.0155773417226368,0.0046541
8.14,0.905762420555356,-0.498392924444301,0.999999999298843,0.0662812024295408,0.864485152615933,0.000753588149305526,4.45429229500848e-09,0.905217952131875,-0.500181746350166,1,0.0645432196265637,0.321853326365716,0.554697852423978,0.544999998675311,0.0720317080053376,-2.03099488597643,0.177820519956367,0.0158224036319801,0.0050705
8.16,0.923037697694803,-0.496997331134285,0.99999999938316,0.0931250360794557,0.868715102063861,0.000781243116129046,3.97740439694861e-09,0.922495829433429,-0.498832574815184,1,0.0913702367139175,0.323105421960106,0.568156800361253,0.544999998779354,0.073225010363777,-1.99441903971313,0.157911144763057,0.0160765643352138,0.0049719
8.18,0.940352933625769,-0.495124512389521,0.999999999458313,0.120483468272648,0.87295402445597,0.000812134431518775,3.5379718710259e-09,0.939816048404106,-0.497007010789051,1,0.118711902930435,0.324252154357184,0.581753607747525,0.544999998885746,0.0744118859377697,-1.95715133708494,0.138067096649616,0.0163394964158044,0.0044925
8.2,0.957693802803245,-0.492762266670545,0.999999999525062,0.148357810081385,0.877197758274487,0.000846329303156504,3.13684058284016e-09,0.957164395842908,-0.494692814863891,1,0.14656956733729,0.325287620154599,0.595476915464275,0.544999998990788,0.0755906922934188,-1.91919046295232,0.118307709663163,0.0166108193132078,0.0044573
8.22,0.975044981483298,-0.489898725797661,0.999999999584165,0.176748940990798,0.881441954887456,0.000883890362229369,2.77352434352443e-09,0.974525661665038,-0.491878072297092,1,0.174944149756102,0.326205874764925,0.609314208835847,0.54499999909194,0.0767597085993992,-1.88053569510565,0.0986527994706637,0.0168900984119009,0.0041861
8.24,0.992390132990811,-0.486522424607284,0.999999999636367,0.205657278889576,0.885682078683548,0.000924875186613225,2.44662263781939e-09,0.991883623702918,-0.488551262204278,1,0.203836110713347,0.32700095592613,0.623251782125793,0.544999999185086,0.0779171374250127,-1.84118694450148,0.0791226486448075,0.0171768445632617,0.0050485
8.26,1.0097118973634,-0.482622374551151,0.999999999682366,0.235082749642576,0.88991340809449,0.000969335840114843,2.1532536820245e-09,1.00922103682293,-0.484701330712804,1,0.233245420952226,0.327666952549055,0.637274623490917,0.544999999279286,0.0790611175639403,-1.80114479600241,0.0597379890842538,0.0174705136389353,0.0056332
8.28,1.02699188593711,-0.478188141083248,0.999999999722836,0.265024756597924,0.894131039243316,0.001017314699656,1.89379651516213e-09,1.02651962689762,-0.480317767897605,1,0.263171530645668,0.328197894421896,0.651366669335517,0.544999999357316,0.0801896862982173,-1.76041054943432,0.0405199814136383,0.0177705088286865,0.0055489
8.3,1.04421068136948,-0.473209924514167,0.999999999758398,0.295482149490741,0.898329885177675,0.00106885250750999,1.66243040666808e-09,1.04376009018434,-0.475390688258909,1,0.29361333846054,0.328587966750821,0.66551040718692,0.544999999429016,0.0813008515987656,-1.71898626075276,0.02149019121714,0.0180761785049132,0.0049482
8.32,1.06134784368166,-0.467678644054368,0.999999999789591,0.326453193567707,0.902504683616871,0.00112398043939102,1.45687629071739e-09,1.0609220986666,-0.469910914433971,1,0.324569160639703,0.328831433433831,0.679687090429034,0.544999999494342,0.0823925409716104,-1.67687478309059,0.00267056197384262,0.0183868199023724,0.005101
8.34,1.07838192291662,-0.461586024710816,0.999999999816908,0.357935539312675,0.906650001417741,0.00118272141010341,1.27483939849066e-09,1.07798431191191,-0.463870063763213,1,0.356036700285289,0.328922697995083,0.693876678885628,0.54499999955345,0.0834626284552499,-1.63407980743301,-0.0159166154276783,0.0187016805795993,0.0053761
8.36,1.09529047890535,-0.454924686509493,0.999999999840798,0.389926192233305,0.910760241382529,0.00124508946298265,1.11408152037024e-09,1.09492439598941,-0.457260637255485,1,0.388013017043147,0.32885634128628,0.708057841088966,0.544999999606634,0.0845089390157927,-1.59060590264604,-0.0342487366986956,0.0190199609982407,0.0055681
8.38,1.1120501086768,-0.447688235520815,0.999999999861663,0.422421483358152,0.914829650426886,0.00131108908475982,9.72469820226205e-10,1.1117190499706,-0.450076110418555,1,0.420494497404523,0.328627160991115,0.722207966043154,0.544999999654273,0.0855292555308619,-1.54645855456304,-0.0523029217665714,0.0193408176467901,0.0054084
8.4,1.12863648200125,-0.439871356064702,0.999999999879868,0.45541704061793,0.918852329162369,0.00138071450399675,8.48007957188158e-10,1.12834404050609,-0.442311025340352,1,0.453476825856557,0.32823021260923,0.736303185513768,0.544999999696809,0.0865213268943256,-1.50164420381388,-0.0700560560578207,0.0196633666958377,0.0047461
8.42,1.14502438551374,-0.431469903390648,0.999999999895737,0.488907761345931,0.922822242935944,0.00145394899812584,7.38859036175613e-10,1.14477424492979,-0.433961083325183,1,0.486954957127581,0.327660851229934,0.750318408226341,0.544999999734781,0.0874828769246077,-1.45617028206211,-0.0874848354813611,0.0199866881692508,0.0046024
8.44,1.16118777580928,-0.422480996047531,0.999999999909559,0.522887786150842,0.926733234342815,0.00153076425489386,6.43380175802083e-10,1.16098370328863,-0.425023237308645,1,0.520923089786336,0.326914772696406,0.76422736816571,0.544999999769074,0.08841161386804,-1.41004524629891,-0.104565815115511,0.0203098306969545,0.0048553
8.46,1.1770998418325,-0.412903107079537,0.999999999921595,0.557350474420499,0.930579037176464,0.0016111199020277,5.60246888880973e-10,1.17694567962953,-0.415495783196806,1,0.555374641465542,0.325988051319582,0.778002691008216,0.544999999801636,0.0893052401432383,-1.3632786108284,-0.12127546156931,0.020631817674639,0.0048597
8.48,1.19273307680066,-0.402736153110035,0.999999999932086,0.592288381708109,0.934353291674759,0.00169496347893512,4.88835745215929e-10,1.19263273279701,-0.405378449201403,1,0.590302225989581,0.324877320239655,0.791615776186105,0.544999999819556,0.0901614928194665,-1.31588097656724,-0.137590208952675,0.0209516439195478,0.0053201
8.5,1.20805935989631,-0.391981580344385,0.999999999941213,0.627693239893626,0.938049566591213,0.00178222194008856,4.23875832211671e-10,1.20801679690243,-0.39467248217518,1,0.625697632692771,0.323579438339814,0.805037411168508,0.544999999843139,0.0909780568396692,-1.26786405727291,-0.153486518351516,0.0212683036737233,0.0060612
8.52,1.22305004761545,-0.380642446361238,0.999999999949126,0.663555938833275,0.941661367827112,0.00187281647177551,3.6740598119419e-10,1.22306927152165,-0.383380729892343,1,0.661551808218646,0.32209198204503,0.818237235640669,0.544999999863747,0.0917527257067984,-1.21924070230945,-0.168940940663028,0.0215807706186106,0.0063346
8.54,1.23767607474624,-0.368723496608994,0.999999999955983,0.699866511004146,0.945182166570391,0.00196665056901755,3.18354729245096e-10,1.23776112156075,-0.371507718170508,1,0.69785484109127,0.320413037216584,0.831184210737612,0.544999999881768,0.0924833022315869,-1.1700249155682,-0.18393018259968,0.0218880188990231,0.0059439
8.56,1.25190806490672,-0.356231234514022,0.999999999961925,0.736614120065203,0.948605418640396,0.00206361233044765,2.75791336434818e-10,1.25206298660162,-0.359059721694857,1,0.734595949346664,0.31854129399714,0.843846667061148,0.544999999897509,0.093167652439797,-1.12023187015618,-0.198431175629625,0.0221890263317485,0.0052896
8.58,1.26571645016973,-0.343173983984199,0.999999999967072,0.773787052057942,0.951924587409146,0.00216357425390586,2.38894450887952e-10,1.26594529940068,-0.346044827384641,1,0.771763471505498,0.316476072782362,0.856192462081933,0.544999999912237,0.0938037134316541,-1.06987791848012,-0.212421147573131,0.0224827814267144,0.0050712
8.6,1.27907159931441,-0.329561943157426,0.999999999971534,0.811372710284211,0.955133167495206,0.00226639382657691,2.07299635235328e-10,1.27937841306819,-0.332472989138802,1,0.809344861157086,0.314217379912921,0.868189105256446,0.544999999925961,0.0943895128320377,-1.018980597371,-0.225877696527931,0.0227682900826741,0.0049837
8.62,1.2919439540678,-0.31540722825057,0.999999999975413,0.849357614092267,0.958224710409089,0.00237191302664217,1.80645436387265e-10,1.29233273630265,-0.3183560728133,1,0.84732668540914,0.311765928893166,0.879803942413719,0.544999999938968,0.094923177909733,-0.967558627916416,-0.238778866750262,0.023044580068112,0.005037
8.64,1.30430417254432,-0.300723906401557,0.999999999978806,0.887727401799084,0.961192850761764,0.00247995871250762,1.58673998384954e-10,1.30477887589953,-0.303707890319369,1,0.885694627437572,0.309123190916184,0.891004303337214,0.544999999950293,0.095402955071435,-0.915631909696377,-0.251103226073369,0.0233107023434077,0.0054369
8.66,1.31612327893501,-0.285528016456123,0.999999999981801,0.926466837963441,0.964031334202224,0.00259034186640134,1.40779299329068e-10,1.31668778559658,-0.288544221790692,1,0.924433493345815,0.306291418673924,0.901757686508897,0.544999999958692,0.0958272203303847,-0.863221509153146,-0.262829944401923,0.0235657414200152,0.0058204
8.68,1.32737281835497,-0.269837576735583,0.999999999984468,0.965559825225562,0.96673404598833,0.00270285678266841,1.25908563575166e-10,1.3280309201651,-0.272882824849343,1,0.963527223513609,0.303273657093868,0.912031958226825,0.544999999963431,0.096194490532556,-0.810349641866445,-0.273938872780605,0.0238088290156745,0.0053055
8.7,1.33802501559201,-0.253672578927678,0.999999999986854,1.00498942073734,0.969295039677703,0.00281728056334154,1.1274376987555e-10,1.33878039350886,-0.2567434301055,1,1.00295890858121,0.300073731872421,0.921795583519441,0.544999999965525,0.0965034324717627,-0.757039648552287,-0.28441062249851,0.0240391475240252,0.0048634
8.72,1.34805293634769,-0.237054967375035,0.999999999988985,1.0447378571753,0.971708565098188,0.00293337409499028,1.00332684382892e-10,1.34890913939556,-0.240147722154384,1,1.04271081017668,0.296696209629009,0.931017919214924,0.544999999967713,0.096752868848399,-0.703315964657062,-0.294226643659311,0.0242559304903154,0.0047881
8.74,1.35743064940329,-0.220008603189102,0.999999999990875,1.0847865682175,0.973969094597627,0.00305088711841031,8.8709377621371e-11,1.35839107332277,-0.223119305484539,1,1.08276438645155,0.293146512191733,0.939669239791897,0.544999999970224,0.096941819330747,-0.64920408347799,-0.303369302621108,0.0244584621135819,0.0054697
8.76,1.36613338814496,-0.202559212794716,0.999999999992542,1.12511621906531,0.976071353672515,0.00316955545605096,7.79899167468736e-11,1.36720125391497,-0.205683654883087,1,1.12310032244457,0.289430841034051,0.947721058514846,0.544999999973296,0.0970694805880422,-0.594730512804819,-0.311821957690443,0.024646087958856,0.0062307
8.78,1.37413770978644,-0.184734320697938,0.999999999994006,1.16570674195414,0.978010348313421,0.00328910277228607,6.83763445863133e-11,1.37531604216453,-0.187868050113632,1,1.16369856524433,0.285556167182707,0.955146341201022,0.544999999977157,0.0971352419947369,-0.539922725140424,-0.319569032442942,0.0248182178092012,0.0055747
8.8,1.38142165047969,-0.166563166474954,0.999999999995291,1.20653737610082,0.979781391823379,0.00340924291621489,6.01527716525836e-11,1.38271325677082,-0.169701494848153,1,1.20453836387083,0.281530248047293,0.961919609095208,0.544999999980921,0.0971387034002093,-0.484809101628821,-0.326596086038724,0.024974327719539,0.0052951
8.82,1.38796487457428,-0.148076606204007,0.999999999996425,1.24758671237341,0.981380132124226,0.00352967793834217,5.32842037159483e-11,1.38937232380033,-0.151214620052009,1,1.24559831374354,0.277361637753699,0.96801695920587,0.544999999983587,0.0970796887780725,-0.429418869890118,-0.332889879905113,0.0251139627905337,0.0052121
8.84,1.39374881636417,-0.129306998789506,0.999999999997432,1.28883274289625,0.982802579046935,0.00365008819705629,4.73755434881882e-11,1.39527441888995,-0.132439572246863,1,1.28685640555039,0.273059428707148,0.973416887891213,0.544999999985536,0.0969581747463281,-0.373782036029937,-0.338438440172598,0.0252367471566373,0.0052127
8.86,1.39875681236788,-0.110288077846823,0.999999999998327,1.33025291386899,0.98404512130472,0.00377015022155819,4.21686863205383e-11,1.40040260024669,-0.113409887305356,1,1.32829007827973,0.268633326746576,0.978100357601977,0.5449999999855,0.0967743548879388,-0.317929311160682,-0.343231115272368,0.0253423775567385,0.0058586
8.88,1.40297422223936,-0.0910548100467284,0.999999999999119,1.37182418119025,0.985104547064299,0.00388955113548843,3.6948826220824e-11,1.4047419307609,-0.0941603506587165,1,1.36987627612545,0.264093782933589,0.982050056022821,0.544999999985526,0.0965287021755277,-0.261892032853928,-0.347258628135055,0.0254306180269745,0.0059816
8.9,1.40638853717082,-0.0716432410635797,0.999999999999805,1.41352307129601,0.985978069469474,0.00400796353366426,3.17382742309481e-11,1.40827958764719,-0.074726845018915,1,1.41159150892647,0.259451833217308,0.985250056496167,0.544999999986753,0.0962219159847036,-0.205702082004008,-0.350513122471108,0.0255013087655021,0.0057847
8.92,1.40898947491265,-0.0520903304901946,1.00000000000039,1.45532574687522,0.986663344146859,0.00412499853241727,2.69693245513472e-11,1.41100495815612,-0.0551461869252812,1,1.45341191575583,0.254718696608668,0.987682583506962,0.54499999998948,0.0958547007174091,-0.14939179561985,-0.35298820266355,0.0255543769462536,0.005737
8.94,1.41076906170296,-0.032433777433838,1.00000000000089,1.49720807114302,0.987158465808576,0.00424002313119161,2.31822738782931e-11,1.4129097200593,-0.0354559536164152,1,1.49531333123281,0.249906247554631,0.989334984133392,0.544999999989899,0.0954282005608998,-0.0929938760830729,-0.354678966864472,0.0255898200228331,0.005202
8.96,1.41172169856945,-0.0127118378637883,1.00000000000132,1.53914567554769,0.987461982260979,0.00435226554730425,1.95458227380833e-11,1.41398790579787,-0.015694301896952,1,1.53727135409449,0.24502661549802,0.990210527690573,0.544999999988244,0.0949436189147811,-0.0365412974192904,-0.355582032949542,0.0256076923582491,0.0050981
