Time,X,Y,Z,Psi,Vx_B,Vy_B,Vz_B,Ref_X,Ref_Y,Ref_Z,Ref_Psi,Ux,Uy,Uz,Upsi,Int_X,Int_Y,Cost,CalcTime
0,1,0,0.5,1.5707963267949,1,6.12323399573677e-17,0.2,1,0,0.5,1.5707963267949,0.250218061543927,0.482234399146161,0.544999994004553,0.0452601129736262,0,0,0.00895838135036729,0.0059611
0.02,0.999797474418965,0.0199987365693377,0.503999999978416,1.59080094605313,1.00001117145535,0.000248121830018638,0.199999997841639,0.999800006666578,0.0199986666933331,0.504,1.5907963267949,0.250199129336838,0.481921379291128,0.544999996228015,0.0451173232405276,0.039997299602669,0.000399987656618886,0.00879127078356193,0.0052946
0.04,0.999190133928828,0.0399895393247684,0.50799999992167,1.61081114596372,1.00002619913757,0.000475356498282602,0.199999996483725,0.999200106660978,0.0399893341866341,0.507999999999999,1.6107963267949,0.250174822605788,0.481614083692204,0.544999997847271,0.0450930147963949,0.0799784003509185,0.00159979313770725,0.00862530029628482,0.0048077
0.06,0.998178515849985,0.0599643016858733,0.511999999843595,1.63082290703619,1.00004446788044,0.000686038995806928,0.199999995708742,0.998200539935204,0.0599640064794446,0.511999999999999,1.6307963267949,0.250145548086179,0.481314289352809,0.544999999009021,0.0450881834942028,0.119927119878421,0.00359893692492231,0.00846057293035074,0.0046163
0.08,0.996763311803261,0.07991492938599,0.515999999754202,1.65083547195415,1.00006543113778,0.0008813095627489,0.19999999535199,0.996801706302619,0.0799146939691727,0.515999999999998,1.6507963267949,0.250111614385371,0.481022432969647,0.544999999825528,0.0450864947300859,0.159827300402011,0.00639661546984637,0.00829742479303077,0.0049586
0.1,0.994945366785687,0.0998333439821248,0.519999999660614,1.67084862758436,1.00008857630061,0.0010617866613701,0.19999999528918,0.995004165278026,0.0998334166468281,0.519999999999998,1.6707963267949,0.250073317345302,0.480738710213012,0.545000000383051,0.045085260804758,0.199662814872505,0.00999170175910411,0.00813617561313383,0.0058547
0.12,0.992725678723767,0.119711486010003,0.523999999567777,1.69086225612824,1.00011341888264,0.0012280070772395,0.199999995427078,0.992808635853866,0.119712207288919,0.523999999999997,1.6907963267949,0.250030953999407,0.480463256971562,0.545000000747817,0.0450840463322117,0.239417573100513,0.0143827460108232,0.00797714906650354,0.0046408
0.14,0.990105398063079,0.139541318072848,0.52799999947901,1.71087626086386,1.00013950153926,0.00138049741420852,0.199999995696292,0.990215996212637,0.139543114644236,0.527999999999997,1.7107963267949,0.249984823681027,0.4801961797352,0.545000000970513,0.0450827873099013,0.279075527865495,0.0195679764956568,0.00782067106869797,0.0048784
0.16,0.987085827320623,0.159314827909594,0.53199999939643,1.73089055372088,1.00016639382765,0.00151978477263335,0.199999996045677,0.987227283375627,0.159318206614246,0.531999999999997,1.7307963267949,0.249935227074568,0.479937561121298,0.545000001089459,0.0450814806356413,0.318620681007738,0.0255453004808981,0.00766706323341691,0.0044093
0.18,0.983668420587625,0.17902403144895,0.535999999321265,1.75090505306101,1.00019369202391,0.00164639742170815,0.199999996437882,0.983843692788121,0.179029573425824,0.535999999999996,1.7507963267949,0.249882464992517,0.479687461347706,0.545000001133567,0.0450801328611836,0.358037089501432,0.032312305297036,0.00751663647502317,0.00459
0.2,0.979854782980701,0.198660975849483,0.539999999254104,1.77091968314217,1.00022101888645,0.00176086385631582,0.199999996845967,0.980066577841242,0.198669330795061,0.539999999999996,1.7707963267949,0.249826837182781,0.479445919126515,0.545000001129064,0.0450787517430096,0.397308871506843,0.0398662595261951,0.00736968560356237,0.0058734
0.22,0.975646670041026,0.218217742524896,0.543999999195088,1.79093437386014,1.00024802335154,0.00186371162777598,0.19999999725243,0.975897449330606,0.218229623080869,0.543999999999995,1.7907963267949,0.249768641169703,0.479212952343986,0.545000001091996,0.0450773448423489,0.436420212399482,0.0482041143118871,0.00722648496838181,0.0085345
0.24,0.971045987081476,0.237686450153558,0.547999999144068,1.81094906053554,1.00027438016123,0.00195546617363894,0.199999997645548,0.97133797485203,0.237702626427134,0.547999999999995,1.8107963267949,0.249708171198115,0.478988558886165,0.545000001033785,0.045075919310488,0.475355370774201,0.0573225047894605,0.00708728507296051,0.0046496
0.26,0.966054788481785,0.257059257671333,0.5519999991007,1.83096368370828,1.00029978942894,0.00203664969182128,0.199999998017711,0.966389978134513,0.257080551892155,0.551999999999994,1.8307963267949,0.249645717245587,0.478772717464686,0.545000000962818,0.0450744818588022,0.514098684422144,0.0672177516366013,0.00695231006013339,0.0049414
0.28,0.960675276931732,0.276328367246757,0.555999999064521,1.85097818893358,1.00032397614721,0.0021077800657736,0.199999998364325,0.961055438310771,0.276355648564114,0.555999999999994,1.8507963267949,0.249581564107527,0.478565388464349,0.545000000885178,0.0450730387614113,0.55263457627845,0.0778858627431966,0.00682175597148229,0.0043309
0.3,0.954909802622428,0.295486027237655,0.559999999034994,1.87099252657888,1.00034668964207,0.00216936984305724,0.199999998682989,0.955336489125606,0.29552020666134,0.559999999999994,1.8707963267949,0.249515990555275,0.47836651481373,0.545000000805197,0.0450715958640885,0.590947560338663,0.0893225349998371,0.00669578968960611,0.0043742
0.32,0.948760862385744,0.314524535128284,0.563999999011552,1.89100665162182,1.00036770297883,0.00222192526876531,0.19999999897286,0.949235418082441,0.314566560616118,0.563999999999993,1.8907963267949,0.249449268565888,0.478176022874462,0.545000000725895,0.0450701585946434,0.629022247541738,0.101523156204198,0.00657454847787738,0.0046908
0.34,0.942231098781998,0.333436240446105,0.567999998993623,1.91102052344948,1.00038681232355,0.00226594537478678,0.199999999234182,0.942754665528346,0.333487092140814,0.567999999999993,1.9107963267949,0.24938166262212,0.477993823344908,0.545000000649312,0.0450687319739326,0.6668433516176,0.114482807084502,0.00645814003814917,0.0043104
0.36,0.935323299135966,0.352213547657314,0.571999998980644,1.93103410565944,1.00040383626492,0.00230192112561472,0.199999999467935,0.935896823677935,0.35227423327509,0.571999999999992,1.9307963267949,0.249313429080952,0.477819812174143,0.545000000576755,0.0450673206273412,0.704395694897179,0.128196263439228,0.00634664301276218,0.0050368
0.38,0.928040394521341,0.370848919040253,0.575999998972079,1.95104736586266,1.00041861510064,0.00233033462113898,0.199999999675566,0.92866463557651,0.370920469412983,0.575999999999992,1.9507963267949,0.249244815608929,0.477653871482423,0.545000000509003,0.0450659287966385,0.741664214082842,0.142657998392207,0.00624010786282459,0.0048957
0.4,0.920385458693773,0.389334877535835,0.579999998967423,1.97106027548884,1.00043101009265,0.00235165835662087,0.199999999858807,0.921060994002885,0.389418342308651,0.579999999999991,1.9707963267949,0.249176060682355,0.477495870484406,0.545000000446447,0.0450645603521913,0.778633965977185,0.157862184762192,0.00613855806022179,0.0042297
0.42,0.912361706972607,0.407664009574145,0.583999998966206,1.99107280959418,1.00044090269522,0.0023663545398164,0.200000000019528,0.913088940312308,0.40776045305957,0.583999999999991,1.9907963267949,0.24910739315035,0.477345666411685,0.545000000389207,0.0450632188054512,0.815290133168118,0.173802697545975,0.00604199153611906,0.0041922
0.44,0.903972495071496,0.425828967876354,0.587999998967998,2.01108494667217,1.00044819376,0.00237487446499946,0.200000000159643,0.904751663219963,0.425939465066,0.58799999999999,2.0107963267949,0.249039031858686,0.477203105431358,0.54500000033721,0.0450619073217044,0.851618029668194,0.190473116514074,0.00595038233383028,0.0047926
0.46,0.895221317878042,0.443822474231112,0.591999998972405,2.03109666846737,1.00045280272173,0.00237765794343578,0.200000000281038,0.896052497525525,0.44394810696552,0.59199999999999,2.03079632679489,0.248971185332156,0.477068023557564,0.545000000290257,0.0450606287330151,0.887603106506143,0.207866728917994,0.00586368241879352,0.0048409
0.48,0.88611180818265,0.461637322244582,0.59599999897907,2.05110795979263,1.00045466676836,0.00237513278966944,0.200000000385531,0.886994922779284,0.461779175541483,0.59599999999999,2.05079632679489,0.248904051513229,0.476940247553115,0.545000000248072,0.0450593855513332,0.923230957268575,0.225976532308015,0.00578182360306982,0.004406
0.5,0.87664773535681,0.479266380063274,0.599999998987674,2.07111880834988,1.00045373999912,0.00236771436281008,0.200000000474837,0.877582561890373,0.479425538604203,0.599999999999989,2.07079632679489,0.248837817554683,0.476819595818571,0.545000000210325,0.0450581799817197,0.958487323589831,0.244795237460437,0.00570471954621154,0.0049813
0.52,0.866833003981006,0.496702593068854,0.603999998997928,2.09112920455477,1.00044999257399,0.00235580516184813,0.200000000550554,0.867819179677651,0.496880137843737,0.603999999999989,2.09079632679489,0.248772659663758,0.476705879266263,0.54500000017667,0.0450570139356528,0.993358100587945,0.264315271413192,0.00563226779856143,0.0043891
0.54,0.856671652422497,0.513938986544098,0.607999999009575,2.11113914136526,1.00044340985773,0.00233979447387703,0.200000000614155,0.857708681363825,0.514135991653114,0.607999999999988,2.11079632679488,0.248708742995511,0.476598902177,0.545000000146755,0.0450558890443731,1.02782934224473,0.284528780608663,0.0055643518569871,0.0040603
0.56,0.846167851363223,0.530968668309148,0.611999999022386,2.13114861411443,1.00043399156157,0.00232005807396679,0.200000000666987,0.847255111013417,0.531186197920884,0.611999999999988,2.13079632679488,0.248646221592823,0.476498463037371,0.54500000012023,0.0450548066722297,1.06188726672798,0.305427634142551,0.00550084320682034,0.0045343
0.58,0.835325902278102,0.547784831327262,0.615999999036159,2.15115762034768,1.00042175088559,0.00229695797531101,0.20000000071027,0.836462649915188,0.548023936791875,0.615999999999987,2.15079632679488,0.248585238370666,0.476404355355753,0.545000000096764,0.045053767930003,1.09551826165378,0.327003427117594,0.00544160332723543,0.0038303
0.6,0.824150235864011,0.564380756279208,0.619999999050713,2.17116615966436,1.00040671366437,0.00227084222815971,0.200000000745105,0.82533561490968,0.564642473395037,0.619999999999987,2.17079632679488,0.248525925142093,0.476316368455271,0.545000000076047,0.0450527736881485,1.12870888928695,0.349247484100881,0.00538648564055757,0.0036806
0.62,0.812645410419769,0.58074981410549,0.623999999065889,2.19117423356412,1.00038891751876,0.00224204476595056,0.200000000772482,0.813878456662536,0.581035160537307,0.623999999999986,2.19079632679488,0.248468402683505,0.476234288242209,0.545000000057788,0.0450518245899585,1.16144589167772,0.372150862683508,0.00533533738904483,0.0036138
0.64,0.800816110177439,0.596885468515563,0.627999999081546,2.21118184529794,1.00036841101595,0.00221088529696658,0.200000000793285,0.802095757884295,0.597195441362394,0.627999999999986,2.21079632679487,0.248412780836716,0.476157897948501,0.545000000041719,0.0450509210645831,1.19371619573259,0.395704357141261,0.00528800142544822,0.0037763
0.66,0.788667143585314,0.612781278463211,0.631999999097563,2.23118899972407,1.0003452528404,0.00217766923977155,0.200000000808304,0.789992231497368,0.613116851973436,0.631999999999986,2.23079632679487,0.248359158645342,0.47608697884705,0.545000000027597,0.0450500633398992,1.22550691821747,0.419898502194996,0.00524431790624147,0.0054343
0.68,0.776203441542962,0.628430900587265,0.635999999113828,2.25119570316889,1.00031951097749,0.00214268770060903,0.200000000818239,0.777572718750931,0.628793024018471,0.635999999999985,2.25079632679487,0.248307624523106,0.476021310938926,0.545000000015202,0.0450492514552067,1.25680537069116,0.444723576869347,0.00520412587876627,0.003957
0.7,0.76343005558871,0.643828091616821,0.639999999130247,2.27120196329274,1.00029126191211,0.00210621749089829,0.200000000823712,0.764842187284492,0.644217687237694,0.639999999999985,2.27079632679487,0.248258256451648,0.475960673611471,0.54500000000434,0.0450484852736937,1.28759906436737,0.470169608448347,0.00516726475568448,0.0039325
0.72,0.75035215604002,0.658966710740118,0.643999999146737,2.29120778896093,1.0002605898438,0.00206852118291343,0.200000000825274,0.751805729140899,0.659384671971476,0.643999999999984,2.29079632679486,0.248211122205442,0.475904846266646,0.54499999999483,0.0450477644946957,1.31787571490319,0.49622637652654,0.00513357567206256,0.0039824
0.74,0.736975030087167,0.673840721936273,0.647999999163224,2.31121319011967,1.00022758592023,0.00202984720169901,0.200000000823413,0.738468558729593,0.674287911628149,0.647999999999984,2.31079632679486,0.248166279601542,0.475853608918995,0.544999999986515,0.045047088665688,1.34762324711229,0.522883417154111,0.00510290272216564,0.0036859
0.76,0.723304079840712,0.688444196269008,0.651999999179644,2.33121817767736,1.00019234749053,0.00199042995124779,0.200000000818559,0.724836010740911,0.688921445110555,0.651999999999983,2.33079632679486,0.248123776771857,0.475806742762803,0.544999999979257,0.0450464571940037,1.37682979960097,0.550130027074515,0.00507509407458781,0.0035982
0.78,0.709344820333252,0.702771314141566,0.65599999919594,2.35122276339078,1.00015497737969,0.00195048997294959,0.200000000811091,0.710913538012283,0.703279419200415,0.655999999999983,2.35079632679486,0.248083652455697,0.47576403070809,0.544999999972928,0.0450458693582697,1.40548372932509,0.577955268053102,0.00505000296576475,0.0035071
0.8,0.695102877475976,0.716816367511962,0.659999999212065,2.37122695975664,1.0001155831855,0.00191023413430959,0.200000000801345,0.696706709347172,0.717356090899528,0.659999999999982,2.37079632679486,0.248045936310507,0.475725257885308,0.544999999967422,0.0450453243195356,1.4335736160663,0.606347971295123,0.0050274885730668,0.0040732
0.82,0.680583985970555,0.730573762067767,0.663999999227974,2.3912307799081,1.00007427659886,0.00186985584593445,0.200000000789617,0.68222120728762,0.731145829726902,0.663999999999982,2.39079632679485,0.248010649238564,0.47569021211861,0.54499999996264,0.0450448211320687,1.46108826682554,0.635296741951566,0.00500741676982579,0.0044282
0.84,0.66579398717696,0.744038019359581,0.667999999243632,2.41123423751652,1.00003117274856,0.00182953530478779,0.200000000776167,0.667462825841315,0.744643119970866,0.667999999999982,2.41079632679485,0.247977803727703,0.475658684367771,0.544999999958497,0.0450443587538312,1.48801672013214,0.664789963711136,0.00498966076544539,0.0038832
0.86,0.650738826937787,0.75720377889238,0.671999999259006,2.43123734669816,0.99998638957131,0.00178943976173093,0.200000000761226,0.65243746816406,0.757842562895284,0.671999999999981,2.43079632679485,0.247947404204036,0.47563046913887,0.544999999954916,0.0450439360566029,1.51434825026682,0.694815803476752,0.00497410163462683,0.0042946
0.88,0.635424553359718,0.770065800173916,0.675999999274068,2.451240121926,0.999940047207705,0.00174972381138127,0.200000000744996,0.637151144198589,0.770738878898977,0.675999999999981,2.45079632679485,0.247919447394757,0.47560536486401,0.544999999951831,0.0450435518357425,1.54007237139677,0.725362216124831,0.00496062874034001,0.0037569
0.9,0.619857314552777,0.782618964719364,0.679999999288795,2.47124257794645,0.999892267424649,0.00171052970234648,0.200000000727655,0.621609968270674,0.783326909627492,0.67999999999998,2.47079632679484,0.247893922699247,0.475583174250389,0.544999999949186,0.0450432048195983,1.56517884162109,0.75641694934564,0.00494914005566519,0.0038681
0.92,0.604043356328046,0.794858278011395,0.683999999303165,2.49124472970104,0.999843173064763,0.00167198766592227,0.200000000709363,0.605820156643473,0.795601620036375,0.68399999999998,2.49079632679484,0.24787081256666,0.475563704599161,0.544999999946929,0.0450428936785376,1.58965766692506,0.787967548562946,0.00493954239014667,0.0035416
0.94,0.587989019854557,0.806778871414885,0.687999999317161,2.51124659225282,0.999792887523049,0.0016342162613759,0.200000000690257,0.589788025031109,0.807558100405125,0.687999999999979,2.51079632679484,0.247850092878368,0.475546768094561,0.544999999945011,0.0450426170335996,1.61349910504143,0.820001361931158,0.00493175152649952,0.003964
0.96,0.571700739276089,0.818376004045455,0.691999999330768,2.53124818071762,0.999741534251071,0.0015973227359773,0.200000000670461,0.573519986072468,0.819191568301009,0.691999999999979,2.53079632679484,0.247831733333618,0.47553218206391,0.544999999943395,0.0450423734647739,1.63669366921724,0.852505545408147,0.00492569227385792,0.004036
0.98,0.555185039288627,0.829645064591065,0.695999999343974,2.5512495101998,0.999689236288767,0.0015614033979838,0.200000000650083,0.55702254676623,0.830497370491982,0.695999999999979,2.55079632679484,0.247815697836905,0.475519769209117,0.544999999942045,0.0450421615188876,1.65923213188442,0.885467067901862,0.00492129844380764,0.0038898
1,0.538448532679269,0.84058157308587,0.699999999356767,2.57125059573272,0.99963611582392,0.00152654400083177,0.200000000629219,0.540302305868153,0.84147098480791,0.699999999999978,2.57079632679483,0.2478019448856,0.475509357810392,0.54499999994093,0.0450419797171135,1.68110552823288,0.918872716488861,0.0049185127555837,0.0034889
1.02,0.521497917827405,0.851181182635586,0.703999999369138,2.59125145222348,0.999582293779223,0.00149282013683936,0.200000000607954,0.523365951251663,0.852108021949377,0.703999999999978,2.59079632679483,0.247790427951407,0.475500781889676,0.544999999938789,0.045041826561143,1.70230515968422,0.952709101702831,0.00491728667669841,0.0039464
1.04,0.504339976168993,0.861439681093599,0.707999999381077,2.61125209440205,0.999527889426595,0.00146029763824656,0.200000000585918,0.506220257232793,0.862404227243354,0.707999999999977,2.61079632679483,0.247781095870679,0.475493881377169,0.544999999934973,0.0450417005416946,1.72282259726487,0.986962662891136,0.0049175802054726,0.0038319
1.06,0.486981569624822,0.87135299268707,0.711999999392561,2.6312525367746,0.99947302002894,0.00142903298521757,0.200000000562508,0.488872081860543,0.872355482345003,0.711999999999977,2.63079632679483,0.247773893238664,0.475488502272323,0.544999999932655,0.0450416001467613,1.74264968487702,1.02161967363742,0.00491936160188618,0.0034605
1.08,0.469429637993616,0.880917179592306,0.715999999403569,2.65125279358097,0.999417800509385,0.00139907372001842,0.200000000538264,0.471328364173756,0.881957806884965,0.715999999999976,2.65079632679482,0.247768760759629,0.475484496677352,0.544999999931439,0.0450415238609897,1.76177854246601,1.05666624724821,0.00492260707222154,0.0034317
1.1,0.451691196310916,0.890128443458656,0.719999999414087,2.67125287875602,0.999362343146011,0.00137045886169817,0.200000000513582,0.453596121425594,0.891207360061454,0.719999999999976,2.67079632679482,0.247765635627826,0.475481722902784,0.544999999931024,0.0450414701761814,1.78020156908271,1.09208834230158,0.00492730041380114,0.0036844
1.12,0.433773332174703,0.898983126880265,0.723999999424111,2.69125280589481,0.999306757293096,0.00134321932392689,0.20000000048875,0.435682446276729,0.900100442176525,0.723999999999975,2.69079632679482,0.247764451890815,0.475480045522041,0.544999999931183,0.0450414375956588,1.79791144583963,1.12787176825565,0.00493343262547632,0.0036581
1.14,0.415683203038718,0.907477714814969,0.727999999433638,2.71125258822148,0.999251149127922,0.00131737833336167,0.200000000463976,0.417594503958376,0.908633496115905,0.727999999999975,2.71079632679482,0.247765140805172,0.475479335404402,0.544999999931741,0.0450414246389628,1.8149011387594,1.16400219111492,0.0049410014892561,0.0037883
1.16,0.39742803347446,0.915608835949673,0.731999999442672,2.73125223856159,0.999195621422597,0.00129295184729157,0.200000000439403,0.399339529406292,0.91680310877179,0.731999999999975,2.73079632679482,0.247767631183742,0.475479469727377,0.544999999932571,0.0450414298463296,1.83116390151434,1.20046513915235,0.00495001112828089,0.0036766
1.18,0.3790151124029,0.923373264011542,0.735999999451217,2.75125176931801,0.999140273340274,0.00126994896936005,0.200000000415129,0.380924824366901,0.924606012408045,0.735999999999974,2.75079632679481,0.247771849733707,0.475480331969518,0.544999999933575,0.0450414517828227,1.84669327805587,1.23724600868487,0.00496047154604792,0.0042599
1.2,0.360451790296939,0.93076791902437,0.739999999459281,2.77125119244996,0.999085200255095,0.0012483723622263,0.200000000391216,0.362357754476693,0.932039085967252,0.739999999999974,2.77079632679481,0.247777721384802,0.47548181188471,0.544999999934681,0.0450414890421372,1.86148310513269,1.27433006990037,0.00497239815149494,0.0038832
1.22,0.341745476355666,0.937789868509521,0.74399999946687,2.79125051945524,0.999030493595172,0.00122821865609475,0.200000000367701,0.343645746316068,0.939099356319095,0.743999999999973,2.79079632679481,0.24778516960705,0.475483805458942,0.54499999993584,0.0450415402500545,1.87552751469637,1.3117024727337,0.00498581127428944,0.004025
1.24,0.322903635651525,0.944436328630817,0.747999999473993,2.81124976135539,0.998976240707853,0.00120947885210644,0.200000000344603,0.324796284438797,0.945783999449568,0.747999999999973,2.81079632679481,0.247794116717532,0.475486214850641,0.54499999993701,0.0450416040675771,1.8888209361935,1.34934825278971,0.00500073567432172,0.0036943
1.26,0.303933786251462,0.950704665282826,0.751999999480658,2.83124892868372,0.998922524746511,0.00119213871965581,0.200000000321927,0.305816908378311,0.952090341590547,0.751999999999972,2.8307963267948,0.247804484175668,0.475488948315574,0.544999999938166,0.0450416791937393,1.90135809874307,1.38725233731089,0.0050172000491413,0.00392
1.28,0.284843496313219,0.956592395121959,0.755999999486874,2.85124803147597,0.998869424578046,0.00117617918676062,0.200000000299666,0.286715209631978,0.958015860289258,0.755999999999972,2.8507963267948,0.24781619286666,0.475491920117372,0.544999999939292,0.0450417643681149,1.9131340331983,1.42539955118739,0.00503523654274375,0.0035153
1.3,0.265640381157879,0.962097186539869,0.759999999492649,2.87124707926364,0.998817014710272,0.00116157672268006,0.200000000277811,0.26749882862461,0.963558185417228,0.759999999999971,2.8707963267948,0.247829163372727,0.47549505042471,0.544999999940372,0.0450418583730227,1.92414407409177,1.46377462300718,0.00505488025883544,0.0038258
1.32,0.246332100319864,0.967216860578627,0.76399999949799,2.89124608106958,0.998765365238353,0.00114830371204088,0.200000000256345,0.248175451652396,0.968715100118302,0.763999999999971,2.8907963267948,0.247843316231852,0.475498265196134,0.5449999999414,0.0450419600354404,1.93438386146305,1.50236219114396,0.00507616878139469,0.0034537
1.34,0.226926354575543,0.971949391787179,0.767999999502906,2.91124504540589,0.998714541809417,0.00113632881979494,0.200000000235249,0.228752807808483,0.973484541695358,0.767999999999971,2.9107963267948,0.247858572183844,0.475501496053564,0.544999999942372,0.0450420682286496,1.94384934256786,1.54114680988049,0.00509914170507812,0.0039569
1.36,0.207430882951663,0.976292909018638,0.771999999507404,2.93124398027403,0.998664605604475,0.00112561734639563,0.200000000214503,0.209238665891443,0.977864602435356,0.77199999999997,2.93079632679479,0.247874852403522,0.475504680145449,0.544999999943285,0.0450421818736074,1.95253677346799,1.58011295556501,0.00512384017772043,0.0040392
1.38,0.187853459714808,0.980245696167952,0.775999999511489,2.95124289316674,0.998615613336758,0.00111613157264151,0.200000000194086,0.189640831297859,0.981853530372402,0.77599999999997,2.95079632679479,0.247892078720913,0.475507760000577,0.544999999944138,0.0450422999400684,1.96044272050115,1.61924503279835,0.0051503064569518,0.0039128
1.4,0.168201891343137,0.983806192849552,0.77999999951517,2.97124179107198,0.998567617265586,0.0011078310936975,0.200000000173976,0.169967142900266,0.985449729988505,0.779999999999969,2.97079632679479,0.247910173828413,0.475510683373418,0.544999999944931,0.0450424214474585,1.96756406163009,1.6585273806494,0.00517858348263,0.003918
1.42,0.148484013481618,0.986972995014572,0.783999999518451,2.99124068047847,0.998520665224863,0.00110067314185979,0.200000000154151,0.150225469911711,0.988651762851766,0.783999999999969,2.99079632679479,0.247929061474876,0.475513403082015,0.544999999945668,0.0450425454655224,1.97389798767017,1.69794427889638,0.00520871446663328,0.0042711
1.44,0.128707687882048,0.989744855507289,0.787999999521339,3.01123956738285,0.998474800665327,0.00109461289769162,0.200000000134591,0.130423708738171,0.991458348191735,0.787999999999968,3.01079632679479,0.247948666646678,0.475515876839263,0.544999999946349,0.0450426711147444,1.97944200339493,1.73747995429167,0.00524074250123363,0.0036014
1.46,0.108880799329102,0.992120684560459,0.791999999523837,3.0312384572983,0.998430062709637,0.00108960378920946,0.200000000115276,0.110569779820095,0.993868363411695,0.791999999999968,3.03079632679478,0.247968915735807,0.475518067078486,0.544999999946978,0.0450427975665692,1.98419392851891,1.77711858684765,0.00527471018712411,0.0035383
1.48,0.0890112525537145,0.994099550229206,0.795999999525952,3.05123735526446,0.99838648621944,0.00108559777885453,0.200000000096188,0.0906716244643356,0.995880844537693,0.795999999999968,3.05079632679478,0.247989736695112,0.475519940774138,0.544999999947556,0.0450429240434174,1.98815189855725,1.8168443161411,0.00531065928192953,0.0036807
1.5,0.0691069691350806,0.995680678763229,0.799999999527687,3.07123626585861,0.998344101873519,0.00108254563803532,0.200000000077308,0.070737201667729,0.99749498660411,0.799999999999967,3.07079632679478,0.24801105918083,0.475521469258487,0.544999999948088,0.0450430498185226,1.99131436556166,1.85664124763377,0.00534863036985252,0.0040132
1.52,0.0491758843925721,0.996863454917035,0.803999999529046,3.0912351932079,0.998302936256174,0.00108039720907765,0.20000000005862,0.0507744849336054,0.998710143975641,0.803999999999967,3.09079632679478,0.24803281468262,0.475522628035035,0.544999999948574,0.045043174215592,1.99368009873218,1.89649345900656,0.00538866255291724,0.0038549
1.54,0.029225944268893,0.997647422197993,0.807999999530034,3.11123414100253,0.998263011954981,0.00107910165446552,0.200000000040107,0.0307914590824925,0.999525830605539,0.807999999999966,3.11079632679477,0.248054936641258,0.475523396589434,0.544999999949018,0.0450432966083043,1.9952481849045,1.93638500650489,0.00543079316413007,0.0038625
1.56,0.00926510220578602,0.99803228305201,0.811999999530652,3.13123311250987,0.998224347667083,0.00107860769330108,0.200000000021753,0.0107961170582938,0.999941720230029,0.811999999999966,3.13079632679477,0.248077360554298,0.475523758198673,0.544999999949425,0.0450434164196616,1.99601802891242,1.97629993129271,0.00547505750269075,0.003755
1.58,-0.0106986839863825,0.99801789898666,0.815999999530905,3.15123211058928,0.998186958313205,0.00107886382495785,0.200000000003546,-0.00920354326878194,0.999957646498805,0.815999999999965,3.15079632679477,0.24810002406994,0.475523699739166,0.544999999949794,0.0450435331211927,1.99598935382525,2.01622226581277,0.00552148859128631,0.0039342
1.6,-0.0306574552638265,0.997604290631625,0.819999999530795,3.17123113770759,0.998150855158591,0.00107981853993974,0.199999999985472,-0.0291995223012625,0.999573603041573,0.819999999999965,3.17079632679477,0.24812286706939,0.475523211494462,0.54499999995013,0.0450436462320423,1.99516220105979,2.05613604015043,0.00557011695533966,0.0038872
1.62,-0.0506032544879971,0.996791637736343,0.823999999530325,3.19123019595515,0.998116045940082,0.00108142051799979,0.199999999967519,-0.0491838219141443,0.998789743470594,0.823999999999964,3.19079632679477,0.248145831738081,0.475522286963159,0.544999999950436,0.045043755317923,1.99353693036701,2.09602528839877,0.00562097042399553,0.0036376
1.64,-0.0705281295663512,0.995580279104779,0.827999999529497,3.21122928706236,0.998082534998569,0.00108361881360817,0.199999999949676,-0.0691484486540361,0.997606381319246,0.827999999999964,3.21079632679476,0.248168862626043,0.475520922667646,0.544999999950713,0.0450438599899809,1.99111421969294,2.13587405502225,0.00567407395249783,0.0035093
1.66,-0.0904241365938893,0.993970712467267,0.831999999528313,3.23122841241653,0.998050323416103,0.00108636302889413,0.199999999931932,-0.0890854169364333,0.996023989916612,0.831999999999964,3.23079632679476,0.248191906697814,0.475519117964232,0.544999999950965,0.0450439599035492,1.98789506491404,2.17566640121656,0.005729449465558,0.0039826
1.68,-0.110283342994117,0.991963594289405,0.835999999526775,3.25122757307904,0.998019409156939,0.00108960347421949,0.199999999914279,-0.108986752239846,0.994043202198154,0.835999999999963,3.25079632679476,0.24821491337225,0.475516874855164,0.544999999951194,0.0450440547568219,1.98388077944686,2.21538641126203,0.00578711572118979,0.0040007
1.7,-0.130097830658083,0.989559739518,0.839999999524885,3.27122676980274,0.997989787211831,0.00109329131657074,0.199999999896709,-0.1288444942955,0.991664810452549,0.839999999999963,3.27079632679476,0.248237834545035,0.475514197783222,0.544999999949562,0.0450441442880342,1.97907299373214,2.25501819886821,0.00584708819434729,0.0036595
1.72,-0.149859699080146,0.986760121264127,0.843999999522637,3.29122600304942,0.997961449744616,0.00109737871518911,0.199999999878552,-0.148650700271339,0.988889766004785,0.843999999999962,3.29079632679475,0.248260624624918,0.475511093489288,0.544999999946701,0.0450442282778019,1.97347365459332,2.29454591350695,0.00590937897997008,0.0036367
1.74,-0.169561068489126,0.983565870423333,0.847999999520017,3.3112252730073,0.997934386241376,0.00110181894714379,0.199999999859364,-0.168397447949053,0.98571917883564,0.847999999999962,3.31079632679475,0.248283240544823,0.475507570830718,0.544999999944755,0.0450443065456752,1.96708502446985,2.33395374673162,0.00597399671465005,0.0041379
1.76,-0.189194082973502,0.979978275233081,0.851999999517005,3.33122457960873,0.997908583660941,0.00110656652128164,0.199999999839476,-0.188076838892856,0.982154317137708,0.851999999999961,3.33079632679475,0.248305641751056,0.475503640568524,0.544999999943497,0.0450443789457302,1.9599096805252,2.37322593847982,0.00604094651601185,0.0037933
1.78,-0.2087509135993,0.975998780767576,0.855999999513591,3.35122392254756,0.997884026585605,0.00111157727949566,0.199999999819135,-0.207681001608761,0.978196606808137,0.855999999999961,3.35079632679475,0.24832779020588,0.475499315214451,0.544999999942748,0.0450444453680226,1.95195051363016,2.41234678335718,0.00611022993917448,0.0037656
1.8,-0.228223761519347,0.971628988370116,0.859999999509768,3.3712233012965,0.997860697372359,0.00111680848795863,0.199999999798524,-0.227202094693065,0.97384763087829,0.85999999999996,3.37079632679475,0.248349650375282,0.475494608863618,0.544999999942379,0.0450445057363194,1.94321072722146,2.45130063689966,0.00618184494949462,0.0034978
1.82,-0.247604861072541,0.96687065502316,0.863999999505531,3.39122271512424,0.997838576303844,0.001122218917798,0.19999999977778,-0.246632309968812,0.969109128880554,0.86399999999996,3.39079632679474,0.248371189209542,0.475489537031818,0.544999999942284,0.0450445600063188,1.93369383603634,2.49007192181197,0.00625578591076493,0.0041305
1.84,-0.266886482871823,0.961725692656307,0.867999999500879,3.41122216311228,0.997817641738532,0.00112776891556892,0.199999999757002,-0.265963875608959,0.963982996152549,0.86799999999996,3.41079632679474,0.248392376117042,0.475484116497747,0.54499999994239,0.0450446081639312,1.92340366472326,2.52864513417942,0.00633204358802257,0.0034559
1.86,-0.286060936879506,0.956196167392437,0.871999999495811,3.43122164417159,0.997797870259674,0.00113342046388293,0.199999999736263,-0.285189059245001,0.958471283079019,0.871999999999959,3.43079632679474,0.248413182931754,0.475478365150376,0.54499999994264,0.0450446502235682,1.91234434632941,2.56700484965104,0.0064106051641278,0.0036912
1.88,-0.305120575468668,0.950284298732264,0.87599999949033,3.45122115705883,0.997779236822584,0.0011391372325587,0.199999999715613,-0.304300171059814,0.952576194271703,0.875999999999959,3.45079632679474,0.248433583874833,0.475472301841691,0.544999999942992,0.0450446862264211,1.90052032066544,2.60513572959113,0.00649145426924431,0.003447
1.9,-0.324057796469279,0.943992458677613,0.879999999484437,3.47122070039217,0.997761714899858,0.00114488462067128,0.19999999969509,-0.323289566863485,0.946300087687525,0.879999999999958,3.47079632679473,0.248453555510738,0.475465946244992,0.544999999943418,0.0450447162387557,1.88793633254807,2.64302252719704,0.00657457102238566,0.0036442
1.92,-0.34286504619776,0.937323170793718,0.883999999478135,3.49122027266683,0.997745276624149,0.0011506297898859,0.199999999674721,-0.342149651150881,0.939645473685438,0.883999999999958,3.49079632679473,0.248473076698306,0.475459318718852,0.544999999943895,0.0450447403501954,1.87459742992117,2.68065009358073,0.00665993208417178,0.0034866
1.94,-0.361534822468691,0.930279109210917,0.887999999471428,3.51121987227002,0.99772989292816,0.0011563416894664,0.199999999654523,-0.360872880139751,0.932615014022317,0.887999999999957,3.51079632679473,0.24849212853721,0.475452440176918,0.544999999944408,0.0450447586720365,1.860508961856,2.71800338381147,0.00674751071994243,0.0039264
1.96,-0.380059677587368,0.922863097566097,0.891999999464318,3.5312194974955,0.997715533681524,0.0011619910733566,0.19999999963451,-0.37945176478814,0.925211520788288,0.891999999999957,3.53079632679473,0.248510694310187,0.475445331963616,0.544999999944948,0.0450447713355699,1.84567657643136,2.75506746291752,0.00683727687243221,0.0036823
1.98,-0.398432221321942,0.915078107884299,0.89599999945681,3.5512191465576,0.997702167824295,0.00116755050973467,0.199999999614691,-0.397878873789903,0.917437955281933,0.895999999999956,3.55079632679473,0.248528759421468,0.475438015735842,0.544999999945509,0.0450447784904296,1.83010621849444,2.7918275118442,0.00692919724314182,0.0038333
2,-0.416645123853867,0.906927259400916,0.899999999448908,3.5712188176047,0.997689763496779,0.00117299438344255,0.199999999595074,-0.416146836547131,0.909297426825808,0.899999999999956,3.57079632679472,0.248546311331762,0.475430513350699,0.544999999946086,0.0450447803029728,1.81380412730324,2.82826883336606,0.00702323538165739,0.0037124
2.02,-0.434691118705411,0.898413817324927,0.903999999440615,3.59121850873222,0.997678288165463,0.00117829889169507,0.199999999575665,-0.43424834611829,0.900793191522756,0.903999999999956,3.59079632679472,0.248563339490239,0.475422846759289,0.544999999946681,0.0450447769546782,1.79677683405143,2.86437685795077,0.00711935178210597,0.0036674
2.04,-0.452563005642977,0.889541191543664,0.907999999431936,3.611218217995,0.997667708744838,0.0011834420334701,0.19999999955647,-0.452176162140903,0.891928650953512,0.907999999999956,3.61079632679472,0.248579835263829,0.47541503790659,0.54499999994729,0.0450447686406031,1.77903115927652,2.90013714957232,0.00721750398600606,0.0037955
2.06,-0.470253653555003,0.880312935269592,0.911999999422876,3.63121794341911,0.997657991714926,0.00118840359298191,0.199999999537495,-0.469923113727595,0.882707350816109,0.911999999999956,3.63079632679472,0.248595791864241,0.47540710863739,0.544999999947916,0.045044755567855,1.76057421015246,2.93553541147131,0.00731764669077168,0.0039451
2.08,-0.487756003303239,0.870732743629666,0.915999999413439,3.6512176830131,0.997649103234352,0.001193165117635,0.199999999518744,-0.487482102334354,0.873132979507655,0.915999999999956,3.65079632679472,0.248611204273025,0.475399080608242,0.544999999948559,0.045044737954119,1.74141337766768,2.97055749185995,0.00741973186317121,0.0036212
2.1,-0.505063070546167,0.860804452197786,0.919999999403628,3.67121743477864,0.997641009248809,0.00119770989085205,0.199999999500226,-0.504846104599854,0.863209366649015,0.919999999999956,3.67079632679472,0.248626069165037,0.475390975205418,0.544999999949223,0.0450447160262337,1.72155633368956,3.00518938956941,0.00752370885706264,0.0035616
2.12,-0.522167948533395,0.850532035470958,0.92399999939345,3.69121719672058,0.997633675594822,0.00120202290016512,0.199999999481946,-0.522008175154706,0.85294048155302,0.923999999999956,3.69079632679472,0.248640384830643,0.475382813468749,0.544999999949909,0.0450446900187957,1.70101102791659,3.03941725963749,0.00762952453471793,0.0035093
2.14,-0.539063810869842,0.839919605289745,0.927999999382909,3.71121696685639,0.997627068098694,0.00120609080095182,0.199999999463913,-0.538961449399512,0.842330431636792,0.927999999999956,3.71079632679472,0.248654151096931,0.475374616021327,0.54499999995062,0.0450446601728415,1.67978568471931,3.07322741883407,0.00773712339116166,0.0038281
2.16,-0.555743914248542,0.828971409203643,0.93199999937201,3.73121674322499,0.997621152670577,0.00120990187619256,0.199999999446136,-0.555699146250615,0.831383460778833,0.931999999999956,3.73079632679472,0.248667369248287,0.475366403004914,0.544999999951354,0.0450446267345527,1.65788879987138,3.10660635112239,0.00784644768089917,0.0035852
2.18,-0.572201601150926,0.817691828782037,0.935999999360757,3.75121652389506,0.997615895393605,0.00121344599261538,0.199999999428624,-0.572214570852441,0.820103947621527,0.935999999999956,3.75079632679472,0.2486800419466,0.475358194020986,0.54499999995212,0.0450445899540338,1.63532913717191,3.13954071305379,0.00795743754644357,0.0033894
2.2,-0.588430302513457,0.806085377871396,0.939999999349157,3.77121630697261,0.997611262608058,0.00121671455358767,0.199999999411387,-0.588501117255352,0.808496403819746,0.939999999999956,3.77079632679472,0.248692173151352,0.475350008077288,0.544999999952915,0.0450445500841361,1.61211572496047,3.1720173390938,0.00807003114815871,0.0033786
2.22,-0.604423540359482,0.794156700799414,0.943999999337215,3.79121609060815,0.997607220990543,0.00121970044910439,0.199999999394436,-0.604552271057938,0.796565472236245,0.943999999999956,3.79079632679472,0.248703768039883,0.475341863539739,0.544999999953741,0.045044507379339,1.58825785252617,3.20402324687753,0.00818416479485602,0.0038048
2.24,-0.62017493039522,0.781910570526818,0.947999999324937,3.81121587300308,0.997603737628194,0.00122239800321158,0.199999999377783,-0.62036161201269,0.784315925084581,0.947999999999956,3.81079632679472,0.248714832928052,0.475333778089577,0.544999999954601,0.0450444620946867,1.56376506641211,3.2355456423921,0.0082997730747084,0.0046883
2.26,-0.63567818456879,0.769351886747566,0.951999999312329,3.83121565241569,0.997600780087898,0.00122480291919478,0.199999999361439,-0.635922816594015,0.771752662020289,0.951999999999956,3.83079632679472,0.248725375191546,0.475325768685569,0.544999999955492,0.0450444144847809,1.53864716661677,3.26657192508414,0.00841678898600079,0.0037244
2.28,-0.65092711359122,0.756485673938205,0.955999999299398,3.85121542716647,0.997598316480602,0.00122691222284981,0.199999999345416,-0.651229660527561,0.758880708181088,0.955999999999956,3.85079632679472,0.248735403188044,0.475317851531135,0.544999999956419,0.0450443648028379,1.51291420269378,3.29708969289029,0.00853514406729622,0.0035372
2.3,-0.665915629418385,0.743317079357176,0.95999999928615,3.87121519564292,0.997596315520727,0.00122872420414252,0.199999999329727,-0.666276021279842,0.745705212176889,0.959999999999956,3.87079632679472,0.248744926180419,0.475310042046201,0.544999999957381,0.0450443132997884,1.48657646975164,3.3270867471886,0.00865476852668137,0.0042219
2.32,-0.680637747692844,0.729851370994855,0.963999999272591,3.89121495630385,0.997594746580761,0.00123023835755186,0.199999999314385,-0.681055880507172,0.732231444030422,0.963999999999956,3.89079632679472,0.24875395426122,0.475302354843641,0.544999999958378,0.0450442602234515,1.45964450435498,3.35655109766907,0.00877559136964187,0.0037873
2.34,-0.695087590144559,0.716093935475157,0.967999999258729,3.91121470768307,0.997593579741107,0.00123145532137923,0.199999999299401,-0.695563326462924,0.7184647930693,0.967999999999956,3.91079632679472,0.248762498278539,0.475294803710089,0.544999999959409,0.0450442058177535,1.43212908032887,3.385470967121,0.00889754052529224,0.0035009
2.36,-0.709259386949513,0.702050275909546,0.971999999244571,3.93121444839273,0.997592785835267,0.00123237681629394,0.199999999284788,-0.709792556362145,0.704410765770352,0.971999999999956,3.93079632679472,0.248770569763484,0.475287401590951,0.544999999960478,0.0450441503220053,1.40404120446809,3.41383479613568,0.00902054297066368,0.0037166
2.38,-0.723147479045239,0.68772600970431,0.975999999230124,3.951214177126,0.997592336490459,0.00123300558337159,0.19999999927056,-0.723737878702596,0.690074983557115,0.975999999999956,3.95079632679472,0.24877818085938,0.475280160579451,0.544999999961582,0.0450440939702447,1.37539211215276,3.44163124772212,0.00914452485269586,0.0033842
2.4,-0.73674632040231,0.673126866321972,0.979999999215397,3.97121389265937,0.997592204163779,0.00123334532187158,0.19999999925673,-0.737393715541275,0.675463180551332,0.979999999999956,3.97079632679472,0.248785344252814,0.475273091909468,0.544999999962722,0.0450440369906196,1.34619326287236,3.46884921183423,0.00926941160778545,0.0039811
2.42,-0.750050480250855,0.658258684997751,0.983999999200397,3.99121359385452,0.997592362174017,0.00123340062698377,0.199999999243309,-0.750754604725523,0.660581201279384,0.983999999999956,3.99079632679472,0.248792073106693,0.475266205952037,0.544999999963895,0.0450439796048359,1.3164563356597,3.49547780980758,0.00939512807853041,0.0037046
2.44,-0.763054645261182,0.643127412411968,0.987999999185134,4.01121327965966,0.997592784729252,0.00123317692776485,0.199999999230312,-0.763815202077809,0.645434998334556,0.987999999999956,4.01079632679472,0.248798380995366,0.475259512215248,0.544999999965101,0.045043922027654,1.28619322443676,3.52150639870387,0.00952159862761623,0.0035874
2.46,-0.77575362167761,0.627739100319347,0.991999999169614,4.03121294911057,0.997593446950362,0.00123268042546907,0.199999999217748,-0.776570283533331,0.63003062999608,0.991999999999956,4.03079632679472,0.248804281841944,0.475253019347417,0.544999999966337,0.0450438644664437,1.25541603327427,3.54692457556149,0.00964874724853543,0.0034042
2.48,-0.788142337404633,0.612099903136151,0.995999999153848,4.05121260133114,0.997594324890582,0.00123191803246765,0.199999999205629,-0.789014747229571,0.614374257805902,0.995999999999956,4.05079632679472,0.248809789857911,0.475246735143275,0.544999999967607,0.0450438071207756,1.22413707156687,3.57172218155035,0.00977649767301807,0.0041225
2.5,-0.800215844044567,0.596216075486121,0.999999999137844,4.07121223553359,0.997595395551254,0.00123089731193603,0.199999999193968,-0.801143615546977,0.598472144104148,0.999999999999956,4.07079632679472,0.248814919485036,0.475240666553029,0.544999999968906,0.0450437501820802,1.19236884912574,3.59588930602941,0.00990477347509674,0.0037031
2.52,-0.811969318885836,0.5800939697062,1.00399999912161,4.09121185101833,0.997596636893916,0.00122962641847786,0.199999999182774,-0.812952037099936,0.582330649524276,1.00399999999996,4.09079632679472,0.248819685339728,0.475234819694052,0.544999999970233,0.045043693833339,1.16012407119081,3.61941629050522,0.0100334981716057,0.0037998
2.54,-0.823398066841087,0.563740033313051,1.00799999910516,4.11121144717348,0.997598027848888,0.00122811403983909,0.199999999172058,-0.824435288677271,0.565956230448899,1.00799999999996,4.11079632679472,0.248824102159817,0.475229199865058,0.544999999971587,0.0450436382488299,1.12741563336438,3.64229373248991,0.0101625953190616,0.0034042
2.56,-0.834497522334347,0.547160806431361,1.0119999990885,4.13121102347406,0.997599548320502,0.00122636933985641,0.199999999161829,-0.835588777131459,0.549355436427325,1.01199999999996,4.13079632679472,0.248828184753839,0.475223811562559,0.544999999972966,0.0450435835939203,1.0942566164682,3.66451248925709,0.01029198860684,0.0040919
2.58,-0.845263251136436,0.530362919184988,1.01599999907164,4.15121057948086,0.997601179189141,0.00122440190276996,0.199999999152097,-0.84640804121583,0.532534907555821,1.01599999999996,4.15079632679472,0.248831947952838,0.475218658499373,0.544999999974371,0.0450435300248902,1.06066028132616,3.68606368149408,0.010421601946577,0.0034567
2.6,-0.855690952147907,0.513353089051968,1.01999999905459,4.17121011483913,0.997602902310245,0.00122222167901803,0.19999999914287,-0.856888753369005,0.515501371821666,1.01999999999996,4.17079632679472,0.248835406564701,0.475213743625095,0.544999999975795,0.0450434776888148,1.02664006347457,3.70693869684911,0.0105513595577939,0.0033914
2.62,-0.865776459128769,0.496138118184463,1.02399999903736,4.19120962927691,0.997604700510447,0.00121983893262258,0.199999999134157,-0.867026721445863,0.498261642412042,1.02399999999996,4.19079632679472,0.248838575331046,0.47520906914824,0.544999999977243,0.0450434267234644,0.992209567802212,3.72712919337202,0.0106811860496569,0.00335
2.64,-0.875515742374295,0.4787248906947,1.02799999901996,4.21120912260318,0.997606557581,0.00121726419025876,0.199999999125964,-0.876817890394345,0.480822614988854,1.02799999999996,4.21079632679472,0.248841468886664,0.475204636559981,0.544999999978709,0.0450433772572645,0.957382563122267,3.74662710284704,0.0108110064988975,0.0036858
2.66,-0.884904910336235,0.461120369908011,1.0319999990024,4.23120859470576,0.997608458268657,0.00121450819209505,0.199999999118299,-0.886258343877419,0.463191264930552,1.03199999999996,4.23079632679472,0.24884410172149,0.475200446659247,0.544999999980193,0.0450433294092746,0.922172976678274,3.76542463401635,0.0109407465239162,0.0035626
2.68,-0.893940211188772,0.443331595584044,1.0359999989847,4.25120804554906,0.997610388264169,0.0012115818444764,0.199999999111169,-0.895344305839562,0.44537464454208,1.03599999999996,4.25079632679472,0.24884648814512,0.475196499579037,0.544999999981692,0.0450432832892105,0.886594888586386,3.78351427569314,0.011070332355016,0.0036606
2.7,-0.902618034338575,0.425365681107282,1.03999999896685,4.27120747517159,0.997612334188566,0.00120849617451394,0.199999999104578,-0.904072142017134,0.42737988023404,1.03999999999996,4.27079632679472,0.248848642253808,0.475192794813814,0.544999999983203,0.0450432389974931,0.850662526216078,3.80088879976291,0.0111996909008729,0.0034713
2.72,-0.91093491187836,0.407229810647972,1.04399999894888,4.29120688368338,0.997614283577371,0.00120526228663524,0.199999999098531,-0.912438361392034,0.409214169672229,1.04399999999996,4.29079632679472,0.248850577897381,0.475189331237373,0.544999999983747,0.0450431966243794,0.814390258511588,3.81754126407177,0.0113287498112696,0.003646
2.74,-0.918887519983338,0.388931236294616,1.0479999989308,4.31120627126315,0.997616224862808,0.0012018913207246,0.19999999909268,-0.92043961758806,0.390884778898665,1.04799999999996,4.31079632679472,0.248852308655681,0.475186107150043,0.544999999983373,0.0450431562523776,0.777792590256353,3.83346501520061,0.011457437535943,0.0036825
2.76,-0.926472680250014,0.370477275159158,1.05199999891259,4.33120563815549,0.997618147354442,0.00119839441305369,0.199999999086694,-0.928072710209416,0.37239903942527,1.05199999999996,4.33079632679472,0.248853847812608,0.475183120307209,0.544999999982757,0.0450431179552511,0.740884156282743,3.84865369112399,0.0115856833799679,0.0044379
2.78,-0.933687360976761,0.351875306456016,1.05599999889426,4.35120498466782,0.997620041218226,0.00119478265919168,0.199999999080486,-0.935334586120825,0.353764345301358,1.05599999999996,4.35079632679472,0.248855208330084,0.475180367938529,0.544999999981977,0.0450430817970894,0.703679715629403,3.86310122375282,0.0117134175555814,0.003958
2.8,-0.940528678385667,0.333132768556149,1.05999999887581,4.37120431116735,0.997621897453989,0.00119106707855448,0.199999999073998,-0.942222340668748,0.334988150156122,1.05999999999996,4.37079632679472,0.248856402828608,0.475177846784733,0.544999999981295,0.0450430478337294,0.666194145648539,3.87680184135955,0.0118405712303965,0.0036743
2.82,-0.946993897785163,0.314257156017308,1.06399999885722,4.39120361807794,0.997623707871704,0.00118725858132178,0.199999999067264,-0.9487332188432,0.316077964217272,1.06399999999996,4.39079632679471,0.248857443568373,0.475175553127962,0.544999999981048,0.0450430161126369,0.628442436065528,3.88975007088516,0.0119670765722174,0.0038625
2.84,-0.953080434672947,0.295256016591676,1.0679999988385,4.41120290587685,0.997625465066591,0.00118336793742188,0.199999999060442,-0.954864616379723,0.297041351307051,1.06799999999996,4.41079632679471,0.248858342430842,0.475173482815177,0.544999999980965,0.0450429866724524,0.590439682993195,3.90194074012682,0.0120928667905784,0.0035368
2.86,-0.958785855778768,0.276136948212087,1.07199999881964,4.43120217509151,0.997627162393145,0.00117940574730739,0.199999999053589,-0.960614080801053,0.277885925816807,1.07199999999996,4.43079632679471,0.248859110906464,0.475171631297792,0.544999999981143,0.0450429595444615,0.552201082903198,3.91336897980549,0.0122178761749149,0.0035191
2.88,-0.964107880046639,0.256907595958029,1.07599999880064,4.45120142629618,0.997628793938369,0.0011753824151774,0.1999999990468,-0.965979312398079,0.258619349661332,1.07599999999996,4.45079632679471,0.248859760082699,0.475169993664234,0.544999999982156,0.0450429347525634,0.513741926556886,3.92403022551253,0.0123420401296851,0.0034743
2.9,-0.969044379556094,0.237575649002635,1.07999999878151,4.47120066010871,0.99763035449429,0.00117130812431328,0.199999999040376,-0.970958165149698,0.239249329214205,1.07999999999996,4.47079632679471,0.248860300627153,0.475168564644533,0.544999999982478,0.04504291231101,0.475077592898111,3.93392021953456,0.0124652952065434,0.0035065
2.92,-0.973593380382091,0.218148837541892,1.08399999876226,4.49119987718714,0.997631839529594,0.00116719281340616,0.199999999034069,-0.975548647581193,0.21978361222534,1.08399999999996,4.49079632679471,0.248860742790906,0.475167338688348,0.5449999999836,0.0450428922305597,0.436223542910395,3.94303501255582,0.0125875791331735,0.0035201
2.94,-0.977753063393244,0.198634929707289,1.08799999874288,4.51119907822644,0.997633245161245,0.0011630461568602,0.199999999028164,-0.979748923560798,0.200229984721994,1.08799999999996,4.51079632679471,0.248861096391534,0.475166309953407,0.544999999985282,0.0450428745123641,0.397195313440949,3.95137096523745,0.0127088308399095,0.0034534
2.96,-0.981521764988023,0.179041728463128,1.09199999872339,4.53119826395524,0.997634568125321,0.00115887754530759,0.199999999022866,-0.983557313034124,0.180596267894457,1.09199999999996,4.53079632679471,0.248861370809279,0.475165472339308,0.544999999986508,0.0450428591507712,0.358008510993991,3.95892474967286,0.0128289904832348,0.0034301
2.98,-0.984897977768653,0.159377068489758,1.0959999987038,4.55119743513249,0.997635805747623,0.00115469606831095,0.199999999018009,-0.986972292696159,0.160890314967681,1.09599999999996,4.55079632679471,0.248861574989782,0.475164819540654,0.544999999987995,0.0450428461358954,0.318678805495869,3.96569335071875,0.0129479994666204,0.0034457
3,-0.98788035115243,0.139648813053958,1.09999999868411,4.57119659254431,0.997636955914367,0.00115051049992984,0.199999999013687,-0.989992496600571,0.141120008060093,1.09999999999996,4.57079632679471,0.248861717437727,0.475164345056343,0.544999999989944,0.045042835450756,0.27922192403447,3.97167406720124,0.0130658004591941,0.0039731
3.02,-0.990467691920191,0.11986485086773,1.10399999866435,4.59119573700078,0.99763801704264,0.00114632928531179,0.199999999010067,-0.992616716706066,0.121293255030856,1.10399999999996,4.59079632679471,0.248861806216614,0.475164042216873,0.544999999992204,0.0450428270724974,0.239653644575447,3.97686451299649,0.0131823374118549,0.0035342
3.04,-0.992658964701727,0.100033092936742,1.10799999864453,4.61119486933284,0.997638988050895,0.00114216052909453,0.19999999900726,-0.994843903359592,0.101417986316828,1.10799999999996,4.61079632679471,0.248861848948824,0.475163904206342,0.544999999993953,0.0450428209724459,0.199989789657749,3.98126261798556,0.0132975555711794,0.0035431
3.06,-0.994453292397945,0.080161469399709,1.11199999862465,4.63119399038922,0.997639868329521,0.00113801198535767,0.199999999005083,-0.996673165716183,0.081502151760496,1.11199999999996,4.63079632679471,0.248861852823101,0.475163924108068,0.544999999995743,0.0450428171185174,0.160246220071013,3.98486662888293,0.0134114014910025,0.0034183
3.08,-0.995849956539601,0.0602579263599446,1.11599999860474,4.65119310103343,0.997640657711832,0.00113389105004736,0.19999999900355,-0.998103772095286,0.0615537174301403,1.11599999999996,4.65079632679471,0.24886182459506,0.475164094916229,0.544999999997876,0.0450428154731839,0.120438828517336,3.98767510993849,0.013523823042275,0.0039937
3.1,-0.996848397582441,0.0403304227103647,1.1199999985848,4.67119220214094,0.997641356445227,0.0011298047544293,0.199999999002786,-0.999135150273423,0.0415806624335178,1.11999999999996,4.67079632679471,0.248861770591515,0.475164409557151,0.545000000000231,0.0450428159941785,0.0805835332599579,3.98968694351267,0.0136347694208569,0.0037859
3.12,-0.997448215138656,0.0203869269532111,1.12399999856485,4.69119129459628,0.997641965162688,0.00112575975999705,0.199999999002869,-0.999766887713076,0.0215909757263234,1.12399999999996,4.69079632679471,0.248861696717429,0.475164860915943,0.545000000002721,0.0450428186354001,0.0406962717614288,3.99090133052437,0.0137441911535057,0.003543
3.14,-0.997649168144533,0.000435414015765466,1.12799999854492,4.71119037929036,0.997642484854759,0.00112176235501065,0.199999999003849,-0.999998731727691,0.00159265291671432,1.12799999999996,4.71079632679471,0.248861608462007,0.475165441854427,0.545000000004899,0.0450428233466744,0.000792994313779944,3.99131779077175,0.0138520401021426,0.0034543
3.16,-0.997451174964248,-0.0195161379366719,1.13199999852502,4.73118945711784,0.997642916841988,0.00111781845227422,0.199999999005612,-0.999830589582754,-0.0184063069328264,1.13199999999996,4.73079632679471,0.248861510908374,0.475166145238972,0.545000000006703,0.0450428300749162,-0.0391103423367268,3.99093616312542,0.0139582694665534,0.0034177
3.18,-0.996854313429745,-0.0394597506892654,1.13599999850515,4.75118852897453,0.997643262747996,0.00111393358853456,0.199999999008025,-0.99926252853288,-0.038397904505008,1.13599999999996,4.75079632679471,0.248861408743708,0.47516696396547,0.545000000008778,0.0450428387644692,-0.0789977813677256,3.98975660559422,0.0140628337855883,0.0037432
3.2,-0.995858820816677,-0.0593874491663137,1.13999999848534,4.77118759575504,0.997643524473231,0.00111011292533438,0.199999999011186,-0.998294775794916,-0.0583741434273529,1.13999999999996,4.77079632679471,0.248861306265525,0.475167890964747,0.545000000011027,0.0450428493558669,-0.118853372259189,3.98777959526344,0.0141656889371115,0.0042467
3.22,-0.994465093756436,-0.0792912646188293,1.14399999846561,4.79118665835043,0.997643704169244,0.0011063612505088,0.199999999015155,-0.996927718457053,-0.0783270334706384,1.14399999999996,4.79079632679471,0.248861207393577,0.475168919226627,0.545000000013379,0.0450428617874243,-0.158661177169631,3.98500592810548,0.0142667921365037,0.0036822
3.24,-0.992673688084274,-0.0991632378097518,1.14799999844596,4.811185717646,0.99764380421375,0.00110268298108832,0.199999999019972,-0.995161903324,-0.0982485937448821,1.14799999999996,4.8107963267947,0.248861115680868,0.475170041816922,0.545000000015778,0.0450428759952922,-0.198405277307511,3.98143671866307,0.014366101934041,0.0036287
3.26,-0.990485318623608,-0.118995422195519,1.15199999842642,4.83118477451918,0.997643827186434,0.00109908216726028,0.199999999025652,-0.992998036698266,-0.118130855891592,1.15199999999996,4.8307963267947,0.248861034325256,0.475171251893331,0.545000000018188,0.0450428919137038,-0.238069779295285,3.97707339960516,0.0144635782111766,0.003848
3.28,-0.987900858906561,-0.138779887102727,1.15599999840699,4.85118382983755,0.99764377584556,0.00109556249732456,0.199999999032199,-0.990436984097651,-0.137965867271002,1.15599999999996,4.8507963267947,0.24886096618123,0.475172542719094,0.545000000020469,0.0450429094751319,-0.277638821523562,3.97191772115561,0.014559182175814,0.0039762
3.3,-0.984921340830875,-0.158508720898596,1.15999999838771,4.87118288445695,0.997643653105375,0.00109212730352769,0.199999999039568,-0.987479769909046,-0.157745694143024,1.15999999999996,4.8707963267947,0.248860913771636,0.475173907673599,0.545000000022119,0.0450429286103501,-0.317096580492792,3.96597175039497,0.0146528763566731,0.0036705
3.32,-0.981547954253311,-0.178174034153986,1.16399999836858,4.89118193921969,0.997643462014343,0.00108877956863122,0.199999999047531,-0.9841275769787,-0.177462424840636,1.16399999999996,4.8907963267947,0.248860879304892,0.475175340282678,0.545000000023981,0.0450429492504429,-0.356427277139982,3.95923787043554,0.0147446245967028,0.003622
3.34,-0.977782046519702,-0.197767962797685,1.16799999834962,4.91118099495297,0.997643205734413,0.00108552193397898,0.199999999056164,-0.980381746139088,-0.197108172934447,1.16799999999996,4.9107963267947,0.248860864683117,0.475176834209937,0.545000000025973,0.0450429713242314,-0.395615183147858,3.95171877947014,0.0148343920460087,0.0035918
3.36,-0.973625121931848,-0.21728267126071,1.17199999833084,4.93118005246731,0.997642887520988,0.00108235670743091,0.199999999065514,-0.976243775672602,-0.216675080387157,1.17199999999996,4.9307963267947,0.248860871517377,0.475178383274898,0.545000000028045,0.0450429947602351,-0.434644627233983,3.94341748969487,0.0149221451538609,0.0044975
3.38,-0.96907884115146,-0.23671035560936,1.17599999831225,4.95117911255514,0.997642510703858,0.00107928587229132,0.199999999075611,-0.971715320712259,-0.236155320696675,1.17599999999996,4.9507963267947,0.248860901141307,0.475179981462739,0.545000000030152,0.0450430194866171,-0.473500001417281,3.93433732610627,0.0150078516601706,0.0034341
3.4,-0.964145020541393,-0.256043246665758,1.17999999829387,4.9711781759895,0.997642078669057,0.00107631109682292,0.199999999086465,-0.966798192579661,-0.255541102026611,1.17999999999996,4.9707963267947,0.248860954624851,0.475181622933103,0.545000000032265,0.0450430454313844,-0.512165767259469,3.92448192517352,0.0150914805864032,0.0033783
3.42,-0.958825631444439,-0.275273613114649,1.18399999827571,4.99117724352284,0.997641594841638,0.0010734337442928,0.199999999098081,-0.961494358060503,-0.274824670322904,1.18399999999996,4.9907963267947,0.248861032788085,0.475183302027907,0.545000000034362,0.0450430725225721,-0.550626462078884,3.91385523338598,0.0151730022260274,0.0033654
3.44,-0.95312279939994,-0.294393764595181,1.1879999982578,5.01117631588593,0.997641062669371,0.00107065488348869,0.199999999110451,-0.955805938617874,-0.293998312415349,1.18799999999996,5.0107963267947,0.248861136215071,0.475185013278235,0.545000000036427,0.0450431006884523,-0.588866705134217,3.90246150567683,0.0152523881345435,0.0034941
3.46,-0.94703880329857,-0.313396054776458,1.19199999824014,5.03117539378691,0.997640485607377,0.00106797529964739,0.199999999123564,-0.949735209543708,-0.313054359102753,1.19199999999996,5.0307963267947,0.24886126526769,0.475186751410325,0.545000000038455,0.0450431298577246,-0.626871203775685,3.89030530372329,0.0153296111191304,0.0034215
3.48,-0.940576074475589,-0.33227288441561,1.19599999822275,5.05117447791039,0.997639867103678,0.00106539550573718,0.199999999137408,-0.943284599048691,-0.331985188220518,1.19599999999996,5.0507963267947,0.248861420099395,0.475188511350653,0.545000000040435,0.0450431599596866,-0.664624759561145,3.87739149412422,0.0154046452280221,0.0033995
3.5,-0.933737195742958,-0.351016704397153,1.19999999820564,5.07117356891674,0.997639210585669,0.00106291575403822,0.199999999151965,-0.936456687291015,-0.350783227689405,1.19999999999996,5.0707963267947,0.248861600669323,0.475190288231917,0.545000000042519,0.045043190924561,-0.702112274334726,3.86372524645577,0.0154774657395799,0.003436
3.52,-0.926524900360678,-0.369620018752443,1.20399999818883,5.09117266744135,0.997638519447525,0.00106053604803687,0.199999999167272,-0.929254205344346,-0.369440958544264,1.20399999999996,5.0907963267947,0.248861806752676,0.475192077383838,0.545000000043829,0.0450432226824447,-0.739318756265527,3.84931203120576,0.0155480491512426,0.0038906
3.54,-0.918942070947789,-0.388075387657977,1.20799999817234,5.11117177409415,0.997637797038367,0.00105825615400507,0.19999999918305,-0.92168003410543,-0.387950917941519,1.20799999999996,5.1107963267947,0.24886203796097,0.475193874363653,0.54500000004529,0.0450432551666323,-0.776229325843959,3.83415761758785,0.0156163731680339,0.0046015
3.56,-0.910991738333445,-0.406375430411367,1.21199999815616,5.13117088945907,0.997637046651613,0.00105607561386665,0.199999999199355,-0.913737203141775,-0.406305702144207,1.21199999999996,5.1307963267947,0.248862293749001,0.475195674933125,0.54500000004685,0.0450432883100306,-0.812829221833323,3.81826807123608,0.0156824166913419,0.0041854
3.58,-0.90267708034853,-0.424512828383774,1.21599999814032,5.15117001409373,0.99763627151494,0.00105399375710427,0.199999999216221,-0.905428889479863,-0.424497969483374,1.21599999999996,5.1507963267947,0.248862573429653,0.475197475067515,0.545000000048465,0.0450433220472082,-0.84910380717425,3.80164975178091,0.0157461598073424,0.0038383
3.6,-0.894001420558299,-0.442480327947624,1.21999999812482,5.17116914852913,0.997635474781194,0.00105200971307632,0.199999999233668,-0.896758416334384,-0.442520443294646,1.21999999999996,5.1707963267947,0.248862876186509,0.475199270956005,0.545000000050105,0.04504335631423,-0.885038574839616,3.78430931030767,0.0158075837753819,0.0042949
3.62,-0.884968226936559,-0.46027074337843,1.22399999810967,5.19116829326946,0.99763465952012,0.00105012242333198,0.199999999251706,-0.887729251778991,-0.460365914828793,1.22399999999996,5.1907963267947,0.248863201086137,0.475201059001477,0.545000000051747,0.0450433910487435,-0.920619153637592,3.76625368669834,0.0158666710163857,0.0038513
3.64,-0.875581110481909,-0.477876959729551,1.22799999809489,5.21116744879197,0.997633828710926,0.00104833065389203,0.199999999270334,-0.878345007359118,-0.47802724613514,1.22799999999996,5.2107963267947,0.248863547090073,0.475202835819633,0.545000000053378,0.0450434261900414,-0.955831313960507,3.74749010685785,0.0159234051011984,0.0036429
3.66,-0.865843823776608,-0.495291935678734,1.23199999808049,5.23116661554695,0.997632985235626,0.00104663300745629,0.19999999928955,-0.868609436647413,-0.495497372916644,1.23199999999996,5.2307963267947,0.248863913066426,0.475204598237543,0.545000000054982,0.0450434616791591,-0.990660973477208,3.72802607982597,0.0159777707389828,0.0035811
3.68,-0.855760259488632,-0.512508706345301,1.23599999806648,5.25116579395775,0.997632131873163,0.00104502793550356,0.199999999309344,-0.858526433742353,-0.512769307355525,1.23599999999996,5.2507963267947,0.248864297801159,0.475206343291618,0.54500000005655,0.0450434974589456,-1.02509420276663,3.70786939477587,0.0160297537656419,0.0036908
3.7,-0.845334448817532,-0.529520386076842,1.23999999805287,5.27116498442092,0.997631271294275,0.00104351375024877,0.199999999329702,-0.848100031710663,-0.529836140908297,1.23999999999996,5.2707963267947,0.248864700008938,0.475208068225067,0.545000000058083,0.0450435334741349,-1.05911723089034,3.68702811790059,0.0160793411322896,0.0034783
3.72,-0.834570559884717,-0.546320171204293,1.24399999803967,5.29116418730634,0.997630406057081,0.00104208863642634,0.199999999350612,-0.837334400974138,-0.546691047069093,1.24399999999996,5.29079632679469,0.248865118343622,0.475209770484858,0.545000000059572,0.0450435696713962,-1.09271645090177,3.66551058918876,0.0161265208937979,0.003965
3.74,-0.823472896068801,-0.562901342764303,1.2479999980269,5.31116340295752,0.997629538603359,0.00104075066287025,0.199999999372058,-0.826233847641533,-0.563327284100178,1.24799999999996,5.31079632679469,0.24886555140831,0.475211447718223,0.545000000061017,0.0450436059993863,-1.12587842528999,3.64332541909066,0.0161712821974234,0.0036209
3.76,-0.812045894286685,-0.579257269187782,1.25199999801456,5.33116263169186,0.997628671255494,0.00103949779386337,0.199999999394024,-0.814802811786177,-0.579738197728553,1.25199999999996,5.33079632679469,0.248865997765003,0.47521309776875,0.545000000062416,0.04504364240879,-1.15858989135583,3.62048148507612,0.0162136152715482,0.0036738
3.78,-0.800294123221068,-0.595381408953561,1.25599999800267,5.351161873801,0.997627806214057,0.00103832790023175,0.199999999416494,-0.803045865669999,-0.595917223807577,1.25599999999996,5.35079632679469,0.248866455943792,0.475214718672067,0.545000000063769,0.0450436788523496,-1.19083776651807,3.59698792808559,0.0162535114144925,0.0036494
3.8,-0.78822228149509,-0.611267313206087,1.25999999799122,5.37116112955129,0.997626945555999,0.00103723877016001,0.199999999439451,-0.790967711914688,-0.611857890942534,1.25999999999996,5.37079632679469,0.24886692445165,0.475216308651193,0.545000000065072,0.0450437152848842,-1.2226091535478,3.57285414887568,0.0162909629834468,0.0040091
3.82,-0.77583519579485,-0.626908628336112,1.26399999798025,5.39116039918418,0.997626091233422,0.00103622811970815,0.199999999462877,-0.778573181620707,-0.627553823079111,1.26399999999996,5.39079632679469,0.248867401780748,0.475217866111555,0.54500000006633,0.0450437516633221,-1.25389134572863,3.54808980426086,0.0163259633835578,0.0036986
3.84,-0.763137818940545,-0.642299098523331,1.26799999796974,5.41115968291675,0.997625245072896,0.00103529360301083,0.199999999486756,-0.765867232434915,-0.642998742053729,1.26799999999996,5.41079632679469,0.248867886416353,0.475219389635719,0.545000000067543,0.0450437879466897,-1.28467183194083,3.5227048032526,0.0163585070570805,0.0052924
3.86,-0.750135227907005,-0.657432568239949,1.27199999795972,5.43115898094228,0.997624408775304,0.00103443282214238,0.199999999511071,-0.752854946567576,-0.658186470104728,1.27199999999996,5.43079632679469,0.248868376844257,0.47522087797786,0.545000000068709,0.0450438240961256,-1.31493830166722,3.49670930309761,0.0163885894726782,0.0039188
3.88,-0.736832621794423,-0.672302984714168,1.27599999795019,5.45115829343077,0.997623583916172,0.00103364333663324,0.199999999535807,-0.739541528759542,-0.673110932343388,1.27599999999996,5.45079632679469,0.248868871557777,0.475222330058008,0.54500000006983,0.0450438600748758,-1.34467864991899,3.47011370521672,0.0164162071148532,0.0035748
3.9,-0.7232353197501,-0.686904400352612,1.27999999794116,5.47115762052963,0.997622771946459,0.00103292267262508,0.199999999560945,-0.725932304200427,-0.687766159183803,1.27999999999996,5.47079632679469,0.248869369064296,0.475223744956084,0.545000000070908,0.0450438958482743,-1.37388098207928,3.44292865104609,0.0164413574734758,0.0036684
3.92,-0.709348758842018,-0.701230975120708,1.28399999793263,5.49115696236427,0.997621974193783,0.00103226833165356,0.199999999586472,-0.7120327163986,-0.702146288730637,1.28399999999996,5.49079632679469,0.248869867891379,0.475225121905788,0.545000000071942,0.0450439313837365,-1.40253361866271,3.41516501778229,0.0164640390334217,0.0035861
3.94,-0.695178491885126,-0.715276978880073,1.28799999792462,5.51115631903878,0.997621191864047,0.0010316777990504,0.199999999612372,-0.697848325003856,-0.716245569123805,1.28799999999996,5.51079632679469,0.248870366592423,0.475226460288331,0.545000000072933,0.0450439666507358,-1.43062509998888,3.38683391403308,0.0164842512643752,0.0035988
3.96,-0.680730185221187,-0.729036793681956,1.29199999791713,5.53115569063665,0.997620426043433,0.00103114855195695,0.199999999638628,-0.683384803583631,-0.730058360839138,1.29199999999996,5.53079632679469,0.248870863751908,0.475227759626055,0.545000000073883,0.0450440016207724,-1.45814419076799,3.35794667537551,0.0165019946106711,0.003525
3.98,-0.66600961645309,-0.742504916015833,1.29599999791017,5.55115507722146,0.997619677700748,0.00103067806694375,0.199999999665226,-0.668647937353649,-0.743579138944116,1.29599999999996,5.55079632679469,0.248871357990199,0.475229019575962,0.545000000074788,0.0450440362673444,-1.48507988459677,3.32851485982327,0.0165172704812817,0.0041115
4,-0.651022672134534,-0.75567595901223,1.29999999790374,5.57115447883764,0.997618947690079,0.00103026382723213,0.199999999692149,-0.653643620863913,-0.756802495307772,1.29999999999996,5.57079632679469,0.248871847967928,0.475230239923179,0.545000000075657,0.0450440705659083,-1.51142140836287,3.29855024320488,0.0165300812399101,0.0035396
4.02,-0.635775345416015,-0.768544654598903,1.30399999789786,5.59115389551116,0.99761823675374,0.00102990332951533,0.199999999719385,-0.638377855640963,-0.769723140763871,1.30399999999996,5.59079632679469,0.248872332389991,0.475231420574399,0.545000000076482,0.0450441044938469,-1.5371582265559,3.26806481445482,0.016540430195113,0.0034667
4.04,-0.620273733648056,-0.781105855609507,1.30799999789252,5.61115332725038,0.997617545525477,0.00102959409037849,0.199999999746919,-0.622856747787348,-0.782335907226503,1.30799999999996,5.61079632679469,0.248872810009115,0.475232561551282,0.545000000077267,0.0450441380304148,-1.56228004548361,3.2370707708193,0.0165483215905756,0.0034806
4.06,-0.604524035942649,-0.793354537843898,1.31199999788774,5.63115277404672,0.99761687453391,0.00102933365231722,0.199999999774736,-0.607086505539264,-0.79463574975725,1.31199999999996,5.63079632679469,0.248873279629055,0.475233662983868,0.545000000078013,0.0450441711566984,-1.58677681739113,3.20558051297862,0.0165537605953904,0.0034406
4.08,-0.588532550693884,-0.805285802079254,1.31599999788351,5.65115223587548,0.997616224206185,0.00102911958935678,0.19999999980282,-0.591073436783344,-0.806617748583097,1.31599999999996,5.65079632679469,0.248873740107403,0.475234725104022,0.545000000078715,0.045044203855564,-1.61063874448211,3.17360664008819,0.0165567532944461,0.0037673
4.1,-0.572305673058765,-0.816894876031193,1.31999999787985,5.67115171269663,0.9976155948718,0.00102894951227465,0.199999999831158,-0.574823946533584,-0.81827711106427,1.31999999999996,5.67079632679469,0.248874190358034,0.475235748238918,0.545000000079381,0.0450442361116036,-1.63385628283964,3.14116194474,0.0165573066788377,0.0036289
4.12,-0.555849892399221,-0.828177116264112,1.32399999787676,5.69115120445553,0.997614986766603,0.00102882107343077,0.199999999859734,-0.558344534369428,-0.829609173611233,1.32399999999996,5.69079632679469,0.248874629353195,0.475236732804577,0.545000000080005,0.0450442679110793,-1.65642014624578,3.10825940784671,0.016555428636326,0.0034599
4.14,-0.539171789686342,-0.839128010049972,1.32799999787425,5.71115071108376,0.997614400036919,0.00102873197120983,0.199999999888536,-0.541641791836019,-0.84060940355006,1.32799999999996,5.71079632679469,0.248875056125256,0.475237679299499,0.545000000080591,0.0450442992418689,-1.67832130989799,3.07491219345039,0.0165511279418109,0.0034165
4.16,-0.522278034867883,-0.849743177174789,1.33199999787231,5.73115023249983,0.997613834743788,0.00102867995408269,0.199999999917549,-0.524722399807669,-0.851273400935443,1.33199999999996,5.73079632679469,0.248875469768123,0.47523858829837,0.545000000081136,0.0450443300933992,-1.69955101402093,3.04113364345787,0.0165444142478816,0.0034146
4.18,-0.505175384200089,-0.8600183716921,1.33599999787095,5.75114976861001,0.997613290867299,0.00102866282429298,0.199999999946758,-0.507593125815603,-0.861596900310613,1.33599999999996,5.75079632679468,0.248875869438347,0.475239460445901,0.545000000081641,0.0450443604565922,-1.72010076737229,3.00693727230494,0.0165352980752677,0.0034672
4.2,-0.487870677544923,-0.869949483622702,1.33999999787018,5.77114931930901,0.997612768310992,0.00102867844117761,0.199999999976148,-0.490260821341028,-0.871575772413464,1.33999999999996,5.77079632679468,0.248876254355927,0.475240296450772,0.545000000082106,0.0450443903238041,-1.73996235064118,2.97233676155148,0.0165237908034009,0.0035583
4.22,-0.470370835633767,-0.879532540599985,1.34399999787,5.79114888448079,0.997612266906313,0.00102872472412924,0.200000000005707,-0.47273241907464,-0.881206025828204,1.34399999999996,5.79079632679468,0.248876623804818,0.475241097079718,0.545000000082531,0.0450444196887503,-1.75912781973777,2.9373459544097,0.0165099046608823,0.0035451
4.24,-0.452682857298705,-0.88876370946019,1.34799999787041,5.81114846399925,0.997611786417097,0.0010287996552103,0.200000000035418,-0.455014930143638,-0.890483808581871,1.34799999999996,5.81079632679468,0.248876977133185,0.475241863151757,0.545000000082918,0.0450444485464564,-1.77758950897277,2.90197885020759,0.0164936527159645,0.0041004
4.26,-0.434813816672507,-0.897639297776972,1.35199999787141,5.83114805772895,0.997611326544068,0.00102890128142863,0.200000000065268,-0.437115441307363,-0.899405409685064,1.35199999999996,5.83079632679468,0.248877313753378,0.475242595532586,0.545000000083266,0.045044476893184,-1.79534003412558,2.86624959879,0.0164750488669597,0.0041524
4.28,-0.416770860358414,-0.906155755339625,1.35599999787302,5.85114766552585,0.997610886929333,0.00102902771668539,0.200000000095244,-0.419041112122693,-0.907967260616295,1.35599999999996,5.85079632679468,0.24887763314168,0.475243295129132,0.545000000083574,0.0450445047263681,-1.81237229539981,2.83017249485933,0.0164541078326608,0.0037504
4.3,-0.398561204570885,-0.9143096755744,1.35999999787522,5.87114728723796,0.997610467160859,0.00102917714340607,0.200000000125331,-0.400799172080315,-0.916165936749349,1.35999999999996,5.87079632679468,0.248877934837811,0.475243962884277,0.545000000083838,0.0450445320445517,-1.82867948026497,2.79376197225831,0.0164308451426303,0.0035545
4.32,-0.380192132248446,-0.922097796908339,1.36399999787803,5.89114692270601,0.997610066776913,0.00102934781386651,0.200000000155513,-0.382396917713022,-0.923998158723085,1.36399999999996,5.89079632679468,0.248878218444233,0.475244599771771,0.545000000084063,0.0450445588473272,-1.84425506618333,2.75703259819708,0.0164052771274687,0.0034875
4.34,-0.361670990139788,-0.929517004075071,1.36799999788145,5.91114657176416,0.997609685270456,0.00102953805122548,0.200000000185775,-0.363841709677202,-0.931460793753144,1.36799999999996,5.91079632679468,0.248878483625239,0.47524520679133,0.545000000084248,0.0450445851352622,-1.85909282322065,2.71999906742679,0.0163774209090001,0.0038296
4.36,-0.343005185864302,-0.936564329362051,1.37199999788546,5.93114623424053,0.997609322093474,0.00102974625027629,0.200000000216105,-0.345140969808669,-0.938550856885013,1.37199999999996,5.93079632679468,0.248878730105869,0.475245784963935,0.545000000084391,0.0450446109098456,-1.87318681653989,2.68267619636225,0.0163472943903424,0.0039333
4.38,-0.324202184948219,-0.943236953798752,1.37599999789009,5.95114590995792,0.997608976661231,0.00102997087793044,0.200000000246485,-0.326302178154031,-0.945265512187972,1.37599999999996,5.95079632679468,0.248878957670644,0.475246335327307,0.545000000084495,0.045044636173417,-1.88653140877685,2.64507891715577,0.0163149162459137,0.003996
4.4,-0.305269507837547,-0.949532208285312,1.37999999789532,5.97114559873433,0.997608648356443,0.00103021047344496,0.200000000276904,-0.307332869978769,-0.951602073889429,1.37999999999996,5.97079632679468,0.248879166162154,0.475246858931603,0.545000000084554,0.0450446609291065,-1.89912126229676,2.60722227172476,0.0162803059113051,0.00432
4.42,-0.286214726889003,-0.955447574661209,1.38399999790117,5.99114530038357,0.997608336533354,0.00103046364840717,0.200000000307343,-0.288240632753232,-0.957558007449188,1.38399999999996,5.99079632679468,0.248879355479488,0.475247356835313,0.545000000084573,0.0450446851807785,-1.91095134133097,2.56912140573529,0.0162434835730413,0.0051207
4.44,-0.267045463340152,-0.960980686713513,1.38799999790762,6.01114501471578,0.9976080405217,0.00103072908648978,0.20000000033779,-0.269033103117752,-0.963130930573238,1.38799999999996,6.01079632679468,0.248879525576542,0.475247830101357,0.545000000084551,0.0450447089329661,-1.92201691399285,2.53079156254414,0.0162044701582255,0.0065959
4.46,-0.24776938425996,-0.966129331124325,1.39199999791468,6.03114474153797,0.997607759630571,0.00103100554298929,0.200000000368228,-0.249717963828085,-0.968318614166632,1.39199999999996,6.03079632679468,0.24887967646021,0.47524827979339,0.545000000084485,0.0450447321908156,-1.9323135541721,2.49224807710177,0.016163287324055,0.0036742
4.48,-0.22839419948099,-0.970891448357027,1.39599999792235,6.05114448065453,0.997607493152142,0.00103129184416049,0.200000000398643,-0.230302940682415,-0.973118983225103,1.39599999999996,6.05079632679468,0.248879808186521,0.475248706964451,0.545000000083668,0.0450447549593337,-1.94183714330671,2.45350636981861,0.0161199574472192,0.0038547
4.5,-0.208927658514472,-0.975265133480975,1.39999999793062,6.07114423186769,0.997607240365198,0.0010315868860471,0.200000000428763,-0.210795799431137,-0.977530117665031,1.39999999999996,6.07079632679468,0.248879920864904,0.475249112679032,0.545000000083178,0.0450447772460383,-1.95058387203183,2.41458194039705,0.0160745036129394,0.0034725
4.52,-0.189377547449479,-0.97924863693431,1.40399999793949,6.09114399497797,0.997607000538779,0.00103188963416686,0.200000000458707,-0.191204342670659,-0.981550253091453,1.40399999999996,6.09079632679468,0.248880014648991,0.475249497981289,0.545000000082764,0.0450447990569327,-1.95855024170502,2.37549036163177,0.0160269496043063,0.0035055
4.54,-0.169751685837456,-0.982840365224588,1.40799999794897,6.11114376978464,0.997606772935402,0.00103219912182559,0.200000000488502,-0.171536406722471,-0.985177781503802,1.40799999999996,6.11079632679468,0.248880089737647,0.475249863905034,0.545000000082397,0.0450448203990728,-1.96573306580703,2.33624727318079,0.0159773198910386,0.0034328
4.56,-0.150057923563354,-0.986038881566938,1.41199999795903,6.13114355608615,0.997606556814264,0.00103251444885021,0.200000000518165,-0.151799858498716,-0.988411251939077,1.41199999999996,6.13079632679468,0.248880146372346,0.475250211469461,0.54500000008205,0.0450448412798459,-1.97212947121778,2.29686837530968,0.0159256396182701,0.0039326
4.58,-0.13030413770461,-0.988842906459504,1.41599999796969,6.15114335368046,0.997606351434278,0.001032834780099,0.200000000547703,-0.132002592355532,-0.991249371052218,1.41599999999996,6.15079632679468,0.248880184834916,0.475250541676656,0.545000000081701,0.0450448617069289,-1.97773689936696,2.25736942261156,0.015871934595112,0.0037938
4.6,-0.110498229379257,-0.99125131819594,1.41999999798094,6.17114316236542,0.997606156056964,0.00103315934384423,0.200000000577116,-0.112152526935417,-0.993691003633419,1.41999999999996,6.17079632679468,0.248880205445242,0.475250855509346,0.545000000081346,0.0450448816882484,-1.98255310725866,2.21776621770533,0.0158162312830694,0.0036824
4.62,-0.0906481205843997,-0.993263153314739,1.42399999799277,6.19114298193914,0.997605969949179,0.00103348743004057,0.2000000006064,-0.0922576019998751,-0.995735173062205,1.42399999999996,6.19079632679468,0.248880208558943,0.475251153928813,0.545000000080968,0.0450449012319335,-1.98657616836984,2.17807460491463,0.0157585567842613,0.0036034
4.64,-0.0707617510263427,-0.994877606985235,1.42799999800519,6.21114281220028,0.997605792385697,0.00103381838848967,0.200000000635549,-0.0723257752536183,-0.997381061698057,1.42799999999996,6.21079632679468,0.248880194565031,0.475251437873022,0.54500000008056,0.0450449203462739,-1.98980447342211,2.13831046393011,0.0156989388294732,0.0048391
4.66,-0.0508470749436297,-0.996094033330118,1.43199999801819,6.23114265294832,0.997605622651634,0.00103415162691358,0.20000000066455,-0.0523650191615909,-0.998628011207467,1.43199999999996,6.23079632679467,0.248880163883569,0.475251708254909,0.545000000080113,0.0450449390396788,-1.99223673102658,2.09848970345758,0.0156374057660176,0.0087828
4.68,-0.0309120579242755,-0.996911945684325,1.43599999803177,6.25114250398389,0.99760546004471,0.00103448660894721,0.200000000693391,-0.0323833177600899,-0.999475522827256,1.43599999999996,6.25079632679467,0.248880116960793,0.475251965950602,0.545000000078688,0.0450449573197309,-1.9938719682015,2.05862825485443,0.0155739865454812,0.0091507
4.7,-0.0109646737184599,-0.997331016790222,1.43999999804593,6.27114236510897,0.997605303877253,0.00103482285165232,0.200000000721718,-0.0123886634632567,-0.999923257564078,1.43999999999996,6.27079632679467,0.248880054274663,0.475252211830005,0.545000000077603,0.0450449751965905,-1.9947095307625,2.01874206575705,0.0155087107109834,0.0086417
4.72,0.00898709895203775,-0.997351078928978,1.44399999806064,6.29114223612712,0.997605153478372,0.00103515992427324,0.200000000749655,0.00761094613378176,-0.999971036330006,1.44399999999996,6.29079632679467,0.248879976324193,0.475252446721797,0.545000000076677,0.0450449926781501,-1.99474908358533,1.97884709370171,0.0154416083847838,0.0064349
4.74,0.0289352795863865,-0.996972123988094,1.44799999807591,6.31114211684373,0.997605008195636,0.00103549744551828,0.200000000777259,0.0276075114538446,-0.999618840014171,1.44799999999996,6.31079632679467,0.248879883630342,0.475252671425373,0.545000000075854,0.0450450097728872,-1.99399061074079,1.9389592997414,0.0153727102552808,0.0040131
4.76,0.0488718890979531,-0.996194303465049,1.45199999809173,6.33114200706621,0.997604867396727,0.00103583508138531,0.200000000804566,0.047593034137421,-0.998866809490404,1.45199999999996,6.33079632679467,0.248879776733569,0.475252886709193,0.545000000075091,0.0450450264892666,-1.99243441550211,1.89909464206133,0.015302047563955,0.0041294
4.78,0.0687889530069744,-0.995017928407084,1.45599999810809,6.35114190660411,0.997604730470935,0.00103617254290852,0.200000000831599,0.0675595202419078,-0.997715245560888,1.45599999999996,6.35079632679467,0.248879656191603,0.475253093310102,0.545000000074354,0.0450450428356803,-1.99008112022446,1.85926906959552,0.0152296520921136,0.0047118
4.8,0.0886785046313752,-0.993443469287123,1.45999999812499,6.37114181526932,0.997604596830504,0.00103650958388427,0.200000000858367,0.0874989834390793,-0.99616460883584,1.45999999999996,6.37079632679467,0.248879522574698,0.475253291922406,0.545000000072671,0.0450450588194937,-1.9869316660969,1.81949851564703,0.0151555561475126,0.0051338
4.82,0.108532588274453,-0.991471555815905,1.46399999814242,6.39114173287613,0.997604465911727,0.0010368459981711,0.200000000884528,0.107403448209513,-0.994215519549275,1.46399999999996,6.39079632679467,0.248879376470955,0.475253483227585,0.545000000071166,0.0450450744503168,-1.98298731276667,1.77979889151456,0.0150797925504998,0.0044544
4.84,0.128343262408152,-0.989102976690386,1.46799999816036,6.41114165924141,0.997604337176199,0.0010371816182149,0.200000000910148,0.127264953032689,-0.991868757310921,1.46799999999996,6.41079632679467,0.248879218477392,0.47525366786636,0.545000000069909,0.0450450897358276,-1.97824963783612,1.74018608012767,0.0150023946204921,0.0051268
4.86,0.148102602850661,-0.986338679278509,1.47199999817882,6.4311415941847,0.99760421011166,0.00103751631240356,0.200000000935315,0.147075553571496,-0.989125260794383,1.47199999999996,6.43079632679467,0.248879049199507,0.475253846444935,0.545000000068822,0.0450451046836852,-1.97272053623236,1.7006759296935,0.0149233961618966,0.0044335
4.88,0.167802705937042,-0.983179769240487,1.47599999819777,6.45114153752829,0.997604084232769,0.0010378499827392,0.200000000960091,0.166827325849855,-0.985986127361688,1.47599999999996,6.45079632679467,0.24887886924799,0.475254019529619,0.545000000067212,0.0450451193008934,-1.96640221945001,1.66128424735723,0.0148428314500034,0.0047535
4.9,0.187435691681651,-0.979627510086745,1.47999999821722,6.47114148909726,0.997603959081682,0.00103818256231172,0.200000000984288,0.186512369422209,-0.982452612624354,1.47999999999996,6.47079632679467,0.248878679240317,0.475254187661022,0.545000000065249,0.0450451335953275,-1.95929721466722,1.62202679287907,0.0147607352165082,0.0047218
4.92,0.20699370693105,-0.975683322672692,1.48399999823714,6.49114144871955,0.997603834228651,0.00103851401337383,0.200000001007777,0.206122810533593,-0.978526129941165,1.48399999999996,6.49079632679467,0.248878479798776,0.475254351353624,0.545000000063682,0.0450451475748678,-1.95140836373541,1.58291927233011,0.0146771426350517,0.0060581
4.94,0.226468928506181,-0.971348784630533,1.48799999825752,6.51114141622598,0.997603709272495,0.00103884432538938,0.200000001030703,0.22565080526903,-0.97420824985284,1.48799999999996,6.51079632679467,0.248878271544516,0.475254511079187,0.545000000062089,0.0450451612457834,-1.94273882204311,1.5439773318097,0.0145920893067142,0.0042082
4.96,0.245853566332521,-0.966625629738335,1.49199999827836,6.53114139145032,0.997603583840788,0.00103917351243689,0.200000001053055,0.245088542690997,-0.969500699453844,1.49199999999996,6.53079632679467,0.248878055097055,0.475254667271902,0.545000000059666,0.0450451746141523,-1.93329205725433,1.50521655118676,0.0145056112450883,0.0043144
4.98,0.265139866556974,-0.961515747226633,1.49599999829963,6.55114137422923,0.99760345758997,0.00103950161088556,0.200000001074534,0.264428247963691,-0.964405361701571,1.49599999999996,6.55079632679467,0.248877831079242,0.475254820355459,0.545000000057807,0.0450451876881075,-1.92307184792201,1.46665243786764,0.0144177448611066,0.0090021
5,0.284320114650262,-0.956021181022817,1.49999999832133,6.57114136440233,0.997603330205632,0.00103982867817657,0.200000001095345,0.283662185462863,-0.958924274663183,1.49999999999996,6.57079632679467,0.248877600104814,0.47525497069948,0.545000000055364,0.0450452004722439,-1.91208228197704,1.42830042059292,0.0143285269482914,0.006023
5.02,0.303386638493549,-0.95014412893362,1.50399999834344,6.59114136181215,0.997603201402243,0.00104015478982683,0.200000001115276,0.302782661869962,-0.953059630700417,1.50399999999996,6.59079632679467,0.248877362786487,0.475255118658752,0.545000000052971,0.0450452129734866,-1.90032775509354,1.39017584326563,0.0142379946671259,0.0054579
5.04,0.322331811448091,-0.943886941766045,1.50799999836594,6.61114136630409,0.997603070923178,0.0010404800381225,0.200000001134345,0.321782029249361,-0.946813775592662,1.50799999999996,6.61079632679467,0.248877119728363,0.475255264548778,0.545000000050207,0.0450452251968729,-1.88781296893098,1.35229395881352,0.0141461855298656,0.0042412
5.06,0.341148055406665,-0.937252122387061,1.5119999983888,6.63114137772645,0.99760293854039,0.00104080452979219,0.20000000115242,0.34065268810743,-0.940189207598686,1.51199999999996,6.63079632679467,0.248876871529102,0.475255408664624,0.545000000047559,0.045045237148395,-1.87454292925389,1.31466992308763,0.0140531373848275,0.0039148
5.08,0.359827843825562,-0.930242324722463,1.51599999841202,6.65114139593034,0.997602804054186,0.0010411283845089,0.200000001169541,0.359387090432231,-0.93318857645736,1.51599999999996,6.65079632679467,0.24887661877494,0.475255551258378,0.545000000043998,0.0450452488319697,-1.8605229439299,1.2773187887997,0.0139588884009104,0.0037179
5.1,0.378363704735933,-0.922860352695295,1.51999999843557,6.67114142076962,0.997602667292684,0.00104145173248963,0.200000001185381,0.377977742712623,-0.925814682327799,1.51999999999996,6.67079632679467,0.248876362046181,0.475255692570905,0.5450000000403,0.0450452602535307,-1.84575862080688,1.24025549950084,0.0138634770515237,0.0037492
5.12,0.39674822373328,-0.915109159104249,1.52399999845942,6.69114145210089,0.997602528111496,0.00104177471344494,0.200000001199889,0.396417208935567,-0.918070474669338,1.52399999999996,6.69079632679466,0.248876101909704,0.475255832806699,0.54500000003609,0.0450452714169686,-1.83025586547011,1.2034948836039,0.0137669420989325,0.0038263
5.14,0.414974046943899,-0.906991844442503,1.52799999848355,6.71114148978339,0.997602386393093,0.00104209747449142,0.200000001212881,0.414698113560428,-0.909959051061786,1.52799999999996,6.71079632679466,0.248875838920816,0.475255972146292,0.545000000031241,0.045045282326504,-1.81402087888026,1.16705164845187,0.0136693225781101,0.0043573
5.16,0.433033883967083,-0.898511655657471,1.53199999850792,6.73114153367896,0.997602242046205,0.00104242016864231,0.200000001224128,0.432813144469099,-0.901483655966434,1.53199999999996,6.73079632679466,0.248875573627477,0.475256110767897,0.54500000002777,0.0450452929880894,-1.79706015489327,1.13094037443466,0.0135706577805151,0.00398
5.18,0.450920510791919,-0.889671984851941,1.5359999985325,6.75114158365196,0.997602095005381,0.0010427429541745,0.200000001234125,0.450755055890748,-0.892647679428318,1.53599999999996,6.75079632679466,0.248875306560262,0.475256248811275,0.545000000025698,0.0450453034046691,-1.779380477663,1.09517550915679,0.0134709872382518,0.0037718
5.2,0.468626772687489,-0.880476367927138,1.53999999855728,6.77114163956926,0.997601945230123,0.00104306599252761,0.200000001243376,0.468516671300028,-0.883454655720241,1.53999999999996,6.77079632679466,0.248875038234167,0.475256386389091,0.545000000024576,0.0450453135791974,-1.76098891892771,1.05977136165805,0.0133703507076582,0.0035764
5.22,0.486145587065353,-0.870928483168265,1.54399999858223,6.79114170130012,0.997601792704065,0.00104338944676835,0.200000001252224,0.486090886287593,-0.873908261929114,1.54399999999996,6.79079632679466,0.248874769149078,0.475256523592559,0.545000000024085,0.0450453235147567,-1.74189283518156,1.02474209668971,0.013268788152886,0.0036336
5.24,0.50346994631314,-0.861032149773078,1.54799999860737,6.81114176871607,0.997601637434151,0.00104371348030597,0.200000001260895,0.503470671401769,-0.864012316485171,1.54799999999996,6.81079632679466,0.248874499789156,0.475256660492514,0.545000000023972,0.045045333214244,-1.72209986473212,0.990101729048358,0.0131663397294974,0.0057476
5.26,0.520592920598129,-0.85079132632409,1.55199999863267,6.83114184169081,0.997601479449771,0.00104403825567159,0.200000001269525,0.520649074960236,-0.853770777634644,1.55199999999996,6.83079632679466,0.248874230622333,0.475256797140494,0.545000000024056,0.0450453426803138,-1.70161792464515,0.955864117969824,0.0130630457679641,0.0048801
5.28,0.537507660639696,-0.840210109205006,1.55599999865815,6.85114192010019,0.997601318801864,0.00104436393337032,0.200000001278185,0.537619225830615,-0.843187741856522,1.55599999999996,6.85079632679466,0.248873962099839,0.475256933569801,0.545000000024212,0.0450453519153706,-1.68045520757787,0.922042961585219,0.0129589467571454,0.0078638
5.3,0.554207400449514,-0.829292730962027,1.5599999986838,6.87114200382202,0.997601155561988,0.00104469067080716,0.200000001286901,0.554374336178822,-0.83226744222401,1.55999999999996,6.87079632679466,0.248873694655821,0.475257069796607,0.545000000024338,0.0450453609215917,-1.65862017850196,0.888651791441509,0.0128540833277138,0.0046521
5.32,0.570685460038415,-0.818043558610688,1.56399999870962,6.89114209273604,0.997600989821361,0.00104501862128733,0.200000001295663,0.570907704184117,-0.821014246711361,1.56399999999996,6.89079632679466,0.248873428707015,0.475257205821017,0.545000000024372,0.04504536970092,-1.6361215713176,0.855703967088692,0.0127484962355497,0.0038458
5.34,0.586935248088831,-0.806467091888893,1.56799999873562,6.91114218672382,0.997600821689882,0.00104534793308948,0.200000001304437,0.587212716719739,-0.809432656446737,1.56799999999996,6.91079632679466,0.248873164652489,0.475257341628153,0.545000000024266,0.0450453782550812,-1.61296838535998,0.823212670735784,0.0126422263451104,0.0040831
5.36,0.602950264591739,-0.794567961456854,1.5719999987618,6.93114228566862,0.997600651295136,0.00104567874861158,0.200000001313172,0.603282851998072,-0.797527303911826,1.57199999999996,6.93079632679466,0.248872902873443,0.475257477189216,0.545000000023988,0.0450453865855918,-1.58916988179953,0.791190901977751,0.012535314612788,0.0037018
5.38,0.618724103447067,-0.78235092704466,1.57599999878815,6.95114238945536,0.997600478781379,0.00104601120358808,0.200000001321808,0.619111682179269,-0.785302951088906,1.57599999999996,6.95079632679466,0.24887264373307,0.475257612462546,0.545000000023519,0.0450453946937679,-1.56473557993749,0.759651472595492,0.012427802070254,0.0035235
5.4,0.634250455026507,-0.769820875548205,1.57999999881467,6.97114249797046,0.997600304308515,0.00104634542637739,0.200000001330275,0.634692875942308,-0.772764487556117,1.57999999999996,6.97079632679466,0.248872387576476,0.475257747394655,0.545000000022847,0.0450454025807356,-1.53967525339811,0.728607001430954,0.0123197298078054,0.0036816
5.42,0.649523108697728,-0.756982819074244,1.58399999884136,6.99114261110181,0.997600128051071,0.00104668153731806,0.2000000013385,0.650020201017428,-0.759916928531694,1.58399999999996,6.99079632679466,0.248872134730642,0.475257881921253,0.545000000021969,0.0450454102474448,-1.51399892621925,0.69806990933943,0.0122111389577283,0.004187
5.44,0.664535955308956,-0.74384189293537,1.58799999886821,7.01114272873862,0.997599950197159,0.00104701964815219,0.200000001346409,0.665087526678961,-0.74676541286795,1.58799999999996,7.01079632679466,0.24887188550446,0.475258015968255,0.545000000020877,0.0450454176946749,-1.48771686884262,0.668052414221061,0.0121020706776726,0.0051882
5.46,0.679282989632957,-0.730403353595686,1.59199999889521,7.03114285077136,0.99759977094745,0.00104735986151463,0.200000001353925,0.679888826197539,-0.733315200995798,1.59199999999996,7.03079632679466,0.248871640188787,0.475258149452758,0.54500000001958,0.0450454249230512,-1.46083959400562,0.638566526133525,0.0119925661340641,0.0050465
5.48,0.693758312769414,-0.71667257656803,1.59599999892236,7.05114297709166,0.997599590514143,0.00104770227048583,0.200000001360974,0.6944181792507,-0.719571672820652,1.59599999999996,7.05079632679466,0.248871399056576,0.475258282283997,0.545000000018073,0.0450454319330493,-1.43337785253612,0.60962404248787,0.0118826664855322,0.0049578
5.5,0.707956134504764,-0.702655054263566,1.59999999894964,7.07114310759223,0.997599409119942,0.00104804695820649,0.20000000136748,0.708669774290948,-0.70554032557054,1.59999999999996,7.07079632679466,0.248871162363026,0.475258414364285,0.545000000016363,0.0450454387250149,-1.40534262905208,0.581236543329421,0.0117724128664108,0.0043183
5.52,0.721870775628539,-0.688356393794612,1.60399999897705,7.09114324216678,0.997599226997047,0.00104839399755263,0.200000001373371,0.722637910870283,-0.691226771597279,1.60399999999996,7.09079632679466,0.248870930345791,0.475258545589907,0.545000000014455,0.0450454452991687,-1.37674513756758,0.553415386705629,0.0116618463702656,0.0038634
5.54,0.735496670205279,-0.673782314731595,1.60799999900457,7.1111433807099,0.997599044386153,0.00104874345086767,0.200000001378575,0.736317001920313,-0.676636736131613,1.60799999999996,7.11079632679466,0.248870703225214,0.475258675852003,0.545000000012348,0.0450454516556171,-1.3475968170071,0.52617170412274,0.0115510080334978,0.0041249
5.56,0.748828367801126,-0.658938646815008,1.61199999903219,7.13114352311704,0.997598861535461,0.00104909536975107,0.20000000138302,0.749701575987004,-0.661776054993197,1.61199999999996,7.13079632679466,0.248870481204605,0.475258805037407,0.545000000010049,0.0450454577943668,-1.31790932662987,0.49951639609308,0.0114399388190176,0.0040346
5.58,0.761860535664197,-0.643831327623301,1.61599999905988,7.15114366928438,0.997598678699716,0.00104944979489963,0.200000001386638,0.762786279419189,-0.646650672256346,1.61599999999996,7.15079632679466,0.248870264470542,0.475258933029471,0.54500000000756,0.0450454637153414,-1.28769454136603,0.47346012777475,0.0113286795999886,0.0037523
5.6,0.774587960857855,-0.628466400197643,1.61999999908764,7.17114381910879,0.997598496139256,0.00104980675600065,0.200000001389359,0.775565878509954,-0.631266637872487,1.61999999999996,7.17079632679465,0.248870053193223,0.475259059708832,0.545000000004887,0.0450454694183738,-1.25696454706651,0.44801332470547,0.0112172711436605,0.0036697
5.62,0.787005552346055,-0.612850010624487,1.62399999911545,7.19114397248775,0.997598314119079,0.00105016627167329,0.200000001391119,0.788035261590055,-0.615630105250256,1.62399999999996,7.19079632679465,0.248869847526812,0.475259184954176,0.54500000000203,0.0450454749032406,-1.22573163566856,0.42318616863228,0.0111057540953062,0.0037197
5.64,0.799108343029896,-0.596988405576918,1.62799999914328,7.21114412931928,0.997598132907947,0.00105052834945706,0.200000001391849,0.800189441072517,-0.599747328794216,1.62799999999996,7.21079632679465,0.248869647609851,0.475259308642944,0.544999999998993,0.0450454801696534,-1.19400830027885,0.398988593438767,0.0109941689622422,0.0037429
5.66,0.81089149173459,-0.580887929815775,1.63199999917111,7.23114428950188,0.997597952777499,0.00105089298584396,0.200000001391487,0.8120235554476,-0.583624661403183,1.63199999999996,7.23079632679465,0.248869453565655,0.475259430652018,0.544999999995781,0.0450454852172839,-1.16180723017605,0.375430281171444,0.0108825560979758,0.0038861
5.68,0.822350285146043,-0.564555023651526,1.63599999919893,7.25114445293447,0.997597774001402,0.00105126016635281,0.200000001389968,0.823532871227341,-0.567268551929147,1.63599999999996,7.25079632679465,0.248869265449042,0.475259550718583,0.544999999979183,0.0450454900358047,-1.12914130573499,0.352520658166871,0.0107709556891404,0.003852
5.7,0.833480139696309,-0.54799622036798,1.63999999922665,7.27114461951612,0.997597596852328,0.00105162986002972,0.200000001382474,0.834712784838882,-0.55068554259782,1.63999999999996,7.27079632679465,0.248869083410237,0.475259668864822,0.544999999966383,0.0450454946417414,-1.09602359327433,0.330268891281075,0.0106594077308402,0.0037791
5.72,0.8442766033971,-0.531218143608755,1.64399999925418,7.29114478914619,0.997597421605553,0.00105200203135987,0.200000001370372,0.845558824465843,-0.533882266391829,1.64399999999996,7.29079632679465,0.248868907532595,0.475259784977231,0.544999999957095,0.0450454990294419,-1.06246733982989,0.30868388422276,0.0105479520209182,0.0069951
5.74,0.854735357620605,-0.514227504727551,1.64799999928143,7.31114496172451,0.997597248536125,0.00105237663441057,0.200000001354926,0.856066651836985,-0.516865444397617,1.64799999999996,7.31079632679465,0.248868737883203,0.475259898936719,0.544999999950383,0.0450455031971813,-1.02848596785564,0.287774273991793,0.0104366281414331,0.010531
5.76,0.864852218826986,-0.497031100103394,1.65199999930835,7.33114513715118,0.997597077918003,0.00105275361289192,0.200000001337064,0.866232063961463,-0.499641883117093,1.65199999999996,7.33079632679465,0.248868574516192,0.475260010626227,0.544999999945505,0.0450455071443157,-0.994093069854587,0.26754842742438,0.0103254754432879,0.0040164
5.78,0.874623140237832,-0.479635808421871,1.6559999993349,7.3511453153265,0.997596910023358,0.00105313290042822,0.200000001317445,0.876050994809962,-0.482218471745125,1.65599999999996,7.35079632679465,0.248868417473265,0.475260119931348,0.544999999941882,0.0450455108704014,-0.959302402941591,0.248014437846314,0.0102145330311931,0.0075073
5.8,0.884044213454884,-0.462048587923452,1.65999999936104,7.37114549615093,0.997596745121889,0.00105351442083333,0.200000001296523,0.885519516941062,-0.464602179413953,1.65999999999996,7.37079632679465,0.248868266784265,0.475260226741099,0.544999999939115,0.04504551437507,-0.924127883340344,0.229180121835645,0.0101038397487778,0.0068796
5.82,0.893111670023402,-0.444276473619981,1.66399999938675,7.39114567952505,0.997596583480193,0.00105389808841947,0.200000001274604,0.894633843072154,-0.446800052405629,1.66399999999996,7.39079632679465,0.248868122467649,0.475260330948126,0.544999999936906,0.045045517657975,-0.888583580816717,0.211053016096045,0.00999343416388883,0.0054451
5.84,0.90182188293954,-0.426326574480474,1.66799999941201,7.41114586534955,0.997596425361149,0.0010542838083195,0.20000000125189,0.90339032759431,-0.428819211333597,1.66799999999996,7.41079632679465,0.248867984531011,0.475260432449082,0.544999999935045,0.0450455207188121,-0.852683713050684,0.193640374442136,0.0098833545540572,0.0037588
5.86,0.910171368101129,-0.408206070587328,1.67199999943682,7.43114605352518,0.997596271023346,0.00105467147683033,0.200000001228507,0.911785468030472,-0.410666848294545,1.67199999999996,7.43079632679465,0.248867852971609,0.475260531144951,0.544999999933383,0.0450455235573154,-0.816442639949081,0.176949164897988,0.00977363889214581,0.0039391
5.88,0.918156785701277,-0.389922210264088,1.67599999946115,7.45114624395276,0.997596120720545,0.00105506098177446,0.200000001204524,0.919815906436399,-0.39235022399166,1.67599999999996,7.45079632679465,0.248867727776872,0.475260626941366,0.544999999931814,0.045045526173277,-0.779874857901474,0.160986066909928,0.00966432483218511,0.0038929
5.9,0.925774941564255,-0.371482307175927,1.67999999948499,7.47114643653313,0.997595974701166,0.00105545220287852,0.200000001179977,0.9274784307438,-0.373876664830445,1.67999999999996,7.47079632679465,0.24886760892493,0.475260719748869,0.544999999930272,0.0450455285665403,-0.742994993981436,0.145757468674803,0.00955544969540653,0.0038121
5.92,0.933022788423103,-0.352893737403984,1.68399999950834,7.49114663116718,0.997595833207815,0.00105584501216558,0.200000001154875,0.934769976045118,-0.355253559988253,1.68399999999996,7.49079632679465,0.248867496385127,0.475260809483159,0.544999999928724,0.0450455307370232,-0.705817800095559,0.131269464584736,0.00944705045646837,0.0038403
5.94,0.939897427138471,-0.334163936494751,1.68799999953118,7.51114682775581,0.997595696476848,0.00105623927436025,0.200000001129216,0.941687625819451,-0.336488358458717,1.68799999999996,7.51079632679465,0.248867390118527,0.475260896065297,0.544999999927151,0.0450455326847093,-0.66835814708252,0.117527852789424,0.00933916372990097,0.0037174
5.96,0.946396107858196,-0.315300396485667,1.6919999995535,7.53114702619993,0.997595564737954,0.00105663484730389,0.20000000110299,0.948228613099124,-0.317588566072249,1.69199999999996,7.53079632679465,0.248867290078427,0.475260979421881,0.544999999925549,0.0450455344096586,-0.630631018764597,0.104538132876932,0.00923182575674905,0.0036442
5.98,0.952516231117146,-0.296310662908125,1.69599999957529,7.55114722640049,0.997595438213787,0.00105703158237821,0.200000001076188,0.954390321576437,-0.29856174249381,1.69599999999996,7.55079632679465,0.248867196210856,0.475261059485192,0.544999999923936,0.0450455359120178,-0.592651505953978,0.09230550367392,0.00912507239144137,0.0035898
6,0.958255348876914,-0.277202331769089,1.69999999959654,7.57114742825845,0.997595317119619,0.0010574293249353,0.200000001048804,0.960170286650154,-0.279415498199144,1.69999999999996,7.57079632679465,0.24886710845506,0.475261136193309,0.544999999922328,0.045045537192016,-0.554434800416287,0.0808348611661875,0.0090189390888758,0.0037602
6.02,0.963611165504912,-0.257983046512518,1.70399999961724,7.59114763167477,0.997595201663026,0.00105782791473229,0.200000001020843,0.96556619641131,-0.260157491430689,1.70399999999996,7.59079632679465,0.248867026743985,0.475261209490197,0.544999999920749,0.0450455382499771,-0.515996188793729,0.0701307965403535,0.00891346089173979,0.0044567
6.04,0.968581538692512,-0.238660494961831,1.70799999963737,7.61114783655048,0.997595092043612,0.00105822718636902,0.200000000992312,0.970575892567946,-0.240795425134381,1.70799999999996,7.61079632679465,0.248866951004755,0.475261279325761,0.544999999919235,0.0450455390863203,-0.477351046490294,0.0601975943474675,0.00880867241805609,0.0037142
6.06,0.973164480311836,-0.219242406244612,1.71199999965693,7.63114804278664,0.997594988452753,0.00105862696972663,0.200000000963237,0.975197371308395,-0.221337043878582,1.71199999999996,7.63079632679464,0.248866881159117,0.475261345655873,0.544999999917818,0.0450455397015624,-0.438514831521453,0.0510392307892798,0.00870460784897033,0.0037218
6.08,0.977358157210869,-0.199736547700814,1.7159999996759,7.65114825028437,0.997594891073379,0.00105902709040564,0.200000000933651,0.979428784102778,-0.201790130756354,1.71599999999996,7.65079632679464,0.248866817123903,0.475261408442364,0.544999999916528,0.0450455400963205,-0.399503078330824,0.0426593721278576,0.00860130091677765,0.0046643
6.1,0.98116089194657,-0.180150721775674,1.71999999969427,7.67114845894487,0.997594800079781,0.00105942737016162,0.200000000903601,0.983268438442396,-0.182162504272322,1.71999999999996,7.67079632679464,0.248866758811456,0.475261467653002,0.544999999915405,0.0450455402713166,-0.360331391576266,0.0350613732191834,0.00849878489319825,0.0040607
6.12,0.984571163455701,-0.160492762898593,1.72399999971204,7.69114866866947,0.997594715637444,0.00105982762733739,0.200000000873147,0.986714798516709,-0.162462015215382,1.72399999999996,7.69079632679464,0.24886670613006,0.47526152326147,0.544999999914491,0.0450455402273833,-0.321015439887895,0.0282482761713208,0.00839709257789992,0.0035091
6.14,0.987587607663083,-0.140770534349233,1.72799999972919,7.71114887935958,0.997594637902912,0.0010602276772914,0.200000000842364,0.989766485827636,-0.142696543518487,1.72799999999996,7.71079632679464,0.248866658984332,0.475261575247205,0.544999999913809,0.0450455399654503,-0.281570949600518,0.0222228091276862,0.00829625628728116,0.0034594
6.16,0.99020901802706,-0.120991925112076,1.73199999974573,7.73114909091678,0.997594567023674,0.00106062733281605,0.200000000811335,0.992422279740943,-0.12287399510678,1.73199999999996,7.73079632679464,0.248866617275599,0.475261623595253,0.544999999913376,0.0450455394865528,-0.242013698462993,0.0169873851759101,0.00819630784350855,0.0036573
6.18,0.99243434602194,-0.101164846720711,1.73599999976164,7.75114930324284,0.997594503138078,0.00106102640454715,0.20000000078015,0.994681117974474,-0.103002298735328,1.73599999999996,7.75079632679464,0.248866580902315,0.475261668296292,0.544999999913217,0.0450455387918414,-0.202359509327027,0.0125441013827269,0.00809727856381323,0.0036743
6.2,0.994262701557222,-0.0812972300931093,1.73999999977693,7.77114951623971,0.997594446375267,0.00106142470137008,0.200000000748909,0.996542097023054,-0.0830894028177283,1.73999999999996,7.77079632679464,0.248866549760671,0.47526170934724,0.54499999991352,0.0450455378826678,-0.162624243817943,0.00889473795527696,0.00799919925002202,0.0034507
6.22,0.995693353333443,-0.0613970223591457,1.7439999997916,7.79114972980961,0.99759439685515,0.00106182203084546,0.200000000717776,0.998004472519875,-0.063143272246845,1.74399999999996,7.79079632679464,0.24886652374441,0.47526174674933,0.544999999914249,0.0450455367603167,-0.122823795989944,0.00604075752915727,0.00790210017846572,0.0039073
6.24,0.996725729134504,-0.0414721836816518,1.74799999980565,7.81114994385501,0.997594354688375,0.00106221819955175,0.200000000686905,0.999067659534237,-0.0431718852089621,1.74799999999996,7.81079632679464,0.248866502745001,0.475261780507672,0.544999999915104,0.0450455354261146,-0.082974085968412,0.00398330458350474,0.00780601109010214,0.0039956
6.26,0.997359416056361,-0.021530684072258,1.75199999981908,7.83115015827868,0.997594319976315,0.00106261301341094,0.200000000656343,0.99973123280551,-0.023183229992613,1.75199999999996,7.83079632679464,0.2488664866549,0.475261810637852,0.544999999916397,0.0450455338821816,-0.0430910535817886,0.00272320498334582,0.00771096118051953,0.0039387
6.28,0.99759416067198,-0.00158050020330427,1.75599999983191,7.85115037298375,0.997594292811189,0.00106300627827137,0.200000000626246,0.999994926913232,-0.00318530179337252,1.75599999999996,7.85079632679464,0.248866475360702,0.475261837150426,0.544999999917722,0.0450455321292981,-0.00319065198558025,0.0022609656493954,0.00761697909152519,0.0039575
6.3,0.997429869132502,0.0183703877829045,1.75999999984413,7.87115058787372,0.997594273275921,0.00106339779985416,0.200000000596626,0.999858636383277,0.0168139004841152,1.75999999999996,7.87079632679464,0.248866468750371,0.475261860065578,0.544999999919125,0.0450455301695749,0.0367111587189579,0.00259677435543656,0.00752409290116676,0.0039984
6.32,0.996866607204576,0.0383139994662231,1.76399999985578,7.8911508028525,0.997594261444287,0.00106378738431468,0.20000000056751,0.99932241573004,0.0368063774255917,1.76399999999996,7.89079632679464,0.248866466711413,0.475261879408175,0.544999999920648,0.0450455280049829,0.0765984178689084,0.00373049965336205,0.007432330115235,0.0043041
6.34,0.995904600243836,0.0582423573408944,1.76799999986684,7.91115101782441,0.997594257381005,0.00106417483856878,0.200000000538944,0.998386479434631,0.056784132306843,1.76799999999996,7.91079632679464,0.248866469130884,0.475261895207065,0.544999999922291,0.045045525637496,0.116455170623994,0.00566169092590694,0.00734171765880458,0.0039986
6.36,0.994544233104547,0.0781474900066048,1.77199999987734,7.93115123269431,0.997594261141819,0.0010645599705923,0.200000000510968,0.997051201859091,0.0767391742922834,1.77199999999996,7.93079632679464,0.248866475895324,0.475261907494363,0.544999999924007,0.0450455230691077,0.156265474348544,0.00838957856705136,0.00725228186806575,0.0040692
6.38,0.99278604998544,0.0980214353570885,1.77599999988728,7.95115144736755,0.997594272773597,0.00106494258969007,0.200000000483611,0.995317117096646,0.0966635216311821,1.77599999999996,7.95079632679464,0.248866486890578,0.475261916304582,0.544999999925679,0.0450455203018445,0.196013404988567,0.0119130742900206,0.007164048482435,0.0036376
6.4,0.990630754211818,0.117856243765007,1.77999999989669,7.97115166175006,0.997594292314416,0.00106532250672692,0.200000000456856,0.99318491875808,0.116549204850258,1.77999999999996,7.97079632679464,0.248866502005283,0.475261921680293,0.544999999927401,0.0450455173382653,0.235683063441384,0.0162307715627592,0.00707704263662062,0.004468
6.42,0.988079207954,0.137643981261828,1.78399999990557,7.99115187574836,0.9975943197938,0.00106569953458178,0.20000000043072,0.9906554596943,0.136388269941363,1.78399999999996,7.99079632679464,0.248866361791728,0.475261349811428,0.544999898891076,0.045045463860996,0.275258581915275,0.0213409461707042,0.00699129188999963,0.0035444
6.44,0.985132432129238,0.157376732683064,1.78799999955019,8.01115208818886,0.997594348658067,0.00106605062279539,0.199999964031507,0.987729751655206,0.156172781542977,1.78799999999996,8.01079632679463,0.248866433813888,0.475261508205674,0.54499995703842,0.0450455083922025,0.31472413027988,0.0272415569062486,0.00690680897414782,0.0034863
6.46,0.981791605675148,0.177046604878547,1.79199999867616,8.03115229906531,0.997594387137707,0.0010664064212897,0.199999948565339,0.984408964885005,0.17589482611425,1.79199999999996,8.03079632679462,0.248866500814118,0.475261638745447,0.544999994659009,0.0450455124845879,0.354063922407165,0.0339302463844945,0.00682362596294342,0.0039209
6.48,0.978058064842926,0.19664572988954,1.79599999762823,8.05115250953954,0.997594435003563,0.00106676438482683,0.199999946642582,0.980694427654127,0.19554651510031,1.79599999999996,8.05079632679461,0.248866563444223,0.475261741808159,0.545000017221195,0.0450455095742431,0.393262222472363,0.0414043419881621,0.00674176550277133,0.0035148
6.5,0.973933302990373,0.216166268052251,1.79999999662308,8.07115271967234,0.997594492016839,0.00106712310189877,0.199999952842212,0.976587625727939,0.215119988087583,1.79999999999996,8.0707963267946,0.248866620851256,0.475261815399538,0.545000028745703,0.0450455050922865,0.432303351244774,0.0496608569370429,0.00666124963746088,0.0041186
6.52,0.969418969985097,0.235600411135096,1.80399999578341,8.09115292933947,0.997594557880471,0.00106748127782388,0.199999963190665,0.972090201772454,0.234607415947849,1.80399999999996,8.09079632679459,0.248866673809175,0.475261859724702,0.545000031832258,0.0450454999531265,0.471171692360295,0.0586964914825845,0.0065820995766937,0.0036171
6.54,0.964516871545131,0.254940385463597,1.80799999516182,8.11115313838175,0.997594632306022,0.00106783767734054,0.199999974650277,0.967203954697291,0.254001003969792,1.80799999999996,8.11079632679458,0.248866725601343,0.475261883245134,0.545000030386943,0.0450454948790672,0.509851698568845,0.0685076342277174,0.0065043358349896,0.0034501
6.56,0.959228968512499,0.274178455031986,1.81199999476422,8.1311533466429,0.997594715117727,0.00106819143073136,0.199999985589577,0.961930838936129,0.273292994976783,1.81199999999996,8.13079632679458,0.248866777935589,0.47526189175086,0.545000026929567,0.0450454898903236,0.548327897954079,0.0790903635714199,0.00642797839816585,0.0033503
6.58,0.953557376062313,0.29330692459915,1.81599999457296,8.15115355398471,0.997594806194594,0.00106854190244078,0.199999995284221,0.956272963664967,0.292475672429642,1.81599999999996,8.15079632679457,0.2488668310439,0.475261886805468,0.545000022254686,0.0450454847154362,0.58658490012273,0.0904404492774409,0.00635304664471863,0.0032516
6.6,0.947504362853251,0.312318142767424,1.81999999455876,8.17115376027988,0.997594905414028,0.00106888851896484,0.200000003295908,0.950232591958475,0.311541363513152,1.81999999999996,8.17079632679456,0.2488668852275,0.475261870463563,0.545000017062366,0.0450454793598429,0.624607402361134,0.10255335416652,0.00627955928416664,0.0032085
6.62,0.941072350118291,0.331204505043531,1.8239999946861,8.19115396540547,0.997595012656117,0.00106923079539915,0.20000000943836,0.943812139884799,0.330482442205086,1.82399999999996,8.19079632679455,0.248866940593189,0.475261844369242,0.545000011819753,0.0450454737975699,0.662380195756597,0.115424235931408,0.00620753435163534,0.0032229
6.64,0.934263910694422,0.349958456880555,1.82799999491742,8.21115416924207,0.997595127797462,0.00106956831842387,0.200000013693471,0.937014175539164,0.349291332326512,1.82799999999996,8.21079632679454,0.248866997179054,0.475261810232692,0.545000006948696,0.0450454680798589,0.699888171281155,0.12904794907394,0.00613698918172903,0.0035375
6.66,0.927081767991901,0.368572496699763,1.8319999952163,8.23115437167397,0.997595250709921,0.00106990074835167,0.200000016195001,0.929841418016668,0.367960510572164,1.83199999999996,8.23079632679453,0.248867056415611,0.475261773436719,0.545000003431427,0.0450454627085137,0.737116325835329,0.143419046963406,0.00606794047327471,0.0033097
6.68,0.919528794901661,0.38703917889103,1.83599999555256,8.25115457260071,0.997595381318997,0.00107022796026547,0.200000017430315,0.922296736324686,0.386482509519661,1.83599999999996,8.25079632679452,0.248867118210586,0.475261734069793,0.545000000937515,0.0450454572641996,0.774049768249409,0.15853178401535,0.00600040426245583,0.0034006
6.7,0.911608012643628,0.405351116790854,1.83999999590454,8.27115477193701,0.997595519544675,0.00107054982040424,0.20000001776782,0.9143831482353,0.404849920616383,1.83999999999996,8.27079632679451,0.248867182473377,0.475261692215067,0.544999999212423,0.0450454516795361,0.810673725239833,0.174380117989957,0.00593439590261261,0.0032579
6.72,0.903322589558025,0.423500985636936,1.84399999625706,8.29115496960116,0.997595665301489,0.00107086619763944,0.200000017484292,0.906103819078233,0.423055397142784,1.84399999999996,8.2907963267945,0.248867249115517,0.47526164795542,0.544999998060621,0.0450454459464939,0.84697354731837,0.190957712409087,0.00586993006146216,0.0033353
6.74,0.894675839837832,0.441481525497983,1.84799999659976,8.31115516551314,0.997595818498739,0.0010711769654484,0.200000016786116,0.897462060474758,0.441091657150992,1.84799999999996,8.31079632679449,0.24886731805073,0.475261601374051,0.544999997332437,0.0450454400668654,0.882934714651775,0.208257939091006,0.00580702071862343,0.0032586
6.76,0.885671222202911,0.459285544177581,1.85199999692588,8.33115535959431,0.997595979040729,0.00107148200227824,0.200000015825793,0.888461329013094,0.458951486377484,1.85199999999996,8.33079632679448,0.248867389194925,0.475261552554463,0.54499999691371,0.0450454340441181,0.918542842869577,0.226273880801789,0.00574568116344465,0.0033398
6.78,0.876312338516322,0.476905920090954,1.85599999723129,8.35115555176739,0.997596146827,0.00107178119163603,0.200000014714729,0.879105224865818,0.476627741128696,1.85599999999996,8.35079632679447,0.24886746246617,0.475261501580323,0.544999996717781,0.0450454278820325,0.953783688817669,0.244998334022346,0.00568592399313578,0.0032121
6.8,0.866602932343387,0.494335605113482,1.85999999751376,8.3711557419565,0.997596321752564,0.00107207442212462,0.20000001353313,0.869397490349843,0.494113351138409,1.85999999999996,8.37079632679446,0.248867536380828,0.475261443667086,0.544999995752711,0.0450454210410238,0.988643156255414,0.264423811829951,0.00562776102820019,0.0032271
6.82,0.85654688745613,0.511567627400358,1.86399999776914,8.39115593007548,0.997596503650303,0.00107236139599583,0.200000012004106,0.85934200842954,0.511401322395757,1.86399999999996,8.39079632679445,0.248867611436188,0.475261380107226,0.544999994468782,0.0450454140736104,1.02310730149399,0.28454254689314,0.0055712035194149,0.0038033
6.84,0.846148226281021,0.528595094175798,1.86799999798931,8.41115611602959,0.997596692369341,0.00107264188365994,0.200000010012868,0.848942801163606,0.52848473994274,1.86799999999996,8.41079632679445,0.248867687574466,0.475261310754749,0.544999992961319,0.0450454069378617,1.05716233897382,0.305346494578793,0.0055162619578364,0.0033819
6.86,0.835411108289262,0.545411194490214,1.87199999816422,8.43115629972682,0.997596887753394,0.00107291565155142,0.200000007478942,0.838204028096293,0.545356770640115,1.87199999999996,8.43079632679444,0.248867764711628,0.475261235543237,0.544999991322119,0.0450453996267733,1.09079464677874,0.326827336170144,0.0054629461231427,0.003238
6.88,0.824339828332864,0.562009201944708,1.87599999828256,8.45115648107669,0.99759708963975,0.00107318246688385,0.200000004354905,0.827129984593646,0.562010665900561,1.87599999999996,8.45079632679443,0.24886784282186,0.475261154731274,0.544999989676739,0.0450453921636507,1.12399077208469,0.348976482194436,0.00541126509093343,0.003209
6.9,0.812938814926419,0.578382477381674,1.8799999983325,8.47115665999039,0.997597297861798,0.00107344211113002,0.200000000638531,0.815725100125414,0.578439764388023,1.87999999999996,8.47079632679442,0.248867921922069,0.475261068806686,0.544999988149555,0.045045384570595,1.15673743654075,0.371785075858865,0.00536122723478578,0.0035877
6.92,0.801212628475193,0.594524471540369,1.88399999830261,8.49115683638164,0.997597512251147,0.00107369438876334,0.199999996372371,0.803993936493323,0.594637494682158,1.88399999999996,8.49079632679441,0.248868002058037,0.47526097839805,0.544999986842926,0.0450453768646298,1.1890215415804,0.395243996593473,0.00531284022822625,0.0040776
6.94,0.789165959450328,0.610428727676448,1.88799999818269,8.51115701016723,0.997597732639293,0.00107393913239851,0.199999991635824,0.79194118600641,0.610597377906813,1.88799999999996,8.5107963267944,0.248868080882129,0.475260877118073,0.544999984183778,0.045045368512169,1.22083017366081,0.419343863699526,0.00526611075347555,0.0041356
6.96,0.776803626514898,0.626088884145468,1.89199999795847,8.53115718125564,0.997597958760066,0.00107417592138713,0.199999985941984,0.779571669604169,0.626313030321496,1.89199999999996,8.53079632679439,0.24886815958119,0.475260769713263,0.544999981742576,0.0450453602095826,1.25215060942816,0.444075040101962,0.00522104511922266,0.0033879
6.98,0.764130574596964,0.641498676947768,1.89599999761158,8.5511573495517,0.997598190390958,0.00107440454546978,0.199999979369311,0.766890334928238,0.64177816587478,1.89599999999996,8.55079632679438,0.24886823789504,0.475260656400942,0.544999979573684,0.0450453517676506,1.28297032080699,0.469427636204428,0.00517764878291555,0.0034091
7,0.751151872909464,0.656651942233254,1.89999999712543,8.57115751496735,0.99759842729721,0.00107462480266042,0.199999972015838,0.753902254343403,0.656986598718642,1.89999999999996,8.57079632679437,0.248868316416864,0.475260539021535,0.544999977814783,0.0450453432584817,1.31327698001132,0.495391513845285,0.00513592668124985,0.003324
7.02,0.737872712921532,0.671542618766571,1.90399999648588,8.59115767741856,0.997598669266788,0.00107483657000609,0.19999996402916,0.740612622908727,0.671932245682722,1.90399999999996,8.59079632679436,0.248868395683846,0.475260419196997,0.544999976536822,0.0450453347012633,1.34305846447566,0.52195629035304,0.00509588306032009,0.0033143
7.04,0.724298406280322,0.68616475035101,1.907999995682,8.61115783682687,0.997598916109379,0.00107503979186101,0.199999955582416,0.72702675629959,0.686609128707505,1.90799999999996,8.61079632679435,0.248868475856712,0.475260297745418,0.544999975734084,0.0450453260657844,1.37230286170386,0.549111342699547,0.00505752140278719,0.0032
7.06,0.710434382685235,0.700512488210449,1.91199999470629,8.6311579931186,0.997599167642191,0.00107523444620712,0.199999946846686,0.713150088681495,0.701011377235472,1.91199999999996,8.63079632679434,0.248868557105036,0.475260175423758,0.544999975387719,0.0450453173546733,1.40099847403386,0.576845811749335,0.00502084450783112,0.0032028
7.08,0.696286187715348,0.714580093328396,1.91599999355462,8.65115814622386,0.997599423690883,0.00107542054268888,0.199999937986265,0.698988170536468,0.715133230559239,1.91599999999996,8.65079632679433,0.248868639600966,0.475260052914875,0.544999975467965,0.0450453085762815,1.42913382331649,0.605148606603358,0.00498585449355299,0.0035549
7.1,0.681859480610546,0.728361938743122,1.91999999222603,8.67115829607636,0.997599684090178,0.00107559811920945,0.199999929154733,0.684546666442945,0.728969040125766,1.91999999999996,8.67079632679432,0.24886872351494,0.475259930823236,0.544999975937024,0.0450452997403047,1.45669765550644,0.634008409035425,0.00495255279974923,0.0036774
7.12,0.66716003200728,0.741852511797973,1.92399999072249,8.6911584426135,0.99759994868423,0.00107576723820646,0.199999920492062,0.669831352810012,0.742513271795699,1.92399999999996,8.69079632679431,0.248869029622623,0.475260571734482,0.545000110833203,0.0450453581960996,1.48367894516354,0.663413678019557,0.00492095282717171,0.0039517
7.14,0.652193721352001,0.755046416165848,1.92799998953133,8.71115858722274,0.997600226416671,0.00107595833296048,0.199999960392015,0.65484811556692,0.75576050805696,1.92799999999996,8.71079632679431,0.248869130935861,0.475260490580404,0.54500007863407,0.045045307552007,1.51006689985888,0.69335265434403,0.00489103657782043,0.0041278
7.16,0.636966534820213,0.76793837417255,1.93199998902226,8.73115873021416,0.997600509127084,0.00107614053649704,0.19999998870028,0.639602947808794,0.768705450191671,1.93199999999996,8.7307963267943,0.248869232900898,0.475260408061227,0.545000054439092,0.0450452923546839,1.5358509644803,0.72381336530766,0.00486281041434414,0.0046842
7.18,0.621484563197415,0.780523229090346,1.93599998899224,8.75115887036324,0.997600796627726,0.00107631498091366,0.200000008298353,0.624101947399469,0.781342920395574,1.93599999999996,8.75079632679429,0.248869335517575,0.475260324784845,0.545000036392895,0.0450452830845996,1.56102082546466,0.754783629515383,0.00483627314634449,0.0037229
7.2,0.605753999176813,0.792795947032274,1.93999998928922,8.77115900742563,0.997601088744455,0.00107648184526429,0.200000021399795,0.608351314532434,0.793667863849086,1.93999999999996,8.77079632679428,0.248869438746272,0.475260240909971,0.545000023054567,0.0450452747443824,1.58556641492659,0.786251061753048,0.00481142291942392,0.0037559
7.22,0.589781134881959,0.804751618965398,1.94399998980022,8.79115914132338,0.997601385305067,0.00107664115212338,0.200000029699439,0.592357349250827,0.805675350739156,1.94399999999996,8.79079632679427,0.248869542543427,0.475260156525879,0.54500001330701,0.0450452665127508,1.6094779146854,0.81820307794148,0.00478825721859685,0.0037926
7.24,0.573572359349831,0.816385462674195,1.94799999044211,8.81115927200756,0.997601686137536,0.00107679290218996,0.200000034489963,0.576126448927514,0.817360578231126,1.94799999999996,8.81079632679426,0.248869646866259,0.475260071708885,0.545000006285913,0.045045258257816,1.63274576019204,0.850626900170072,0.00476677287287117,0.0039188
7.26,0.557134155975189,0.827692824673214,1.95199999115454,8.8311593994357,0.997601991069859,0.00107693709641277,0.200000036752891,0.559665105706212,0.828718872389798,1.95199999999996,8.83079632679425,0.248869751673689,0.47525998653206,0.545000001324062,0.0450452499615294,1.6553606443547,0.883509561807908,0.00474696606017221,0.0036492
7.28,0.540473099917197,0.838669182068251,1.95599999189436,8.85115952356796,0.997602299930164,0.00107707373956107,0.200000037229554,0.54297990390473,0.839745690048953,1.95599999999996,8.85079632679424,0.248869856925424,0.475259901065153,0.544999997907649,0.0450452416244873,1.67731352126133,0.916837912690361,0.00472883231223697,0.003636
7.3,0.523595855469353,0.849310144365281,1.95999999263142,8.87115964436658,0.997602612546829,0.00107720284066338,0.200000036476307,0.526077517381322,0.850436620628549,1.95999999999996,8.87079632679423,0.248869962582304,0.475259815375528,0.544999995642194,0.045045233250372,1.69859560979778,0.950598624379098,0.00471236652004927,0.0039127
7.32,0.506509173393773,0.859611455226432,1.96399999334526,8.89115976179575,0.997602928748602,0.00107732441297079,0.200000034907497,0.508964706865235,0.860787387898897,1.96399999999996,8.89079632679422,0.248870068606183,0.475259729528231,0.544999994225857,0.0450452248433691,1.71919839715994,0.984778195493385,0.00469756293941836,0.0040031
7.34,0.4892198882209,0.869568994172297,1.96799999402262,8.91115987582157,0.997603248364725,0.00107743847383701,0.200000032828806,0.491648317252507,0.870793851691099,1.96799999999996,8.91079632679421,0.248870174959837,0.475259643585989,0.544999993428597,0.045045216407697,1.73911364225863,1.01936295711056,0.00468441519680815,0.0038334
7.36,0.471734915515707,0.879178778229905,1.97199999465554,8.93115998641209,0.997603571225044,0.00107754504458394,0.200000030463101,0.474135274868101,0.880452009553053,1.97199999999996,8.9307963267942,0.248870281606862,0.475259557609246,0.544999993075894,0.0450452079475677,1.75833337901573,1.0543390782335,0.00467291629537206,0.0038072
7.38,0.454061249111505,0.888436963525682,1.97599999523988,8.95116009353727,0.997603897160113,0.00107764415036643,0.200000027970422,0.456432584695468,0.889757998350391,1.97599999999996,8.95079632679419,0.248870388511598,0.475259471656138,0.544999993036083,0.0450451994671309,1.77684991955035,1.08969257132295,0.00466305862123241,0.003924
7.4,0.436205958312446,0.897339846822782,1.97999999577421,8.97116019716899,0.997604226001296,0.00107773582003641,0.200000025463412,0.438547327574643,0.898708095811671,1.97999999999996,8.97079632679418,0.248870495639026,0.475259385782559,0.544999993210481,0.0450451909705173,1.79465585725376,1.1254092978924,0.00465483394996896,0.0043058
7.42,0.418176185065847,0.905883867002162,1.98399999625904,8.99116029728102,0.997604557580848,0.00107782008600967,0.200000023019185,0.420486657370008,0.907298722017241,1.98399999999996,8.99079632679418,0.248870602954698,0.475259300042174,0.544999993525696,0.0450451824618139,1.8117440697517,1.1614749741634,0.00464823345333008,0.003826
7.44,0.399979141105471,0.914065606486808,1.98799999669612,9.01116039384905,0.997604891732007,0.00107789698413349,0.200000020688436,0.402257798108838,0.915526440831159,1.98799999999996,9.01079632679417,0.248870710424647,0.475259214486438,0.544999993927702,0.0450451739450467,1.82810772175311,1.1978751767789,0.00464324770615914,0.0038911
7.46,0.381622105066896,0.921881792608549,1.99199999708802,9.03116048685066,0.997605228289065,0.00107796655355574,0.200000018502408,0.383868041091791,0.923387961275602,1.99199999999996,9.03079632679416,0.248870818015327,0.475259129164646,0.544999994377204,0.0450451654242107,1.84374026778398,1.23459534857251,0.00463986669352327,0.0041721
7.48,0.363112419576135,0.92932929891691,1.99599999743783,9.05116057626528,0.997605567087443,0.001078028836597,0.200000016478202,0.365324741976479,0.93088013884721,1.99599999999996,9.05079632679415,0.248870925693531,0.475259044123969,0.544999994846065,0.0450451569032476,1.85863545480529,1.2716208043912,0.00463807981805503,0.0039835
7.5,0.344457488312666,0.936405146429479,1.99999999774884,9.07116066207425,0.997605907963748,0.00107808387862428,0.200000014622785,0.346635317835309,0.937999976774849,1.99999999999996,9.07079632679414,0.248871033426335,0.475258959409502,0.544999995314569,0.0450451483860565,1.87278732471395,1.30893673696918,0.00463787590748631,0.0038629
7.52,0.325664773048055,0.943106504823287,2.00399999802443,9.09116074426073,0.997606250755843,0.00107813172792769,0.20000001293603,0.327807244188746,0.944744627218278,2.00399999999996,9.09079632679413,0.248871141181037,0.475258875064298,0.544999995769311,0.0450451398764833,1.8861902167258,1.34652822285072,0.00463924322238483,0.0039689
7.54,0.306741790661342,0.949430693566735,2.00799999826792,9.11116082280975,0.997606595302887,0.0010781724355994,0.200000011412982,0.308848052015213,0.951111392407248,2.00799999999996,9.11079632679412,0.248871248925099,0.475258791129428,0.54499999620155,0.045045131378321,1.89883876963967,1.38438022835932,0.00464216946408291,0.0037845
7.56,0.287696110132401,0.955375182991598,2.0119999984825,9.13116089770816,0.997606941445395,0.00107820605541577,0.20000001004554,0.289765324738793,0.957097725720571,2.01199999999996,9.13079632679411,0.248871356626098,0.475258707644033,0.544999996605983,0.0450451228953201,1.91072792398166,1.42247761561098,0.0046466417827879,0.0036843
7.58,0.26853534951446,0.960937595304695,2.0159999986712,9.15116096894461,0.997607289025273,0.0010782326437224,0.200000008823694,0.270566695195964,0.962701232704739,2.01599999999996,9.1507963267941,0.248871464251681,0.475258624645366,0.544999996979813,0.0450451144311676,1.92185292402862,1.46080514856923,0.00465264678588087,0.0037057
7.6,0.249267172887003,0.966115705538809,2.0199999988368,9.17116103650956,0.997607637885863,0.00107825225932213,0.200000007736426,0.251259842582564,0.967919672031671,2.01999999999996,9.17079632679409,0.248871571769522,0.47525854216887,0.544999997321995,0.0450451059895111,1.93220931971026,1.49934749913931,0.00466017054639083,0.0036647
7.62,0.22989928729027,0.970907442442479,2.02399999898188,9.19116110039526,0.997607987871972,0.0010782649633669,0.200000006772344,0.231852489382217,0.972750956395214,2.02399999999996,9.19079632679408,0.248871679147286,0.475258460248206,0.544999997632762,0.0450450975739314,1.94179296838893,1.53808925329923,0.00466919861164548,0.0039461
7.64,0.210439439642582,0.975310889308316,2.02799999910881,9.21116116059572,0.997608338829908,0.00107827081925177,0.200000005920139,0.212352398277442,0.977193153346039,2.02799999999996,9.21079632679407,0.248871786352595,0.47525837891535,0.544999997913146,0.0450450891879722,1.95060003651646,1.57701491726517,0.00467971601208851,0.0039423
7.66,0.190895413641713,0.9793242847395,2.0319999992197,9.2311612171067,0.997608690607504,0.00107826989251379,0.200000005168871,0.192767369044684,0.981244486064594,2.03199999999996,9.23079632679406,0.248871893352999,0.475258298200607,0.544999998164751,0.045045080835097,1.95862700116733,1.61610892368876,0.00469170727026425,0.0036214
7.68,0.171275026651569,0.982946023354159,2.03599999931647,9.25116126992567,0.997609043054141,0.00107826225073275,0.200000004508181,0.173105235434505,0.984903334071809,2.03599999999996,9.25079632679405,0.248872000115954,0.475258218132723,0.544999998389484,0.0450450725187473,1.9658706514477,1.65535563788381,0.00470515640995834,0.0034329
7.7,0.151586126575401,0.986174656427354,2.03999999940083,9.27116131905185,0.997609396020771,0.00107824796343713,0.200000003928395,0.153373862038192,0.988168233877266,2.03999999999996,9.27079632679404,0.2488721066088,0.4752581387389,0.54499999858942,0.0450450642422743,1.97232808977946,1.69473936407998,0.00472004696549997,0.0037976
7.72,0.131836588716808,0.989008892470393,2.04399999947432,9.29116136448611,0.997609749359931,0.00107822710201174,0.200000003420587,0.13358114114202,0.991037879564572,2.04399999999996,9.29079632679404,0.248872212798741,0.475258060044894,0.544999998766692,0.0450450560090057,1.97799673305918,1.73424435170081,0.00473636199120497,0.0034779
7.74,0.112034312629791,0.991447597747267,2.0479999995383,9.31116140623102,0.997610102925763,0.0010781997396105,0.200000002976596,0.113734989570449,0.993511123313715,2.04799999999996,9.31079632679403,0.248872318652841,0.475257982075055,0.544999998923408,0.0450450478221885,1.98287431369106,1.77385480166375,0.00475408407097527,0.0034585
7.76,0.0921872189591072,0.993489796727989,2.05199999959395,9.33116144429079,0.997610456574022,0.00107816595107156,0.200000002589022,0.0938433455194967,0.995586975860171,2.05199999999996,9.33079632679402,0.248872424138004,0.475257904852397,0.544999999061583,0.0450450396850243,1.98695888049382,1.81355487269949,0.00477319532802929,0.0034131
7.78,0.0723032462722016,0.995134672478653,2.05599999964235,9.35116147867126,0.997610810162089,0.00107812581283648,0.200000002251192,0.0739141653815641,0.9972646068906,2.05599999999996,9.35079632679401,0.24887252922098,0.475257828398663,0.544999999183134,0.0450450316006579,1.99024879948101,1.85332868768828,0.00479367743477381,0.003443
7.8,0.0523903478839666,0.99638156698806,2.05999999968444,9.37116150937989,0.997611163548979,0.00107807940287282,0.20000000195712,0.0539554205629876,0.998543345374957,2.05999999999996,9.370796326794,0.248872633868351,0.475257752734377,0.544999999289842,0.045045023572173,1.99274275451443,1.89316034001047,0.00481551162280738,0.0034459
7.82,0.032456488675614,0.99722998143079,2.06399999972102,9.39116153642572,0.997611516595347,0.00107802680059985,0.200000001701464,0.0339750942955818,0.999422679834898,2.06399999999996,9.39079632679399,0.248872738046542,0.475257677878916,0.544999999383349,0.0450450156026022,1.9944397478304,1.93303389990892,0.00483867869304383,0.0034127
7.84,0.0125096419089238,0.997679576366593,2.06799999975283,9.41116155981935,0.997611869163495,0.00107796808681797,0.200000001479469,0.0139811784434528,0.999902258548363,2.06799999999996,9.41079632679398,0.248872841721819,0.475257603850555,0.54499999946515,0.0450450076949127,1.99533910043873,1.97293342086061,0.00486315902596299,0.0034113
7.86,-0.00744221396285435,0.997730171876045,2.0719999997805,9.43116157957292,0.997612221117373,0.00107790334364103,0.200000001286923,-0.00601832969364064,0.999981889690262,2.07199999999996,9.43079632679397,0.248872944860298,0.475257530666545,0.544999999536596,0.0450449998520242,1.99544045239416,2.01284294595496,0.00488893259197192,0.0033567
7.88,-0.0273910984861716,0.997381747632393,2.07599999980457,9.45116159570013,0.997612572322589,0.00107783265443232,0.200000001120097,-0.0260154305791002,0.999661541409199,2.07599999999996,9.45079632679396,0.248873047427952,0.475257458343148,0.544999999598923,0.0450449920767888,1.99474376294021,2.05274651427638,0.00491597896188331,0.0049537
7.9,-0.0473290323991457,0.996634442909575,2.07999999982553,9.47116160821612,0.997612922646401,0.00107775610374321,0.200000000975709,-0.0460021256391961,0.998941341840216,2.07999999999996,9.47079632679395,0.248873149390629,0.4752573868957,0.544999999653214,0.0450449843720035,1.99324931052535,2.09262816728825,0.00494427731749623,0.003677
7.92,-0.0672480408230462,0.995488556526408,2.08399999984379,9.49116161713755,0.997613271957729,0.00107767377725486,0.200000000850866,-0.0659704204623901,0.997821579053537,2.08399999999996,9.49079632679394,0.248873250714063,0.475257316338685,0.544999999700452,0.0450449767404186,1.9909576926915,2.13247195521614,0.00497380646226936,0.0034962
7.94,-0.0871401564520229,0.993944546726959,2.08799999985973,9.51116162248251,0.997613620127147,0.00107758576172371,0.200000000743029,-0.0859123279969932,0.996302700939347,2.08799999999996,9.51079632679393,0.248873351363887,0.475257246685748,0.544999999741499,0.0450449691847076,1.98786982583489,2.17226194342737,0.00500454483211102,0.0034917
7.96,-0.106997422739801,0.992003030997157,2.09199999987366,9.53116162427053,0.99761396702689,0.00107749214492825,0.200000000649969,-0.10581987174588,0.994385315028641,2.09199999999996,9.53079632679392,0.248873451305663,0.475257177949786,0.544999999777128,0.045044961707507,1.98398694483942,2.21198221880456,0.00503647050623629,0.0041587
7.98,-0.12681189708207,0.989664785817719,2.09599999988586,9.55116162252254,0.99761431253085,0.00107739301561999,0.200000000569735,-0.125685088956982,0.992070188250219,2.09599999999996,9.55079632679391,0.24887355050489,0.475257110142956,0.544999999808014,0.0450449543113733,1.97931060258259,2.25161689611061,0.00506956121812713,0.0035093
8,-0.14657565399329,0.986930746353481,2.09999999989656,9.57116161726084,0.997614656514579,0.00107728846347573,0.20000000050062,-0.14550003380828,0.989358246623922,2.09999999999996,9.57079632679391,0.248873648927035,0.475257043276763,0.544999999834765,0.04504494699883,1.97384266931428,2.29115012434248,0.00510379436656073,0.0034582
8.02,-0.166280788276654,0.983802006079261,2.10399999990598,9.5911616085091,0.997614998855286,0.00107717857905365,0.200000000441135,-0.16525678058603,0.986250574890244,2.10399999999995,9.5907963267939,0.248873746537554,0.475256977362071,0.544999999857897,0.0450449397723206,1.96758533190858,2.33056609307125,0.00513914702672285,0.0034263
8.04,-0.185919418185925,0.980279816342413,2.10799999991429,9.61116159629232,0.99761533943184,0.0010770634537504,0.200000000389978,-0.18494742685494,0.982748416076441,2.10799999999995,9.6107963267939,0.248873843301921,0.475256912409163,0.544999999877877,0.0450449326342466,1.96054109298896,2.36984903876604,0.00517559596138563,0.0039605
8.06,-0.205483688577895,0.976365585862234,2.11199999992165,9.63116158063681,0.997615678124769,0.00107694317976148,0.200000000346014,-0.204564096619041,0.978853170999347,2.11199999999995,9.6307963267939,0.248873939185651,0.475256848427769,0.544999999895111,0.0450449255869441,1.95271276992716,2.40898325109904,0.00521311763215123,0.0037893
8.08,-0.2249657740542,0.972060880166429,2.11599999992819,9.65116156157015,0.997616014816262,0.00107681785004285,0.200000000308254,-0.224098943471979,0.974566397705053,2.11599999999995,9.6507963267939,0.2488740341538,0.475256785426178,0.544999999909908,0.0450449186326145,1.94410349371622,2.44795307922938,0.00525168821058185,0.0050977
8.1,-0.244357882091237,0.967367420964867,2.11999999993403,9.67116153912119,0.997616349390147,0.00107668755823784,0.200000000275821,-0.243544153735475,0.969889810845724,2.11999999999995,9.6707963267939,0.248874128172522,0.475256723413959,0.544999999922628,0.0450449117736066,1.93471670771801,2.48674293806316,0.00529128359004134,0.0040171
8.12,-0.263652256156927,0.962287085460866,2.12399999993927,9.69116151332001,0.997616681731932,0.00107655239871551,0.200000000247967,-0.26289194958469,0.964825280993748,2.12399999999995,9.6907963267939,0.248874221207727,0.475256662399584,0.544999999933545,0.0450449050120605,1.92455616628591,2.52533731448709,0.00533187939669146,0.0034895
8.14,-0.282841178813079,0.95682190560029,2.12799999994399,9.7111614841979,0.997617011728795,0.00107641246650805,0.200000000224043,-0.28213459215925,0.959374833893541,2.12799999999994,9.7107963267939,0.24887431322539,0.475256602390938,0.544999999942895,0.0450448983500642,1.913625933263,2.56372077357352,0.00537345100102149,0.003609
8.16,-0.301916974802126,0.950974067258756,2.13199999994826,9.73116145178734,0.997617339269579,0.00107626785727351,0.200000000203485,-0.30126438465869,0.95354064965127,2.13199999999994,9.7307963267939,0.248874404191679,0.475256543395519,0.544999999950877,0.045044891789662,1.90193038035654,2.60187796475401,0.00541597352937234,0.0036151
8.18,-0.320872014116975,0.944745909367281,2.13599999995216,9.75116141612196,0.9976176642448,0.00107611866726673,0.200000000185801,-0.320273675421073,0.947325061862844,2.13599999999994,9.7507963267939,0.248874293256932,0.475255783072688,0.544999876337008,0.0450448234723072,1.88947418538929,2.63979362795927,0.00545940494746029,0.0033646
8.2,-0.339698715073336,0.938139923280915,2.13999999951069,9.77116137590789,0.997617978268798,0.00107593701607435,0.199999955667124,-0.339154860983546,0.940730556680506,2.13999999999994,9.7707963267939,0.24887441460067,0.475255828277959,0.544999931219387,0.0450448681062393,1.87626233042812,2.67745259972696,0.00550375064488647,0.0030891
8.22,-0.358389547327594,0.931158751429572,2.14399999837642,9.79116133111742,0.997618290398374,0.00107575701258775,0.199999930906103,-0.357900389123631,0.933759771818403,2.14399999999994,9.7907963267939,0.248874533184765,0.475255869466925,0.544999970310886,0.0450448709877251,1.86230009979027,2.71483981927818,0.0055489709104385,0.0029537
8.24,-0.376937034862166,0.923805185961582,2.14799999688766,9.81116128317515,0.997618600558014,0.00107557709987112,0.199999920218022,-0.376502761880008,0.926415495497537,2.14799999999994,9.8107963267939,0.248874648793526,0.475255905806723,0.544999997452033,0.0450448668858508,1.84759307793033,2.75194033452689,0.00559504009441168,0.0030439
8.26,-0.395333758993133,0.916082167980472,2.15199999528285,9.8311612323528,0.997618908646113,0.00107539684485224,0.199999919300754,-0.394954538551603,0.918700665330514,2.15199999999993,9.8307963267939,0.248874761275791,0.475255936988848,0.545000015601096,0.0450448616762982,1.83214714720682,2.78873930805591,0.00564193235120085,0.002994
8.28,-0.413572361337731,0.907992786369047,2.15599999372502,9.85116117872733,0.997619214549556,0.00107521600044354,0.199999924917148,-0.413248338673767,0.910618367146537,2.15599999999993,9.8507963267939,0.248874870504405,0.475255962789055,0.545000027030981,0.0450448563275184,1.81596848552947,2.82522202305179,0.00568962165343082,0.00366
8.3,-0.431645546757795,0.899540276554107,2.15999999232068,9.87116112234238,0.997619518146692,0.0010750343475687,0.199999934648302,-0.431376844970368,0.902171833757119,2.15999999999993,9.8707963267939,0.248874976372917,0.475255983008813,0.545000033483448,0.0450448509977052,1.7990635638882,2.8613738891915,0.00573808180403858,0.0036589
8.32,-0.449546086277946,0.890728019212485,2.16399999113419,9.89116106323496,0.997619819308517,0.00107485166967991,0.199999946702343,-0.449332806280594,0.893364443662996,2.16399999999993,9.8907963267939,0.248875078797302,0.47525599747515,0.54500003629001,0.0450448457112594,1.78143914376487,2.89718044847847,0.005787286448321,0.0031599
8.34,-0.467266819977329,0.881559538918961,2.16799999019888,9.9111610014399,0.997620117899651,0.00107466774953396,0.199999959766746,-0.467109040459333,0.884199719702774,2.16799999999993,9.9107963267939,0.248875177435122,0.475256005501379,0.545000036434438,0.0450448404349826,1.76310227442888,2.93262738102581,0.0058372089749378,0.0030083
8.36,-0.484800659853765,0.872038502736826,2.17199998952538,9.9311609369898,0.99762041376788,0.00107448234793734,0.199999972883144,-0.484698437249926,0.874681327643844,2.17199999999992,9.9307963267939,0.248875271797989,0.475256006078346,0.545000034640229,0.0450448351335377,1.74406029011755,2.96770051078413,0.00588782255492512,0.0029547
8.38,-0.502140592659186,0.862168718751825,2.17599998910774,9.95116086991385,0.997620706737969,0.00107429519206033,0.199999985353627,-0.502093961128179,0.864813074716119,2.17599999999992,9.9507963267939,0.248875362688708,0.475256000732617,0.545000031608983,0.0450448299489225,1.72432080710266,3.00238581121205,0.00593910071668544,0.0035244
8.4,-0.519279682705159,0.851954134548643,2.17999998892861,9.97116080024044,0.997620996663656,0.00107410607909243,0.19999999673286,-0.519288654116478,0.854598908089195,2.17999999999992,9.9707963267939,0.248875448517462,0.475255985352313,0.545000027072779,0.045044824518409,1.70389172064399,3.03666941088674,0.00599101608469345,0.0030194
8.42,-0.536211074637677,0.841398835632924,2.18399998896073,9.99116072799241,0.99762128333118,0.001073914644943,0.200000006479061,-0.536275638566887,0.844042913293536,2.18399999999992,9.9907963267939,0.248875531274402,0.475255964777634,0.545000022319805,0.0450448193660295,1.68278120183135,3.07053759905253,0.006043542241604,0.0030066
8.44,-0.55292799617952,0.830507043796655,2.18799998917066,10.0111606531913,0.997621566603008,0.00107372073568755,0.200000014514191,-0.553048119912116,0.833149312586314,2.18799999999992,10.0107963267939,0.24887561133457,0.475255940547011,0.545000017938327,0.0450448144153342,1.66099769431631,3.10397683110527,0.00609665215754921,0.0029982
8.46,-0.569423760838729,0.819283115426628,2.19199998952552,10.0311605758667,0.997621846355443,0.00107352425758095,0.200000020971989,-0.569599389383258,0.821922463262568,2.19199999999992,10.0307963267939,0.248875688678644,0.475255912731382,0.54500001388577,0.0450448095468702,1.63854991093475,3.1369737340101,0.00615031869796177,0.0029707
8.48,-0.585691770583017,0.807731539761234,2.19599998999495,10.0511604960513,0.997622122463407,0.00107332511995403,0.200000025970866,-0.585922826693203,0.810366855912337,2.19599999999991,10.0507963267939,0.24887576330883,0.475255881502138,0.545000010138578,0.0450448047451925,1.6154468302219,3.16951511165055,0.00620451466349872,0.0033504
8.5,-0.601725518478957,0.795856937094688,2.19999999055087,10.0711604137779,0.997622394801453,0.00107312324249806,0.200000029620754,-0.602011902684672,0.798487112624489,2.19999999999991,10.0707963267939,0.248875835252509,0.475255847157455,0.545000006694448,0.0450448000159561,1.59169769282106,3.20158795010689,0.00625921280185905,0.0030235
8.52,-0.617518591294677,0.783664056928748,2.20399999116738,10.0911603290791,0.997622663245032,0.00107291856068089,0.200000032030755,-0.617860181941785,0.786287985137944,2.20399999999991,10.0907963267939,0.248875904565513,0.475255810144369,0.545000003573536,0.0450447953728873,1.56731199778744,3.23317942286155,0.00631438581967126,0.0031674
8.54,-0.633064672065006,0.771157776072652,2.20799999182086,10.1111602419877,0.997622927671987,0.00107271103138939,0.200000033317228,-0.633461325364147,0.773774352941043,2.20799999999991,10.1107963267939,0.248875971333907,0.475255771068559,0.545000000817252,0.0450447908361657,1.54229949878867,3.2642768959296,0.00637000639432536,0.0029287
8.56,-0.648357542618034,0.758343096692037,2.21199999249015,10.1311601525376,0.997623187964218,0.00107250063864113,0.200000033611439,-0.648809092702403,0.760951221319821,2.21199999999991,10.1307963267939,0.248876035244528,0.47525572932289,0.544999998231689,0.0450447862781113,1.51667020020349,3.29486793291221,0.00642604709391399,0.003103
8.58,-0.663391086062296,0.745225144308167,2.21599999315601,10.1511600607609,0.997623443991793,0.00107228734511174,0.200000032974847,-0.663897345054251,0.747823719355951,2.21599999999991,10.1507963267939,0.248876096682338,0.475255686690745,0.544999996149725,0.0450447819470701,1.49043435312012,3.324940299971,0.00648248054906669,0.0032122
8.6,-0.678159289233203,0.731809165747366,2.21999999380165,10.1711599666915,0.99762369564143,0.00107207118944684,0.200000031588748,-0.678720047319923,0.73439709787519,2.2199999999999,10.1707963267939,0.248876156249755,0.475255645259383,0.544999994843433,0.0450447779616239,1.46360245123599,3.35448197072152,0.00653927952206792,0.0036205
8.62,-0.692656245097467,0.718100527040898,2.22399999441486,10.1911598703719,0.997623942826537,0.00107185229041211,0.200000029732384,-0.693271270616148,0.720676727347109,2.2239999999999,10.1907963267939,0.248876213933791,0.475255605045868,0.544999994103011,0.0450447741423905,1.43618522666044,3.38348113104349,0.00659641670908039,0.0031435
8.64,-0.706876155115357,0.704104711277867,2.22799999498827,10.2111597718514,0.997624185463173,0.00107163076159319,0.200000027609467,-0.707545194647621,0.706668095736985,2.2279999999999,10.2107963267939,0.248876269722403,0.475255566063706,0.544999993769246,0.0450447704601373,1.40819364562207,3.41192618380631,0.00665386483667487,0.0030364
8.66,-0.720813331559936,0.689827316412137,2.23199999551803,10.2311596711811,0.997624423470005,0.00107140671619066,0.200000025366396,-0.721536110035045,0.692376806310681,2.2319999999999,10.2307963267939,0.248876323604639,0.475255528325048,0.544999993722011,0.0450447669107871,1.37963890408246,3.43980575350762,0.00671159667277488,0.0033693
8.68,-0.734462199791982,0.675274053023314,2.23599999600276,10.2511595684127,0.997624656768336,0.00107118026776505,0.20000002310632,-0.735238420598808,0.677808575393421,2.2359999999999,10.2507963267939,0.248876375570643,0.475255491841034,0.544999993871224,0.0450447634943734,1.35053242325803,3.46710869082326,0.00676958503751401,0.0030796
8.7,-0.747817300489675,0.660450742032676,2.23999999644282,10.2711594635989,0.997624885282119,0.00107095153030218,0.20000002089996,-0.74864664559738,0.662969230083331,2.23999999999989,10.2707963267939,0.248876425611632,0.47525545662184,0.544999994149878,0.0450447602115373,1.32088584505178,3.49382407706679,0.00682780281401708,0.0030402
8.72,-0.760873291832162,0.645363312374972,2.24399999683976,10.2911593567929,0.997625108937991,0.00107072061816633,0.200000018793917,-0.761755421919536,0.64786470592068,2.24399999999989,10.2907963267939,0.24887647371986,0.475255422676703,0.544999994508626,0.0450447570629771,1.29071102739677,3.51994122855669,0.00688622295908214,0.0030141
8.74,-0.773624951636135,0.630017798627032,2.24799999719587,10.3111592480483,0.997625327665288,0.00107048764603605,0.200000016817022,-0.774559506229527,0.632501044513742,2.24799999999989,10.3107963267939,0.248876519888595,0.475255390013928,0.544999994911527,0.0450447540493444,1.26002003951316,3.5454497008897,0.00694481851377382,0.0029948
8.76,-0.786067179444548,0.614420338594105,2.25199999751389,10.3311591374195,0.997625541396066,0.0010702527288368,0.200000014985172,-0.78705377706435,0.616884391122232,2.25199999999989,10.3307963267939,0.248876563836828,0.475255357730842,0.544999995161517,0.045044751068321,1.22882515708083,3.57033929311826,0.00700356257851688,0.0031865
8.78,-0.798194998566895,0.598577170855251,2.25599999779618,10.3511590249592,0.997625750053798,0.00107001594591517,0.200000013243318,-0.799233236882258,0.60102099219929,2.25599999999989,10.3507963267939,0.248876604567003,0.475255322163254,0.54499999458533,0.0450447477890927,1.19713885732931,3.5946000518308,0.00706242832684949,0.0030363
8.8,-0.810003558071002,0.58249463226962,2.25999999804155,10.3711589107093,0.997625953523146,0.00106977723529147,0.200000011294037,-0.811093014061714,0.584917192892975,2.25999999999989,10.3707963267939,0.24887664264152,0.47525528467779,0.544999993683693,0.0450447446899508,1.16497381404715,3.61822227513284,0.00712138920507881,0.0031698
8.82,-0.821488134724045,0.566179155442511,2.26399999824469,10.3911587947055,0.99762615171176,0.0010695366009819,0.200000009020166,-0.822628364849975,0.568579434508294,2.26399999999988,10.3907963267939,0.248876677944209,0.475255244618457,0.544999992463212,0.0450447416492486,1.13234289251258,3.64119651652774,0.00718041866321671,0.0032781
8.84,-0.832644134881726,0.54963726615204,2.26799999839796,10.4111586769849,0.997626344523385,0.00106929401981335,0.200000006306923,-0.833834675260528,0.552014251930769,2.26799999999988,10.4107963267939,0.24887671040231,0.475255201576126,0.544999990988512,0.04504473866162,1.09925914434758,3.66351358869514,0.00723949027685172,0.0036746
8.86,-0.843467096326059,0.532875580739192,2.27199999849166,10.4311585575836,0.99762653185923,0.00106904945480532,0.200000003062787,-0.844707462918624,0.535228271012563,2.27199999999988,10.4307963267939,0.248876739985089,0.475255155387578,0.544999989358858,0.0450447357399344,1.06573580229742,3.68516456716586,0.00729857775865222,0.0032203
8.88,-0.853952690050461,0.515900803461461,2.27599999851461,10.4511584365367,0.997626713619489,0.00106880286532596,0.199999999231976,-0.85524237885417,0.518228205922234,2.27599999999988,10.4507963267939,0.248876766698633,0.475255106103784,0.544999987685787,0.0450447328975112,1.03178627493774,3.70614079389153,0.00735765496953835,0.0031134
8.9,-0.864096721991407,0.498719723811197,2.27999999845492,10.4711583138791,0.997626889704831,0.00106855421545092,0.199999994798859,-0.865435209241254,0.501020856459154,2.27999999999988,10.4707963267939,0.248876790252598,0.475255052714184,0.544999985703656,0.0450447300424945,0.997424141311225,3.7264338807078,0.00741669591664165,0.0036078
8.92,-0.873895134706385,0.481339213800108,2.28399999829943,10.4911581896437,0.997627060004255,0.00106830343129272,0.199999989652175,-0.875281877083624,0.483613105333679,2.28399999999988,10.4907963267939,0.248876807893297,0.475254988380973,0.544999982257695,0.0450447267251021,0.962663145496217,3.74603571268949,0.00747567446790515,0.0030672
8.94,-0.883344008999209,0.463766225213078,2.2879999980286,10.51115806385,0.997627224294064,0.00106805017009073,0.199999983264946,-0.88477844384543,0.46601191541416,2.28799999999987,10.5107963267939,0.24887682127367,0.475254918197217,0.544999978797296,0.0450447236521736,0.927517191109152,3.76493845139658,0.00753456517175354,0.0035625
8.96,-0.892439565488301,0.446007786828011,2.29199999761757,10.5311579365115,0.997627382414055,0.00106779431485837,0.199999975631972,-0.893921111026587,0.448224326941885,2.29199999999987,10.5307963267939,0.248876829571073,0.475254841081163,0.544999975345105,0.0450447205345645,0.892000335743144,3.7831345380096,0.00759334246601161,0.0032011
8.98,-0.90117816611732,0.428071001603045,2.29599999704145,10.5511578076443,0.997627534170093,0.00106753570499764,0.19999996675621,-0.902706221682122,0.430257454715077,2.29599999999987,10.5507963267939,0.248876833946091,0.475254759789197,0.544999972145119,0.0450447175451421,0.856126785345016,3.80061669635325,0.00765198123773511,0.0032798
9,-0.909556315609959,0.409963043834806,2.2999999962763,10.571157677265,0.997627679414183,0.00106727429962161,0.199999956728453,-0.911130261884908,0.412118485243074,2.29999999999987,10.5707963267939,0.248876834450044,0.475254674894277,0.544999969246355,0.0450447145861052,0.819910888532993,3.81737793580683,0.00771045641994177,0.0032645
9.02,-0.917570662867114,0.391691156287563,2.30399999530015,10.5911575453918,0.997627818001278,0.00106701008332535,0.199999945657141,-0.919189862131181,0.393814673871813,2.30399999999987,10.5907963267939,0.248876831163294,0.475254586983645,0.544999966686535,0.0450447116321001,0.783367130857371,3.8334115541005,0.00776874316057546,0.0035635
9.04,-0.92521800230697,0.37326264729585,2.30799999409337,10.6111574120418,0.997627949790948,0.0010667430692276,0.199999933664293,-0.926881798688304,0.375353341881796,2.30799999999986,10.6107963267939,0.248876824185974,0.475254496605584,0.544999964488762,0.0450447086680397,0.746510129006435,3.84871113999607,0.00782681683068551,0.0032689
9.06,-0.932495275146876,0.354684887840866,2.31199999263881,10.6311572772308,0.997628074648677,0.00106647329775962,0.199999920880248,-0.934202994884211,0.356741873559671,2.31199999999986,10.6307963267939,0.248877045729733,0.475255200826912,0.545000102780636,0.0450447762135473,0.709354624959938,3.86327057585146,0.00788465666100669,0.0036359
9.08,-0.939399570346338,0.335965308398392,2.31599999142643,10.6511571424868,0.99762820200795,0.00106623255534514,0.199999957881277,-0.941150522338038,0.337987713244617,2.31599999999986,10.6507963267939,0.24887706013103,0.475255186311074,0.545000073349138,0.0450447333017596,0.671915480096198,3.87708404006495,0.00794223691984608,0.0035112
9.1,-0.945928126020719,0.317111396158468,2.31999999084811,10.671157008285,0.997628323862435,0.0010659901044169,0.199999984286966,-0.947721602131437,0.319098362350708,2.31999999999986,10.6707963267939,0.248877072389505,0.475255172417444,0.545000051190614,0.0450447256809424,0.634207669259365,3.89014600939548,0.0079995332935852,0.0034684
9.12,-0.952078330825792,0.298130692229909,2.32399999071814,10.6911568735186,0.99762844016168,0.00106574719341055,0.200000002715587,-0.953913605920103,0.300081376366447,2.32399999999986,10.6907963267939,0.24887708256127,0.47525515967193,0.54500003462415,0.0450447241129208,0.596246274760063,3.90245126117924,0.00805652227888782,0.003872
9.14,-0.957847724749875,0.27903078843715,2.3279999908971,10.7111567380495,0.997628550872066,0.00106550412223406,0.200000015180281,-0.959724056985079,0.280944361832671,2.32799999999986,10.7107963267939,0.248877090663349,0.475255148159135,0.545000022343715,0.0450447236525823,0.558046480339416,3.91399487542116,0.0081131806462925,0.0035968
9.16,-0.963234000097654,0.259819324283535,2.33199999128114,10.731156601902,0.997628655965143,0.00106526103105641,0.200000023224019,-0.965150631223412,0.261694973300038,2.33199999999985,10.7307963267939,0.248877096709541,0.475255137897829,0.545000013336331,0.0450447234834127,0.519623565095869,3.9247722367629,0.00816948544495644,0.0035443
9.18,-0.968235002413235,0.240503983895706,2.33599999179363,10.7511564651275,0.99762875541578,0.00106501803350335,0.200000028025098,-0.970191158077759,0.242340910267304,2.33599999999985,10.7507963267939,0.248877100713313,0.475255128893612,0.545000006817683,0.0450447234701887,0.480992897373862,3.93477903632892,0.0082254140098165,0.003567
9.2,-0.97284873134191,0.221092492950155,2.33999999237867,10.7711563277818,0.997628849201843,0.00106477523852219,0.200000030479464,-0.974843621404585,0.222889914101633,2.33999999999985,10.7707963267939,0.248877102689106,0.475255121149126,0.545000002181856,0.045044723590173,0.442169928616819,3.94401127345003,0.00828094396904712,0.0041492
9.22,-0.977073341430304,0.201592615583174,2.34399999299612,10.7911561899216,0.997628937304147,0.00106453275393585,0.200000031264932,-0.979106160280592,0.203349764942147,2.34399999999985,10.7907963267939,0.248877102652387,0.475255114665595,0.544999998961905,0.0450447238391564,0.403170187186891,3.9524652572636,0.00833605325142485,0.0044044
9.24,-0.980907142864565,0.182012151285406,2.34799999361768,10.8111560516038,0.997629019706455,0.00106429068696653,0.200000030891218,-0.982977069747061,0.183728278587978,2.34799999999985,10.8107963267939,0.248877100619628,0.475255109443073,0.544999996799001,0.0450447242159308,0.364009272153929,3.96013760818994,0.00839072009351078,0.0037926
9.26,-0.984348602146302,0.162358931782265,2.35199999422398,10.831155912885,0.997629096395473,0.0010640491442592,0.200000029738858,-0.986454801491817,0.164033303372052,2.35199999999984,10.8307963267939,0.24887709660825,0.475255105480526,0.544999995418289,0.0450447247197411,0.324702847056178,3.96702525928409,0.00844492304668468,0.0040416
9.28,-0.987396342706006,0.142640817901455,2.35599999480227,10.8511557738222,0.99762916736085,0.00106380823182501,0.200000028089443,-0.989537964468533,0.144272717021859,2.35599999999984,10.8507963267939,0.248877090636584,0.47525510277587,0.544999994610036,0.0450447253498647,0.285266633635182,3.97312545746262,0.00849864098399572,0.0036802
9.3,-0.990049145453709,0.122865696428846,2.35999999534465,10.871155634472,0.99762923259517,0.00106356805497259,0.200000026149056,-0.992225325453125,0.124454423508468,2.35999999999984,10.8707963267939,0.248877082724633,0.475255101327745,0.544999994215018,0.0450447261057217,0.245716405547404,3.97843576460485,0.00855185310681802,0.0037742
9.32,-0.99230594926665,0.103041476953968,2.36399999584681,10.8911554948912,0.997629292093975,0.00106332871830751,0.200000024066462,-0.994515809537031,0.104586349885044,2.36399999999984,10.8907963267939,0.248877072892466,0.47525510113234,0.544999994112804,0.0450447269864013,0.206067982055084,3.98295405852817,0.00860453895140946,0.0037383
9.34,-0.994165851413764,0.0831760887063805,2.36799999630694,10.9111553551363,0.997629345855725,0.00106309032560122,0.200000021947071,-0.996408500557156,0.0846764431161318,2.36799999999984,10.9107963267939,0.248877061160063,0.475255102182993,0.544999994212815,0.0450447279908023,0.166337221698846,3.98667853383688,0.00865667839525769,0.0038736
9.36,-0.995628107916823,0.0632774773841808,2.37199999672505,10.9311552152637,0.997629393881743,0.00106285297965351,0.200000019863685,-0.997902641462328,0.0647326668989778,2.37199999999984,10.9307963267939,0.248877047548917,0.475255104473737,0.544999994447642,0.0450447291181108,0.126540015954598,3.98960770264444,0.00870825166315712,0.0035947
9.38,-0.99669213384808,0.0433536019759285,2.37599999710233,10.9511550753298,0.997629436176231,0.00106261678229991,0.200000017864836,-0.998997634616106,0.0447629984781551,2.37599999999983,10.9507963267939,0.248877032081263,0.475255107997917,0.544999994767533,0.0450447303673881,0.0866922828772557,3.99174039516864,0.00875923933320663,0.0038769
9.4,-0.997357503564297,0.0234124315772463,2.37999999744079,10.9711549353905,0.997629472746253,0.00106238183435493,0.200000015981148,-0.99969304203583,0.0247754254547733,2.37999999999983,10.9707963267939,0.248877014780142,0.475255112748548,0.544999995136279,0.0450447317376696,0.0468099607338265,3.99307576019957,0.00880962234259894,0.0037487
9.42,-0.997623950877063,0.00346194220337783,2.38399999774291,10.9911547955019,0.997629503601713,0.00106214823557233,0.200000014230208,-0.999988585567802,0.00477794259154436,2.38399999999983,10.9907963267939,0.248876995668659,0.475255118716055,0.54499999552747,0.0450447332277017,0.00690900162841294,3.99361326544016,0.00885938199327072,0.0036449
9.44,-0.997491369159346,-0.016489886401027,2.38799999801141,11.0111546557194,0.997629528755308,0.00106191608451647,0.200000012620098,-0.99988414699855,-0.015221451385016,2.38799999999983,11.0107963267939,0.248876974770784,0.47525512589098,0.544999995922669,0.0450447348364011,-0.0329946348783248,3.9933526977192,0.00890849995726926,0.0037448
9.46,-0.996959811388211,-0.0364350739536198,2.39199999824913,11.0311545160987,0.997629548222514,0.0010616854785481,0.200000011152258,-0.999379768102111,-0.0352147569839722,2.39199999999983,11.0307963267939,0.248876952111013,0.475255134263064,0.544999996309201,0.045044736562596,-0.0728849881526913,3.99229416307662,0.00895695828202081,0.0039336
9.48,-0.996029490123713,-0.056365642826281,2.39599999845889,11.0511543766946,0.997629562021552,0.00106145651376824,0.200000009823571,-0.998475650623316,-0.0551939771496584,2.39599999999983,11.0507963267939,0.248876927714342,0.475255143821259,0.544999996678698,0.0450447384050418,-0.11274610287191,3.99043808672124,0.00900473939537024,0.0038145
9.5,-0.994700777423958,-0.0762736212359884,2.39999999864341,11.0711542375622,0.997629570173354,0.00106122928496494,0.200000008627902,-0.997172156197104,-0.0751511204603946,2.39999999999983,11.0707963267939,0.248876901606223,0.475255154553765,0.544999997025949,0.0450447403624536,-0.152562035405958,3.9877852128607,0.00905182611047344,0.0036311
9.52,-0.992974204696368,-0.096151046433351,2.40399999880526,11.0911540987558,0.997629572701532,0.00106100388556259,0.200000007557244,-0.995469806203865,-0.095078204324948,2.40399999999982,11.0907963267939,0.248876873812542,0.475255166448064,0.544999997348061,0.0450447424334938,-0.192316860194723,3.98433660440395,0.00909820163045513,0.0040377
9.54,-0.990850462485213,-0.115989967887533,2.40799999894685,11.1111539603295,0.997629569632335,0.00106078040757364,0.200000006602546,-0.993369281560898,-0.114967258175464,2.40799999999982,11.1107963267939,0.248876844359591,0.475255179490964,0.544999997643796,0.0450447446167878,-0.231994676117943,3.98009364253612,0.00914384955292547,0.0036887
9.56,-0.988330400195493,-0.135782450466297,2.41199999907042,11.1311538223371,0.997629560994617,0.00106055894155273,0.200000005754312,-0.990871422450054,-0.134810326655585,2.41199999999982,11.1307963267939,0.248876813274018,0.475255193668528,0.544999997913044,0.0450447469108927,-0.271579612855367,3.97505802616621,0.0091887538742749,0.0034639
9.58,-0.985415025753279,-0.155520577609883,2.415999999178,11.151153684832,0.997629546819788,0.00106033957654926,0.200000005003008,-0.987977227981674,-0.154599472802492,2.41599999999982,11.1507963267939,0.248876780582818,0.475255208966189,0.54499999815654,0.0450447493143442,-0.311055837234603,3.96923177124762,0.00923289899379659,0.0037194
9.6,-0.982105505202653,-0.175196454497477,2.41999999927142,11.171153547867,0.997629527141779,0.00106012240006525,0.200000004339363,-0.984687855794955,-0.174326781221576,2.41999999999982,11.1707963267939,0.248876746313308,0.475255225368746,0.544999998375493,0.0450447518256156,-0.350407559564111,3.9626172099719,0.00927626971761444,0.003598
9.62,-0.978403162239398,-0.194802211204971,2.42399999935236,11.1911534114946,0.997629501996994,0.0010599074980142,0.20000000375454,-0.981004621594914,-0.193984361252497,2.42399999999982,11.1907963267939,0.248876710493099,0.475255242860404,0.544999998571464,0.0450447544431553,-0.389619039948809,3.95521698983602,0.00931885126242468,0.0035972
9.64,-0.974309477681639,-0.214330005852785,2.42799999942231,11.2111532757668,0.997629471424268,0.00105969495468222,0.200000003240267,-0.976928998626124,-0.213564350125341,2.42799999999981,11.2107963267939,0.248876673150074,0.475255261424784,0.544999998746159,0.0450447571653545,-0.428674594585762,3.94703407258349,0.00936062925905012,0.0035457
9.66,-0.969826088877636,-0.233772027742463,2.4319999994826,11.2311531407352,0.997629435464818,0.0010594848526906,0.200000002788884,-0.972462617083429,-0.233058916105621,2.43199999999981,11.2307963267939,0.248876634312365,0.475255281044961,0.544999998901371,0.0450447599905783,-0.467558602037441,3.93807173301982,0.00940158975579831,0.0035869
9.68,-0.964954789050965,-0.253120500480807,2.43599999953442,11.2511530064506,0.9976293941622,0.00105927727296058,0.200000002393378,-0.967607263459896,-0.25246026162687,2.43599999999981,11.2507963267939,0.248876594008333,0.475255301703467,0.544999999038881,0.0450447629171402,-0.50625550948004,3.92833355770274,0.00944171922162408,0.0042038
9.7,-0.959697526583359,-0.272367685090293,2.43999999957883,11.2711528729636,0.997629347562255,0.0010590722946795,0.200000002047375,-0.962364879832238,-0.27176062640956,2.43999999999981,11.2707963267939,0.248876552266553,0.475255323382336,0.544999999160404,0.045044765943318,-0.544749838924354,3.91782344350775,0.00948100454913206,0.003795
9.72,-0.954056404235484,-0.291505883104526,2.44399999961675,11.291152740324,0.997629295713063,0.00105886999526948,0.200000001745121,-0.956737563084008,-0.290952290565112,2.44399999999981,11.2907963267939,0.248876509115789,0.47525534606311,0.544999999267583,0.0450447690673523,-0.583026193406728,3.9065455960695,0.00951943305735189,0.0036248
9.74,-0.948033678305965,-0.310527439647489,2.44799999964902,11.3111526085812,0.997629238664895,0.00105867045035727,0.200000001481451,-0.950727564066876,-0.310027577683751,2.4479999999998,11.3107963267939,0.248876464584984,0.475255369726886,0.544999999361948,0.0450447722874545,-0.621069263147595,3.89450452809974,0.00955699249434209,0.0036589
9.76,-0.941631757729009,-0.329424746495373,2.45199999967635,11.3311524777838,0.997629176470157,0.00105847373374687,0.200000001251752,-0.944337286700315,-0.328978857904961,2.4519999999998,11.3307963267939,0.248876418703242,0.475255394354328,0.544999999444903,0.0450447756017948,-0.658863831675158,3.88170505758239,0.00959367103960699,0.0042867
9.78,-0.934853203110963,-0.348190245119738,2.45599999969939,11.3511523479801,0.997629109183345,0.00105827991739332,0.200000001051917,-0.937569287010071,-0.347798550969336,2.4559999999998,11.3507963267939,0.248876371499811,0.47525541992569,0.544999999517731,0.0450447790085121,-0.696394781911742,3.86815230584652,0.00962945730632464,0.0040875
9.8,-0.927700725706219,-0.366816429710807,2.45999999971869,11.3711522192174,0.997629036860985,0.00105808907137845,0.2000000008783,-0.93042627210578,-0.366479129250575,2.4599999999998,11.3707963267939,0.248876323004073,0.47525544642084,0.544999999581625,0.0450447825057096,-0.733647102220402,3.85385169551802,0.00966434034337331,0.003707
9.82,-0.92017718633285,-0.385295850179681,2.46399999973475,11.3911520915427,0.997628959561589,0.00105790126388836,0.200000000727685,-0.922911099098165,-0.385013120766437,2.4639999999998,11.3907963267939,0.248876273245531,0.47525547381929,0.544999999637625,0.0450447860914649,-0.770605892409356,3.83880894835071,0.00969830963718131,0.0037383
9.84,-0.912285594228434,-0.403621115138261,2.467999999748,11.4111519650019,0.997628877345597,0.001057716561193,0.20000000059723,-0.915026773956229,-0.403393112167432,2.4679999999998,11.4107963267939,0.248876222253798,0.475255502100216,0.544999999686677,0.0450447897638169,-0.807256369691849,3.82303008293786,0.0097313551133881,0.003814
9.86,-0.904029105846503,-0.421784894855704,2.47199999975882,11.4311518396406,0.997628790275323,0.00105753502762721,0.200000000484434,-0.906776450304904,-0.421611751702063,2.47199999999979,11.4307963267939,0.248876170058585,0.475255531242485,0.54499999972962,0.0450447935207871,-0.843583874599058,3.80652141230491,0.00976346713830329,0.0036957
9.88,-0.895411023594111,-0.439779924190216,2.47599999976753,11.4511517155035,0.997628698414906,0.00105735672557394,0.200000000387097,-0.89816342816365,-0.439661752157428,2.47599999999979,11.4507963267939,0.248876116689691,0.47525556122467,0.544999999767212,0.0450447973603585,-0.879573876843677,3.78928954138451,0.00979463652021489,0.0040308
9.9,-0.886434794511025,-0.457599005495018,2.47999999977444,11.4711515926346,0.997628601830253,0.00105718171544844,0.200000000303293,-0.889191152626483,-0.457535893774009,2.47999999999979,11.4707963267939,0.248876062176993,0.475255592025091,0.544999999800112,0.0450448012804991,-0.915211981131838,3.7713413643747,0.00982485451045995,0.00446
9.92,-0.87710400889106,-0.475235011497312,2.48399999977978,11.4911514710772,0.997628500588985,0.00105701005568509,0.200000000231333,-0.879863212483989,-0.475227027133477,2.48399999999979,11.4907963267939,0.248876006550441,0.475255623621819,0.544999999828907,0.045044805279146,-0.950483932921033,3.75268406198149,0.00985411280436272,0.0037795
9.94,-0.867422398846111,-0.492680888149113,2.48799999978379,11.5111513508738,0.997628394760387,0.00105684180272485,0.20000000016974,-0.870183338787855,-0.492728076018367,2.48799999999979,11.5107963267939,0.248875949840049,0.4752556559927,0.544999999854117,0.0450448093542053,-0.985375624121752,3.73332509854673,0.00988240354194741,0.0037546
9.96,-0.857393836813471,-0.509929657448789,2.49199999978666,11.5311512320662,0.99762828441535,0.00105667701100493,0.200000000117222,-0.860155403358496,-0.51003204024247,2.49199999999979,11.5307963267939,0.248875892075883,0.47525568911539,0.544999999876192,0.0450448135035732,-1.01987309874054,3.71327221906263,0.00990971930849922,0.0036664
9.98,-0.847022334007005,-0.526974420232188,2.49599999978856,11.5511511146953,0.997628169626318,0.00105651573295011,0.200000000072651,-0.84978341723638,-0.527131998450812,2.49599999999978,11.5507963267939,0.248875833288065,0.475255722967361,0.544999999895532,0.0450448177251119,-1.05396255846221,3.69253344607397,0.00993605313490783,0.0041441
10,-0.836312038812822,-0.543808358932236,2.49999999978964,11.5711509988013,0.997628050467235,0.00105635801896525,0.200000000035043,-0.839071529077664,-0.544021110888107,2.49999999999978,11.5707963267939,0.248875773506752,0.475255757525943,0.544999999912492,0.0450448220166835,-1.08763036816903,3.67111707646931,0.00996139849786717,0.0039602
10.02,-0.825267235130078,-0.560424740305905,2.50399999979002,11.5911508844234,0.997627927013495,0.00105620391742976,0.20000000000354,-0.828024023494788,-0.560692622134565,2.50399999999978,11.5907963267939,0.248875712762147,0.475255792768321,0.544999999927358,0.0450448263761087,-1.12086306139458,3.64903167816242,0.0099857493198615,0.0043577
10.04,-0.813892340657572,-0.576816918127449,2.50799999978983,11.6111507716002,0.997627799341881,0.00105605347469294,0.199999999977389,-0.816645319342689,-0.577139863807971,2.50799999999978,11.6107963267939,0.248875651084479,0.475255828671564,0.544999999940416,0.0450448308012,-1.15364734571022,3.62628608666539,0.0100090999690069,0.0041613
10.06,-0.802191905126824,-0.592978335846845,2.51199999978916,11.6311506603694,0.99762766753052,0.00105590673507092,0.199999999955939,-0.804939967951311,-0.593356257230948,2.51199999999978,11.6307963267939,0.248875588504006,0.475255865212647,0.544999999951891,0.0450448352897598,-1.18597010804187,3.60288940155461,0.0100314452586809,0.0044357
10.08,-0.790170608482341,-0.608902529212364,2.51599999978811,11.6511505507677,0.997627531658824,0.0010557637408453,0.199999999938619,-0.792912651305143,-0.609335316062345,2.51599999999977,11.6507963267939,0.24887552505101,0.475255902368469,0.544999999961983,0.0450448398395604,-1.21781841991514,3.5788509828312,0.0100527804469962,0.0038664
10.1,-0.77783325900979,-0.624583128856232,2.51999999978674,11.6711504428311,0.997627391807442,0.0010556245322628,0.199999999924933,-0.78056818017048,-0.625070648891679,2.51999999999977,11.6707963267939,0.248875460755789,0.47525594011587,0.544999999970871,0.045044844448376,-1.24917954262656,3.55418044717722,0.0100731012360905,0.0035862
10.12,-0.765184791412845,-0.640013862842335,2.52399999978514,11.6911503365947,0.997627248058206,0.00105548914753632,0.199999999914447,-0.767911492171187,-0.640555961795621,2.52399999999977,11.6907963267939,0.248875395648656,0.475255978431641,0.544999999978699,0.0450448491139528,-1.28004093233895,3.52888766410923,0.0100924037712511,0.0035633
10.14,-0.752230264839462,-0.655188559174965,2.52799999978335,11.7111502320925,0.997627100494078,0.00105535762284705,0.199999999906779,-0.754947649813709,-0.655785060855476,2.52799999999977,11.7107963267939,0.248875329759937,0.475256017292555,0.544999999985609,0.0450448538340423,-1.31039024509882,3.50298275203073,0.0101106846398542,0.0036054
10.16,-0.738974860858369,-0.67010114826759,2.53199999978143,11.7311501293579,0.997626949199101,0.00105522999234806,0.199999999901598,-0.74168183846214,-0.670751854634673,2.53199999999977,11.7307963267939,0.248875263119956,0.475256056675376,0.544999999991716,0.0450448586063692,-1.34021534177385,3.47647607418503,0.0101279408701459,0.0033962
10.18,-0.725423881386596,-0.684745665370661,2.53599999977944,11.7511500284232,0.997626794258349,0.0010551062881688,0.199999999898616,-0.728119364264146,-0.685450356615255,2.53599999999977,11.7507963267939,0.248875195759049,0.475256096556867,0.544999999997112,0.0450448634286545,-1.3695042929084,3.44937823451018,0.0101441699298465,0.0033683
10.2,-0.711582746568863,-0.699116252957501,2.5399999997774,11.7711499293198,0.997626635757874,0.00105498654042076,0.199999999897576,-0.714265652028575,-0.699874687592407,2.53999999999976,11.7707963267939,0.248875127707544,0.47525613691382,0.545000000001884,0.045044868298617,-1.39824538349524,3.42170007339763,0.0101593697245907,0.0033844
10.22,-0.697456992609667,-0.713207163067293,2.54399999977536,11.7911498320783,0.997626473784656,0.00105487077720439,0.199999999898254,-0.700126243055608,-0.71401907802606,2.54399999999976,11.7907963267939,0.248875058995766,0.475256177723059,0.545000000006116,0.0450448732139619,-1.42642711766142,3.39345266335632,0.0101735385961915,0.0034153
10.24,-0.683052269558958,-0.727012759604259,2.54799999977334,11.8111497367282,0.997626308426555,0.0010547590246167,0.199999999900456,-0.685706792920311,-0.727877870348629,2.54799999999976,11.8107963267939,0.248874989654036,0.475256218961447,0.54500000000986,0.0450448781723825,-1.45403822326653,3.36464730458394,0.0101866753207596,0.0034392
10.26,-0.668374339052264,-0.740527520592096,2.55199999977139,11.8311496432981,0.997626139772263,0.00105465130675974,0.199999999904005,-0.671013069210482,-0.741445521227968,2.55199999999976,11.8307963267939,0.248874919712654,0.475256260605929,0.545000000013184,0.0450448831715871,-1.48106765641149,3.33529552044701,0.0101987791066461,0.0034943
10.28,-0.653429072006183,-0.753746040382756,2.55599999976952,11.8511495518157,0.997625967911255,0.00105454764575103,0.199999999908752,-0.656050949219691,-0.754716603784625,2.55599999999976,11.8507963267939,0.248874849201913,0.475256302633506,0.545000000016126,0.0450448882092576,-1.50750460585599,3.30540905287187,0.0102098495922245,0.0033821
10.3,-0.638222446270165,-0.766663031818717,2.55999999976775,11.8711494623076,0.997625792933739,0.00105444806173321,0.199999999914557,-0.640826417596441,-0.767685809762521,2.55999999999975,11.8707963267939,0.248874778152079,0.475256345021271,0.545000000018734,0.0450448932830866,-1.53333849734298,3.27499985764806,0.0102198868435186,0.0037253
10.32,-0.622760544235513,-0.77927332834785,2.56399999976611,11.8911493747998,0.997625614930611,0.00105435257288598,0.199999999921301,-0.625345563950392,-0.780347951652186,2.56399999999975,11.8907963267939,0.248874706593399,0.475256387746417,0.545000000021043,0.0450448983907618,-1.55855899782824,3.24408009964632,0.0102288913516711,0.0037025
10.34,-0.607049550402568,-0.791571886090049,2.56799999976461,11.9111492893168,0.997625433993408,0.00105426119543823,0.199999999928877,-0.609614580416592,-0.792697964765691,2.56799999999975,11.9107963267939,0.248874634556093,0.475256430786239,0.545000000023077,0.0450449035299704,-1.58315601961356,3.21266214795281,0.0102368640302497,0.0034489
10.36,-0.591095748907053,-0.803553785854798,2.57199999976327,11.9311492058825,0.997625250214261,0.00105417394368093,0.199999999937184,-0.593639759178711,-0.804730909262454,2.57199999999975,11.9307963267939,0.24887456207035,0.475256474118151,0.545000000024866,0.0450449086983955,-1.60711972438178,3.18075857092177,0.0102438062124269,0.0035396
10.38,-0.574905521006547,-0.815214235108867,2.5759999997621,11.9511491245197,0.997625063685851,0.00105409082998077,0.199999999946136,-0.577427489952251,-0.816441972125115,2.57599999999975,11.9507963267939,0.248874489166319,0.475256517719693,0.545000000026433,0.0450449138937288,-1.63044052713202,3.14838213114838,0.0102497196479754,0.0041214
10.4,-0.558485342528125,-0.826548569893348,2.57999999976112,11.9711490452503,0.997624874501362,0.00105401186479479,0.199999999955652,-0.560984257428741,-0.827826469084674,2.57999999999975,11.9707963267939,0.248874415874114,0.475256561568541,0.545000000027802,0.0450449191136622,-1.65310910001371,3.11554578036397,0.0102546065001282,0.0039065
10.42,-0.541841781278158,-0.837552256689258,2.58399999976033,11.991148968095,0.997624682754438,0.00105393705668523,0.199999999965661,-0.54431663868195,-0.838879846494138,2.58399999999974,11.9907963267939,0.2488743422238,0.475256605642516,0.545000000028992,0.0450449243558887,-1.67511637605761,3.08226265425555,0.0102584693423086,0.0036573
10.44,-0.524981494415317,-0.848220894230982,2.58799999975975,12.0111488930738,0.997624488539138,0.00105386641233532,0.199999999976098,-0.527431300537145,-0.849597683149919,2.58799999999974,12.0107963267939,0.248874268245397,0.475256649919589,0.545000000030001,0.0450449296181032,-1.6964535528026,3.04854606721178,0.0102613111546813,0.003632
10.46,-0.50791122578784,-0.858550215266808,2.59199999975938,12.0311488202054,0.997624291949893,0.00105379993656559,0.199999999986898,-0.510334996904449,-0.859975692060258,2.59199999999974,12.0307963267939,0.24887419396887,0.475256694377896,0.545000000030855,0.0450449348980202,-1.71711209581664,3.01440950699747,0.0102631353205882,0.0037516
10.48,-0.490637803236117,-0.868536088265859,2.59599999975923,12.0511487495077,0.997624093081465,0.00105373763235088,0.199999999998006,-0.493034566077367,-0.870009722159963,2.59599999999974,12.0507963267939,0.248874119424125,0.475256738995727,0.545000000031558,0.0450449401933376,-1.73708374211052,2.97986662935866,0.0102639456228454,0.0039507
10.5,-0.473168135861674,-0.878174519070751,2.5999999997593,12.0711486809976,0.997623892028902,0.00105367950083718,0.200000000009367,-0.47553692799756,-0.879695759970779,2.59999999999974,12.0707963267939,0.248874044641001,0.475256783751566,0.545000000032128,0.0450449455017833,-1.756360503443,2.94493125256056,0.0102637462398842,0.0034794
10.52,-0.455509211263655,-0.887461652495287,2.60399999975961,12.0911486146908,0.997623688887498,0.00105362554136057,0.200000000020933,-0.457849081486964,-0.889029931206726,2.60399999999974,12.0907963267939,0.248873969649269,0.475256828624064,0.545000000032566,0.0450449508210806,-1.77493466951615,2.90961735186052,0.0102625417417618,0.003437
10.54,-0.437668092743896,-0.89639377386658,2.60799999976014,12.1111485506023,0.997623483752751,0.00105357575146487,0.200000000032657,-0.439978101448345,-0.898008502323765,2.60799999999973,12.1107963267939,0.248873894478625,0.475256873592058,0.545000000032875,0.0450449561489623,-1.79279881105941,2.8739390539181,0.0102603370860502,0.0039452
10.56,-0.419651916481718,-0.904967310510967,2.61199999976091,12.1311484887459,0.997623276720325,0.00105353012692067,0.200000000044492,-0.421931136035444,-0.906627882013162,2.61199999999973,12.1307963267939,0.248873819158682,0.475256918634585,0.545000000033069,0.0450449614831758,-1.80994578280131,2.83791063114464,0.0102571376135879,0.0034447
10.58,-0.401467888679568,-0.913178833183125,2.61599999976192,12.1511484291345,0.997623067886005,0.00105348866174493,0.200000000056397,-0.403715403793803,-0.914884622637963,2.61599999999973,12.1507963267939,0.248873743718967,0.475256963730876,0.545000000033147,0.0450449668214785,-1.82636872632758,2.80154649599454,0.0102529490440988,0.003543
10.6,-0.38312328268064,-0.921025057437819,2.61999999976317,12.1711483717798,0.997622857345664,0.00105345134822066,0.20000000006833,-0.385338190773444,-0.922775421612009,2.61999999999973,12.1707963267938,0.248873668188911,0.475257008860366,0.545000000033116,0.0450449721616352,-1.8420610728245,2.7648611952005,0.0102477774716897,0.003596
10.62,-0.364625436059651,-0.928502844943733,2.62399999976466,12.1911483166927,0.997622645195218,0.00105341817691699,0.200000000080252,-0.366806847614551,-0.930297122720917,2.62399999999973,12.1907963267938,0.248873592597846,0.475257054002709,0.545000000032971,0.0450449775014323,-1.85701654570649,2.727869403955,0.0102416293602301,0.0038914
10.64,-0.345981747687903,-0.935609204738855,2.62799999976638,12.211148263883,0.997622431530592,0.00105338913671024,0.200000000092121,-0.348128786607304,-0.937446717384534,2.62799999999972,12.2107963267938,0.248873516974997,0.475257099137758,0.545000000032726,0.0450449828386588,-1.87122916312667,2.69058592004051,0.0102345115385974,0.0037909
10.66,-0.32719967477384,-0.94234129442692,2.63199999976834,12.2311482133596,0.99762221644768,0.00105336421480428,0.200000000103902,-0.329311478727071,-0.944221345860319,2.63199999999972,12.2307963267938,0.248873441349475,0.475257144245599,0.545000000032382,0.045044988171126,-1.88469324036969,2.65302565791053,0.010226431195821,0.0034028
10.68,-0.308286729880254,-0.948696421314424,2.63599999977053,12.2511481651303,0.997622000042309,0.00105334339675242,0.20000000011556,-0.310362450646108,-0.95061829838721,2.63599999999972,12.2507963267938,0.248873365750267,0.475257189306547,0.545000000031929,0.0450449934966634,-1.89740339212558,2.61520364272405,0.0102173958760952,0.0036418
10.7,-0.289250477919359,-0.954672043487757,2.63999999977296,12.271148119202,0.997621782410201,0.00105332666647919,0.200000000127054,-0.291289281722997,-0.956635016269488,2.63999999999972,12.2707963267938,0.248873290206235,0.475257234301131,0.545000000031379,0.0450449988130995,-1.90935453464395,2.5771350043357,0.010207413473688,0.0034123
10.72,-0.270098533126907,-0.960265770830038,2.64399999977561,12.2911480755805,0.997621563646938,0.00105331400630183,0.200000000138351,-0.272099600971003,-0.962269092900221,2.64399999999972,12.2907963267938,0.248873214746102,0.475257279210138,0.545000000030739,0.0450450041183032,-1.92054188776747,2.538834971244,0.0101964922277379,0.0037024
10.74,-0.250838556016586,-0.965475365977211,2.64799999977849,12.3111480342707,0.997621343847924,0.00105330539695377,0.200000000149416,-0.252801084006567,-0.967518274723877,2.64799999999972,12.3107963267938,0.248873139398451,0.475257324014584,0.545000000029999,0.0450450094101425,-1.93096097684399,2.50031886450019,0.010184640716944,0.0037961
10.76,-0.231478250315892,-0.970298745213063,2.65199999978159,12.3311479952764,0.997621123108351,0.00105330081760664,0.200000000160216,-0.233401449979165,-0.972380462137716,2.65199999999971,12.3307963267938,0.24887306419171,0.475257368695737,0.545000000029173,0.0450450146865152,-1.94060763451643,2.46160209157998,0.0101718678541538,0.0038375
10.78,-0.212025359884723,-0.974733979302768,2.6559999997849,12.3511479586006,0.997620901523168,0.00105330024589388,0.200000000170718,-0.21390845848375,-0.976853710331599,2.65599999999971,12.3507963267938,0.24887298915415,0.475257413235122,0.545000000028248,0.0450450199453334,-1.94947800238973,2.42270014022077,0.0101581828808343,0.0037957
10.8,-0.192487665617906,-0.978779294264649,2.65999999978841,12.3711479242452,0.997620679187039,0.00105330365793424,0.200000000180888,-0.194329906457015,-0.980936230065892,2.65999999999971,12.3707963267938,0.248872914313874,0.475257457614522,0.545000000027238,0.0450450251845308,-1.95756853257432,2.38362857222678,0.0101435953614688,0.0038169
10.82,-0.172872982332917,-0.982433072079831,2.66399999979213,12.3911478922112,0.997620456194316,0.00105331102835554,0.200000000190693,-0.17467362505873,-0.984626388387134,2.66399999999971,12.3907963267938,0.24887283969881,0.47525750181599,0.545000000026141,0.0450450304020634,-1.96487598910523,2.34440301724449,0.0101281151778272,0.0040928
10.84,-0.153189155644022,-0.985693851339518,2.66799999979604,12.4111478624985,0.997620232639003,0.00105332233031912,0.200000000200104,-0.154947476539371,-0.987922709281198,2.66799999999971,12.4107963267938,0.248872765336701,0.475257545821849,0.54500000002496,0.0450450355959023,-1.97139744923661,2.305039166511,0.0101117525231787,0.0038401
10.86,-0.1334440588241,-0.988560327829621,2.67199999980013,12.4311478351062,0.997620008614722,0.00105333753554433,0.200000000209089,-0.135159351095336,-0.990823874263676,2.67199999999971,12.4307963267938,0.248872691255101,0.4752575896147,0.545000000023695,0.0450450407640542,-1.97713030461078,2.26555276657769,0.0100945178963734,0.0038156
10.88,-0.113645589655397,-0.991031355052508,2.6759999998044,12.4511478100324,0.997619784214683,0.00105335661433339,0.200000000217619,-0.115317163712964,-0.993328722907258,2.6759999999997,12.4507963267938,0.248872617481362,0.475257633177438,0.54500000002236,0.0450450459045374,-1.98207226230173,2.22595961301183,0.0100764220958611,0.0038034
10.9,-0.0938016672704732,-0.993105944685671,2.67999999980883,12.4711477872742,0.997619559531651,0.00105337953559686,0.200000000225669,-0.0954288510026483,-0.995436253305882,2.6799999999997,12.4707963267938,0.248872544042626,0.475257676493249,0.545000000020948,0.0450450510153967,-1.98622134573225,2.1862755440785,0.0100574762136246,0.0034184
10.92,-0.0739202289846144,-0.994783266977121,2.68399999981342,12.4911477668278,0.997619334657917,0.00105340626687927,0.20000000023321,-0.0755023680242997,-0.997145622475491,2.6839999999997,12.4907963267938,0.248872470965821,0.475257719545623,0.545000000019462,0.0450450560947088,-1.98957589546468,2.1465164344055,0.0100376916290233,0.0035682
10.94,-0.0540092271209556,-0.996062651077356,2.68799999981815,12.5111477486885,0.997619109685262,0.00105343677438523,0.200000000240217,-0.0555456851054264,-0.998456146691207,2.6879999999997,12.5107963267938,0.248872398277645,0.475257762318362,0.545000000017918,0.0450450611405724,-1.99213456986473,2.10669818863363,0.0100170800025532,0.0036557
10.96,-0.0340766258296079,-0.996943585307764,2.69199999982302,12.5311477328507,0.997618884704932,0.00105347102300566,0.200000000246667,-0.0355667846531105,-0.999367301760817,2.6919999999997,12.5307963267938,0.248872326004565,0.475257804795576,0.545000000016306,0.045045066151104,-1.99389634563815,2.06683673505508,0.00999565326953467,0.0037032
10.98,-0.0141303979020482,-0.997425717365361,2.69599999982801,12.5511477193077,0.997618659807606,0.00105350897634435,0.200000000252537,-0.0155736579611511,-0.999878723234443,2.69599999999969,12.5507963267938,0.248872254172809,0.47525784696174,0.545000000014653,0.0450450711244723,-1.99486051824019,2.02694801924221,0.00997342363373688,0.0036213
11,0.0058214784179495,-0.997508854463781,2.69999999983312,12.571147708052,0.997618435083364,0.00105355059674635,0.200000000257812,0.00442569798634654,-0.999990206550314,2.69999999999969,12.5707963267938,0.248872182808351,0.47525788880163,0.545000000012955,0.0450450760588451,-1.99502670215741,1.98704799766957,0.00995040356091226,0.003804
11.02,0.0257710226255663,-0.997192963410447,2.70399999983832,12.5911476990754,0.997618210621666,0.00105359584532398,0.200000000262476,0.0244232837136579,-0.999701707116589,2.70399999999969,12.5907963267938,0.248872111936891,0.47525793030032,0.545000000011218,0.0450450809524312,-1.994394831062,1.94715263133141,0.00992660577227954,0.0038454
11.04,0.0457102551470975,-0.996478170619923,2.70799999984361,12.6111476923685,0.997617986511313,0.00105364468198299,0.200000000266515,0.044411100453123,-0.999013340329195,2.70799999999969,12.6107963267938,0.24887204158387,0.47525797144327,0.545000000009443,0.045045085803476,-1.99296515783834,1.90727787935748,0.00990204323793115,0.0039225
11.06,0.0656312005317414,-0.995364762063403,2.71199999984897,12.6311476879213,0.997617762840427,0.00105369706545192,0.200000000269914,0.0643811533445466,-0.99792538152567,2.71199999999969,12.6307963267938,0.248871971774451,0.475258012216281,0.545000000007648,0.0450450906102447,-1.99073825448197,1.86743969262956,0.0098767291701774,0.003843
11.08,0.0855258906417418,-0.993853183154386,2.7159999998544,12.6511476857226,0.99761753969642,0.00105375295330972,0.200000000272668,0.0843254546330361,-0.99643826587503,2.71599999999969,12.6507963267938,0.24887190253351,0.475258052605519,0.545000000005836,0.045045095371046,-1.9877150118708,1.82765400740123,0.00985067701684112,0.0034619
11.1,0.105386367839607,-0.991944038570578,2.71999999985987,12.6711476857606,0.997617317165969,0.00105381230201426,0.200000000274768,0.104236026863997,-0.994552588203705,2.71999999999968,12.6707963267938,0.248871833885628,0.475258092597492,0.545000000004029,0.0450451000842105,-1.98389663940888,1.78793673892356,0.00982390045448867,0.0034022
11.12,0.125204688171131,-0.989638092012075,2.72399999986538,12.6911476880226,0.997617095334989,0.00105387506692975,0.200000000276219,0.124104906074006,-0.992269102757623,2.72399999999968,12.6907963267938,0.248871765855489,0.47525813218031,0.545000000002492,0.0450451047482377,-1.97928466454268,1.74830377507913,0.00979641338144393,0.0037017
11.14,0.144972924542942,-0.986936265895945,2.72799999987092,12.7111476924951,0.99761687428862,0.00105394120240415,0.200000000277116,0.143924144976296,-0.989588722900516,2.72799999999968,12.7107963267938,0.24887169846661,0.475258171339769,0.54500000000087,0.0450451093612878,-1.97388093215022,1.70877097002707,0.00976822991141748,0.0034229
11.16,0.164683169893313,-0.98383964098732,2.73199999987646,12.7311476991636,0.997616654111175,0.00105401066168759,0.200000000277429,0.163685816139558,-0.986512520748589,2.73199999999968,12.7307963267938,0.248871631742607,0.475258210063365,0.544999999999195,0.0450451139218705,-1.96768760380317,1.66935413786154,0.00973936436609672,0.0033552
11.18,0.184327540354954,-0.980349455967148,2.73599999988201,12.751147708013,0.997616434886124,0.0010540833970208,0.200000000277139,0.183382015158813,-0.983041726741688,2.73599999999968,12.7507963267938,0.248871565707498,0.475258248340467,0.544999999997585,0.045045118428634,-1.96070715690232,1.63006904628621,0.0097098312680102,0.0033979
11.2,0.203898178408538,-0.976467106936775,2.73999999988754,12.7711477190273,0.997616216696102,0.00105415935972024,0.20000000027627,0.203004863817065,-0.979177729151138,2.73999999999968,12.7707963267938,0.24887150038445,0.475258286159577,0.544999999996057,0.0450451228799988,-1.95294238368666,1.59093141030736,0.00967964533402432,0.0037577
11.22,0.223387256025678,-0.97219414685956,2.74399999989305,12.7911477321896,0.997615999622865,0.00105423850015255,0.20000000027485,0.222546513236485,-0.974922073524456,2.74399999999967,12.7907963267938,0.248871435794815,0.475258323506562,0.544999999994439,0.0450451272741755,-1.94439639011662,1.55195688594801,0.00964882146884381,0.0036626
11.24,0.242786977800118,-0.967532284939743,2.74799999989853,12.8111477474824,0.997615783747209,0.00105432076764659,0.200000000272848,0.241999147017857,-0.970276462067152,2.74799999999967,12.8107963267938,0.248871371960858,0.475258360370296,0.544999999992789,0.0450451316099443,-1.93507259463173,1.51316106398564,0.00961737475666838,0.0037292
11.26,0.262089584065876,-0.962483385938817,2.75199999990396,12.8311477648874,0.997615569148989,0.00105440611063544,0.200000000270253,0.261354984367034,-0.965242752961868,2.75199999999967,12.8307963267938,0.248871308904473,0.47525839673988,0.544999999991148,0.0450451358859422,-1.92497472678332,1.47455946371605,0.00958532045463246,0.0036965
11.28,0.281287354001084,-0.957049469429677,2.75599999990933,12.8511477843856,0.997615355907106,0.00105449447667333,0.200000000267066,0.280606283207151,-0.959822959625131,2.75599999999967,12.8507963267938,0.248871246647168,0.475258432604592,0.544999999989534,0.0450451401008094,-1.91410682574283,1.43616752674576,0.00955267398565751,0.0040058
11.3,0.300372608716302,-0.951232708988836,2.75999999991464,12.8711478059569,0.997615144099476,0.00105458581245539,0.200000000263298,0.299745343275352,-0.954019249902013,2.75999999999967,12.8707963267938,0.248871185210055,0.475258467953857,0.544999999987954,0.0450451442532084,-1.90247323868617,1.3980006108155,0.00951945093129487,0.0038245
11.32,0.319337714326054,-0.945035431327049,2.76399999991986,12.891147829581,0.997614933803011,0.00105468006383722,0.200000000258962,0.318764509202794,-0.947833945199021,2.76399999999966,12.8907963267938,0.248871124613462,0.475258502776546,0.544999999986379,0.0450451483417769,-1.89007861905496,1.36007398365725,0.00948566702472516,0.0038879
11.34,0.338175085002365,-0.93846011535867,2.76799999992499,12.9111478552365,0.997614725093579,0.00105477717582697,0.200000000254058,0.337656173576692,-0.941269519555566,2.76799999999966,12.9107963267938,0.24887106487699,0.475258537061067,0.544999999984735,0.0450451523651901,-1.87692792469525,1.3224028168873,0.00945133814355716,0.0036915
11.36,0.356877186009077,-0.931509391210136,2.77199999993002,12.9311478829016,0.997614518045972,0.00105487709258282,0.200000000248563,0.35641277998318,-0.934328598654382,2.77199999999966,12.9307963267938,0.248871006021715,0.475258570799243,0.544999999983124,0.0450451563224441,-1.86302641587442,1.2850021799377,0.00941648030132966,0.0043998
11.38,0.375436536715726,-0.92418603916796,2.77599999993493,12.9511479125534,0.997614312733956,0.00105497975756596,0.200000000242487,0.375026826029782,-0.927013958771285,2.77599999999966,12.9507963267938,0.248870778059657,0.475257996179492,0.544999893028511,0.0450451069233633,-1.84837965317723,1.24788703402865,0.00938113418670185,0.0035465
11.4,0.393845713624313,-0.916492988827855,2.77999999955468,12.9711479430242,0.99761410221694,0.00105506089565309,0.199999961732751,0.393490866346264,-0.9193285256647,2.77999999999966,12.9707963267938,0.248870770379701,0.475258188046123,0.544999952866612,0.0450451606805728,-1.83299349528117,1.21107222618063,0.00934525665112891,0.0036008
11.42,0.412097353302728,-0.908433317588991,2.78399999861965,12.9911479743644,0.997613895214967,0.00105515270686254,0.199999944764731,0.411797515562681,-0.9112753734054,2.78399999999966,12.9907963267938,0.248870756122654,0.475258359101408,0.544999992507029,0.0450451727211787,-1.81687409661169,1.17457248326625,0.00930889987901059,0.0033096
11.44,0.4301841552898,-0.900010249173861,2.78799999748797,13.0111480078667,0.997613691618732,0.00105525288346485,0.199999942067262,0.429939451263433,-0.902857723146913,2.78799999999965,13.0107963267938,0.248870735589982,0.475258508445981,0.545000017053601,0.0450451775849914,-1.80002790488214,1.1384024061338,0.00927208048544912,0.0038548
11.46,0.448098885054153,-0.891227152680721,2.79199999639071,13.0311480436799,0.997613491298779,0.00105536023631922,0.199999948206558,0.447909416916129,-0.89407894183711,2.79199999999965,13.0307963267938,0.248870707862699,0.475258633201048,0.545000030294915,0.0450451809120343,-1.7824616585154,1.10257646377072,0.00923481609751422,0.0034184
11.48,0.465834376889512,-0.882087541237337,2.7959999954639,13.0511480817566,0.99761329406781,0.00105547366332792,0.199999959112728,0.465700224774104,-0.884942540871466,2.79599999999965,13.0507963267938,0.248870673199453,0.475258732172612,0.545000034905747,0.0450451836418076,-1.76418238394873,1.06710898751539,0.00919712354403886,0.0035356
11.5,0.483383536782735,-0.872595070597143,2.79999999477182,13.0711481220091,0.99761309972881,0.00105559206501012,0.199999971678796,0.483304758751424,-0.87545217468855,2.79999999999965,13.0707963267938,0.248870633347212,0.475258808070576,0.545000033558542,0.0450451861211049,-1.74519739282326,1.03201416532376,0.00915901888645566,0.0037875
11.52,0.500739345253088,-0.862753537675685,2.8039999943262,13.0911481643403,0.997612908135741,0.00105571447680264,0.199999983759872,0.500715977269219,-0.865611639308298,2.80399999999965,13.0907963267938,0.248870591547671,0.475258870152063,0.545000029971747,0.0450451889258933,-1.72551427905945,0.99730603609343,0.00912051767146873,0.003481
11.54,0.51789486016045,-0.852566879026168,2.8079999941093,13.1111482086642,0.99761271925775,0.0010558403198736,0.199999994549701,0.517926916072231,-0.855424870813657,2.80799999999965,13.1107963267938,0.248870548043579,0.475258919342209,0.545000024879698,0.0450451915960575,-1.70514091581947,0.96299848404744,0.00908163677190017,0.0033474
11.56,0.534843219482054,-0.842039169260157,2.81199999408986,13.1311482549067,0.997612533062729,0.00105596904736215,0.200000003506392,0.534930691014414,-0.844895943776203,2.81199999999964,13.1307963267938,0.248870503230177,0.475258957538224,0.545000019021644,0.045045194121814,-1.68408545235792,0.929105233180191,0.00904239311754061,0.0031334
11.58,0.551577644057478,-0.831174619416359,2.81599999422847,13.1511483029951,0.997612349524569,0.00105610019557521,0.200000010354184,0.551720500812505,-0.834029069626368,2.81599999999964,13.1507963267938,0.248870457022427,0.475258985659812,0.545000012806094,0.0450451963853445,-1.66235631076222,0.89563984176755,0.0090028040284936,0.0033797
11.6,0.568091440300295,-0.819977575274921,2.81999999448165,13.1711483528546,0.997612168605241,0.00105623334531896,0.200000014964378,0.568289629766446,-0.822828594968921,2.81999999999964,13.1707963267938,0.248870410684173,0.475259009307863,0.545000007518257,0.0450451989531801,-1.63996218258365,0.862615696943297,0.00896288666319448,0.0033023
11.62,0.584378002874786,-0.808452515616406,2.82399999480801,13.191148404419,0.997611990311398,0.00105636830720946,0.20000001767095,0.584631450445574,-0.811298999844389,2.82399999999964,13.1907963267938,0.248870365338829,0.475259032288817,0.545000003700767,0.0450452018678731,-1.61691202536084,0.830046009344101,0.00892265780120463,0.0056731
11.64,0.600430817336852,-0.796604050426401,2.82799999517475,13.211148457642,0.997611814691994,0.0010565050320937,0.200000019003226,0.600739426339505,-0.799444895937094,2.82799999999964,13.2107963267938,0.248870321001691,0.475259054609221,0.545000000994669,0.0450452047715653,-1.59321505903672,0.797943807825235,0.0088821346065756,0.0055485
11.66,0.616243462739283,-0.784436919049955,2.83199999555839,13.2311485124886,0.997611641794993,0.00105664345922755,0.200000019361307,0.616607114472653,-0.787271024730548,2.83199999999963,13.2307963267938,0.248870277687392,0.475259076270463,0.544999999123447,0.045045207603902,-1.56888076227072,0.766321934249129,0.00884133427163329,0.0063061
11.68,0.63180961420012,-0.771955988295862,2.83599999594246,13.2511485689255,0.997611471667233,0.00105678352591492,0.200000019045748,0.63222816798133,-0.774782255610916,2.83599999999963,13.2507963267938,0.248870235410243,0.475259097273071,0.544999997874726,0.045045210354473,-1.54391886864729,0.73519303834873,0.00880027400985959,0.0035683
11.7,0.647123045432597,-0.75916625048996,2.83999999631573,13.2711486269193,0.997611304354405,0.00105692516912402,0.200000018280649,0.647596338652412,-0.761983583919332,2.83999999999963,13.2707963267938,0.248870193946861,0.475259116833041,0.544999996938516,0.045045212932562,-1.51833936278268,0.704569572667719,0.00875897113065956,0.0034043
11.72,0.662177631235784,-0.74607282147853,2.84399999667032,13.2911486864342,0.99761113989128,0.00105706829493763,0.200000017178515,0.662705479422534,-0.748880128953825,2.84399999999963,13.2907963267938,0.248870151000553,0.475259126326068,0.544999994582611,0.0450452144640861,-1.49215247633109,0.674463787579599,0.00871744325614107,0.0031787
11.74,0.676967349946543,-0.73268093858558,2.84799999699439,13.3111487474121,0.997610978215554,0.00105721247222634,0.200000015228255,0.677549546836842,-0.735477131921673,2.84799999999963,13.3107963267938,0.248870107076702,0.475259125674647,0.544999991280222,0.045045215733682,-1.46536868389214,0.644887726387585,0.00867570694809915,0.0032658
11.76,0.691486285850322,-0.718995958520946,2.85199999726756,13.3311488097728,0.997610819277346,0.0010573572928262,0.200000012089135,0.692122603466289,-0.721779953842982,2.85199999999963,13.3307963267938,0.248870061780854,0.475259112747691,0.544999987103386,0.0450452166500238,-1.43799869882094,0.61585322050715,0.00863377937493322,0.0033794
11.78,0.705728631548496,-0.705023355237962,2.85599999746292,13.3511488734307,0.997610663002642,0.00105750226928009,0.200000007446354,0.706418820282528,-0.707794073406359,2.85599999999962,13.3507963267938,0.248870014937861,0.4752590868396,0.544999982409512,0.045045217278334,-1.4100534689427,0.587371884733289,0.00859167767376984,0.0030122
11.8,0.719688690282411,-0.690768717744532,2.85999999754852,13.3711489382949,0.99761050930131,0.0010576468954815,0.200000001113778,0.720432478989445,-0.693525084777501,2.85999999999962,13.3707963267938,0.248869963033301,0.475259038252507,0.544999975346963,0.0450452169030204,-1.38154417217344,0.559455112594394,0.00854942014712388,0.0031195
11.82,0.733360878214681,-0.676237747871185,2.86399999748204,13.3911490042557,0.997610357930302,0.00105779028576853,0.199999992238685,0.734157974310404,-0.67897869536161,2.86399999999962,13.3907963267938,0.248869903831677,0.475258964013262,0.544999966433826,0.0450452157741138,-1.35248221204864,0.532114071794586,0.00850702456814762,0.0031755
11.84,0.746739726665711,-0.66143625799504,2.86799999720598,13.4111490711766,0.997610208541533,0.00105793146945747,0.199999980154862,0.747589816230282,-0.664160723520503,2.86799999999962,13.4107963267938,0.248869838075592,0.475258868447623,0.544999957062088,0.0450452142887005,-1.3228792131615,0.505359699746163,0.00846450717579688,0.003091
11.86,0.75981988430129,-0.646370168714115,2.8719999966545,13.4311491389109,0.997610060802695,0.00105806968159402,0.199999964697214,0.760722632191398,-0.649077096245346,2.87199999999962,13.4307963267938,0.248869766708297,0.475258755468685,0.544999947845543,0.0450452124054609,-1.29274701651269,0.479202699194087,0.00842188403480994,0.0033258
11.88,0.77259611927187,-0.631045506475557,2.87599999576069,13.4511492073099,0.997609914408876,0.00105820433534155,0.199999945921609,0.773551169242471,-0.633733846785936,2.87599999999961,13.4507963267938,0.248869898444608,0.475259354045366,0.545000067055127,0.0450452739785035,-1.26209767477363,0.453653533934439,0.00837914893896718,0.0034206
11.9,0.785063321119731,-0.615468400906499,2.87999999492052,13.4711492775937,0.99760977764971,0.0010583639023989,0.199999970061455,0.786070296139725,-0.618137112237484,2.87999999999961,13.4707963267938,0.248869869189286,0.475259365858922,0.545000048041156,0.0450452422444293,-1.23094344746752,0.428722424632002,0.00833636328069518,0.0034849
11.92,0.797216502963799,-0.599645082568466,2.88399999449469,13.4911493501804,0.99760964425848,0.00105852309561511,0.199999987356271,0.79827500539932,-0.602293131085855,2.88399999999961,13.4907963267938,0.248869840978663,0.475259376485844,0.545000033705471,0.0450452383300262,-1.19929679607326,0.404419344742612,0.00829352348813851,0.0036935
11.94,0.80905080367653,-0.583581880713598,2.88799999436316,13.5111494241077,0.997609514245406,0.00105868275662984,0.199999999490241,0.81016041530028,-0.586208240712259,2.88799999999961,13.5107963267938,0.24886981385736,0.475259386344531,0.545000022969094,0.0450452390337248,-1.16717037903552,0.380754016516064,0.00825064641444181,0.0038964
11.96,0.820561489680271,-0.56728522054517,2.89199999443565,13.5311494991816,0.997609387630597,0.00105884297447267,0.200000007759115,0.821721771837115,-0.569888874858384,2.89199999999961,13.5307963267938,0.248869787840858,0.475259395506574,0.545000014993651,0.0450452404240687,-1.13457704669946,0.357735907104544,0.00820774883854523,0.0035525
11.98,0.831743956840591,-0.550761620647335,2.89599999464481,13.5511495753377,0.997609264434915,0.00105900371186855,0.200000013156829,0.832954450621358,-0.553341561052983,2.89599999999961,13.5507963267938,0.248869762938527,0.475259403987189,0.545000009128368,0.0450452418518962,-1.1015298361707,0.335374224775856,0.00816484745969427,0.0034536
12,0.8425937323079,-0.534017690377679,2.89999999494081,13.5711496525324,0.99760914467841,0.00105916491100229,0.200000016443041,0.843853958731264,-0.536572918000949,2.8999999999996,13.5707963267938,0.248869739158818,0.475259411792211,0.545000004869192,0.0450452432101067,-1.0680419661006,0.313677915230219,0.00812195889019819,0.0041042
12.02,0.853106476306555,-0.517060127223485,2.9039999952872,13.5911497307257,0.997609028380086,0.00105932651098381,0.200000018195951,0.854415936508914,-0.519589652935925,2.9039999999996,13.5907963267938,0.248869716509792,0.475259418925425,0.545000001826476,0.0450452444811145,-1.0341268313989,0.292655658022083,0.00807909964915458,0.0037918
12.04,0.863277983870747,-0.499895714122755,2.90799999565769,13.6111498098782,0.99760891555786,0.00105948845071441,0.200000018853482,0.86463615930402,-0.502398558937496,2.9079999999996,13.6107963267938,0.24886969500188,0.475259425395779,0.544999999700174,0.0450452456628116,-0.999797997875869,0.272315863088403,0.00803628615554609,0.003988
12.06,0.873104186526449,-0.482531316751047,2.91199999603368,13.6311498899503,0.997608806228678,0.00105965066957863,0.200000018745545,0.874510539163733,-0.485006512214051,2.9119999999996,13.6307963267938,0.248869674640786,0.475259431202865,0.544999998258961,0.0450452467541331,-0.965069196816079,0.252666667384763,0.00799353472417731,0.0035834
12.08,0.882581153918779,-0.464973880775219,2.91599999640233,13.6511499709025,0.997608700408338,0.00105981310713927,0.20000001811877,0.884035126467765,-0.467420469352386,2.9159999999996,13.6507963267938,0.248869655433672,0.475259436350018,0.544999997325932,0.0450452477554658,-0.929954319486021,0.233715931630693,0.00795086155773822,0.0035375
12.1,0.891705095384103,-0.447230429075183,2.91999999675507,13.6711500526952,0.997608598111568,0.0010599757033246,0.200000017156106,0.893206111508188,-0.449647464535171,2.9199999999996,13.6707963267938,0.24886963738739,0.475259440840431,0.544999996765825,0.0450452486671143,-0.8944674115777,0.215471237165473,0.0079082827414083,0.0044273
12.12,0.900472361466273,-0.429308058934769,2.92399999708655,13.6911501352889,0.997608499352029,0.00106013839842175,0.200000015991803,0.902019826013263,-0.43169460672736,2.92399999999959,13.6907963267938,0.248869620508024,0.475259444676017,0.544999996475521,0.0450452494892398,-0.85862266759048,0.197939882915693,0.0078658142370643,0.0034943
12.14,0.908879445376372,-0.411213939202828,2.9279999973937,13.7111502186439,0.997608404142303,0.00106030113302912,0.20000001472299,0.910472744614703,-0.41356907683271,2.92799999999959,13.7107963267938,0.248869604801611,0.475259447859894,0.544999996377244,0.0450452502222776,-0.822434425153395,0.181128882475779,0.00782347187731003,0.0040279
12.16,0.916922984395393,-0.392955307425713,2.93199999767512,13.7311503027206,0.997608312493909,0.00106046384811149,0.200000013418798,0.918561486257772,-0.395278124821508,2.93199999999959,13.7307963267938,0.248869590273788,0.475259450395452,0.54499999641252,0.0450452508666209,-0.785917159290218,0.16504496130265,0.00778127135985434,0.004139
12.18,0.924599761219285,-0.374539466952281,2.93599999793058,13.7511503874793,0.997608224417306,0.00106062648501197,0.200000012127305,0.926282815553661,-0.376829066830681,2.93599999999959,13.7507963267938,0.248869576929713,0.475259452286212,0.544999996537673,0.045045251422681,-0.74908547662957,0.149694554025623,0.00773922824188365,0.0043657
12.2,0.931906705245844,-0.355973784012568,2.93999999816066,13.7711504728805,0.997608139921888,0.00106078898546012,0.200000010880868,0.9336336440736,-0.358229282237443,2.93999999999959,13.7707963267938,0.248869564774081,0.47525945353595,0.544999996720387,0.045045251890893,-0.71195410956239,0.135083801872658,0.00769735793451719,0.004123
12.22,0.938840893802902,-0.337265684771324,2.94399999836647,13.7911505588847,0.997608059015989,0.00106095129158583,0.200000009700207,0.940611031584193,-0.339486210707636,2.94399999999958,13.7907963267938,0.248869553811103,0.475259454148738,0.544999996937023,0.0450452522717242,-0.6745379103491,0.121218550213957,0.00765567569734739,0.0042454
12.24,0.945399553317364,-0.318422652357568,2.94799999854945,13.8111506454524,0.997607981706878,0.00106111334593514,0.200000008597535,0.947212187223465,-0.320607349219969,2.94799999999958,13.8107963267938,0.248869544044476,0.475259454128933,0.544999997170513,0.045045252565678,-0.636851845178823,0.108104346223908,0.0076141966330787,0.0039577
12.26,0.951580060424583,-0.299452223871356,2.95199999871121,13.8311507325442,0.997607908000764,0.00106127509148521,0.20000000757892,0.953434470617175,-0.301600249067321,2.95199999999958,13.8307963267938,0.248869535477364,0.475259453481143,0.544999997408779,0.0450452527732708,-0.598910988183037,0.0957464366623003,0.00757293568225389,0.003698
12.28,0.95737994301767,-0.280361987368969,2.95599999885346,13.8511508201207,0.997607837902785,0.00106143647165839,0.20000000664608,0.959275392934928,-0.282472512836329,2.95599999999958,13.8507963267938,0.24886952811237,0.475259452210229,0.544999997643455,0.0450452528950552,-0.560730515406048,0.084149765775715,0.00753190761807415,0.0034794
12.3,0.962796881236284,-0.261159578827716,2.9599999989779,13.8711509081429,0.997607771417014,0.00106159743033656,0.200000005797724,0.964732617885674,-0.263231791366452,2.95999999999958,13.8707963267938,0.248869521951529,0.475259450321266,0.544999997868981,0.0450452529315988,-0.522325698734699,0.0733189733199102,0.00749112704131545,0.003436
12.32,0.967828708394533,-0.241852679091571,2.96399999908618,13.8911509965715,0.99760770854645,0.00106175791187391,0.200000005030557,0.969803962652197,-0.243885780689739,2.96399999999958,13.8907963267938,0.248869516996274,0.475259447819531,0.544999998081831,0.0450452528834975,-0.48371189978975,0.0632583927040066,0.00745060837533917,0.0035837
12.34,0.972473411847594,-0.222449010798861,2.96799999917989,13.9111510853676,0.997607649293017,0.00106191786110972,0.200000004340016,0.974487398764205,-0.224442218952517,2.96799999999957,13.9107963267938,0.248869513247435,0.475259444710467,0.544999998279983,0.0450452527513734,-0.444904563781364,0.0539720492572093,0.00741036586120112,0.0037962
12.36,0.976729133796727,-0.202956335293248,2.9719999992605,13.9311511744925,0.997607593657562,0.00106207722337978,0.20000000372081,0.9787810529097,-0.204908883320237,2.97199999999957,13.9307963267938,0.248869510705211,0.475259440999665,0.544999998462514,0.045045252535871,-0.405919213331151,0.0454636586187604,0.00737041355286114,0.0038287
12.38,0.980594172032339,-0.183382449519219,2.97599999932938,13.9511512639075,0.997607541639847,0.00106223594452709,0.200000003167315,0.98268320768427,-0.185293586866711,2.97599999999957,13.9507963267938,0.248869509369167,0.475259436692822,0.544999998629225,0.0450452522376493,-0.366771442263264,0.0377366252517662,0.00733076531249259,0.0037786
12.4,0.984066980614818,-0.163735182903343,2.97999999938779,13.971151353574,0.997607493238548,0.0010623939709114,0.200000002673836,0.986192302278034,-0.165604175448986,2.97999999999957,13.9707963267938,0.248869509238215,0.475259431795739,0.544999998780464,0.0450452518574045,-0.327476909367005,0.0307940410814935,0.00729143480589486,0.004215
12.42,0.987146170492857,-0.144022394222542,2.98399999943688,13.9911514434538,0.997607448451248,0.00106255124941871,0.200000002234803,0.989306933099943,-0.145848524569107,2.98399999999957,13.9907963267938,0.24886951031061,0.475259426314266,0.544999998916903,0.0450452513958366,-0.288051332133451,0.0246386842586798,0.00725243549800822,0.0035591
12.44,0.98983051005902,-0.124251968460614,2.98799999947768,14.0111515335087,0.997607407274433,0.00106270772746895,0.200000001844888,0.992025854339194,-0.126034536224022,2.98799999999957,14.0107963267938,0.248869512583937,0.475259420254316,0.544999999039453,0.0450452508536824,-0.2485104804686,0.019273018048352,0.0072137806485339,0.0034991
12.46,0.992118925642332,-0.104431813654284,2.99199999951112,14.0311516237009,0.997607369703488,0.00106286335302439,0.200000001499091,0.994347978463544,-0.106170135744885,2.99199999999956,14.0307963267938,0.24886951605511,0.475259413621821,0.544999999149108,0.0450452502316916,-0.208870170385557,0.014699189844597,0.00717548330766098,0.0035165
12.48,0.994010501937692,-0.0845698577300307,2.99599999953803,14.0511517139927,0.99760733573269,0.00106301807459639,0.20000000119277,0.996272376654305,-0.0862632686270328,2.99599999999956,14.0507963267938,0.248869520720362,0.475259406422736,0.544999999246944,0.0450452495306405,-0.169146257678272,0.0109190303116797,0.00713755631189803,0.0040906
12.5,0.995504482371944,-0.0646740453329611,2.99999999955918,14.0711518043467,0.997607305355204,0.00106317184125276,0.20000000092167,0.997798279177859,-0.0663218973518913,2.99999999999956,14.0707963267938,0.248869526575242,0.475259398663014,0.544999999334022,0.045045248751324,-0.129354631579376,0.00793405265185109,0.00710001228001812,0.003501
12.52,0.996600269406448,-0.0447523346490026,3.00399999957521,14.0911518947255,0.997607278563081,0.00106332460262412,0.200000000681918,0.998925075693541,-0.0463539982020891,3.00399999999956,14.0907963267938,0.248869533614624,0.475259390348605,0.544999999411395,0.0450452478945516,-0.0895112084046394,0.00574545200013882,0.0070628636091067,0.0036673
12.54,0.997297424776041,-0.0248126942216771,3.00799999958673,14.1111519850923,0.997607255347246,0.00106347630891059,0.20000000047002,0.999652315497769,-0.0263675580710509,3.00799999999956,14.1107963267938,0.248869541832706,0.475259381485517,0.544999999480036,0.0450452469611701,-0.049631925186597,0.00435410494636321,0.00702612247072685,0.0035868
12.56,0.997595669664293,-0.0048630997647374,3.01199999959426,14.1311520754104,0.997607235697502,0.00106362691089125,0.200000000282833,0.999979707704317,-0.00637057126834693,3.01199999999956,14.1307963267938,0.248869551223033,0.475259372079901,0.54499999954091,0.0450452459520467,-0.00973273329989455,0.00376056918456897,0.00698980080718993,0.0039922
12.58,0.997494884814973,0.0150884690280638,3.01599999959826,14.1511521656432,0.997607219602523,0.00106377635993671,0.20000000011756,0.999907121360668,0.0136289636779247,3.01599999999955,14.1507963267938,0.248869561778383,0.475259362137364,0.544999999594815,0.0450452448680179,0.0301704079191038,0.00396508329001315,0.0069539103279495,0.0042353
12.6,0.996995110579701,0.0350340316747935,3.01999999959916,14.1711522557548,0.997607207049843,0.00106392460799444,0.199999999971694,0.999434585500392,0.0336230472204425,3.01999999999955,14.1707963267938,0.248869573490913,0.475259351663797,0.544999999642536,0.0450452437100006,0.0700615375558894,0.0049675666237984,0.00691846250609001,0.0039168
12.62,0.996096546901752,0.0549656100974707,3.0239999995973,14.1911523457092,0.997607198025862,0.00106407160760872,0.199999999843007,0.998562289131532,0.0536036819923736,3.02399999999955,14.1907963267938,0.248869586328178,0.475259340603072,0.544999999679034,0.0450452424744889,0.109924699502012,0.00676761936518949,0.00688346857516451,0.0041991
12.64,0.994799553236055,0.0748752318132278,3.02799999959301,14.2111524354708,0.997607192514859,0.00106421730943769,0.199999999727459,0.997290581161006,0.073562876006214,3.02799999999955,14.2107963267938,0.248869600277025,0.475259328951137,0.544999999706004,0.0450452411646452,0.149743948837358,0.00936452267159995,0.00684893952496464,0.0041449
12.66,0.993104648405384,0.0947549331232307,3.0319999995865,14.2311525250041,0.997607190499768,0.00106436166450589,0.199999999621621,0.995619970255045,0.0934926458504775,3.03199999999955,14.2307963267938,0.248869615357186,0.475259316790268,0.544999999732626,0.0450452397878114,0.189503358207954,0.0127572389661846,0.00681488609869826,0.0036825
12.68,0.991012510392755,0.114596762298102,3.03599999957797,14.2511526142741,0.997607191963541,0.00106450462762137,0.199999999525366,0.993551124635738,0.113385019882953,3.03599999999954,14.2507963267938,0.248869631558468,0.475259304126653,0.544999999758368,0.0450452383414976,0.22918702419674,0.0169444123529233,0.00678131879112351,0.0037358
12.7,0.988523976070143,0.134392782758553,3.0399999995676,14.2711527032462,0.997607196888002,0.00106464615411242,0.199999999438378,0.991084871813749,0.133232041419255,3.03999999999954,14.2707963267938,0.248869648870022,0.475259290966392,0.544999999782899,0.0450452368261145,0.268779073684768,0.0219243691590295,0.0067482478448774,0.0039431
12.72,0.985640040863688,0.154135076249943,3.04399999955559,14.2911527918862,0.997607205253841,0.00106478619992768,0.199999999360222,0.988222198257322,0.153025771915394,3.04399999999954,14.2907963267938,0.248869667280361,0.475259277315568,0.544999999806012,0.0450452352425779,0.308263670200271,0.0276951186044679,0.00671568324767317,0.0037431
12.74,0.98236185835547,0.173815746009507,3.0479999995421,14.3111528801601,0.997607217040612,0.00106492472165962,0.199999999290386,0.984964248997713,0.172758294143083,3.04799999999954,14.3107963267938,0.248869686777369,0.475259263180251,0.544999999827594,0.0450452335918972,0.347625020253081,0.0342543535983111,0.00668363472962023,0.0037314
12.76,0.978690739822032,0.19342691992498,3.05199999952728,14.3311529680344,0.997607232226734,0.0010650616765551,0.19999999922832,0.981312327171186,0.192421715356528,3.05199999999954,14.3307963267938,0.248869707348317,0.475259248566529,0.544999999847622,0.0450452318751203,0.386847379651847,0.0415994516616182,0.00665211176065486,0.0037865
12.78,0.974628153709822,0.212960753683366,3.0559999995113,14.351153055476,0.997607250789491,0.00106519702252497,0.199999999173464,0.97726789349778,0.212008170449419,3.05599999999954,14.3507963267938,0.248869728979874,0.475259233480514,0.544999999866123,0.0450452300933197,0.425915059801529,0.0497274759764647,0.00662112354810031,0.0038428
12.8,0.970175725047767,0.232409433908579,3.05999999949429,14.3711531424522,0.997607272705031,0.00106533071815338,0.199999999125268,0.972832565697039,0.231509825100869,3.05999999999953,14.3707963267938,0.248869751658126,0.475259217928341,0.544999999883133,0.0450452282475639,0.46481243397866,0.0586351765607058,0.00659067903434032,0.0039263
12.82,0.965335234797216,0.251765181286709,3.06399999947637,14.3911532289305,0.997607297948368,0.00106546272270728,0.199999999083196,0.968008117840947,0.250918878909034,3.06399999999953,14.3907963267938,0.248869775368592,0.475259201916191,0.544999999898735,0.0450452263389557,0.503523943581846,0.0683189915680009,0.00656078689461837,0.0036872
12.84,0.960108619139519,0.271020253677662,3.06799999945767,14.4111533148791,0.997607326493387,0.00106559299614709,0.19999999904674,0.962796479644322,0.270227568511177,3.06799999999953,14.4107963267938,0.248869800096236,0.475259185450308,0.544999999913017,0.0450452243686078,0.542034104355028,0.0787750487125813,0.00653145553494896,0.00357
12.86,0.954497968701507,0.290166949211924,3.07199999943829,14.4311534002663,0.997607358312842,0.00106572149913772,0.199999999015427,0.957199735692954,0.289428170688902,3.07199999999953,14.4307963267938,0.248869825825486,0.475259168537005,0.544999999926066,0.0450452223376519,0.580327512580994,0.0899991668181898,0.00650269309016264,0.0038422
12.88,0.948505527719209,0.309197609371219,3.07599999941834,14.451153485061,0.997607393378368,0.00106584819305988,0.19999999898881,0.951220124609801,0.308513005457342,3.07599999999953,14.4507963267938,0.248869852540254,0.475259151182674,0.544999999937987,0.0450452202472318,0.618388851242681,0.101986857490573,0.00647450742205975,0.0035858
12.9,0.942133693140112,0.328104622051823,3.07999999939789,14.4711535692325,0.997607431660475,0.00106597304002182,0.199999998966485,0.94486003815957,0.327474439137052,3.07999999999953,14.4707963267938,0.248869880223948,0.475259133393808,0.544999999948851,0.045045218098511,0.656202896149789,0.114733326912855,0.00644690611769141,0.0036501
12.92,0.935385013664354,0.346880424609311,3.08399999937703,14.4911536527506,0.997607473128564,0.00106609600287189,0.199999998948072,0.938122020292041,0.346304887407374,3.08399999999952,14.4907963267938,0.248869908859499,0.475259115176996,0.544999999958759,0.0450452158926642,0.69375452202827,0.128233477763083,0.00641989648776699,0.003538
12.94,0.92826218872521,0.365517506883514,3.08799999935585,14.5111537355854,0.997607517750928,0.00106621704521077,0.199999998933225,0.931008766124522,0.36499681834007,3.08799999999952,14.5107963267938,0.248869938429368,0.47525909653894,0.544999999967801,0.045045213630882,0.731028708570242,0.14248191125316,0.00639348556517111,0.0040903
12.96,0.920768067409285,0.384008414202485,3.09199999933439,14.5311538177076,0.997607565494762,0.00106633613140451,0.199999998921634,0.923523120863837,0.38354275541199,3.09199999999952,14.5307963267938,0.248869968915581,0.475259077486471,0.544999999976053,0.0450452113143658,0.768010546441919,0.157472929288373,0.0063676801036111,0.003739
12.98,0.912905647316849,0.402345750364267,3.09599999931274,14.5511538990881,0.997607616326172,0.00106645322659775,0.199999998913013,0.915668078668284,0.401935280495581,3.09599999999952,14.5507963267938,0.248870000299724,0.47525905802655,0.54499999998359,0.0450452089443419,0.804685243247153,0.173200536746626,0.00634248657638899,0.0036888
13,0.904678073362777,0.420522180595267,3.09999999929094,14.5711539796986,0.997607670210179,0.00106656829672722,0.199999998907105,0.907446781450008,0.420167036826039,3.09999999999952,14.5707963267938,0.248870032562991,0.475259038166272,0.544999999990475,0.0450452065220364,0.841038129444193,0.189658443876496,0.00631791117528117,0.0041261
13.02,0.896088636518553,0.438530434484066,3.10399999926905,14.5911540595111,0.99760772711074,0.00106668130853486,0.199999998903676,0.898862517618281,0.438230731943919,3.10399999999951,14.5907963267938,0.248870065686179,0.475259017912884,0.544999999996772,0.0450452040486984,0.877054664213306,0.206840068813119,0.00629395980955407,0.0047634
13.04,0.887140772495862,0.45636330888947,3.10799999924711,14.611154138498,0.997607786990749,0.00106679222958182,0.199999998902514,0.88991872076418,0.456119140612021,3.10799999999951,14.6107963267938,0.248870099649721,0.47525899727379,0.545000000002533,0.0450452015255883,0.912720441272908,0.224738540210929,0.00627063810509168,0.0050725
13.06,0.877838060372288,0.474013670821662,3.11199999922517,14.6311542166324,0.997607849812054,0.00106690102826226,0.199999998903426,0.880618968287198,0.473825107705385,3.11199999999951,14.6307963267938,0.248870134433701,0.47525897625655,0.545000000007824,0.0450451989539775,0.948021194641876,0.243346699992185,0.00624795140364783,0.0041668
13.08,0.868184221159663,0.491474460295285,3.11599999920327,14.6511542938878,0.997607915535472,0.00106700767381692,0.199999998906242,0.870966979964331,0.491341551073251,3.11599999999951,14.6507963267938,0.248870170017877,0.475258954868879,0.545000000012675,0.0450451963351397,0.982942804345745,0.262657106210178,0.00622590476221927,0.0048632
13.1,0.858183116315649,0.508738693153326,3.11999999918144,14.6711543702381,0.9976079841208,0.00106711213634667,0.199999998910805,0.860966616462216,0.508661464371821,3.11999999999951,14.6707963267938,0.248870206381691,0.475258933118675,0.545000000017133,0.0450451936703819,1.01747130206449,0.282662036025988,0.00620450295253596,0.0047867
13.12,0.847838746199149,0.525799463860667,3.12399999915972,14.6911544456577,0.997608055526831,0.00106721438682664,0.199999998916973,0.850621877792918,0.525777919866706,3.12399999999951,14.6907963267938,0.248870243504298,0.475258911013992,0.545000000021236,0.0450451909610032,1.05159287671967,0.303353488797595,0.0061837504606749,0.0040732
13.14,0.837155248470148,0.54264994826618,3.12799999913813,14.7111545201219,0.997608129711369,0.00106731439711917,0.199999998924618,0.839936901713976,0.542684071203922,3.1279999999995,14.7107963267938,0.248870281364585,0.475258888563069,0.545000000025019,0.0450451882083224,1.08529387999863,0.324723189280098,0.00616365148678778,0.0037758
13.16,0.826136896434648,0.559283406332276,3.13199999911672,14.7311545936059,0.99760820663125,0.00106741213998758,0.199999998933625,0.828915962073358,0.559373156148348,3.1319999999995,14.7307963267938,0.24887031994118,0.475258865774318,0.545000000028501,0.0450451854136687,1.11856083181366,0.346762590935779,0.00614420994495262,0.0039142
13.18,0.814788097335343,0.575693184830801,3.13599999909549,14.751154666086,0.997608286242354,0.00106750758910912,0.199999998943886,0.817563467099975,0.575838499288524,3.1359999999995,14.7507963267938,0.248870359212485,0.475258842656314,0.545000000031723,0.0450451825783698,1.15138042569381,0.369462879352678,0.00612542946314528,0.0037765
13.2,0.80311339058872,0.591872720004209,3.13999999907448,14.7711547375386,0.997608368499628,0.00106760071908759,0.199999998955306,0.805883957640453,0.59207351470673,3.1399999999995,14.7707963267938,0.248870399156679,0.475258819217823,0.545000000034695,0.0450451797037802,1.18373953410725,0.392814975770308,0.00610731338331997,0.003659
13.22,0.791117445969299,0.607815540190949,3.14399999905371,14.791154807941,0.997608453357101,0.00106769150546632,0.199999998967796,0.793882105342851,0.608071708613261,3.1439999999995,14.7907963267938,0.248870439751748,0.475258795467783,0.545000000037454,0.0450451767912544,1.21562521371215,0.416809540711108,0.00608986476161396,0.0035847
13.24,0.778805061741729,0.623515268414004,3.1479999990332,14.8111548772708,0.99760854076791,0.0010677799247402,0.199999998981279,0.781562710788065,0.623826681943861,3.1479999999995,14.8107963267938,0.248870480975504,0.475258771415301,0.54500000004001,0.0450451738421508,1.24702471053376,0.441436977716183,0.00607308636866545,0.0035857
13.26,0.766181162741493,0.638965624931567,3.15199999901297,14.8311549455062,0.997608630684314,0.00106786595436742,0.199999998995683,0.768930701569661,0.639332132919263,3.15199999999949,14.8307963267938,0.248870522805591,0.47525874706966,0.54500000004237,0.0450451708578423,1.27792546506581,0.46668743718382,0.00605698069005212,0.0037003
13.28,0.753250798404984,0.654160429748815,3.15599999899304,14.851155012626,0.997608723057723,0.00106794957278101,0.199999999010936,0.755991130322901,0.654581859565811,3.15599999999949,14.8507963267938,0.248870565219512,0.475258722440311,0.545000000044573,0.0450451678397067,1.30831511729411,0.49255082030927,0.00604154992683388,0.0051599
13.3,0.74001914074975,0.669093605089781,3.15999999897342,14.8711550786095,0.997608817838711,0.00106803075939986,0.199999999026982,0.742749172703759,0.669569762196176,3.15999999999949,14.8707963267938,0.248870608194647,0.475258697536872,0.545000000046614,0.04504516478913,1.33818151164039,0.519016783124194,0.00602679599622207,0.0058545
13.32,0.726491482305705,0.683759177828347,3.16399999895413,14.8911551434367,0.997608914977049,0.00106810949463908,0.199999999043763,0.729210125318726,0.68428984584914,3.16399999999949,14.8907963267938,0.248870651707084,0.475258672364375,0.545000000048062,0.0450451617070655,1.36751270182428,0.546074740634178,0.00601272053234319,0.0059903
13.34,0.712673233998145,0.698151281877371,3.16799999893518,14.9111552070881,0.997609014421674,0.00106818575973128,0.199999999061066,0.715379403606237,0.698736222687507,3.16799999999949,14.9107963267938,0.248870695733638,0.475258646931291,0.545000000048929,0.0450451585950773,1.39629695564167,0.573713871052649,0.00599932488710857,0.0052989
13.36,0.698569922983399,0.712264160535,3.17199999891657,14.9311552695446,0.997609116120745,0.00106825953687986,0.19999999907868,0.70126253967057,0.712903114353158,3.17199999999948,14.9307963267938,0.248870740250454,0.475258621243798,0.545000000048999,0.0450451554543475,1.42452275965736,0.601923120129506,0.00598661013121486,0.0040029
13.38,0.684187190438009,0.726092168787229,3.17599999889832,14.9511553307878,0.99760922002164,0.00106833080916657,0.19999999909632,0.686865180069077,0.726784854278316,3.17599999999948,14.9507963267938,0.24887078523707,0.47525859532217,0.545000000049437,0.0450451522874559,1.45217882381026,0.630691205572731,0.00597457705529116,0.0037481
13.4,0.66953078930228,0.739629775565782,3.17999999888043,14.9711553908,0.997609326071129,0.001068399561122,0.199999999114117,0.672193083553637,0.740375889952099,3.17999999999948,14.9707963267938,0.248870830668852,0.475258569170148,0.545000000049497,0.045045149094631,1.47925408592921,0.660006621561206,0.00596322617111135,0.0038404
13.42,0.654606581979145,0.752871565960418,3.18399999886289,14.991155449564,0.997609434215229,0.00106846577803402,0.199999999131936,0.65725211876723,0.753670785141448,3.18399999999948,14.9907963267938,0.248870876525001,0.475258542807192,0.545000000050127,0.0450451458784132,1.50573771615766,0.689857643346949,0.00595255771291402,0.0037418
13.44,0.639420537989242,0.765812243384767,3.18799999884571,15.011155507063,0.997609544399387,0.00106852944660954,0.199999999149982,0.642048261896561,0.76666422206555,3.18799999999948,15.0107963267938,0.248870922780952,0.475258516237762,0.545000000050566,0.0450451426391532,1.53161912128543,0.720232331944902,0.00594257163885061,0.0036701
13.46,0.623978731583147,0.778446631694846,3.19199999882889,15.0311555632812,0.997609656568363,0.00106859055434493,0.199999999168185,0.626587594281662,0.779351003522879,3.19199999999948,15.0307963267938,0.248870969414659,0.475258489476606,0.545000000051225,0.0450451393789268,1.55688794898578,0.751118538908419,0.00593326763250421,0.0035868
13.48,0.608287339311723,0.790769677259393,3.19599999881244,15.051155618203,0.997609770666349,0.00106864908996769,0.199999999186627,0.61087629998344,0.791726054970008,3.19599999999947,15.0507963267938,0.248871016403809,0.475258462537459,0.545000000052287,0.0450451360992234,1.58153409195618,0.78250391118853,0.00592464510455223,0.0037328
13.5,0.592352637555548,0.802776450981195,3.19999999879636,15.0711556718137,0.997609886636996,0.00106870504337713,0.19999999920545,0.594920663310133,0.803784426551356,3.19999999999947,15.0707963267938,0.248871063724913,0.475258435429345,0.545000000053425,0.0450451328010764,1.605547691961,0.814375896075038,0.0059167031945159,0.0036086
13.52,0.576181000014415,0.814462150268608,3.20399999878066,15.0911557240991,0.997610004423388,0.00106875840545411,0.199999999224683,0.578727066303671,0.815521295079066,3.20399999999947,15.0907963267938,0.248871111354174,0.475258408159972,0.545000000054282,0.0450451294856884,1.6289191437747,0.846721746217484,0.00590944077257775,0.003617
13.54,0.559778895157913,0.825822100956472,3.20799999876535,15.1111557750455,0.997610123968057,0.00106880916801988,0.199999999244224,0.562301986186946,0.826931965962216,3.20799999999947,15.1107963267938,0.248871159270137,0.475258380746405,0.545000000055455,0.0450451261552359,1.65163909902364,0.879528524723953,0.00590285644155204,0.0036354
13.56,0.543152883638099,0.836851759175658,3.21199999875043,15.13115582464,0.997610245213104,0.00106885732421508,0.199999999264188,0.545651992773006,0.838011875084595,3.21199999999947,15.1307963267938,0.248871207449941,0.475258353199862,0.545000000056825,0.0450451228108121,1.67369846992535,0.912783110335698,0.00589694853895121,0.004503
13.58,0.526309615665301,0.847546713170496,3.21599999873592,15.1511558728702,0.997610368100172,0.00106890286824315,0.199999999284645,0.528783745837219,0.848756590630282,3.21599999999947,15.1507963267938,0.248871255870787,0.475258325531627,0.545000000058301,0.0450451194537863,1.69508843292336,0.946472202675508,0.00589171513911465,0.0039245
13.6,0.509255828348101,0.857902685063359,3.21999999872182,15.1711559197244,0.997610492570471,0.0010689457953806,0.199999999305634,0.511703992453453,0.859161814856321,3.21999999999946,15.1707963267938,0.248871304509902,0.475258297752795,0.54500000005979,0.0450451160855397,1.71580043221655,0.980582327567712,0.00588715405544722,0.0037221
13.62,0.491998342998563,0.867915532565699,3.22399999870815,15.1911559651914,0.99761061856481,0.00106898610196944,0.199999999327158,0.494419564295334,0.869223385811757,3.22399999999946,15.1907963267938,0.248871353343477,0.475258269869957,0.545000000060809,0.0450451127070711,1.73582618318123,1.0150998424277,0.00588326284274812,0.0037306
13.64,0.474544062403788,0.877581250634847,3.22799999869491,15.2111560092607,0.997610746023574,0.00106902378523676,0.199999999349049,0.47693737490367,0.878937279002358,3.22799999999946,15.2107963267938,0.248871402350388,0.475258241900196,0.545000000061979,0.045045109320605,1.75515767568485,1.05001094171881,0.00588003879964858,0.003654
13.66,0.456899968064871,0.886895973075917,3.23199999868212,15.2311560519224,0.997610874886858,0.00106905884372304,0.199999999371362,0.459264416921124,0.888299609000366,3.23199999999946,15.2307963267938,0.24887145150823,0.475258213854986,0.545000000063231,0.0450451059272447,1.77378717728987,1.08530166247438,0.00587747897115993,0.0035841
13.68,0.439073117404391,0.895855974088171,3.23599999866977,15.2511560931672,0.997611005094446,0.00106909127703197,0.199999999394125,0.441407759295253,0.897306630998611,3.23599999999946,15.2507963267938,0.248871500794722,0.475258185745827,0.545000000064505,0.0450451025283488,1.79170723634659,1.12095788988277,0.0058755801512629,0.0036124
13.7,0.421070640943516,0.904457669755231,3.23999999865789,15.2711561329864,0.997611136585837,0.00106912108583674,0.199999999417346,0.423374544451023,0.905954742308385,3.23999999999945,15.2707963267938,0.248871550187715,0.475258157584245,0.545000000065761,0.0450450991253103,1.80891068497365,1.15696536293313,0.00587433888561581,0.0036995
13.72,0.402899739449893,0.912697619478532,3.24399999864647,15.291156171372,0.997611269300274,0.00106914827187887,0.19999999944102,0.40517198543393,0.914240483800472,3.24399999999945,15.2907963267938,0.248871599665198,0.475258129381781,0.54500000006697,0.0450450957195268,1.82539064192503,1.19330968011962,0.005873751474342,0.0044159
13.74,0.384567681057426,0.920572527353458,3.24799999863553,15.3111562083166,0.997611403176776,0.00106917283796522,0.199999999465129,0.386807363024885,0.922160541288749,3.24799999999945,15.3107963267938,0.248871649205315,0.475258101149977,0.545000000068107,0.0450450923123848,1.84114051534234,1.22997630520187,0.00587381397490338,0.0043011
13.76,0.366081798359124,0.928079243487601,3.25199999862508,15.3311562438134,0.997611538154166,0.00106919478796395,0.199999999489648,0.368288022827992,0.929711746855821,3.25199999999945,15.3307963267938,0.248871698786366,0.475258072900376,0.545000000069174,0.0450450889052701,1.85615400539153,1.26695057301923,0.00587452220505967,0.0037965
13.78,0.347449485474156,0.935214765260611,3.25599999861512,15.3511562778562,0.997611674171098,0.00106921412680011,0.199999999514551,0.349621372332409,0.936891080120142,3.25599999999945,15.3507963267938,0.24887174838682,0.475258044644506,0.545000000070151,0.0450450854995582,1.87042510678255,1.30421769535673,0.00587587174590528,0.0041274
13.8,0.32867819509031,0.941976238525147,3.25999999860566,15.3711563104395,0.997611811166091,0.00106923086045025,0.199999999539805,0.33081487794945,0.94369566944413,3.25999999999945,15.3707963267938,0.248871797985321,0.475258016393883,0.545000000071038,0.0450450820966171,1.88394811117143,1.34176276686013,0.00587785794499684,0.0039826
13.82,0.309775435483021,0.94836095874844,3.26399999859671,15.3911563415582,0.997611949077555,0.00106924499593687,0.199999999565379,0.311876062026116,0.950122793082781,3.26399999999944,15.3907963267938,0.248871847560696,0.475257988159996,0.54500000007183,0.0450450786978143,1.89671760944343,1.37957077099788,0.00588047591954324,0.0043825
13.84,0.290748767512167,0.954366372094004,3.26799999858828,15.4111563712081,0.997612087843821,0.00106925654132188,0.199999999591237,0.292812499836264,0.956169880272335,3.26799999999944,15.4107963267938,0.248871897092029,0.47525795995456,0.545000000072564,0.0450450753045223,1.90872849387653,1.41762658606754,0.00588372055968937,0.0040886
13.86,0.271605801597838,0.959990076443085,3.27199999858037,15.4311563993855,0.997612227403172,0.00106926550570978,0.199999999617361,0.273631816550591,0.961834512258541,3.27199999999944,15.4307963267938,0.248871946558147,0.475257931787399,0.545000000073079,0.0450450719179187,1.91997596018448,1.45591499124425,0.00588758653186223,0.0046729
13.88,0.252354194676282,0.965229822355414,3.27599999857298,15.4511564260872,0.997612367693855,0.00106927189916601,0.199999999643669,0.254341684186674,0.967114423264133,3.27599999999944,15.4507963267938,0.24887199593889,0.475257903671575,0.545000000073571,0.0450450685395932,1.93045550943828,1.4944206726689,0.0058920682821935,0.0042852
13.9,0.233001647137244,0.970083513968898,3.27999999856611,15.4711564513108,0.997612508654141,0.00106927573284429,0.199999999670154,0.234949818540259,0.972007501395107,3.27999999999944,15.4707963267938,0.248872045213886,0.475257875618377,0.545000000074031,0.0450450651707811,1.94016294986574,1.5331282295734,0.00589716004002489,0.0040904
13.92,0.213555899743934,0.974549209837878,3.28399999855978,15.4911564750544,0.997612650222335,0.00106927701890195,0.199999999696805,0.21546397609905,0.976511789485451,3.28399999999943,15.4907963267938,0.248872094362981,0.475257847639022,0.54500000007444,0.0450450618127727,1.94909439852797,1.57202218044084,0.00590285582146827,0.0040257
13.94,0.194024730536838,0.978625123709627,3.28799999855399,15.5111564973168,0.997612792336808,0.00106927577049278,0.199999999723604,0.195891950940216,0.980625485879984,3.28799999999943,15.5107963267938,0.248872143366241,0.475257819744654,0.545000000074796,0.0450450584668723,1.95724628287255,1.61108696919784,0.00590914943303573,0.0040928
13.96,0.174415951722629,0.98230962523877,3.29199999854873,15.5311565180972,0.997612934936022,0.0010692720017576,0.19999999975053,0.176241571612863,0.984346945154997,3.29199999999943,15.5307963267938,0.248872192203964,0.475257791946338,0.54500000007509,0.0450450551343626,1.96461534216236,1.65030697143679,0.00591603447534074,0.0037584
13.98,0.154737406549414,0.985601240639352,3.29599999854401,15.5511565373956,0.997613077958561,0.00106926572781378,0.199999999777563,0.156520698006722,0.987674678776399,3.29599999999943,15.5507963267938,0.24887224085668,0.47525776425506,0.545000000075323,0.0450450518165316,1.97119862877983,1.68966650066537,0.00592350434685849,0.0035067
14,0.134996966169559,0.988498653274272,3.29999999853983,15.5711565552125,0.997613221343155,0.0010692569647445,0.199999999804679,0.136737218208292,0.990607355695111,3.29999999999943,15.5707963267938,0.248872289305161,0.475257736681698,0.545000000075491,0.0450450485146306,1.97699350940589,1.72914981458097,0.00593155224775431,0.0035028
14.02,0.115202526491364,0.991000704181876,3.3039999985362,15.5911565715492,0.997613365028707,0.00106924572958678,0.199999999831856,0.116899045345717,0.993143802879468,3.30399999999943,15.5907963267938,0.248872337529737,0.475257709234282,0.545000000075339,0.0450450452296773,1.98199766607315,1.76874112136733,0.00594017118375025,0.0042796
14.04,0.0953620050208305,0.993106392539474,3.3079999985331,15.6111565864072,0.997613508954296,0.00106923204020987,0.199999999858978,0.0970141144236372,0.995283005784413,3.30799999999942,15.6107963267938,0.248872385512612,0.475257681927266,0.54500000007529,0.0450450419634074,1.9862090970931,1.80842458601106,0.00594935397008647,0.0040472
14.06,0.0754833376947991,0.994814876063605,3.31199999853056,15.631156599789,0.997613653059265,0.00106921591557062,0.199999999886082,0.0770903791492916,0.997024108757308,3.31199999999942,15.6307963267938,0.248872433235,0.475257654769989,0.545000000075187,0.0450450387167344,1.98962611785663,1.84818433663543,0.00595909323552096,0.003523
14.08,0.0555744757067092,0.996125471346894,3.31599999852855,15.6511566116974,0.997613797283197,0.0010691973754861,0.19999999991315,0.0571358087511441,0.998366415380178,3.31599999999942,15.6507963267938,0.248872480678688,0.475257627772917,0.545000000075033,0.0450450354909068,1.99224736150783,1.88800447084886,0.00596938142636977,0.0039275
14.1,0.0356433823262631,0.997037654131358,3.31999999852708,15.6711566221358,0.997613941565958,0.00106917644067891,0.199999999940161,0.0371583847912965,0.99930938874827,3.31999999999942,15.6707963267938,0.248872527825722,0.475257600946396,0.545000000074828,0.045045032287133,1.99407177949065,1.92786906210569,0.00598021081061676,0.0040422
14.12,0.0156980297142601,0.997551059518058,3.32399999852615,15.6911566311085,0.99761408584772,0.00106915313276223,0.199999999967099,0.0171660979729706,0.999852651684811,3.32399999999942,15.6907963267938,0.248872574658419,0.475257574300631,0.545000000074574,0.0450450291065863,1.99509864196831,1.96776216607651,0.00599157348206588,0.0038598
14.14,-0.00425360426612448,0.997665482113013,3.32799999852576,15.7111566386199,0.997614230068983,0.00106912747422504,0.199999999993946,-0.00283305505566648,0.999995986891869,3.32799999999942,15.7107963267938,0.248872621159362,0.475257547845705,0.545000000074272,0.0450450259504337,1.9953275381151,2.00766782702565,0.00600346136454427,0.0036467
14.16,-0.0242035392403393,0.997380876109307,3.33199999852591,15.7311566446753,0.997614374170605,0.00106909948841791,0.200000000020684,-0.0228310749000551,0.999739337037273,3.33199999999941,15.7307963267938,0.248872667311415,0.475257521591546,0.545000000073919,0.0450450228198199,1.99475837628073,2.04757008419329,0.00601586621615185,0.0037893
14.18,-0.0441437955144602,0.996697355305382,3.33599999852659,15.7511566492804,0.997614518093825,0.00106906919953754,0.200000000047295,-0.0428199626188943,0.999082804777542,3.33599999999941,15.7507963267938,0.248872713097717,0.475257495547944,0.545000000073526,0.0450450197158733,1.99339138402693,2.08745297817947,0.00602877963355173,0.0035307
14.2,-0.0640663972669194,0.995615193059473,3.3399999985278,15.7711566524415,0.997614661780283,0.00106903663261156,0.200000000073764,-0.0627917229236113,0.998026652716826,3.33999999999941,15.7707963267938,0.248872758501688,0.47525746972454,0.545000000073085,0.0450450166397141,1.99122710803634,2.12730055732762,0.00604219305629999,0.0035448
14.22,-0.0839633757386853,0.994134822180236,3.34399999852954,15.7911566541656,0.997614805172048,0.00106900181348297,0.200000000100075,-0.082738367376371,0.996571303301869,3.34399999999941,15.7907963267938,0.248872803507036,0.475257444130813,0.545000000072602,0.045045013592428,1.98826641389387,2.16709688410499,0.00605609777122777,0.003443
14.24,-0.103826772420615,0.992256834753597,3.3479999985318,15.8111566544599,0.997614948211641,0.0010689647687937,0.200000000126212,-0.102651917585344,0.994717338653031,3.34799999999941,15.8107963267938,0.248872848097417,0.475257418774716,0.545000000071942,0.0450450105749759,1.98451048574041,2.20682604147738,0.00607048491684284,0.0037139
14.26,-0.123648642236708,0.989981981905893,3.35199999853458,15.8311566533325,0.997615090842042,0.00106892552591398,0.200000000152111,-0.122524408395957,0.992465500331454,3.3519999999994,15.8307963267938,0.248872892256481,0.475257393662836,0.545000000070918,0.0450450075882672,1.97996082579915,2.24647213927577,0.00608534548776816,0.0035411
14.28,-0.14342105672198,0.987311173503403,3.35599999853788,15.8511566507917,0.997615233006698,0.0010688841128816,0.200000000177641,-0.142347891076849,0.98981668904244,3.3559999999994,15.8507963267938,0.248872935969795,0.475257368808116,0.545000000069986,0.0450450046338646,1.97461925377468,2.28601932055207,0.00610067033924144,0.0038301
14.3,-0.163136107193702,0.984245477788382,3.35999999854169,15.8711566468467,0.997615374649613,0.00106884055864975,0.200000000202836,-0.162114436499257,0.98677196427519,3.3599999999994,15.8707963267938,0.248872979222246,0.475257344219395,0.54500000006912,0.0450450017125808,1.9684879061251,2.32545176792167,0.00611645019163436,0.0036833
14.32,-0.182785907914714,0.980786120951755,3.36399999854599,15.8911566415069,0.997615515715331,0.00106879489289726,0.200000000227719,-0.181816138308562,0.983332543879014,3.3639999999994,15.8907963267938,0.248873021999019,0.475257319905326,0.545000000068291,0.0450449988253826,1.96156923520746,2.36475370989019,0.00613267563497962,0.0042438
14.34,-0.202362599247569,0.976934486642629,3.36799999855079,15.9111566347823,0.997615656148956,0.00106874714601662,0.200000000252304,-0.201445116086728,0.979499803576212,3.3679999999994,15.9107963267938,0.2488730642856,0.475257295874383,0.545000000067482,0.0450449959732453,1.95386600829677,2.40390942716177,0.00614933713355276,0.004369
14.36,-0.221858350798232,0.97269211541483,3.37199999855608,15.9311566266836,0.997615795896173,0.00106869734909722,0.200000000276597,-0.220993518504358,0.975275276411804,3.3719999999994,15.9307963267938,0.248873106066563,0.475257272129933,0.545000000066214,0.0450449931566885,1.94538130647914,2.44290325892655,0.00616642503043323,0.0043275
14.38,-0.241265364548082,0.968060704110687,3.37599999856185,15.9511566172216,0.997615934903218,0.00106864553371159,0.200000000300434,-0.240453526461127,0.970660652140328,3.37599999999939,15.9507963267938,0.248873147328727,0.475257248682962,0.545000000064889,0.0450449903772091,1.93611852341936,2.48171960912478,0.00618392955215489,0.0039437
14.4,-0.260575877972967,0.963042105182295,3.37999999856809,15.971156606408,0.997616073116972,0.00106859173222188,0.200000000323795,-0.259817356213317,0.965657776549965,3.37999999999939,15.9707963267938,0.24887318805905,0.475257225543601,0.54500000006372,0.0450449876358104,1.92608136400345,2.52034295268492,0.00620184081334673,0.0045659
14.42,-0.279782167148053,0.957638325950546,3.3839999985748,15.9911565942547,0.997616210484981,0.00106853597771848,0.200000000346734,-0.279077262487206,0.960268650724248,3.38399999999939,15.9907963267938,0.248873228244262,0.475257202719594,0.545000000062662,0.0450449849332373,1.91527384285672,2.5587578417335,0.00622014882139038,0.0038459
14.44,-0.298876549837246,0.951851527802208,3.38799999858196,16.0111565807742,0.997616346955446,0.00106847830391118,0.200000000369292,-0.298225541577082,0.954495430241652,3.38799999999939,16.0107963267938,0.24887326786942,0.475257180210471,0.545000000060915,0.0450449822696084,1.90370028273798,2.59694891177398,0.00623884348106756,0.0036657
14.46,-0.317851388565925,0.945684025325393,3.39199999858956,16.0311565659795,0.997616482477165,0.0010684187447958,0.200000000391222,-0.317254534426615,0.948340424313397,3.39199999999939,16.0307963267937,0.248873306923864,0.475257158031572,0.545000000059432,0.0450449796470051,1.89136531281047,2.63490088783228,0.00625791459928461,0.0035506
14.48,-0.336699093675782,0.939138285383744,3.3959999985976,16.051156549884,0.997616616999708,0.00106835733529575,0.200000000412617,-0.336156629692381,0.941806094859787,3.39599999999939,16.0507963267937,0.248873345394755,0.475257136187949,0.545000000057933,0.0450449770656555,1.87827386679023,2.67259859056657,0.00627735188977065,0.0035641
14.5,-0.35541212636053,0.93221692612971,3.39999999860606,16.0711565325015,0.997616750473335,0.00106829411080526,0.200000000433473,-0.354924266788299,0.934895055525481,3.39999999999938,16.0707963267937,0.248873383269036,0.475257114682285,0.545000000056016,0.0450449745260543,1.86443118097268,2.7100269423387,0.00629714497777557,0.0035873
14.52,-0.373983001681269,0.924922715957319,3.40399999861493,16.0911565138464,0.99761688284899,0.00106822910710137,0.200000000453639,-0.373549938909764,0.927610070634066,3.40399999999938,16.0907963267937,0.248873420536211,0.475257093526111,0.545000000054248,0.0450449720296961,1.84984279213818,2.74717097324508,0.00631728340481832,0.0035652
14.54,-0.392404291560315,0.917258572394852,3.4079999986242,16.1111564939333,0.997617014078407,0.00106816236069515,0.200000000473168,-0.392026196036264,0.919954054082367,3.40799999999938,16.1107963267937,0.248873457183643,0.475257072720758,0.545000000052091,0.045044969576627,1.83451453533733,2.78401582710432,0.00633775663340042,0.0035652
14.56,-0.410668627752275,0.909227560937872,3.41199999863385,16.1311564727775,0.997617144114027,0.00106809390839368,0.200000000491921,-0.410345647911296,0.911930068174927,3.41199999999938,16.1307963267937,0.248873493200647,0.47525705227397,0.545000000049791,0.0450449671680064,1.81845254155709,2.82054676739952,0.00635855405174825,0.0036144
14.58,-0.428768704791194,0.900832893823067,3.41599999864387,16.1511564503944,0.997617272909078,0.0010680237875657,0.200000000509846,-0.428500966998366,0.903541322399122,3.41599999999938,16.1507963267936,0.248873528577279,0.475257032194871,0.545000000047671,0.0450449648047839,1.80166323526839,2.85674918317259,0.00637966497856664,0.0035342
14.6,-0.446697282912597,0.892077928743398,3.41999999865424,16.1711564268002,0.997617400417609,0.00106795203617338,0.200000000527007,-0.446484891411908,0.894791172141415,3.41999999999937,16.1707963267936,0.248873563304152,0.475257012493378,0.545000000046039,0.0450449624878493,1.78415333185651,2.89260859486844,0.00640107866780532,0.0037112
14.62,-0.464447190949238,0.882966167505074,3.42399999866494,16.1911564020111,0.997617526594512,0.00106787869278511,0.200000000543581,-0.464290227821938,0.885683117345242,3.42399999999937,16.1907963267936,0.248873597371236,0.475256993175218,0.545000000044767,0.0450449602175822,1.76592983493495,2.92811066012652,0.00642278431338055,0.0035441
14.64,-0.482011329199424,0.873501254626878,3.42799999867598,16.2111563760441,0.997617651395502,0.00106780379639157,0.200000000559697,-0.481909854331294,0.876220801111083,3.42799999999937,16.2107963267936,0.248873630768819,0.475256974245941,0.545000000043723,0.0450449579946241,1.74700003354409,2.96324117951753,0.00644477105390569,0.0038108
14.66,-0.499382672266751,0.863686975882415,3.43199999868733,16.2311563489163,0.997617774777129,0.00106772738639511,0.200000000575438,-0.499336723324296,0.866408008239267,3.43199999999937,16.2307963267936,0.248873663487517,0.475256955710853,0.545000000042843,0.0450449558195849,1.72737149923571,2.997986102223,0.0064670279774341,0.0040287
14.68,-0.516554271870111,0.853527256785869,3.43599999869899,16.2511563206452,0.99761789669679,0.0010676495025897,0.200000000590861,-0.516563864285704,0.856248663716109,3.43599999999937,16.2507963267935,0.248873695518276,0.47525693757505,0.54500000004205,0.0450449536930741,1.70705208304445,3.03233153165535,0.00648954412618113,0.003914
14.7,-0.53351925962287,0.843026161021862,3.43999999871096,16.2711562912488,0.997618017112741,0.00106757018514195,0.200000000605999,-0.533584386588824,0.845746831143962,3.43999999999937,16.2707963267935,0.248873726852364,0.475256919843429,0.545000000041295,0.04504495161569,1.68604991234751,3.06626373101628,0.00651230850123974,0.0036258
14.72,-0.550270849780077,0.832187888820047,3.44399999872323,16.2911562607455,0.997618135984109,0.00106748947457188,0.200000000620865,-0.550391482251673,0.834906711115831,3.44399999999936,16.2907963267935,0.248873757481385,0.47525690252065,0.54500000004056,0.0450449495879847,1.66437338761383,3.09976912879132,0.00653531006730021,0.0035778
14.74,-0.566802341952623,0.821016775275089,3.44799999873579,16.3111562291537,0.997618253270905,0.00106740741173224,0.200000000635467,-0.566978428660077,0.823732639535196,3.44799999999936,16.3107963267935,0.248873787397263,0.475256885611185,0.545000000039804,0.0450449476105115,1.64203117904403,3.13283432417814,0.00655853775733303,0.0036074
14.76,-0.583107123787262,0.809517288612709,3.45199999874864,16.3311561964926,0.997618368934032,0.00106732403778992,0.200000000649796,-0.583338591256629,0.812229085881703,3.45199999999936,16.3307963267935,0.248873816592262,0.475256869119293,0.545000000039019,0.0450449456837933,1.61903222310243,3.16544609244671,0.00658198047727545,0.0035717
14.78,-0.599178673611414,0.79769402840247,3.45599999876178,16.3511561627814,0.997618482935297,0.00106723939420597,0.200000000663843,-0.599465426194423,0.800400651423434,3.45599999999936,16.3507963267934,0.248873845058974,0.475256853048995,0.545000000038196,0.0450449438083022,1.59538571894265,3.19759139022895,0.00660562711070553,0.0035601
14.8,-0.615010563041706,0.78555172371803,3.45999999877519,16.3711561280397,0.997618595237419,0.00106715352271537,0.200000000677594,-0.615352482954506,0.788252067376462,3.45999999999936,16.3707963267934,0.248873872790323,0.475256837404124,0.545000000037321,0.0450449419845213,1.57110112472804,3.22925736073587,0.00662946652347858,0.0039252
14.82,-0.630596459555189,0.773095231245609,3.46399999878888,16.3911560922875,0.997618705804041,0.00106706646530857,0.200000000691029,-0.630993406925997,0.775788193012427,3.46399999999936,16.3907963267934,0.248873899779562,0.475256822188295,0.5450000000364,0.0450449402128959,1.5461881538486,3.26043133890003,0.00665348756836279,0.0039074
14.84,-0.645930129022225,0.760329533341396,3.46799999880283,16.411156055545,0.997618814599738,0.00106697826421161,0.200000000704133,-0.646381941947853,0.763014013714893,3.46799999999935,16.4107963267934,0.24887392602028,0.475256807404916,0.545000000035419,0.0450449384938446,1.52065677103576,3.29110085644145,0.00667767908964232,0.0038425
14.86,-0.661005438200008,0.747259736038706,3.47199999881704,16.4311560178327,0.997618921590024,0.00106688896186688,0.200000000716884,-0.661511932811241,0.749934638985258,3.47199999999935,16.4307963267934,0.248873951506403,0.475256793057185,0.54500000003438,0.0450449368277646,1.49451718837662,3.32125364685463,0.00670202992770442,0.0037816
14.88,-0.675816357185745,0.733891067005661,3.4759999988315,16.4511559791713,0.997619026741362,0.00106679860091392,0.200000000729261,-0.676377327721546,0.736555300399024,3.47599999999935,16.4507963267934,0.248873976232181,0.475256779148094,0.545000000033281,0.0450449352150298,1.46777986122932,3.35087765031501,0.00672652892359549,0.0045617
14.9,-0.69035696182849,0.720228873454228,3.47999999884621,16.4711559395821,0.99761913002117,0.00106670722417043,0.200000000741242,-0.690972180719008,0.722881349513237,3.47999999999935,16.4707963267933,0.248874000192209,0.475256765680433,0.545000000032131,0.0450449336559932,1.44045548404105,3.37996101850266,0.00675116492355117,0.0042999
14.92,-0.704621436098691,0.70627862000143,3.48399999886115,16.4911558990862,0.997619231397829,0.00106661487461325,0.200000000752809,-0.705290654057022,0.708918255725934,3.48399999999935,16.4907963267933,0.248874023381407,0.475256752656789,0.545000000030934,0.0450449321509766,1.41255498607043,3.40849211934145,0.00677592678351089,0.004151
14.94,-0.718604074414488,0.692045886483613,3.48799999887631,16.5111558577052,0.99761933084069,0.00106652159535958,0.200000000763945,-0.719327020537164,0.69467160408846,3.48799999999934,16.5107963267933,0.248874045795034,0.475256740079539,0.54500000002968,0.0450449307002804,1.38408952701599,3.43645954165168,0.00680080337357786,0.0042611
14.96,-0.732299283923832,0.677536365724617,3.4919999988917,16.531155815461,0.99761942832008,0.00106642742964797,0.20000000077463,-0.733075665799991,0.680147093071514,3.49199999999934,16.5307963267933,0.248874067428684,0.475256727950876,0.545000000028378,0.0450449293041887,1.35507049255246,3.46385209971438,0.00682578358246673,0.003824
14.98,-0.745701586741518,0.662755861258758,3.49599999890729,16.5511557723755,0.997619523807305,0.00106633242082032,0.200000000784846,-0.746531090570711,0.665350532285848,3.49599999999934,16.5507963267933,0.24887408827828,0.475256716272771,0.545000000027024,0.0450449279629428,1.32550948977671,3.49065883774539,0.00685085632191656,0.0039466
15,-0.758805622140234,0.647710285009531,3.49999999892309,16.5711557284711,0.997619617274662,0.00106623661230265,0.200000000794574,-0.759687912858819,0.650287840158489,3.49999999999934,16.5707963267932,0.248874108340089,0.475256705047019,0.54500000002563,0.0450449266767803,1.29541834256509,3.51686903427751,0.00687601053105699,0.0039514
15.02,-0.771606148694752,0.632405654924959,3.50399999893907,16.5911556837701,0.997619708695436,0.00106614004758762,0.200000000803801,-0.77254087011082,0.634965041565456,3.50399999999934,16.5907963267932,0.248874127610699,0.475256694275218,0.545000000024191,0.0450449254459075,1.26480908684404,3.54247220644895,0.00690123518074875,0.0039287
15.04,-0.784098046378395,0.616848092570528,3.50799999895523,16.6111556382952,0.997619798043912,0.00106604277021609,0.20000000081251,-0.785084821315186,0.619388265421885,3.50799999999934,16.6107963267932,0.248874146087048,0.475256683958762,0.545000000022719,0.0450449242705035,1.23369396577599,3.56745811419628,0.00692651927788471,0.0038627
15.06,-0.796276318610954,0.601043820680692,3.51199999897156,16.6311555920693,0.997619885295373,0.00106594482375883,0.200000000820689,-0.797314749058684,0.603563742230546,3.51199999999933,16.6307963267932,0.248874163766389,0.475256674098874,0.545000000021198,0.0450449231507273,1.20208542486221,3.59181676435026,0.0069518518696462,0.0039277
15.08,-0.80813609425723,0.584999160669894,3.51599999898805,16.6511555451153,0.997619970426108,0.00106584625179945,0.20000000082832,-0.809225761533281,0.587497801589724,3.51599999999933,16.6507963267932,0.248874180646323,0.475256664696571,0.545000000019651,0.0450449220867122,1.16999610696489,3.61553841463305,0.00697722204772017,0.0035946
15.1,-0.819672629575396,0.568720530104134,3.51999999900469,16.6711554974564,0.997620053413412,0.00106574709791613,0.200000000835395,-0.820813094492798,0.571196869661465,3.51999999999933,16.6707963267932,0.248874196724776,0.475256655752702,0.545000000018063,0.0450449210785743,1.13743884725014,3.63861357755486,0.00700261895247855,0.0038196
15.12,-0.83088131011441,0.552214440134069,3.52399999902146,16.691155449116,0.997620134235593,0.00106564740566465,0.200000000841897,-0.832072113158548,0.5546674666012,3.52399999999933,16.6907963267931,0.248874212000007,0.47525664726793,0.545000000016444,0.0450449201264039,1.1044266680542,3.66103302420888,0.00702803177710386,0.0038189
15.14,-0.841757652559715,0.535487492890681,3.52799999903836,16.7111554001174,0.99762021287197,0.00106554721856096,0.200000000847817,-0.842998314073182,0.537916203949761,3.52799999999933,16.7107963267931,0.248874226470604,0.475256639242733,0.545000000014799,0.0450449192302579,1.07097277367466,3.68278778796268,0.00705344977168626,0.0038944
15.16,-0.852297306526483,0.518546378844562,3.53199999905537,16.7311553504843,0.997620289302878,0.00106544658006407,0.200000000853145,-0.853587326902015,0.520949781988864,3.53199999999933,16.7307963267931,0.248874240135487,0.475256631677411,0.545000000013125,0.0450449183901785,1.03709054508899,3.70386916804469,0.00707886224724706,0.0038178
15.18,-0.862496056299699,0.501397874129856,3.53599999907248,16.7511553002405,0.997620363509669,0.00106534553355921,0.20000000085787,-0.863834916181101,0.503774987061075,3.53599999999932,16.7507963267931,0.248874252993909,0.475256624572097,0.545000000011423,0.0450449176061865,1.00279353460239,3.72426873302446,0.00710425857974129,0.0039211
15.2,-0.872349822520373,0.484048837833942,3.53999999908968,16.7711552494097,0.997620435474712,0.00106524412234148,0.200000000861982,-0.87373698301136,0.486398688855373,3.53999999999932,16.7707963267931,0.24887426504544,0.475256617926752,0.545000000009702,0.0450449168782852,0.96809546042705,3.74397832418501,0.00712962821399301,0.0037118
15.22,-0.881854663817214,0.466506209253938,3.54399999910696,16.7911551980159,0.997620505181399,0.00106514238959916,0.200000000865475,-0.883289566698087,0.468827837659358,3.54399999999932,16.790796326793,0.248874276289991,0.475256611741165,0.545000000007956,0.0450449162064395,0.933010201195114,3.7629900587863,0.00715496066758756,0.0040564
15.24,-0.891006778383123,0.44877700512112,3.54799999912429,16.8111551460831,0.997620572614136,0.00106504037839733,0.200000000868339,-0.892488846335173,0.451069461579233,3.54799999999932,16.810796326793,0.24887428672778,0.475256606014968,0.545000000006196,0.0450449155906114,0.897551790407461,3.78129633321812,0.00718024553471006,0.0036567
15.26,-0.899802505495848,0.430868316794368,3.55199999914168,16.8311550936354,0.997620637758354,0.00106493813166226,0.200000000870569,-0.901331142333418,0.433130663728657,3.55199999999932,16.830796326793,0.248874296359363,0.475256600747624,0.545000000004408,0.0450449150307208,0.861734410820533,3.7988898260415,0.00720547248992555,0.004386
15.28,-0.908238326982222,0.412787307423767,3.55599999915911,16.851155040697,0.9976207006005,0.00106483569216518,0.200000000872156,-0.909812917892319,0.415018619387587,3.55599999999931,16.850796326793,0.248874305185615,0.475256595938433,0.545000000002616,0.045044914526678,0.825572388773464,3.81576350091712,0.00723063129191481,0.0037692
15.3,-0.916310868625376,0.394541209085485,3.55999999917656,16.8711549872922,0.997620761128044,0.00106473310250677,0.200000000873098,-0.91793078041474,0.396740573132271,3.55999999999931,16.870796326793,0.248874313207729,0.475256591586535,0.545000000000809,0.0450449140783629,0.789080188457784,3.83191060941981,0.00725571178714254,0.0037621
15.32,-0.924016901514381,0.37613731988909,3.56399999919403,16.8911549334452,0.99762081932947,0.0010646304051016,0.200000000873389,-0.925681482863911,0.378303835937505,3.56399999999931,16.890796326793,0.248874320427217,0.475256587690937,0.544999999998989,0.0450449136856545,0.752272406131982,3.8473246937378,0.00728070391347641,0.003766
15.34,-0.931353343335766,0.357583001058448,3.56799999921149,16.9111548791803,0.997620875194282,0.00106452764216364,0.200000000873025,-0.933061925062192,0.359715782252349,3.56799999999931,16.9107963267929,0.248874326845906,0.475256584250456,0.544999999997167,0.0450449133483688,0.715163764283242,3.86199958925574,0.00730559770374765,0.0038827
15.36,-0.938317259606401,0.338885673987376,3.57199999922894,16.931154824522,0.997620928712998,0.00106442485568999,0.200000000872005,-0.940069154931109,0.340983847050438,3.57199999999931,16.9307963267929,0.248874332465945,0.475256581263796,0.544999999995341,0.045044913066356,0.677769105738693,3.87592942702051,0.00733038328924375,0.0035619
15.38,-0.944905864847258,0.320052817271234,3.57599999924637,16.9511547694945,0.997620979877148,0.00106432208744748,0.200000000870328,-0.946700369672142,0.322115522856098,3.57599999999931,16.9507963267929,0.248874337289779,0.475256578729509,0.544999999993511,0.0450449128394059,0.640103387728518,3.8891086360887,0.00735505090315404,0.0034934
15.4,-0.951116523697565,0.301091963715633,3.57999999926375,16.9711547141224,0.997621028679276,0.00106421937895744,0.200000000867992,-0.952952916887811,0.303118356747432,3.5799999999993,16.9707963267929,0.248874341320177,0.475256576645989,0.544999999991689,0.0450449126672931,0.602181675903313,3.90153194575492,0.00737959088394433,0.0038785
15.42,-0.956946751968921,0.282010697323453,3.58399999928108,16.9911546584299,0.99762107511293,0.00106411677148112,0.200000000865,-0.958824295642595,0.28399994733759,3.5839999999993,16.9907963267929,0.24887434456021,0.475256575011493,0.544999999989862,0.04504491254978,0.564019138308067,3.91319438766005,0.00740399367866943,0.0038244
15.44,-0.96239421763895,0.262816650261395,3.58799999929834,17.0111546024415,0.997621119172665,0.00106401430600591,0.200000000861351,-0.964312157463276,0.26476794173543,3.5879999999993,17.0107963267928,0.248874347008192,0.475256573811002,0.544999999986816,0.0450449124856603,0.525631039315199,3.92409129777848,0.00742824984609214,0.0037233
15.46,-0.967456741784088,0.243517499807261,3.59199999931552,17.0311545461815,0.99762116085383,0.0010639120227038,0.200000000856605,-0.969414307278297,0.245430032486767,3.5919999999993,17.0307963267928,0.248874348644739,0.475256572982463,0.544999999977236,0.0450449124710136,0.487032733519053,3.93421831828372,0.00745235005942918,0.0038397
15.48,-0.972132299451165,0.224120965279207,3.59599999933257,17.0511544896741,0.997621200151822,0.00106380995906697,0.200000000848409,-0.974128704295759,0.225993954497467,3.5959999999993,17.0507963267928,0.248874349504702,0.475256572603531,0.544999999970481,0.0450449125141694,0.448239659594309,3.94357139929143,0.00747628511098518,0.0038216
15.5,-0.976419020467363,0.204634804948159,3.59999999934943,17.0711544329435,0.997621237064247,0.00106370815564018,0.200000000837783,-0.978453462819713,0.20646748193958,3.59999999999929,17.0707963267928,0.248874349592374,0.475256572671795,0.544999999965809,0.0450449126114697,0.409267334120766,3.95214680047941,0.00750004591396246,0.0039589
15.52,-0.980315190188249,0.185066812934626,3.60399999936607,17.0911543760139,0.997621271589706,0.00106360665251835,0.200000000825474,-0.982386853004413,0.18685842514178,3.60399999999929,17.0907963267928,0.248874348912316,0.475256573184674,0.544999999962667,0.0450449127620296,0.370131345376958,3.95994109258364,0.00752362350576243,0.0036177
15.54,-0.983819250183622,0.165424816091202,3.60799999938244,17.1111543189095,0.997621303727795,0.00106350548942373,0.200000000812034,-0.985927301546228,0.167174627465336,3.60799999999929,17.1107963267928,0.248874347469375,0.475256574139435,0.544999999960615,0.0450449129653944,0.330847347105091,3.96695115876996,0.00754700905091888,0.0037082
15.56,-0.986929798860884,0.145716670871969,3.61199999939854,17.1311542616544,0.997621333479088,0.00106340470570723,0.200000000797855,-0.989073392312948,0.147423962166871,3.61199999999929,17.1307963267927,0.24887434526867,0.475256575533278,0.544999999959359,0.0450449132211861,0.291431052249803,3.97317419588083,0.00757019384393594,0.0037845
15.58,-0.989645592025677,0.125950260190062,3.61599999941435,17.1511542042727,0.997621360845139,0.00106330434034066,0.200000000783225,-0.991823866910212,0.127614329249166,3.61599999999929,17.1507963267927,0.248874342315612,0.475256577363295,0.544999999958661,0.0450449135289968,0.251898226673234,3.97860771555653,0.00759316931208435,0.0042682
15.6,-0.991965543379566,0.10613349026465,3.61999999942987,17.1711541467883,0.997621385828474,0.00106320443190541,0.200000000768343,-0.994177625184856,0.107753652301263,3.61999999999929,17.1707963267927,0.248874338615824,0.475256579626171,0.544999999958323,0.0450449138883948,0.212264682848935,3.9832495452305,0.0076159270181027,0.0037282
15.62,-0.993888724954564,0.0862742874585905,3.62399999944508,17.1911540892252,0.997621408432579,0.00106310501856914,0.200000000753339,-0.996133725664951,0.0878498753291352,3.62399999999928,17.1907963267927,0.248874334175225,0.475256582318657,0.544999999958217,0.0450449142989599,0.172546273537127,3.98709782899841,0.00763845866284372,0.0036359
15.64,-0.995414367484335,0.0663805951080292,3.62799999946,17.2111540316071,0.997621428661898,0.00106300613808171,0.200000000738297,-0.997691385936387,0.0679109595781919,3.62799999999928,17.2107963267927,0.24887432899999,0.475256585437369,0.54499999995825,0.0450449147602504,0.132758885443849,3.99015102836046,0.00766075608784712,0.0037594
15.66,-0.996541860711907,0.0464603703452096,3.63199999947462,17.2311539739577,0.997621446521823,0.00106290782776245,0.200000000723267,-0.998849982955824,0.0479448803488845,3.63199999999928,17.2307963267926,0.248874323096556,0.47525658897877,0.544999999958363,0.0450449152717727,0.0929184328665273,3.99240792283684,0.00768281127783403,0.0038888
15.68,-0.997270753633805,0.0265215809157608,3.63599999948893,17.2511539163005,0.997621462018686,0.00106281012448752,0.200000000708278,-0.999609053299902,0.027959623806694,3.63599999999928,17.2507963267926,0.248874316471605,0.475256592939234,0.54499999995851,0.0450449158330677,0.0530408513285035,3.99386761045589,0.00770461636313368,0.0039834
15.7,-0.997600754680463,0.00657220199174058,3.63999999950295,17.271153858659,0.997621475159753,0.00106271306467972,0.200000000693342,-0.999968293350603,0.00796318378777072,3.63999999999928,17.2707963267926,0.248874309132067,0.475256597314985,0.544999999958665,0.0450449164436178,0.0131420912050759,3.99452950811496,0.00772616362203767,0.004236
15.72,-0.997531731832884,-0.0133797870182934,3.64399999951666,17.2911538010564,0.99762148595321,0.00106261668429581,0.200000000678461,-0.999927559416699,-0.0120364413984935,3.64399999999928,17.2907963267926,0.248874301085119,0.475256602102121,0.544999999958813,0.0450449171029032,-0.0267618886564036,3.99439335181362,0.00774744548307272,0.0040903
15.74,-0.997063712675475,-0.0333264056609086,3.64799999953009,17.3111537435159,0.997621494408162,0.00106252101881537,0.200000000663634,-0.999486867791218,-0.0320312521686823,3.64799999999927,17.3107963267926,0.248874292338166,0.475256607296642,0.544999999958937,0.0450449178104073,-0.0666551273198219,3.99345919675935,0.00776845452721351,0.0042295
15.76,-0.996196884385043,-0.0532596756298416,3.65199999954321,17.3311536860605,0.997621500534616,0.00106242610323041,0.200000000648851,-0.998646394744935,-0.0520132508650815,3.65199999999927,17.3307963267926,0.248874282898858,0.475256612894381,0.544999999959036,0.0450449185655446,-0.106521668144433,3.99172741734544,0.00778918349001014,0.0037699
15.78,-0.994931593655961,-0.073171623957185,3.65599999955604,17.351153628713,0.997621504343477,0.00106233197203289,0.200000000634104,-0.997406476455863,-0.0719744449546356,3.65599999999927,17.3507963267925,0.248874272775067,0.475256618891081,0.544999999959119,0.0450449193677738,-0.14634556516727,3.9891987070013,0.00780962526363708,0.0039051
15.8,-0.993268346561529,-0.0930542862024393,3.65999999956858,17.3711535714959,0.997621505846535,0.0010622386592055,0.200000000619387,-0.995767608874785,-0.0919068502258546,3.65999999999927,17.3707963267925,0.24887426197489,0.475256625282328,0.544999999959176,0.0450449202164875,-0.186110889481288,3.98587407791516,0.00782977289888046,0.0038652
15.82,-0.991207808351587,-0.112899709638157,3.66399999958082,17.3911535144319,0.997621505056456,0.0010621461982096,0.20000000060469,-0.993730447526883,-0.111802493982392,3.66399999999927,17.3907963267925,0.248874250506644,0.475256632063615,0.544999999959222,0.0450449211111078,-0.225801735606687,3.98175486062919,0.00784961960703484,0.0039799
15.84,-0.988750803186455,-0.132699956430902,3.66799999959276,17.4111534575432,0.997621501986771,0.00106205462197611,0.20000000059001,-0.991295807249533,-0.131653418232016,3.66799999999927,17.4107963267925,0.248874238378856,0.47525663923029,0.544999999959254,0.0450449220510043,-0.26540222785286,3.97684270350738,0.00786915876173562,0.003661
15.86,-0.985898313807322,-0.152447106816253,3.67199999960442,17.4311534008519,0.997621496651868,0.0010619639628942,0.200000000575342,-0.988464661866385,-0.151451682869704,3.67199999999926,17.4307963267925,0.248874225600271,0.475256646777583,0.544999999959286,0.0450449230355573,-0.304896526668439,3.97113957207626,0.00788838390070842,0.0036563
15.88,-0.982651481143197,-0.172133262266582,3.67599999961578,17.4511533443798,0.997621489066974,0.00106187425280164,0.200000000560685,-0.985238143797846,-0.171189368853573,3.67599999999926,17.4507963267924,0.248874212179825,0.4752566547006,0.544999999959316,0.0450449240641131,-0.344268834976871,3.96464774823872,0.007907288727444,0.0043648
15.9,-0.979011603854592,-0.191750548650339,3.67999999962684,17.4711532881487,0.997621479248152,0.00106178552297485,0.200000000546039,-0.981617543608121,-0.190858581372395,3.67999999999926,17.4707963267924,0.248874198126669,0.475256662994317,0.544999999959357,0.0450449251360166,-0.383503404495024,3.95736982936139,0.00792586711279376,0.003978
15.92,-0.974980137814114,-0.211291119381581,3.68399999963762,17.49115323218,0.997621467212285,0.00106169780411921,0.200000000531407,-0.977604309489013,-0.210451453003416,3.68399999999926,17.4907963267924,0.248874183450133,0.475256671653594,0.544999999959409,0.0450449262505997,-0.422584542032262,3.9493087272357,0.00794411309648723,0.0037811
15.94,-0.970558695524173,-0.230747158558483,3.6879999996481,17.511153176495,0.997621452977063,0.00106161112635953,0.200000000516794,-0.97320004668066,-0.229960146859217,3.68799999999926,17.5107963267924,0.248874168159741,0.475256680673151,0.544999999959471,0.0450449274071662,-0.461496615767496,3.94046766691329,0.00796202088858847,0.0037186
15.96,-0.965749045472044,-0.25011088408958,3.69199999965829,17.5311531211146,0.997621436560973,0.00106152551923035,0.200000000502204,-0.968406516829464,-0.24937685972237,3.69199999999926,17.5307963267924,0.248874152265204,0.475256690047598,0.54499999995956,0.0450449286050219,-0.500224061501683,3.93085018541605,0.00797958487084368,0.0038415
15.98,-0.960553111422538,-0.269374550806485,3.69599999966819,17.5511530660596,0.997621417983288,0.00106144101166753,0.200000000487645,-0.963225637283452,-0.268693825166615,3.69599999999925,17.5507963267924,0.248874135776405,0.47525669977142,0.544999999959669,0.0450449298434591,-0.538751388883286,3.92046013032143,0.00799679959797724,0.0038336
16,-0.95497297164856,-0.288530453561841,3.6999999996778,17.5711530113505,0.997621397264048,0.00106135763199887,0.200000000473126,-0.957659480325365,-0.287903316663329,3.69999999999925,17.5707963267923,0.248874118703405,0.475256709838973,0.544999999959807,0.0450449311217442,-0.577063187604187,3.90930165822351,0.00801365979891237,0.0037341
16.02,-0.94901085809987,-0.307570930311266,3.70399999968711,17.5911529570077,0.997621374424056,0.0010612754079355,0.200000000458657,-0.951710272343771,-0.306997650672039,3.70399999999925,17.5907963267923,0.248874101056426,0.475256720244485,0.544999999959971,0.0450449324391359,-0.615144133563599,3.89737923307042,0.00803016037788569,0.0036723
16.04,-0.942669155510376,-0.326488365178058,3.70799999969614,17.611152903051,0.997621349484856,0.00106119436656334,0.200000000444246,-0.945380392942541,-0.325969189713728,3.70799999999925,17.6107963267923,0.248874082845861,0.475256730982083,0.544999999960171,0.0450449337948973,-0.652978994997481,3.88469762437892,0.00804629641551564,0.0037341
16.06,-0.935950400444312,-0.345275191499438,3.71199999970488,17.6311528495002,0.997621322468727,0.00106111453433557,0.200000000429908,-0.938672373989038,-0.344810345425729,3.71199999999926,17.6307963267923,0.248874064082247,0.475256742045748,0.544999999960392,0.0450449351882545,-0.690552638571041,3.87126190532667,0.00806206316977892,0.0038181
16.08,-0.928857280281688,-0.363923894853109,3.71599999971334,17.6511527963749,0.997621293398663,0.00106103593706363,0.200000000415649,-0.931588898601405,-0.36351358159697,3.71599999999926,17.6507963267923,0.248874044776286,0.475256753429361,0.544999999960647,0.0450449366184395,-0.727850035431849,3.85707745072309,0.00807745607690608,0.0041064
16.1,-0.921392632143422,-0.382427016062919,3.71999999972151,17.6711527436941,0.997621262298362,0.00106095859991047,0.200000000401482,-0.924132800075352,-0.382071417182356,3.71999999999926,17.6707963267923,0.24887402493882,0.475256765126679,0.544999999960938,0.0450449380846661,-0.764856267221182,3.84214993485955,0.00809247075220338,0.0036627
16.12,-0.913559441756562,-0.400777154182432,3.7239999997294,17.6911526914768,0.997621229192213,0.00106088254738284,0.20000000038742,-0.916307060750876,-0.400476429295086,3.72399999999926,17.6907963267923,0.248874004580829,0.475256777131346,0.544999999961251,0.0450449395861437,-0.801556532041154,3.82648532923979,0.0081071029908119,0.0039746
16.14,-0.905360842260088,-0.418966969455202,3.72799999973701,17.7111526397416,0.997621194105281,0.00106080780332417,0.20000000037347,-0.908114810819364,-0.418721256175714,3.72799999999926,17.7107963267923,0.248873983713433,0.475256789436887,0.544999999961594,0.0450449411220591,-0.837936150375282,3.81008990019142,0.00812134876835966,0.0046448
16.16,-0.896800112951732,-0.436989186250585,3.73199999974434,17.7311525885067,0.997621157063288,0.0010607343909077,0.200000000359644,-0.899559327071561,-0.436798600136747,3.73199999999926,17.7307963267923,0.24887396234788,0.47525680203672,0.544999999961969,0.0450449426915985,-0.873980570960089,3.79297020635953,0.00813520424156276,0.003996
16.18,-0.887880677976348,-0.454836595973893,3.7359999997514,17.7511525377902,0.997621118092605,0.00106066233263013,0.200000000345953,-0.890644031586894,-0.45470123048163,3.73599999999926,17.7507963267923,0.24887394049555,0.475256814924163,0.544999999962366,0.0450449442939488,-0.909675376605421,3.77513309608341,0.00814866574873978,0.0037496
16.2,-0.878606104956345,-0.47250205994974,3.73999999975818,17.7711524876098,0.997621077220233,0.00106059165030564,0.200000000332405,-0.881372490364689,-0.472421986396922,3.73999999999927,17.7707963267923,0.248873918167929,0.475256828092422,0.544999999962783,0.0450449459282665,-0.94500628996113,3.75658570465727,0.0081617298102473,0.0038661
16.22,-0.86898010356472,-0.489978512277425,3.74399999976469,17.7911524379828,0.997621034473789,0.00106052236505959,0.200000000319007,-0.871748411897814,-0.489953779816532,3.74399999999927,17.7907963267923,0.248873895376635,0.475256841534594,0.544999999963225,0.0450449475937038,-0.979959179227828,3.73733545147634,0.00817439312884899,0.0040761
16.24,-0.859006524041287,-0.507258962657204,3.74799999977094,17.8111523889264,0.99762098988149,0.00106045449732313,0.200000000305767,-0.861775645689339,-0.507289598256845,3.74799999999927,17.8107963267923,0.248873872133381,0.475256855243688,0.544999999963686,0.0450449492894157,-1.01452006380942,3.71739003706923,0.00818665258999417,0.0044594
16.26,-0.848689355652669,-0.524336499186326,3.75199999977693,17.8311523404571,0.997620943472138,0.00106038806682834,0.200000000292694,-0.851458180712776,-0.524422507621627,3.75199999999927,17.8307963267923,0.248873848449997,0.47525686921261,0.544999999964155,0.0450449510145371,-1.04867511990518,3.69675744001785,0.00819850526203261,0.0038998
16.28,-0.838032725096685,-0.541204291123715,3.75599999978265,17.8511522925915,0.997620895275104,0.00106032309260309,0.20000000027979,-0.840800143816554,-0.541345654975568,3.75599999999927,17.8507963267923,0.248873824338401,0.475256883434183,0.544999999964633,0.0450449527682087,-1.08241068603905,3.67544591376617,0.00820994839635363,0.0038973
16.3,-0.82704089485177,-0.557855591622182,3.75999999978812,17.8711522453456,0.997620845320314,0.00106025959296693,0.200000000267058,-0.829805798073324,-0.558052271285365,3.75999999999927,17.8707963267923,0.248873799810617,0.475256897901141,0.544999999965121,0.0450449545495511,-1.11571326852413,3.65346398331896,0.0082209794274383,0.0039461
16.32,-0.815718261472072,-0.574283740427097,3.76399999979333,17.8911521987351,0.997620793638231,0.00106019758552667,0.200000000254501,-0.818479541074796,-0.574535674127245,3.76399999999927,17.8907963267923,0.248873774878753,0.475256912606126,0.544999999965612,0.0450449563576835,-1.14856954685992,3.63082044183198,0.00823159597285842,0.0038202
16.34,-0.804069353828937,-0.590482166540407,3.7679999997983,17.9111521527753,0.997620740259838,0.00106013708717259,0.200000000242121,-0.806825903172753,-0.590789270359849,3.76799999999927,17.9107963267923,0.248873749554998,0.475256927541714,0.544999999966106,0.045044958191723,-1.18096637906038,3.60752434709485,0.00824179583318469,0.0037267
16.36,-0.792098831299451,-0.606444390848975,3.77199999980302,17.9311521074814,0.997620685216626,0.00106007811407535,0.200000000229919,-0.794849545666976,-0.606806558761393,3.77199999999928,17.9307963267923,0.248873723851636,0.475256942700394,0.544999999966598,0.0450449600507656,-1.21289080691057,3.58358501790814,0.00825157699181637,0.004402
16.38,-0.779811481902793,-0.622164028716148,3.7759999998075,17.951152062868,0.997620628540574,0.00106002068168259,0.200000000217895,-0.782555258940787,-0.62258113263008,3.77599999999928,17.9507963267923,0.248873697781008,0.475256958074591,0.544999999967085,0.0450449619339153,-1.24433006114978,3.55901203035595,0.00826093761476375,0.0037863
16.4,-0.767212220385126,-0.637634792535554,3.77999999981174,17.9711520189493,0.997620570264136,0.00105996480471675,0.200000000206046,-0.769947960544952,-0.638106682346686,3.77999999999928,17.9707963267923,0.24887367135554,0.475256973656667,0.544999999967563,0.0450449638402789,-1.27527156657906,3.53381521397573,0.00826987605033228,0.0036491
16.42,-0.754306086253801,-0.652850494246076,3.78399999981574,17.9911519757393,0.997620510420219,0.00105991049717256,0.200000000194368,-0.757032693230736,-0.65337699789833,3.78399999999928,17.9907963267923,0.248873644587714,0.475256989438905,0.544999999968028,0.045044965768925,-1.30570294709118,3.50800464782657,0.00827839082874791,0.0035691
16.44,-0.741098241761651,-0.667805047807021,3.78799999981951,18.0111519332517,0.997620449042175,0.00105985777231464,0.200000000182858,-0.743814622932862,-0.668385971362392,3.78799999999928,18.0107963267923,0.248873617490077,0.47525700541355,0.544999999968482,0.0450449677189576,-1.33561203062092,3.4815906564578,0.00828648066170894,0.0040635
16.46,-0.727593969842198,-0.682492471632478,3.79199999982306,18.0311518914996,0.997620386163776,0.00105980664267677,0.200000000171512,-0.730299036703212,-0.683127599349603,3.79199999999928,18.0307963267923,0.248873590075234,0.475257021572781,0.544999999968918,0.045044969689449,-1.36498685401372,3.45458380577931,0.00829414444186037,0.0039927
16.48,-0.713798671996582,-0.696906890983894,3.79599999982637,18.0511518504959,0.997620321819204,0.00105975712006002,0.200000000160322,-0.716491340596072,-0.697595985405321,3.79599999999928,18.0507963267923,0.248873562355836,0.475257037908736,0.544999999969333,0.0450449716794817,-1.39381566781087,3.42699489883539,0.00830138124221493,0.0036491
16.5,-0.699717866133058,-0.711042540319926,3.79999999982947,18.0711518102529,0.997620256043029,0.0010597092155323,0.200000000149282,-0.702397057505785,-0.711785342368033,3.79999999999929,18.0707963267923,0.248873534344592,0.475257054413503,0.54499999996973,0.0450449736881322,-1.42208694094911,3.39883497148369,0.00830819031548086,0.0036749
16.52,-0.685357184359943,-0.724893765602598,3.80399999983235,18.0911517707829,0.997620188870198,0.00105966293942752,0.200000000138385,-0.688021824957665,-0.725689994684143,3.80399999999929,18.0907963267923,0.248873506054237,0.475257071079127,0.544999999970086,0.0450449757144639,-1.44978936537296,3.37011528798107,0.00831457109334457,0.0041561
16.54,-0.670722370732874,-0.738455026558878,3.80799999983501,18.1111517320975,0.997620120336014,0.00105961830134546,0.200000000127615,-0.673371392853065,-0.739304380678117,3.80799999999929,18.1107963267923,0.248873477497558,0.475257087897632,0.54499999997042,0.0450449777575639,-1.47691186055779,3.34084733647806,0.00832052318567178,0.0036882
16.56,-0.655819278957292,-0.751720898896738,3.81199999983745,18.131151694208,0.99762005047612,0.00105957531015235,0.200000000116967,-0.658451621169489,-0.75262305477708,3.81199999999929,18.1307963267923,0.248873448687363,0.475257104860985,0.544999999970721,0.0450449798164776,-1.50344357794192,3.31104282442379,0.00832604637964204,0.0034088
16.58,-0.64065387004706,-0.764686076474833,3.81599999983969,18.1511516571254,0.997619979326483,0.00105953397398049,0.200000000106426,-0.643268477616684,-0.765640689688973,3.81599999999929,18.1507963267923,0.248873419636504,0.475257121961141,0.544999999970994,0.0450449818902882,-1.52937390526594,3.28071367388324,0.0083311406388143,0.0038314
16.6,-0.625232209940168,-0.777345373424916,3.81999999984171,18.1711516208601,0.99761990692338,0.00105949430022988,0.200000000095984,-0.627828035249631,-0.778352078533398,3.81999999999929,18.1707963267923,0.248873390357838,0.475257139190032,0.544999999971225,0.0450449839780567,-1.5546924708175,3.24987201676855,0.00833580610214333,0.0036765
16.62,-0.609560467072459,-0.78969372622615,3.82399999984353,18.1911515854224,0.997619833303376,0.00105945629556898,0.200000000085625,-0.612136470039408,-0.790752136924298,3.82399999999929,18.1907963267923,0.248873360864257,0.475257156539556,0.544999999971425,0.0450449860788416,-1.57938914757988,3.21853018998651,0.00834004308290491,0.0038258
16.64,-0.59364490991036,-0.801726195730481,3.82799999984514,18.2111515508218,0.997619758503312,0.00105941996593598,0.200000000075338,-0.596200058402881,-0.802835905003651,3.82799999999929,18.2107963267923,0.248873331168656,0.475257174001604,0.544999999971587,0.0450449881917105,-1.60345405728269,3.18670073050391,0.00834385206758178,0.0037724
16.66,-0.577491904443599,-0.813437969138269,3.83199999984654,18.2311515170679,0.997619682560283,0.00105938531654085,0.200000000065109,-0.58002517469222,-0.814598549425338,3.8319999999993,18.2307963267923,0.248873301283946,0.47525719156805,0.544999999971702,0.0450449903157287,-1.6268775743531,3.15439637033304,0.00834723371467496,0.0036786
16.68,-0.561107911638918,-0.824824361923377,3.83599999984774,18.2511514841696,0.997619605511629,0.00105935235186712,0.200000000054922,-0.56361828864525,-0.826035365288424,3.8359999999993,18.2507963267923,0.248873271223048,0.475257209230765,0.544999999971774,0.0450449924499657,-1.64965032976594,3.121630031439,0.00835018885343809,0.0039446
16.7,-0.544499484855784,-0.835880819706952,3.83999999984874,18.2711514521353,0.997619527394912,0.00105932107567448,0.200000000044761,-0.546985962797632,-0.837141778019054,3.8399999999993,18.2707963267923,0.248873240998871,0.475257226981603,0.544999999971799,0.0450449945934733,-1.67176321479126,3.08841482057118,0.00835271848257802,0.0035193
16.72,-0.527673267225157,-0.846602920079159,3.84399999984953,18.2911514209733,0.9976194482479,0.00105929149100086,0.200000000034608,-0.530134849857944,-0.847913345200217,3.8439999999993,18.2907963267923,0.248873210624337,0.475257244812414,0.544999999971781,0.0450449967453259,-1.69320738463772,3.05476402402071,0.0083548237688835,0.0034463
16.74,-0.510635988992335,-0.856986374368116,3.84799999985012,18.3111513906913,0.997619368108555,0.00105926360016553,0.200000000024449,-0.513071690046685,-0.858345758348662,3.8479999999993,18.3107963267923,0.248873180112345,0.47525726271506,0.544999999971715,0.0450449989045911,-1.71397426199039,3.02069110230616,0.00835650604578213,0.0034493
16.76,-0.493394464824961,-0.867027029355348,3.85199999985051,18.3311513612966,0.997619287015013,0.00105923740477258,0.200000000014267,-0.495803308400272,-0.868434844638225,3.8519999999993,18.3307963267923,0.248873149475792,0.475257280681396,0.544999999971597,0.0450450010703364,-1.73405554044166,2.98620968478956,0.00835776681184409,0.0035183
16.78,-0.475955591087263,-0.876720868937054,3.85599999985069,18.3511513327962,0.997619205005566,0.00105921290571385,0.200000000004042,-0.478336612041121,-0.87817656856891,3.8559999999993,18.3507963267923,0.248873118727552,0.475257298703291,0.544999999971432,0.045045003241636,-1.7534431878137,2.9513335642248,0.0083586077292495,0.0034363
16.8,-0.458326343081603,-0.886064015730536,3.85999999985067,18.3711513051965,0.997619122118649,0.00105919010317292,0.199999999993757,-0.460678587414892,-0.887567033581032,3.85999999999931,18.3707963267923,0.248873087880487,0.475257316772613,0.544999999971211,0.0450450054175598,-1.77212944937123,2.91607669124079,0.00835903062215928,0.0033929
16.82,-0.440513772258466,-0.895052732625136,3.86399999985044,18.3911512785037,0.997619038392824,0.0010591689966287,0.199999999983393,-0.442836297495996,-0.896602483613791,3.86399999999931,18.3907963267923,0.248873056947422,0.475257334881255,0.544999999970938,0.0450450075971927,-1.7901068509234,2.88045316876136,0.00835903747506741,0.0034449
16.84,-0.422525003395978,-0.903683424277072,3.86799999985,18.4111512527236,0.99761895386676,0.00105914958485998,0.199999999972931,-0.424816878962507,-0.905279304607646,3.86799999999931,18.4107963267923,0.24887302594116,0.475257353021125,0.544999999970614,0.0450450097796116,-1.80736820181339,2.84447724636433,0.00835863043107613,0.003512
16.86,-0.404367231750094,-0.911952638547565,3.87199999984936,18.4311512278614,0.997618868579219,0.00105913186594974,0.199999999962352,-0.406627539341584,-0.913594025949888,3.87199999999931,18.4307963267923,0.248872994874474,0.475257371184148,0.544999999970237,0.0450450119639052,-1.82390659779459,2.80816331458187,0.00835781179011459,0.003916
16.88,-0.386047720176597,-0.919857067883689,3.8759999998485,18.451151203922,0.997618782569042,0.00105911583728985,0.199999999951637,-0.388275554126552,-0.921543321862841,3.87599999999931,18.4507963267923,0.248872963760086,0.47525738936227,0.544999999969798,0.0450450141491564,-1.83971542379227,2.7715258991445,0.0083565840071297,0.0033877
16.9,-0.367573796226058,-0.927393550641387,3.87999999984742,18.4711511809099,0.997618695875129,0.00105910149558591,0.199999999940765,-0.369768263866809,-0.92912401273413,3.87999999999931,18.4707963267923,0.248872932610693,0.475257407547465,0.544999999969308,0.0450450163344603,-1.85478835654957,2.73457965517097,0.00835494969018458,0.0034814
16.92,-0.34895284921291,-0.934559072350123,3.88399999984612,18.4911511588293,0.997618608536427,0.00105908883686262,0.199999999929715,-0.351113071231698,-0.936333066388481,3.88399999999931,18.4907963267923,0.248872901438929,0.475257425731756,0.544999999968766,0.0450450185189304,-1.86911936715672,2.69733936130646,0.00835291159855291,0.0033898
16.94,-0.330192327259824,-0.941350766918675,3.88799999984461,18.5111511376837,0.997618520591911,0.00105907785646964,0.199999999918471,-0.332317438049539,-0.943167599300551,3.88799999999931,18.5107963267923,0.248872870257392,0.475257443907174,0.544999999968168,0.0450450207016519,-1.88270272346259,2.65981991381129,0.00835047264071755,0.0035582
16.96,-0.311299734318555,-0.947765917781567,3.89199999984286,18.5311511174765,0.997618432080571,0.00105906854908638,0.199999999907012,-0.313388882323001,-0.949624877748301,3.89199999999932,18.5307963267923,0.248872839078618,0.475257462065801,0.54499999996751,0.0450450228817366,-1.89553299236751,2.62203632060265,0.00834763587236098,0.0034619
16.98,-0.292282627168459,-0.953801958985701,3.89599999984088,18.5511510982105,0.997618343041392,0.00105906090872888,0.199999999895315,-0.294334975221997,-0.955702318906449,3.89599999999932,18.5507963267923,0.248872807915085,0.475257480199779,0.544999999966796,0.0450450250583232,-1.90760504199648,2.58400369525162,0.00834440449427708,0.0034119
17,-0.273148612393876,-0.959456476216739,3.89999999983867,18.5711510798882,0.997618253513346,0.00105905492875622,0.199999999883362,-0.27516333805532,-0.961397491879562,3.89999999999932,18.5707963267923,0.24887277677922,0.475257498301263,0.544999999966035,0.0450450272305045,-1.91891404375188,2.54573725093793,0.00834078185025077,0.0034443
17.02,-0.253905343341592,-0.964727207764839,3.90399999983622,18.5911510625117,0.997618163535371,0.00105905060187581,0.199999999871135,-0.255881639222215,-0.966708118674385,3.90399999999932,18.5907963267923,0.248872745683368,0.475257516362498,0.544999999965215,0.0450450293974338,-1.92945547424487,2.50725229436495,0.00833677142488522,0.0038732
17.04,-0.234560517059592,-0.969612045429346,3.90799999983351,18.6111510460826,0.997618073146355,0.00105904792015196,0.199999999858612,-0.236497591145133,-0.971632075111009,3.90799999999932,18.6107963267923,0.248872714639817,0.475257534375762,0.544999999964352,0.0450450315582362,-1.93922511710475,2.46856421963713,0.00833237684140359,0.0034804
17.06,-0.215121871218339,-0.974109035362078,3.91199999983056,18.6311510306022,0.997617982385126,0.00105904687501169,0.199999999845778,-0.217018947184852,-0.97616739167251,3.91199999999932,18.6307963267923,0.248872683660774,0.475257552333415,0.544999999963438,0.045045033712064,-1.9482190646655,2.42968850210264,0.00832760185937379,0.0034611
17.08,-0.19559718101579,-0.97821637884888,3.91599999982734,18.6511510160714,0.997617891290433,0.00105904745725305,0.199999999832616,-0.197453498539244,-0.980312254292735,3.91599999999932,18.6507963267923,0.248872652758376,0.475257570227869,0.544999999962471,0.0450450358580636,-1.95643371952877,2.39064069216338,0.00832245037242376,0.0037712
17.1,-0.175994256067414,-0.981932433029121,3.91999999982386,18.6711510024906,0.997617799900933,0.0010590496570521,0.199999999819106,-0.1778090711269,-0.984065005081898,3.91999999999933,18.6707963267923,0.248872621944676,0.475257588051612,0.544999999961472,0.0450450379953975,-1.96386579600291,2.35143640905505,0.00831692640588865,0.0038428
17.12,-0.156320937282434,-0.98525571155285,3.9239999998201,18.69115098986,0.997617708255176,0.00105905346397119,0.199999999805236,-0.158093522456862,-0.987424142989721,3.92399999999933,18.6907963267923,0.248872591231643,0.475257605797218,0.544999999960421,0.0450450401232357,-1.97051232141716,2.31209133459964,0.00831103411444747,0.0039274
17.14,-0.136585093727552,-0.988184885175354,3.92799999981606,18.7111509781791,0.997617616391592,0.00105905886696748,0.199999999790988,-0.138314738485727,-0.990388324405828,3.92799999999933,18.7107963267923,0.248872560631159,0.475257623457359,0.54499999995934,0.0450450422407693,-1.97637063731079,2.27262120693291,0.00830477777969636,0.003766
17.16,-0.116794619479411,-0.990718782288871,3.93199999981174,18.7311509674474,0.997617524348473,0.00105906585440164,0.19999999977635,-0.11848063046337,-0.992956363697175,3.93199999999933,18.7307963267923,0.248872530155014,0.475257641024769,0.54499999995822,0.0450450443471684,-1.98143840049641,2.23304181420934,0.00829816180769037,0.0037934
17.18,-0.0969574304670511,-0.992856389391251,3.93599999980711,18.7511509576636,0.997617432163962,0.00105907441404591,0.199999999761309,-0.0985991317685484,-0.995127233682284,3.93599999999933,18.7507963267923,0.248872499814907,0.475257658492305,0.544999999957066,0.0450450464416472,-1.98571358399731,2.19336898828707,0.00829119072645717,0.0037639
17.2,-0.0770814613056243,-0.994596851491378,3.93999999980218,18.7711509488264,0.997617339876039,0.0010590845330943,0.199999999745853,-0.0786781947356579,-0.996900066042107,3.93999999999933,18.7707963267923,0.248872469622431,0.475257675852912,0.544999999955893,0.0450450485234035,-1.98919447785822,2.15361859839534,0.00828386918346444,0.0036046
17.22,-0.0571746621226332,-0.995939472451181,3.94399999979694,18.7911509409339,0.997617247522508,0.00105909619817125,0.199999999729974,-0.0587257874739022,-0.998274151667337,3.94399999999933,18.7907963267923,0.248872439589088,0.475257693099654,0.544999999954689,0.0450450505916637,-1.99187968982932,2.11380654478702,0.00827620194307043,0.0036978
17.24,-0.0372449953779647,-0.996883715264117,3.94799999979138,18.8111509339839,0.997617155140981,0.00105910939534202,0.199999999713662,-0.0387498906801575,-0.999248940942045,3.94799999999933,18.8107963267923,0.248872409726263,0.475257710225709,0.544999999953468,0.0450450526456554,-1.99376814592315,2.0739487523787,0.00826819388391694,0.0035746
17.26,-0.0173004326789886,-0.997429202269995,3.95199999978548,18.8311509279737,0.997617062768864,0.0010591241101225,0.199999999696911,-0.0187584944467995,-0.999824043963519,3.95199999999934,18.8307963267923,0.248872380045238,0.475257727224377,0.544999999952235,0.0450450546846252,-1.99485909084419,2.03406116438088,0.00825984999631207,0.0037297
17.28,0.00265104840800301,-0.99757571530606,3.95599999977925,18.8511509229004,0.997616970443349,0.00105914032748943,0.199999999679715,0.00124040493422671,-0.999999230698216,3.95599999999934,18.8507963267923,0.248872350557183,0.475257744089079,0.544999999950991,0.0450450567078135,-1.99515208829106,1.99415973592096,0.00825117537957749,0.0034157
17.3,0.022601467548741,-0.997323195794286,3.95999999977267,18.8711509187607,0.997616878201397,0.00105915803189099,0.199999999662072,0.0212388081698173,-0.99977443107378,3.95999999999934,18.8707963267923,0.248872321273152,0.475257760813377,0.544999999949757,0.0450450587144949,-1.99464702113102,1.95426042766131,0.00824217523935803,0.0036547
17.32,0.0425428448330332,-0.996671744764833,3.96399999976573,18.8911509155507,0.997616786079725,0.0010591772072579,0.199999999643985,0.0412287161653198,-0.999149735007063,3.96399999999934,18.8907963267923,0.248872292204073,0.47525777739097,0.544999999948525,0.0450450607039474,-1.99334409144686,1.91437919941524,0.00823285488491465,0.0033904
17.34,0.0624672039666487,-0.99562162281566,3.96799999975842,18.9111509132665,0.997616694114794,0.00105919783701433,0.199999999625454,0.0612021332240645,-0.998125392368162,3.96799999999934,18.9107963267923,0.248872263360759,0.475257793815694,0.544999999947297,0.0450450626754467,-1.99124382045608,1.87453200376326,0.00822321972638767,0.0034391
17.36,0.0823665754617579,-0.994173250008312,3.97199999975074,18.9311509119037,0.997616602342801,0.001059219904089,0.199999999606481,0.0811510702455367,-0.996701812880475,3.97199999999934,18.9307963267923,0.248872234753895,0.475257810081527,0.54499999994609,0.045045064628298,-1.98834704830248,1.83473477967223,0.00821327527202853,0.0040802
17.38,0.10223299982465,-0.992327205699928,3.97599999974268,18.9511509114574,0.997616510799658,0.00105924339092674,0.199999999587073,0.10106754792091,-0.994879565956816,3.97599999999934,18.9507963267923,0.248872206394023,0.47525782618262,0.544999999944901,0.0450450665618251,-1.98465493372009,1.79500344611998,0.00820302712541881,0.0041181
17.4,0.122058530739455,-0.990084228311523,3.97999999973422,18.9711509119226,0.997616419520989,0.0010592682795007,0.199999999567237,0.120943599924664,-0.99265938047166,3.97999999999935,18.9707963267923,0.248872178291566,0.475257842113255,0.544999999943744,0.0450450684753389,-1.98016895356975,1.75535389572788,0.00819248098265673,0.003465
17.42,0.141835238246594,-0.987445215032653,3.98399999972536,18.9911509132937,0.997616328542113,0.00105929455132325,0.199999999546985,0.140771276101007,-0.990042144469596,3.98399999999935,18.9907963267923,0.248872150456799,0.475257857867888,0.544999999942621,0.0450450703681875,-1.97489090224838,1.715801988404,0.00818164262952703,0.0037038
17.44,0.161555211914687,-0.984411221462568,3.9879999997161,19.011150915565,0.997616237898033,0.00105932218745884,0.199999999526328,0.160542645643835,-0.987028904810132,3.98799999999935,19.0107963267923,0.248872122899856,0.475257873441132,0.544999999941539,0.0450450722397196,-1.9688228909713,1.67636354499937,0.00817051793864469,0.0038755
17.46,0.181210564004655,-0.980983461188003,3.99199999970641,19.0311509187302,0.997616147623427,0.00105935116853568,0.199999999505282,0.180249800268944,-0.983620866748953,3.99199999999935,19.0307963267923,0.248872095630722,0.475257888827759,0.544999999940503,0.0450450740893013,-1.96196734692774,1.63705434097973,0.00815911286659502,0.0040111
17.48,0.200793432624742,-0.977163305297776,3.9959999996963,19.0511509227831,0.997616057752635,0.00105938147475793,0.199999999483864,0.199884857377245,-0.979819393455845,3.99599999999935,19.0507963267923,0.248872068659259,0.475257904022846,0.544999999939541,0.045045075916316,-1.95432701231008,1.59789010011563,0.00814743345103535,0.0034673
17.5,0.220295984875198,-0.972952281834389,3.99999999968576,19.0711509277167,0.997615968319649,0.00105941308592362,0.199999999462098,0.21943996320769,-0.97562600546944,3.99999999999935,19.0707963267923,0.248872041995153,0.475257919021519,0.544999999938649,0.0450450777201654,-1.94590494321697,1.55888648819304,0.00813548580779485,0.0037381
17.52,0.239710419981369,-0.968352075182838,4.00399999967478,19.0911509335239,0.997615879358103,0.0010594459814319,0.199999999440012,0.238907295978678,-0.97104238008902,4.00399999999935,19.0907963267923,0.248872015647898,0.475257933818913,0.544999999937825,0.0450450795002301,-1.93670450843098,1.52005910674725,0.00812327612796028,0.0044652
17.54,0.259028972413939,-0.963364525396897,4.00799999966336,19.1111509401973,0.997615790901257,0.00105948014028917,0.199999999417629,0.258279069016662,-0.966070350703624,4.00799999999935,19.1107963267923,0.248871989626859,0.475257948410461,0.544999999937062,0.0450450812559372,-1.92672938807115,1.4814234868224,0.00811081067493046,0.0037212
17.56,0.278243914995066,-0.957991627463133,4.01199999965148,19.1311509477291,0.997615702981995,0.00105951554112724,0.199999999394972,0.277547533870715,-0.960711906058713,4.01199999999936,19.1307963267923,0.248871963941225,0.475257962791773,0.544999999936352,0.0450450829867258,-1.91598357212098,1.44299508275931,0.00809809578147835,0.0035864
17.58,0.297347561989192,-0.952235530502942,4.01599999963915,19.1511509561114,0.997615615632807,0.00105955216221607,0.199999999372058,0.296704983411803,-0.954969189460701,4.01599999999936,19.1507963267923,0.248871938565529,0.475257976869309,0.544999999927473,0.045045084685672,-1.90447135883249,1.40478926601383,0.00808513784850566,0.0038622
17.6,0.316332272177262,-0.94609853691298,4.01999999962633,19.1711509653356,0.997615528884376,0.00105958997788982,0.199999999345949,0.31574375491554,-0.948844497919657,4.01999999999936,19.1707963267923,0.248871913533419,0.475257990703533,0.54499999991907,0.0450450863610795,-1.89219735300707,1.36682131900852,0.00807194333673839,0.003446
17.62,0.33519045191315,-0.939583101444251,4.02399999961296,19.1911509753929,0.997615442767931,0.00105962896495723,0.199999999316814,0.33465623312717,-0.942340281230537,4.02399999999936,19.1907963267923,0.248871888863739,0.475258004316683,0.544999999913573,0.0450450880119018,-1.87916646415351,1.32910642901979,0.00805851876845634,0.0035731
17.64,0.353914558161052,-0.932691830220201,4.02799999959899,19.2111509862743,0.997615357314688,0.00105966910089471,0.1999999992857,0.353434853307573,-0.935459140993294,4.02799999999936,19.2107963267923,0.248871864565142,0.475258017705156,0.544999999910242,0.0450450896359954,-1.86538390452436,1.2916596821032,0.00804487072406771,0.003507
17.66,0.372497101512634,-0.925427479694298,4.03199999958438,19.2311509979705,0.997615272555441,0.00105971036281516,0.199999999253387,0.372072104259054,-0.928203829572276,4.03199999999936,19.2307963267923,0.248871840646086,0.475258030865468,0.544999999908527,0.0450450912325863,-1.85085518703107,1.2544960570592,0.00803100583847867,0.0037139
17.68,0.390930649182736,-0.917792955547484,4.03599999956912,19.251151010472,0.997615188520558,0.00105975272752344,0.199999999220457,0.390560531329726,-0.920577248995317,4.03599999999936,19.2507963267923,0.248871817114847,0.475258043794312,0.544999999907995,0.0450450928011745,-1.83558612303892,1.21763041944175,0.00801693079808963,0.0036604
17.7,0.409207827982413,-0.909791311525947,4.03999999955319,19.271151023769,0.997615105239968,0.00105979617153644,0.199999999187335,0.40889273939527,-0.912582449792959,4.03999999999936,19.2707963267923,0.248871793979482,0.475258056488505,0.544999999908324,0.0450450943412735,-1.81958282004253,1.18107751561233,0.00800265233780477,0.0036967
17.72,0.427321327268154,-0.901425748219657,4.04399999953661,19.2911510378515,0.997615022743153,0.00105984067109471,0.199999999154332,0.427061395816886,-0.904222629778287,4.04399999999937,19.2907963267923,0.248871771247868,0.475258068945013,0.544999999909279,0.0450450958524343,-1.80285167922295,1.1448519668415,0.00798817723802273,0.0034648
17.74,0.445263901866074,-0.892699611782172,4.04799999951937,19.3111510527093,0.997614941059141,0.0010598862021746,0.199999999121672,0.445059233374251,-0.895501132767846,4.04799999999937,19.3107963267923,0.248871748927657,0.475258081160942,0.544999999910697,0.0450450973342209,-1.7853993928873,1.10896826346061,0.0079735123216355,0.0037325
17.76,0.463028374969918,-0.883616392592216,4.05199999950148,19.3311510683317,0.997614860216493,0.00105993274049959,0.199999999089523,0.46287905317231,-0.886421447244154,4.05199999999937,19.3307963267923,0.248871727026299,0.475258093133538,0.544999999912415,0.0450450987862165,-1.76723294179191,1.07344075906578,0.00795866445101514,0.003698
17.78,0.480607641011724,-0.87417972385757,4.05599999948296,19.3511510847079,0.997614780243296,0.00105998026155166,0.199999999057992,0.480513727520737,-0.87698720496036,4.05599999999937,19.3507963267923,0.248871705551027,0.475258104860171,0.544999999914345,0.0450451002080129,-1.74835959235013,1.03828366477667,0.00794364052501788,0.0035114
17.8,0.497994668503989,-0.864393380161828,4.05999999946381,19.371151101827,0.997614701167156,0.00106002874058191,0.199999999027157,0.49795620278492,-0.867202179487588,4.05999999999937,19.3707963267923,0.24887168450885,0.475258116338343,0.544999999916436,0.0450451015992197,-1.72878689372581,1.00351104355216,0.00792844747597791,0.0034501
17.82,0.515182502852198,-0.854261275954607,4.06399999944405,19.3911511196776,0.997614623015189,0.00106007815262169,0.199999998997073,0.515199502207316,-0.857070284705564,4.06399999999937,19.3907963267923,0.248871663906556,0.475258127565686,0.544999999918613,0.0450451029594667,-1.70852267481381,0.969136804565345,0.00791309226670749,0.0034291
17.84,0.53216426913661,-0.843787463985812,4.0679999994237,19.4111511382482,0.997614545814011,0.00106012847249342,0.199999998967774,0.532236728698064,-0.846595573237109,4.06799999999937,19.4107963267923,0.248871643750705,0.47525813853994,0.544999999920854,0.0450451042883812,-1.68757504110845,0.935174697640026,0.00789758188750451,0.0037693
17.86,0.548933174862157,-0.832976133684574,4.07199999940277,19.4311511575272,0.997614469589731,0.00106017967482089,0.199999998939281,0.549061067593727,-0.83578223482715,4.07199999999938,19.4307963267923,0.248871624047631,0.475258149258961,0.544999999923131,0.0450451055856221,-1.66595237146151,0.901638307750918,0.00788192335315697,0.0038062
17.88,0.565482512675386,-0.821831609483527,4.07599999938128,19.4511511775026,0.997614394367944,0.00106023173403993,0.199999998911608,0.565665789383069,-0.824634594666874,4.07599999999938,19.4507963267923,0.248871604803423,0.47525815972073,0.544999999925417,0.0450451068508609,-1.64366331473068,0.868541049589827,0.00786612369996401,0.004199
17.9,0.581805663047343,-0.810358349089079,4.07999999935924,19.4711511981622,0.997614320173722,0.00106028462440898,0.199999998884759,0.582044252398768,-0.813157111663714,4.07999999999938,19.4707963267923,0.248871586023945,0.475258169923311,0.544999999927711,0.0450451080837679,-1.62071678632024,0.835896162199925,0.00785018998276531,0.0037042
17.92,0.597896096921322,-0.798560941698371,4.08399999933668,19.4911512194936,0.997614247031605,0.00106033832001856,0.199999998858735,0.598189905473992,-0.801354376657839,4.08399999999938,19.4907963267923,0.248871567714809,0.475258179864883,0.544999999930016,0.0450451092840424,-1.59712196461491,0.80371670368028,0.00783412927196653,0.0037476
17.94,0.613747378324433,-0.786444106163649,4.0879999993136,19.5111512414845,0.997614174965596,0.00106039279480208,0.19999999883354,0.614096290562786,-0.789231110585883,4.08799999999938,19.5107963267923,0.248871549881393,0.47525818954372,0.544999999932316,0.0450451104513942,-1.57288828730866,0.772015545962765,0.00781794865058641,0.0035056
17.96,0.629353166941931,-0.774012689104765,4.09199999929003,19.5311512641219,0.997614103999155,0.00106044802254554,0.199999998809174,0.629757045323196,-0.776792162592635,4.09199999999938,19.5307963267923,0.248871532528823,0.475258198958197,0.544999999934602,0.0450451115855517,-1.54802544762974,0.740805369663438,0.0078016552113177,0.0036783
17.98,0.644707220653287,-0.76127166297058,4.09599999926597,19.551151287393,0.997614034155185,0.00106050397689766,0.199999998785631,0.645165905662124,-0.76404250809144,4.09599999999938,19.5507963267923,0.24887151566198,0.475258208106776,0.544999999936891,0.045045112686251,-1.52254339046348,0.710098659010432,0.00778525605358324,0.0037228
18,0.659803398028975,-0.74822612405003,4.09999999924146,19.5711513112847,0.997613965456032,0.00106056063137935,0.199999998762911,0.660316708240884,-0.750987246774107,4.09999999999939,19.5707963267923,0.2488714992855,0.47525821698801,0.544999999939176,0.045045113753246,-1.49645230837446,0.679907696850414,0.00776875828062922,0.0042136
18.02,0.674635660786995,-0.73488129043366,4.1039999992165,19.5911513357837,0.997613897923476,0.00106061795939366,0.199999998741015,0.675203392940453,-0.737631600571094,4.10399999999939,19.5907963267923,0.248871483403758,0.475258225600541,0.54499999994144,0.0450451147863066,-1.46976263752965,0.650244559735584,0.00775216899660935,0.0034378
18.04,0.68919807620812,-0.721242499926436,4.10799999919111,19.6111513608766,0.997613831578724,0.00106067593423547,0.199999998719933,0.689820005285437,-0.723980911562811,4.10799999999939,19.6107963267923,0.248871468020886,0.475258233943099,0.54499999994371,0.0450451157852206,-1.44248505352397,0.621121113093194,0.00773549530370957,0.0035302
18.06,0.703484819508938,-0.707315207912676,4.1119999991653,19.6311513865498,0.997613766442402,0.00106073452910112,0.199999998699669,0.704160698825784,-0.710040639842852,4.11199999999939,19.6307963267923,0.248871453140755,0.475258242014475,0.544999999945965,0.0450451167497602,-1.41463046711028,0.592549006479514,0.00771874429926366,0.0034234
18.08,0.717490176171705,-0.693104985173942,4.1159999991391,19.6511514127894,0.997613702534553,0.00106079371709745,0.199999998680216,0.718219737475285,-0.695816361334039,4.11599999999939,19.6507963267923,0.248871438766982,0.475258249813571,0.544999999948215,0.0450451176797682,-1.38621001983512,0.564539668920147,0.00770192307290702,0.0041768
18.1,0.731208544230096,-0.678617515660785,4.11999999911252,19.6711514395817,0.997613639874625,0.00106085347125244,0.199999998661573,0.73199149780593,-0.68131376555812,4.11999999999939,19.6707963267923,0.248871424902929,0.475258257339347,0.544999999950463,0.0450451185750536,-1.35723507958229,0.537104304338548,0.00768503870373846,0.0034339
18.12,0.744634436509944,-0.663858594219212,4.12399999908557,19.6911514669126,0.997613578481473,0.00106091376452367,0.19999999864374,0.745470471297209,-0.66653865336004,4.12399999999939,19.6907963267923,0.248871411551702,0.47525826459085,0.544999999952703,0.0450451194354591,-1.32771723602576,0.51025388707459,0.00766809825750828,0.0034905
18.14,0.757762482824051,-0.648834124272803,4.12799999905828,19.7111514947679,0.997613518373345,0.00106097456980823,0.199999998626713,0.758651266539442,-0.651496934587681,4.12799999999939,19.7107963267923,0.248871398711997,0.47525827155045,0.544999999953355,0.0450451202593193,-1.29766829599399,0.483999157494953,0.00765110878387175,0.0034607
18.16,0.770587432120217,-0.633550115461401,4.13199999903065,19.7311515231333,0.997613459567712,0.00106103585928561,0.199999998609921,0.771528611390274,-0.636194625727997,4.1319999999994,19.7307963267923,0.248871386381877,0.475258278198956,0.544999999951186,0.0450451210458761,-1.2671002787473,0.458350617697108,0.00763407731345602,0.0036512
18.18,0.783104154581614,-0.618012681237325,4.13599999900267,19.7511515519942,0.99761340208123,0.00106109760440934,0.199999998592348,0.784097355083461,-0.620637847500503,4.1359999999994,19.7507963267923,0.248871374566882,0.475258284548319,0.544999999948277,0.0450451217974641,-1.2360254111703,0.433318527308598,0.00761701085497849,0.0039815
18.2,0.795307643678668,-0.602228036420039,4.13999999897433,19.7711515813359,0.997613345930049,0.00106115977717578,0.199999998573727,0.796352470289106,-0.604832822409071,4.1399999999994,19.7707963267923,0.24887136327004,0.475258290601474,0.544999999945244,0.0450451225137404,-1.20445612288131,0.408912899383315,0.00759991639283033,0.0038397
18.22,0.807193018171614,-0.586202494710281,4.14399999894561,19.7911516111438,0.997613291129723,0.00106122234969932,0.199999998554015,0.808289055124526,-0.588785872253006,4.1439999999994,19.7907963267923,0.248871352493253,0.475258296357772,0.544999999942199,0.0450451231942767,-1.17240504126062,0.38514349639639,0.00758280088431946,0.0040499
18.24,0.818755524062941,-0.569942466164636,4.14799999891648,19.8111516414029,0.99761323769517,0.00106128529408164,0.199999998533207,0.819902335114939,-0.572503415598413,4.1479999999994,19.8107963267923,0.248871342240764,0.475258301827112,0.544999999940155,0.045045123839877,-1.13988498639967,0.362019826339326,0.00756567125693091,0.0041871
18.26,0.829990536498938,-0.553454454631564,4.15199999888693,19.8311516720983,0.997613185640778,0.00106134858284723,0.199999998511662,0.831187665103192,-0.555991965210859,4.1519999999994,19.8307963267923,0.248871332513048,0.475258307005223,0.544999999938519,0.0450451244494907,-1.10690896597321,0.339551138916916,0.00754853440582388,0.0037502
18.28,0.840893561619584,-0.53674505514992,4.15599999885694,19.851151703215,0.997613134980263,0.00106141218835761,0.199999998489529,0.842140531107757,-0.539258125450347,4.1559999999994,19.8507963267923,0.248871323312424,0.47525831189634,0.544999999937626,0.0450451250236052,-1.07349017003632,0.317746421847475,0.00753139719106214,0.0037278
18.3,0.851460238356045,-0.519820951310999,4.15999999882651,19.8711517347379,0.997613085726749,0.00106147608318504,0.199999998467075,0.852756552128269,-0.522308589629669,4.15999999999941,19.8707963267923,0.248871314639695,0.475258316499619,0.544999999937212,0.0450451255618744,-1.03964196574856,0.296614397267858,0.00751426643511568,0.0036447
18.32,0.861686340175051,-0.502688912585154,4.16399999879562,19.8911517666519,0.997613037892714,0.00106154023990035,0.199999998444471,0.863031481897865,-0.50515013733716,4.16399999999941,19.8907963267923,0.248871306497408,0.475258320822353,0.54499999993785,0.0450451260649452,-1.00537789202728,0.276163518244721,0.00749714892023326,0.0036167
18.34,0.871567776769458,-0.485355791614071,4.16799999876429,19.9111517989416,0.997612991490072,0.00106160463141203,0.199999998422097,0.872961210581635,-0.487789631724962,4.16799999999941,19.9107963267923,0.24887129888302,0.475258324852312,0.544999999938101,0.0450451265312664,-0.970711654132165,0.256401965393398,0.00748005138603445,0.0040504
18.36,0.881100595694329,-0.467828521469773,4.17199999873251,19.9311518315919,0.997612946529972,0.00106166923017443,0.199999998399813,0.882541766420499,-0.47023401676385,4.17199999999941,19.9307963267923,0.248871291800945,0.475258328606421,0.544999999939628,0.0450451269630283,-0.9356571181833,0.237337643605756,0.00746298052676799,0.0037707
18.38,0.89028098394786,-0.450114112881457,4.17599999870028,19.9511518645873,0.997612903023089,0.00106173400940179,0.199999998378079,0.89176931731986,-0.452490314465736,4.17599999999941,19.9507963267923,0.248871285249358,0.475258332077481,0.54499999994136,0.0450451273586813,-0.900228305614893,0.21897817888834,0.00744594298915535,0.0038348
18.4,0.899105269496533,-0.432219651431257,4.17999999866763,19.9711518979125,0.997612860979382,0.00106179894204805,0.199999998356969,0.900640172382393,-0.434565622074959,4.17999999999941,19.9707963267923,0.248871279226941,0.475258335261357,0.544999999942819,0.045045127718179,-0.864439387566845,0.201330915312075,0.00742894536974274,0.0040397
18.42,0.907569922743888,-0.414152294720087,4.18399999863457,19.991151931552,0.99761282040812,0.00106186400098094,0.199999998336384,0.909150783384347,-0.416467109229483,4.18399999999941,19.9907963267923,0.248871273736271,0.47525833817073,0.54499999994519,0.0450451280429878,-0.828304679216459,0.184402912074724,0.00741199421249081,0.0036556
18.44,0.915671557942318,-0.39591926950466,4.1879999986011,20.0111519654904,0.997612781318047,0.00106192915966192,0.199999998316652,0.917297746194797,-0.398202015093137,4.18799999999941,20.0107963267923,0.248871268776642,0.47525834080606,0.544999999948194,0.0450451283324785,-0.791838634052526,0.168200940677312,0.00739509600657545,0.0035842
18.46,0.923406934547314,-0.377527868806848,4.19199999856724,20.0311519997122,0.997612743717267,0.00106199439162238,0.199999998298002,0.925077802137241,-0.379777645460044,4.19199999999942,20.0307963267923,0.248871264343361,0.475258343152712,0.544999999950219,0.0450451285852854,-0.755055838094101,0.152731482215607,0.00737825718398613,0.0035447
18.48,0.930772958513647,-0.358985448996551,4.19599999853302,20.0511520342019,0.997612707613082,0.00106205966988758,0.199999998280081,0.932487839293036,-0.361201369832401,4.19599999999942,20.0507963267923,0.248871260438351,0.475258345223826,0.544999999952677,0.0450451288035013,-0.717971004056255,0.138000724787779,0.00736148411705645,0.0038116
18.5,0.937766683532948,-0.340299426849212,4.19999999849846,20.0711520689439,0.99761267301227,0.00106212496813456,0.199999998263045,0.939524893746119,-0.342480618472779,4.19999999999942,20.0707963267923,0.248871257060974,0.475258347023183,0.544999999955677,0.0450451289869055,-0.680598965465159,0.12401456101924,0.00734478311643882,0.0035025
18.52,0.94438531221218,-0.321477276579176,4.20399999846356,20.0911521039226,0.997612639920992,0.00106219026026581,0.199999998247089,0.946186150768535,-0.323622879432116,4.20399999999942,20.0907963267923,0.248871254209578,0.475258348551538,0.544999999959048,0.0450451291353326,-0.64295467072484,0.11077858570568,0.00732816042882525,0.0034009
18.54,0.950626197192556,-0.302526526850077,4.20799999842835,20.1111521391227,0.997612608344767,0.00106225552030277,0.199999998232346,0.95246894594629,-0.304635695554595,4.20799999999942,20.1107963267923,0.248871251881436,0.475258349806255,0.544999999962312,0.0450451292485662,-0.605053177137993,0.0982980935752235,0.00731162223475044,0.0038563
18.56,0.956486842208441,-0.28345475776344,4.21199999839286,20.1311521745284,0.997612578288429,0.00106232072226464,0.199999998218778,0.958370766245082,-0.285526661460607,4.21199999999942,20.1307963267923,0.248871250072073,0.475258350778669,0.544999999964601,0.0450451293261171,-0.56690964488323,0.0865780771706227,0.0072951746464193,0.0037973
18.58,0.961964903085828,-0.264269597826722,4.21599999835711,20.1511522101242,0.99761254975607,0.00106238583994501,0.199999998206035,0.963889251015482,-0.266303420509007,4.21599999999942,20.1507963267923,0.24887124878252,0.475258351483322,0.544999999967402,0.0450451293699392,-0.528539330951182,0.0756232248523086,0.00727882370553039,0.0036577
18.6,0.967058188679967,-0.244978720901977,4.21999999832112,20.1711522458947,0.997612522751269,0.00106245084786343,0.199999998194299,0.969022192937162,-0.246973661739868,4.21999999999943,20.1707963267923,0.24887124801024,0.47525835192129,0.544999999970526,0.0450451293795055,-0.489957583041881,0.0654379189231202,0.00726257538139345,0.0034735
18.62,0.971764661751778,-0.225589843136387,4.22399999828489,20.1911522818243,0.997612497276958,0.00106251572068039,0.199999998183689,0.973767538901789,-0.227545116798972,4.22399999999943,20.1907963267923,0.248871247752467,0.475258352093715,0.544999999973851,0.0450451293548736,-0.451179833425852,0.0560262338754515,0.0072464355688263,0.0035627
18.64,0.976082439782716,-0.20611071987588,4.22799999824847,20.2111523178975,0.997612473335433,0.00106258043322527,0.199999998174275,0.978123390834249,-0.208025556845251,4.22799999999943,20.2107963267923,0.248871248006224,0.475258352001819,0.544999999977273,0.0450451292962317,-0.412221592771388,0.0473919347615191,0.00723041008616551,0.0038581
18.66,0.980009795727737,-0.186549142563063,4.23199999821188,20.2311523540989,0.997612450928344,0.00106264496050863,0.199999998166093,0.982088006451847,-0.188422789442429,4.23199999999943,20.2307963267923,0.248871248768792,0.475258351648843,0.544999999980897,0.0450451292039581,-0.373098443940458,0.0395384756874043,0.00721450467332726,0.0035378
18.68,0.983545158706087,-0.166912935620729,4.23599999817513,20.2511523904131,0.997612430056727,0.00106270927780887,0.199999998159216,0.985659799961195,-0.168744655436101,4.23599999999943,20.2507963267923,0.248871250032174,0.475258351017627,0.544999999982973,0.0450451290765445,-0.333826035755748,0.032468998431469,0.00719872498994788,0.0034182
18.7,0.986687114629624,-0.147209953322169,4.23999999813826,20.2711524268247,0.997612410720788,0.00106277335985928,0.199999998153087,0.988837342692514,-0.148999025817498,4.23999999999943,20.2707963267923,0.248871251797024,0.475258350126808,0.544999999985455,0.0450451289168001,-0.29442007674131,0.0261863311877006,0.00718307661333601,0.0034589
18.72,0.989434406768426,-0.127448076649538,4.24399999810126,20.2911524633184,0.997612392920265,0.00106283718233493,0.199999998147851,0.991619363671077,-0.129193798575195,4.24399999999943,20.2907963267923,0.248871254059551,0.475258348977965,0.544999999988209,0.0450451287241458,-0.25489632883934,0.020692987434487,0.00716756503693418,0.00367
18.74,0.991785936253442,-0.107635210141546,4.24799999806418,20.3111524998789,0.997612376654266,0.00106290072110077,0.199999998143606,0.994004750125587,-0.109336895536023,4.24799999999943,20.3107963267923,0.248871256815756,0.475258347572738,0.544999999991117,0.0450451284986922,-0.215270601105581,0.0159911649292743,0.00715219566844239,0.0036175
18.76,0.99374076251601,-0.0877792787317207,4.25199999802702,20.331152536491,0.99761236192127,0.0010629639522427,0.199999998140408,0.995992547933266,-0.0894362591964432,4.25199999999944,20.3307963267923,0.24887126006145,0.475258345912854,0.544999999994127,0.0450451282406894,-0.175558743385892,0.0120827448295107,0.00713697382809756,0.0035944
18.78,0.995298103664062,-0.0678882245785199,4.25599999798981,20.3511525731395,0.997612348719132,0.00106302685208014,0.199999998138293,0.997581962001495,-0.0694998495456525,4.25599999999944,20.3507963267923,0.248871263792252,0.475258344000134,0.544999999997151,0.0450451279504322,-0.135776639976494,0.00896929094022597,0.00712190474699388,0.0034698
18.8,0.996457336794849,-0.0479700038885497,4.25999999795256,20.3711526098094,0.997612337045083,0.00106308939717559,0.199999998137268,0.998772356585838,-0.0495356408816961,4.25999999999944,20.3707963267923,0.248871268003595,0.475258341836473,0.545000000000177,0.0450451276282004,-0.0959402032704412,0.00665204908854918,0.00710699356545806,0.0035318
18.82,0.997217998244077,-0.0280325837341679,4.2639999979153,20.3911526464857,0.997612326895739,0.00106315156434262,0.199999998137331,0.999563255544333,-0.0295516186218537,4.26399999999944,20.3907963267923,0.248871272690731,0.475258339423855,0.545000000003169,0.0450451272743041,-0.0560653673928533,0.00513194662541417,0.00709224533146027,0.0037531
18.84,0.997579783771349,-0.00808393886674053,4.26799999787806,20.4111526831536,0.9976123182671,0.00106321333065484,0.199999998138472,0.999954342527943,-0.00955577610857913,4.26799999999944,20.4107963267923,0.248871277848731,0.475258336764361,0.545000000006092,0.045045126889068,-0.0161680818274553,0.00440959205465192,0.00707766499907852,0.0036785
