Time,X,Y,Z,Psi,Vx_B,Vy_B,Vz_B,Ref_X,Ref_Y,Ref_Z,Ref_Psi,Ux,Uy,Uz,Upsi,Int_X,Int_Y,Cost,CalcTime
0,1,0,1,1.5707963267949,1,6.12323399573677e-17,0,1,0,1,1.5707963267949,0.250218066550119,0.482234428064,0.544999995635482,0.0452601151479125,0,0,0.00895838135265265,0.0055056
0.02,0.999797474406838,0.019998736571251,0.999999999984288,1.59080094609983,1.00001117166636,0.000248122991077967,-1.57122642008289e-09,0.999800006666578,0.0199986666933331,1,1.5907963267949,0.250199133950965,0.481921405981502,0.544999997251929,0.0451173238008313,0.0399972996025072,0.000399987656644697,0.00879126999998578,0.0057723
0.04,0.999190133881332,0.0399895393319228,0.99999999994297,1.61081114610987,1.00002619956331,0.000475358661222181,-2.56053183989025e-09,0.999200106660978,0.0399893341866341,1,1.6107963267949,0.250174826818189,0.481614108247877,0.544999998430758,0.0450930150810876,0.0799784003496385,0.00159979313790467,0.00862529878771525,0.0050256
0.06,0.998178515745824,0.0599643017008117,0.99999999988611,1.6308229072901,1.00004446852165,0.000686042050802471,-3.12545903824457e-09,0.998200539935204,0.0599640064794446,1,1.6307963267949,0.25014555188939,0.481314311873949,0.544999999277514,0.0450881837236112,0.119927119874176,0.00359893692555436,0.00846057075439063,0.0054194
0.08,0.996763311623006,0.0799149294105317,0.999999999821,1.65083547231639,1.00006543199285,0.000881313412714572,-3.38555384615802e-09,0.996801706302619,0.0799146939691727,1,1.6507963267949,0.250111617774238,0.481022453559097,0.54499999987367,0.0450864949407993,0.159827300392139,0.0063966154712631,0.00829742200658682,0.0047405
0.1,0.994945366511698,0.0998333440174288,0.999999999752834,1.67084862805392,1.00008857736586,0.00106179121594684,-3.43103277344881e-09,0.995004165278026,0.0998334166468281,1,1.6707963267949,0.250073320317114,0.48073872897539,0.545000000281937,0.0450852610032505,0.199662814853604,0.00999170176171493,0.00813617227157158,0.0041838
0.12,0.99272567834011,0.119711486056628,0.999999999685229,1.69086225670354,1.00011342015258,0.00122801225180749,-3.32953536741343e-09,0.992808635853866,0.119712207288919,1,1.6907963267949,0.250030956553702,0.480463274012266,0.545000000550446,0.0450840465200358,0.239417573068509,0.0143827460150717,0.00797714522367514,0.0043855
0.14,0.990105397555439,0.139541318130809,0.99999999962062,1.71087626154301,1.00013950300682,0.00138050312968863,-3.13137494600824e-09,0.990215996212637,0.139543114644236,1,1.7107963267949,0.249984825819421,0.48019619515973,0.545000000716,0.0450827874878317,0.279075527815711,0.0195679765019978,0.00782066677711372,0.0037189
0.16,0.987085826676221,0.159314827978417,0.99999999956057,1.73089055450171,1.00016639548436,0.00151979095539692,-2.87361512363305e-09,0.987227283375627,0.159318206614246,1,1.7307963267949,0.249935228801423,0.479937575038378,0.545000000806637,0.0450814808046664,0.318620680934952,0.0255453004897772,0.00766705854438455,0.0036522
0.18,0.983668419795127,0.179024031527722,0.999999999506001,1.75090505394117,1.00019369386013,0.00164640400363268,-2.58322586432769e-09,0.983843692788121,0.179029573425824,1,1.7507963267949,0.24988246631526,0.479687473870869,0.545000000843613,0.0450801330225843,0.358037089399944,0.0323123053088706,0.00751663143869441,0.0038172
0.2,0.979854782030127,0.198660975936898,0.999999999457374,1.77091968411919,1.00022102089165,0.00176087077489699,-2.27952519082919e-09,0.980066577841242,0.198669330795061,1,1.7707963267949,0.249826838100074,0.47944593032276,0.545000000842948,0.0450787518938691,0.397308871370526,0.0398662595413585,0.00736968026887635,0.0060711
0.22,0.975646668923677,0.218217742619298,0.999999999414818,1.7909343749314,1.00024802551403,0.00186371882418106,-1.97606404128692e-09,0.975897449330606,0.218229623080869,1,1.7907963267949,0.249768641680528,0.479212962274103,0.545000000816641,0.0450773449818862,0.436420212221832,0.0482041143306929,0.00722647938380398,0.0059548
0.24,0.971045985789881,0.237686450252979,0.999999999378236,1.81094906169819,1.00027438246824,0.00195547359250285,-1.68207321848968e-09,0.97133797485203,0.237702626427134,1,1.8107963267949,0.249708171302967,0.478988567610155,0.545000000773605,0.0450759194386975,0.475355370548396,0.0573225048121498,0.00708727928645603,0.0045447
0.26,0.966054787009648,0.257059257773534,0.99999999934738,1.83096368495928,1.0002997918668,0.00203665728120199,-1.40357549582859e-09,0.966389978134513,0.257080551892155,1,1.8307963267949,0.249645716946424,0.478772725041694,0.54500000072039,0.0450744819758318,0.514098684141083,0.067217751663331,0.00695230411904796,0.003991
0.28,0.960675275273886,0.27632836734926,0.999999999321902,1.8509781902697,1.00032397870143,0.00210778777708326,-1.14423521324625e-09,0.961055438310771,0.276355648564114,1,1.8507963267949,0.249581563407707,0.47856539495257,0.545000000661754,0.0450730388674562,0.552634575934805,0.0778858627740289,0.00682174992238906,0.0038321
0.3,0.954909800774779,0.295486027337781,0.999999999301399,1.87099252799674,1.00034669229754,0.00216937763098535,-9.06003947420686e-10,0.955336489125606,0.29552020666134,1,1.8707963267949,0.249515989459491,0.478366520270329,0.545000000601092,0.0450715959593746,0.59094755992492,0.0893225350347312,0.00669578357815404,0.0036774
0.32,0.94876086034523,0.314524535223184,0.999999999285443,1.89100665311787,1.00036770571986,0.00222193309119738,-6.8961099941589e-10,0.949235418082441,0.314566560616118,1,1.8907963267949,0.249449267080109,0.478176027355502,0.545000000540779,0.0450701586794179,0.62902224705024,0.101523156243003,0.00657454234862946,0.0038433
0.34,0.942231096546531,0.333436240532792,0.999999999273598,1.9110205250201,1.00038681513406,0.00226595319271917,-4.94930496586221e-10,0.942754665528346,0.333487092140814,1,1.9107963267949,0.249381660753508,0.477993826905275,0.545000000482423,0.0450687320484666,0.666843351040589,0.114482807126948,0.00645813393443487,0.0040526
0.36,0.935323296704386,0.352213547732695,0.999999999265436,1.93103410730088,1.00040383912854,0.00230192890306626,-3.21258362134813e-10,0.935896823677935,0.35227423327509,1,1.9307963267949,0.249313426837811,0.477819814867495,0.545000000427062,0.045067320691922,0.704395694226829,0.128196263484926,0.00634663697653006,0.004034
0.38,0.928040391893369,0.370848919101151,0.999999999260548,1.95104736757113,1.00041861800078,0.00233034232505985,-1.67515992188782e-10,0.92866463557651,0.370920469412983,1,1.9507963267949,0.249244813000616,0.477653873361128,0.545000000375318,0.0450659288515723,0.7416642133113,0.142657998440641,0.00624010193450697,0.0036352
0.4,0.920385455869959,0.389334877579022,0.999999999258549,1.97106027726047,1.00043101301263,0.00235166595679892,-3.24014592933957e-11,0.921060994002885,0.389418342308651,1,1.9707963267949,0.249176057719214,0.47749587159949,0.545000000327516,0.0450645603977972,0.778633965096604,0.157862184812719,0.00613855227861071,0.0038115
0.42,0.912361703954288,0.407664009596364,0.99999999925908,1.99107281142509,1.00044090561837,0.00236636200878113,8.5504225921796e-11,0.913088940312308,0.40776045305957,1,1.9907963267949,0.249107389843644,0.477345666812791,0.545000000283759,0.0450632188420617,0.81529013217069,0.17380269759782,0.00604198593825634,0.0035422
0.44,0.903972491860742,0.425828967874343,0.999999999261812,2.01108494855845,1.00044819666975,0.00237488177792443,1.87657498429417e-10,0.904751663219963,0.425939465066,1,2.0107963267949,0.249039028220519,0.477203105166703,0.545000000244011,0.045061907349664,0.851618028546176,0.190473116566335,0.00595037695491137,0.0035961
0.46,0.895221314477614,0.443822474201625,0.999999999266443,2.0310966704051,1.00045280560168,0.00237766507803923,2.75501363944387e-10,0.896052497525525,0.44394810696552,1,2.03079632679489,0.248971181375398,0.477068022673907,0.545000000208121,0.0450606287526755,0.887603105251891,0.207866728969636,0.00586367729209459,0.0034319
0.48,0.886111804595954,0.461637322184411,0.999999999272702,2.05110796177793,1.00045466960235,0.00237513972611395,3.50424826933705e-10,0.886994922779284,0.461779175541483,1,2.05079632679489,0.248904047251446,0.476940246095731,0.54500000017589,0.0450593855630533,0.923230955874568,0.225976532357874,0.00578181875988372,0.0041014
0.5,0.87664773158785,0.479266379969265,0.999999999280344,2.07111881037888,1.00045374277134,0.00236772108360147,4.13745375738018e-10,0.877582561890373,0.479425538604203,1,2.07079632679489,0.248837813002058,0.476819593831219,0.545000000147069,0.0450581799858657,0.958487322048696,0.244795237507223,0.00570471501580361,0.0035871
0.52,0.866833000034344,0.496702592937928,0.999999999289148,2.09112920662364,1.00044999526903,0.00235581165173341,4.66690366351941e-10,0.867819179677651,0.496880137843737,1,2.09079632679489,0.24877265483503,0.476705876791171,0.545000000121397,0.0450570139325947,0.993358098892482,0.26431527145549,0.00563226360814143,0.0039813
0.54,0.856671648303206,0.513938986373264,0.999999999298919,2.11113914347023,1.00044341246062,0.00233980071974224,5.10393292074696e-10,0.857708681363825,0.514135991653114,1,2.11079632679488,0.248708737905885,0.476598899254846,0.545000000098604,0.0450558890344819,1.02782934038793,0.284528780644934,0.00556434803170155,0.0035534
0.56,0.846167847076847,0.530968668095519,0.999999999309482,2.13114861625179,1.00043399405787,0.00232006406473477,5.45890621594936e-10,0.847255111013417,0.531186197920884,1,2.13079632679488,0.248646216257928,0.476498459707281,0.545000000078428,0.0450548066558799,1.06188726470305,0.305427634171143,0.00550083976975224,0.0043686
0.58,0.835325897830614,0.547784831068066,0.999999999320682,2.15115762251379,1.0004217532614,0.00229696370183964,5.74124747743099e-10,0.836462649915188,0.548023936791875,1,2.15079632679488,0.248585232806459,0.476404351655274,0.545000000060615,0.0450537679075657,1.09551825945415,0.327003427136738,0.00544160029942377,0.0041171
0.6,0.824150231261774,0.564380755971802,0.999999999332382,2.17116616185567,1.00040671590643,0.00227084768313982,5.95946048065344e-10,0.82533561490968,0.564642473395037,1,2.17079632679488,0.248525919364806,0.476316364420387,0.545000000044925,0.0450527736599963,1.1287088869063,0.349247484108702,0.00538648304103308,0.0040935
0.62,0.812645405669497,0.58074981374737,0.999999999344463,2.19117423577715,1.00038891961444,0.00224204994380545,6.12119066545348e-10,0.813878456662536,0.581035160537307,1,2.19079632679488,0.248468396709579,0.476234283907334,0.545000000031136,0.0450518245564598,1.16144588911,0.372150862678027,0.00533533523487498,0.0039877
0.64,0.800816105286159,0.59688546810437,0.999999999356817,2.21118184752932,1.00036841295332,0.00221089019375201,6.23328055837647e-10,0.802095757884295,0.597195441362394,1,2.21079632679487,0.248412774682729,0.476157893346478,0.545000000019044,0.045050921026102,1.19371619297202,0.395704357120401,0.00528799973179406,0.0037273
0.66,0.788667138560328,0.612781277996744,0.999999999369352,2.23118900197054,1.00034525460823,0.00217767385307677,6.30183869532175e-10,0.789992231497368,0.613116851973436,1,2.23079632679487,0.248359152327956,0.476086974009164,0.545000000008462,0.0450500632967966,1.22550691525854,0.419898502156591,0.00524431668642202,0.0035437
0.68,0.776203436391813,0.628430900063484,0.999999999381987,2.25119570542727,1.00031951256531,0.00214269202945922,6.33230108348926e-10,0.777572718750931,0.628793024018471,1,2.25079632679487,0.248307618059013,0.476021305894908,0.544999999999219,0.0450492514078357,1.25680536752868,0.444723576811143,0.00520412514433737,0.0035338
0.7,0.763430050319149,0.643828091033852,0.999999999394648,2.27120196556001,1.0002912633102,0.00210622153565841,6.32948768952702e-10,0.764842187284492,0.644217687237694,1,2.27079632679487,0.248258249833757,0.475960668327673,0.544999999985687,0.0450484852180017,1.28759906099645,0.470169608368013,0.00516726451629576,0.0037312
0.72,0.750352150659997,0.658966710096271,0.999999999407256,2.29120779123404,1.00026059104225,0.00206852494271062,6.27796090668654e-10,0.751805729140899,0.659384671971476,1,2.29079632679486,0.248211115452429,0.475904840774975,0.544999999975226,0.045047764434319,1.31787571131925,0.496226376421676,0.00513357593569095,0.0038365
0.74,0.736975024604822,0.67384072123005,0.999999999419722,2.31121319239563,1.00022758690998,0.00202985067717643,6.1887739377653e-10,0.738468558729593,0.674287911628149,1,2.31079632679486,0.248166272732281,0.475853603250601,0.544999999967258,0.0450470886016031,1.34762324331109,0.522883417022249,0.00510290349522808,0.0037872
0.76,0.72330407426434,0.688444195499112,0.999999999431982,2.33121817995325,1.00019234826337,0.00199043314440903,6.0709027138728e-10,0.724836010740911,0.688921445110555,1,2.33079632679486,0.248123769804952,0.475806736947049,0.544999999961231,0.045046457126672,1.37682979557856,0.550130026913136,0.00507509536205051,0.0042094
0.78,0.709344814671268,0.702771313306893,0.999999999443984,2.35122276566384,1.00015497792832,0.00195049288703601,5.93133329118702e-10,0.710913538012283,0.703279419200415,1,2.35079632679486,0.248083645409451,0.475764024772577,0.544999999956716,0.0450458692880608,1.40548372507789,0.577955267859634,0.00505000477123519,0.0043401
0.8,0.695102871736878,0.71681636661161,0.999999999455691,2.37122696202423,1.00011558350346,0.00191023677369417,5.77550913760662e-10,0.696706709347172,0.717356090899528,1,2.37079632679486,0.248045929202876,0.475725251856026,0.544999999953392,0.0450453242467997,1.43357361159105,0.606347971066958,0.00502749089891378,0.0041964
0.82,0.680583980162899,0.730573761101031,0.999999999467075,2.39123078216772,1.00007427668059,0.00186985821602539,5.60772122071286e-10,0.68222120728762,0.731145829726902,1,2.39079632679485,0.248010642087084,0.475690206019744,0.544999999950978,0.0450448210571283,1.46108826211932,0.635296741686061,0.00500741961728111,0.0038811
0.84,0.665793981309324,0.744038018325952,0.999999999478113,2.41123423976581,1.00003117258936,0.00182953741192621,5.43124194507529e-10,0.667462825841315,0.744643119970866,1,2.41079632679485,0.247977796549469,0.475658678221815,0.544999999949267,0.0450443586769994,1.48801671519238,0.664789963405625,0.0049896641347122,0.0040027
0.86,0.650738821018743,0.75720377779154,0.999999999488793,2.4312373489349,0.999986389167347,0.00178944161309523,5.24860226391868e-10,0.65243746816406,0.757842562895284,1,2.43079632679485,0.247947397015652,0.475630462966699,0.544999999948098,0.0450439359781791,1.51434824509131,0.694815803128552,0.00497410552499523,0.003814
0.88,0.635424547397808,0.770065799005738,0.999999999499104,2.45124012414809,0.999940046555995,0.00174972541489585,5.06175368286679e-10,0.637151144198589,0.770738878898977,1,2.45079632679485,0.247919440212316,0.475605358684919,0.54499999994735,0.0450435517560154,1.54007236598361,0.725362215731251,0.00496063315028932,0.004247
0.9,0.619857308556486,0.782618963483905,0.999999999509038,2.47124258015195,0.999892266523045,0.00171053106659365,4.8722128553891e-10,0.621609968270674,0.783326909627492,1,2.47079632679484,0.247893915538288,0.47558316808214,0.544999999946925,0.0450432047388412,1.56517883596874,0.756416948903987,0.00494914498297265,0.0042132
0.92,0.604043350305777,0.794858276708894,0.999999999518591,2.49124473188814,0.999843171911931,0.00167198880005759,4.68114365048679e-10,0.605820156643473,0.795601620036375,1,2.49079632679484,0.247870805442148,0.475563698458016,0.544999999946749,0.0450428935970084,1.58965766103231,0.787967548070532,0.00493954783198561,0.0037908
0.94,0.587989013814611,0.806778870045755,0.999999999527762,2.51124659441985,0.999792886118455,0.00163421717504669,4.48944028619282e-10,0.589788025031109,0.807558100405125,1,2.51079632679484,0.247850085804668,0.475546761995341,0.544999999946763,0.0450426169515441,1.61349909890741,0.82000136138531,0.00493175747954031,0.0036026
0.96,0.571700733226645,0.818376002610278,0.999999999536549,2.53124818286302,0.999741532594953,0.00159732343924489,4.29778665989035e-10,0.573519986072468,0.819191568301009,1,2.53079632679484,0.247831726324467,0.475532176020038,0.544999999946922,0.0450423733824215,1.63669366284139,0.852505544806211,0.00492569873436302,0.0034771
0.98,0.55518503323772,0.829645063090584,0.999999999544953,2.55124951232216,0.999689234382113,0.00156140390124916,4.10670466521881e-10,0.55702254676623,0.830497370491982,1,2.55079632679484,0.247815690905398,0.475519763232669,0.54499999994719,0.0450421614364536,1.65923212526655,0.88546706724121,0.00492130540771899,0.0036427
1,0.538448526634777,0.840581571520987,0.999999999552977,2.57125059783075,0.999636113668436,0.00152654431476479,3.91658723231105e-10,0.540302305868153,0.84147098480791,1,2.57079632679483,0.247801938044173,0.475509351912147,0.544999999947537,0.0450419796347999,1.68110552137307,0.918872715766899,0.00491852021860518,0.0040286
1.02,0.521497911797027,0.851181181007349,0.999999999560621,2.59125145429601,0.999582291377312,0.00149282027231167,3.7277196440755e-10,0.523365951251663,0.852108021949377,1,2.59079632679483,0.247790421216895,0.475500776092417,0.544999999947944,0.0450418264800794,1.70230515258289,0.952709100917003,0.00491729463445783,0.003916
1.04,0.504339970160236,0.861439679403194,0.999999999567889,2.61125209644806,0.999527886781527,0.00146029760679986,3.54031790550382e-10,0.506220257232793,0.862404227243354,1,2.61079632679483,0.247781089263201,0.475493875712933,0.544999999948389,0.045041700463115,1.72282258992273,0.986962662038931,0.00491758865370225,0.0041631
1.06,0.486981563644973,0.871352990935803,0.999999999574784,2.63125253879325,0.999473017144994,0.00142903279939038,3.35451844080127e-10,0.488872081860543,0.872355482345003,1,2.63079632679483,0.247773886766813,0.475488496743772,0.544999999948861,0.0450416000692752,1.74264967729509,1.02161967271637,0.0049193705363546,0.0040769
1.08,0.469429632049723,0.880917177781588,0.999999999581308,2.65125279557156,0.999417797391386,0.00139907339211472,3.17041930486541e-10,0.471328364173756,0.881957806884965,1,2.65079632679482,0.247768754431366,0.475484491286273,0.544999999949351,0.0450415237844501,1.76177853464558,1.05666624625592,0.0049226164887621,0.0047788
1.1,0.451691190409783,0.890128441589996,0.999999999587467,2.67125288071796,0.999362339799298,0.0013704584037889,2.98808409127106e-10,0.453596121425594,0.891207360061454,1,2.67079632679482,0.247765629450476,0.475481717650174,0.544999999949847,0.0450414701006473,1.78020156102535,1.0920883412357,0.00492731030836716,0.0043187
1.12,0.433773326322886,0.898983124955267,0.999999999593263,2.69125280782763,0.999306753723481,0.00134321874782103,2.80753340575758e-10,0.435682446276729,0.900100442176525,1,2.69079632679482,0.247764445871075,0.475480040408146,0.544999999950344,0.0450414375212066,1.79791143754719,1.12787176711389,0.00493344299418712,0.0042888
1.14,0.415683197242517,0.907477712835324,0.999999999598699,2.71125259012477,0.999251145341659,0.00131737765057406,2.62877151158138e-10,0.417594503958376,0.908633496115905,1,2.71079632679482,0.247765134949112,0.475479330428762,0.544999999950834,0.0450414245656647,1.81490113023399,1.16400218989507,0.00494101232843199,0.0056166
1.16,0.397428027739918,0.915608833917152,0.999999999603779,2.73125224043504,0.999195617426346,0.00129295106901281,2.4517735397467e-10,0.399339529406292,0.91680310877179,1,2.73079632679482,0.247767625496807,0.475479464888869,0.544999999951314,0.045041429774243,1.83116389275829,1.20046513785224,0.00495002243448623,0.004357
1.18,0.379015106735801,0.923373261927991,0.999999999608508,2.75125177116139,0.999140269141065,0.00126994810642895,2.27650289730265e-10,0.380924824366901,0.924606012408045,1,2.75079632679481,0.247771844220736,0.475480327266409,0.54499999995178,0.0450414517119964,1.84669326907177,1.23724600730244,0.00496048331611207,0.0044661
1.2,0.360451784702802,0.930767916891705,0.999999999612887,2.77125119426312,0.999085195860292,0.00124837142510553,2.10291233315731e-10,0.362357754476693,0.932039085967252,1,2.77079632679481,0.247777716050023,0.475481807314694,0.544999999952228,0.045041488972609,1.86148309592334,1.2743300684336,0.00497241038253913,0.0050639
1.22,0.34174547083975,0.937789866329719,0.999999999616921,2.79125052123809,0.999030489012438,0.00122821765484872,1.93093150357983e-10,0.343645746316068,0.939099356319095,1,2.79079632679481,0.247785164454102,0.475483801019188,0.544999999952655,0.0450415401818495,1.8755275052648,1.31170247118068,0.00498582396374061,0.0042614
1.24,0.322903630218821,0.944436326405916,0.999999999620612,2.8112497631079,0.998976235945116,0.00120947779638221,1.76049042011074e-10,0.324796284438797,0.945783999449568,1,2.81079632679481,0.247794111749471,0.475486210537828,0.544999999953061,0.0450416040007102,1.88882092654294,1.34934825114859,0.00500074881992495,0.0040118
1.26,0.3039337809067,0.950704663014913,0.999999999623964,2.83124893040592,0.998922519811931,0.00119213761866616,1.59151056777775e-10,0.305816908378311,0.952090341590547,1,2.8307963267948,0.247804479394985,0.475488944125941,0.544999999953441,0.0450416791282159,1.90135808887695,1.3872523355799,0.00501721364896507,0.0047101
1.28,0.284843491060865,0.956592392813169,0.99999999962698,2.85124803316796,0.998869419479977,0.00117617804927004,1.42389922075383e-10,0.286715209631978,0.958015860289258,1,2.8507963267948,0.247816188275297,0.475491916046757,0.544999999953797,0.045041764303933,1.91313402312022,1.42539954936486,0.00503525059518345,0.0042329
1.3,0.265640376002137,0.96209718419238,0.999999999629661,2.87124708092555,0.998817009457234,0.00116157555699289,1.25756720592564e-10,0.26749882862461,0.963558185417228,1,2.8707963267948,0.247829158972089,0.475495046468583,0.544999999954127,0.0450418583101666,1.92414406380552,1.46377462109152,0.00505489476261169,0.0045323
1.32,0.246332095264679,0.967216858194652,0.999999999632011,2.89124608270158,0.998765359838997,0.00114830252599163,1.09242286328028e-10,0.248175451652396,0.968715100118302,1,2.8907963267948,0.24784331202283,0.475498261349638,0.544999999954424,0.0450419599738908,1.93438385097257,1.50236218913367,0.00507618373554259,0.0042469
1.34,0.226926349624603,0.971949389368964,0.999999999634032,2.91124504700821,0.998714536272494,0.00113632762074094,9.28349663809073e-11,0.228752807808483,0.973484541695358,1,2.9107963267948,0.247858568166832,0.475501492311555,0.544999999954695,0.0450420681683765,1.94384933187725,1.54114680777414,0.00509915710894058,0.0041809
1.36,0.2074308781084,0.976292906568455,0.999999999635726,2.93124398184691,0.998664599938807,0.0011256161412118,7.65251684242699e-11,0.209238665891443,0.977864602435356,1,2.93079632679479,0.247874848578436,0.475504676502534,0.544999999954936,0.0450421818145734,1.95253676258148,1.58011295336128,0.00512385603093453,0.0044049
1.38,0.187853454982404,0.980245693688099,0.999999999637094,2.95124289471047,0.998615607551208,0.00111613036771726,6.03020211542586e-11,0.189640831297859,0.981853530372402,1,2.95079632679479,0.247892075087211,0.475507756451137,0.544999999955148,0.0450422998822306,1.96044270942312,1.61924503049602,0.0051503227594261,0.0041742
1.4,0.168201886724526,0.983806190342346,0.999999999638138,2.97124179258687,0.998567611369029,0.00110782989493509,4.41551861740678e-11,0.169967142900266,0.985449729988505,1,2.97079632679479,0.247910170385117,0.475510679911653,0.544999999955329,0.0450424213907677,1.96756405036502,1.65852737824732,0.00517860023453238,0.0052651
1.42,0.148484008979492,0.986972992482343,0.999999999638861,2.99124068196484,0.998520659226159,0.00110067195467506,2.80737921798405e-11,0.150225469911711,0.988651762851766,1,2.99079632679479,0.247929058220597,0.475513399701973,0.54499999995548,0.0450425454099217,1.97389797622268,1.69794427639351,0.00520873166836236,0.0052073
1.44,0.128707683498858,0.989744852952383,0.999999999639262,3.01123956884104,0.998474794573296,0.00109461172701607,1.20466125963518e-11,0.130423708738171,0.991458348191735,1,3.01079632679479,0.247948663579635,0.475515873534869,0.544999999955601,0.0450426710601734,1.97944199176973,1.73747995168705,0.00524076015339918,0.0041441
1.46,0.108880795067066,0.992120681985227,0.999999999639343,3.03123845872866,0.998430056533034,0.00108960263949407,-3.93686860888777e-12,0.110569779820095,0.993868363411695,1,3.03079632679478,0.247968912853851,0.475518063843565,0.544999999955695,0.0450427975129613,1.9841939167208,1.77711858414041,0.00527472829051579,0.0047503
1.48,0.0890112484148202,0.994099547636009,0.999999999639105,3.05123735666736,0.99838647996693,0.00108559665407486,-1.98867766698626e-11,0.0906716244643356,0.995880844537693,1,3.05079632679478,0.247989733995746,0.475519937602462,0.544999999955758,0.0450429239907039,1.98815188659112,1.81684431333049,0.0053106778374924,0.0039036
1.5,0.0691069651210907,0.99568067615443,0.999999999638548,3.07123626723442,0.998344095553657,0.00108254454169852,-3.58139118361564e-11,0.070737201667729,0.99749498660411,1,3.07079632679478,0.24801105666124,0.47552146614379,0.544999999955796,0.0450430497666298,1.99131435343246,1.85664124471911,0.00534864937865569,0.0036965
1.52,0.0491758805050299,0.996863452294997,0.999999999637672,3.09123519455698,0.998302929877383,0.00108039614423063,-5.17273690547868e-11,0.0507744849336054,0.998710143975641,1,3.09079632679478,0.248032812339691,0.475522624971034,0.544999999955805,0.0450431741644423,1.99368008644494,1.89649345598727,0.00538868201612321,0.0054097
1.54,0.0292259405091273,0.997647419565077,0.999999999636479,3.11123414232525,0.998263005525531,0.00107910062370393,-6.76374511954223e-11,0.0307914590824925,0.999525830605539,1,3.11079632679477,0.2480549344716,0.475523393569867,0.544999999955789,0.0450432965578186,1.99524817246431,1.93638500338049,0.00543081308296311,0.0050484
1.56,0.00926509857491665,0.998032280410575,0.999999999634967,3.1312331138066,0.998224341195074,0.00107860669878011,-8.35534308407646e-11,0.0107961170582938,0.999941720230029,1,3.13079632679477,0.248077358554274,0.475523755217309,0.544999999955749,0.0450434163697579,1.99601801632442,1.97629992806282,0.00547507787840819,0.0038764
1.58,-0.0106986874874397,0.998017896339059,0.999999999633136,3.15123211186037,0.998186951806552,0.00107886286840354,-9.94837279222325e-11,-0.00920354326878194,0.999957646498805,1,3.15079632679477,0.24810002223568,0.475523696789839,0.544999999955686,0.045043533071788,1.9959893410946,2.01622226247709,0.00552150942513977,0.0041358
1.6,-0.0306574586343539,0.997604287980203,0.999999999630987,3.17123113895337,0.998150848625006,0.00107981762266159,-1.15436762371245e-10,-0.0291995223012625,0.999573603041573,1,3.17079632679477,0.248122865396824,0.475523208571083,0.544999999955604,0.0450436461830507,1.99516218819172,2.05613603670876,0.00557013824854913,0.0038383
1.62,-0.0506032577274701,0.996791635083438,0.999999999628519,3.19123019717596,0.998116039387059,0.0010814196409041,-1.31419284343791e-10,-0.0491838219141443,0.998789743470594,1,3.19079632679477,0.248145830222959,0.475522284059744,0.544999999955503,0.0450437552692593,1.99353691736674,2.09602528485101,0.00562099217771078,0.0037404
1.64,-0.0705281326744326,0.995580276452719,0.99999999962573,3.21122928825852,0.998082528433372,0.00108361797721232,-1.47438363740092e-10,-0.0691484486540361,0.997606381319246,1,3.21079632679476,0.248168861263955,0.47552091977833,0.544999999955384,0.0450438599415588,1.99111420656571,2.13587405136839,0.00567409616776931,0.0036648
1.66,-0.0904241395704242,0.993970709818368,0.999999999622621,3.23122841358832,0.998050316845757,0.00108636223334148,-1.63500182281949e-10,-0.0890854169364333,0.996023989916612,1,3.23079632679476,0.248191905484216,0.475519115083289,0.544999999955249,0.0450439598552819,1.98789505166512,2.17566639745667,0.00572947214330429,0.0039536
1.68,-0.110283345839128,0.99196359164597,0.99999999961919,3.25122757422674,0.998019402588215,0.00108960271929506,-1.79610637474069e-10,-0.108986752239846,0.994043202198154,1,3.25079632679476,0.2482149123025,0.475516871977117,0.544999999955116,0.0450440547086324,1.98388076608151,2.21538640739628,0.00578713886216537,0.0040973
1.7,-0.130097833371763,0.989559736882322,0.999999999615436,3.27122677092661,0.997989780651242,0.00109329060172112,-1.95769018773716e-10,-0.1288444942955,0.991664810452549,1,3.27079632679476,0.248237833621998,0.475514194922563,0.544999999954974,0.0450441442412509,1.97907298025561,2.25501819489687,0.00584711179920809,0.0039292
1.72,-0.149859701662858,0.986760118638474,0.999999999611359,3.29122600414971,0.997961443198718,0.00109737804033385,-2.11978239406106e-10,-0.148650700271339,0.988889766004785,1,3.29079632679475,0.248260623851152,0.475511090660035,0.544999999954821,0.0450442282327665,1.97347364101087,2.29454590943038,0.00590940304929237,0.0039183
1.74,-0.169561070941399,0.983565867809932,0.999999999606956,3.31122527408433,0.997934379716763,0.001101818312617,-2.28242598154792e-10,-0.168397447949053,0.98571917883564,1,3.31079632679475,0.248283239915582,0.475507568028226,0.54499999995466,0.0450443065012694,1.9670850107867,2.33395374255026,0.0059740212488523,0.0038855
1.76,-0.189194085296027,0.979978272634113,0.999999999602228,3.33122458066282,0.997908577163957,0.00110656592707094,-2.44565079299262e-10,-0.188076838892856,0.982154317137708,1,3.33079632679475,0.2483056412615,0.475503637788306,0.544999999954493,0.045044378901714,1.95990966674656,2.37322593419421,0.00604097151531128,0.003839
1.78,-0.208750915792924,0.975998778185169,0.999999999597173,3.35122392357902,0.997884020122334,0.00111157672528667,-2.60947636832042e-10,-0.207681001608761,0.978196606808137,1,3.35079632679475,0.248327789843359,0.475499312432092,0.544999999952551,0.0450444453228704,1.95195049976119,2.41234677896793,0.00611025540347537,0.0038411
1.8,-0.228223763585066,0.971628985806356,0.999999999591783,3.37122330230561,0.997860690948303,0.00111680797234884,-2.78029403943945e-10,-0.227202094693065,0.97384763087829,1,3.37079632679475,0.248349650118419,0.47549460603246,0.544999999947437,0.0450445056878859,1.94321071326731,2.45130063240749,0.0061818708782226,0.003775
1.82,-0.247604863011491,0.966870652480119,0.999999999586033,3.39122271611113,0.997838569923553,0.00112221843746312,-2.96952045175656e-10,-0.246632309968812,0.969109128880554,1,3.39079632679474,0.248371189053498,0.475489534148344,0.544999999943937,0.0450445599567395,1.93369382200211,2.49007191721764,0.00625581230287667,0.0040295
1.84,-0.266886484685272,0.96172569013606,0.999999999579893,3.41122216407701,0.997817635406252,0.00112776846708274,-3.17134585259281e-10,-0.265963875608959,0.963982996152549,1,3.41079632679474,0.248392376057046,0.475484113558714,0.544999999941642,0.0450446081135055,1.92340365061398,2.52864512948383,0.00633207044206474,0.0038451
1.86,-0.286060938568853,0.95619616489706,0.99999999957334,3.43122164511415,0.997797863979347,0.00113342004367506,-3.38143344436047e-10,-0.285189059245001,0.958471283079019,1,3.43079632679474,0.24841318296311,0.475478362152798,0.54499999994024,0.0450446501722891,1.91234433215008,2.56700484485513,0.00641063247822338,0.0038167
1.88,-0.305120577035438,0.950284296263835,0.999999999566362,3.45122115797918,0.997779230597855,0.00113913683692206,-3.5965694422657e-10,-0.304300171059814,0.952576194271703,1,3.45079632679474,0.248433583992941,0.475472298782851,0.544999999939496,0.0450446861742359,1.90052030642099,2.60513572469593,0.00649148204106275,0.0037106
1.9,-0.324057797915121,0.943992456238208,0.999999999558951,3.47122070129024,0.997761708734078,0.0011448842457783,-3.81438560737023e-10,-0.323289566863485,0.946300087687525,1,3.47079632679473,0.248453555711104,0.47546594312243,0.54499999993923,0.0450447161856049,1.88793631824338,2.64302252220368,0.00657459924912797,0.0042055
1.92,-0.342865047524443,0.937323168385414,0.999999999551103,3.49122027354251,0.997745270520378,0.00115062943180521,-4.03315780772572e-10,-0.342149651150881,0.939645473685438,1,3.49079632679473,0.248473076976557,0.475459315530385,0.544999999939307,0.0450447402960247,1.87459741556104,2.68065008849041,0.00665996076254608,0.004607
1.94,-0.361534823678102,0.930279106835786,0.999999999542818,3.51121987312318,0.997729886889175,0.00115634134418021,-4.25165254114289e-10,-0.360872880139751,0.932615014022317,1,3.51079632679473,0.248492128889109,0.475452436920642,0.54499999993963,0.0450447586167957,1.86050894744515,2.71800337862548,0.00674753984615651,0.003958
1.96,-0.380059678681509,0.922863095226208,0.999999999534097,3.53121949832597,0.997715527709825,0.0011619907367779,-4.46898624772983e-10,-0.37945176478814,0.925211520788288,1,3.53079632679473,0.248510694731639,0.475445328637903,0.544999999940125,0.0450447712792123,1.84567656197444,2.75506745763722,0.00683730644217286,0.0038594
1.98,-0.398432222302926,0.915078105581714,0.999999999524944,3.55121914736517,0.997702161922113,0.00116755017772373,-4.68453471569318e-10,-0.397878873789903,0.917437955281933,1,3.55079632679473,0.24852875990853,0.475438012339344,0.544999999940741,0.0450447784329156,1.83010620399602,2.79182750647104,0.00692922725156302,0.0036735
2,-0.416645124723919,0.906927257137689,0.999999999515361,3.57121881838915,0.997689757666082,0.00117299405182348,-4.89786771140642e-10,-0.416146836547131,0.909297426825808,1,3.57079632679472,0.248546311880662,0.475430509882349,0.544999999941436,0.0450447802442621,1.81380411276782,2.82826882790158,0.00702326582336617,0.0035436
2.02,-0.434691119466862,0.898413815103105,0.999999999505355,3.5912185094933,0.997678282407966,0.00117829855627177,-5.10869817560432e-10,-0.43424834611829,0.900793191522756,1,3.59079632679472,0.248563340097369,0.475422843218303,0.544999999942187,0.0450447768947423,1.79677681948338,2.86437685239658,0.00711938265116058,0.003447
2.04,-0.452563006298263,0.889541189365279,0.999999999494929,3.61121821873243,0.997667703062013,0.00118344169004204,-5.31682360360718e-10,-0.452176162140903,0.891928650953512,1,3.61079632679472,0.248579835925768,0.475415034292464,0.544999999942975,0.045044768579414,1.77903114468014,2.90013714393012,0.00721753527589567,0.0037328
2.06,-0.470253654106663,0.880312933136665,0.999999999484091,3.63121794413257,0.99765798610801,0.0011884032373593,-5.52211396609435e-10,-0.469923113727595,0.882707350816109,1,3.63079632679472,0.248595792577746,0.475407104949891,0.544999999943786,0.0450447555053897,1.76057419553195,2.93553540574288,0.00731767839442525,0.0035626
2.08,-0.487756003753913,0.8707327415442,0.999999999472844,3.65121768370226,0.997649097704356,0.00119316474565326,-5.72448612956576e-10,-0.487482102334354,0.873132979507655,1,3.65079632679472,0.248611205035044,0.475399076847411,0.544999999944617,0.0450447378903607,1.74141336302714,2.97055748604714,0.00741976397295035,0.0036134
2.1,-0.505063070898592,0.860804450161767,0.999999999461196,3.67121743544315,0.997641003796532,0.00119770949838601,-5.92386548703415e-10,-0.504846104599854,0.863209366649015,1,3.67079632679472,0.248626069972719,0.475390971371568,0.544999999945463,0.0450447159611686,1.72155631903297,3.00518938367417,0.00752374136474328,0.0034924
2.12,-0.522167948790406,0.850532033486351,0.999999999449152,3.69121719736007,0.997633670220859,0.00120202248314274,-6.12019910306571e-10,-0.522008175154706,0.85294048155302,1,3.69079632679472,0.248640385681325,0.475382809562455,0.544999999946321,0.0450446899524182,1.70101101324781,3.03941725366182,0.00762955743151309,0.0035415
2.14,-0.539063811034366,0.83991960335849,0.999999999436718,3.71121696747045,0.997627062803448,0.00120609035536704,-6.31344363455354e-10,-0.538961449399512,0.842330431636792,1,3.71079632679472,0.248654151988153,0.475374612043418,0.544999999947191,0.0450446601051461,1.67978567004211,3.07322741278008,0.00773715666771054,0.0044387
2.16,-0.555743914323599,0.828971407327655,0.999999999423901,3.73121674381322,0.997621147454271,0.0012099013981175,-6.50355467257668e-10,-0.555699146250615,0.831383460778833,1,3.73079632679472,0.248667370177795,0.475366398956465,0.544999999948077,0.0450446266655405,1.6578887851894,3.10660634499225,0.00784648132726324,0.0040564
2.18,-0.572201601139625,0.817691826963199,0.999999999410707,3.75121652445701,0.997615890256291,0.00121344547821194,-6.69047857115856e-10,-0.572214570852441,0.820103947621527,1,3.75079632679472,0.248680042912333,0.475358189903318,0.544999999948977,0.0450445898837102,1.63532912248866,3.13954070684975,0.00795747155212484,0.0042605
2.2,-0.588430302418996,0.806085376111557,0.999999999397143,3.77121630750786,0.99761125754963,0.00121671399911857,-6.87416026323717e-10,-0.588501117255352,0.808496403819746,1,3.77079632679472,0.248692174151454,0.475350003891945,0.544999999949896,0.0450445500125104,1.61211571027936,3.17201733281818,0.00807006550209666,0.0042745
2.22,-0.604423540185142,0.794156699100389,0.999999999383214,3.79121609111622,0.997607216010752,0.00121969985094318,-7.05453402360944e-10,-0.604552271057938,0.796565472236245,1,3.79079632679472,0.248703769072695,0.475341859288488,0.544999999950835,0.0450445073064236,1.58825783785044,3.20402324053273,0.00818419948544075,0.0038243
2.24,-0.620174930144365,0.781910568890382,0.999999999368928,3.81121587348352,0.997603732726652,0.0012223973578521,-7.2315266663736e-10,-0.62036161201269,0.784315925084581,1,3.81079632679472,0.248714833992112,0.475333773774396,0.544999999951796,0.0450444620204997,1.5637650517449,3.23554563598058,0.00829980808978482,0.0037405
2.26,-0.635678184244866,0.769351885175447,0.999999999354291,3.83121565286802,0.997600775264098,0.00122480222325994,-7.40506003182872e-10,-0.635922816594015,0.771752662020289,1,3.83079632679472,0.248725376285587,0.475325764308636,0.544999999952781,0.0450444144093437,1.53864715196106,3.26657191860845,0.00841682431287551,0.0040079
2.28,-0.65092711319775,0.756485672432087,0.999999999339311,3.8512154275902,0.997598311733924,0.00122691147309949,-7.57504814430376e-10,-0.651229660527561,0.758880708181088,1,3.85079632679472,0.24873540431099,0.475317847094806,0.544999999953793,0.0450443647261724,1.51291418805243,3.29708968635302,0.00853517969276178,0.0039994
2.3,-0.665915628958967,0.743317077918689,0.999999999323994,3.87121519603755,0.997596310850451,0.00122872339748045,-7.7413950805294e-10,-0.666276021279842,0.745705212176889,1,3.87079632679472,0.248744927331382,0.475310037553017,0.544999999954832,0.0450443132219259,1.48657645512737,3.32708674059244,0.008654804437015,0.0037369
2.32,-0.680637747171149,0.729851369625574,0.999999999308349,3.89121495666888,0.99759474198608,0.00123023749103231,-7.90399958816579e-10,-0.681055880507172,0.732231444030422,1,3.89079632679472,0.248753955439487,0.475302350296299,0.544999999955898,0.0450442601444196,1.45964448975034,3.35655109101674,0.00877562755062967,0.0036653
2.34,-0.695087589564328,0.716093934176598,0.999999999292382,3.91121470801802,0.997593575221135,0.00123145439221237,-8.06276680975771e-10,-0.695563326462924,0.7184647930693,1,3.91079632679472,0.248762499483577,0.475294799111431,0.544999999956995,0.0450442057375857,1.43212906574628,3.38547096041532,0.00889757696224555,0.0037351
2.36,-0.709259386314553,0.702050274683162,0.999999999276102,3.93121444869709,0.997592781389053,0.00123237582185054,-8.21758483482427e-10,-0.709792556362145,0.704410765770352,1,3.93079632679472,0.248770570994931,0.475287396943964,0.544999999958122,0.0450441502407404,1.40404118990981,3.41383478937949,0.0090205796484223,0.0039174
2.38,-0.723147478359421,0.687726008551485,0.999999999259516,3.95121417739927,0.997592332116995,0.00123300452118738,-8.36834423978416e-10,-0.723737878702596,0.690074983557115,1,3.95079632679472,0.248778182117037,0.475280155887232,0.544999999959279,0.0450440938879184,1.37539209762091,3.44163124091834,0.00914456175566241,0.0039446
2.4,-0.736746319669566,0.67312686524402,0.999999999242633,3.97121389290106,0.997592199862014,0.00123334418965007,-8.51494057485524e-10,-0.737393715541275,0.675463180551332,1,3.97079632679472,0.24878534553664,0.475273087175229,0.544999999960467,0.0450440369072741,1.3461932483689,3.46884920498583,0.00926944871992603,0.0037376
2.42,-0.750050479475174,0.658258683995909,0.99999999922546,3.99121359406412,0.997592357942863,0.001233399422599,-8.65726015319978e-10,-0.750754604725523,0.660581201279384,1,3.99079632679472,0.248792074416795,0.475266201179083,0.544999999961686,0.0450439795205147,1.31645632118642,3.49547780291758,0.0093951653834146,0.0038659
2.44,-0.763054644446607,0.643127411487392,0.999999999208008,4.01121327983669,0.997592780567596,0.00123317564926309,-8.795192130151e-10,-0.763815202077809,0.645434998334556,1,4.01079632679472,0.248798382331989,0.475259507406962,0.544999999962935,0.0450439219424006,1.2861932099953,3.52150639177534,0.0095216361084303,0.0037677
2.46,-0.775753620828233,0.627739099473111,0.999999999190284,4.03121294925455,0.997593442857075,0.00123267907106979,-8.9286270821276e-10,-0.776570283533331,0.63003062999608,1,4.03079632679472,0.248804283205477,0.47525301450725,0.544999999964211,0.0450438643803061,1.2554160188661,3.54692456859754,0.00964878488808513,0.0038081
2.48,-0.788142336524594,0.612099902369241,0.999999999172298,4.05121260144159,0.997594320864528,0.00123191660056387,-9.05746766477477e-10,-0.789014747229571,0.614374257805902,1,4.05079632679472,0.248809791248861,0.475246730274735,0.544999999965518,0.0450438070338003,1.2241370571933,3.57172217455413,0.00977653545377501,0.0036797
2.5,-0.800215843138047,0.596216074799428,0.999999999154059,4.07121223561004,0.997595391591298,0.00123089580109411,-9.18160445451121e-10,-0.801143615546977,0.598472144104148,1,4.07079632679472,0.248814920904031,0.47524066165966,0.54499999996685,0.0450437500943165,1.19236883478791,3.59588929900412,0.00990481137921243,0.0041947
2.52,-0.811969317957054,0.580093969100521,0.999999999135577,4.09121185106033,0.997596632998933,0.00122962482743632,-9.30094294915306e-10,-0.812952037099936,0.582330649524276,1,4.09079632679472,0.248819686787507,0.475234814779424,0.54499999996821,0.0450436937448358,1.16012405688971,3.61941628345407,0.0100335361809291,0.0038485
2.54,-0.823398065894297,0.563740032789082,0.99999999911686,4.11121144718058,0.997598024017769,0.00122811236750704,-9.4153882912451e-10,-0.824435288677271,0.565956230448899,1,4.11079632679472,0.248824103637219,0.475229194932762,0.544999999969595,0.045043638159639,1.12741561910081,3.64229372541617,0.0101626334151673,0.003822
2.56,-0.834497521373832,0.547160805989697,0.99999999909792,4.13121102344582,0.997599544552163,0.00122636758531147,-9.5248456233321e-10,-0.835588777131459,0.549355436427325,1,4.13079632679472,0.248828186261794,0.475223806616181,0.544999999971003,0.0450435835040923,1.09425660224279,3.66451248216404,0.0102920267710486,0.0037471
2.58,-0.845263250166504,0.530362918826114,0.999999999078766,4.15121057941687,0.997601175482529,0.00122440006525524,-9.62923607517041e-10,-0.84640804121583,0.532534907555821,1,4.15079632679472,0.248831949492362,0.475218653542495,0.544999999972434,0.0450435299344748,1.06066026713936,3.68606367438501,0.010421640159988,0.0040141
2.6,-0.855690951172888,0.513353088776261,0.999999999059409,4.17121011473899,0.997602898664346,0.00122221975793917,-9.72847367108897e-10,-0.856888753369005,0.515501371821666,1,4.17079632679472,0.248835408136883,0.475213738661276,0.544999999973887,0.0450434775978653,1.02664004932669,3.70693868972735,0.0105513978013006,0.0038171
2.62,-0.865776458153008,0.496138117992184,0.999999999039858,4.19120962914022,0.997604696924289,0.00121983692754371,-9.82248131720097e-10,-0.867026721445863,0.498261642412042,1,4.19079632679472,0.248838576934432,0.47520906417057,0.544999999974447,0.0450434266310765,0.992209553693363,3.72712918624091,0.0106812243040003,0.0039101
2.64,-0.875515741402151,0.478724890585998,0.999999999020121,4.21120912242955,0.997606554053551,0.00121726210048319,-9.91447244302889e-10,-0.876817890394345,0.480822614988854,1,4.21079632679472,0.24884147051738,0.475204631551587,0.544999999973533,0.0450433771622801,0.95738254905239,3.7466270957099,0.0108110447446235,0.004112
2.66,-0.884904909372088,0.461120369882925,0.999999999000197,4.23120859449474,0.997608454798721,0.00121450601629573,-1.00097555133516e-09,-0.886258343877419,0.463191264930552,1,4.23079632679472,0.248844103376784,0.475200441607326,0.544999999971972,0.0450433293116376,0.922172962647138,3.76542462687653,0.0109407847412676,0.0042307
2.68,-0.893940210237025,0.443331595642514,0.999999998980076,4.25120804530014,0.997610384850422,0.0012115795808946,-1.01106575556287e-09,-0.895344305839562,0.44537464454208,1,4.25079632679472,0.248846489823612,0.475196494475875,0.544999999970445,0.0450432831891882,0.886594874593582,3.78351426855399,0.0110703705239513,0.0050082
2.7,-0.902618033403665,0.42536568124915,0.999999998959749,4.2712074748842,0.997612330829606,0.00120849382116656,-1.021705386961e-09,-0.904072142017134,0.42737988023404,1,4.27079632679472,0.248848643955611,0.475192789657221,0.544999999969473,0.0450432388955134,0.850662512261022,3.80088879262778,0.0111997290011045,0.0044041
2.72,-0.910934910964756,0.407229810872984,0.999999998939205,4.29120688335691,0.997614280271774,0.0012052598415287,-1.03269528040073e-09,-0.912438361392034,0.409214169672229,1,4.29079632679472,0.248850579623237,0.475189326027341,0.544999999968222,0.0450431965206687,0.814390244593517,3.81754125694398,0.0113287878223041,0.0041434
2.74,-0.918887519095541,0.388931236602418,0.999999998918436,4.31120627089698,0.997616221609153,0.0012018887819291,-1.04413519608215e-09,-0.92043961758806,0.390884778898665,1,4.31079632679472,0.248852310410737,0.475186101903796,0.544999999968076,0.0450431561485231,0.777792576374325,3.83346500808346,0.0114574754370686,0.0040735
2.76,-0.926472679392546,0.37047727554929,0.999999998897439,4.33120563774901,0.997618144151499,0.00119839177938116,-1.0556278695617e-09,-0.928072710209416,0.37239903942527,1,4.33079632679472,0.24885384959785,0.475183115024981,0.544999999967623,0.0450431178501967,0.740884142435636,3.84865368402081,0.0115857211505077,0.0040265
2.78,-0.933687360154161,0.351875306927907,0.999999998876209,4.35120498422045,0.99762003806479,0.00119477992946882,-1.06728375470766e-09,-0.935334586120825,0.353764345301358,1,4.35079632679472,0.248855210150254,0.475180362635225,0.544999999968217,0.0450430816919818,0.703679701815912,3.86310121666688,0.0117134551747066,0.004039
2.8,-0.94052867760248,0.33313276910911,0.999999998854749,4.37120431067854,0.997621894349042,0.00119106425223425,-1.07872580201729e-09,-0.942222340668748,0.334988150156122,1,4.37079632679472,0.2488564046856,0.475177841463637,0.544999999968733,0.0450430477279035,0.666194131867179,3.87680183429411,0.0118406086773367,0.0050619
2.82,-0.946993897045934,0.314257156650525,0.999999998833062,4.39120361754718,0.997623704814301,0.00118725565798301,-1.08998197134724e-09,-0.9487332188432,0.316077964217272,1,4.39079632679471,0.248857445464489,0.475175547793688,0.544999999969633,0.0450430160061448,0.628442422314631,3.88975006384345,0.0119671138261802,0.0050042
2.84,-0.953080433982211,0.295256017304209,0.999999998811153,4.41120290530365,0.997625462055883,0.00118336491683818,-1.10091409766255e-09,-0.954864616379723,0.297041351307051,1,4.41079632679471,0.248858344370139,0.475173477479194,0.544999999971235,0.045042986565979,0.590439669270914,3.90194073311202,0.0120929038307612,0.0040285
2.86,-0.958785855141044,0.276136949002863,0.999999998789031,4.4312021744754,0.997627159428453,0.0011794026297158,-1.11126944091211e-09,-0.960614080801053,0.277885925816807,1,4.43079632679471,0.248859112890293,0.475171625960587,0.544999999972526,0.0450429594372897,0.5522010692075,3.91336897282077,0.0122179129806419,0.0038872
2.88,-0.964107879466423,0.256907596825841,0.999999998766707,4.45120142563674,0.99762879101908,0.0011753792008174,-1.12116023132103e-09,-0.965979312398079,0.258619349661332,1,4.45079632679471,0.248859762112083,0.4751699883248,0.544999999974039,0.0450429346444469,0.513741912885562,3.92403021856099,0.0123420766803279,0.0036683
2.9,-0.969044379037853,0.237575649946138,0.999999998744191,4.47120065940551,0.997630351619841,0.00117130481338584,-1.13050607097875e-09,-0.970958165149698,0.239249329214205,1,4.47079632679471,0.248860302707649,0.475168559319993,0.544999999976082,0.0450429122035293,0.475077579248771,3.93392021261924,0.0124653314814602,0.0037172
2.92,-0.973593379930257,0.218148838559604,0.999999998721494,4.49119987643979,0.99763183669966,0.00116718940680161,-1.1391164278507e-09,-0.975548647581193,0.21978361222534,1,4.49079632679471,0.24886074492482,0.475167333382668,0.544999999978543,0.0450428921230302,0.436223529280471,3.94303500567973,0.0125876151119745,0.0039157
2.94,-0.9777530630122,0.19863493079758,0.999999998698635,4.5111990774346,0.997633242375615,0.00116304265558401,-1.14684095109396e-09,-0.979748923560798,0.200229984721994,1,4.51079632679471,0.248861098577585,0.47516630465617,0.544999999980073,0.0450428744034474,0.397195299827697,3.95137095840353,0.0127088665024048,0.0040953
2.96,-0.981521764682102,0.179041729624228,0.999999998675626,4.53119826311856,0.997634565383751,0.00115887394992441,-1.15401480371702e-09,-0.983557313034124,0.180596267894457,1,4.53079632679471,0.248861373051907,0.475165467063046,0.544999999982108,0.0450428590421655,0.358008497394493,3.95892474288397,0.0128290258092269,0.0037665
2.98,-0.984897977542135,0.159377069719754,0.999999998652482,4.55119743425066,0.997635803050064,0.00115469237989791,-1.16045576703527e-09,-0.986972292696159,0.160890314967681,1,4.55079632679471,0.248861577291816,0.475164814291401,0.544999999984485,0.0450428460274772,0.318678791907033,3.96569334397769,0.0129480344361721,0.0036457
3,-0.98788035100953,0.139648814350792,0.999999998629217,4.57119659161703,0.997636953260907,0.00115050671976604,-1.16604120137254e-09,-0.989992496600571,0.141120008060093,1,4.57079632679471,0.248861719801168,0.475164339836841,0.544999999987079,0.0450428353423024,0.279221910453037,3.97167406051072,0.0130658350525981,0.0038687
3.02,-0.990467691865052,0.119864852229194,0.99999999860585,4.5911957360278,0.997638014433473,0.00114632541474779,-1.17069262728364e-09,-0.992616716706066,0.121293255030856,1,4.59079632679471,0.248861808643059,0.475164037028336,0.544999999989687,0.0450428269638789,0.239653630997989,3.97686450635915,0.013182371609655,0.0041398
3.04,-0.992658964738414,0.100033094360486,0.999999998582399,4.61119486831392,0.997638985486302,0.0011421565694961,-1.17440546176795e-09,-0.994843903359592,0.101417986316828,1,4.61079632679471,0.248861851439539,0.475163899048805,0.544999999991543,0.0450428208635705,0.199989776080673,3.98126261140393,0.013297589354149,0.0039882
3.06,-0.994453292530443,0.0801614708832369,0.99999999855888,4.63119398932413,0.997639865809857,0.00113800793806136,-1.17744988870072e-09,-0.996673165716183,0.081502151760496,1,4.63079632679471,0.24886185538081,0.475163918987481,0.54499999999374,0.0450428170099032,0.160246206490567,3.98486662235945,0.0134114348401528,0.0038771
3.08,-0.995849956771804,0.0602579279006154,0.999999998535309,4.65119309992198,0.997640655237588,0.00113388691659809,-1.17970351709573e-09,-0.998103772095286,0.0615537174301403,1,4.65079632679471,0.248861827221537,0.475164089834807,0.544999999996156,0.0450428153646771,0.120438814929608,3.98767510347551,0.0135238559389281,0.0036516
3.1,-0.99684839791815,0.0403304243053939,0.999999998511701,4.67119220098294,0.997641354016989,0.00112980053641497,-1.18108729907362e-09,-0.999135150273423,0.0415806624335178,1,4.67079632679471,0.248861773288459,0.475164404516977,0.544999999998709,0.045042815885784,0.0805835196608845,3.9896869371124,0.0136348018466505,0.0035683
3.12,-0.99744821558157,0.0203869285996718,0.999999998488075,4.69119129339159,0.997641962781137,0.00112575545904627,-1.1815521716585e-09,-0.999766887713076,0.0215909757263234,1,4.69079632679471,0.248861699486467,0.475164855918967,0.545000000001332,0.0450428185271443,0.0406962581467951,3.99090132418895,0.013744223090388,0.0034915
3.14,-0.997649168698245,0.000435415710590236,0.999999998464448,4.71119037803885,0.997642482520666,0.00112175797278636,-1.18107266189327e-09,-0.999998731727691,0.00159265291671432,1,4.71079632679471,0.248861611305702,0.475165436906581,0.545000000003977,0.0450428232389582,0.000792980679225508,3.99131778450317,0.0138520715323975,0.0034291
3.16,-0.997451175632236,-0.0195161361966898,0.999999998440841,4.73118945581939,0.997642914556253,0.00111781399063061,-1.1796408116993e-09,-0.999830589582754,-0.0184063069328264,1,4.73079632679471,0.24886151382807,0.475166140341515,0.545000000006116,0.0450428299674829,-0.0391103559957038,3.99093615692554,0.0139583003728567,0.0034647
3.18,-0.996854314215366,-0.0394597489074699,0.99999999841727,4.75118852762907,0.997643260511602,0.00111392904931774,-1.17743887528832e-09,-0.99926252853288,-0.038397904505008,1,4.75079632679471,0.248861411739736,0.475166959115777,0.54500000000807,0.0450428386569625,-0.0789977950557638,3.98975659946479,0.0140628641510054,0.003527
3.2,-0.995858821723167,-0.0593874473461829,0.99999999839375,4.7711875943625,0.997643522287198,0.00111010831023426,-1.17453364367748e-09,-0.998294775794916,-0.0583741434273529,1,4.77079632679471,0.248861309339182,0.475167886164254,0.54500000001022,0.0450428492485639,-0.118853385981059,3.98777958920606,0.0141657187450432,0.0034438
3.22,-0.994465094786901,-0.0792912627639723,0.999999998370296,4.79118665691075,0.997643702034668,0.00110635656123162,-1.17085445339171e-09,-0.996927718457053,-0.0783270334706384,1,4.79079632679471,0.248861210546068,0.475168914476663,0.545000000012492,0.0450428616803914,-0.15866119093023,3.98500592212161,0.0142668213707542,0.003484
3.24,-0.99267368924169,-0.0991632359239057,0.999999998346924,4.81118571615914,0.997643802131797,0.00110267821934437,-1.16635717972713e-09,-0.995161903324,-0.0982485937448821,1,4.8107963267947,0.248861118913316,0.475170037118694,0.545000000014834,0.0450428758885602,-0.198405291111858,3.98143671275403,0.0143661305788225,0.0034215
3.26,-0.990485319910811,-0.118995420282546,0.99999999832365,4.83118477298512,0.997643825158339,0.00109907733475677,-1.16101684710657e-09,-0.992998036698266,-0.118130855891592,1,4.8307963267947,0.248861037638695,0.475171247247936,0.545000000017205,0.0450428918072948,-0.238069793148515,3.97707339377211,0.0144636062511061,0.0040348
3.28,-0.98790086032625,-0.13877988516661,0.999999998300492,4.85118382825627,0.997643773872619,0.0010955575957602,-1.15482301055181e-09,-0.990436984097651,-0.137965867271002,1,4.8507963267947,0.248860969576906,0.475172538128747,0.545000000019573,0.0450429093691755,-0.277638835430921,3.97191771539955,0.0145592095959495,0.0042126
3.3,-0.984921342385601,-0.158508718943436,0.999999998277466,4.87118288282846,0.997643651188956,0.00109212233463647,-1.14777666482269e-09,-0.987479769909046,-0.157745694143024,1,4.8707963267947,0.248860917252109,0.47517390314608,0.545000000021921,0.0450429285053991,-0.317096594459631,3.96597174471675,0.0146529031424862,0.0037114
3.32,-0.981547955945471,-0.178174032183998,0.99999999825459,4.89118193754403,0.997643460155938,0.0010887745344001,-1.13988512850938e-09,-0.9841275769787,-0.177462424840636,1,4.8907963267947,0.248860882870798,0.475175335818287,0.545000000024231,0.045042949146047,-0.356427291171751,3.95923786483584,0.0147446507341948,0.0036187
3.34,-0.977782048351533,-0.197767960817195,0.999999998231879,4.9111809932302,0.997643203935565,0.00108551683633236,-1.131161937451e-09,-0.980381746139088,-0.197108172934447,1,4.9107963267947,0.248860868335014,0.475176829808955,0.545000000026503,0.0450429712203312,-0.395615197250099,3.95171877394947,0.0148344175216471,0.0036077
3.36,-0.973625123905422,-0.217282669274149,0.999999998209351,4.93118005069752,0.997642885783284,0.00108235154824266,-1.12162080512235e-09,-0.976243775672602,-0.216675080387157,1,4.9307963267947,0.248860875253725,0.475178378929495,0.54500000002807,0.0450429946561191,-0.434644641412325,3.94341748425354,0.0149221699546233,0.0038093
3.38,-0.969078843268685,-0.236710353621257,0.99999999818702,4.95117911073841,0.997642509028842,0.00107928065306388,-1.11151564397005e-09,-0.971715320712259,-0.236155320696675,1,4.9507963267947,0.248860904962578,0.475179977173404,0.545000000029815,0.0450430193828062,-0.473500015677434,3.93433732074445,0.0150078757734169,0.0038784
3.4,-0.964145022804016,-0.256043244680741,0.999999998164897,4.9711781741259,0.997642077058305,0.00107630581904158,-1.1007822209308e-09,-0.966798192579661,-0.255541102026611,1,4.9707963267947,0.248860958531434,0.475181618700244,0.545000000031673,0.0450430453279713,-0.512165781607213,3.92448191989118,0.0150915039999628,0.0037068
3.42,-0.958825633854039,-0.275273611137434,0.999999998142995,4.99117724161245,0.997641593296755,0.00107342840940861,-1.08937985743296e-09,-0.961494358060503,-0.274824670322904,1,4.9907963267947,0.248861036780283,0.475183297851851,0.545000000033599,0.045043072419578,-0.550626476520067,3.9138552281829,0.0151730249282231,0.0039978
3.44,-0.953122801957926,-0.294393762630573,0.999999998121329,5.01117631392885,0.997641061191988,0.00107064949291336,-1.07728411080643e-09,-0.955805938617874,-0.293998312415349,1,5.0107963267947,0.248861140293104,0.475185009159239,0.545000000035557,0.0450431005858874,-0.588866719674748,3.9024615005526,0.0152524101141696,0.0037898
3.46,-0.94703880600618,-0.313396052829342,0.999999998099911,5.03117539178324,0.997640484199144,0.00106796985475025,-1.06448350578603e-09,-0.949735209543708,-0.313054359102753,1,5.0307963267947,0.248861269431693,0.475186747348571,0.545000000037524,0.0450431297555912,-0.626871218421524,3.89030529867731,0.0153296323654811,0.0039162
3.48,-0.940576077333885,-0.332272882490945,0.999999998078756,5.05117447586024,0.997639865766261,0.00106539000784273,-1.05097498703799e-09,-0.943284599048691,-0.331985188220518,1,5.0507963267947,0.248861424349428,0.47518850734626,0.545000000039477,0.0450431598579898,-0.664624774318299,3.8773914891557,0.0154046657308843,0.0037065
3.5,-0.933737198752825,-0.351016702499971,0.999999998057879,5.07117356682022,0.997639209320746,0.00106291020442416,-1.03676335072578e-09,-0.936456687291015,-0.350783227689405,1,5.0707963267947,0.248861605004936,0.475190284283205,0.545000000041404,0.045043190823152,-0.70211228920924,3.8637252415637,0.0154774854892442,0.0035915
3.52,-0.926524903522823,-0.36962001688784,0.999999998037293,5.09117266529859,0.997638518256763,0.00106053044786311,-1.02185779837782e-09,-0.929254205344346,-0.369440958544264,1,5.0907963267947,0.248861811175611,0.475192073498215,0.545000000043299,0.045043222582078,-0.73931877126348,3.84931202638894,0.0155480681384371,0.0034763
3.54,-0.918942074262736,-0.388075385831108,0.999999998017011,5.11117177190528,0.997637795923513,0.00105825050468151,-1.00627026711209e-09,-0.92168003410543,-0.387950917941519,1,5.1107963267947,0.248862042470946,0.475193870540624,0.545000000045152,0.045043255066845,-0.776229340971452,3.83415761284488,0.0156163913840684,0.0037196
3.56,-0.910991741801532,-0.40637542862744,0.999999997997048,5.13117088722425,0.99763704561441,0.00105606991671567,-9.90015571744609e-10,-0.913737203141775,-0.406305702144207,1,5.1307963267947,0.248862298345662,0.475195671172143,0.545000000046959,0.0450432882107408,-0.812829237096477,3.81826806656534,0.0156824341280366,0.0035843
3.58,-0.902677083969903,-0.424512826648045,0.999999997977417,5.15117001181313,0.997636270557128,0.00105398801337262,-9.73110481083952e-10,-0.905428889479863,-0.424497969483374,1,5.1507963267947,0.248862578112574,0.475197471367994,0.54500000004872,0.0450433219483922,-0.849103822579193,3.80164974718059,0.0157461764570146,0.0034813
3.6,-0.894001424332917,-0.44248032626539,0.99999999795813,5.17116914620292,0.9976354739045,0.00105200392393714,-9.5557123103163e-10,-0.896758416334384,-0.442520443294646,1,5.1707963267947,0.248862880955194,0.475199267317327,0.545000000050433,0.0450433562158852,-0.885038590392478,3.78430930577572,0.0158075996308554,0.0035349
3.62,-0.884968230864191,-0.460270741755024,0.999999997939201,5.19116829089782,0.99763465872626,0.00105011658988534,-9.37415300938941e-10,-0.887729251778991,-0.460365914828793,1,5.1907963267947,0.24886320594003,0.47520105542299,0.545000000052098,0.0450433909508563,-0.9206191693445,3.76625368223252,0.0158666860709808,0.0035531
3.64,-0.875581114562134,-0.477876958170335,0.99999999792064,5.21116744637507,0.997633828001594,0.00104832477716503,-9.18660170157185e-10,-0.878345007359118,-0.47802724613514,1,5.2107963267947,0.248863552028554,0.475202832300664,0.545000000053714,0.0450434260926029,-0.955831329827575,3.7474901024557,0.0159234193487341,0.0035141
3.66,-0.865843828008815,-0.495291934189095,0.99999999790246,5.23116661308498,0.997632984612497,0.00104662708840398,-8.99323246983389e-10,-0.868609436647413,-0.495497372916644,1,5.2307963267947,0.248863918088824,0.475204594777399,0.545000000055282,0.0450434615821602,-0.990660989510527,3.72802607548482,0.0159777841737734,0.0033952
3.68,-0.855760263872018,-0.512508704930643,0.999999997884672,5.25116579145089,0.997632131337886,0.00104502197500968,-8.79421833133169e-10,-0.858526433742353,-0.512769307355525,1,5.2507963267947,0.248864302906743,0.475206339889586,0.545000000056802,0.0450434973623737,-1.02509421897226,3.70786939049282,0.0160297663824953,0.0035417
3.7,-0.845334453351105,-0.529520384742581,0.999999997867289,5.27116498186934,0.99763127084847,0.00104350774912661,-8.58973017159319e-10,-0.848100031710663,-0.529836140908297,1,5.2707963267947,0.248864705196821,0.475208064879978,0.545000000058238,0.0450435333779408,-1.05911724727431,3.68702811367254,0.0160793529265021,0.0033964
3.72,-0.834570564567295,-0.546320169955852,0.999999997850319,5.29116418471024,0.997630405702332,0.00104208259540233,-8.38007352399476e-10,-0.837334400974138,-0.546691047069093,1,5.29079632679469,0.248865123612072,0.475209767192362,0.545000000059346,0.0450435695752783,-1.09271646747007,3.66551058501238,0.0161265318611631,0.0035446
3.74,-0.823472900899014,-0.562901341607104,0.999999997833772,5.31116340031707,0.997629538341178,0.00104074458246008,-8.16642717893505e-10,-0.826233847641533,-0.563327284100178,1,5.31079632679469,0.248865556756562,0.475211444477953,0.545000000060536,0.0450436059035805,-1.12587844204856,3.64332541496241,0.0161712923341718,0.0034156
3.76,-0.812045899262978,-0.579257268127244,0.999999997817657,5.33116262900721,0.997628671087357,0.00103949167454173,-7.94849839280691e-10,-0.814802811786177,-0.579738197728553,1,5.33079632679469,0.248866003192247,0.475213094580325,0.545000000061774,0.0450436423133284,-1.15858990831053,3.62048148099225,0.016213624574384,0.0034353
3.78,-0.800294128341701,-0.595381407995091,0.999999997801983,5.35116187107234,0.997627806141403,0.00103832174242656,-7.72611379318281e-10,-0.803045865669999,-0.595917223807577,1,5.35079632679469,0.248866461449193,0.475214715535106,0.545000000063033,0.0450436787572281,-1.19083778367471,3.59698792404211,0.0162535198805792,0.0033941
3.8,-0.788222286758139,-0.611267312355077,0.999999997786757,5.37116112677877,0.997626945580227,0.00103723257425268,-7.4991945098191e-10,-0.790967711914688,-0.611857890942534,1,5.37079632679469,0.248866930034335,0.475216305565305,0.545000000064299,0.0450437151900955,-1.22260917091212,3.57285414486841,0.0162909706104288,0.0036002
3.82,-0.775835201198209,-0.626908627597933,0.999999997771991,5.39116039636795,0.997626091355889,0.0010362218860346,-7.26771816061959e-10,-0.778573181620707,-0.627553823079111,1,5.39079632679469,0.248867407439817,0.47521786307635,0.545000000065554,0.0450437515688547,-1.25389136330629,3.5480898002854,0.0163259701695168,0.0036728
3.84,-0.763137824481923,-0.642299097903325,0.999999997757691,5.41115968005699,0.997625245294916,0.00103528733186292,-7.03172418070611e-10,-0.765867232434915,-0.642998742053729,1,5.41079632679469,0.248867892150884,0.475219386650808,0.545000000066788,0.0450437878525332,-1.28467184973739,3.52270479930432,0.0163585130005622,0.0035438
3.86,-0.750135233583932,-0.657432567743425,0.999999997743868,5.43115897803913,0.997624409098147,0.00103442651376953,-6.7912875323373e-10,-0.752854946567576,-0.658186470104728,1,5.43079632679469,0.248868382653308,0.475220875042852,0.545000000067994,0.045043824002267,-1.31493831968816,3.49670929917167,0.016388594572673,0.003756
3.88,-0.73683262760425,-0.672302984346395,0.99999999773053,5.45115829048441,0.997623584341062,0.00103363699124388,-6.546509467853e-10,-0.739541528759542,-0.673110932343388,1,5.45079632679469,0.248868877440383,0.475222327172517,0.545000000069166,0.0450438599813031,-1.34467866816967,3.47011370130809,0.0164162113707895,0.00395
3.9,-0.723235325689997,-0.686904400118815,0.999999997717686,5.4711576175402,0.997622772474573,0.00103291629038845,-6.29751006897554e-10,-0.725932304200427,-0.687766159183803,1,5.47079632679469,0.248869375019485,0.475223742119736,0.545000000070304,0.0450438957549774,-1.37388100056497,3.4429286471495,0.016441360885206,0.0036486
3.92,-0.709348764908983,-0.701230975026063,0.999999997705344,5.49115695933192,0.997621974826252,0.00103226191270165,-6.044416878126e-10,-0.7120327163986,-0.702146288730637,1,5.49079632679469,0.248869873918158,0.475225119118218,0.5450000000714,0.045043931290704,-1.40253363738855,3.41516501389229,0.0164640416012302,0.0036278
3.94,-0.695178498075981,-0.715276978929698,0.999999997693512,5.51115631596366,0.997621192601951,0.00103167134347978,-5.78737768819341e-10,-0.697848325003856,-0.716245569123805,1,5.51079632679469,0.248870372689794,0.475226457549188,0.545000000072456,0.0450439665579574,-1.43062511895988,3.38683391014399,0.016484252988956,0.0034848
3.96,-0.680730191532582,-0.729036793880909,0.999999997682199,5.5311556875189,0.997620426887806,0.00103114205983073,-5.52653460772493e-10,-0.683384803583631,-0.730058360839138,1,5.53079632679469,0.24887086991887,0.475227756934997,0.545000000073468,0.0450440015282348,-1.45814420998905,3.35794667148148,0.0165019954931299,0.0038312
3.98,-0.666009622881504,-0.742504916369106,0.99999999767141,5.55115507406123,0.997619678652572,0.00103067153829351,-5.26204857465022e-10,-0.668647937353649,-0.743579138944116,1,5.55079632679469,0.24887136422574,0.475229016932664,0.545000000074439,0.0450440361750373,-1.48507990407264,3.3285148559182,0.0165172705231373,0.0039041
4,-0.651022678676279,-0.755675959524741,0.999999997661154,5.57115447563506,0.997618948750289,0.00103025726206,-4.99406915821513e-10,-0.653643620863913,-0.756802495307772,1,5.57079632679469,0.24887185427104,0.475230237327339,0.545000000075367,0.0450440704738199,-1.51142142809815,3.29855023928251,0.0165300804430654,0.0039199
4.02,-0.635775352067238,-0.768544655275495,0.999999997651437,5.59115389226638,0.997618237923218,0.0010298967277963,-4.72274983565062e-10,-0.638377855640963,-0.769723140763871,1,5.59079632679469,0.248872338759664,0.475231418025731,0.545000000076251,0.0450441044019663,-1.53715824655506,3.26806481050869,0.0165404285618665,0.0036728
4.04,-0.620273740404742,-0.78110585645494,0.999999997642266,5.61115332396351,0.997617546805059,0.0010295874520624,-4.44824621581579e-10,-0.622856747787348,-0.782335907226503,1,5.61079632679469,0.248872816444347,0.475232559049523,0.545000000077093,0.0450441379387314,-1.56228006575093,3.23707076684274,0.0165483191235903,0.0038866
4.06,-0.604524042800622,-0.793354538862847,0.999999997633647,5.6311527707179,0.997616875924381,0.00102932697733107,-4.17070999958474e-10,-0.607086505539264,-0.79463574975725,1,5.63079632679469,0.248873286128848,0.47523366052878,0.545000000077891,0.0450441710652016,-1.58677683793077,3.2055805089648,0.0165537572977135,0.0038004
4.08,-0.588532557648811,-0.805285803276299,0.999999997625587,5.65115223250483,0.997616225708279,0.0010291128776069,-3.89030176961575e-10,-0.591073436783344,-0.806617748583097,1,5.65079632679469,0.248873746670767,0.475234722695394,0.545000000078647,0.0450442037642449,-1.61063876529802,3.17360663603006,0.0165567491694766,0.0038186
4.1,-0.572305680106159,-0.816894877410819,0.999999997618089,5.67115170928426,0.997615596486205,0.00102894276364911,-3.6071721609688e-10,-0.574823946533584,-0.81827711106427,1,5.67079632679469,0.24887419698399,0.475235745876562,0.545000000079363,0.0450442360204508,-1.6338563039356,3.14116194063035,0.016557301730327,0.003582
4.12,-0.555849899534444,-0.8281771178307,0.99999999761116,5.69115120100157,0.997614988493958,0.00102881428780147,-3.32146541381924e-10,-0.558344534369428,-0.829609173611233,1,5.69079632679469,0.248874636040781,0.475236730488337,0.545000000080036,0.0450442678200847,-1.65642016762542,3.10825940367815,0.0165554228683645,0.0037949
4.14,-0.539171796904608,-0.8391280118078,0.999999997604805,5.7111507075883,0.997614401877815,0.00102872514843498,-3.03333571594075e-10,-0.541641791836019,-0.84060940355006,1,5.71079632679469,0.24887506287352,0.475237677029245,0.545000000080668,0.0450442991510212,-1.67832133156472,3.07491218921536,0.0165511213588422,0.0036255
4.16,-0.522278042164261,-0.849743179128021,0.999999997599029,5.731150228963,0.997613836698769,0.00102867309400893,-2.74292943913687e-10,-0.524722399807669,-0.851273400935443,1,5.73079632679469,0.248875476576131,0.475238586074009,0.545000000081258,0.0450443300026901,-1.69955103597796,3.04113363914863,0.0165444068546451,0.0035479
4.18,-0.505175391569509,-0.860018373844787,0.999999997593836,5.7511497650319,0.997613292936863,0.00102865592675796,-2.45040183699539e-10,-0.507593125815603,-0.861596900310613,1,5.75079632679468,0.248875876305186,0.475239458267375,0.545000000081808,0.045044360366017,-1.72010078962265,3.00693726791359,0.0165352898768409,0.0034974
4.2,-0.487870684982173,-0.869949485978774,0.999999997589229,5.77114931568972,0.997612770495595,0.00102867150601232,-2.15589288643524e-10,-0.490260821341028,-0.871575772413464,1,5.77079632679468,0.248876261280698,0.475240294318057,0.545000000082316,0.0450443902333513,-1.73996237318769,2.97233675706997,0.016523781805156,0.0036748
4.22,-0.470370843133503,-0.879532543163247,0.999999997585214,5.79114888082041,0.997612269206365,0.00102871775116029,-1.8595542883305e-10,-0.47273241907464,-0.881206025828204,1,5.79079632679468,0.24887663078665,0.475241094992822,0.545000000082784,0.0450444195984156,-1.75912784258304,2.93734594982982,0.0165098948684944,0.0037954
4.24,-0.452682864855454,-0.888763712234321,0.999999997581793,5.81114846029787,0.997611788832966,0.00102879264426223,-1.56153028285655e-10,-0.455014930143638,-0.890483808581871,1,5.81079632679468,0.248876984171228,0.475241861110737,0.545000000083213,0.0450444484562339,-1.77758953211919,2.90197884552098,0.0164936421353865,0.0037441
4.26,-0.434813824280665,-0.897639300765516,0.99999999757897,5.83114805398667,0.997611329076082,0.00102889423232652,-1.26196368910326e-10,-0.437115441307363,-0.899405409685064,1,5.83079632679468,0.248877320846806,0.475242593537536,0.5450000000836,0.0450444768030667,-1.79534005757532,2.86624959398814,0.0164750375044326,0.0036377
4.28,-0.416770868012256,-0.906155758545991,0.999999997576747,5.85114766174274,0.997610889577779,0.00102902062925713,-9.61002299959667e-11,-0.419041112122693,-0.907967260616295,1,5.85079632679468,0.248877640289693,0.475243293180185,0.545000000083949,0.0450445046363512,-1.8123723191548,2.83017248993358,0.0164540956946804,0.0035427
4.3,-0.398561212264568,-0.914309679001857,0.999999997575127,5.8711472834141,0.997610469925986,0.00102917001748474,-6.58787513430198e-11,-0.400799172080315,-0.916165936749349,1,5.87079632679468,0.248877942039634,0.475243960981613,0.545000000084258,0.0450445319546327,-1.82867950432693,2.7937619671999,0.0164308322359499,0.0034367
4.32,-0.380192139976009,-0.922097800560011,0.999999997574112,5.89114691884149,0.997610069658935,0.0010293406492928,-3.55459306433793e-11,-0.382396917713022,-0.923998158723085,1,5.89079632679468,0.24887822569912,0.475244597915618,0.545000000084525,0.0450445587575018,-1.84425509055374,2.7570325929971,0.0164052634591002,0.0038689
4.34,-0.36167099789516,-0.929517007953933,0.999999997573706,5.91114656785903,0.997609688269552,0.00102953084785015,-5.11683140304328e-12,-0.363841709677202,-0.931460793753144,1,5.91079632679468,0.248878490932473,0.475245204981967,0.545000000084755,0.0450445850455286,-1.85909284790074,2.7199990620762,0.0163774064861897,0.0035387
4.36,-0.343005193641303,-0.936564333470929,0.999999997573908,5.93114623029488,0.997609325209788,0.00102973900796275,2.53949039574616e-11,-0.345140969808669,-0.938550856885013,1,5.93079632679468,0.248878737464762,0.475245783201686,0.545000000084945,0.0450446108202026,-1.87318684153065,2.68267619085191,0.0163472792205624,0.0034582
4.38,-0.324202192740567,-0.943236958140315,0.999999997574722,5.9511459059718,0.997608979894877,0.00102996359655699,5.59751711648306e-11,-0.326302178154031,-0.945265512187972,1,5.95079632679468,0.248878965080539,0.475246333612553,0.545000000085094,0.0450446360838635,-1.88653143407902,2.64507891147644,0.0163149003368521,0.0034111
4.4,-0.305269515638861,-0.949532212862072,0.999999997576148,5.97114559470782,0.997608651707505,0.00103020315290736,8.66090488216126e-11,-0.307332869978769,-0.951602073889429,1,5.97079632679468,0.248879173622424,0.475246857264777,0.545000000085204,0.045044660839643,-1.89912128791083,2.60722226586707,0.0162802892708626,0.0034155
4.42,-0.286214734692808,-0.955447579475513,0.999999997578187,5.99114529631672,0.997608340001887,0.00103045628862105,1.17282397127366e-10,-0.288240632753232,-0.957558007449188,1,5.99079632679468,0.248879362989535,0.475247355216909,0.545000000085274,0.0450446850914088,-1.91095136725716,2.56912139968978,0.0162434662093049,0.003444
4.44,-0.267045471139882,-0.960980691767544,0.99999999758084,6.01114501060866,0.997608044107736,0.00103072168739335,1.47981218390197e-10,-0.269033103117752,-0.963130930573238,1,6.01079632679468,0.248879533135802,0.475247828531927,0.545000000085305,0.0450447088436904,-1.92201694023113,2.53079155630127,0.0162044520794794,0.0034128
4.46,-0.247769392048962,-0.966129336420099,0.999999997584106,6.03114473739064,0.997607763334117,0.00103099810454563,1.78691088592569e-10,-0.249717963828085,-0.968318614166632,1,6.03079632679468,0.24887968406815,0.475248278273546,0.545000000085297,0.0450447321016381,-1.93231358072218,2.49224807065192,0.0161632685387584,0.003604
4.48,-0.22839420725253,-0.970891453896387,0.999999997587987,6.05114447646705,0.997607496973183,0.00103128436636019,2.09397903461176e-10,-0.230302940682415,-0.973118983225103,1,6.05079632679468,0.248879815844582,0.475248705502747,0.545000000085247,0.0450447548709547,-1.94183717016802,2.45350636315206,0.0161199379639614,0.0035351
4.5,-0.208927666261738,-0.975265139265586,0.999999997592482,6.07114422764012,0.99760724430378,0.00103157936922467,2.40086812652843e-10,-0.210795799431137,-0.977530117665031,1,6.07079632679468,0.248879928572179,0.47524911127447,0.54500000008516,0.045044777157841,-1.95058389920354,2.41458193350402,0.0160744834405641,0.0034519
4.52,-0.189377555165583,-0.979248642965654,0.99999999759759,6.09114399071039,0.997607004594916,0.00103188207859806,2.70744244801316e-10,-0.191204342670659,-0.981550253091453,1,6.09079632679468,0.248880022404998,0.475249496634565,0.545000000085031,0.0450447989689432,-1.95855026918602,2.37549035450243,0.0160269287517911,0.0034821
4.54,-0.169751693515442,-0.982840371503961,0.999999997603311,6.11114376547715,0.997606777109097,0.00103219152781278,3.01355242982006e-10,-0.171536406722471,-0.985177781503802,1,6.11079632679468,0.248880097541929,0.475249862616918,0.545000000084863,0.0450448203113055,-1.96573309359593,2.33624726580524,0.0159772983675135,0.0036595
4.56,-0.150057931196199,-0.986038888095448,0.999999997609644,6.13114355173883,0.997606561105506,0.00103250681672457,3.31905987138704e-10,-0.151799858498716,-0.988411251939077,1,6.13079632679468,0.248880154222999,0.475250210234916,0.545000000084176,0.0450448411917981,-1.97212949931293,2.29686836767798,0.0159256174330234,0.0035368
4.58,-0.130304145285234,-0.988842913238072,0.999999997616585,6.15114334929337,0.997606355842987,0.00103282710998879,3.62209462423358e-10,-0.132002592355532,-0.991249371052218,1,6.15079632679468,0.248880192731912,0.475250540498087,0.545000000083713,0.0450448616190903,-1.97773692776639,2.25736941471372,0.0158719117574789,0.0034431
4.6,-0.110498236900527,-0.991251325225295,0.99999999762413,6.17114315793865,0.997606160583061,0.0010331516359874,3.92346244382202e-10,-0.112152526935417,-0.993691003633419,1,6.17079632679468,0.248880213388218,0.475250854387791,0.545000000083283,0.0450448816006036,-1.98255313596016,2.21776620953133,0.0158162078025092,0.0034518
4.62,-0.0906481280391341,-0.993263160595418,0.999999997632277,6.19114297747276,0.997605974592578,0.00103347968471618,4.22328234606061e-10,-0.0922576019998751,-0.995735173062205,1,6.19079632679468,0.248880216547563,0.475251152865408,0.545000000082869,0.0450449011444943,-1.98657619737088,2.17807459645443,0.0157585326703304,0.0037134
4.64,-0.070761758407316,-0.99487761451758,0.999999997641022,6.21114280769434,0.997605797146306,0.00103381060602209,4.5216101085541e-10,-0.0723257752536183,-0.997381061698057,1,6.21079632679468,0.248880202598991,0.475251436868989,0.545000000082454,0.0450449202590556,-1.9898045027199,2.13831045517365,0.0156989140918167,0.0034557
4.66,-0.0508470822435792,-0.996094041114273,0.999999997650362,6.23114264840291,0.997605627529355,0.00103414380767537,4.81844537603113e-10,-0.0523650191615909,-0.998628011207467,1,6.23079632679467,0.248880171962591,0.475251707311575,0.545000000082027,0.0450449389527013,-1.99223676061801,2.09848969439479,0.0156373804143612,0.0034264
4.68,-0.0309120651359052,-0.996911953720236,0.999999997660295,6.25114249939909,0.997605465039443,0.00103447875336266,5.11374302902797e-10,-0.0323833177600899,-0.999475522827256,1,6.25079632679467,0.248880125087161,0.475251965079664,0.545000000081581,0.0450449572339241,-1.99387199808318,2.05862824547524,0.0155739605895672,0.0033898
4.7,-0.0109646808344455,-0.997331025077625,0.999999997670816,6.27114236048487,0.997605308989005,0.00103481496060992,5.40743343435653e-10,-0.0123886634632567,-0.999923257564078,1,6.27079632679467,0.248880062447869,0.475252211031872,0.545000000081108,0.0450449751112614,-1.99470956093076,2.01874205605139,0.0155086841607305,0.0033977
4.72,0.00898709193904477,-0.997351087467399,0.999999997681923,6.29114223146384,0.997605158707146,0.00103515199864638,5.69942208983294e-10,0.00761094613378176,-0.999971036330006,1,6.29079632679467,0.248879984543933,0.475252445997768,0.545000000080604,0.0450449925932657,-1.99474911403619,1.97884708365953,0.0154415812501656,0.003735
4.74,0.0289352726837527,-0.996972132776843,0.999999997693612,6.31114211214142,0.99760501354144,0.00103548948622006,5.98959672970496e-10,0.0276075114538446,-0.999618840014171,1,6.31079632679467,0.24887989189633,0.475252670776843,0.545000000080063,0.0450450096884608,-1.99399064146999,1.93895928935268,0.0153726825463199,0.003498
4.76,0.048871882313057,-0.99619431250322,0.999999997705879,6.33114200232499,0.997604872859577,0.00103582708937324,6.27782270612415e-10,0.047593034137421,-0.998866809490404,1,6.33079632679467,0.248879785045531,0.475252886137686,0.545000000079486,0.0450450264053264,-1.99243444650508,1.89909463131607,0.0153020192907132,0.0037075
4.78,0.0687889463472007,-0.995017937693554,0.999999997718721,6.35114190182414,0.997604736050855,0.00103616451918912,6.56397176612671e-10,0.0675595202419078,-0.997715245560888,1,6.35079632679467,0.24887966454928,0.475253092817259,0.545000000078868,0.0450450427522521,-1.99008115149635,1.85926905848376,0.0152296232646758,0.0036264
4.8,0.0886784981041086,-0.993443478820548,0.999999997732133,6.37114181045073,0.997604602527529,0.0010365015295168,6.84789647209498e-10,0.0874989834390793,-0.99616460883584,1,6.37079632679467,0.248879530980403,0.475253291520367,0.545000000078211,0.0450450587375343,-1.98693169763256,1.81949850415887,0.0151555267759251,0.0038314
4.82,0.108532581887072,-0.991471565594717,0.99999999774611,6.39114172801912,0.997604471726008,0.0010368379146849,7.12945720238137e-10,0.107403448209513,-0.994215519549275,1,6.39079632679467,0.248879384924683,0.475253482919226,0.54500000007751,0.045045074369328,-1.98298734456064,1.77979887964015,0.0150797626449368,0.0038668
4.84,0.128343256168025,-0.989102986712784,0.999999997760648,6.41114165434618,0.997604343107917,0.00103717350721022,7.40849408487034e-10,0.127264953032689,-0.991868757310921,1,6.41079632679467,0.248879226978767,0.475253667653192,0.545000000076767,0.0450450896556365,-1.97824966988267,1.74018606785723,0.0150023641911481,0.003835
4.86,0.148102596765136,-0.986338689542457,0.999999997775741,6.4311415892515,0.997604216161012,0.0010375081755105,7.68485470814508e-10,0.147075553571496,-0.989125260794383,1,6.43079632679467,0.248879057748153,0.475253846328609,0.545000000075981,0.0450451046042979,-1.97272056852544,1.70067591701732,0.0149233652189717,0.0039058
4.88,0.167802700013443,-0.983179779743715,0.999999997791384,6.45114153255735,0.997604090399968,0.00103784182162812,7.95838630551738e-10,0.166827325849855,-0.985986127361688,1,6.45079632679467,0.248878877843904,0.475254019513515,0.545000000074718,0.0450451192224879,-1.9664022519833,1.6612842342657,0.0148428000036653,0.0036269
4.9,0.187435685927269,-0.979627520826746,0.99999999780757,6.47114148408885,0.997603965366973,0.00103817437876198,8.22737113992356e-10,0.186512369422209,-0.982452612624354,1,6.47079632679467,0.248878687883931,0.475254187750417,0.545000000073285,0.0450451335181483,-1.95929724743409,1.62202677936267,0.014760703276902,0.0036017
4.92,0.206993701353136,-0.975683333646722,0.999999997824289,6.49114144367394,0.997603840632331,0.00103850580934386,8.49119530243992e-10,0.206122810533593,-0.978526129941165,1,6.49079632679467,0.248878488489613,0.475254351550291,0.545000000072006,0.045045147498708,-1.95140839672895,1.58291925837942,0.0146771102123422,0.0034909
4.94,0.22646892311194,-0.971348795835604,0.999999997841531,6.51114141114347,0.997603715794877,0.00103883610286953,8.75041656911401e-10,0.22565080526903,-0.97420824985284,1,6.51079632679467,0.248878280282872,0.475254511388213,0.545000000070829,0.0450451611709315,-1.94273885525612,1.54397731741541,0.0145920564110067,0.0039796
4.96,0.245853561129102,-0.966625641171218,0.999999997859286,6.53114138633123,0.997603590482236,0.00103916527358721,9.00539944836931e-10,0.245088542690997,-0.969500699453844,1,6.53079632679467,0.248878063885336,0.475254667707144,0.545000000069714,0.0450451745415081,-1.93329209067932,1.5052165363397,0.0145055778864052,0.0038596
4.98,0.265139861551465,-0.96151575888385,0.999999997877548,6.55114136907394,0.99760346435099,0.00103949335837618,9.25637131388123e-10,0.264428247963691,-0.964405361701571,1,6.55079632679467,0.24887783991673,0.475254820918408,0.545000000068631,0.0450451876169082,-1.9230718815512,1.46665242255877,0.0144177110495648,0.0035868
5,0.28432010984968,-0.956021192900635,0.999999997896308,6.57114135921124,0.997603337086746,0.00103982041466658,9.50344336558794e-10,0.283662185462863,-0.958924274663183,1,6.57079632679467,0.248877608993347,0.475254971402245,0.545000000067557,0.0450452004033419,-1.91208231580238,1.42830040481333,0.0143284926938856,0.0035731
5.02,0.303386633904831,-0.950144141028048,0.999999997915558,6.5911413565857,0.997603208404102,0.00104014651840868,9.74664828845527e-10,0.302782661869962,-0.953059630700417,1,6.59079632679467,0.248877371726581,0.475255119508422,0.545000000066475,0.0450452129067467,-1.90032778910669,1.39017582700658,0.0142379599798802,0.0035717
5.04,0.322331807078086,-0.94388695407283,0.999999997935291,6.61114136104279,0.997603078046507,0.00104047176209569,9.98595979240199e-10,0.321782029249361,-0.946813775592662,1,6.61079632679467,0.248877128721557,0.475255265556942,0.545000000065372,0.0450452251327877,-1.88781300312333,1.35229394206644,0.0141461504197441,0.0036113
5.06,0.341148051262124,-0.93725213490168,0.999999997955498,6.63114137243085,0.99760294578604,0.00104079625284498,1.02213004282699e-09,0.34065268810743,-0.940189207598686,1,6.63079632679467,0.248876880573254,0.475255409828447,0.545000000063382,0.0450452370859326,-1.87454296361655,1.31466990584411,0.0140531018618599,0.0036555
5.08,0.359827839913127,-0.930242337440127,0.999999997976169,6.65114139060102,0.997602811422986,0.00104112011012781,1.0449474530105e-09,0.359387090432231,-0.93318857645736,1,6.65079632679467,0.248876627872969,0.475255552595813,0.545000000061587,0.0450452487727996,-1.86052297845372,1.27731877105151,0.0139588524749085,0.0036477
5.1,0.378363701062129,-0.92286036561094,0.99999999799729,6.67114141540724,0.997602674785645,0.00104144346481822,1.06711876668438e-09,0.377977742712623,-0.925814682327799,1,6.67079632679467,0.248876371199759,0.475255694095286,0.54500000005999,0.0450452601977752,-1.84575865548245,1.24025548123997,0.0138634407323385,0.0036191
5.12,0.396748220304502,-0.915109172212532,0.999999998018848,6.69114144670616,0.997602535729774,0.0010417664570496,1.0887153223393e-09,0.396417208935567,-0.918070474669338,1,6.69079632679466,0.248876111121496,0.475255834535871,0.545000000058525,0.04504527136527,-1.83025590028775,1.20349486482254,0.0137669053963727,0.0034244
5.14,0.4149740437664,-0.906991857737792,0.999999998040833,6.71114148435712,0.997602394138036,0.00104208923453479,1.10978437106719e-09,0.414698113560428,-0.909959051061786,1,6.71079632679466,0.248875848194092,0.475255974101079,0.545000000057143,0.0450452822795176,-1.81402091383004,1.16705162914241,0.0136692855019846,0.0034517
5.16,0.433033881046961,-0.898511669133834,0.999999998063234,6.73114152822206,0.997602249919385,0.00104241195098018,1.13035589777151e-09,0.432813144469099,-0.901483655966434,1,6.73079632679466,0.248875582960069,0.475256112947814,0.545000000055622,0.0450452929443131,-1.79706018996503,1.13094035458975,0.0135706203408007,0.0034366
5.18,0.4509205081351,-0.88967199850314,0.999999998086042,6.75114157816544,0.997602103008385,0.00104273476448534,1.15037991577079e-09,0.450755055890748,-0.892647679428318,1,6.75079632679466,0.248875315946611,0.475256251202831,0.545000000053261,0.0450453033627074,-1.77938051284631,1.09517548876931,0.0134709494449105,0.0038392
5.2,0.468626770299723,-0.880476381746645,0.999999998109241,6.77114163405413,0.997601953364407,0.00104305783583935,1.16955373385959e-09,0.468516671300028,-0.883454655720241,1,6.77079632679466,0.248875047671538,0.475256388990701,0.545000000051257,0.0450453135397124,-1.76098895421193,1.05977134072113,0.0133703125704093,0.003552
5.22,0.486145584952202,-0.870928497149275,0.999999998132817,6.79114169575737,0.997601800971059,0.00104338132797887,1.18800613790877e-09,0.486090886287593,-0.873908261929114,1,6.79079632679466,0.248874778634681,0.475256526403022,0.545000000049498,0.0450453234778919,-1.74189287055582,1.02474207519675,0.013268749681314,0.0034514
5.24,0.503469944479965,-0.861032163908515,0.999999998156755,6.81114176314672,0.997601645835257,0.00104370540418344,1.20582555496181e-09,0.503470671401769,-0.864012316485171,1,6.81079632679466,0.248874509320162,0.475256663511018,0.545000000047901,0.0450453331800592,-1.72209990018533,0.990101706993051,0.0131663009330306,0.0034501
5.26,0.520592919050083,-0.850791340606618,0.999999998181044,6.83114183609591,0.997601487986359,0.00104403022686937,1.2230700363602e-09,0.520649074960236,-0.853770777634644,1,6.83079632679466,0.248874240192403,0.475256800352734,0.545000000045229,0.0450453426476133,-1.701617960166,0.955864095346132,0.0130630066559391,0.0035148
5.28,0.537507659381715,-0.840210123627038,0.999999998205668,6.85114191448074,0.997601327475124,0.00104435595589133,1.23935258500292e-09,0.537619225830615,-0.843187741856522,1,6.85079632679466,0.248873971706128,0.475256936975939,0.545000000042965,0.0450453518850621,-1.68045524315485,0.92204293838741,0.0129589073385627,0.0037326
5.3,0.554207399486308,-0.829292745515743,0.99999999823061,6.87114199817903,0.997601164373062,0.00104468274862066,1.2548199279649e-09,0.554374336178822,-0.83226744222401,1,6.87079632679466,0.24887370429565,0.475257073397978,0.545000000041045,0.0450453608939406,-1.65862021412338,0.888651767664159,0.0128540436113696,0.0035544
5.32,0.570685459374461,-0.818043573288043,0.999999998255854,6.89114208707053,0.997600998771354,0.00104501075835345,1.26959616153495e-09,0.570907704184117,-0.821014246711361,1,6.89079632679466,0.24887343837482,0.475257209607866,0.545000000038373,0.0450453696749988,-1.63612160697158,0.855703942726693,0.0127484562300964,0.003678
5.34,0.586935247728362,-0.806467106681625,0.999999998281384,6.91114218103679,0.997600830779742,0.00104534013291267,1.28341046234932e-09,0.587212716719739,-0.809432656446737,1,6.91079632679466,0.248873174344691,0.475257345599101,0.545000000035826,0.0450453782313539,-1.61296842103446,0.823212645784355,0.0126421860588785,0.0036946
5.36,0.602950264538737,-0.794567976356501,0.999999998307181,6.93114227996108,0.997600660525725,0.00104567101460577,1.29630773670892e-09,0.603282851998072,-0.797527303911826,1,6.93079632679466,0.248872912586894,0.475257481345008,0.545000000033495,0.04504538656431,-1.5891699174823,0.791190876432447,0.0125352740538478,0.0039188
5.38,0.618724103705256,-0.782350942042566,0.999999998333228,6.9511423837283,0.997600488153494,0.00104600353915161,1.30836582457046e-09,0.619111682179269,-0.785302951088906,1,6.95079632679466,0.248872653461934,0.475257616793555,0.545000000030376,0.0450453946740441,-1.56473561561616,0.759651446452208,0.0124277612464812,0.004367
5.4,0.634250455599346,-0.769820890635537,0.999999998359505,6.97114249222489,0.997600313822777,0.00104633783447575,1.31930132596376e-09,0.634692875942308,-0.772764487556117,1,6.97079632679466,0.248872397318118,0.475257751904418,0.545000000027769,0.0450454025634749,-1.53967528906018,0.728606974685935,0.0123196887266936,0.0036799
5.42,0.649523109588404,-0.756982834242001,0.99999999838599,6.9911426053387,0.997600137708048,0.00104667402103816,1.32929805829458e-09,0.650020201017428,-0.759916928531694,1,6.99079632679466,0.248872144479158,0.47525788660055,0.545000000024374,0.0450454102316872,-1.51399896185205,0.698069881989279,0.0122110976265875,0.0036737
5.44,0.664535956520379,-0.743841908174396,0.999999998412664,7.01114272295894,0.997599959997239,0.00104701221017107,1.33807283475558e-09,0.665087526678961,-0.74676541286795,1,7.01079632679466,0.248871895255967,0.475258020816241,0.545000000021083,0.0450454176808849,-1.48771690443339,0.668052386262744,0.0121020291034324,0.0035411
5.46,0.679282991167751,-0.730403368896685,0.999999998439501,7.03114284497607,0.997599780890913,0.00104735250446489,1.34566256804187e-09,0.679888826197539,-0.733315200995798,1,7.03079632679466,0.248871649938681,0.47525815446597,0.545000000017585,0.0450454249110454,-1.46083962954147,0.638566497564376,0.0119925243233697,0.0034404
5.48,0.693758314629916,-0.716672591921575,0.999999998466478,7.0511429712817,0.997599600601133,0.0010476949968414,1.35199304196472e-09,0.6944181792507,-0.719571672820652,1,7.05079632679466,0.248871408799136,0.475258287454745,0.545000000013515,0.0450454319223584,-1.43337788800408,0.609624013305599,0.0118826244447343,0.0034113
5.5,0.707956136693017,-0.702655069660117,0.999999998493566,7.07114310176852,0.997599419350423,0.00104803977012294,1.35685837676642e-09,0.708669774290948,-0.70554032557054,1,7.07079632679466,0.248871172091697,0.475258419681715,0.545000000008707,0.0450454387151456,-1.40534266443907,0.581236513532116,0.0117723706015159,0.0033809
5.52,0.721870778146292,-0.688356409224532,0.999999998520735,7.09114323633018,0.997599237370758,0.00104838689675929,1.35999275840954e-09,0.722637910870283,-0.691226771597279,1,7.09079632679466,0.24887094005358,0.475258551041556,0.54500000000318,0.0450454452897221,-1.37674517286045,0.553415356291762,0.011661803886905,0.0035858
5.54,0.735496673053988,-0.673782330185169,0.999999998547946,7.11114337486125,0.997599054902587,0.00104873643862313,1.36113747828399e-09,0.736317001920313,-0.676636736131613,1,7.11079632679466,0.248870712910116,0.47525868144538,0.544999999998841,0.0450454516481615,-1.34759685219265,0.526171673091171,0.0115509653367901,0.0034493
5.56,0.748828370981948,-0.658938662282453,0.999999998575165,7.13114351725711,0.997598872194068,0.00104908844765457,1.36072035417096e-09,0.749701575987004,-0.661776054993197,1,7.13079632679466,0.248870490867157,0.475258810790202,0.544999999996207,0.0450454577901956,-1.31790936169483,0.499516364443058,0.0114398959137334,0.00374
5.58,0.761860539177981,-0.643831343094775,0.999999998602365,7.15114366341401,0.99759868950001,0.00104944296525172,1.35935479761424e-09,0.762786279419189,-0.646650672256346,1,7.15079632679466,0.248870274111316,0.475258938959564,0.544999999994744,0.0450454637149365,-1.2876945762971,0.473460095505917,0.0113286364906725,0.0036445
5.6,0.774587964705132,-0.628466415663236,0.999999998629534,7.17114381322888,0.997598507080829,0.00104980002177055,1.35746276441746e-09,0.775565878509954,-0.631266637872487,1,7.17079632679465,0.248870062812804,0.475259065834244,0.544999999994065,0.0450454694220966,-1.25696458185036,0.448013291817862,0.0112172278346564,0.0043438
5.62,0.787005556527019,-0.612850026074223,0.999999998656661,7.19114396659928,0.997598325201619,0.00105015963648666,1.3553262334653e-09,0.788035261590055,-0.615630105250256,1,7.19079632679465,0.248869857125785,0.475259191293001,0.544999999993875,0.0450454749114355,-1.22573167029185,0.423186135126332,0.0111057105907739,0.00378
5.64,0.799108347544395,-0.596988421000758,0.999999998683746,7.21114412342331,0.997598144131245,0.00105052181758479,1.35312131277483e-09,0.800189441072517,-0.599747328794216,1,7.21079632679465,0.248869657188767,0.475259315213314,0.54499999999396,0.0450454801826762,-1.19400833472823,0.398988559315314,0.0109941252661907,0.003571
5.66,0.810891496582109,-0.580887945203616,0.999999998710787,7.23114428359958,0.997597964141464,0.00105088656219011,1.35094687436772e-09,0.8120235554476,-0.583624661403183,1,7.23079632679465,0.248869463125021,0.475259437472025,0.544999999994164,0.0450454852354963,-1.16180726443819,0.375430246431723,0.010882512214281,0.003489
5.68,0.82235029032569,-0.564555038993201,0.999999998737785,7.2511444470271,0.997597785506065,0.00105125385643942,1.34884587055235e-09,0.823532871227341,-0.567268551929147,1,7.25079632679465,0.248869275043008,0.475259557946,0.54499999999438,0.0450454900695358,-1.12914133979658,0.352520622812526,0.0107709116188941,0.0035346
5.7,0.833480145206767,-0.547996235653215,0.999999998764741,7.27114461360527,0.99759760850005,0.00105162367559206,1.34682249353087e-09,0.834712784838882,-0.55068554259782,1,7.27079632679465,0.248869093036836,0.475259676512726,0.544999999994526,0.045045494684411,-1.09602362712211,0.330268855314158,0.010659363478737,0.0035776
5.72,0.844276609236571,-0.531218158827123,0.999999998791658,7.2911447832338,0.997597433398827,0.00105199598417746,1.34485180325324e-09,0.845558824465843,-0.533882266391829,1,7.29079632679465,0.248868917186723,0.475259793050872,0.544999999994555,0.0450454990797147,-1.06246737345066,0.308683847645736,0.010547907591893,0.0034604
5.74,0.854735363786799,-0.51422751986849,0.999999998818535,7.3111449558127,0.997597260477448,0.00105237073617654,1.34289166453523e-09,0.856066651836985,-0.516865444397617,1,7.31079632679465,0.248868747559479,0.475259907440835,0.544999999994432,0.0450455032550376,-1.02848600123629,0.287774236807547,0.010436583540481,0.0033899
5.76,0.864852225317112,-0.497031115156225,0.999999998845373,7.33114513124218,0.997597090009867,0.0010527478752357,1.34088725900479e-09,0.866232063961463,-0.499641883117093,1,7.33079632679465,0.248868584208998,0.475260019565236,0.544999999994138,0.0450455072099698,-0.994093102982102,0.267548389636222,0.010325430675463,0.0038331
5.78,0.874623147048582,-0.479635823375817,0.99999999887217,7.35114530942266,0.997596922268236,0.00105312733491001,1.33877691155244e-09,0.876050994809962,-0.482218471745125,1,7.35079632679465,0.248868427176758,0.475260129309375,0.544999999993664,0.0450455109441114,-0.959302435803077,0.248014399457985,0.0102144881016031,0.0036824
5.8,0.884044220582429,-0.46204860276766,0.999999998898923,7.3711454902547,0.997596757522227,0.00105350903893361,1.33649589173497e-09,0.885519516941062,-0.464602179413953,1,7.37079632679465,0.248868276492336,0.475260236561668,0.544999999993007,0.0450455144570788,-0.92412791592305,0.229180082851317,0.0101037946625898,0.0042116
5.82,0.893111677463381,-0.444276488343544,0.999999998925627,7.39114567363901,0.997596596038397,0.0010538929015152,1.33397854540358e-09,0.894633843072154,-0.446800052405629,1,7.39079632679465,0.248868132173919,0.475260341214036,0.544999999992171,0.0450455177485165,-0.888583613108057,0.211052976520325,0.00999338892633167,0.0035493
5.84,0.901821890687055,-0.426326589072453,0.999999998952279,7.41114585947637,0.997596438079572,0.00105427882765609,1.33116014211505e-09,0.90339032759431,-0.428819211333597,1,7.41079632679465,0.248867994228817,0.47526044316227,0.54499999999116,0.0450455208181036,-0.852683745038258,0.193640334280069,0.00988330917042112,0.0036569
5.86,0.910171376150735,-0.408206085036773,0.99999999897887,7.43114604766765,0.997596283904276,0.00105466671348895,1.32797765672872e-09,0.911785468030472,-0.410666848294545,1,7.43079632679465,0.248867862653991,0.475260542306363,0.544999999989982,0.0450455236655615,-0.816442671620693,0.176949124155055,0.00977359336778361,0.0035565
5.88,0.918156794046984,-0.389922224560066,0.999999999005393,7.45114623811377,0.997596133766187,0.00105505644663493,1.32437126154623e-09,0.919815906436399,-0.39235022399166,1,7.45079632679465,0.248867737436571,0.475260638550796,0.544999999988648,0.045045526290657,-0.779874889245159,0.160986025592051,0.00966427917251366,0.0036068
5.9,0.925774950199517,-0.371482321307543,0.99999999903184,7.47114643071569,0.997595987913629,0.00105544790657659,1.3202844684201e-09,0.9274784307438,-0.373876664830445,1,7.47079632679465,0.248867618554371,0.47526073180481,0.544999999987166,0.0450455286932175,-0.742995024985479,0.145757426788338,0.00955540390590465,0.0034567
5.92,0.933022797340824,-0.352893751360411,0.9999999990582,7.4911466253744,0.997595846589095,0.00105584096504557,1.31566409322654e-09,0.934769976045118,-0.355253559988253,1,7.49079632679465,0.248867505976415,0.475260821982642,0.544999999985548,0.0450455308731257,-0.705817830748517,0.131269422136474,0.0094470045426801,0.0034077
5.94,0.939897436331001,-0.334163950265253,0.999999999084461,7.5111468219909,0.997595710028809,0.00105623548642223,1.31046149931531e-09,0.941687625819451,-0.336488358458717,1,7.51079632679465,0.248867399663437,0.475260909003718,0.544999999983804,0.0450455328303338,-0.668358177373247,0.117527809786588,0.00933911769743139,0.0033949
5.96,0.946396117317335,-0.315300410059626,0.999999999110612,7.5311470204662,0.997595578462309,0.00105663132814557,1.30463085667993e-09,0.948228613099124,-0.317588566072249,1,7.53079632679465,0.248867299568396,0.47526099279284,0.544999999981945,0.0450455345648678,-0.630631048682263,0.104538089327171,0.00923177961126422,0.0034029
5.98,0.952516240834151,-0.296310676275071,0.999999999136639,7.55114722070132,0.997595452112078,0.00105702834113194,1.29813106042316e-09,0.954390321576437,-0.29856174249381,1,7.55079632679465,0.248867205636973,0.47526107328033,0.544999999979978,0.0450455360768339,-0.592651535488091,0.0923054595853068,0.00912502613866412,0.0033981
6,0.958255358842502,-0.277202344918724,0.99999999916253,7.57114742259731,0.997595331193194,0.00105742637020012,1.29092327938447e-09,0.960170286650154,-0.279415498199144,1,7.57079632679465,0.248867117808063,0.475261150402152,0.544999999977916,0.0450455373664144,-0.554434829556716,0.0808348165472086,0.00901889273458134,0.0033624
6.02,0.963611175709275,-0.257983059434751,0.999999999188269,7.59114762605523,0.997595215913016,0.00105782525450162,1.2829728746055e-09,0.96556619641131,-0.260157491430689,1,7.59079632679465,0.248867036014258,0.475261224100004,0.544999999975769,0.0450455384338845,-0.515996217530726,0.0701307513999039,0.00891341444174977,0.0034741
6.04,0.968581549125327,-0.238660507646799,0.999999999213841,7.61114783097614,0.997595106470907,0.00105822482795436,1.27424979012853e-09,0.970575892567946,-0.240795425134381,1,7.61079632679465,0.248866960182321,0.475261294321383,0.544999999973544,0.0450455392796081,-0.477351074814511,0.0601975486948415,0.0088086258782313,0.0034542
6.06,0.973164490962281,-0.219242418682716,0.999999999239231,7.63114803726117,0.997595003057974,0.00105862491967788,1.26472549766272e-09,0.975197371308395,-0.221337043878582,1,7.63079632679464,0.248866890233648,0.47526136101965,0.54499999997125,0.0450455399040404,-0.438514859423968,0.0510391846341608,0.00870456122520183,0.0034783
6.08,0.977358168067642,-0.199736559882742,0.999999999264422,7.65114824481149,0.997594905856854,0.00105902535442956,1.25437534137514e-09,0.979428784102778,-0.201790130756354,1,7.65079632679464,0.248866826045013,0.475261424051255,0.544999999959694,0.0450455403004171,-0.399503105803157,0.0426593254803075,0.00860125421611167,0.003349
6.1,0.981160902997951,-0.180150733692456,0.999999999289364,7.67114845352817,0.997594815039888,0.00105942594891222,1.23986509947822e-09,0.983268438442396,-0.182162504272322,1,7.67079632679464,0.248866767561076,0.475261483464964,0.544999999948819,0.0450455404802189,-0.360331418610396,0.0350613260896298,0.00849873812098067,0.0035335
6.12,0.984571174689621,-0.160492774541654,0.999999999313977,7.69114866331232,0.997594730771859,0.00105982651994695,1.22143980263441e-09,0.986714798516709,-0.162462015215382,1,7.69079632679464,0.248866714701632,0.475261539262221,0.544999999941251,0.0450455404432015,-0.321015466476278,0.0282482285705425,0.00839704573884415,0.0035176
6.14,0.987587619067162,-0.14077054571042,0.999999999338195,7.71114887406529,0.99759465320905,0.00106022688242339,1.200290107306e-09,0.989766485827636,-0.142696543518487,1,7.71079632679464,0.248866667370994,0.47526159141955,0.544999999936101,0.0450455401882246,-0.2815709757361,0.0222227610667964,0.00829620938598511,0.0035591
6.16,0.990209029588626,-0.120991936183672,0.99999999936197,7.73114908568864,0.997594582498671,0.00106062684850116,1.17728664150714e-09,0.992422279740943,-0.12287399510678,1,7.73079632679464,0.248866625470192,0.47526163991909,0.54499999993268,0.045045539715916,-0.242013724139219,0.0169873366663397,0.00819626088445377,0.0033747
6.18,0.992434357728059,-0.101164857495454,0.999999999385274,7.75114929808411,0.997594518778764,0.0010610262280774,1.15305155645724e-09,0.994681117974474,-0.103002298735328,1,7.75079632679464,0.248866588897398,0.475261684748834,0.544999999930492,0.04504553902731,-0.202359534537856,0.0125440524362063,0.00809723155136348,0.003526
6.2,0.994262713394726,-0.0812972405642043,0.999999999408084,7.77114951115361,0.997594462178148,0.00106142482921409,1.12802883478476e-09,0.996542097023054,-0.0830894028177283,1,7.77079632679464,0.248866557548279,0.475261725902357,0.544999999929172,0.0450455381235872,-0.162624268557855,0.00889468858381776,0.00799915218845583,0.0033919
6.22,0.995693365288964,-0.0613970325202838,0.99999999943039,7.79114972479929,0.997594412816369,0.001061822458542,1.10253058238637e-09,0.998004472519875,-0.063143272246845,1,7.79079632679464,0.248866531316342,0.475261763378722,0.544999999928449,0.0450455370060455,-0.122823820253951,0.0060407077450332,0.00790205307193309,0.0034787
6.24,0.996725741194511,-0.0414721935270211,0.999999999452183,7.81114993892353,0.997594370803689,0.00106221892165513,1.07677220029241e-09,0.999067659534237,-0.0431718852089621,1,7.81079632679464,0.248866510093269,0.475261797182366,0.544999999928122,0.045045535676092,-0.0829741097520627,0.00398325439923198,0.00780596394256574,0.0033733
6.26,0.997359428207196,-0.0215306935965558,0.99999999947346,7.83115015342903,0.997594336241085,0.00106261402349571,1.05089622337569e-09,0.99973123280551,-0.023183229992613,1,7.83079632679464,0.248866493769248,0.475261827322955,0.544999999928051,0.0450455341352459,-0.0430910768811767,0.00272315441166291,0.0077109139960722,0.0033765
6.28,0.997594172899897,-0.00158050940174809,0.999999999494219,7.85115036821876,0.997594309220276,0.00106300756872833,1.02499445375766e-09,0.999994926913232,-0.00318530179337252,1,7.85079632679464,0.24886648223327,0.475261853815248,0.544999999928134,0.0450455323851337,-0.00319067479734743,0.00226091470324259,0.00761693187377979,0.0035857
