Time,X,Y,Z,Psi,Vx_B,Vy_B,Vz_B,Ref_X,Ref_Y,Ref_Z,Ref_Psi,Ux,Uy,Uz,Upsi,Int_X,Int_Y,Cost,CalcTime
0,1.5642135623731,0,1,1.5707963267949,0.989949493661167,6.06169239364845e-17,0,1.4142135623731,0,1,1.5707963267949,0.250262350184328,0.999999999643344,0.545000000009686,0.0945964305733054,0,0,23.3734136793732,0.0070376
0.02,1.56379361985098,0.0197942166149622,1.00000000000003,1.6127963662283,0.9900687168862,0.000417958339548975,3.48677531292196e-12,1.41379784470165,0.0197931694835827,1,1.6127963267949,0.260726282727406,0.999999999878413,0.544999999999907,0.0940982420122959,0.0625629429461879,0.000395935763256742,23.5007352741232,0.0063841
0.04,1.56253428272971,0.0395595313072585,1.0000000000001,1.65478577932152,0.990620530836138,0.00082901912947148,3.45345085861482e-12,1.4125516959854,0.0395494993782265,1,1.6547837889808,0.270448586603554,0.999999999802281,0.545000000001656,0.0931254210485521,0.12509229719345,0.00158315199691553,23.6341157340207,0.0058569
0.06,1.56043690615252,0.0592686782083208,1.00000000000018,1.69673433352927,0.991570980495614,0.00124572942495725,4.0497027953279e-12,1.41047836697619,0.0592303657525772,1,1.69673408431756,0.27939755803343,0.999999999899887,0.544999999998159,0.0923944969834864,0.187554511221248,0.00355994936085873,23.7709993971968,0.0064824
0.08,1.55750373929974,0.0788937945155684,1.00000000000025,1.73861000877039,0.992885847482226,0.00168382079068594,3.38705063995803e-12,1.4075835226015,0.0787974859604839,1,1.73862269042572,0.287511509655754,0.99999999998917,0.544999999996124,0.0916519413497059,0.249916105316185,0.00632352581011964,23.9085492240408,0.0063388
0.1,1.55373801028851,0.0984064492912329,1.00000000000031,1.78038860743128,0.994529251961877,0.0021528141080686,1.99186445115628e-12,1.40387520129865,0.0982131079949406,1,1.78042526312545,0.294848350499597,0.999999999996376,0.544999999997014,0.0908928791772814,0.312143709023938,0.00986995336783154,24.0441652464836,0.0064035
0.12,1.54914400260625,0.117777709433205,1.00000000000034,1.82204763844122,0.99646833053416,0.00266209564475141,9.16813291951252e-13,1.3993637567748,0.117440194433348,1,1.82211770661211,0.301338585554512,0.999999999752825,0.545000000003839,0.0900765614618973,0.374204101901437,0.0141941563923874,24.1753999589857,0.0062382
0.14,1.54372712786728,0.13697820722316,1.00000000000037,1.86356517838787,0.998668138510038,0.00322204820122359,2.2989610215518e-12,1.39406178298683,0.136442599102593,1,1.86367624175054,0.307003674679571,0.999999999969779,0.544999999997103,0.0892297023834213,0.436064257141289,0.0192898931581644,24.2995622995569,0.0056885
0.16,1.5374939958952,0.155978199336674,1.0000000000004,1.90491954474631,1.00109533872583,0.00384439029368727,1.25591981259276e-12,1.38798402335848,0.155185234719905,1,1.90507747200073,0.311862302401236,0.999999999873174,0.545000000000096,0.0883535511292223,0.497691388165692,0.0251497393937228,24.4145648361505,0.0069174
0.18,1.53045246998857,0.174747665133338,1.00000000000043,1.94608985474755,1.00371810175492,0.00454155327235129,1.29041666241391e-12,1.38114726545213,0.173634229921748,1,1.94629844651979,0.31583544482499,0.999999999998621,0.54499999999711,0.0874165610177673,0.559052997689997,0.0317650752185036,24.5180235886144,0.0060339
0.2,1.5226117277003,0.19325637098804,1.00000000000044,1.9870552976584,1.00650222238418,0.0053274196176096,2.50146570124337e-13,1.37357022248734,0.191757074274054,1,1.98731672002266,0.319024930769943,0.999999999958378,0.544999999998842,0.0864825945039214,0.620116929009232,0.0391260755665194,24.6080064244118,0.0068639
0.22,1.51398230280356,0.211473970074998,1.00000000000045,2.02779584422054,1.00941838371255,0.0062165398970483,-1.66728852946113e-13,1.36527340324328,0.209522750058172,1,2.02811040902676,0.321335390173969,0.999999999990053,0.544999999998559,0.0854802710138534,0.680851419605328,0.0472217032001241,24.6827650155191,0.0064784
0.24,1.50457612302987,0.229370099045813,1.00000000000044,2.06829196584354,1.01243424643953,0.00722435999451719,-6.85389522914198e-13,1.35627897199621,0.226901849843055,1,2.06865824415231,0.322851661645423,0.999999999481521,0.545000000008337,0.0844820456856392,0.741225155975357,0.0560397065942631,24.7404585125966,0.0061268
0.26,1.49440654075874,0.246914470239018,1.00000000000045,2.10852466029764,1.0155216838129,0.00836713707157427,2.31580088438932e-12,1.34661060022375,0.243866679080014,1,2.10893961819981,0.323535510993078,0.999999999917147,0.544999999997437,0.0834354564827948,0.801207330231576,0.0655666206752539,24.7799676851124,0.0065555
0.28,1.48348834621613,0.264076985860029,1.00000000000049,2.14847578002389,1.01865181959493,0.00966150970643072,1.3929479791841e-12,1.33629331185554,0.260391343186683,1,2.14893462977767,0.323417574259978,0.999999999876827,0.544999999998647,0.0823756028815933,0.860767697235523,0.0757877724264244,24.799727208001,0.0059828
0.3,1.47183778107351,0.280827832677838,1.00000000000051,2.18812761482379,1.02179777903261,0.0111248552748803,9.05977515230912e-13,1.32535332386485,0.276451818816393,1,2.18862412230603,0.322509207944526,0.99999999978365,0.545000000000151,0.0812887776644242,0.919876632499738,0.0866872902141082,24.7991634775455,0.0063183
0.32,1.45947253362043,0.29713759340066,1.00000000000053,2.22746328499171,1.02493388323245,0.0127747881804947,9.60440615926925e-13,1.31381788397893,0.29202600923311,1,2.22798971827543,0.320817052404462,0.999999999919223,0.544999999997973,0.0801785491997399,0.97850519015466,0.0982481174483067,24.7770895322556,0.0069978
0.34,1.4464117300179,0.312977348014658,1.00000000000054,2.26646645417058,1.02803542713736,0.0146293664469657,2.30642172027725e-13,1.30171510724047,0.30709378392599,1,2.26701384869138,0.31837392266163,0.999999999830157,0.54499999999948,0.0790529339938197,1.03662516065919,0.110452030463249,24.7334209565369,0.0061653
0.36,1.43267591173656,0.328318779525601,1.00000000000055,2.30512152395448,1.03107968812853,0.0167067900016462,4.34852154285143e-14,1.28907381307928,0.321637002797525,1,2.30567977768618,0.315189294647626,0.999999999771088,0.544999999999872,0.0779054948435284,1.09420912793591,0.123279660478372,24.6673704884514,0.0062551
0.38,1.41828700371231,0.343134276909847,1.00000000000055,2.34341359193946,1.03404493958569,0.0190253410241185,-2.73558953268029e-15,1.27592336445794,0.335639525441887,1,2.34397162232749,0.311292182834604,0.999999999974897,0.544999999998002,0.0767374451013833,1.1512305253363,0.136710519840888,24.5792995770045,0.0058107
0.4,1.40326827501141,0.357397032336643,1.00000000000054,2.38132827782404,1.03691118040882,0.0216034649835158,-7.21946946669054e-13,1.26229351053858,0.349087206192833,1,2.38187436769827,0.306716267505978,0.999999997446449,0.545000000014222,0.0755689538305959,1.20766369025333,0.150723032185036,24.4688192687758,0.0062124
0.42,1.38764428491955,0.371081140188981,1.00000000000058,2.41885213212464,1.03966026807128,0.0244592342754648,4.39786873585035e-12,1.2482142341861,0.361967875761376,1,2.41937387736413,0.301472967561978,0.999999999998825,0.544999999993616,0.0743503202548881,1.26348391684469,0.165294566552206,24.3365935340514,0.006295
0.44,1.37144082653479,0.384161684800094,1.00000000000064,2.45597189910968,1.04227494308878,0.0276110193919809,2.09965378417109e-12,1.23371560547853,0.374271310401278,1,2.45645689938153,0.2956233519929,0.999999997428898,0.545000000002613,0.0731748518931591,1.31866750649381,0.18040147529663,24.1827576043475,0.0064245
0.46,1.3546848549561,0.396614828800895,1.00000000000069,2.49267546994681,1.04474078749764,0.031076381597996,3.04016367635995e-12,1.21882764224246,0.38598918963456,1,2.49311106803343,0.289171414416109,0.999999438028189,0.544999999994456,0.071898174330262,1.37319181584861,0.196019135385496,24.0078854735349,0.0058876
0.48,1.33740441177368,0.408417892008265,1.00000000000073,2.52895061104275,1.04704380233858,0.0348732832398841,1.04449782156735e-12,1.20358017847411,0.3971150436398,1,2.52932490150759,0.282183581816437,0.988834912017764,0.544999999996984,0.0706672794055728,1.42703530169326,0.212121993234119,23.8128495799769,0.0060566
0.5,1.31963118408425,0.419553281106539,1.00000000000074,2.56478513378524,1.04916456214329,0.0385529331530189,-4.13891143580285e-14,1.18800274134766,0.407644191453632,1,2.56508779575625,0.27471667816924,0.959698734054491,0.544999999997512,0.0693585881377705,1.48017759830116,0.228683663720901,23.6080285187721,0.0053154
0.52,1.30140407484478,0.430015096948254,1.00000000000073,2.60016728963224,1.05106507129228,0.0413857186034434,-9.3695717851006e-13,1.17212443735625,0.417573671161591,1,2.60039001479565,0.266860771866295,0.931277152049742,0.544999999997945,0.068043895880193,1.53259974496054,0.245677273946615,23.4099913018816,0.0051523
0.54,1.28276546839256,0.439805451028653,1.00000000000071,2.63508470302806,1.05270019778075,0.043431516681876,-1.67680980212026e-12,1.15597384797896,0.426902163259913,1,2.63522267771804,0.258685998138827,0.903585910925655,0.544999999995471,0.0667305999118206,1.58428443797894,0.26307591788868,23.2193519446414,0.004702
0.56,1.26375654435529,0.44892800737844,1.00000000000066,2.66952608143167,1.05403119759873,0.0447504157304164,-3.30711458218503e-12,1.139578935123,0.435629908356833,1,2.66957774269931,0.250259434431785,0.876685195085923,0.544999999996912,0.0654216639399209,1.63521604520612,0.280852805330815,23.0366472099089,0.0046983
0.58,1.24441719448277,0.457387873319944,1.00000000000058,2.7034813295806,1.05502551265123,0.0454041355962492,-4.41879421941849e-12,1.12296695645496,0.443758620352408,1,2.70344798829136,0.241644716557851,0.850552847245848,0.544999999998418,0.0641187816445798,1.6853805562101,0.298981321916149,22.8622981177983,0.0046702
0.6,1.22478595645855,0.465191496852041,1.00000000000049,2.73694153350008,1.05565649514326,0.0454522911130096,-4.988329749267e-12,1.10616439061093,0.451291396192203,1,2.73682699229057,0.232901945864784,0.82520710190693,0.544999999999405,0.0628235650311851,1.73476552929935,0.317435084645266,22.6966590200688,0.004661
0.62,1.20489996453426,0.47234657380058,1.00000000000038,2.76989891789614,1.05590308001848,0.044953873811205,-5.20238074841473e-12,1.08919687216285,0.458232623234521,1,2.7697091084724,0.224087459901356,0.800652294761891,0.545000000000178,0.0615374051222102,1.78336003639772,0.336187993763042,22.5399876589374,0.0045915
0.64,1.18479490360265,0.478861940676027,1.00000000000028,2.80234680116025,1.05574945432501,0.0439664800748424,-5.13825426651238e-12,1.07208913611938,0.464587885205571,1,2.80208944147748,0.21525372327379,0.776887664638563,0.545000000000748,0.0602615303797584,1.83115460594172,0.355214280507187,22.3924523727934,0.0055015
0.66,1.16450497537645,0.484747471408381,1.00000000000018,2.83427954657365,1.05518469971932,0.0425459451157689,-4.86910067820645e-12,1.05486497165293,0.470363867644263,1,2.83396382012757,0.20644926146695,0.75390836948093,0.545000000001132,0.0589970204306166,1.87814116419581,0.374488550666235,22.254135270936,0.0054421
0.68,1.14406287435064,0.490013975504013,1.00000000000009,2.86569251158142,1.05420242115133,0.040746051994747,-4.46171100065839e-12,1.03754718467175,0.475568263660302,1,2.86532876943959,0.197718638792153,0.731705956237379,0.545000000001362,0.0577448152936918,1.92431297541314,0.393985824034111,22.1250361421921,0.0058807
0.7,1.12349977284547,0.494673098152801,1,2.89658199580339,1.052800368233,0.0386182910698745,-3.97129440443677e-12,1.02015756879568,0.480209680747926,1,2.8961814815946,0.189102476317201,0.710268779400197,0.545000000001491,0.0565057241186713,1.96966458121852,0.41368156982771,22.0050771819291,0.0049682
0.72,1.10284531449489,0.498737222933585,0.999999999999929,2.92694518828134,1.05098005476798,0.0362116658819452,-3.43444384043322e-12,1.00271688424674,0.484297549314739,1,2.92651978610489,0.180637478556993,0.689579706125731,0.544999996104393,0.0552803994101475,2.0141917395641,0.433551738158675,21.8941083304503,0.0045475
0.74,1.08212761576467,0.502219378788774,0.999999999985836,2.95678011366327,1.0487463785022,0.0335724306753244,-1.40585282082384e-09,0.985244844129882,0.487842033502275,1,2.9563421194078,0.172356637451404,0.669628449824692,0.544999997875336,0.0540695149266662,2.05789136358584,0.453572787689692,21.79191395459,0.0042793
0.76,1.06137327397198,0.505133147949162,0.99999999995007,2.98608558071114,1.04610725706338,0.0307443669032105,-2.17073182540162e-09,0.96776010755458,0.490853944793518,1,2.98564749409927,0.164289142629599,0.650391671308229,0.544999999100201,0.0528734439713219,2.10076146066014,0.47372170961997,21.6982162230461,0.0044749
0.78,1.04060738197856,0.507492578609272,0.999999999903417,3.01486112969715,1.04307326514385,0.027768247847074,-2.49465937685045e-09,0.950280279032992,0.493344658823834,1,3.0144354680038,0.156460660922649,0.631849029862824,0.544999999918391,0.0516925879915636,2.1428010719046,0.493976048026213,21.612684529411,0.0045633
0.8,1.01985354917828,0.509312104513875,0.99999999985323,3.04310697916865,1.03965728736919,0.0246819995079648,-2.52403857814443e-09,0.932821913584994,0.495326035736492,1,3.04270611326078,0.148893447490112,0.613978610965419,0.545000000468168,0.0505272312933787,2.1840102124045,0.514313916890913,21.534940520866,0.0045104
0.82,0.999133927173915,0.510606467242555,0.999999999804434,3.07082397584784,1.03587418850477,0.0215206835117463,-2.35549798333068e-09,0.915400526982489,0.49681034435311,1,3.07045998559072,0.141606510061564,0.596757322578661,0.545000000804301,0.0493775775463708,2.22438981237149,0.534714013954078,21.4645644524845,0.0050302
0.84,0.978469239954371,0.511390643309658,0.99999999976022,3.09801354513361,1.03174050123649,0.0183165119649814,-2.06594958029882e-09,0.898030610574654,0.497810190363252,1,3.09769809388807,0.134615784837878,0.580161206485805,0.545000000967375,0.048243757497974,2.26394165942162,0.555155631552518,21.4011013934133,0.0059693
0.86,0.957878817941655,0.511679776109746,0.999999999722383,3.12467764307244,1.02727413303241,0.0150988875987872,-1.71769471535299e-09,0.880725650150886,0.498338448676719,1,3.12442187027109,0.1279343198985,0.564165700979612,0.545000001013552,0.0471258361111127,2.30266834213978,0.575618664639965,21.3440672412251,0.0049127
0.88,0.937380635318141,0.511489112715968,0.999999999691678,3.15081870997205,1.02249409302352,0.0118944648854269,-1.35281595703418e-09,0.863498148318111,0.49840820002684,1,3.15063314070361,0.121572463257346,0.548745870585565,0.545000000984072,0.0460238192582769,2.34057319507361,0.596083616182092,21.2929545015695,0.0047861
0.9,0.916991350082543,0.51083394550228,0.999999999668164,3.17643962579352,1.01742023942715,0.0087272286238471,-9.9855014923378e-10,0.846359649893031,0.498032671863424,1,3.17633409628824,0.115538053072637,0.533876609149803,0.545000000823741,0.0449376599897797,2.37766024527685,0.616531600120117,21.2472377966539,0.0048179
0.92,0.896726346320733,0.509729558522082,0.999999999651159,3.20154366742634,1.0120730476888,0.00561858691896534,-7.02003326580326e-10,0.829320769836762,0.497225183530124,1,3.20152726531617,0.10983660870133,0.519532826264279,0.545000000666567,0.043867264678759,2.41393416050077,0.636944342094696,21.206379078688,0.0043867
0.94,0.876599778215712,0.508191178537865,0.999999999639519,3.2261344679294,1.00647339926137,0.00258747606212268,-4.62039260185066e-10,0.812391223288466,0.495999095682382,1,3.2262154861451,0.104471518649508,0.505689602583755,0.545000000538169,0.0428124981368915,2.4494001991129,0.657304178118409,21.1698325176768,0.0043823
0.96,0.856624615360025,0.50623393056721,0.999999999632215,3.25021597778843,1.00064239060939,-0.000349525601284309,-2.68298343542029e-10,0.795579857285232,0.494367763868995,1,3.25040188096413,0.0994442257540266,0.492322331129191,0.545000000433179,0.041773188852638,2.48406416180345,0.677594051380233,21.1370490592314,0.0043307
0.98,0.836812688972783,0.503872797786739,0.999999999628408,3.27379242821663,0.994601161898412,-0.00317807683325695,-1.12354001657878e-10,0.778894683786962,0.492344496172154,1,3.2740898304925,0.0947544073789057,0.479406839082175,0.545000000347262,0.0407491336293013,2.51793234512367,0.697797507359584,21.1074806402851,0.0039009
1,0.817174738661414,0.501122585613174,0.999999999627411,3.29686829651269,0.988370744633967,-0.0058859477739028,1.26603083572258e-11,0.762342913656808,0.48994251477742,1,3.2972829496483,0.0904001495274147,0.466919491591992,0.54500000027718,0.0397401018249322,2.55101149688489,0.717898687420704,21.0805840595728,0.0036679
1.02,0.797720459405519,0.497997889765689,0.999999999628662,3.31944827346765,0.981971927386088,-0.00846289116287216,1.12445270872285e-10,0.745930991279368,0.487174921326077,1,3.31998506421301,0.0863781140222841,0.454837279351045,0.545000000223334,0.0387458392316173,2.58330877343349,0.73788232105057,21.0558245040148,0.0038357
1.04,0.778458548475983,0.494513068102742,0.999999999631715,3.34153723279716,0.975425138641201,-0.0109005121176137,1.92845561741705e-10,0.729664629529846,0.484054665887353,1,3.34220018850895,0.0826836980363967,0.443137890718055,0.545000000178319,0.0377660715862359,2.61483169880483,0.757733716895509,21.0326787349119,0.0036716
1.06,0.759396752036572,0.490682216019363,0.999999999636214,3.36314020256229,0.968750345754577,-0.0131921378898417,2.57040326800961e-10,0.713548844837523,0.480594519376694,1,3.36393250409846,0.0793111854942239,0.431799770776705,0.545000000140735,0.0368005077692006,2.64558812574837,0.777438752743206,21.0106379413419,0.0046528
1.08,0.740541911207395,0.486519145186738,0.999999999641861,3.38426233853138,0.961966968935518,-0.0153326887807401,3.0770507919442e-10,0.697587992115819,0.476807049238284,1,3.38518633950611,0.0762538899429222,0.420802167234047,0.545000000109403,0.0358488426589489,2.67558619860682,0.796983864588181,20.9892102692199,0.0038239
1.1,0.72190000739977,0.482037365414797,0.999999999648409,3.40490889942589,0.955093809174487,-0.01731855127022,3.47089965657687e-10,0.681785799358753,0.472704598204934,1,3.40596615095914,0.0735042887021267,0.410125165087833,0.54500000008334,0.0349107597022755,2.70483431802376,0.81635603491005,20.9679230371042,0.0036279
1.12,0.703476206759972,0.477250069420029,0.999999999655651,3.42508522398558,0.948148989019091,-0.0191474542171022,3.77092241876653e-10,0.666145401729624,0.468299265945997,1,3.42627650413537,0.0710541481952573,0.399749711031898,0.545000000061714,0.0339859332061393,2.73334110744742,0.835542780285099,20.9463246508146,0.003744
1.14,0.685274903585125,0.4721701202842,0.999999999663415,3.44479670978232,0.9411499051178,-0.0208183488417631,3.99309172394168e-10,0.650669374992068,0.463602893413682,1,3.44612205690297,0.0688946404758752,0.389657628685811,0.545000000043832,0.03307403037352,2.76111538139202,0.854532138443109,20.923986230035,0.0036086
1.16,0.667299762598144,0.46681004139483,0.999999999671559,3.46404879370769,0.934113191474771,-0.0223312930641622,4.15088798888518e-10,0.635359768156292,0.458627049699842,1,3.46550754303242,0.0670164510518907,0.379831625676771,0.545000000029104,0.0321747131033564,2.78816611541323,0.873312654872847,20.9005029608477,0.0038066
1.18,0.649553759990077,0.461182008664856,0.999999999679966,3.48284693405591,0.927054692393504,-0.0236873406455686,4.25566071271532e-10,0.620218135234176,0.453383021218574,1,3.48443775685705,0.0654098781846778,0.370255293540163,0.545000000017033,0.0312876395739107,2.81450241775034,0.89187336907142,20.8754951887067,0.004231
1.2,0.63203922315759,0.455297844836637,0.999999999688538,3.50119659412164,0.919989444129102,-0.0248884354712236,4.31697841918321e-10,0.605245566016107,0.447881803034621,1,3.50291753885599,0.0640649239009341,0.360913101341399,0.545000000007196,0.0304124656280384,2.84013350258419,0.910203800524744,20.8486092667164,0.004454
1.22,0.61475786908073,0.449169015683961,0.999999999697198,3.51910322723129,0.912931664316664,-0.0259373112130275,4.34288516260039e-10,0.590442715799829,0.442134092163273,1,3.52095176213051,0.0629713770037669,0.351790383857074,0.544999999999245,0.0295488459779595,2.86506866485751,0.928293934498734,20.8195181743086,0.0039777
1.24,0.59771084130161,0.442806627934845,0.999999999705881,3.53657226312595,0.905894748295093,-0.0268373965253788,4.34016662609337e-10,0.575809834017414,0.436150282674092,1,3.53854531974319,0.0621188884072579,0.342873325089041,0.544999999992867,0.0286964352461245,2.88931725660258,0.946134207713568,20.7879219214846,0.0039191
1.26,0.580898745478323,0.436221428747469,0.999999999714536,3.55360909561467,0.898891271499987,-0.0275927258527292,4.31448867743711e-10,0.561346791720614,0.429940462438013,1,3.55570311288753,0.0614970391471152,0.334148937821758,0.544999999987806,0.0278548888577768,2.91288866471957,0.96371549396647,20.7535477537685,0.0040482
1.28,0.564321683500491,0.42942380658134,0.999999999723121,3.57021907141825,0.891932997154963,-0.0282078558633731,4.27059099195048e-10,0.547053107897514,0.42351441136518,1,3.57243003985471,0.061095401439986,0.325605039871544,0.544999999983843,0.0270238637997669,2.93579229014829,0.981029089761937,20.7161501729056,0.0036777
1.3,0.547979286163294,0.422423793315629,0.999999999731604,3.58640748012466,0.885030888546815,-0.0286877874695913,4.21242596360116e-10,0.532927974604645,0.416881600988891,1,3.58873098576346,0.0609035931768121,0.317230227617171,0.544999999980793,0.0262030192591487,2.95803752837571,0.998066700002247,20.6755107881289,0.0038375
1.32,0.531870744405905,0.415231067476457,0.99999999973996,3.60217954518024,0.878195125225467,-0.0290378933486379,4.14328056308477e-10,0.518970280908544,0.410051195259384,1,3.60461081301856,0.0609113262422642,0.309013847344537,0.544999999978497,0.0253920171540792,2.97963375122177,1.01482042378531,20.6314380125728,0.0036596
1.34,0.515994839128046,0.407854958444532,0.999999999748169,3.61754041584242,0.871435122524023,-0.0292638508413186,4.06587084000875e-10,0.505178635639368,0.403032052419492,1,3.62007435246328,0.0611084490514032,0.300945964868276,0.544999999972959,0.0245905225677861,3.00059028984615,1.03128274035163,20.5837666190055,0.0036267
1.36,0.500349969604908,0.400304451524046,0.999999999756203,3.63249516002304,0.864759553846843,-0.0293715800749068,3.96852186668184e-10,0.491551388966598,0.395832727842569,1,3.63512639519144,0.0614849837045382,0.293017333935576,0.544999999967701,0.0237982041002718,3.02091641891959,1.0474464952172,20.5323571690638,0.0039498
1.38,0.484934180526231,0.392588193762814,0.999999999764024,3.64704875795398,0.858176375224543,-0.0293671871295837,3.8522436796029e-10,0.478086652813242,0.388461477721306,1,3.64977168498471,0.0620311581266806,0.285219363656711,0.544999999964798,0.0230147341389475,3.0406213419043,1.0633048865245,20.4770953289432,0.0037441
1.4,0.469745187689855,0.384714500422505,0.999999999771602,3.66120609660993,0.851692851682323,-0.0292569120544269,3.72551802740872e-10,0.464782320130295,0.380926263504129,1,3.66401491134167,0.0627374335780898,0.277544085402269,0.544999999963608,0.0222397890652459,3.05971417738878,1.07885145163966,20.4178910848925,0.0037626
1.42,0.454780402383755,0.376691362006234,0.999999999778922,3.6749719648265,0.845315585014049,-0.0290470815205889,3.59450602616107e-10,0.451636083057762,0.373234756983696,1,3.67786070306551,0.0635945278984831,0.269984119451203,0.544999999963635,0.0214730494025083,3.07820394642415,1.09408005401982,20.3546778710341,0.0037314
1.44,0.440036954493477,0.368526451758803,0.99999999978598,3.6883510490547,0.839050542597431,-0.0287440658900825,3.46359101399684e-10,0.438645450002171,0.365394345949561,1,3.69131362237808,0.0645934348305431,0.262532641624941,0.544999999964506,0.0207141999111609,3.09609956081005,1.10898487037139,20.2874116214233,0.0036645
1.46,0.425511714374152,0.360227133562475,0.999999999792779,3.70134792969654,0.832903086925511,-0.0283542404733737,3.335813048011e-10,0.425807761663544,0.35741214032437,1,3.70437815952911,0.065725439758184,0.255183350141108,0.544999999965941,0.0199629296388681,3.11340981228003,1.12356037811641,20.2160697578587,0.0037047
1.48,0.411201313527926,0.35180047015833,0.999999999799328,3.7139670779695,0.826878005567041,-0.0278839507454859,3.21320072771413e-10,0.413120206047039,0.349294978709827,1,3.71705872787004,0.0669821321779055,0.247930432879654,0.544999999967733,0.0192189319314242,3.13014336253783,1.1378013431815,20.1406501243651,0.0036555
1.5,0.39710216412878,0.343253231629986,0.999999999805639,3.72621285325065,0.820979541302814,-0.0273394812898443,3.0970397801866e-10,0.400579832496301,0.341049435275281,1,3.72935965936313,0.0683554152050766,0.240768535225562,0.544999999969726,0.0184819044096746,3.1463087340975,1.15170280812114,20.0611698787055,0.0036625
1.52,0.3832104774374,0.334591904092765,0.999999999811724,3.7380895008547,0.815211422216802,-0.02672702824081,2.98805282739067e-10,0.388183564786748,0.332681826928022,1,3.74128520049768,0.0698375124001248,0.233692728626314,0.544999999971805,0.0177515489172227,3.16191430188221,1.1652600805845,19.977664350693,0.0036534
1.54,0.369522281149092,0.325822698537253,0.999999999817598,3.74960115020302,0.809576891550144,-0.0260526749993866,2.88655179758734e-10,0.375928213317857,0.324198220710195,1,3.752839508586,0.0714209721826529,0.226698479978877,0.544999999973893,0.017027571443188,3.17696828553817,1.17846872213322,19.8901858764871,0.0035598
1.56,0.356033435717699,0.316951559781655,0.999999999823278,3.76075181334358,0.804078737152681,-0.0253223710015967,2.79256830992835e-10,0.363810486443928,0.315604441372781,1,3.76402664841328,0.0730986700846075,0.219781621939871,0.544999999975929,0.0163096820237929,3.1914787424218,1.19132453741513,19.7988026174643,0.003699
1.58,0.342739649698207,0.307984175492433,0.999999999828776,3.77154538378486,0.798719320391011,-0.0245419133252331,2.70591336004599e-10,0.351827000982886,0.306906079082233,1,3.77485058921631,0.0748638090770632,0.212938324233773,0.544999999977875,0.0155975946261749,3.20545356122018,1.20382356369758,19.7035973716578,0.0036062
1.6,0.329636494150193,0.298925985237338,0.999999999834108,3.78198563560917,0.793500604394042,-0.0237169309278224,2.62626329572412e-10,0.339974291942496,0.298108497220137,1,3.78531520196738,0.0767099181888619,0.206165066017128,0.544999999979706,0.0148910270173967,3.21890045616616,1.21596206076246,19.6046663851626,0.003615
1.62,0.316719416143565,0.289782189539307,0.999999999839288,3.79207622283369,0.788424181536931,-0.0228528713164904,2.55320635744737e-10,0.328248821502925,0.289216840240753,1,3.7954242569408,0.0786308496196494,0.199458609341897,0.544999999981408,0.0141897006213286,3.23182696181164,1.22773650116327,19.5021181703254,0.0035776
1.64,0.303983751407178,0.280557758903633,0.999999999844327,3.80182067898972,0.783491300082158,-0.0219549894587834,2.48627358701014e-10,0.316646987293964,0.280236041555388,1,3.8051814215404,0.0806207745346374,0.192815973747812,0.54499999998297,0.013493340365721,3.24424042832372,1.2391435608441,19.3960723369396,0.0037619
1.66,0.291424736159926,0.271257442794441,0.999999999849238,3.81122241689328,0.778702889912561,-0.0210283387522208,2.42496653868328e-10,0.305165130004386,0.27117083141641,1,3.8145902583678,0.0826741777101049,0.186234411990769,0.544999999964823,0.0128016745209824,3.25614801727032,1.25018011011859,19.2866584420263,0.0037737
1.68,0.279037518162816,0.261885778539856,0.999999999853961,3.82028472858204,0.774059587305324,-0.0200777638797572,2.29833041487381e-10,0.293799540360034,0.262025744777198,1,3.82365422351203,0.0847858512057165,0.179711386970438,0.544999999947288,0.0121144345355211,3.26755669786341,1.26084320500668,19.1740148636919,0.0041186
1.7,0.266817167029411,0.252447100148251,0.999999999858368,3.82901078539599,0.76956175870934,-0.0191078953850965,2.10856789806257e-10,0.28254646550613,0.252805129107572,1,3.83237666504243,0.0869508871781327,0.173244549753046,0.544999999936543,0.0114313548625337,3.27847324362926,1.27113007892584,19.0582877029009,0.004243
1.72,0.254758683830782,0.242945547020752,0.999999999862357,3.83740363818103,0.765209523498428,-0.0181231458151453,1.88012272417381e-10,0.271402114828225,0.243513152147208,1,3.84076082168735,0.0891646699942909,0.166831718770569,0.54499999993072,0.0107521727868733,3.28890422947698,1.28103813473285,18.9396297177857,0.0037862
1.74,0.242857010029908,0.233385072547693,0.999999999865868,3.84546621759631,0.761002775683804,-0.0171277072820658,1.63071511849465e-10,0.260362665244969,0.234153809582256,1,3.84880982168276,0.0914228677584782,0.160470860153139,0.544999999928407,0.0100766282496501,3.29885602913763,1.29056493711189,18.818199293838,0.0038059
1.76,0.231107035779206,0.223769452578982,0.999999999868872,3.85320133450836,0.756941204577701,-0.0161255503074413,1.3729810177665e-10,0.249424266004713,0.224730932632862,1,3.85652668177523,0.0937214233612297,0.154160069169279,0.544999999928538,0.00940446367176846,3.30833481294798,1.29970820530391,18.694159452969,0.0046874
1.78,0.219503607613599,0.214102293760437,0.99999999987136,3.86061168045601,0.753024314407482,-0.0151204238198686,1.11571836214352e-10,0.238583043016634,0.215248195541526,1,3.86391430636515,0.0960565451506991,0.147897552752801,0.544999999930318,0.00873542377777056,3.31734654595387,1.30846580617225,18.5676769040289,0.0043346
1.8,0.208041535570325,0.204387041729971,0.999999999873341,3.86769982817211,0.749251442886297,-0.0141158561854914,8.6486160455478e-11,0.227835102745874,0.205709122954306,1,3.87097548677662,0.0984246973163017,0.141681613087585,0.544999999933154,0.00806925542071871,3.32589698630976,1.31683574759881,18.4389211369,0.0041456
1.82,0.196715599765414,0.194626989169248,0.99999999987483,3.87446823214926,0.745621778751943,-0.0131151571590734,6.24216767164389e-11,0.217176535700868,0.196117097188707,1,3.87771290064145,0.100822590065211,0.135510632218274,0.544999999936617,0.00740570740875877,3.33399168395215,1.32481617220532,18.3080635618605,0.0041663
1.84,0.185520556455599,0.18482528370791,0.99999999987585,3.88091922923775,0.74213437829045,-0.0121214206509954,3.96037691530173e-11,0.206603419539821,0.186475365383799,1,3.88412911138558,0.103247169663874,0.129383057652457,0.54499999994039,0.00674453033400267,3.34163597952561,1.33240535139361,18.1752766955192,0.0051312
1.86,0.174451143613224,0.174984935678862,0.999999999876428,3.88705503926568,0.738788180864994,-0.0111375282130268,1.81442061375483e-11,0.196111821822044,0.176787046529592,1,3.89022656780674,0.105695608408749,0.123297388917912,0.544999999944253,0.00608547640420226,3.34883500354151,1.33960167969918,18.0407333942466,0.0051379
1.88,0.16350208604059,0.165108825724325,0.99999999987659,3.89287776567171,0.735582023474145,-0.0101661531528524,-1.92475368976469e-12,0.185697802428666,0.167055138374087,1,3.89600760373326,0.108165294583183,0.117252165037057,0.54499999994805,0.00542829927769319,3.35559367575037,1.34640366945192,17.9046061356845,0.0045149
1.9,0.152668100049097,0.155199712253463,0.999999999876364,3.89838939614244,0.732514654366256,-0.00920976519413518,-2.06267358748856e-11,0.175357415676066,0.157282524207633,1,3.90147443775444,0.110653822450591,0.111245952879739,0.544999999951678,0.00477275390198499,3.36191670471013,1.35280994573814,17.7670663485903,0.0046135
1.92,0.14194389772745,0.145260238753384,0.999999999875778,3.90359180324683,0.729584745739089,-0.00827063560535036,-3.8022811565953e-11,0.165086712144244,0.147471979525335,1,3.90662917301353,0.113158982327811,0.105277336354871,0.544999999955069,0.00411859635635621,3.36780858753314,1.35881924165794,17.628283790979,0.0041224
1.94,0.13132419082225,0.135292940956166,0.999999999874856,3.90848674506143,0.72679090555551,-0.00735084272674334,-5.41981393098477e-11,0.154881740241281,0.137626178569209,1,3.91147379705526,0.115678750776831,0.0993449064011299,0.544999999958183,0.00346558369874123,3.37327360979615,1.36443039387217,17.4884259762513,0.004028
1.96,0.120803694253283,0.125300253865378,0.999999999873621,3.91307586578059,0.724131688507481,-0.00645227783054683,-6.92521240353027e-11,0.144738547523964,0.127747700752694,1,3.91601018172011,0.118211280947728,0.0934472517369749,0.544999999961005,0.00281347381719889,3.37831584559811,1.36964233843319,17.3476576467493,0.0043937
1.98,0.110377129284947,0.115284518646235,0.999999999872096,3.91736069630679,0.721605606161524,-0.00557665125504324,-8.32904945013989e-11,0.134653181793723,0.117839036970894,1,3.92024008307851,0.120754893100895,0.0875829503304774,0.544999999963525,0.00216202528620742,3.38293915775163,1.37445410689398,17.2061402939586,0.0042115
2,0.100039226374397,0.105247989384143,0.999999999870299,3.92134265481677,0.719211136319478,-0.0047254987581896,-9.64214663667927e-11,0.12462169198604,0.107902595800612,1,3.92416514139825,0.12330806533212,0.0817505615499873,0.544999999965752,0.00151099722801734,3.38714719809479,1.37886482269025,17.0640317243753,0.0047606
2.02,0.0897847277161719,0.0951928397169643,0.999999999868247,3.92502304729982,0.71694673162871,-0.0039001880413401,-1.08750910499112e-10,0.114640128870654,0.0979407095948574,1,3.92778688113945,0.125869424520116,0.0759486189573319,0.544999999967694,0.000860149179287856,3.3909434079107,1.38287369779025,16.9214856698765,0.0046502
2.04,0.0796083895023343,0.0851211693467762,0.999999999865956,3.9284030680651,0.71481082747602,-0.00310192539811676,-1.20381038470897e-10,0.104704545579031,0.0879556404770614,1,3.93110671097137,0.12843773751237,0.0701756237060994,0.544999999969366,0.000209240963216528,3.39433101844311,1.38648002960753,16.7786514412794,0.0046449
2.06,0.0695049839164483,0.0750350104373581,0.999999999863438,3.93148380021547,0.712801849199356,-0.0023317624477039,-1.31409265691219e-10,0.0948109979748302,0.0779495862406881,1,3.93412592380631,0.131011902561821,0.064430038508564,0.544999999970789,-0.000441967432614903,3.39731305149709,1.38968319817181,16.6356736236424,0.005297
2.08,0.0594693008790711,0.0649363339039954,0.999999999860704,3.93426621608571,0.710918218651092,-0.00159060291578701,-1.41925333707605e-10,0.0849555448823655,0.067924686160369,1,3.93684569684604,0.133590941023893,0.0587102821359135,0.544999999971978,-0.00109371597246532,3.39989232011435,1.39248266355361,16.4926918117364,0.0045353
2.1,0.049496149561843,0.0548270556025252,0.999999999857765,3.93675117764347,0.709158360146147,-0.000879209430035214,-1.52013228671423e-10,0.0751342481874109,0.0578830267210432,1,3.93926709163661,0.136173989320608,0.0530147244176587,0.544999999972952,-0.00174624468250358,3.40207142931377,1.39487796353839,16.3498403840308,0.0045885
2.12,0.0395803596867182,0.0447090424248312,0.999999999854628,3.93893943685176,0.707520705827552,-0.000198210300449553,-1.61750470795142e-10,0.0653431728241188,0.0478266472719045,1,3.94139105412812,0.138760291176049,0.0473416817074021,0.544999999973732,-0.00239979375447338,3.40385277688811,1.39686871154641,16.2072483134528,0.0048621
2.14,0.0297167826263821,0.0345841183082453,0.999999999851298,3.94083163599206,0.706003700481316,0.00045189374192012,-1.71206977483963e-10,0.0555783866612579,0.0377575456122332,1,3.94321841473597,0.141349190125211,0.0416894127835071,0.544999999974334,-0.00305460364270282,3.4052385542487,1.3984545947946,16.0650390131194,0.0044845
2.16,0.0199002923214645,0.0244540701665271,0.999999999847781,3.94242830794768,0.704605805831562,0.00107072287143646,-1.80446697584103e-10,0.0458359603005114,0.0276776835164224,1,3.94474988840094,0.143940122296286,0.0360561151546119,0.544999999974774,-0.00371091515419202,3.40623074731032,1.39963537269729,15.9233302151974,0.0045311
2.18,0.0101257860297631,0.0143206537502747,0.999999999844082,3.94372987644703,0.703325504345962,0.00165801158032859,-1.89528215344127e-10,0.0361119667991397,0.0175889922057106,1,3.94598607464557,0.146532609464607,0.0304399217414361,0.544999999975067,-0.00436896953144725,3.40683113740952,1.40041087550265,15.782233881014,0.0043896
2.2,0.000388184922353405,0.0041855994447741,0.999999999840201,3.94473665626714,0.70216130258045,0.00221360219542805,-1.98504181980753e-10,0.0264024813289476,0.00749337777429781,1,3.94692745762474,0.149126252374921,0.0248388979077774,0.544999999975229,-0.00502900852776888,3.40704130224968,1.40078100316237,15.6418561405236,0.0042183
2.22,-0.00931756545883144,-0.00594938198657617,0.999999999836142,3.94544885339774,0.701111734091131,0.0027374385151441,-2.074217420045e-10,0.0167035807831777,-0.00260727342233875,1,3.94757440616865,0.151720724327206,0.0192510388151566,0.544999999975271,-0.00569127447461542,3.40686261686712,1.40074572443201,15.5022972592329,0.0044645
2.24,-0.0189964948676071,-0.0160825937050272,0.999999999831904,3.94586656516671,0.70017536194018,0.00322955958048844,-2.16324025359428e-10,0.00701134334269619,-0.0127110894090043,1,3.94792717381696,0.154315765020039,0.0136742670771133,0.544999999975206,-0.00635601034063338,3.40629625461301,1.40030507620029,15.3636516306919,0.0046141
2.26,-0.0286536081301806,-0.0262123471371084,0.999999999827489,3.94598978032793,0.699350780821347,0.00369009359198402,-2.25249756624636e-10,-0.00267815198736978,-0.0228162072542104,1,3.94798589884281,0.156911174644351,0.00810643069068952,0.544999999975044,-0.00702345978197196,3.40534318814634,1.39945916304534,15.2260077926751,0.0046155
2.28,-0.0382938850178207,-0.0363369563447447,0.999999999822894,3.94581837911272,0.698636618829545,0.00411925198247873,-2.34234036611271e-10,-0.0123688258595283,-0.0329207677473934,1,3.94775060426625,0.159506808219516,0.00254530122426313,0.544999999974829,-0.00769386718334263,3.40400419043389,1.39820815701681,15.0894484652024,0.004792
2.3,-0.047922280201639,-0.0464547324164484,0.999999999818118,3.94535213324648,0.698031538897752,0.00451732365422396,-2.43295765756103e-10,-0.022064599073434,-0.0430229100818159,1,3.94722119785645,0.162102570162831,-0.00301142775756858,0.544999999974612,-0.00836747768936552,3.40227983575354,1.39655229764268,14.9540506085873,0.0045975
2.32,-0.0575437232756114,-0.0565639778711525,0.999999999813161,3.94459070593229,0.697534239923322,0.00488466938705741,-2.52435476966185e-10,-0.0317693930621329,-0.0531207665350307,1,3.94639747212274,0.164698409082734,-0.00856614204972158,0.54499999997429,-0.00904453722561613,3.40017050069805,1.3944918921601,14.8198854997371,0.0064744
2.34,-0.0671631188339617,-0.0666629810662613,0.99999999980802,3.94353365180347,0.697143457604544,0.00522171642314443,-2.6169118427788e-10,-0.0414871303641426,-0.0632124571387857,1,3.94527910429477,0.167294312785442,-0.0141213079591114,0.544999999973873,-0.00972529250873678,3.39767636517677,1.39202731597011,14.6870188249818,0.0048942
2.36,-0.0767853465889714,-0.0767500106015167,0.999999999802692,3.94218041684754,0.696857965007133,0.00552895323246665,-2.71097029269641e-10,-0.0512217350703994,-0.0732960843302843,1,3.9438656562923,0.169890303484248,-0.019679473268328,0.544999999973379,-0.0104099910449928,3.39479741341336,1.38915901331591,14.5555107877596,0.0050484
2.38,-0.0864152615151762,-0.0868233097103296,0.999999999797174,3.94053033830388,0.696676572879134,0.00580692446210187,-2.80680509945342e-10,-0.0609771332349763,-0.083369727576761,1,3.94215657468565,0.1724864332002,-0.0252432680233901,0.54499999997282,-0.0110988811164984,3.39153343493823,1.38588749818529,14.4254162295466,0.0049176
2.4,-0.0960576940057519,-0.0968810906302967,0.999999999791463,3.93858264453821,0.696598129731574,0.00605622607129917,-2.90465429486632e-10,-0.0707572532382955,-0.093431437965412,1,3.94015119064787,0.175082779342528,-0.0308154051568464,0.544999999972203,-0.0117922117543625,3.387884025575,1.38221335543787,14.2967847624805,0.0047073
2.42,-0.105717450026681,-0.10692152894472,0.999999999785553,3.93633645489669,0.696621521701011,0.00627750065341256,-3.00472393632846e-10,-0.0805660260913229,-0.103479232750817,1,3.93784871990057,0.177679440456873,-0.0363986809558323,0.544999999971378,-0.0124902326978761,3.38384858842057,1.37813724215787,14.1696609121949,0.004655
2.44,-0.115399311254038,-0.116942757887069,0.99999999977944,3.93379077954321,0.696745672209046,0.00647143294491117,-3.10776151479787e-10,-0.0904073856689373,-0.113511089852114,1,3.93524826265497,0.180276532129298,-0.0419959753831135,0.544999999970264,-0.0131931943388479,3.37942633481944,1.37365988923418,14.0440842694477,0.0049317
2.46,-0.125108035179408,-0.126942862600483,0.999999999773118,3.9309445192834,0.69696954143272,0.00663874552092124,-3.21481081755338e-10,-0.100285268860323,-0.123524942292352,1,3.93234880355084,0.182874183033735,-0.0476102522574634,0.544999999969236,-0.0139013476500835,3.37461628533302,1.36878210316889,13.9200896491972,0.0047135
2.48,-0.134848355168107,-0.136919874344582,0.999999999766577,3.92779646537935,0.697292125598682,0.00678019467607397,-3.32556204796221e-10,-0.110203615623828,-0.13351867257262,1,3.92914921159577,0.185472531110008,-0.0532445592979015,0.544999999968262,-0.0146149440969388,3.3694172707057,1.36350476811667,13.7977072558492,0.0050954
2.5,-0.144624980454429,-0.1468717646421,0.999999999759812,3.92434529935937,0.697712456112909,0.00689656648883187,-3.4398187409579e-10,-0.120166368933269,-0.143490106973778,1,3.92564824010798,0.188071719860555,-0.058902028034959,0.544999999967327,-0.0153342355308213,3.36382793282974,1.3578288481569,13.6769628534775,0.0046215
2.52,-0.154442596057698,-0.156796439358077,0.999999999752815,3.92058959282725,0.698229598536785,0.00698867306691887,-3.557442340707e-10,-0.130177474602148,-0.153437009778882,1,3.92184452666608,0.190671894751751,-0.0645858735895355,0.544999999965067,-0.0160594740633733,3.35784672571188,1.35175538980137,13.5578779398787,0.0045037
2.54,-0.164305862602355,-0.166691732704685,0.999999999745574,3.9165278072761,0.698842651419311,0.00705734897103159,-3.68320129950918e-10,-0.140240880971682,-0.163357077409673,1,3.91773659306966,0.19327319970827,-0.0702993943192453,0.544999999957421,-0.016790911920057,3.35147191644522,1.34528552474018,13.4404699234096,0.004506
2.56,-0.174219416024749,-0.176555401165075,0.999999999738055,3.91215829391209,0.699550744994245,0.00710344781357344,-3.83648490753787e-10,-0.150360538447886,-0.173247932470869,1,3.9133228453151,0.19587577370058,-0.0760459713370148,0.544999999951045,-0.0175288012722498,3.34470158619047,1.33842047282916,13.3247523016837,0.0045321
2.58,-0.184187867148651,-0.186385117330062,0.999999999730205,3.90747929349366,0.700353039750612,0.00712783902850228,-4.01272259864528e-10,-0.160540398872306,-0.183107117696383,1,3.90860157359128,0.198479747377145,-0.0818290678783047,0.544999999946011,-0.0182733940446914,3.33753363117148,1.33116154532196,13.2107348410323,0.0044642
2.6,-0.19421580111083,-0.196178463641906,0.999999999721986,3.90248893619258,0.701248724882648,0.00713140480887346,-4.20708232695689e-10,-0.170784414710215,-0.192932089792041,1,3.90357095230045,0.201085239769928,-0.0876522285329068,0.544999999942136,-0.0190249416990041,3.32996576369071,1.32351014835054,13.0984237560892,0.0047024
2.62,-0.20430777661727,-0.205932926039972,0.999999999713363,3.89718524148322,0.702237016626036,0.00711503720746797,-4.41539107498558e-10,-0.181096538039316,-0.202720213169895,1,3.89822904011006,0.203692355039533,-0.093519078322069,0.544999999939111,-0.0197836949899981,3.32199551317096,1.31546778665789,12.9878218886139,0.0050007
2.64,-0.214468325009824,-0.215645887503641,0.999999999704313,3.89156611806715,0.7033171564856,0.0070796353961547,-4.63459244315347e-10,-0.191480719321099,-0.212468753569816,1,3.89257378004172,0.206301179252455,-0.0994333216134778,0.544999999936692,-0.0205499036935227,3.31362022723067,1.30703606758694,12.878928884868,0.004287
2.66,-0.224701949122243,-0.22531462148853,0.999999999694816,3.88562936384069,0.704488409359015,0.00702610307933706,-4.86250151254809e-10,-0.20194090593615,-0.222174871564692,1,3.88660299960415,0.208911777178585,-0.105398740862206,0.544999999934707,-0.0213238163039237,3.30483707280054,1.29821670532983,12.7717413708921,0.0042177
2.68,-0.235013121903608,-0.234936285252812,0.999999999684856,3.87937266591335,0.705750061560328,0.00695534605667867,-5.09755544442216e-10,-0.212481040463674,-0.231835615946329,1,3.88031441097751,0.211524189097288,-0.11141919516365,0.544999999932378,-0.0221056796991003,3.29564303729064,1.28901152544202,12.666253125105,0.0039187
2.7,-0.245406284786239,-0.244507913071299,0.999999999674417,3.87279360068588,0.707101418746355,0.00686826993017751,-5.34099555693503e-10,-0.223105058684538,-0.241447916989955,1,3.87370561125692,0.214138427602193,-0.117498618603046,0.544999999930154,-0.0228957387711731,3.28603492981753,1.27942246962548,12.5624552477028,0.0039891
2.72,-0.255885845774171,-0.254026409335887,0.999999999663484,3.86588963399714,0.708541803748392,0.00676577795053298,-5.59243993336623e-10,-0.233816887286049,-0.251008579596222,1,3.86677408276407,0.216754474391593,-0.123641018382253,0.544999999928261,-0.0236942360203749,3.27600938250215,1.26945160078569,12.4603363263853,0.003849
2.74,-0.266456177227211,-0.263488541542056,0.999999999652041,3.85865812134957,0.710070554310943,0.00664876899772031,-5.85069983571885e-10,-0.244620441245557,-0.260514276310574,1,3.85951719343595,0.219372277037513,-0.129850472705313,0.544999999928038,-0.0245014111101784,3.26556285185027,1.25910110836678,12.3598825980135,0.0036178
2.76,-0.277121613314516,-0.272890933162279,0.99999999964008,3.85109630822388,0.711687020738705,0.00651813569055178,-6.10976194082014e-10,-0.255519620868869,-0.269961540221106,1,3.85193219730069,0.221991745718271,-0.136131128396538,0.544999999930958,-0.025317500380815,3.25469162022802,1.2483733139696,12.261078105819,0.003865
2.78,-0.287886447110519,-0.282230056408544,0.999999999627612,3.84320133049406,0.713390563452249,0.00637476262011636,-6.3583122766886e-10,-0.26651830845822,-0.279346757737279,1,3.84401623505137,0.224612749903726,-0.142487198225222,0.544999999934726,-0.0261427363187517,3.24339179744634,1.23727067725701,12.16390485186,0.0038321
2.8,-0.298754927304847,-0.291502224887678,0.999999999614661,3.83497021495472,0.715180550452315,0.00621952470199495,-6.59329977281687e-10,-0.277620364583349,-0.288666161253357,1,3.83576633472905,0.227235114973964,-0.14892295791323,0.544999999878742,-0.02697734697855,3.23165932246926,1.22579580215081,12.0683429444462,0.0037272
2.82,-0.309731254496711,-0.300703586154761,0.999999999601037,3.82639987997348,0.717056354691672,0.00605328564196287,-7.02982809741572e-10,-0.288829623928004,-0.297915821702008,1,3.8271794125275,0.229858618848373,-0.155442742807088,0.544999999803463,-0.0278215553623377,3.21948996526195,1.21395144332462,11.9743707405598,0.0035747
2.84,-0.320819577043072,-0.309830114171779,0.99999999958627,3.8174871362819,0.719017351356529,0.00587689650951015,-7.73736168468987e-10,-0.300149890682899,-0.307091641005323,1,3.81825227373247,0.232482988475557,-0.162050944153698,0.544999999745926,-0.0286755787382047,3.20687932879585,1.20174051299639,11.8819649826731,0.0035331
2.86,-0.332023986428673,-0.318877601680634,0.999999999569881,3.80822868791923,0.721062915053353,0.0056911944146737,-8.65202807176503e-10,-0.31158493345491,-0.316189344432456,1,3.80898161380978,0.235107896240144,-0.168752004950913,0.544999999701488,-0.0295396279061227,3.19382285122932,1.18916608802446,11.7911009300523,0.0035593
2.88,-0.343348512124846,-0.327841652501841,0.999999999551502,3.79862113334438,0.723192416899176,0.00549700128331304,-9.72667244525384e-10,-0.323138479661039,-0.32520447287527,1,3.79936401965683,0.237732956327733,-0.175550415356742,0.544999999666596,-0.0304139064103898,3.18031580828354,1.17623141731014,11.7017524845827,0.0035893
2.9,-0.354797115902791,-0.336717673772653,0.999999999530849,3.7886609667323,0.725405221515044,0.00529512272520267,-1.09269279846558e-09,-0.334814209374403,-0.334132375055754,1,3.78939597103354,0.240357720987145,-0.182450707595478,0.544999999638558,-0.0312986096883159,3.16635331583499,1.16293992950961,11.6138923109012,0.0036023
2.92,-0.366373685565955,-0.345500868141011,0.999999999507694,3.77834457947187,0.727700683919789,0.0050863469902609,-1.22281196723861e-09,-0.346615748588354,-0.342968199681585,1,3.77907384218947,0.242981676700412,-0.189457450321719,0.544999999615339,-0.0321939241557068,3.15193033274671,1.1492952410573,11.5274919508662,0.003565
2.94,-0.378082028065006,-0.354186225934637,0.999999999481853,3.76766826188335,0.730078146321699,0.00487144400805806,-1.36129010286368e-09,-0.358546661863614,-0.351706887569088,1,3.76839390370495,0.245604240257131,-0.196575242395046,0.544999999595417,-0.0331000262257872,3.1370416639627,1.13530116450198,11.44252193238,0.0035599
2.96,-0.389925861957932,-0.362768517327726,0.99999999945317,3.75662820517475,0.73253693480553,0.00465116450585397,-1.50693988842932e-09,-0.370610444322302,-0.360343163755963,1,3.75735232456503,0.248224754730914,-0.203808706015273,0.544999999577675,-0.0340170812584784,3.12168196389047,1.1209617171563,11.3589518726115,0.0036101
2.98,-0.401908809176865,-0.37124228453115,0.999999999421511,3.7452205036571,0.735076355912211,0.00442623920052496,-1.65897706239093e-09,-0.382810512951689,-0.368871529629533,1,3.74594517448634,0.250842485357138,-0.211162479165209,0.544999999561297,-0.0349452424370814,3.10584574009914,1.10628113005925,11.2767505756991,0.0036094
3,-0.414034386062451,-0.379601834035857,0.999999999386752,3.73344115724021,0.737695693108566,0.00419737805986081,-1.81691003575679e-09,-0.395150197179692,-0.377286255100002,1,3.73416842651767,0.253456615312561,-0.218641207305005,0.544999999545712,-0.0358846495694208,3.08952735736119,1.09126385725002,11.1958861250369,0.0035338
3.02,-0.426305993625993,-0.387841228943131,0.999999999348779,3.72128607423101,0.740394203144458,0.00396526962884155,-1.98045384536272e-09,-0.407632728683398,-0.385581370852178,1,3.7220179599367,0.256066241399049,-0.226249534259406,0.544999999530531,-0.0368354278106863,3.07272104206832,1.07591458535061,11.1163259702775,0.0036892
3.04,-0.438726906999114,-0.395954281419855,0.999999999307479,3.70875107445828,0.743171112294854,0.0037305804166433,-2.14946272336647e-09,-0.420261230391399,-0.393750660713465,1,3.70948956346593,0.258670369635498,-0.233992092236449,0.544999999515509,-0.0377976863052795,3.05542088705278,1.06023824345274,11.038037009212,0.0036396
3.06,-0.451300264030525,-0.403934545321521,0.999999999262746,3.69583189274827,0.746025612484557,0.0034939543402731,-2.32387954213209e-09,-0.433038704640409,-0.401787654180578,1,3.69657893883238,0.261267910763905,-0.241873490913681,0.544999999500512,-0.0387715167452227,3.03762085684774,1.0442400133034,10.9609856647065,0.0037054
3.08,-0.464029052989526,-0.41177530903089,0.99999999921447,3.68252418277698,0.748956857293619,0.00325601222089326,-2.50369506460402e-09,-0.445968020446625,-0.409685619152454,1,3.68328170469663,0.263857675677858,-0.249898305525581,0.544999999485494,-0.0397569918428834,3.01931479342153,1.02792533978139,10.8851379569033,0.0039704
3.1,-0.47691609933625,-0.419469588565544,0.999999999162544,3.66882352132611,0.751963957841841,0.00301735132906871,-2.68891728438803e-09,-0.459051899852556,-0.417437554922168,1,3.66959340097788,0.266438370700187,-0.258071063800177,0.544999999459784,-0.0407541637093157,3.00049642242217,1.011299941655,10.8104595708206,0.0038878
3.12,-0.489964051519378,-0.427010121013402,0.999999999106821,3.65472541297075,0.755045978547939,0.00277854497872034,-2.88339506937518e-09,-0.472292903310707,-0.42503618548642,1,3.65550949360294,0.269008592326145,-0.266396231252617,0.544999999339069,-0.0417630621070119,2.98115935997052,0.994369822609146,10.7369159191862,0.0040157
3.14,-0.503175365762894,-0.434389358361501,0.999999999046774,3.64022529522892,0.758201932743549,0.00254014218653769,-3.12133035862416e-09,-0.485693414066552,-0.432473953237198,1,3.64102537970801,0.271566824538355,-0.274878197921605,0.544999999243246,-0.0427836928551405,2.96129712004154,0.977141282527409,10.6644722041854,0.0038599
3.16,-0.516552289806302,-0.44159946178947,0.999999998981623,3.62531854419964,0.761430778246832,0.0023026672856092,-3.39376196478724e-09,-0.499255621504787,-0.439743013106689,1,3.62613639332331,0.274111431977178,-0.283521259705553,0.544999999166664,-0.0438160356719486,2.94090312247498,0.95962092901185,10.5930934708622,0.0036396
3.18,-0.530096845564105,-0.448632296506185,0.999999998910748,3.61000048072245,0.764731412731693,0.00206661966189619,-3.69376309095059e-09,-0.512981503424934,-0.446835227243299,1,3.61083781157148,0.276640655877354,-0.292329601065998,0.54499999910519,-0.0448600423444937,2.91997070165784,0.941815689120542,10.5227446602903,0.0045273
3.2,-0.543810810672387,-0.455479427215533,0.999999998833651,3.59426637709289,0.768102669005033,0.00183247349399387,-4.01589456799911e-09,-0.526872807215048,-0.45374216030375,1,3.59512486141175,0.279152609351769,-0.301307275642985,0.544999999055887,-0.045915634643255,2.89849311592274,0.92373282129932,10.4533906589172,0.0037358
3.22,-0.557695698895083,-0.462132114304345,0.999999998749934,3.57811146436387,0.771543310167916,0.00160067752397143,-4.35577533153264e-09,-0.540931029895721,-0.460455075453697,1,3.57899272696243,0.281645272734012,-0.310458185374843,0.54499999901675,-0.046982702163054,2.87646355770706,0.905379927480801,10.3849963452128,0.0037249
3.24,-0.571752739366388,-0.468581310853447,0.999999998659279,3.5615309402669,0.775052024665001,0.00137165485665506,-4.70974534039214e-09,-0.555157397010667,-0.466964931177003,1,3.56243655743538,0.284116489013291,-0.319786058055356,0.544999998986508,-0.0480611000806604,2.85387516451906,0.886764965319756,10.3175266339938,0.0036326
3.26,-0.585982854650983,-0.474817660580786,0.999999998561436,3.54451997778709,0.778627421227984,0.00114580278525701,-5.07460253373892e-09,-0.569552840345262,-0.473262379001816,1,3.54545147571621,0.286563959398961,-0.329294423265054,0.544999998964454,-0.0491506468297701,2.83072103075792,0.867896260529792,10.2509465188083,0.003622
3.28,-0.600386637609868,-0.480831496833761,0.999999998456216,3.5270737344264,0.782268023720322,0.000923492641529325,-5.44739908292513e-09,-0.58411797446031,-0.479337762259739,1,3.52803258762483,0.288985239036695,-0.338986586617468,0.544999998945176,-0.0502511216940468,2.8069942204352,0.848782519281714,10.1852211127734,0.0036
3.3,-0.614964327066733,-0.486612842756237,0.99999999834347,3.50918736218946,0.785972265891423,0.000705069668809356,-5.82713582275573e-09,-0.598853072035348,-0.485181116002718,1,3.51017499189074,0.291377732925604,-0.348865602272614,0.544999998914733,-0.0513622623260622,2.78268778084564,0.829432840619144,10.12031568829,0.0035767
3.32,-0.629715782278146,-0.492151412764034,0.999999998223021,3.49085601832663,0.78973848605048,0.000490852916262653,-6.21783190268843e-09,-0.613758038023891,-0.490782168210598,1,3.49187379087775,0.293738692309642,-0.358934243708437,0.54499999889657,-0.0524837622389356,2.75779475723533,0.809856728841742,10.0561957161978,0.0035917
3.34,-0.6446404562204,-0.497436615471033,0.999999998094692,3.4720748768676,0.793564921681004,0.000281135152082004,-6.61506671661982e-09,-0.628832382632393,-0.496130342430656,1,3.47312410209239,0.296065211018233,-0.369194972664399,0.544999998888822,-0.0536152681522138,2.73230820851466,0.790064105800887,9.99282690446287,0.0038546
3.36,-0.659737367716702,-0.502457558216129,0.99999999795839,3.45283914097939,0.797449703996138,7.61827947760916e-05,-7.01509076606044e-09,-0.644075193145342,-0.501214761998584,1,3.4539210705096,0.298354324696938,-0.379649881610525,0.545000014684563,-0.0547563989259601,2.70622122406326,0.770065323046809,9.93017526390373,0.0038658
3.38,-0.675005072476387,-0.507203053371144,0.999999997870953,3.43314405571881,0.801390856519197,-0.000123762698659457,-1.72864790926041e-09,-0.65948510463099,-0.506024255998283,1,3.43425988174855,0.300602615435785,-0.390300748958236,0.545000010136431,-0.0559066456101865,2.67952694167186,0.749871173759712,9.86820704096034,0.0040052
3.4,-0.690441632993741,-0.511661626532964,0.999999997872871,3.41298492289524,0.805386277990636,-0.000318488247342028,1.92046705649319e-09,-0.675060269575768,-0.510547367125355,1,3.41413577612983,0.302806778850162,-0.401148874393449,0.545000006746937,-0.0570655420633766,2.6522185666647,0.729492904390895,9.80688891775002,0.0038913
3.42,-0.706044587433812,-0.515821526811525,0.999999997935569,3.39235711625472,0.809433748073018,-0.000507806695864093,4.3493642110093e-09,-0.690798326510604,-0.514772361626008,1,3.39354406364393,0.304963255076644,-0.412195122440583,0.545000004244234,-0.0582325130458672,2.62428939224785,0.708942225935677,9.74618794964985,0.0039695
3.44,-0.721810917658294,-0.519670739433003,0.999999998037836,3.37125609667298,0.813530918321131,-0.00069155697549559,5.877288344891e-09,-0.706696367709087,-0.518687241489246,1,3.3724801398581,0.307068317315055,-0.423439861745758,0.545000002417619,-0.0594069299279348,2.59573282111871,0.688231324748567,9.68607163559782,0.0038954
3.46,-0.737737016394203,-0.52319700078267,0.999999998164085,3.34967742931582,0.81767530681324,-0.000869604216513888,6.74763107610944e-09,-0.722750906055957,-0.522279759075275,1,3.35093950278661,0.309118071956204,-0.434882923033885,0.5450000011041,-0.0605881026716614,2.56654238837221,0.667372872806262,9.626507965122,0.0038579
3.48,-0.753818653698045,-0.526387816093732,0.999999998303013,3.32761680159449,0.821864292884415,-0.00104183968264682,7.14510701271822e-09,-0.73895784120454,-0.525537434366946,1,3.32891777074538,0.311108459589119,-0.446523555266019,0.545000000177883,-0.0617752761305367,2.53671178573478,0.646380037316639,9.56746546831672,0.004099
3.5,-0.770050942859023,-0.529230479971265,0.999999998446555,3.30507004208654,0.826095111996,-0.0012081806416674,7.20914503204996e-09,-0.755312425163724,-0.528447575033365,1,3.30641070120872,0.313035257003001,-0.458360380238025,0.544999999542136,-0.06296762737987,2.5062348871515,0.625266489564129,9.5089132691799,0.0039028
3.52,-0.786428305908653,-0.531712099940727,0.99999999858909,3.28203314046442,0.830364850780503,-0.00136857019269271,7.04431386111539e-09,-0.771809227478747,-0.530997299495402,1,3.28341421068053,0.314894080290369,-0.470391345782421,0.54499999912253,-0.0641642633225363,2.47510577574559,0.604046412874266,9.45082114270219,0.0041557
3.54,-0.802944438929761,-0.53381962320869,0.999999998726817,3.25850226844278,0.834670442305078,-0.00152297704996126,6.72842471516334e-09,-0.788442100195381,-0.533173563181232,1,3.25992439558768,0.316680389159841,-0.482613677762377,0.544999998862222,-0.0653642184719983,2.44331877216224,0.582734509572673,9.393159576052,0.0039479
3.56,-0.819592277384954,-0.535539866819097,0.99999999885729,3.23447380174498,0.83900866160049,-0.00167139527897807,6.31882475232716e-09,-0.805204142824084,-0.534963188156081,1,3.23593755419647,0.318389492569355,-0.495023831084908,0.544999998717915,-0.0665664529258426,2.41086846430039,0.561346006806308,9.33589983415586,0.0046756
3.58,-0.836363961713247,-0.53685955138123,0.99999999897905,3.20994434308134,0.843376121506117,-0.0018138439798822,5.85727399027292e-09,-0.822087667549045,-0.536352896303549,1,3.21145020954666,0.320016555791396,-0.507617440003182,0.544999998656779,-0.067769850563619,2.37774973842703,0.539896661087606,9.27901402991018,0.0043899
3.6,-0.853250803473336,-0.537765338535198,0.99999999909136,3.18491074612361,0.847769268885136,-0.00195036691239506,5.37371423803279e-09,-0.839084164956756,-0.53732934622595,1,3.18645913338933,0.321556609022228,-0.520389268022713,0.544999998654073,-0.0689732175084389,2.34395781165749,0.51840276141527,9.22247519919539,0.0043323
3.62,-0.870243252342863,-0.53824387230686,0.999999999193989,3.15937014045145,0.852184381267584,-0.00208103205632159,4.88918068697331e-09,-0.85618427058943,-0.537879174017684,1,3.16096137110644,0.323004557644163,-0.533333157776364,0.544999998691275,-0.0701752808943203,2.30948826577415,0.496881130819147,9.16625738077826,0.004155
3.64,-0.887330864314481,-0.53828182448623,0.999999999287062,3.13331995743677,0.856617563982257,-0.00220593110135758,4.41803983619593e-09,-0.873377732660025,-0.537989038048246,1,3.1349542675801,0.324355194245695,-0.54644198128433,0.544999998754635,-0.071374687983474,2.27433708234231,0.475349126170842,9.11033570109804,0.0039574
3.66,-0.90450227146135,-0.537865944141267,0.999999999370939,3.10675795702128,0.861064747841478,-0.00232517885986292,3.96970836646915e-09,-0.89065338129743,-0.537645667869947,1,3.10843549396912,0.325603212488514,-0.559707591088052,0.544999998834059,-0.0725700056771901,2.23850067906818,0.453824636096821,9.05468646382475,0.0040031
3.68,-0.921745153676334,-0.536983111352132,0.999999999446136,3.07968225533101,0.865521687445061,-0.00243891259717716,3.54996977591782e-09,-0.907999099722033,-0.536835917339125,1,3.08140307533892,0.326743222892551,-0.573120772813273,0.544999998922245,-0.073759720465187,2.20197594732813,0.432326076826792,8.99928724396137,0.0039072
3.7,-0.939046212820052,-0.535620395219185,0.999999999513255,3.05209135305963,0.869983960171395,-0.00254729127571778,3.16197787952888e-09,-0.925401797782985,-0.53554682200854,1,3.05385541907854,0.327769770557465,-0.586671199845598,0.54499999901404,-0.0749422388513692,2.16476029078174,0.410872385807356,8.94411698613375,0.0039502
3.72,-0.95639114974252,-0.533765116160943,0.999999999572945,3.02398416453897,0.874446965923046,-0.00265049471426946,2.80703236654745e-09,-0.942847388318273,-0.533765660812263,1,3.02579134402507,0.328677354675305,-0.600347390890995,0.544999999104126,-0.0761158882634419,2.12685166496307,0.389483012909524,8.88915610657636,0.003962
3.74,-0.973764644670478,-0.531404912475569,0.999999999625862,2.99536004740332,0.878905927687402,-0.00274872267173525,2.48451755169299e-09,-0.960320766826605,-0.531480022022596,1,2.99721011020183,0.329460449915242,-0.614136671843325,0.544999999191853,-0.0772789185645951,2.08824861772534,0.368177909058887,8.83438659821905,0.0039917
3.76,-0.991150341476917,-0.528527811091021,0.999999999672643,2.96621883273937,0.883355892975668,-0.00284219389705916,2.19358447850482e-09,-0.977805794965328,-0.528677873411219,1,2.96811144906178,0.330113589910061,-0.62802501662599,0.544999999280932,-0.0784295188066803,2.04895033039433,0.346977512119216,8.77979213738934,0.0044981
3.78,-1.00853083640322,-0.525122302422052,0.999999999713926,2.93656085528446,0.887791738520329,-0.00293113960168099,1.93471983322979e-09,-0.99528528841017,-0.525347636493755,1,2.93849559411199,0.330631198928849,-0.641997432559285,0.544999999355154,-0.0795657615719613,2.00895665946396,0.325902729863697,8.72535819262734,0.0043768
3.8,-1.02588767171484,-0.521177419034195,0.999999999750299,2.90638698451601,0.892208168343304,-0.00301581492212595,1.70257539622298e-09,-1.01274100962979,-0.521478264678408,1,2.90836331177897,0.331007876631413,-0.656037379315642,0.544999999424331,-0.0806857035577045,1.96826817864542,0.30497491987398,8.67107213356255,0.0042884
3.82,-1.04320133488832,-0.516682817919317,0.999999999782278,2.875698655543,0.896599723229738,-0.00309648670798194,1.49533452287187e-09,-1.03015366613976,-0.517059325075347,1,2.87771593235828,0.331238275583352,-0.670127087047487,0.544999999488082,-0.081787310846737,1.92688622106238,0.284215866220893,8.61692333796698,0.0041794
3.84,-1.06045126395764,-0.511628866142841,0.999999999810342,2.84449789933407,0.900960785112934,-0.00317343485007037,1.31104389566872e-09,-1.04750291480576,-0.512081083654515,1,2.84655538087501,0.331317169467272,-0.684247466413037,0.54499999954631,-0.0828684938779755,1.88481292135677,0.263647752784644,8.56290329651539,0.0048432
3.86,-1.07761585952123,-0.506006729368416,0.99999999983493,2.81278737314654,0.9052855841674,-0.0032469506622201,1.14771530945745e-09,-1.06476737276348,-0.506534593365927,1,2.81488420766515,0.331239488215928,-0.698378104948225,0.544999999599127,-0.0839271107314495,1.84205125744958,0.24329313309035,8.50900571323204,0.0051319
3.88,-1.09467250398362,-0.49980846281705,0.999999999856441,2.78057039034026,0.909568207213283,-0.00331733505369516,1.00340102449081e-09,-1.08192463551156,-0.500411784759076,1,2.78270561847138,0.331000354896779,-0.712497272552895,0.544999999646757,-0.0849609734504173,1.79860509167845,0.223174896552171,8.45522659986413,0.0057985
3.9,-1.11159758856478,-0.493027104106782,0.999999999875237,2.74785094943078,0.913802607476681,-0.00338489656542716,8.76233592350672e-10,-1.09895130271344,-0.493705558557538,1,2.7500235038309,0.330595124054989,-0.726581937193603,0.544999999689567,-0.0859678556167545,1.754479211012,0.203316231039488,8.40156436231122,0.0056025
3.92,-1.12836654857733,-0.485656767336336,0.999999999891645,2.7146337621602,0.917982615739096,-0.00344994930082232,7.64477867676305e-10,-1.11582301221266,-0.486409879562515,1,2.71684246751788,0.330019420548965,-0.740607792692635,0.544999999728109,-0.086945500684992,1.70967936602,0.183740581702358,8.34801987715615,0.0051817
3.94,-1.14495390742678,-0.477692737692828,0.999999999905955,2.68092428034282,0.922101952871479,-0.0035128108210474,6.66597017584535e-10,-1.13251448272326,-0.478519871175957,1,2.68316785378906,0.329269177036815,-0.754549301544698,0.544999999763547,-0.0878916308077335,1.66421230825948,0.164471606020596,8.29459655649389,0.0051055
3.96,-1.16133332973161,-0.469131565780659,0.999999999918436,2.64672872123944,0.92615424367875,-0.0035738001770326,5.81473784677655e-10,-1.14899956560214,-0.470031909751775,1,2.64900577316863,0.328340746980803,-0.768379641531749,0.544999999788482,-0.0888039725164306,1.61808582571957,0.145533125071318,8.24130039653914,0.0058661
3.98,-1.17747768393645,-0.459971160814728,0.999999999929304,2.61205409086548,0.930133034962691,-0.00363323120598425,5.05327371058683e-10,-1.16525130604231,-0.460943717904096,1,2.61436312649805,0.327230750173182,-0.78207106029911,0.544999999815441,-0.0896802152261358,1.57130877595302,0.126949071043141,8.18814001539503,0.0055755
4,-1.19335911458515,-0.450210881675359,0.999999999938746,2.57690820578728,0.93403180722974,-0.00369141852741799,4.38886118558911e-10,-1.18124201394489,-0.451254455826415,1,2.57924762696789,0.325936350161176,-0.795594600582103,0.544999999839142,-0.0905181016015673,1.52389111650978,0.108743431061639,8.13512666566607,0.0058218
4.02,-1.20894912443039,-0.43985162481981,0.999999999946945,2.54129971247153,0.937843997271308,-0.00374866863636985,3.80977205338695e-10,-1.19694334463364,-0.440964809607002,1,2.54366781984343,0.32445516480137,-0.808920389259203,0.544999999859956,-0.0913153799831092,1.47584393228425,0.0909401874325493,8.08227423234008,0.0056744
4.04,-1.22421866649036,-0.428895908004466,0.99999999995406,2.50523810356526,0.941563016759691,-0.00380527886007258,3.30561462646984e-10,-1.21232638946868,-0.430077075466152,1,2.50763309959284,0.322785335195052,-0.822017699463749,0.544999999878278,-0.0920698385322992,1.42717945937871,0.0735632544482619,8.02959920645872,0.0057113
4.06,-1.23913824590707,-0.417347948650704,0.999999999960233,2.4687337316534,0.945182273311097,-0.00386153489577355,2.86741368427104e-10,-1.22736177629624,-0.418595238792094,1,2.47115372412767,0.32092556194416,-0.834855074021369,0.54499999989472,-0.0927793161219551,1.37791110508793,0.0566364119488076,7.97712063598869,0.0078106
4.08,-1.2536780314125,-0.405213735701985,0.999999999965589,2.43179781979068,0.948695192660579,-0.0039177085348735,2.48840414940335e-10,-1.24201977954079,-0.406525046816958,1,2.43424082586989,0.318875135762063,-0.847400468047013,0.544999999910453,-0.0934417149014708,1.32805346361645,0.0401832358744574,7.92486005326042,0.0060667
4.1,-1.26780797604322,-0.392501093790383,0.999999999970244,2.39444246861878,0.95209524171908,-0.00397405590050208,2.16603623925952e-10,-1.25627043960436,-0.39387407375429,1,2.39690641936816,0.316633967730964,-0.859621404406301,0.544999999927053,-0.0940550144492979,1.27762232715079,0.0242270260938983,7.87284137926991,0.0060258
4.12,-1.28149794659262,-0.379219738531389,0.999999999974313,2.35668065982861,0.955375952504226,-0.00403081621867427,1.90342603900722e-10,-1.27008369108954,-0.380651777217423,1,2.35916340519913,0.314203031456402,-0.871484584764972,0.544999999926706,-0.0946173673350574,1.22663469192636,0.00879073183926727,7.82109074723122,0.0063627
4.14,-1.29471786141739,-0.365381321832037,0.999999999977856,2.31852625396913,0.958530962884615,-0.00408818584970073,1.63956670462545e-10,-1.28342949920692,-0.366869544755478,1,2.32102556990653,0.311583185224406,-0.882957670969918,0.544999999936947,-0.0951268146668339,1.17510875894852,-0.00610312487439722,7.76963647191433,0.0062344
4.16,-1.30743783524204,-0.350999465988899,0.999999999980908,2.27999398726485,0.961554010282821,-0.00414636335039358,1.41257494590269e-10,-1.29627800357007,-0.35254072938247,1,2.28250758175349,0.308776652521479,-0.894007523595513,0.544999999945744,-0.0955817563466109,1.12306392905313,-0.0204325274224068,7.71850873330263,0.0064814
4.18,-1.31962833015909,-0.336089785567101,0.999999999983538,2.24109946334559,0.964438984535207,-0.00420551243014521,1.2172527874555e-10,-1.30859966842262,-0.337680673036326,1,2.24362498208953,0.305786224646595,-0.904601489167287,0.544999999953303,-0.0959806147599183,1.07052079205392,-0.0341760438654303,7.66773944558692,0.0065023
4.2,-1.33126031212792,-0.320669896155276,0.999999999985804,2.20185913782664,0.967179947814026,-0.0042657683344373,1.04914263943107e-10,-1.32036543818682,-0.322306716989324,1,2.20439417216548,0.302615452311721,-0.91470736234466,0.5449999999598,-0.0963219729210446,1.01750110973232,-0.0473129068609261,7.61736201098276,0.0064286
4.22,-1.34230541126034,-0.304759409063191,0.999999999987758,2.16229030043929,0.969771162025619,-0.00432723664202508,9.04422492453771e-11,-1.33154689707476,-0.306438198339839,1,2.16483239526521,0.299268654265952,-0.92429359404364,0.544999999965387,-0.0966045750753345,0.964027792487779,-0.0598230936461256,7.5674110665131,0.0061847
4.24,-1.35273608460091,-0.288379911260305,0.999999999989442,2.122411052062,0.972207116179584,-0.00438999201315277,7.79816744511733e-11,-1.34211643136598,-0.290096431847099,1,2.1249577140628,0.295750919105431,-0.933329505109278,0.544999999970203,-0.0968273358178419,0.91012486952194,-0.0716874055159084,7.51792220976164,0.0061473
4.26,-1.362525779867,-0.271554929987595,0.999999999990895,2.08224027692913,0.974482553469089,-0.00445407726926142,6.7254823932224e-11,-1.35204739283199,-0.273304676524824,1,2.08478898315791,0.292068100293152,-0.94178550374518,0.54499999997437,-0.0969893496709371,0.855817452487033,-0.0828875461932955,7.46893170621221,0.006078
4.28,-1.37164909850919,-0.254309881652267,0.999999999992148,2.041797610081,0.976592497818072,-0.00451950295200624,5.80280001827378e-11,-1.36131426168407,-0.256088086584622,1,2.04434581678868,0.28822680407529,-0.949633305389465,0.544999999978007,-0.0970898995545471,0.801131692592686,-0.0934061984710614,7.42047618122768,0.0062971
4.3,-1.38008195637111,-0.236672004810318,0.999999999993229,2.00110340012722,0.978532279648925,-0.00458624751171701,5.01105645867103e-11,-1.36989280733805,-0.238473646513365,1,2.00364855177151,0.284234377326234,-0.956846134147977,0.544999999981207,-0.0971284656388946,0.746094731232467,-0.1032270984912,7.37259230014352,0.006284
4.32,-1.38780174017914,-0.218670277253089,0.999999999994163,1.96017866740327,0.980297560898273,-0.00465425745467065,4.33448832382131e-11,-1.37776024523297,-0.220490090277572,1,1.96271820576843,0.280098887092485,-0.963398914615089,0.544999999984035,-0.0971047317522763,0.690734644261492,-0.112335107025355,7.32531644022849,0.0061749
4.34,-1.39478745807527,-0.200335317436536,0.999999999994973,1.91904505763701,0.981884358963322,-0.00472344723893031,3.75974096300602e-11,-1.38489538791204,-0.202167804868243,1,1.92157643103582,0.27582907050607,-0.969268524135577,0.5449999999866,-0.0970185833472997,0.635080380127626,-0.12071627712439,7.27868435847699,0.0062097
4.36,-1.40101988238287,-0.181699270718383,0.999999999995676,1.87772479146323,0.983289068471828,-0.00479370193134498,3.2773357361301e-11,-1.39127878857632,-0.183538718627509,1,1.88024546386084,0.271434361310182,-0.974433749090027,0.544999999988725,-0.0968701352635972,0.57916169213061,-0.128357917519362,7.23273085914156,0.0060435
4.38,-1.40648168292692,-0.162795681106145,0.999999999996291,1.83624060962705,0.984508483823797,-0.00486487022284582,2.87143464561347e-11,-1.39689287535619,-0.164636175029061,1,1.83874806994478,0.266924780007117,-0.978875611993516,0.544999999990358,-0.0966597020966108,0.523009065154383,-0.135248651179447,7.18748946484045,0.0068153
4.4,-1.41115754925615,-0.14365934943967,0.999999999996831,1.79461571434629,0.985539817009123,-0.00493676410864903,2.52432741376732e-11,-1.40172207461324,-0.145494792812614,1,1.7971074860427,0.262310912163311,-0.982577352331447,0.544999999991269,-0.0963878221590796,0.466653637282638,-0.14137846846506,7.14299209454633,0.0059599
4.42,-1.41503430019392,-0.124326179148744,0.999999999997304,1.75287370729913,0.986380714265475,-0.00500915148645642,2.2100259400312e-11,-1.40575292168588,-0.126150313593276,1,1.75534735821715,0.257603709612375,-0.98552528409379,0.544999999991734,-0.0960551784199109,0.410127116774357,-0.146738774355606,7.09926875338208,0.0060014
4.44,-1.41810097904399,-0.104833010926022,0.999999999997717,1.71103852575866,0.987029265042167,-0.00508178034859825,1.91245774772223e-11,-1.40897415762496,-0.106639438274444,1,1.71349167710796,0.252814564554591,-0.987708434852432,0.544999999992169,-0.0956626852102929,0.353461694937622,-0.151322429281063,7.05634723924437,0.0061787
4.46,-1.4203489330778,-0.0852174478640061,0.999999999998071,1.66913437683055,0.987484014507719,-0.00515438367212654,1.63054281188206e-11,-1.41137681062866,-0.0869996537824888,1,1.67156471066007,0.247955245320381,-0.98911858415508,0.544999999992984,-0.0952114574260431,0.296689955507006,-0.155123783144251,7.01425287300432,0.0058332
4.48,-1.42177187645312,-0.0655176727785689,0.999999999998372,1.62718566883494,0.98774397359771,-0.00522668122595004,1.37796618560142e-11,-1.41295426107658,-0.0672690518082085,1,1.62959093478597,0.243037832411285,-0.989750318979356,0.544999999993912,-0.0947028047261796,0.239844781169742,-0.158138702186338,6.97300825364358,0.0059236
4.5,-1.42236593572912,-0.0457722595597931,0.999999999998626,1.58521694086833,0.987808626563469,-0.00529838049643847,1.15878151518783e-11,-1.41370228927724,-0.0474861413794766,1,1.58759496246756,0.238074639321951,-0.989601132943745,0.544999999994839,-0.0941382250803737,0.182959257920762,-0.16036458841954,6.93263304132684,0.0056323
4.52,-1.42212967733244,-0.0260199804920221,0.999999999998839,1.54325279097809,0.98767793546541,-0.00536917947468177,9.72971037072892e-12,-1.41361910527688,-0.0276896571979881,1,1.54560147182416,0.23307811111524,-0.988671261638121,0.54499999999567,-0.0935193763701291,0.126066577956268,-0.161800391426598,6.89314377115273,0.0055411
4.54,-1.42106411664956,-0.00629961156994165,0.999999999999018,1.50131780382543,0.987352340628331,-0.00543876163951185,8.1707440813345e-12,-1.41270536032555,-0.00791836574757499,1,1.50363513368769,0.228060415127187,-0.986881507659939,0.545000000014875,-0.0928471811633035,0.0691999418358144,-0.162446612406116,6.85455372265872,0.005157
4.56,-1.41917274301151,0.0133502648809155,0.999999999999235,1.45943649770331,0.986832673047638,-0.0055033738757611,1.35257138822536e-11,-1.41096413985359,0.0117891287797545,1,1.46172053923302,0.223035190878658,-0.984452576541934,0.544999999996083,-0.0921262577608273,0.0123924601911759,-0.162305300389697,6.81687122934971,0.0048583
4.58,-1.41646143614156,0.032891449483114,0.999999999999491,1.41763321249425,0.98612032706014,-0.00556824299502618,1.21156418231377e-11,-1.40840093807158,0.031394576692166,1,1.41988212821075,0.218013779836499,-0.981237292553215,0.544999999992202,-0.0913559721483263,-0.044322944448853,-0.161380040631989,6.78010385110303,0.0047111
4.6,-1.41293839641568,0.0522863100935271,0.999999999999705,1.37593204432497,0.985217211527167,-0.00563199868988962,9.30853616410713e-12,-1.40502361456421,0.0508602711280716,1,1.37814411832116,0.213008487074347,-0.977253926078253,0.544999999992912,-0.0905393409942714,-0.100913630902207,-0.159675935664239,6.74425442082874,0.004873
4.62,-1.40861414422129,0.0714979693628538,0.999999999999866,1.3343568171414,0.984125653415041,-0.00569357453258851,6.75679956430872e-12,-1.40084233349747,0.0701492305664508,1,1.3365304362522,0.20803130674868,-0.972526806213959,0.5449999999944,-0.0896787205355349,-0.157347332660583,-0.157199578808109,6.70932214054692,0.0048706
4.64,-1.40350143300663,0.0904904797436177,0.999999999999981,1.29293099533419,0.982848397529209,-0.00575233116417611,4.74095429582057e-12,-1.39586948629329,0.0892253736811209,1,1.29506465088113,0.203093891019689,-0.96707813769209,0.544999999995731,-0.088776450242047,-0.213592249013203,-0.153959020448823,6.67530267551112,0.0047196
4.66,-1.39761514759842,0.109228987911319,1.00000000000006,1.25167761875881,0.981388603464043,-0.00580786005930874,3.20422799405545e-12,-1.39011959884163,0.108053684838965,1,1.25376990911005,0.198207504909794,-0.960928759010189,0.544999999996806,-0.0878349358518842,-0.269617132371504,-0.149963727519231,6.64218821001967,0.0048409
4.68,-1.39097219199997,0.12767988811882,1.00000000000011,1.21061924286443,0.979749833471011,-0.00585982803260866,2.05446326618526e-12,-1.3836092245123,0.126600368705877,1,1.2126688747694,0.19338297401774,-0.95410048160563,0.544999999997651,-0.0868566361252192,-0.32539137131443,-0.145224536625497,6.60996751350004,0.0047797
4.7,-1.38359136662583,0.145810963365371,1.00000000000015,1.16977788200471,0.97793603412362,-0.00590792697505703,1.20877530208361e-12,-1.37635682439405,0.144832992611095,1,1.17178367098319,0.188630608231249,-0.94660113151938,0.545000000003007,-0.0858439355894561,-0.380885068936376,-0.139753601277704,6.578626044456,0.0042837
4.72,-1.37549324113202,0.163591515761848,1.00000000000018,1.1291749586363,0.975951500593512,-0.00595120760254043,2.29132268715089e-12,-1.36838263632385,0.162720615525834,1,1.13113582634393,0.183960314243547,-0.938499384253515,0.54499999999917,-0.0847996481757839,-0.436069116153558,-0.13356433370388,6.54814576865999,0.0041187
4.74,-1.36670000123796,0.180992475302658,1.00000000000022,1.08883124967094,0.97380088265157,-0.0059905500413965,1.99264604817414e-12,-1.35970853437238,0.180233902730576,1,1.09074622519703,0.179381200342747,-0.929787039744626,0.544999999998274,-0.0837260080212376,-0.490915259589336,-0.126671341793826,6.51850629751886,0.0046619
4.76,-1.35723529577437,0.197986496311998,1.00000000000026,1.04876684146536,0.971489157212062,-0.0060253643392068,1.37131195288873e-12,-1.35035788052263,0.197345225471781,1,1.0506350622831,0.174901869174894,-0.920498047445428,0.544999999998245,-0.0826255767772051,-0.545396162978482,-0.119090362091193,6.48968402607049,0.0043507
4.78,-1.34712409214289,0.2145480450574,1.00000000000028,1.00900109410472,0.969021581555791,-0.00605531052098026,7.39532879387653e-13,-1.34035537031584,0.21402874513787,1,1.01082180193418,0.170530271342105,-0.910664081195592,0.544999999998497,-0.0815008355266391,-0.59948546292267,-0.110838188970958,6.46165275751155,0.0042877
4.8,-1.33639251339661,0.230653465237404,1.00000000000029,0.969552604011548,0.96640367280047,-0.00608014897192946,1.98419058969561e-13,-1.32972687424435,0.230260481711064,1,0.971325141966791,0.166273687146457,-0.900316551873527,0.544999999998824,-0.0803542190093094,-0.653157818376088,-0.101932600802262,6.43438390232035,0.0046747
4.82,-1.32506767493256,0.246281028335358,1.00000000000029,0.930439172782033,0.963641182619375,-0.00609968614413756,-2.2506441154345e-13,-1.31849927664591,0.246018366471364,1,0.932162982362106,0.162138712396484,-0.889487303610028,0.544999999999143,-0.0791881118298393,-0.706388953606763,-0.0923922837928932,6.40784670044048,0.0042594
4.84,-1.31317752123968,0.261410968619244,1.00000000000028,0.891677781027509,0.960740070153949,-0.00611375862638747,-5.33546540273691e-13,-1.30670031380019,0.26128227913732,1,0.893352398772383,0.158131249809438,-0.878208697991069,0.54499999999942,-0.0780048395985262,-0.759155694623508,-0.0822367541267801,6.38200845856355,0.0043064
4.86,-1.30075066385567,0.276025502992259,1.00000000000027,0.853284567013801,0.957706474378748,-0.00612222940792445,-7.42339523176792e-13,-1.29435841284929,0.276034069821648,1,0.85490962084341,0.154256506328378,-0.866513483470248,0.544999999999644,-0.0768066602397322,-0.811435999092467,-0.0714862790057597,6.35683479584577,0.0043036
4.88,-1.28781622191295,0.290108836201225,1.00000000000025,0.815274810012654,0.954546686453535,-0.00612498704208367,-8.70343797023972e-13,-1.28150253306285,0.290257566355127,1,0.816850015296463,0.150518996256976,-0.854434612789945,0.544999999999818,-0.0755957563002985,-0.863208979819026,-0.060161797192261,6.33228989343375,0.0042843
4.9,-1.27440366663879,0.303647152113815,1.00000000000023,0.777662918262553,0.951267122352036,-0.00612194523815428,-9.35962418671416e-13,-1.26816201084847,0.303938567687162,1,0.779188073670219,0.146922549886452,-0.842005056545614,0.544999999999945,-0.0743742283728489,-0.91445492192624,-0.0482848396249183,6.30833674447985,0.0041886
4.92,-1.26054267106455,0.316628591921692,1.00000000000021,0.740462421401348,0.94787429598328,-0.00611304237399271,-9.55822088135909e-13,-1.25436640977372,0.317064824204359,1,0.741937404583947,0.143470301522243,-0.829252478583776,0.545000000010916,-0.0731440395044474,-0.965155293913492,-0.0358774506476405,6.28493740200184,0.0038479
4.94,-1.24626296749901,0.329043221840453,1.00000000000023,0.703685968275746,0.944374788035088,-0.0060980266659445,2.97383451198524e-12,-1.24014537672051,0.329626005918236,1,0.705110730348401,0.140164835111448,-0.81622235741564,0.545000000003246,-0.0719072509897151,-1.0152927528458,-0.0229621103347335,6.26205310234572,0.0037843
4.96,-1.23159420857379,0.340882985740873,1.0000000000003,0.667345325706469,0.940775230929937,-0.00607721416570475,4.14253520376343e-12,-1.22552850513999,0.341613659559725,1,0.668719887720448,0.137007976201023,-0.802937437166182,0.544999999999244,-0.0706655673705353,-1.06485114395402,-0.00956165836459192,6.23964487084526,0.0039327
4.98,-1.21656583768551,0.352141649042477,1.00000000000038,0.631451382992302,0.93708228188627,-0.00605055226994571,3.87032628169374e-12,-1.21054520622017,0.353021155681332,1,0.632775832571688,0.134000999699833,-0.789429853644742,0.544999999997373,-0.0694207432356683,-1.11381549478641,0.00430077994953682,6.21767335642765,0.0038639
5,-1.20120697151285,0.362814737696696,1.00000000000045,0.596014162321809,0.933302595233881,-0.00601804284646904,2.92459390039707e-12,-1.19522458862219,0.363843626908854,1,0.597288648220249,0.131144605196082,-0.775730567927098,0.544999999996748,-0.0681744128786588,-1.16217200447884,0.0186018653490263,6.19609920015917,0.0037881
5.02,-1.18554628902452,0.372899466587647,1.0000000000005,0.561042829738291,0.929442801314295,-0.00597972261890999,1.7537615804116e-12,-1.17959534728792,0.374077898504273,1,0.562267557158446,0.128438948475462,-0.76186947809071,0.54499999999682,-0.0669281071099294,-1.20990802843386,0.0333181136417568,6.17488323712851,0.0037857
5.04,-1.16961193024193,0.382394661677341,1.00000000000052,0.526545709782924,0.925509486178831,-0.00593565363178432,6.09041705965313e-13,-1.16368566167383,0.383722412401841,1,0.527720935897013,0.125883674926343,-0.747875427697825,0.544999999997253,-0.0656832565375903,-1.25701205875496,0.0484259617214442,6.15398668745169,0.0040664
5.06,-1.15343140485006,0.391300676955495,1.00000000000052,0.492530303046351,0.921509172441729,-0.00588591838002529,-3.79714037981633e-13,-1.14752310362612,0.392777145861963,1,0.49365633263889,0.123477954337468,-0.733776168021478,0.544999999997833,-0.0644411929344902,-1.30347370082786,0.0639018303652807,6.13337133477067,0.0038539
5.08,-1.13703151067937,0.399619307266692,1.00000000000051,0.459003306254411,0.917448301466347,-0.00583061698804644,-1.15978338043584e-12,-1.13113455498194,0.401243525854685,1,0.460080487491814,0.121220516649469,-0.719598305637349,0.544999999998433,-0.0632031507745059,-1.34928364644394,0.0797221836235546,6.11299969109276,0.0039001
5.1,-1.12043826199033,0.407353698064971,1.00000000000048,0.425970634585485,0.913333216970737,-0.00576986524164774,-1.7240964211765e-12,-1.11454613486233,0.409124340238377,1,0.426999354928914,0.119109688236467,-0.705367250966612,0.544999999998981,-0.0619702692237998,-1.39443364385919,0.0958635846574683,6.09283514727632,0.0038432
5.12,-1.1036768273976,0.414508253099342,1.00000000000044,0.393437445932371,0.909170150089687,-0.00570379296405179,-2.09080752710228e-12,-1.09778313651537,0.416423646741955,1,0.394418128209804,0.117143428320204,-0.691107174562111,0.544999999999445,-0.0607435945751504,-1.43891646517821,0.112302747922507,6.07284210882247,0.0040487
5.14,-1.08677147718151,0.421088540971597,1.0000000000004,0.361408166830032,0.904965205901428,-0.00563254253861692,-2.29047003585087e-12,-1.08086997347362,0.423146680692893,1,0.362341265480876,0.115319365152654,-0.676840973587589,0.544999999999818,-0.0595240830652392,-1.48272587144375,0.129016587633653,6.05298611689576,0.0038427
5.16,-1.0697455396553,0.427101201435881,1.00000000000035,0.329886519779568,0.900724351408148,-0.00555626751090239,-2.35605313036152e-12,-1.06383013470856,0.429299762360476,1,0.330772517282337,0.113634831641126,-0.662590248965154,0.5450000000001,-0.0583126040090723,-1.52585657580116,0.145982262484969,6.0332339546978,0.0041949
5.18,-1.05262136618918,0.432553852231631,1.00000000000031,0.298875551709724,0.896453404945184,-0.00547513125253673,-2.32013519506885e-12,-1.04668614839608,0.434890204706361,1,0.299714955200452,0.112086900014565,-0.648375289619294,0.544999999983727,-0.0571099431036565,-1.56830420509203,0.163177216629337,6.01355373950978,0.004011
5.2,-1.03542030443769,0.437454997161742,1.0000000000002,0.268377663331598,0.892158026975649,-0.00538930555376627,-8.17838241572681e-12,-1.02945955385134,0.439926222254286,1,0.269171001416319,0.110672416003989,-0.634215082912048,0.544999999989959,-0.0559168064127688,-1.61006526021449,0.180579216954173,5.99391500052771,0.0042631
5.22,-1.01816267927161,0.441813936040291,1,0.238394639147341,0.887843712255075,-0.00529896983703718,-1.17933396381798e-11,-1.01217088114718,0.444416841709534,1,0.239142458916611,0.109388030459284,-0.620127299477926,0.54499999999451,-0.0547338233360059,-1.65113707556839,0.198166386715734,5.97428874394299,0.0043542
5.24,-1.00086778088693,0.445640677059504,0.999999999999745,0.20892767790405,0.883515783255984,-0.00520430956097075,-1.37699274205172e-11,-0.994839637898209,0.448371814877917,1,0.209630542147108,0.108230230823569,-0.606128321567758,0.544999999997781,-0.0535615511030174,-1.69151777788313,0.215917235617982,5.95464750434231,0.0048183
5.26,-0.983553859541342,0.448945852045293,0.999999999999461,0.179977423292307,0.879179384841311,-0.00510551531544114,-1.45688971997426e-11,-0.977484302670213,0.451801534354952,1,0.180635907905798,0.107195370318366,-0.592233259938258,0.545000000000083,-0.0524004783516702,-1.73120624470422,0.233810686442511,5.93496538444692,0.0040083
5.28,-0.966238126355355,0.451740634986881,0.99999999999917,0.151543994695834,0.874839480100225,-0.00500278182414906,-1.45390188777039e-11,-0.960122324462663,0.454716952379584,1,0.1521586862889,0.106279695572211,-0.578455980724438,0.545000000001654,-0.0512510290259817,-1.77020206279249,0.251826098352991,5.91521808329168,0.004196
5.3,-0.948936759613769,0.454036664158677,0.999999999998886,0.123627017829379,0.870500847280076,-0.00489630702192512,-1.3943406429453e-11,-0.942770127707833,0.45712950317419,1,0.124198511519819,0.105479372480502,-0.564809137626423,0.545000000002687,-0.0501135662232156,-1.80850548666728,0.269943287011699,5.8953829137128,0.0045974
5.32,-0.931664916007501,0.455845968082345,0.999999999998616,0.0962256551118405,0.866168077742415,-0.0047862912055354,-1.29762511846732e-11,-0.925443122234018,0.45905102902437,1,0.0967545525077142,0.104790510255045,-0.551304208608809,0.545000000003316,-0.0489883959816118,-1.84611739750224,0.288142541657026,5.87543880992334,0.0040569
5.34,-0.91443674626662,0.457180895513286,0.999999999998369,0.0693386356385652,0.86184557486944,-0.00467293625651941,-1.17823972800491e-11,-0.908155717650399,0.460493710288597,1,0.0698255429987605,0.104209183646744,-0.537951536352555,0.545000000003653,-0.0478757709877696,-1.88303926256057,0.306404639299428,5.85536632596157,0.0040222
5.36,-0.897265414651988,0.458054049577317,0.999999999998146,0.0429642846326457,0.857537553846628,-0.00455644493397924,-1.0467218203294e-11,-0.890921341626848,0.461469999469717,1,0.0434098111991654,0.103731400746723,-0.52475816197852,0.54499997330294,-0.0467758500021199,-1.91927309533437,0.32471085619952,5.83514765283553,0.0035629
5.38,-0.88016312184656,0.458478227054786,0.999999999901828,0.0171005532192446,0.853248038968061,-0.00443692864073043,-9.62140880744734e-09,-0.873752461562152,0.461992559427461,1,0.0175053087644204,0.103353347779708,-0.511737270333137,0.544999983502273,-0.0456889124524844,-1.95482141653307,0.343042976808269,5.81476643270315,0.003995
5.4,-0.863141130560279,0.458466359821593,0.999999999650007,-0.00825495527396703,0.848980873478249,-0.00431470677579631,-1.55605905050035e-08,-0.856660609157985,0.46207420576392,1,-0.00789036093601962,0.10307104263044,-0.498893162626459,0.544999990922558,-0.0446149656624638,-1.98968721604484,0.361383300347909,5.7942080859525,0.0039247
5.42,-0.846209793606445,0.458031460827568,0.999999999306117,-0.0331049581816468,0.844739714946953,-0.0041899744917312,-1.88284695568082e-08,-0.839656407442547,0.461727853372084,1,-0.0327799153554779,0.102880608284047,-0.486232135644357,0.544999996233602,-0.0435541068361999,-2.0238739159705,0.37971464509922,5.77345947394485,0.0039262
5.44,-0.829378584052942,0.45718657632033,0.999999998915988,-0.0574524652256306,0.840528038998166,-0.00406292798581333,-2.01843727865021e-08,-0.822749599816407,0.460966467101021,1,-0.0571663661719717,0.102778217845795,-0.473759572790655,0.544999999952567,-0.0425063774492049,-2.05738533482536,0.398020350683414,5.75250896068754,0.0037346
5.46,-0.812656126854878,0.455944740932841,0.99999999851213,-0.0813007536007543,0.836349142452983,-0.00393376297156344,-2.02014486561093e-08,-0.805949080723035,0.45980301645987,1,-0.0810529936068441,0.102760106438234,-0.461479998681401,0.545000002477723,-0.041471782024768,-2.09022565297754,0.416284278482273,5.73134637243304,0.0038324
5.48,-0.796050231690715,0.454318936764868,0.999999998117021,-0.104653343480199,0.832206146904775,-0.00380267385998458,-1.93094682998658e-08,-0.789262927577157,0.458250434256228,1,-0.104443321700361,0.102822581657265,-0.449397131948473,0.54500000411489,-0.0404502936347911,-2.12239937937669,0.434490810342094,5.70996295319203,0.0036456
5.5,-0.779567926663888,0.452322056322571,0.999999997745645,-0.127513974408645,0.828102002681437,-0.0036698531973485,-1.78281077722882e-08,-0.772698433614925,0.456321579042492,1,-0.12734109457416,0.102962032615609,-0.437513936243338,0.545000005096692,-0.0394418569629229,-2.15391131961462,0.452624845718539,5.68835131690984,0.0036332
5.52,-0.763215492563317,0.449966869164042,0.999999997407431,-0.149886582678816,0.824039493141963,-0.00353549123564567,-1.59932987742192e-08,-0.756262141360485,0.454029201225858,1,-0.149750253701008,0.103174937117966,-0.425832665385225,0.545000005545016,-0.0384463906632722,-2.18476654534616,0.470671797413711,5.6665053985784,0.0035763
5.54,-0.746998497406766,0.447265992087519,0.999999997107527,-0.171775279712126,0.820021239232136,-0.00339977541253984,-1.39970931556374e-08,-0.739959876433475,0.451385912683702,1,-0.171674916193782,0.103457870171524,-0.414354926910794,0.545000005671914,-0.037463790433361,-2.21497036508689,0.488617586050471,5.64442039509989,0.0038585
5.56,-0.730921831020706,0.444231862682681,0.999999996848004,-0.193184331462874,0.816049704358254,-0.00326289053921695,-1.19552040800384e-08,-0.723796781451032,0.44840415971557,1,-0.193119354117959,0.103807507216119,-0.403081711245476,0.545000005575956,-0.036493930089758,-2.24452829639417,0.506448633422177,5.62209271712707,0.0038975
5.58,-0.714989739438644,0.440876716064144,0.999999996628973,-0.214118138835523,0.812127199366274,-0.00312501830927032,-9.94785981589511e-09,-0.70777734980568,0.445096199155634,1,-0.214087974825098,0.104220629275639,-0.392013443066444,0.545000005330751,-0.0355366642347073,-2.27344603942841,0.524151854848692,5.59951993047884,0.0039193
5.6,-0.699205858926419,0.437212564605926,0.999999996449207,-0.234581219098284,0.80825588769855,-0.00298633712756617,-8.02878936667625e-09,-0.691905459126978,0.441474077464873,1,-0.234585302298818,0.104694126366378,-0.381150024447312,0.545000004990784,-0.0345918300321883,-2.30172945188337,0.541714650662384,5.57670069898446,0.0038675
5.62,-0.683573249468401,0.43325118048659,0.999999996306598,-0.254578188291725,0.804437790661104,-0.0028470219662901,-6.23210720362966e-09,-0.676184404259707,0.437549612620101,1,-0.254615959499557,0.105225000036331,-0.37049087623712,0.545000004595938,-0.0336592489365357,-2.32938452526725,0.559124896940354,5.55363472674153,0.003752
5.64,-0.668094427572092,0.429004080857891,0.999999996198501,-0.274113744611746,0.800674792766238,-0.00270724424509372,-4.57756939908898e-09,-0.660616929614761,0.433334378616894,1,-0.274184651689885,0.105810365117243,-0.360034977613414,0.545000004175017,-0.0327387283073743,-2.35641736251,0.576370935591552,5.53032270012895,0.0036328
5.66,-0.652771398270555,0.424482515451801,0.99999999612198,-0.293192652744796,0.796968647118596,-0.00256717173150516,-3.07456321735341e-09,-0.645205260770566,0.428839692405271,1,-0.293296150718335,0.106447450767522,-0.349780903765919,0.545000003748448,-0.0318300629050406,-2.38283415686714,0.593441563900026,5.50676622988166,0.0036973
5.68,-0.637605686222282,0.419697456444477,0.999999996073983,-0.311819729130368,0.793320980815979,-0.00242696845829217,-1.72512176987993e-09,-0.629951135222865,0.424076603080226,1,-0.31195528023648,0.107133600868329,-0.339726861609221,0.545000003328349,-0.0309330362675841,-2.40864117208595,0.610326023618185,5.48296779354444,0.003642
5.7,-0.622598365826568,0.414659590400534,0.999999996051463,-0.329999828123196,0.789733300338744,-0.00228679465193788,-5.26916110743536e-10,-0.614855832199055,0.419055883153811,1,-0.330166901821336,0.107866273901607,-0.329870723888016,0.545000002926725,-0.0300474219926325,-2.43384472379621,0.627013989696805,5.45893067834675,0.0037844
5.72,-0.607750090289321,0.409379312126865,0.999999996051461,-0.347737829025643,0.786206996906895,-0.00214680668228641,5.26705044023812e-10,-0.599920201469931,0.413788021741,1,-0.347935901973065,0.108643042255972,-0.320210060911006,0.54500000254937,-0.0291729848889261,-2.45845116208469,0.643495558731559,5.43465892512972,0.0037271
5.74,-0.593061119589372,0.403866720271909,0.999999996071173,-0.365038623958858,0.782743351781841,-0.0020071570117608,1.44447810157538e-09,-0.585144691106803,0.408283219498008,1,-0.365267179956242,0.109461591128756,-0.310742170638217,0.545000002196357,-0.0283094820517079,-2.48246685521054,0.659761237199138,5.41015727314722,0.0036818
5.76,-0.578531347309009,0.398131614513718,0.999999996107969,-0.381907106539894,0.77934354149652,-0.00186799415264427,2.23516650521552e-09,-0.570529374145522,0.402551385158707,1,-0.382165636451761,0.110319717098757,-0.301464107206882,0.545000001873719,-0.0274566638542712,-2.50589817441661,0.675801929549639,5.38543110584507,0.0037352
5.78,-0.564160326304613,0.392183494187636,0.999999996159418,-0.398348161331718,0.776008643000817,-0.0017294626428717,2.90970536553905e-09,-0.556073974131031,0.396602133522275,1,-0.398636162985543,0.111215326267023,-0.292372707035373,0.545000001581331,-0.0266142748206667,-2.52875147979088,0.69160892621574,5.3604863982982,0.0041001
5.8,-0.549947293204029,0.386031558212596,0.999999996223304,-0.414366654031919,0.772739638705085,-0.00159170301371576,3.47898438945993e-09,-0.541777889526817,0.390444784753,1,-0.414683632099701,0.112146432189267,-0.283464613596065,0.545000001318221,-0.0257820544511527,-2.55103310713136,0.707173891593416,5.33532966582114,0.004195
5.82,-0.535891191726711,0.379684706183256,0.99999999629763,-0.429967422365663,0.769537421413502,-0.00145485176673798,3.95354387450186e-09,-0.527640216983046,0.384088364861066,1,-0.430312888231589,0.113111153552954,-0.274736300364105,0.545000001084159,-0.0249597379593474,-2.5727493557672,0.722488852043457,5.30996791416984,0.0041106
5.84,-0.521990694830958,0.373151540503343,0.999999996380604,-0.445155267648873,0.76640279913732,-0.00131904135413721,4.34384112679697e-09,-0.513659773465418,0.377541607241222,1,-0.445528739266137,0.114107711657691,-0.26618409211402,0.545000000876612,-0.0241470569415573,-2.59390647728926,0.737546183957888,5.28440859135643,0.0042192
5.86,-0.508244225699625,0.366440369443794,0.999999996470636,-0.459934946987528,0.763336499780432,-0.0011844001616975,4.65942147087605e-09,-0.499835117253877,0.370812955154184,1,-0.460335948727176,0.115134427735766,-0.257804184634455,0.545000000692411,-0.0233437399821201,-2.61451066514317,0.7523386019306,5.25865954114109,0.0039232
5.88,-0.494649977581779,0.359559211017383,0.999999996566317,-0.47431116607946,0.760339175691195,-0.00105105249387179,4.90868931279907e-09,-0.486164567826447,0.363910565043532,1,-0.474739228573839,0.116189720145674,-0.249592662927838,0.545000000529754,-0.0225495131990669,-2.63456804503895,0.766859147066984,5.23272895825669,0.0037405
5.9,-0.48120593251289,0.352515797569419,0.999999996666398,-0.48828857258561,0.757411408075823,-0.000919118560612473,5.09940061732536e-09,-0.472646224648589,0.356842310588571,1,-0.488743232568754,0.117272101459457,-0.241545517926505,0.545000000384409,-0.0217641007329827,-2.65408466613176,0.78110117546319,5.20662534543143,0.0036853
5.92,-0.467909878940396,0.345317580991782,0.99999999676977,-0.501871750038385,0.754553711269561,-0.000788714464098918,5.23778787453452e-09,-0.459277984892818,0.349615787401134,1,-0.502352550185452,0.118380175507837,-0.233658661961421,0.545000000256239,-0.020987225190772,-2.67306649292947,0.795058346881776,5.18035747212209,0.0036513
5.94,-0.45475942828502,0.337971738474925,0.999999996875448,-0.51506521225569,0.751766536864437,-0.000659952190456962,5.33003383651462e-09,-0.446057560116882,0.342238318281542,1,-0.515571701023277,0.119512634344286,-0.22592794277556,0.545000000144852,-0.0202186080329165,-2.69151939788384,0.808724613646958,5.15393433516768,0.003746
5.96,-0.441752030470969,0.330485178719571,0.99999999698257,-0.527873398230055,0.749050277690904,-0.000532939599999678,5.38218060341919e-09,-0.432982491931628,0.334716958955872,1,-0.528405129699002,0.120668255190203,-0.218349156348748,0.54500000004853,-0.0194579699223901,-2.70944915462344,0.822094209779376,5.12736512123937,0.0037012
5.98,-0.428884988460363,0.322864548536642,0.999999997090388,-0.540300667463172,0.746405271653166,-0.000407780417911413,5.39965135715178e-09,-0.420050166691992,0.327058504223332,1,-0.540857201185373,0.121845897378296,-0.210918058589035,0.544999999965676,-0.0187050310339584,-2.72686143178778,0.835161640387319,5.10065917108955,0.0036453
6,-0.416155471828857,0.31511623977035,0.999999997198258,-0.55235129571737,0.7438318054187,-0.000284574226627252,5.38729477028696e-09,-0.407257829246196,0.319269494448836,1,-0.552932196567862,0.123044499298609,-0.203630375911848,0.544999999894824,-0.0179595113249236,-2.74376178742339,0.847921671328627,5.07382594562707,0.0036251
6.02,-0.403560529420567,0.307246396485428,0.999999997305625,-0.564029471156564,0.741330117962733,-0.000163416459248707,5.34943122687522e-09,-0.394602595779507,0.31135622234183,1,-0.564634309192,0.12426307536456,-0.196481814790031,0.544999999834633,-0.0172211307721538,-2.76015566390453,0.860369319154971,5.04687499378714,0.0042698
6.04,-0.391097101121162,0.299260922365249,0.999999997412018,-0.575339290850354,0.738900403969108,-4.43983940953855e-05,5.28989914982944e-09,-0.382081465789694,0.303324739968052,1,-0.575967641174795,0.125500713010609,-0.189468070339349,0.544999999783888,-0.0164896095779204,-2.77604838334226,0.872499841348024,5.0198159221791,0.0036619
6.06,-0.378762028788322,0.291165488272887,0.999999997517038,-0.586284757616048,0.736542817089465,7.23928494812507e-05,5.21209894799298e-09,-0.369691333231761,0.295180865946156,1,-0.586936200254892,0.12675656973403,-0.182584834016181,0.544999999748992,-0.0157646683475208,-2.79144514344741,0.884308726854958,4.99265836646881,0.0036241
6.08,-0.366552066378804,0.282965539932236,0.999999997620377,-0.596869777174539,0.734257473063191,0.000186874313275985,5.12173624400688e-09,-0.357428996869665,0.286930192786107,1,-0.597543896957258,0.128029870180019,-0.175827800430763,0.544999999729245,-0.0150460282391816,-2.80635101381466,0.895791686928916,4.9654119645058,0.0036601
6.1,-0.35446388931115,0.274666305690952,0.999999997721837,-0.607098155597092,0.732044452700553,0.000298967201987736,5.02426459547664e-09,-0.345291169872564,0.278578094330815,1,-0.607794542049326,0.129319903283085,-0.169192673389786,0.544999999708595,-0.0143334110909712,-2.82077093259623,0.906944646278496,4.93808633112571,0.0038622
6.12,-0.342494103102568,0.266272804331364,0.999999997821273,-0.61697359702119,0.729903804731952,0.000408596883749128,4.91935875146496e-09,-0.333274488692764,0.270129733266781,1,-0.617691844266676,0.130626019484457,-0.162675171274334,0.54499999968848,-0.0136265395276897,-2.83470970353542,0.917763734528811,4.91069103454313,0.0041046
6.14,-0.330639251317918,0.257789852899477,0.999999997918539,-0.626499701614759,0.72783554852704,0.000515692886523038,4.80721169537888e-09,-0.321375521261975,0.261590068673497,1,-0.627239408287431,0.131947628001911,-0.156271031659409,0.544999999669862,-0.0129251370440834,-2.8481719933318,0.928245277995441,4.8832355743969,0.0039086
6.16,-0.318895822867904,0.249222074525927,0.999999998013494,-0.635679963769156,0.725839676686515,0.000620188893547166,4.68836187650354e-09,-0.309590774541727,0.252963863584995,1,-0.636440732935641,0.133284194173551,-0.14997601533128,0.544999999653333,-0.012228928071836,-2.86116232931116,0.938385791771464,4.85572936133367,0.0038549
6.18,-0.30726025869261,0.240573906216178,0.999999998106014,-0.644517770502319,0.723916157510221,0.000722022736484399,4.56356183065041e-09,-0.297916701462964,0.244255692540347,1,-0.645299209595013,0.134635236873621,-0.143785909722064,0.544999999639234,-0.0115376380296476,-2.87368509737502,0.948181972126787,4.82818169809946,0.0037884
6.2,-0.295728957865529,0.23184960659042,0.999999998195986,-0.653016400054523,0.722064937345147,0.000821136386119321,4.43368612934579e-09,-0.28634970728884,0.235469949103003,1,-0.65381812081536,0.136000326001883,-0.137696531805527,0.544999999627709,-0.0108509933581717,-2.88574454020578,0.957630689218131,4.80060176209207,0.0038507
6.22,-0.284298283152068,0.223053263556476,0.99999999828332,-0.661179020660244,0.720285942816948,0.000917475940444065,4.29966146242565e-09,-0.274886155433721,0.226610853331752,1,-0.66200063909516,0.137379080047311,-0.131703730495381,0.544999999618775,-0.0101687215412513,-2.89734475570494,0.966728980107327,4.77299858932608,0.0037
6.24,-0.272964566055364,0.214188801901712,0.999999998367941,-0.669008689480512,0.718579082948631,0.00101099160998974,4.16242059486637e-09,-0.263522372770269,0.21768245918867,1,-0.669849825824599,0.13877116372627,-0.12580338858495,0.544999999612354,-0.00949055111477885,-2.90848969564339,0.975474042084952,4.74538105976006,0.0035922
6.26,-0.261724111381036,0.205259990792323,0.999999998449793,-0.676508351681146,0.716944251170074,0.0011016377002733,4.02286797651629e-09,-0.252254654455361,0.208688661871819,1,-0.677368630374388,0.140176285694728,-0.119991424264543,0.544999999608306,-0.00881621166439266,-2.91918316450374,0.983863226295823,4.71775788393718,0.0035571
6.28,-0.250573201351236,0.196270451170574,0.99999999852884,-0.683680839643094,0.715381327221982,0.00118937259124582,3.88185821265086e-09,-0.241079268304403,0.199633205062669,1,-0.684559889316572,0.14159419633357,-0.114263792250589,0.544999999606457,-0.00814543381313891,-2.92942881849616,0.991894031662443,4.69013759088752,0.003595
6.3,-0.239508099297156,0.187223663042576,0.999999998605061,-0.690528872292024,0.713890178957868,0.00127415871364525,3.74018281235056e-09,-0.229992458742436,0.19051968808015,1,-0.691426325764382,0.143024685605695,-0.108616484558295,0.544999999606608,-0.00747794920014978,-2.93923016473028,0.999564099102182,4.66252851724338,0.0038281
6.32,-0.228525052957871,0.178122972650973,0.999999998678448,-0.697055054535076,0.712470664047563,0.00135596252217461,3.59856162646101e-09,-0.218990450359224,0.181351572935079,1,-0.697970548819056,0.144467580977412,-0.103045530939378,0.54499999959641,-0.00681349045105027,-2.94859056052675,1.00687120603367,4.63493879752495,0.0036385
6.34,-0.217620297412176,0.168971599528574,0.999999998748967,-0.703261876793514,0.711122631585448,0.00143475446577767,3.45326931494573e-09,-0.208069451094377,0.172132191280314,1,-0.704195053112301,0.145922745417871,-0.0975469990374334,0.544999999568498,-0.00615179114203002,-2.95751321285339,1.01381326116775,4.6073763555202,0.003505
6.36,-0.206790057668895,0.159772643430405,0.999999998816478,-0.709151714620762,0.709845923607153,0.00151050895426416,3.29792865016989e-09,-0.197225655077368,0.162864751253479,1,-0.710102218433857,0.147390075469007,-0.0921169942686511,0.54499999948818,-0.00549258575732666,-2.96600117787168,1.02038829957809,4.5798488967496,0.0035157
6.38,-0.19603055093992,0.150529091143009,0.999999998880595,-0.714726828396041,0.708640376518136,0.00158320432131679,3.11367330141357e-09,-0.186455245146211,0.153552344210406,1,-0.715694309434346,0.148869499360528,-0.0867516594378523,0.544999999373796,-0.00483560964059221,-2.97405736058046,1.02659447804672,4.55236390190386,0.0035312
6.4,-0.18533798861912,0.141243823170997,0.999999998940614,-0.719989363084477,0.707505822436535,0.00165282278449123,2.88823979843747e-09,-0.175754395067451,0.144197951348656,1,-0.720973475394254,0.150360975208237,-0.0814471741492384,0.544999999313515,-0.00418059894284096,-2.98168451454454,1.03243007067942,4.52492862125551,0.0036367
6.42,-0.174708577989156,0.131919620301929,0.999999998995907,-0.72494134805524,0.706442090454198,0.00171935040128201,2.64110507686147e-09,-0.165119271479071,0.13480445022156,1,-0.725941750050588,0.151864489229174,-0.0761997539568029,0.544999999291808,-0.00352729056430834,-2.98888524169702,1.03789346478609,4.49755007009593,0.0034905
6.44,-0.164138523677169,0.122559170051582,0.99999999904618,-0.729584696949845,0.705449007817133,0.00178277702349574,2.38615598391327e-09,-0.154546035576895,0.125374621144152,1,-0.730601051473343,0.153380054050577,-0.0710056493851275,0.544999999296989,-0.00287542209584065,-2.99566199220473,1.04298315702146,4.47023502492259,0.0034892
6.46,-0.153624028879289,0.113165072992483,0.999999999091372,-0.733921207593389,0.704526401029672,0.00184309624750932,2.13307192353789e-09,-0.144030844564114,0.115911153493262,1,-0.734953181984524,0.154907707056774,-0.0658611447583949,0.544999999320327,-0.00222473175598112,-3.00201706438725,1.04769774978108,4.44299002049732,0.0034782
6.48,-0.143161296372983,0.10373984896936,0.999999999131587,-0.737952561942064,0.703674096884411,0.00190030536137974,1.88838960468723e-09,-0.133569852882619,0.10641665190477,1,-0.738999828113044,0.15644750878386,-0.0607625568748948,0.54499999935535,-0.00157495832634145,-3.0079526046806,1.05203594784834,4.41582134769033,0.003683
6.5,-0.132746529335318,0.0942859432058122,0.999999999167034,-0.74168032606079,0.702891923420375,0.00195440528887642,1.65631544035699e-09,-0.123159213243974,0.0968936423717437,1,-0.742742560579335,0.157999541356762,-0.0557062335405242,0.544999999393266,-0.000925841085579849,-3.01347060763746,1.05599655528781,4.38873505207062,0.0036223
6.52,-0.122375931984371,0.0848057323071147,0.999999999197976,-0.745105950125361,0.702179710811603,0.00200540053059058,1.43789112172493e-09,-0.112795077477015,0.0873445782477428,1,-0.74618283430405,0.15956390697178,-0.0506885519806763,0.544999999429274,-0.000277119742700302,-3.01857291595657,1.05957847258079,4.36173693319249,0.0035549
6.54,-0.112045710060233,0.0753015301645824,0.999999999224679,-0.748230768443946,0.701537292188495,0.00205329910206208,1.23242969607413e-09,-0.102473597208327,0.0777718461601394,1,-0.749321988435694,0.161140726418321,-0.0457059171397969,0.544999999469427,0.000371465629969209,-3.02326122053447,1.062780693999,4.33483254454228,0.0034125
6.56,-0.101752071161285,0.0657755937673755,0.999999999247418,-0.751055999493294,0.700964504393981,0.00209811246903048,1.04142340973108e-09,-0.0921909243911074,0.0681777718387682,1,-0.752161246392537,0.162730137621589,-0.040754759871081,0.54499999951123,0.00102017466365298,-3.02753706053357,1.06560230521254,4.30802719412633,0.0034885
6.58,-0.0914912249507475,0.0562301289280319,0.999999999266486,-0.753582745965403,0.700461188675852,0.00213985548032091,8.6546606326006e-10,-0.0819432116972783,0.058564625865626,1,-0.754701715914541,0.16433229422745,-0.0358315350460133,0.544999999552933,0.00166926675877971,-3.03140182346104,1.06804248112859,4.28132594563047,0.0037308
6.6,-0.081259383247889,0.046667295928358,0.999999999282186,-0.75581199482087,0.700027191317405,0.0021785462981084,7.0452205847001e-10,-0.071726612787113,0.0489346293517113,1,-0.756944389121544,0.165947364210267,-0.0309327195817924,0.544999999593352,0.00231900114939191,-3.03485674525355,1.07010048395754,4.25473362013528,0.0037635
6.62,-0.071052760017676,0.0370892150926036,0.999999999294813,-0.757744617345524,0.69966236420783,0.00221420632583506,5.5812872545854e-10,-0.0615372824700732,0.0392899595474023,1,-0.758890142574269,0.167575528503525,-0.0260548103992475,0.544999999631712,0.00296963696552522,-3.03790291036368,1.07177566150343,4.22825479834919,0.003814
6.64,-0.060867571272155,0.0274979722950992,0.999999999304649,-0.759381369207364,0.6993665653537,0.00224686013393665,4.25544932625113e-10,-0.0513713767700756,0.0296327553930489,1,-0.760539737335204,0.169216979649502,-0.021194322320323,0.544999999667551,0.00362143329301909,-3.04054125184398,1.07306744567601,4.201893823325,0.0036967
6.66,-0.0507000348963835,0.0178956244097541,0.999999999311963,-0.760722890511196,0.699139659332804,0.00227653538354384,3.05863352423302e-10,-0.0412250529079593,0.0199651230166795,1,-0.761893819026709,0.170871920464182,-0.0163477859136979,0.544999999700626,0.00427464923018951,-3.04277255142565,1.07397535122192,4.17565480363056,0.0037611
6.68,-0.0405463704113301,0.00828420470898633,0.999999999317003,-0.761769705848704,0.698981517691416,0.00230326274832932,1.98088656588853e-10,-0.0310944692135429,0.0102891411859265,1,-0.762952917884126,0.172540562713623,-0.0115117452966368,0.544999999730849,0.00492954394077729,-3.0445974395889,1.07449897467282,4.1495416169416,0.0037757
6.7,-0.0304027986858116,-0.00133427178019596,0.999999999319996,-0.762522224342108,0.698892019285898,0.00232707583467876,1.01194324031415e-10,-0.0209757849793286,0.000606866721431155,1,-0.763717448802,0.174223125797914,-0.00668275590080854,0.544999999758246,0.00558637670256562,-3.04601639562276,1.07463799350857,4.12355791403023,0.003637
6.72,-0.0202655416092479,-0.0109578029551284,0.999999999321149,-0.762980739679852,0.698871050569441,0.00234801110036768,1.4162893080516e-11,-0.0108651602676355,-0.00907966012087385,1,-0.764187711371881,0.175919835438703,-0.00185738220945119,0.544999999782555,0.00624540695104474,-3.04702974767258,1.07439216553391,4.09770712312015,0.0035969
6.74,-0.0101308217367788,-0.0205843943435212,0.99999999932065,-0.763145430143136,0.698918505824522,0.00236610777193266,-6.41174935367622e-11,-0.000758755682725454,-0.0187684102911053,1,-0.764363889910498,0.177630922366889,0.00296780452671457,0.544999999804309,0.00690689431747963,-3.0476376727738,1.07376132846751,4.07199245458407,0.0037859
6.76,5.13808189442331e-06,-0.030212053828609,0.999999999318663,-0.763016358622448,0.699034287341585,0.00238140776091937,-1.34566171539082e-10,0.00934726788068721,-0.0284573606028158,1,-0.764246053477475,0.179356621005568,0.00779622858821628,0.54499999982379,0.00757109866069645,-3.04784019687122,1.07274539974222,4.04641690595929,0.003665
6.78,0.0101461150787007,-0.0398387863854093,0.999999999315338,-0.762593472623566,0.699218305544216,0.00239395557920959,-1.98001828266587e-10,0.0194567495012591,-0.0381444883987964,1,-0.763834155882029,0.181097168144995,0.0126313120929203,0.54499999984115,0.00823828009189221,-3.04763719482326,1.07134437651624,4.02098326725786,0.0036316
6.8,0.0202958869372535,-0.0494625888200693,0.999999999310806,-0.761876604262841,0.699470479060968,0.00240379825361596,-2.55187835307441e-10,0.0295735284959535,-0.0478277662176396,1,-0.763128035678487,0.182852801605229,0.0174764773027176,0.544999999856553,0.00890869899172127,-3.04702839039122,1.06955833589456,3.99569412655065,0.0036045
6.82,0.030458232145611,-0.0590814445042992,0.999999999305185,-0.760865470251898,0.699790734743854,0.00241098523993937,-3.06828589202739e-10,0.0397014446748716,-0.0575051564534051,1,-0.762127416150724,0.184623758882305,0.022335148923901,0.544999999870176,0.00958261601888515,-3.04601335621411,1.06738743536108,3.97055187580471,0.0036894
6.84,0.0406369303205419,-0.0686933180969287,0.999999999298582,-0.759559671872223,0.700179007633321,0.00241556833668477,-3.53565283717231e-10,0.049844338574715,-0.0671746060007508,1,-0.760831905286007,0.186410275773762,0.0272107563941935,0.544999999882185,0.0102602921093995,-3.04459151376988,1.06483191342146,3.94555871695546,0.0038408
6.86,0.0508357624920027,-0.0782961502446888,0.999999999291086,-0.757958694940439,0.7006352408694,0.00241760159863057,-3.95978609901717e-10,0.0600060516595108,-0.0768340408779403,1,-0.759240995739017,0.188212584979307,0.0321067361492365,0.544999999892743,0.0109419884656825,-3.04276213332439,1.06189209045751,3.92071666819678,0.003797
6.88,0.0610585113363796,-0.0878878522544118,0.99999999928278,-0.7560619097654,0.701159385548546,0.00241714125044585,-4.34591207465486e-10,0.0701904264770771,-0.0864813608202089,1,-0.757354064787188,0.190030914672271,0.0370265338611,0.544999999902005,0.0116279665345417,-3.04052433387007,1.05856836979421,3.89602757047205,0.0035714
6.9,0.0713089613468418,-0.09746630072896,0.999999999273736,-0.753868571098587,0.701751400525544,0.00241424560054803,-4.69869334551743e-10,0.0804013067594938,-0.0961144338360686,1,-0.755170374278827,0.191865487037508,0.0419736066410801,0.544999999910117,0.0123184879730975,-3.03787708305641,1.05486123898036,3.87149309415226,0.0036489
6.92,0.0815908989288902,-0.107029332159337,0.999999999264015,-0.751377818079629,0.702411252159662,0.00240897495539182,-5.02227379683984e-10,0.0906425374555787,-0.105731090719261,1,-0.752689070575825,0.193716516771286,0.0469514251986637,0.544999999917209,0.0130138146016185,-3.0348191971151,1.05077127128478,3.84711474588675,0.0036243
6.94,0.0919081124088709,-0.116574737465614,0.999999999253672,-0.748588674179134,0.703138914004112,0.00240139153437803,-5.3203208949527e-10,0.100917964683053,-0.115329119509222,1,-0.749909184493141,0.195584209538635,0.0519634759480927,0.544999999923405,0.0137142083421837,-3.03134934078309,1.0462991274098,3.82289387561574,0.0036063
6.96,0.102264391942846,-0.126100256479503,0.999999999242756,-0.745500047141392,0.703934366437689,0.00239155938556747,-5.59606228023323e-10,0.111231435587701,-0.124906259893111,1,-0.746829631237581,0.197468760383621,0.0570132630534324,0.544999999928817,0.0144199311420247,-3.02746602722716,1.04144555742419,3.79883168373075,0.003556
6.98,0.112663529312791,-0.135603572361668,0.999999999231308,-0.742110728929863,0.704797596237292,0.00237954430238235,-5.85231987315647e-10,0.121586798096406,-0.134460197542688,1,-0.743449210348807,0.199370352087827,0.0621043104024512,0.544999999933544,0.0151312448803279,-3.02316761797447,1.03621140291818,3.77492922837621,0.0035535
7,0.123109317596596,-0.145082305947128,0.999999999219364,-0.738419395678801,0.705728596089896,0.00236541374147307,-6.09155996755826e-10,0.131987900550453,-0.143988558379571,1,-0.739766605645869,0.201289153474939,0.0672401634988963,0.544999999940337,0.0158484112572961,-3.01845232285367,1.03059759938308,3.75118743287713,0.0036445
7.02,0.133605550697822,-0.154534010012442,0.999999999206966,-0.734424607654736,0.706727364042446,0.00234923674192143,-6.3063474442516e-10,0.142438591204963,-0.153488902762735,1,-0.735780385182991,0.203225317646644,0.0724243912623534,0.54499999994862,0.0165716916637316,-3.01331819995195,1.02460517881876,3.72760709329992,0.0035547
7.04,0.14415602272055,-0.163956163458733,0.999999999194168,-0.730124809231986,0.707793902887595,0.00233108384596309,-6.4913145081392e-10,0.15294271757971,-0.162958719592435,1,-0.731489001218742,0.205178980156687,0.077660587723038,0.544999999954965,0.0173013470302425,-3.00776315559398,1.01823527257198,3.7041888861224,0.0036408
7.06,0.154764527174027,-0.173346165405026,0.999999999181023,-0.72551832888681,0.708928219483512,0.00231102702137898,-6.65344153105715e-10,0.163504125645951,-0.172395420325167,1,-0.726890790203187,0.207150257120207,0.0829523735991636,0.544999999959828,0.0180376376544646,-3.00178494434925,1.01148911440924,3.68093337600561,0.0035099
7.08,0.16543485599109,-0.182701329186868,0.999999999167572,-0.720603379215271,0.710130324005888,0.00228913958571551,-6.79806184678008e-10,0.174126658833165,-0.181796332894728,1,-0.721983972788061,0.209139243238796,0.088303397743026,0.544999999963565,0.0187808230040743,-2.99538116907477,1.00436804382781,3.65784102368104,0.0035072
7.1,0.176170798343607,-0.192018876255719,0.999999999153845,-0.715378056980379,0.711400229129521,0.00226549613249398,-6.92922981215823e-10,0.184814156838863,-0.191158695534952,1,-0.716766653865502,0.21114600974738,0.0937173384405256,0.544999999966381,0.0195311614945662,-2.98854928100117,0.996873509608711,3.63491219393324,0.0038312
7.12,0.186976139237357,-0.201295929975224,0.999999999139865,-0.709840343194585,0.712737949137141,0.00224017245955568,-7.05025833269708e-10,0.195570454223821,-0.200479650500303,1,-0.7112368226414,0.213170602275291,0.0991979045479993,0.544999999968436,0.0202889102397372,-2.98128657987046,0.989007073615791,3.61214716367924,0.0039706
7.14,0.197854657867883,-0.210529509311174,0.999999999125651,-0.703988103244241,0.714143498952853,0.0022132454996825,-7.1638886822712e-10,0.206399378774201,-0.209756237681158,1,-0.705392352749918,0.21521303861658,0.104748836448864,0.544999999970111,0.0210543247730051,-2.97359021413473,0.980770414845112,3.58954613014029,0.0037013
7.16,0.208810125717972,-0.219716522412703,0.999999999111216,-0.697819087063201,0.715616893097429,0.0021847932536271,-7.27148936618966e-10,0.217304749611149,-0.218985388111381,1,-0.699231002416355,0.217273306404332,0.110373906811197,0.544999999971514,0.0218276587375731,-2.9654571812257,0.972165333728854,3.56710921910408,0.0035473
7.18,0.219846304376419,-0.228853760083164,0.99999999909657,-0.691330929363334,0.717158144562489,0.00215489472568038,-7.3740377359855e-10,0.228290375027474,-0.228163917366607,1,-0.692750414676057,0.219351360684506,0.116076921125825,0.544999999972735,0.0226091635433775,-2.95688432790591,0.963193756698201,3.54483649327455,0.0035602
7.2,0.230966943056742,-0.237937889140063,0.999999999081724,-0.684521149930328,0.718767263600496,0.00212362986189479,-7.47219210950339e-10,0.239360050029998,-0.237288518852607,1,-0.685948117657746,0.221447121384221,0.121861718002941,0.544999999973841,0.0233990879886177,-2.94786835071306,0.953857741009601,3.52272796070701,0.0039568
7.22,0.242175775793459,-0.246965445664516,0.999999999066685,-0.677387153993842,0.720444256427297,0.00209107949107454,-7.5663656673442e-10,0.25051755356516,-0.246355756984171,1,-0.678821524940254,0.223560470669845,0.127732169203571,0.544999999974886,0.0241976778435935,-2.93840579650998,0.944159479838849,3.50078358332815,0.0038456
7.24,0.253476518292426,-0.255932828141886,0.999999999051462,-0.669926232681718,0.722189123833828,0.00205732526863481,-7.65677619085642e-10,0.261766645404314,-0.255362060256076,1,-0.671367935992362,0.225691250190328,0.133692179380381,0.544999999975915,0.0250051753944661,-2.92849306315361,0.934101307647363,3.47900328553646,0.0036578
7.26,0.264872864410657,-0.264836290496575,0.999999999036062,-0.662135563568702,0.724001859703436,0.00202244962342289,-7.74348336562986e-10,0.273111062664081,-0.264303714209057,1,-0.66358453670612,0.227839258201411,0.13974568550042,0.544999999976963,0.0258218189444634,-2.91812640029723,0.92368570582498,3.45738696288354,0.0035744
7.28,0.276368482239837,-0.273671935025427,0.999999999020492,-0.654012211330881,0.725882449431162,0.00198653570758401,-7.82641578211957e-10,0.284554515935957,-0.273176854295091,1,-0.65546840003484,0.230004246566612,0.145896655920371,0.544999999978059,0.0266478422699623,-2.90730191034143,0.912915308613392,3.43593449083167,0.0041813
7.3,0.287967009766625,-0.282435705235795,0.99999999900476,-0.645553128517801,0.727830868241211,0.00194966734954356,-7.90540468642581e-10,0.296100684998192,-0.281977458647956,1,-0.647016486747656,0.232185917646301,0.152149089083037,0.544999999990958,0.027483474029624,-2.89601554955002,0.901792909314185,3.41464573357045,0.0042531
7.32,0.299672050081615,-0.29112337859616,0.999999998988917,-0.636755156455079,0.729847079399297,0.00191192901016166,-7.93795535969372e-10,0.307753214081802,-0.290701340766732,1,-0.638225646313452,0.23438392100602,0.15850701179961,0.545000000007424,0.0283289371196738,-2.88426312934852,0.890321466785127,3.393520552955,0.0041808
7.34,0.311487166107679,-0.299730559209103,0.999999998973068,-0.627615026291194,0.731931032313917,0.00187340574207864,-7.91122936050221e-10,0.319515706661368,-0.299344142121916,1,-0.62909261792775,0.23659785004374,0.164974477085238,0.545000000019837,0.0291844479803612,-2.87204031782379,0.878504112228023,3.37255881745464,0.0039629
7.36,0.323415874817195,-0.308252670418647,0.999999998957317,-0.618129360203041,0.734082660524577,0.00183418315238356,-7.83981484175917e-10,0.331391719740118,-0.307901324695904,1,-0.619614031697094,0.238827238454518,0.171555561512733,0.54499999999226,0.0300502158430319,-2.85934264144461,0.866344156271009,3.35176041118457,0.0036957
7.38,0.335461640906557,-0.316684947366333,0.999999998941609,-0.608294672775701,0.736301879571822,0.00179434736883805,-7.86767984095611e-10,0.34338475759763,-0.316368163471998,1,-0.609786409996364,0.241071556520166,0.178254362049247,0.544999999803537,0.0309264419160577,-2.84616548702437,0.853845096347627,3.33112524301485,0.0039666
7.4,0.347627869895231,-0.325022429512988,0.999999998925166,-0.598107372573003,0.738588584743476,0.0017539850102036,-8.57494590889023e-10,0.355498264967368,-0.324739738888608,1,-0.599606169015437,0.243330207533362,0.185074992226612,0.544999999670701,0.0318133185296944,-2.83250410394816,0.841010624374409,3.3106532555229,0.003718
7.42,0.359917900615607,-0.333259953146074,0.999999998906831,-0.587563763915964,0.740942648703863,0.00171318315641544,-9.76042109357425e-10,0.367735619610232,-0.333010929278185,1,-0.589069620512615,0.245602523599258,0.192021577848832,0.544999999579674,0.0327110281701618,-2.81835360668793,0.82784463472794,3.29034443433648,0.0036031
7.44,0.372334997058899,-0.341392143895496,0.999999998885797,-0.576660048887863,0.743363918982592,0.00167202932526027,-1.12735946800058e-09,0.380100124249289,-0.341176403313433,1,-0.578172973793254,0.247887761645096,0.199098251929891,0.544999999519693,0.0336197424890424,-2.8037089776309,0.814351232521551,3.27019881722605,0.003574
7.46,0.38488233954141,-0.349413409284126,0.999999998861521,-0.565392329585717,0.745852215332823,0.00163061145136639,-1.3002701493292e-09,0.392594997829989,-0.349230612486724,1,-0.566912337933113,0.250185099203849,0.206309148938744,0.544999999482573,0.0345396212232164,-2.78856507024749,0.800534742180775,3.25021650326368,0.0035189
7.48,0.39756301515483,-0.357317931342945,0.999999998833653,-0.55375661063848,0.748407326951518,0.00158901786824921,-1.486543936835e-09,0.405223366069399,-0.357167783652198,1,-0.555283724267015,0.252493630064364,0.213658398272398,0.544999999462119,0.0354708110426301,-2.77291661262694,0.786399716315587,3.23039766195806,0.0037757
7.5,0.410380007463575,-0.365099659324719,0.999999998801986,-0.54174880201378,0.751029009557968,0.00154733729335821,-1.68018122082002e-09,0.417988251257381,-0.364981911664004,1,-0.543283049164527,0.254812359792498,0.221150116900515,0.544999999453677,0.0364134443214572,-2.7567582114097,0.771950944886205,3.21074254234027,0.0035001
7.52,0.423336185411844,-0.372752302554275,0.999999998766415,-0.529364722136051,0.753716982327091,0.00150565881600543,-1.87685749608589e-09,0.430892561272221,-0.372666752148287,1,-0.530906137115508,0.257140201129322,0.228788401122467,0.544999999453775,0.0373676378296492,-2.74008435614775,0.757193464657727,3.19125148197058,0.0035007
7.54,0.436434291402816,-0.380269323458113,0.999999998726911,-0.516600101340074,0.756470924674287,0.00146407188801982,-2.07349867054061e-09,0.443939077773029,-0.380215814451127,1,-0.518148724149489,0.259475969274246,0.236577317375379,0.544999999459842,0.0383334913422658,-2.72288942412495,0.742132568937335,3.17192491583241,0.0034589
7.56,0.449676928512584,-0.387643930820919,0.999999998683497,-0.503450585685049,0.759290472888978,0.00142266631693748,-2.26795560109847e-09,0.457130443531258,-0.387622354809454,1,-0.505006461614022,0.261818377062925,0.244520892029459,0.544999999470025,0.039311086164236,-2.70516768567149,0.72677381758594,3.15276338507462,0.0034497
7.58,0.463066546801767,-0.39486907332183,0.99999999863623,-0.489911741155464,0.762175216614356,0.00138153226150187,-2.45874666404685e-09,0.470469148864113,-0.394879369797201,1,-0.491474920338268,0.264166030051985,0.252623100104954,0.544999999482989,0.0403004835684664,-2.68691331000766,0.711123047294149,3.13376754555444,0.0034191
7.6,0.476605428688541,-0.401937433408885,0.999999998585194,-0.475979058276155,0.765124695171407,0.00134076022921009,-2.6448705270354e-09,0.483957517133295,-0.401979590104501,1,-0.47754959520922,0.266517420444474,0.260887852299957,0.544999999386865,0.0413017230673247,-2.6681203716538,0.695186382110232,3.1149381768294,0.0041338
7.62,0.490295673347523,-0.408841421575998,0.999999998530089,-0.461647957171699,0.768138393682661,0.00130044105446228,-2.86559924234094e-09,0.497597689273719,-0.40891547471361,1,-0.46322591018906,0.268870925133783,0.269318982838756,0.544999999318845,0.0423148209467261,-2.64878285744477,0.678970244205283,3.09627618814566,0.0037992
7.64,0.504139180101989,-0.415573171113137,0.999999998470325,-0.446913793095262,0.771215739162059,0.00126066593834098,-3.1108150366776e-09,0.511391607318387,-0.41567920554151,1,-0.448499223803251,0.271224797643959,0.277920233170682,0.544999999272713,0.0433397680846906,-2.62889467418839,0.662481364858078,3.07778262793256,0.0035848
7.66,0.518137630778258,-0.422124533406855,0.99999999840549,-0.43177186245953,0.77435609632855,0.00122152643078646,-3.37263841743146e-09,0.525340996887798,-0.422262682625659,1,-0.433364835129923,0.273577163950943,0.286695236107684,0.544999999242985,0.0443765282145707,-2.6084496570089,0.645726795639196,3.0594586903696,0.0035361
7.68,0.532292470992934,-0.428487073875323,0.999999998335313,-0.416217409404562,0.777558763300525,0.00118311443332529,-3.64516374418138e-09,0.539447348614981,-0.428657519936312,1,-0.417817990322123,0.275926017383965,0.295647498123564,0.544999999225619,0.0454250358879964,-2.58744157841753,0.628713919770715,3.04130572200271,0.0036033
7.7,0.546604890348465,-0.434652068629201,0.999999998259621,-0.400245632931299,0.78082296713595,0.00114552220137709,-3.92394095882758e-09,0.553711898480634,-0.434855041905936,1,-0.401853889695331,0.27826921355853,0.304780380157782,0.54499999921769,0.0464851943684998,-2.56586415815325,0.611450463634309,3.02332522773704,0.0034847
7.72,0.561075801516356,-0.440610501957185,0.999999998178326,-0.383851694634469,0.784147859221077,0.00110884234597042,-4.20557238811618e-09,0.568135607037063,-0.440846280773778,1,-0.385467695413392,0.280604465382863,0.314097076861492,0.544999999217133,0.0475568734411242,-2.54371107383798,0.593944508396757,3.00551887609914,0.0034603
7.74,0.57570581819241,-0.446353064742719,0.999999998091397,-0.367030727068642,0.787532510512265,0.00107316783439545,-4.48740458125477e-09,0.582719137504552,-0.446621974851258,1,-0.368654539806667,0.282929338176441,0.323600594223119,0.544999999222534,0.0486399071377356,-2.52097597249091,0.576204501717778,2.98788850365672,0.003429
7.76,0.590495231914384,-0.451870153926252,0.99999999799885,-0.349777842781541,0.790975906636851,0.00103859198923292,-4.76729240972409e-09,0.597462832729731,-0.452172567821755,1,-0.351409534356645,0.285241244943161,0.333293725515476,0.544999999232994,0.0497340913813727,-2.49765248294741,0.558239269500679,2.97043611847191,0.0040686
7.78,0.605443987739499,-0.45715187313539,0.999999997900742,-0.332088144048971,0.794476942860624,0.00100520848520272,-5.04341439722102e-09,0.612366691002431,-0.457488209196318,1,-0.333727779381562,0.287537441846438,0.343179025513295,0.544999999247992,0.0508391815545723,-2.47373422922795,0.540058027641576,2.95316390245551,0.0037258
7.8,0.620551658787306,-0.462188034613288,0.999999997797167,-0.313956733345754,0.798034418931209,0.000973111343357532,-5.31413736126741e-09,0.627430340735478,-0.462558756054864,1,-0.315604374457626,0.289815023937464,0.353258782938687,0.544999999267298,0.0519548899979016,-2.44921484490274,0.521670393727889,2.93607421247829,0.0039459
7.82,0.635817419662774,-0.46696816258358,0.999999997688246,-0.295378724586873,0.801647033808532,0.000942394922316204,-5.57791025812538e-09,0.642653014021119,-0.467373776210373,1,-0.297034429610265,0.292070921191985,0.363534991103791,0.5449999992909,0.0530808834462908,-2.42408798849708,0.503086398631453,2.91916958008504,0.0035657
7.84,0.651240018785024,-0.471481498197908,0.999999997574135,-0.276349255172559,0.805313380295616,0.000913153906548836,-5.83318630731344e-09,0.658033519088202,-0.471922552941448,1,-0.278013077309355,0.294301985923576,0.374009249766793,0.545000015131233,0.054216796681081,-2.39834735998176,0.484316497935871,2.90245268880552,0.0043321
7.86,0.666817749686584,-0.47571700625629,0.999999997511944,-0.256863498520859,0.809031943178192,0.000885480174113372,-3.85942477976194e-10,0.673570211696065,-0.476194091446106,1,-0.258535485301567,0.296504637424878,0.384682988793445,0.54500001033292,0.0553621556436369,-2.37198671839122,0.46537158313128,2.88592645238103,0.004498
7.88,0.682548421255408,-0.479663383755248,0.999999997541424,-0.236916678409052,0.812801083289149,0.000859471245089646,3.33390858031626e-09,0.68926096551437,-0.480177127176818,1,-0.238596870311835,0.298675372815999,0.395557060360812,0.545000006767424,0.0565165086968587,-2.34499990061047,0.44626299250335,2.86959388949606,0.0044484
7.9,0.698429327033126,-0.483309070497614,0.999999997632465,-0.216504083729776,0.816619042087558,0.000835222677541331,5.77018113290237e-09,0.705103141552876,-0.483860136223319,1,-0.218192512644349,0.300810431713386,0.406631943758715,0.545000004144302,0.0576793065780897,-2.31738084137229,0.427002521641071,2.85345819388542,0.0045338
7.92,0.71445721370704,-0.486642262007414,0.999999997762788,-0.195621083473952,0.820483932789047,0.000812829993998877,7.26212991963831e-09,0.721093556721558,-0.487231347915495,1,-0.197317771711443,0.302905876261786,0.417907647633166,0.545000002238589,0.0588499472084523,-2.2891235944985,0.40760243347373,2.8375227055685,0.0039663
7.94,0.730628248820063,-0.489650924825989,0.999999997916089,-0.174263143450369,0.824393734794556,0.000792388771137949,8.06802194830406e-09,0.737228451619443,-0.490278759823399,1,-0.175968102516228,0.304957590692672,0.429383669545389,0.545000000876392,0.0600277678811668,-2.26022235541748,0.38807546774449,2.82179089845247,0.0048736
7.96,0.746937987843341,-0.492322814403164,0.999999998080605,-0.152425843813564,0.828346288160265,0.000773994584261926,8.38352306686809e-09,0.753503457670234,-0.492990155335032,1,-0.154139073111691,0.306961281753521,0.441058953802829,0.544999999923613,0.0612120418814658,-2.23067148498668,0.368434849820824,2.80626636524445,0.0046016
7.98,0.763381340753357,-0.494645495766187,0.999999998248,-0.130104897557973,0.832339288140531,0.00075774291595875,8.35602360638158e-09,0.769913563744135,-0.4953531239946,1,-0.131826383055292,0.308912480133538,0.452931847695917,0.544999999277121,0.062401975829085,-2.2004655346425,0.348694298734364,2.79095279947261,0.0041703
8,0.779952538278506,-0.496606367149315,0.999999998412519,-0.107296170013679,0.836370279841233,0.000743729044122115,8.09578715177375e-09,0.786453082428321,-0.497355084784307,1,-0.109025882873737,0.310806542995082,0.465000056285864,0.54499999885785,0.0635967072310865,-2.16959927289436,0.328868034335381,2.77585397442614,0.0038312
8.02,0.796645098004874,-0.498192686764973,0.999999998570323,-0.0839956993562217,0.840436653024896,0.000732047910364412,7.68461319466932e-09,0.80311561613311,-0.498983312531021,1,-0.0857335945474941,0.31263865772357,0.477260595917392,0.544999998605405,0.0647953021860933,-2.13806771317238,0.308970783439853,2.76097371883066,0.003824
8.04,0.813451790557259,-0.499391602893062,0.999999998718994,-0.0601997181341102,0.844535637112827,0.000722793967459824,7.18255911635861e-09,0.819894023247089,-0.500224967615082,1,-0.0619457330188487,0.314403847011381,0.489709746666649,0.54499999847385,0.0659967532584775,-2.10586614303009,0.289017784839904,2.74631588909171,0.0040023
8.06,0.830364606099182,-0.500190187457919,0.999999998857151,-0.0359046758105421,0.848664296433458,0.000716061004044637,6.63314491333706e-09,0.836780384582003,-0.501067129151735,1,-0.0376587287206041,0.316096975393209,0.502343003974844,0.544999998428415,0.067199977556145,-2.07299015469437,0.269024793041457,2.73188433795778,0.0038268
8.08,0.847374721424482,-0.500575473252255,0.999999998984157,-0.0111072623082645,0.85281952577001,0.000711941944740371,6.06737433628253e-09,0.853765970377027,-0.501496831805789,1,-0.0128692511151108,0.31771275735094,0.51515502976168,0.544999998442949,0.0684038150502429,-2.03943567694453,0.249008080586393,2.71768287947891,0.0039752
8.1,0.864472467942998,-0.500534494953745,0.999999999099899,0.0141955674618651,0.856998046264531,0.000710528623893811,5.50683601829846e-09,0.870841208161826,-0.501501106386892,1,0.0124257667750736,0.319245767104999,0.528139603359111,0.544999998497914,0.0696070271779391,-2.00519900829091,0.228984438810353,2.70371525016779,0.0038404
8.12,0.881647300893321,-0.500054334062548,0.999999999204628,0.040006568117313,0.861196401739195,0.000711911531209862,4.96608514310979e-09,0.887995651808319,-0.501067024355712,1,0.0382291028728318,0.32069045020594,0.541289572655743,0.544999998578853,0.0708082957716867,-1.97027685141062,0.208971176881849,2.68998506630805,0.0039388
8.14,0.89888777014645,-0.499122167866385,0.999999999298834,0.0663281774041552,0.865410955499408,0.000716179527723903,4.45447209784776e-09,0.905217952131875,-0.500181746350166,1,0.0645432196265637,0.322041137033831,0.554596805895612,0.544999998675178,0.0720062223601625,-1.9346663487843,0.188986118963647,2.67649577739952,0.0037965
8.16,0.916181492994844,-0.497725322513729,0.999999999383154,0.0931624889311411,0.869637887686656,0.000723419530896112,3.9775360249904e-09,0.922495829433429,-0.498832574815184,1,0.0913702367139175,0.323292058301759,0.568052144634418,0.544999998779247,0.07319932788708,-1.89836511946233,0.169047599333594,2.66325061578065,0.0037747
8.18,0.933515129351383,-0.495851330244738,0.99999999945831,0.120511224099404,0.873873193251958,0.000733716168321453,3.53806502317856e-09,0.939816048404106,-0.497007010789051,1,0.118711902930435,0.324437362640021,0.581645358426085,0.544999998885662,0.074386052893739,-1.86137129687275,0.149174455299485,2.65025254252937,0.0037173
8.2,0.950874359811485,-0.493487990793544,0.999999999525059,0.148375703302443,0.878112680622914,0.000747151401084101,3.13690321718232e-09,0.957164395842908,-0.494692814863891,1,0.14656956733729,0.32547113630159,0.595365101902764,0.544999998990718,0.0755647582085895,-1.82368356756553,0.129386017741232,2.63750418980941,0.0037612
8.22,0.968243867058394,-0.490623436934205,0.999999999584164,0.176756816484421,0.882351971138128,0.000763804121107697,2.77356154043665e-09,0.974525661665038,-0.491878072297092,1,0.174944149756102,0.326387424963762,0.60919887503928,0.544999999092015,0.076733726180298,-1.78530121076916,0.109702099113911,2.62500779990444,0.0040788
8.24,0.985607321115668,-0.487246204095811,0.999999999636367,0.205654993158656,0.886586499321099,0.000783749733791372,2.44668690640985e-09,0.991883623702918,-0.488551262204278,1,0.203836110713347,0.327180257322841,0.623132987616811,0.544999999185178,0.0778911624339439,-1.74622413861572,0.0901429787472533,2.61276516128162,0.0039073
8.26,1.00294736897113,-0.483345303919806,0.999999999682367,0.235070172001002,0.890811514053342,0.000807059753213538,2.15335084874362e-09,1.00922103682293,-0.484701330712804,1,0.233245420952226,0.327843713887772,0.63715244472097,0.544999999279191,0.0790352086249246,-1.70645293687029,0.0707293852811748,2.60077754157153,0.0042033
8.28,1.02024562913742,-0.478910301604689,0.999999999722839,0.265001770368999,0.895022082379702,0.000833797706158355,1.89385943372138e-09,1.02651962689762,-0.480317767897605,1,0.263171530645668,0.328371817411852,0.651241199010841,0.544999999357246,0.080163904792483,-1.66598890597861,0.05148247608274,2.58904562128429,0.0043137
8.3,1.03748269164492,-0.473931396718872,0.999999999758402,0.29544865321022,0.899213088935158,0.000864027169833024,1.66246785227025e-09,1.04376009018434,-0.475390688258909,1,0.29361333846054,0.328758746684165,0.665381756309308,0.544999999428966,0.0812752613972368,-1.62483410222497,0.0324238134983757,2.5775694199714,0.0042935
8.32,1.05463812404793,-0.468399507203547,0.999999999789596,0.326409102183108,0.903379243862773,0.000897803934689393,1.45689568853408e-09,1.0609220986666,-0.469910914433971,1,0.324569160639703,0.328998760438795,0.679555388530208,0.544999999494306,0.0823672080734003,-1.58299137877273,0.0135753378095083,2.5663482278648,0.0041713
8.34,1.07169048404132,-0.462306356230301,0.999999999816913,0.35788078536589,0.907515087483496,0.000935177326887768,1.27484582890242e-09,1.07798431191191,-0.463870063763213,1,0.356036700285289,0.329086258270469,0.693742074597781,0.544999999553425,0.0834376207454774,-1.54046442633377,-0.00504066323097696,2.55538053438795,0.0041504
8.36,1.08861733917918,-0.455644561387258,0.999999999840802,0.389860727015386,0.911614997313418,0.000976189624338263,1.11407878478071e-09,1.09492439598941,-0.457260637255485,1,0.388013017043147,0.329015818439656,0.70792050260455,0.544999999606617,0.084484325893644,-1.49725781319306,-0.0234015883846949,2.54466395816139,0.0044056
8.38,1.1053952942315,-0.448407725671414,0.999999999861668,0.422345278025909,0.9156731964509,0.00102087538687632,9.72460867387738e-10,1.1117190499706,-0.450076110418555,1,0.420494497404523,0.328782237474832,0.72206808145858,0.544999999654262,0.0855051075111618,-1.4533770242935,-0.0414845605192278,2.53419517887836,0.0043836
8.4,1.12200002666848,-0.440590529664776,0.999999999879872,0.45533008725968,0.919683763386708,0.00106926075939122,8.47995060837507e-10,1.12834404050609,-0.442311025340352,1,0.453476825856557,0.328380571246499,0.736160963045211,0.544999999696802,0.0864977151751511,-1.40882849906546,-0.0592664678651728,2.52396987210937,0.0042354
8.42,1.13840633071945,-0.432188824190529,0.999999999895741,0.488810073983688,0.923640643278213,0.00112136277138615,7.38843652925386e-10,1.14477424492979,-0.433961083325183,1,0.486954957127581,0.3278061768105,0.750174076301063,0.544999999734777,0.0874598729202128,-1.36361966766685,-0.0767240089723158,2.51398264817199,0.0044741
8.44,1.15458817039831,-0.423199722664876,0.999999999909563,0.522779401665961,0.927537660701826,0.00117718867808954,6.43363229357837e-10,1.16098370328863,-0.425023237308645,1,0.520923089786336,0.327054753647365,0.76408117534688,0.544999999769084,0.0883892887163854,-1.31775898528273,-0.0938337413687131,2.50422699634982,0.0043791
8.46,1.17051874181889,-0.413621692281801,0.999999999921599,0.5572314533898,0.931368533846221,0.00123673545428179,5.6023345962327e-10,1.17694567962953,-0.415495783196806,1,0.555374641465542,0.326122381401175,0.777854905785657,0.5449999998017,0.0892836641826195,-1.2712559641191,-0.110572133893508,2.49469523655919,0.0045649
8.48,1.18617054503946,-0.403454643093492,0.99999999993209,0.592158809137514,0.935126890001533,0.00129998971522534,4.88845337542865e-10,1.19263273279701,-0.405378449201403,1,0.590302225989581,0.325005701005215,0.791466686049909,0.54499999981953,0.090140735211698,-1.224121202714,-0.126915622638295,2.48537846847083,0.0046372
8.5,1.20151546567404,-0.392700014018225,0.999999999941217,0.627553225840099,0.938806287900466,0.00136691912493754,4.23876223010179e-10,1.20801679690243,-0.39467248217518,1,0.625697632692771,0.323701579660542,0.804887322906321,0.544999999843122,0.090958184594579,-1.17636641218057,-0.14284067039346,2.47626656267662,0.0047756
8.52,1.21652486615664,-0.381360854645989,0.99999999994913,0.663405618896917,0.942400226538329,0.00143748716489632,3.67399977108077e-10,1.22306927152165,-0.383380729892343,1,0.661551808218646,0.322207604937212,0.818086473908384,0.544999999863734,0.0917338036450809,-1.12800443899085,-0.158323829455098,2.46734811018366,0.0046658
8.54,1.23116968663464,-0.369441901759145,0.999999999955987,0.699706046681743,0.945902173584817,0.00151164107588272,3.18344355321158e-10,1.23776112156075,-0.371507718170508,1,0.69785484109127,0.320521875387706,0.831033117231227,0.544999999881764,0.0924653921353756,-1.07904928391794,-0.173341807601386,2.4586104270029,0.0046767
8.56,1.24542055542148,-0.356949649475273,0.999999999961929,0.736443698959377,0.949305584939571,0.00158931402503085,2.75779470371134e-10,1.25206298660162,-0.359059721694857,1,0.734595949346664,0.318643095554473,0.84369559947556,0.544999999897521,0.0931508125745929,-1.02951611674924,-0.187871537006554,2.45003955219352,0.0053137
8.58,1.25924790853777,-0.34389241179613,0.999999999967075,0.773606887927756,0.952603927858848,0.00167042475668705,2.38887132297777e-10,1.26594529940068,-0.346044827384641,1,0.771763471505498,0.316570602104574,0.856041792477107,0.544999999912289,0.0937879980640864,-0.979421286398742,-0.201890245812481,2.44162026319031,0.0048362
8.6,1.27262211788173,-0.330280376412568,0.999999999971537,0.811183042932008,0.95579070484615,0.00175487799652083,2.07311217081925e-10,1.27937841306819,-0.332472989138802,1,0.809344861157086,0.314304424970422,0.868039210189739,0.544999999925683,0.0943749728435749,-0.928782326063069,-0.215375532031238,2.43333610467883,0.0048071
8.62,1.28551362739824,-0.316125648621626,0.999999999975416,0.849158709105504,0.958859479686256,0.00184256338041341,1.80557222506624e-10,1.29233273630265,-0.3183560728133,1,0.84732668540914,0.311845283718878,0.879655229737153,0.544999999939195,0.0949098556883663,-0.877617953088511,-0.228305439405819,2.42516943150505,0.0058312
8.64,1.29789309644163,-0.301442284245523,0.999999999978808,0.887519550063982,0.961803903046221,0.0019333568788005,1.58667461391789e-10,1.30477887589953,-0.303707890319369,1,0.885694627437572,0.309194692822543,0.890857156161438,0.544999999950204,0.0953908939326499,-0.825948063244315,-0.240658534811247,2.4171014593624,0.0056512
8.66,1.30973154940826,-0.28624631050756,0.999999999981802,0.926250355068396,0.96461774195035,0.00202711745760598,1.40741001075614e-10,1.31668778559658,-0.288544221790692,1,0.924433493345815,0.306354929820095,0.901612489119468,0.544999999958016,0.0958164553527717,-0.773793719132999,-0.252413986734882,2.40911234766151,0.0047946
8.68,1.32100053054863,-0.270555733899591,0.999999999984466,0.96533505076368,0.967294907606476,0.00212368709620368,1.25626655744757e-10,1.3280309201651,-0.272882824849343,1,0.963527223513609,0.303329071858399,0.911889081358707,0.544999999961955,0.0961850517380982,-0.721177132507578,-0.263551644334718,2.4011812966359,0.0047147
8.7,1.33167226268286,-0.254390534178693,0.999999999986842,1.00475671739563,0.969829484371352,0.00222288951047551,1.11930447133066e-10,1.33878039350886,-0.2567434301055,1,1.00295890858121,0.300120968587554,0.921655392615358,0.544999999963429,0.0964953423097863,-0.668121640313926,-0.274052116537593,2.39328665148369,0.0045665
8.72,1.34171980842032,-0.237772643768769,0.999999999988949,1.04449760964285,0.972215757338679,0.00232453128754011,9.87648718364411e-11,1.34890913939556,-0.240147722154384,1,1.04271081017668,0.296735223429173,0.930880745201144,0.544999999965087,0.0967461459880241,-0.614651674329425,-0.283896850607549,2.38540601531973,0.00462
8.74,1.35111723232369,-0.220725911994022,0.999999999990798,1.08453918195904,0.974448239005393,0.00242840549114165,8.61961879649913e-11,1.35839107332277,-0.223119305484539,1,1.08276438645155,0.293177280029842,0.939535397833806,0.5449999999673,0.0969364739804199,-0.560792724328561,-0.293068209588526,2.37751637871173,0.0047955
8.76,1.35983976244783,-0.20327605374723,0.999999999992404,1.12486211895124,0.976521699163746,0.00253428945398859,7.44240225003286e-11,1.36720125391497,-0.205683654883087,1,1.12310032244457,0.28945335579503,0.947590854232294,0.544999999970256,0.0970655152572389,-0.506571294769377,-0.301549548006106,2.36959427093722,0.0050597
8.78,1.36786394957626,-0.185450582383014,0.999999999993786,1.16544637067979,0.978431191871194,0.00264194665896517,6.37162500538346e-11,1.37531604216453,-0.187868050113632,1,1.16369856524433,0.285570445705497,0.955020045443574,0.544999999973572,0.0971326549622972,-0.452014855058334,-0.309325285200862,2.36161591509399,0.0046483
8.8,1.3751678223671,-0.167278726833434,0.999999999994965,1.20627119250539,0.980172082405221,0.00275112778514454,5.42019762405967e-11,1.38271325677082,-0.169701494848153,1,1.20453836387083,0.28153631119853,0.961797506828623,0.544999999976964,0.0971374822436532,-0.397151783521691,-0.316380975661528,2.35355739347235,0.005129
8.82,1.38173103665121,-0.1487913331639,0.999999999995966,1.24731518960106,0.981740073580347,0.00286157061555927,4.59091253901304e-11,1.38937232380033,-0.151214620052009,1,1.24559831374354,0.277359463769386,0.96789951798382,0.544999999979933,0.0970797982549074,-0.342011305282134,-0.322703375730501,2.34539482086572,0.0045621
8.84,1.38753501713728,-0.130020751013928,0.999999999996811,1.28855636601984,0.983131231160295,0.00297299745996808,3.86848242328368e-11,1.39527441888995,-0.132439572246863,1,1.28685640555039,0.273049016262678,0.973304628689166,0.544999999982769,0.0969595825949643,-0.286623424309578,-0.328280506067407,2.33710452518239,0.0045114
8.86,1.39256308965125,-0.111000705594948,0.999999999997523,1.32997217732984,0.984342003365085,0.00308512747445211,3.24818216767881e-11,1.40040260024669,-0.113409887305356,1,1.32829007827973,0.268614772197432,0.977993532751491,0.544999999984814,0.0967770512019359,-0.231018849986369,-0.333101709278826,2.32866322283207,0.0044731
8.88,1.396800602217,-0.0917661561469234,0.999999999998118,1.37153958702364,0.985369244083298,0.00319767646860414,2.70150124492603e-11,1.4047419307609,-0.0941603506587165,1,1.36987627612545,0.264067175102471,0.981949072924259,0.544999999987257,0.0965326431343445,-0.17522891860152,-0.337157702153719,2.32004820123054,0.004859
8.9,1.40023503359502,-0.0723531419814566,0.999999999998612,1.41323512726155,0.986210233773776,0.00331034939976535,2.24276064386461e-11,1.40827958764719,-0.074726845018915,1,1.41159150892647,0.259417180708632,0.98515522271365,0.544999999990144,0.0962269842736381,-0.119285510247897,-0.340440621984716,2.31123750165714,0.0046497
8.92,1.40285608836745,-0.0527986175282518,0.999999999999025,1.45503496248205,0.986862693847525,0.00342278465943911,1.88793691790809e-11,1.41100495815612,-0.0551461869252812,1,1.45341191575583,0.254676206663818,0.987594980796282,0.544999999992912,0.0958608971998035,-0.0632209616455371,-0.342944066505911,2.3022101060605,0.0049781
8.94,1.40465577869907,-0.033140277949441,0.999999999999377,1.49691495506478,0.987324794752632,0.00353440638158635,1.63276681064193e-11,1.4129097200593,-0.0354559536164152,1,1.49531333123281,0.249856117924771,0.989256039436789,0.54499999999461,0.0954354411270981,-0.00706797543029648,-0.344663127038752,2.29294613832988,0.0051282
8.96,1.40562849029241,-0.0134163764906579,0.999999999999685,1.53885073391347,0.987595162214055,0.00364451038284191,1.43872114221953e-11,1.41398790579787,-0.015694301896952,1,1.53727135409449,0.244969114243743,0.990141091625505,0.544999999994573,0.0949518706841606,0.049140473530609,-0.345594414494423,2.28342702614349,0.0049401
