Time,X,Y,Z,Psi,Vx_B,Vy_B,Vz_B,Ref_X,Ref_Y,Ref_Z,Ref_Psi,Ux,Uy,Uz,Upsi,Int_X,Int_Y,Cost,CalcTime
0,0,0,0,0,0,0,0,1,0,1,1.5707963267949,0.999999999999993,0.870601151198624,0.999999999999999,0.99999999999999,0,0,2110.56586400396,0.0064751
0.02,0.000397338543735024,0.000366120430733054,0.001638,0.0214781360796706,0.0403143169078834,0.0358478547581384,0.1638,0.999800006666578,0.0199986666933331,1,1.5907963267949,0.999999999999871,0.999999842515151,0.999999999999981,0.442306424776624,5.30935250640948e-06,4.87721656475753e-06,2043.2646360264,0.0069722
0.04,0.00156702195513843,0.00153051791111471,0.00655199999999992,0.071186325166852,0.0825007558769597,0.0743105481426817,0.327599999999993,0.999200106660978,0.0399893341866341,1,1.6107963267949,0.999999999982976,0.867841530224626,0.999999999996677,0.185982803535905,4.20976802928851e-05,3.99247971048371e-05,1978.05992442919,0.0051776
0.06,0.00346353882615977,0.00352177424433532,0.0147419999999878,0.129347214520354,0.126661265648642,0.103960534042403,0.491399999998796,0.998200539935204,0.0599640064794446,1,1.6307963267949,0.999999999999994,0.725650493557575,0.999999999999999,0.12636590529773,0.000140362856541223,0.000138341265359329,1910.28368919817,0.005567
0.08,0.00604498029442118,0.00626023972204057,0.0262079999999637,0.188551083701356,0.171950508292238,0.124686725559223,0.655199999998796,0.996801706302619,0.0799146939691727,1,1.6507963267949,0.99999999990217,0.593722344215318,0.9999999999763,0.114165819792181,0.000328310566562764,0.00033162957316211,1841.72333771253,0.0057487
0.1,0.00927924966570968,0.00966700342777106,0.0409499999998543,0.247198160516399,0.217692490657161,0.137152105862647,0.818999999990264,0.995004165278026,0.0998334166468281,1,1.6707963267949,0.999999999999686,0.473722810761542,0.999999999999913,0.10904382164458,0.000632662871269548,0.000648071377607228,1773.33337430831,0.0050256
0.12,0.0131434633786887,0.0136723909975625,0.0589679999996593,0.304977974601323,0.263364058284884,0.142034495739814,0.982799999990233,0.992808635853866,0.119712207288919,1,1.6907963267949,0.999999999953093,0.365305515768675,0.999999999995706,0.105601960497519,0.001079047316683,0.00111297167685393,1705.56250036844,0.0045946
0.14,0.0176222234358203,0.0182167639767102,0.0802619999994485,0.361792727507467,0.308526831809721,0.140002137430767,1.14659999998869,0.990215996212637,0.139543114644236,1,1.7107963267949,0.9999999998124,0.268353107395052,0.999999999971435,0.102522913233358,0.00169233177156016,0.00174904918808124,1638.75947430548,0.0048987
0.16,0.0227057968199138,0.0232505577776658,0.104831999999119,0.417596623355583,0.352811465646867,0.13173096996825,1.3103999999784,0.987227283375627,0.159318206614246,1,1.7307963267949,0.999999999999936,0.182642471125744,0.999999999999968,0.0996303036219471,0.00249688760835136,0.00257683838952414,1573.26396534772,0.0052929
0.18,0.0283883305942923,0.0287342026892625,0.132677999998687,0.47235976576767,0.395911685305299,0.117898737565689,1.47419999997839,0.983843692788121,0.179029573425824,1,1.7507963267949,0.999999999889945,0.107958169498732,0.999999999923041,0.0968954124264569,0.00351678023509001,0.00361509178218982,1509.36222800783,0.006299
0.2,0.034666183510404,0.0346378302115064,0.163799999997978,0.526062363945029,0.437580806831659,0.0991800391388427,1.63799999995069,0.980066577841242,0.198669330795061,1,1.7707963267949,0.999999999990746,0.0440351991930488,0.999999999989608,0.0943393994628301,0.00477589053737142,0.00488117434702946,1447.34192256984,0.0049267
0.22,0.0415363951495873,0.0409408089785643,0.198197999996954,0.578693628853774,0.47762793698922,0.0762387092448342,1.80179999994695,0.975897449330606,0.218229623080869,1,1.7907963267949,0.999999999986083,-0.00980123041112124,0.999999999958031,0.0919855689719411,0.00629797220693404,0.00639144290992031,1387.44003072604,0.0053311
0.24,0.0489954053630482,0.0476309916960342,0.235871999995742,0.630251856700394,0.515913096577988,0.0497054588959591,1.96559999993184,0.97133797485203,0.237702626427134,1,1.8107963267949,0.999999999999946,-0.0540482382646198,0.640555555744776,0.0897450498790424,0.0081066522123585,0.00816160188777062,1329.86728767683,0.0055922
0.26,0.0570380075558636,0.0547038007742734,0.27552799999506,0.680742139695253,0.552341542399851,0.0201822214278626,1.99999999999996,0.966389978134513,0.257080551892155,1,1.8307963267949,0.999999999974039,-0.0892131922886522,0.544999999943279,0.0876549079951627,0.0102253854809005,0.0102070241273978,1276.17252206437,0.0057891
0.28,0.0656564529573571,0.0621613253826939,0.315527999994855,0.73017466921967,0.586858392101804,-0.0117606757710499,1.99999999997954,0.961055438310771,0.276355648564114,1,1.8507963267949,0.999999999875993,-0.115599446069612,0.544999999761394,0.085708163764916,0.0126773705113205,0.012543035793046,1225.723958699,0.0047812
0.3,0.074839675198258,0.070011448964964,0.355527999993587,0.778564870674828,0.619443609522153,-0.0455785374938399,1.99999999989364,0.955336489125606,0.29552020666134,1,1.8707963267949,0.999999999932122,-0.134068154554221,0.545000000117723,0.0840150137207584,0.0154854319952769,0.015185165229873,1178.31955726449,0.0060312
0.32,0.0845727780339929,0.0782668555709475,0.395527999991884,0.825935127221417,0.65010653035504,-0.0807787535331893,1.99999999993602,0.949235418082441,0.314566560616118,1,1.8907963267949,0.999999999999998,-0.145201582787711,0.545000000177718,0.082382822813892,0.0186718762866341,0.018149356013255,1133.86857684205,0.005244
0.34,0.0948367679272041,0.0869439741459318,0.435527999991244,0.872312269447785,0.678880419554962,-0.116908905546904,2,0.942754665528346,0.333487092140814,1,1.9107963267949,0.999999999958637,-0.149487283127661,0.54499999986161,0.0808633228383165,0.0222583328194205,0.0214521371377011,1092.2693360166,0.0056882
0.36,0.105608332472819,0.0960620758744612,0.475527999990746,0.917724261433565,0.705818283893167,-0.153551371162318,1.99999999995018,0.935896823677935,0.35227423327509,1,1.9307963267949,0.999999999923713,-0.147380341899372,0.545000000122482,0.0794862208177719,0.0262655855140374,0.0251107544581534,1053.40627132577,0.0061959
0.38,0.116859708443664,0.105642445017406,0.51552799999019,0.962201805614099,0.730988884891886,-0.190323268133383,1.99999999999427,0.92866463557651,0.370920469412983,1,1.9507963267949,0.999999999975525,-0.139640042384929,0.54499999996926,0.0783087774540847,0.0307133970565621,0.0291432676060144,1017.16070122291,0.0050072
0.4,0.128558756313655,0.1157075303336,0.555527999989965,1.00577992917979,0.754472475129268,-0.226890404900042,1.9999999999832,0.921060994002885,0.389418342308651,1,1.9707963267949,0.999999999992324,-0.126807924107621,0.475243611951329,0.0771625178951357,0.0356203313038413,0.033568613854702,983.408549133561,0.0062432
0.42,0.140669171875793,0.126280144069176,0.595276876992654,1.04849514353216,0.776357625891824,-0.262955804582211,1.97488770028568,0.913088940312308,0.40776045305957,1,1.9907963267949,0.999999999975585,-0.109156731064929,0.339017273398696,0.0760496603019757,0.0410035826065323,0.0384066380597822,952.087798851997,0.0049448
0.44,0.15315062008782,0.137382841493106,0.634033093182603,1.09038185077937,0.796739650233313,-0.29824516808579,1.90073391870921,0.904751663219963,0.425939465066,1,2.0107963267949,0.999999999989857,-0.087392946079589,0.252216885152406,0.0752058419860552,0.0468788122732547,0.0436780942064979,923.132909066383,0.0047979
0.46,0.165959003289979,0.149037323471697,0.670993752343336,1.13147765159248,0.815716967660609,-0.332528522981985,1.79533199736408,0.896052497525525,0.44394810696552,1,2.03079632679489,0.999999999999523,-0.0620181439499588,0.201576475326139,0.0743535462982992,0.0532599914284858,0.0494046235963344,896.469594419755,0.0057804
0.48,0.179046876863236,0.161263861878958,0.705664067601791,1.17182197542293,0.833388928449214,-0.365609800485605,1.67169952848149,0.886994922779284,0.461779175541483,1,2.05079632679489,0.999999999948595,-0.0332684567203701,0.177019060748855,0.0734766874449977,0.060159259113987,0.0556087086269157,871.980822536998,0.0049341
0.5,0.192363742656083,0.174080883003113,0.737773326790117,1.21144979583342,0.849856540348046,-0.397309794043552,1.53922639035108,0.877582561890373,0.479425538604203,1,2.07079632679489,0.999999999949226,-0.00172333595259721,0.170930050448462,0.0728653923405828,0.0675867947983152,0.0623136068010955,849.515189959639,0.0050753
0.52,0.205856415485768,0.187504593502463,0.767211202778753,1.25039795174999,0.865219145039392,-0.42748495993863,1.40456120851252,0.867819179677651,0.496880137843737,1,2.09079632679489,0.999999999250246,0.0322136253795698,0.177591393221532,0.0722138500396117,0.0755507025598812,0.069543269624882,828.90643111387,0.0057017
0.54,0.219469486872192,0.201548639617413,0.793979755964601,1.28870442881131,0.879573201151522,-0.456018569317802,1.27229411007227,0.857708681363825,0.514135991653114,1,2.11079632679488,0.999999999999094,0.0683223348253722,0.192741519037948,0.0715249616961024,0.0840569132379453,0.0773222465939663,809.976262465181,0.004689
0.56,0.233145672827903,0.216223875656086,0.818157507634583,1.3264019596239,0.893014434886461,-0.482806716186131,1.14548105692593,0.847255111013417,0.531186197920884,1,2.13079632679488,0.999999999998501,0.106112511860202,0.213233638913631,0.0711037284318899,0.0931091028691279,0.0856755778310078,792.554624622712,0.0051995
0.58,0.246826217410384,0.231538169078154,0.839872769873191,1.36352513477859,0.905634213823105,-0.507775107390577,1.02604516693484,0.836462649915188,0.548023936791875,1,2.15079632679488,0.999999999617151,0.145349713094349,0.236770890167802,0.0705063484302463,0.102708624957252,0.0946286785721347,776.484464150818,0.0049729
0.6,0.260451313436517,0.247496250582909,0.859284048416492,1.40010703011276,0.917520474230063,-0.530864513428874,0.91508268739525,0.82533561490968,0.564642473395037,1,2.17079632679488,0.999999996492004,0.185716141210094,0.261701449989837,0.0700853196498228,0.112854460673104,0.104207216343442,761.618822623624,0.0048599
0.62,0.273960462345938,0.264099626294675,0.876565827384361,1.43617770229606,0.928758373797994,-0.552032323513496,0.813095209391591,0.813878456662536,0.581035160537307,1,2.19079632679488,0.999999999999774,0.226925417794606,0.286860401119833,0.0696365268622856,0.123543183744113,0.114436983664861,747.83453021428,0.0051767
0.64,0.287292860649065,0.281346522908061,0.891898429016223,1.47176741493784,0.939428415122752,-0.571253440299142,0.72016495379473,0.802095757884295,0.597195441362394,1,2.21079632679487,0.999986360692082,0.268752246496893,0.311447997066772,0.0691618985832155,0.134768940610504,0.125343767821942,735.017612417554,0.0055248
0.66,0.300387748181336,0.299231869887348,0.905460940881559,1.50690242001518,0.949608161630684,-0.588513248310407,0.636086232738768,0.789992231497368,0.613116851973436,1,2.23079632679487,0.980717670944783,0.310936882093341,0.334936227549258,0.0687786917730456,0.146523445362609,0.136953219234041,723.076022480361,0.0057855
0.68,0.313184345086238,0.317739654990139,0.917426435955511,1.54160789815419,0.958605554034716,-0.60379801399274,0.5604632746565,0.777572718750931,0.628793024018471,1,2.25079632679487,0.926497123315497,0.353215019591059,0.356997351694799,0.0683057350428349,0.158795982488135,0.149290617546946,711.989768987915,0.0048075
0.7,0.325622579398296,0.336829127644178,0.927958891914742,1.57590660526078,0.96510921160782,-0.617070376700769,0.492782321266628,0.764842187284492,0.644217687237694,1,2.27079632679487,0.876438991662607,0.395300600711021,0.377449453155437,0.0679451935798967,0.171573413467827,0.162380148221837,701.795142299855,0.0047017
0.72,0.337645354863917,0.35644445729628,0.937211356371434,1.60981968173116,0.969376686569127,-0.628288698038949,0.432464124402585,0.751805729140899,0.659384671971476,1,2.29079632679486,0.830364407980131,0.436956680466708,0.396215157669031,0.0676313620953656,0.184840248112537,0.176243959866905,692.408350587858,0.0040128
0.74,0.349199652999002,0.376530539740988,0.945325013427095,1.64336959475051,0.971652899379654,-0.637434318279733,0.378901581163436,0.738468558729593,0.674287911628149,1,2.31079632679486,0.788083331508617,0.477970257321801,0.413290505106756,0.0673495295984772,0.198578794272612,0.190901982123561,683.753835912895,0.0039403
0.76,0.360236431755072,0.397033072184049,0.952428890868748,1.67657833110276,0.972170453936661,-0.644507581912908,0.331486163001869,0.724836010740911,0.688921445110555,1,2.33079632679486,0.749417144500106,0.518151264152505,0.428721634663229,0.0670941011618902,0.212769318928327,0.206371956263877,675.763082495962,0.0041907
0.78,0.370710522262291,0.417898624354486,0.958640012013573,1.70946701711125,0.97115015533047,-0.649525378998643,0.289625951480631,0.710913538012283,0.703279419200415,1,2.35079632679486,0.714184733486678,0.557331247145215,0.442587463275273,0.0668614252825271,0.227390205189509,0.222669468653564,668.373373508317,0.0053014
0.8,0.380580523614384,0.439074708424651,0.964063845910977,1.74205580586568,0.968800893865498,-0.652519106358548,0.252757438259729,0.696706709347172,0.717356090899528,1,2.37079632679486,0.682205686011611,0.595362004780938,0.454986945043459,0.0666483675646798,0.242418105123977,0.239807987074926,661.526786047504,0.0053347
0.82,0.389808696114634,0.460509842864881,0.968794947678328,1.77436382665996,0.965319682495657,-0.653532838527002,0.220352738475375,0.68222120728762,0.731145829726902,1,2.39079632679485,0.6533011208585,0.632114269627778,0.466029817768805,0.0664520520800324,0.257828088345735,0.257798899718534,655.169385844004,0.0052042
0.84,0.398360853232032,0.48215361136807,0.972917709791803,1.80640915553569,0.960891762292451,-0.652621662427148,0.191923472872145,0.667462825841315,0.744643119970866,1,2.41079632679485,0.627294328773263,0.667476444226458,0.475829991070118,0.0662698094451619,0.273593786306357,0.276651556629683,649.250605814676,0.0045023
0.86,0.40620625251204,0.50395671704927,0.976507167217098,1.83820879843423,0.955690761550125,-0.649850158752732,0.167022269657387,0.65243746816406,0.757842562895284,1,2.43079632679485,0.604011304216226,0.701353396195341,0.484500924077709,0.0660991610860767,0.289687532242931,0.29637331341676,643.72278015164,0.0044995
0.88,0.41331748567052,0.525871032087892,0.979629815936926,1.86977868434117,0.949878896147009,-0.645291018151366,0.145242602325362,0.637151144198589,0.770738878898977,1,2.45079632679485,0.583281193405654,0.733665314480775,0.492152491294735,0.0659378100480456,0.306080496745348,0.316969577035907,638.540805761254,0.0042884
0.9,0.419670368084921,0.547849642971483,0.982344416952094,1.9011336669479,0.943607201109292,-0.639023781242789,0.126217499191467,0.621609968270674,0.783326909627492,1,2.47079632679484,0.564936674573952,0.764346626153825,0.498888952242631,0.0657836333057428,0.322742818914608,0.338443853472881,633.661905294227,0.0042237
0.92,0.425243827883762,0.569846891495952,0.984702767163997,1.93228753366373,0.937015785495789,-0.631133691958629,0.109617521998814,0.605820156643473,0.795601620036375,1,2.49079632679484,0.548814281858509,0.793344970962936,0.504807731290086,0.0656346746569862,0.339643733092087,0.360797797149286,629.045469211397,0.0044682
0.94,0.430019794824269,0.591818411673939,0.986750425436617,1.96325302096656,0.930234104540719,-0.621710654247795,0.0951483052632451,0.589788025031109,0.807558100405125,1,2.51079632679484,0.534754682302809,0.820620229666452,0.509998784356727,0.0654891381532693,0.35675169114753,0.384031261886479,624.652957697401,0.00408
0.96,0.433983089139177,0.613721162700177,0.988527387165567,1.99404183520044,0.923381244507599,-0.610848282879083,0.0825478676316669,0.573519986072468,0.819191568301009,1,2.53079632679484,0.522602913199817,0.846143604657414,0.514544383493258,0.0653453815677408,0.374034480320939,0.408142353266444,620.447846456314,0.0043434
0.98,0.437121310525926,0.635513458119835,0.990068704298776,2.02466467802461,0.916566216928399,-0.598643039708917,0.0715838456892399,0.55702254676623,0.830497370491982,1,2.55079632679484,0.512208585913587,0.86989665143088,0.518519192203045,0.0652019088838112,0.391459336620624,0.43312748223488,616.395603344524,0.0040238
1,0.439424727480819,0.657154991361065,0.991405050304491,2.05513127577459,0.909888259847745,-0.585193451606686,0.0620507548823362,0.540302305868153,0.84147098480791,1,2.57079632679483,0.503426059216412,0.891869123250412,0.521990536543082,0.0650573539652746,0.408993053786923,0.458981419797688,612.463685508816,0.0040675
1.02,0.440886167661504,0.678606858059539,0.992563231333693,2.08545041185608,0.903437143678039,-0.570599454204705,0.0537673480378456,0.523365951251663,0.852108021949377,1,2.59079632679483,0.496114660489771,0.912069117842863,0.525018801679557,0.0649106089519222,0.426602087846107,0.48569735267235,608.62155081905,0.0041691
1.04,0.441500905889862,0.699831573392982,0.993566645980497,2.11562996430168,0.897293488127318,-0.554961344288616,0.0465741166424861,0.506220257232793,0.862404227243354,1,2.61079632679483,0.490138605831563,0.930496214243068,0.527657902438146,0.0647604215850649,0.44425265725781,0.513266939746756,604.840656235066,0.00448
1.06,0.44126655562227,0.720793087519873,0.994435696762124,2.1456769420176,0.89152907216512,-0.538379883271657,0.0403309615202187,0.488872081860543,0.872355482345003,1,2.63079632679483,0.485367391340665,0.947169690498524,0.529955790585571,0.0646059431905529,0.461910838587224,0.541680369158192,601.094501490276,0.0042537
1.08,0.440182962875843,0.741456798808739,0.995188156838636,2.17559752324951,0.886207156148213,-0.520955238935895,0.0349150461310243,0.471328364173756,0.881957806884965,1,2.65079632679482,0.48167571661059,0.962109069615086,0.531954972517854,0.0644463067229193,0.479542657956111,0.570926415983678,597.358620103088,0.0041196
1.1,0.438252098991619,0.761789563018089,0.995839495662321,2.20539709837747,0.88138280292999,-0.502786768760288,0.0302188362374516,0.453596121425594,0.891207360061454,1,2.67079632679482,0.478943628721062,0.975355864719191,0.533693019043433,0.0642808392783958,0.49711417818133,0.60099250035226,593.610597797655,0.0047137
1.12,0.435477951454841,0.781759697166183,0.996403167255626,2.23508031242647,0.877103212109949,-0.483971908786015,0.0261483230930875,0.435682446276729,0.900100442176525,1,2.69079632679482,0.477056537366612,0.986928275120564,0.535203055076953,0.0641088833178139,0.514591581636067,0.631864745853332,589.830039603141,0.0050155
1.14,0.431866420488222,0.801336983780182,0.996890864715765,2.26465110789469,0.873408048286689,-0.464606979354079,0.0226214229207907,0.417594503958376,0.908633496115905,1,2.71079632679482,0.475905337497504,0.996861679179428,0.536514221485638,0.0639299085882763,0.531941248757607,0.663528038033755,585.99861814163,0.005337
1.16,0.42742522234658,0.820492676928256,0.997312744371529,2.29411276655915,0.870329766986812,-0.444786300684783,0.0195665426556202,0.399339529406292,0.91680310877179,1,2.73079632679482,0.475385214534223,0.999998985275225,0.53765210465338,0.0637247322337006,0.549129832647451,0.695966083165615,582.100089324621,0.0052933
1.18,0.422165407430272,0.839200959500103,0.997677622801394,2.32346754932419,0.867890897491091,-0.42481888008719,0.0169213003308369,0.380924824366901,0.924606012408045,1,2.75079632679481,0.475410745330933,0.999992023401008,0.538639131648618,0.0634986574905199,0.566124351347001,0.729161486511549,578.131816796444,0.0048261
1.2,0.416101621380657,0.857439499149802,0.997993149681945,2.35271650876834,0.866104164351726,-0.404857737231396,0.0146313877243395,0.362357754476693,0.932039085967252,1,2.77079632679481,0.475900820075763,0.999999569182943,0.539494930541362,0.0632655863865912,0.582892345367961,0.763095896459171,574.085441843154,0.0048169
1.22,0.409249813380214,0.875187633164087,0.998265959186381,2.38186001289107,0.864976757218147,-0.384922012389861,0.0126495627192299,0.343645746316068,0.939099356319095,1,2.79079632679481,0.476774145205618,0.999999878367041,0.54023665661331,0.0630297228937144,0.599401973850397,0.797750107473259,569.947614490239,0.0048586
1.24,0.401626242897268,0.892425446900812,0.998501802404574,2.41089818935401,0.864512115482066,-0.365031341616283,0.0109347591000215,0.324796284438797,0.945783999449568,1,2.81079632679481,0.477953619471775,0.999999999953713,0.540879285851836,0.0627933075845395,0.615622040034828,0.833104102611707,565.70684636247,0.0053493
1.26,0.393247494362161,0.909133726735617,0.998705663015641,2.43983108380897,0.864710067963868,-0.345204677698202,0.00945130200668259,0.305816908378311,0.952090341590547,1,2.8307963267948,0.479364508842185,0.999999999853505,0.541435877864191,0.0625543211909591,0.631522004014233,0.869137082540804,561.353359771379,0.0053175
1.28,0.384130488846099,0.925293912829455,0.998881858216085,2.46865867087786,0.865566976996487,-0.32546049497642,0.00816821803779135,0.286715209631978,0.958015860289258,1,2.8507963267948,0.480936856838305,0.99999999991777,0.541917810074796,0.0623140077932349,0.647071995939474,0.905827492598666,556.879036230291,0.0053682
1.3,0.374292500515742,0.940888060263626,0.99903412669311,2.49738084568421,0.867075983616351,-0.305816688707978,0.00705862966471798,0.26749882862461,0.963558185417228,1,2.8707963267948,0.48260369117526,0.999999969715268,0.5423349859396,0.0620716691779624,0.662242829808745,0.943153048146276,552.277346688409,0.0059293
1.32,0.363751174940006,0.955898806624936,0.999165705235787,2.52599744226672,0.86922717148229,-0.286290513891739,0.00609922460297409,0.248175451652396,0.968715100118302,1,2.8907963267948,0.484303092846756,0.999999983130733,0.542696019132655,0.061830089846686,0.677006017950441,0.981090758496071,547.543286105308,0.0056048
1.34,0.352524548477449,0.970309345912298,0.999279395396724,2.55450828469343,0.872007806274872,-0.266898549648796,0.00526979149072986,0.228752807808483,0.973484541695358,1,2.9107963267948,0.485975114821689,0.999999991973317,0.5430083964627,0.061586581656476,0.691333786266862,1.01961694966813,542.67330151463,0.0054453
1.36,0.340631068466177,0.984103408305449,0.999377621453805,2.58291318811965,0.875402467595365,-0.247656636439646,0.00455281421730202,0.209238665891443,0.977864602435356,1,2.93079632679479,0.487564521114814,0.999999993733476,0.543278621072462,0.0613418795239089,0.705199090264376,1.05870728622506,537.665233397196,0.0051924
1.38,0.328089613757017,0.997265245528865,0.999462480774012,2.61121191957708,0.879393301508269,-0.228579779010022,0.00393311780338824,0.189640831297859,0.981853530372402,1,2.95079632679479,0.489019656314634,0.999999962405227,0.5435123385242,0.0610966154928185,0.718575631906206,1.09833679240622,532.518253900027,0.0050999
1.4,0.314919514475136,1.00977962191787,0.999535787548766,2.63940423139576,0.883960206783732,-0.209682123197517,0.00339755967210024,0.169967142900266,0.985449729988505,1,2.97079632679479,0.490292477689537,0.999998941773527,0.543714447386134,0.0608509195712395,0.731437877270346,1.13847987279311,527.232802860755,0.0050802
1.42,0.301140571056606,1.02163181098069,0.999599110752798,2.66748987852553,0.889081026726832,-0.190976963711601,0.00293476073110838,0.150225469911711,0.988651762851766,1,2.99079632679479,0.491338559328222,0.999971486624225,0.543889196103038,0.0606048196518777,0.743761074983931,1.17911033272612,521.810528512422,0.0057013
1.44,0.286773076629641,1.0328076063237,0.999653807073392,2.69546862158659,0.894731729233938,-0.172477731544139,0.00253487132820208,0.130423708738171,0.991458348191735,1,3.01079632679479,0.492117102696455,0.999934655067513,0.544040267725244,0.0603585086278032,0.755521275458646,1.22020139881309,516.254279755614,0.0055593
1.46,0.271837833378937,1.04329333058684,0.999701049463767,2.72334023105235,0.900886597029326,-0.154196178250079,0.00218936770928991,0.110569779820095,0.993868363411695,1,3.03079632679478,0.492590401748473,0.993567816013428,0.544170853968437,0.0600887354046751,0.766695350989558,1.26172574000225,510.56787093027,0.0049451
1.48,0.256357214806889,1.05307826815108,0.999741851892239,2.75110399092874,0.907514824633635,-0.136406995215189,0.00189087513792739,0.0906716244643356,0.995880844537693,1,3.05079632679478,0.49273839100575,0.984455884737079,0.544283719734348,0.0598003893566277,0.77726103041162,1.30365552113772,504.770478038039,0.0049099
1.5,0.240355427842121,1.06215578495305,0.999777090786041,2.77875836704298,0.914579860304007,-0.119230868096912,0.00163301424229274,0.070737201667729,0.99749498660411,1,3.07079632679478,0.492544662883509,0.974653361375708,0.54438125957293,0.059503810591553,0.787196979262433,1.3459625688716,498.874309573964,0.0047816
1.52,0.223857362588414,1.07052122969336,0.999807523605349,2.80630140856193,0.92204291922624,-0.102699976490446,0.00141026768854739,0.0507744849336054,0.998710143975641,1,3.09079632679478,0.491995090932725,0.964372045003012,0.544465546566754,0.0592027568336505,0.796482847614719,1.38861848933257,492.887810986569,0.0045391
1.54,0.206888151346487,1.07817108006386,0.999833804926761,2.83373108315737,0.929864424110523,-0.0868360562469733,0.00121786445257871,0.0307914590824925,0.999525830605539,1,3.11079632679477,0.491079128167794,0.953697471772134,0.544538375090812,0.0588984842786213,0.805099286359188,1.43159472568128,486.819625818732,0.0043383
1.56,0.189473081105255,1.08510283902365,0.999856500366139,2.86104538980518,0.938004370316298,-0.0716558636260233,0.0010516794852711,0.0107961170582938,0.999941720230029,1,3.13079632679477,0.48978967658337,0.94266362983793,0.544601297917374,0.0585915941902833,0.813027954987466,1.47486260087853,480.678769088982,0.0041322
1.58,0.171637537137684,1.09131499811329,0.999876098628347,2.8882423948167,0.946422588188067,-0.0571734123050641,0.000908146735525785,-0.00920354326878194,0.999957646498805,1,3.15079632679477,0.488122944437933,0.931332505482461,0.54465565844759,0.0582826668640213,0.820251526597967,1.5183933578325,474.474643115692,0.0041343
1.6,0.153406951801605,1.09680700799942,0.999893021933469,2.91532025038522,0.955078983484049,-0.0433988576065535,0.000784183776658084,-0.0291995223012625,0.999573603041573,1,3.17079632679477,0.48607819342062,0.91975796336133,0.544702618723626,0.057972265603965,0.826753690821092,1.56215819843445,468.216890151557,0.0043719
1.62,0.134806752938708,1.10157923896776,0.999907635036407,2.94227721056704,0.963933773937219,-0.0303389064216742,0.000677126517163411,-0.0491838219141443,0.998789743470594,1,3.19079632679477,0.483657523358089,0.907991010561039,0.54474318373415,0.0576609389321363,0.83251915465594,1.6061283211191,461.915324823334,0.004478
1.64,0.11586231590645,1.10563294369885,0.999920253028193,2.96911164507131,0.972947705311172,-0.0179970090980375,0.00058467266145747,-0.0691484486540361,0.997606381319246,1,3.21079632679476,0.480865651693117,0.896071296479146,0.544778222495613,0.0573491849759637,0.837533641320679,1.6502749569042,455.579860153313,0.0040996
1.66,0.0965989190312046,1.10897022378294,0.999931148082406,2.99582205034801,0.982082244856361,-0.00637390945326476,0.000504832759877973,-0.0890854169364333,0.996023989916612,1,3.23079632679476,0.477709716571765,0.884068410325448,0.544808486362245,0.0570376183385361,0.841783887249164,1.69456940399242,449.220454534989,0.0040299
1.68,0.077041700093538,1.11159398644494,0.999940555288508,3.02240706107568,0.991299771365018,0.00453353087308861,0.000435887850286244,-0.108986752239846,0.994043202198154,1,3.25079632679476,0.474198998343522,0.87200749345417,0.544834624836234,0.0567266865209463,0.84525763734506,1.73898306095163,442.846985334406,0.00412
1.7,0.0572156163587511,1.11350790529106,0.999948677694924,3.04886545938647,1.00056373956796,0.0147303835659966,0.000376352791330449,-0.1288444942955,0.991664810452549,1,3.27079632679476,0.470344766815367,0.859931853169266,0.544857199328359,0.056416876956472,0.847943638532291,1.78348745803914,436.469266231885,0.003972
1.72,0.0371454085221766,1.11471638995714,0.999955690668333,3.07519618059967,1.00983881790506,0.0242243388771005,0.000324944549539546,-0.148650700271339,0.988889766004785,1,3.29079632679475,0.466160050874633,0.847880660463211,0.544876695047971,0.0561086629901823,0.849831631814756,1.82805428730655,430.096954382265,0.0039674
1.74,0.0168555659019809,1.11522454804879,0.999961745661496,3.10139831893656,1.01909101901982,0.0330254488934218,0.000280554766809219,-0.168397447949053,0.98571917883564,1,3.31079632679475,0.461659434738108,0.835889960188659,0.544893531304831,0.0558024959475566,0.850912342907944,1.87265543127452,423.739503029599,0.0038927
1.76,-0.00362970566382321,1.11503814828753,0.99996697346953,3.12747113192579,1.02828781219345,0.041145913485803,0.000242226036548517,-0.188076838892856,0.982154317137708,1,3.33079632679475,0.456858859917286,0.82399304236728,0.544908070423871,0.05549880446984,0.851177471533187,1.91726299011168,417.406117224427,0.0048484
1.78,-0.0242865134058001,1.11416358438108,0.999971487043787,3.15341404344494,1.03739821894774,0.0485998826697174,0.000209131389142166,-0.207681001608761,0.978196606808137,1,3.35079632679475,0.451775434082493,0.812220592547823,0.544920625464221,0.0551979942703667,0.850619679478521,1.96184930735463,411.105713777833,0.0043697
1.8,-0.0450913048028999,1.11260783949572,0.999975383923241,3.17922664550885,1.04639289264536,0.0554032665914852,0.000180556556261665,-0.227202094693065,0.97384763087829,1,3.37079632679475,0.44642724740785,0.800600766714037,0.544931466897304,0.0549004476871685,0.849232577524457,2.00638699419489,404.84688575482,0.0041239
1.82,-0.066020892436219,1.11037845133612,0.999978748335196,3.20490869890953,1.05524418281325,0.0615735504682467,0.000155884639291054,-0.246632309968812,0.969109128880554,1,3.39079632679474,0.440833197015931,0.78915924976355,0.544940828384092,0.0546065232645918,0.847010711329349,2.05084895235672,398.637871513965,0.0045564
1.84,-0.0870524765948783,1.10748347787951,0.999981653010164,3.2304601327984,1.06392618492352,0.0671296142658882,0.000134582857564277,-0.265963875608959,0.963982996152549,1,3.41079632679474,0.435012819998156,0.777919314833142,0.544948911772096,0.05431655544963,0.843949546365832,2.09520839559108,392.486528173313,0.0046895
1.86,-0.108163665713217,1.10393146382029,0.999984160749695,3.25588104329653,1.07241477640563,0.0720915575792067,0.000116191095518795,-0.285189059245001,0.958471283079019,1,3.43079632679474,0.42898613538738,0.766901888263068,0.544955891416738,0.0540308544329315,0.840045451996658,2.13943886981297,386.400309332838,0.0042974
1.88,-0.129332494720574,1.09973140778007,0.999986325780706,3.2811716912155,1.08068763970467,0.0764805303262888,0.00010031200554461,-0.304300171059814,0.952576194271703,1,3.45079632679474,0.422773495365425,0.756125620954013,0.544961917917888,0.0537497061354135,0.835295684775074,2.18351427191167,380.386246858976,0.004199
1.9,-0.150537441386892,1.09489273033357,0.999988194925321,3.30633249896998,1.0887242732343,0.0803185698445369,8.66024559842358e-05,-0.323289566863485,0.946300087687525,1,3.47079632679473,0.4163954458999,0.745606965704479,0.544967121350222,0.0534733723312333,0.829698371051572,2.22740886726555,374.450936521746,0.0041201
1.92,-0.171757440748976,1.08942524289594,0.999989808611302,3.33136404676135,1.09650599109661,0.0836284449023054,7.47661420641009e-05,-0.342149651150881,0.939645473685438,1,3.49079632679473,0.409872596921612,0.735360259781136,0.544971614055662,0.0532020908952572,0.823252488965478,2.271097305995,368.600527264721,0.0040252
1.94,-0.192971897703327,1.08333911751141,0.999991201744743,3.35626706810948,1.10401591245481,0.0864335070539133,6.45472021023906e-05,-0.360872880139751,0.932615014022317,1,3.51079632679473,0.40322550207504,0.725397811601116,0.544975493056897,0.052936076160283,0.815957849896462,2.31455463798875,362.840713881205,0.0039034
1.96,-0.214160697852206,1.07664485757779,0.99999240446379,3.3810424448077,1.11123894144926,0.0887575496661811,5.57247025854167e-05,-0.37945176478814,0.925211520788288,1,3.53079632679473,0.396474548007633,0.715729991396416,0.544978842143338,0.0526755193764826,0.807815079447546,2.35775632674037,357.176732865948,0.0047206
1.98,-0.235304216689808,1.06935326953614,0.999993442789558,3.40569120137291,1.11816173854239,0.0906246748893036,4.81078741870122e-05,-0.397878873789903,0.917437955281933,1,3.55079632679473,0.3896398530917,0.706365324255235,0.544981733673592,0.0524205892546333,0.798825598027763,2.40067826203291,351.61336120891,0.0039024
2,-0.256383327215309,1.06147543554956,0.999994339188267,3.43021449906032,1.12477268416617,0.0920591687308535,4.15319966799587e-05,-0.416146836547131,0.909297426825808,1,3.57079632679472,0.382741175420599,0.697310585247668,0.544984230132991,0.052171432585655,0.788991601099121,2.44329677151092,346.15491789854,0.0038256
2.02,-0.277379406059024,1.05302268719032,0.999995113056679,3.45461362950865,1.13106183552598,0.0930853843365251,3.58548445565831e-05,-0.43424834611829,0.900793191522756,1,3.59079632679472,0.375797829866421,0.688570895838645,0.544986385479284,0.0519281749242732,0.778316039149065,2.48558863117964,340.805267903396,0.0037595
2.04,-0.298274338207113,1.04400658014953,0.999995781141296,3.47889000807863,1.13702087738963,0.0937276335085404,3.09536170989532e-05,-0.452176162140903,0.891928650953512,1,3.61079632679472,0.368828613942022,0.680149820932014,0.544988246305236,0.0516909213266386,0.766802597446211,2.52753107487217,335.567828404454,0.0041485
2.06,-0.319050520409079,1.03443886997931,0.999996357900336,3.503045166944,1.14264306765945,0.0940100864299001,2.67222869840766e-05,-0.469923113727595,0.882707350816109,1,3.63079632679472,0.361851660975245,0.672045569848894,0.544989846264948,0.0514597091260138,0.754455675633704,2.56910180272559,330.445577166568,0.0037346
2.08,-0.339690863910121,1.02433149040626,0.99999685579263,3.52708074695954,1.14792317321937,0.0939565177567779,2.30669423652629e-05,-0.487482102334354,0.873132979507655,1,3.65079632679472,0.35488472388862,0.664267532293669,0.544991235643178,0.0512347336798538,0.741280367203833,2.61027898872802,325.441065974294,0.0037142
2.1,-0.360178794824182,1.01369652924926,0.999997285579793,3.55099849229024,1.15285742035678,0.0935907463108356,1.99117739094789e-05,-0.504846104599854,0.863209366649015,1,3.67079632679472,0.347944591766313,0.656810236908041,0.544992434816717,0.0510159313424601,0.727282438895064,2.65104128739348,320.556421150255,0.0035099
2.12,-0.380498253515163,1.00254620584392,0.999997656580611,3.57480024327131,1.15744341990655,0.0929359868242513,1.71883079277123e-05,-0.522008175154706,0.85294048155302,1,3.69079632679472,0.3410474151929,0.649672039944019,0.544993469852794,0.0508033647061742,0.712468310118973,2.69136783943467,315.793368477622,0.0038801
2.14,-0.400633694231587,0.990892852871805,0.99999797683824,3.59848792727867,1.16168010031724,0.0920149940355605,1.48374549335572e-05,-0.538961449399512,0.842330431636792,1,3.71079632679472,0.334208578332955,0.642850198999614,0.544994363243696,0.0505970481448561,0.696845032389765,2.73123827667012,311.153243309787,0.0035817
2.16,-0.420570083125504,0.978748897230872,0.999998253295016,3.62206355205486,1.16556763795159,0.0908499996462758,1.28082226640857e-05,-0.555699146250615,0.831383460778833,1,3.73079632679472,0.32744266921377,0.636340967866877,0.544995134357111,0.0503969810563796,0.680420268805572,2.77063272617201,306.637005857419,0.0034906
2.18,-0.440292895424662,0.966126841928291,0.999998491943155,3.64552919834689,1.16910738599389,0.0894626573549069,1.10565912238713e-05,-0.572214570852441,0.820103947621527,1,3.75079632679472,0.320763458205537,0.630139692043276,0.544995799938924,0.0502031484455205,0.663202273626166,2.80953181366928,302.245257354594,0.0036636
2.2,-0.459788111826497,0.953039248975518,0.999998697954759,3.66888701262431,1.17230180263351,0.0878739949566432,9.54456923650472e-06,-0.588501117255352,0.808496403819746,1,3.77079632679472,0.314183881372389,0.624240893576398,0.544996374439666,0.0500155216228138,0.645199871979562,2.84791666624658,297.978256907778,0.0049392
2.22,-0.479042214180656,0.939498723264842,0.999998875794126,3.69213919989721,1.17515437895356,0.086104372870812,8.239367516255e-06,-0.604552271057938,0.796565472236245,1,3.79079632679472,0.307716029533638,0.618638354586142,0.544996870329545,0.0498340591077019,0.626422439727323,2.88576891437878,293.835938878003,0.0037893
2.24,-0.498042180524757,0.925517897406976,0.999999029314663,3.71528801665842,1.17766956695833,0.0841734488394279,7.11268615244056e-06,-0.62036161201269,0.784315925084581,1,3.81079632679472,0.301371142356949,0.613325197197071,0.544997298370175,0.0496587074955184,0.606879883515706,2.92307069333978,289.817930653113,0.0036271
2.26,-0.516775479535127,0.911109417506836,0.999999161842519,3.73833576397553,1.17985270812109,0.0821001484388055,6.14009941546247e-06,-0.635922816594015,0.771752662020289,1,3.83079632679472,0.295159607084388,0.608293959910953,0.544997667848924,0.0494894023101001,0.586582621037276,2.95980464402363,285.92357067794,0.0036316
2.28,-0.53523006445156,0.896285929853199,0.999999276248764,3.76128478075476,1.18170996279292,0.0799026410495192,5.30052502792135e-06,-0.651229660527561,0.758880708181088,1,3.85079632679472,0.289090961503038,0.603536670426166,0.544997986781092,0.0493260688383874,0.565541561525204,2.99595391321514,282.151926620438,0.0035716
2.3,-0.553394366532376,0.881060068496616,0.999999375011676,3.78413743719604,1.18324824077419,0.0775983209335141,4.57576622110313e-06,-0.666276021279842,0.745705212176889,1,3.87079632679472,0.283173900783421,0.599044914905501,0.5449982620843,0.0491686229447442,0.543768086500155,3.03150215334585,278.501813561849,0.0033951
2.32,-0.571257288093344,0.865444443688756,0.999999460270504,3.80689612845586,1.18447513331343,0.0752037930720948,3.9501165692656e-06,-0.681055880507172,0.732231444030422,1,3.89079632679472,0.277416287821979,0.594809903697748,0.544998499728941,0.0490169718631687,0.521274030787468,3.06643352177047,274.971812108829,0.0034374
2.34,-0.588808195181273,0.849451631155324,0.999999533871859,3.829563268532,1.18539884676332,0.0727348634249352,3.41001898810024e-06,-0.695563326462924,0.7184647930693,1,3.91079632679472,0.271825166738395,0.590822533527659,0.544998704867995,0.0488710149658881,0.498071663820247,3.10073267959765,271.560286335086,0.0034767
2.36,-0.606036909930332,0.833094162173793,0.999999597409764,3.85214128438219,1.18602813809101,0.0702065332781641,2.94377146619386e-06,-0.709792556362145,0.704410765770352,1,3.93079632679472,0.266406779193801,0.587073446180397,0.54499888194902,0.0487306445071281,0.474173671242016,3.13438479010786,268.265401469432,0.0034258
2.38,-0.622933702646506,0.816384514426476,0.99999965226021,3.87463261028614,1.18637225240954,0.0676329973588692,2.54127311339549e-06,-0.723737878702596,0.690074983557115,1,3.95079632679472,0.261166583212006,0.583553083719024,0.544999034810789,0.04859574634105,0.449593136820702,3.16737551678998,265.085141256107,0.0037013
2.4,-0.639489283662895,0.799335103598891,0.999999699610991,3.89703968245883,1.18644086266875,0.065027645403853,2.19380499756884e-06,-0.737393715541275,0.675463180551332,1,3.97079632679472,0.256109274202524,0.580251740286063,0.544999166766668,0.0484662006131571,0.424343524683959,3.19969102102706,262.0173249219,0.0035082
2.42,-0.655694795005994,0.781958275692945,0.999999740487451,3.9193649339208,1.18624401161835,0.0624030668819993,1.89384099818714e-06,-0.750754604725523,0.660581201279384,1,3.99079632679472,0.251238807900929,0.577159610551713,0.544999280676575,0.0483418824246197,0.398438661884192,3.23131795946034,259.059623692769,0.0034211
2.44,-0.671541801910526,0.764266300024162,0.999999775774706,3.94161078962971,1.18579205613164,0.0597710585819512,1.63488456528573e-06,-0.763815202077809,0.645434998334556,1,4.01079632679472,0.246558424959025,0.574266834881775,0.544999379009066,0.048222662469212,0.371892721300085,3.26224348105965,256.209576810502,0.0034356
2.46,-0.687022284217917,0.746271362872054,0.99999980623683,3.96377966187567,1.18509561395709,0.0571426347897664,1.41132782914046e-06,-0.776570283533331,0.63003062999608,1,4.03079632679472,0.242070676934184,0.571563541307456,0.544999463894912,0.0481084076426475,0.344720204879962,3.29245522392681,253.464607007333,0.0037813
2.48,-0.702128627691094,0.727985561752697,0.999999832533409,3.98587394594174,1.1841655129448,0.0545280397946213,1.21832999752205e-06,-0.789014747229571,0.614374257805902,1,4.05079632679472,0.23777745344381,0.569039884387268,0.544999537173352,0.0479989816243529,0.316935927231003,3.32194131185765,250.822035403332,0.0037732
2.5,-0.716853615275944,0.709420900282637,0.999999855233833,4.00789601602926,1.18301274277767,0.0519367624743111,1.05171240416415e-06,-0.801143615546977,0.598472144104148,1,4.07079632679472,0.233680010267226,0.566686081057438,0.544999600431986,0.0478942454317335,0.288554999557022,3.35069035068681,248.279095797941,0.0036683
2.52,-0.731190418337501,0.690589283603493,0.999999874829636,4.02984822144708,1.18164840922071,0.0493775527260651,9.0786791914756e-07,-0.812952037099936,0.582330649524276,1,4.09079632679472,0.229778998193088,0.564492443572726,0.544999655041223,0.0477940579471746,0.259592813946386,3.37869142443845,245.832948333014,0.0035337
2.54,-0.745132587896753,0.671502514336853,0.999999891745143,4.0517328830622,1.18008369088819,0.0468584395219587,7.83682759320964e-07,-0.824435288677271,0.565956230448899,1,4.11079632679472,0.226074492425904,0.562449409643356,0.544999702184,0.047698276418088,0.230065028010555,3.4059340913046,243.480692510372,0.0035989
2.56,-0.758674045891842,0.652172289039499,0.99999990634666,4.07355229000871,1.17832979851569,0.0443867503817995,6.76468999353159e-07,-0.835588777131459,0.549355436427325,1,4.13079632679472,0.222566022379898,0.560547569876746,0.54499974288144,0.0476067569303678,0.199987549872742,3.43240837947189,241.21937955204,0.0036073
2.58,-0.771809076485434,0.63261019512941,0.999999918950413,4.09530869665106,1.17639793671296,0.0419691320697221,5.83906317673705e-07,-0.84640804121583,0.532534907555821,1,4.15079632679472,0.219252601702733,0.558777692634641,0.544999778014993,0.0475193548557281,0.169376523505263,3.45810478281591,239.046024096092,0.0035688
2.6,-0.784532317438068,0.612827708253538,0.999999929829394,4.11700431979675,1.17429926816441,0.0396115723337435,5.03991715058344e-07,-0.856888753369005,0.515501371821666,1,4.17079632679472,0.216132758385098,0.557130746417244,0.544999808345542,0.0474359252734212,0.138248314413342,3.48301425648165,236.957615225349,0.0035425
2.62,-0.796838751565482,0.592836190068969,0.999999939219272,4.13864133615324,1.17204488023519,0.0373194225201412,4.34996110202274e-07,-0.867026721445863,0.498261642412042,1,4.19079632679472,0.213204564824952,0.555597919886154,0.544999834529905,0.0473563233668738,0.106619495662361,3.50712821236687,234.951126830125,0.0038992
2.64,-0.80872369829609,0.572646886409704,0.999999947323502,4.16022188002301,1.16964575393434,0.0350974209066648,3.75426876034663e-07,-0.876817890394345,0.480822614988854,1,4.21079632679472,0.210465667727465,0.554170639637552,0.544999857135064,0.0472804047958337,0.0745068342448547,3.53043851452468,233.023527309763,0.0038288
2.66,-0.820182805343173,0.552270925812022,0.999999954317725,4.18174804123028,1.16711273518021,0.032949716610239,3.23995499188396e-07,-0.886258343877419,0.463191264930552,1,4.23079632679472,0.207913317733097,0.552840585835984,0.544999876650462,0.0472080260446474,0.0419272777829713,3.55293747449993,231.171788620859,0.0037464
2.68,-0.831212040504675,0.531719318372131,0.999999960353577,4.20322186327274,1.1644565083083,0.030879893935927,2.79589665547104e-07,-0.895344305839562,0.44537464454208,1,4.25079632679472,0.205544398677006,0.551599705817617,0.5449998934986,0.0471390447472519,0.00889794156152337,3.57461784661339,229.392894682913,0.0036749
2.7,-0.841807683602042,0.511002954910604,0.999999965561965,4.22464534169096,1.16168757175792,0.028890997044478,2.41249161513263e-07,-0.904072142017134,0.42737988023404,1,4.27079632679472,0.203355456393185,0.550440225769911,0.544999908044204,0.0470733199895854,-0.0245639041136934,3.59547282320646,227.683849154626,0.0039446
2.72,-0.85196631856806,0.490132606418914,0.999999970055908,4.24602042264796,1.15881621587048,0.0269855548257778,2.08145075001238e-07,-0.912438361392034,0.409214169672229,1,4.29079632679472,0.201342726986018,0.549354660592408,0.544999920602118,0.0470107125900167,-0.0584408462380849,3.61549602985821,226.041682596219,0.0038917
2.74,-0.86168482569232,0.469118923764233,0.999999973932977,4.26734900171145,1.15585250272964,0.0251656058749439,1.79561837357806e-07,-0.92043961758806,0.390884778898665,1,4.31079632679472,0.199502164500853,0.548335822040776,0.544999931444133,0.0469510853584804,-0.0927153411170834,3.63468152058542,224.463459035022,0.0038119
2.76,-0.870960374031661,0.447972437629544,0.999999977277413,4.28863292283062,1.1528062479719,0.0234327234766644,1.5488172518165e-07,-0.928072710209416,0.37239903942527,1,4.33079632679472,0.197829467933358,0.547376825253592,0.544999940804872,0.0468943033349719,-0.127369726068067,3.65302377303572,222.946281953154,0.0038566
2.78,-0.879790413991728,0.426703558666968,0.999999980161945,4.30987397749961,1.14968700449443,0.0217880405116928,1.33571478991751e-07,-0.935334586120825,0.353764345301358,1,4.35079632679472,0.196320107524964,0.54647109375837,0.544999948886872,0.0468402340080613,-0.162386230822103,3.6705176836826,221.487299717461,0.0040286
2.8,-0.888172670084685,0.405322577843155,0.999999982649367,4.33107390409953,1.14650404798624,0.0202322742071706,1.15170752893374e-07,-0.942222340668748,0.334988150156122,1,4.37079632679472,0.194969350298791,0.545612363050454,0.544999955864972,0.0467887475140923,-0.197746988632457,3.68715856303047,220.083710472909,0.0038466
2.82,-0.896105133867037,0.383839666956469,0.999999984793896,4.35223438741079,1.14326636420845,0.0187657506597008,9.928214289236e-08,-0.9487332188432,0.316077964217272,1,4.39079632679471,0.193772284796953,0.544794682835232,0.544999961890107,0.0467397168177105,-0.233434047097006,3.70294213083703,218.732766521514,0.0038056
2.84,-0.90358605706059,0.362264879306605,0.999999986642344,4.37335705828759,1.13998263794879,0.0173884290668407,8.55625813699527e-08,-0.954864616379723,0.297041351307051,1,4.41079632679471,0.192723844986093,0.54401241802113,0.544999967092567,0.0466930178743915,-0.269429378701818,3.71786451135952,217.431778209519,0.0038679
2.86,-0.910613944858603,0.340608150498228,0.999999988235129,4.39444349348641,1.13666124357643,0.0160999256089524,7.37159056584285e-08,-0.960614080801053,0.277885925816807,1,4.43079632679471,0.191818833250488,0.543260248275616,0.544999971576047,0.0466485297598711,-0.305714891093263,3.73192222863033,216.178117345829,0.004006
2.88,-0.917187549418504,0.318879299361149,0.999999989607121,4.41549521563995,1.13331023712064,0.0148995369181965,6.34832825540281e-08,-0.965979312398079,0.258619349661332,1,4.45079632679471,0.191051942698849,0.542533167497747,0.544999975446266,0.0466061348513824,-0.342272437086108,3.74511220176733,214.969220175795,0.0038985
2.9,-0.923305863541464,0.29708802897034,0.999999990788393,4.43651369336928,1.12993734980842,0.0137862631287624,5.46439383996182e-08,-0.970958165149698,0.239249329214205,1,4.47079632679471,0.190417778326633,0.541826481033067,0.544999978790965,0.0465657188822841,-0.379083824415045,3.75743174032291,213.802589932633,0.0038775
2.92,-0.928968114538496,0.275243927750048,0.999999991804919,4.45750034152601,1.12654998297898,0.0127588304140793,4.70086856495692e-08,-0.975548647581193,0.21978361222534,1,4.49079632679471,0.189910877357468,0.54113580243062,0.544999981681373,0.0465271710534192,-0.416130825237151,3.76887853967566,212.675798990958,0.0039508
2.94,-0.934173758282403,0.253356470647298,0.999999992679145,4.47845652155555,1.12315520430724,0.0118157129948129,4.0413979890314e-08,-0.979748923560798,0.200229984721994,1,4.51079632679471,0.189525728695563,0.540457049513295,0.544999984179113,0.046490384126062,-0.453395185392695,3.77945067646758,211.586490645654,0.0039742
2.96,-0.938922473444039,0.231435020360832,0.99999999343047,4.49938354197439,1.1197597452678,0.0109551545912191,3.47184606696198e-08,-0.983557313034124,0.180596267894457,1,4.53079632679471,0.189256791426118,0.539786439539577,0.544999986337482,0.0464552544856059,-0.490858633431728,3.78914660408938,210.53238053891,0.0037446
2.98,-0.943214155910805,0.209488828612378,0.999999994075654,4.52028265895369,1.11636999976965,0.0101751892856716,2.97999542852205e-08,-0.986972292696159,0.160890314967681,1,4.55079632679471,0.189098512384522,0.539120483643467,0.544999988202572,0.0464216821952525,-0.52850288941377,3.79796514821592,209.511257758215,0.003688
3,-0.947048913384844,0.187527037448006,0.999999994629182,4.54115507700167,1.11299202389417,0.00947366177020467,2.5552880268304e-08,-0.989992496600571,0.141120008060093,1,4.57079632679471,0.189045342794799,0.538455980616357,0.544999989814236,0.0463895710371334,-0.566309673487843,3.80590550239303,208.520985627534,0.0039026
3.02,-0.950427060157955,0.165558680558171,0.999999995103571,4.56200194973728,1.10963153667054,0.00884824695721025,2.18860053223972e-08,-0.992616716706066,0.121293255030856,1,4.59079632679471,0.189091753980526,0.537790010092177,0.544999991206929,0.0463588285410584,-0.604260714259973,3.81296722367683,207.559502213342,0.0037513
3.04,-0.95334911205988,0.143592684605823,0.999999995509636,4.5828243807481,1.10629392182399,0.00829646893457443,1.87204997047667e-08,-0.994843903359592,0.101417986316828,1,4.61079632679471,0.189232252154013,0.537119925194611,0.544999992410426,0.0463293660014435,-0.64233775695517,3.8191502283261,206.624820566606,0.0037256
3.06,-0.955815781576224,0.121637870552774,0.999999995856724,4.60362342452516,1.10298423043393,0.00781571924947636,1.59882532046078e-08,-0.996673165716183,0.081502151760496,1,4.63079632679471,0.189461392291858,0.536443344702716,0.544999993450466,0.0463010984830175,-0.680522571380748,3.82445478754769,205.715028721124,0.0037061
3.08,-0.957827973132017,0.0997029549752498,0.999999996152911,4.62440008746812,1.09970718444067,0.00740327450780631,1.3630421052863e-08,-0.998103772095286,0.0615537174301403,1,4.65079632679471,0.189773791107135,0.535758144788916,0.544999994349296,0.0462739448158248,-0.718796959697683,3.82888152329487,204.828289467931,0.0039866
3.1,-0.959386778536626,0.0777965513602996,0.999999996405177,4.64515532895393,1.09646718094063,0.00705631327870975,1.15961676826652e-08,-0.999135150273423,0.0415806624335178,1,4.67079632679471,0.190164139130889,0.53506245038465,0.544999995126217,0.0462478275802837,-0.757142764006559,3.83243140411788,203.962839924736,0.0039737
3.12,-0.960493472585508,0.0559271713754497,0.999999996619555,4.66589006246258,1.09326829721215,0.00677193229629362,9.84160592456021e-09,-0.999766887713076,0.0215909757263234,1,4.69079632679471,0.190627211914812,0.534354626206155,0.544999995797753,0.0462226730821213,-0.795541873754461,3.83510574106587,203.116990918577,0.0038055
3.14,-0.961149508814129,0.0341032261046624,0.999999996801259,4.68660515675362,1.09011429641487,0.00654716195206034,8.3287971307692e-09,-0.999998731727691,0.00159265291671432,1,4.71079632679471,0.19115788037475,0.533633267519976,0.544999996378265,0.0461984113193444,-0.833976232968996,3.83690618363897,202.289126199096,0.0037761
3.16,-0.961356515399174,0.0123330272443272,0.999999996954796,4.70730143708747,1.08700863390799,0.00637898107506963,7.02497249140435e-09,-0.999830589582754,-0.0184063069328264,1,4.73079632679471,0.191751120288168,0.532897190661289,0.544999996880139,0.0461749759398715,-0.872427847325439,3.837834715789,201.477701499016,0.0041782
3.18,-0.961116291202098,-0.00937521174636233,0.999999997084064,4.7279796864855,1.08395446413375,0.00626433099744133,5.90182234962469e-09,-0.99926252853288,-0.038397904505008,1,4.75079632679471,0.192402020966034,0.532145423364097,0.544999997314033,0.0461523041916595,-0.910878791052782,3.83789365196714,200.681243457591,0.003929
3.2,-0.960430801949931,-0.0310133745456879,0.999999997192431,4.74864064702348,1.08095464801441,0.00620012890534466,4.93487415699803e-09,-0.998294775794916,-0.0583741434273529,1,4.77079632679471,0.193105793119304,0.531377194948144,0.544999997689259,0.0461303368656944,-0.949311213684295,3.8370856332166,199.898348421984,0.0037369
3.22,-0.959302176548208,-0.0525734409248083,0.99999999728281,4.76928502115273,1.0780117608125,0.00618328047750063,4.10300727939386e-09,-0.996927718457053,-0.0783270334706384,1,4.79079632679471,0.193857775937965,0.530591926380033,0.544999998013698,0.0461090182314306,-0.987707346657977,3.83541362330823,199.127681140701,0.0038191
3.24,-0.957732703520839,-0.0740474857622,0.99999999735772,4.78991347304385,1.07512810040574,0.00621069181397272,3.38793863509693e-09,-0.995161903324,-0.0982485937448821,1,4.8107963267947,0.194653443409576,0.529789220283904,0.544999998294368,0.0460882959671265,-1.02604950977207,3.8328809049167,198.367973362408,0.0039285
3.26,-0.955724827571714,-0.0954276781205361,0.999999997419338,4.81052662994815,1.07230569592972,0.00627928066116095,2.77391094418192e-09,-0.992998036698266,-0.118130855891592,1,4.8307963267947,0.195488409892892,0.528968850885452,0.544999998537096,0.0460681210828563,-1.06432011750065,3.82949107583487,197.618022352659,0.0038354
3.28,-0.953281146262859,-0.116706280388904,0.99999999746955,4.83112508357179,1.06954631674278,0.00638598693822666,2.24726558574786e-09,-0.990436984097651,-0.137965867271002,1,4.8507963267947,0.196358434978386,0.528130753981731,0.544999998747117,0.0460484478399368,-1.10250168517397,3.82524804522385,196.876689340266,0.0037089
3.3,-0.950404406803925,-0.137875647492803,0.999999997509985,4.85170939145827,1.06685148166957,0.00652778257403197,1.7962275876863e-09,-0.987479769909046,-0.157745694143024,1,4.8707963267947,0.19725942765191,0.527275016913005,0.544999998928815,0.046029233664034,-1.14057683502828,3.82015602989592,196.142897904291,0.003823
3.32,-0.947097502947912,-0.158928226173913,0.999999997542053,4.87228007837485,1.06422246848097,0.00670168066265836,1.41060101701043e-09,-0.9841275769787,-0.177462424840636,1,4.8907963267947,0.198187449792543,0.526401868608981,0.544999999086045,0.0460104390550961,-1.17852830212921,3.81421955062772,195.41563231188,0.0038453
3.34,-0.943363471987984,-0.179856554341229,0.999999997566975,4.89283763769875,1.06166032356983,0.0069047439485987,1.08157706226222e-09,-0.980381746139088,-0.197108172934447,1,4.9107963267947,0.199138719026369,0.525511669713302,0.544999999222133,0.0459920274928571,-1.21633894017319,3.80744342850087,194.693935816435,0.0036156
3.36,-0.939205491850385,-0.200653260494753,0.999999997585806,4.91338253279941,1.05916587178372,0.00713409265285236,8.01545100198946e-10,-0.976243775672602,-0.216675080387157,1,4.9307963267947,0.200109610962864,0.524604902818925,0.544999999339886,0.0459739653390556,-1.25399172717057,3.79983278126697,193.976908924927,0.0036102
3.38,-0.934626878278489,-0.221311063222575,0.999999997599461,4.93391519841289,1.05673972637725,0.00738691165252657,5.63904153278254e-10,-0.971715320712259,-0.236155320696675,1,4.9507963267947,0.20109666084216,0.523682162851016,0.544999999441868,0.04595622173719,-1.29146977101432,3.79139301973434,193.263707642462,0.0035806
3.4,-0.929631082103115,-0.241822770771852,0.999999997608729,4.95443604200518,1.05438229904828,0.00766045702806594,3.62976736351465e-10,-0.966798192579661,-0.255541102026611,1,4.9707963267947,0.202096564614831,0.522744147592708,0.544999999530113,0.0459387685088912,-1.32875631493788,3.78212984417326,192.553541701566,0.0038654
3.42,-0.924221686594364,-0.262181280693865,0.999999997614297,4.97494544512105,1.05209381002396,0.00795206199204763,1.93817543031964e-10,-0.961494358060503,-0.274824670322904,1,4.9907963267947,0.203106179487698,0.521791648413395,0.544999999606521,0.04592158004941,-1.36583474286539,3.77204924073701,191.845672783051,0.0038845
3.44,-0.918402404890291,-0.282379579563052,0.999999997616757,4.99544376471546,1.0498742981641,0.00825914221598038,5.21649866806177e-11,-0.955805938617874,-0.293998312415349,1,5.0107963267947,0.204122523955853,0.520825541182632,0.544999999672668,0.0459046332204387,-1.40268858465758,3.76115747789552,191.139412734687,0.0038428
3.46,-0.912177077497893,-0.302410742769633,0.999999997616622,5.0159313344647,1.04772363105094,0.00857920057083742,-6.56744759516012e-11,-0.949735209543708,-0.313054359102753,1,5.0307963267947,0.205142777352331,0.519846777412217,0.544999999729903,0.0458879072422805,-1.43930152125632,3.74946110287886,190.434121793393,0.0037701
3.48,-0.905549669861957,-0.322267934385236,0.999999997614336,5.03640846605469,1.0456415150361,0.00890983129885913,-1.62909584805112e-10,-0.943284599048691,-0.331985188220518,1,5.0507963267947,0.206164278941463,0.518856375637682,0.544999999779482,0.0458713835851641,-1.47565738973051,3.73696693812754,189.729206816066,0.0037436
3.5,-0.898524269997479,-0.341944407100647,0.999999997610285,5.05687545044395,1.04362750521712,0.00924872363462568,-2.42295966717739e-10,-0.936456687291015,-0.350783227689405,1,5.0707963267947,0.207184526579978,0.517855413041432,0.544999999822358,0.0458550458595381,-1.51174018822604,3.72368207774674,189.024119523706,0.0035781
3.52,-0.891105086181466,-0.361433502234665,0.999999997604799,5.07733255909911,1.04168101531731,0.00959366489351521,-3.06247122200039e-10,-0.929254205344346,-0.369440958544264,1,5.0907963267947,0.208201174978147,0.516845017356298,0.544999999859448,0.0458388797070644,-1.54753408082221,3.7096138839616,188.318354762986,0.0035778
3.54,-0.883296444700057,-0.380728649812803,0.999999997598168,5.09778004520097,1.03980132744463,0.00994254304728817,-3.56845829646209e-10,-0.92168003410543,-0.387950917941519,1,5.1107963267947,0.20921203358227,0.51582635903778,0.54499999989154,0.0458228726911382,-1.58302340229704,3.69476998357072,187.611448788961,0.0039297
3.56,-0.875102787647046,-0.399823368714448,0.999999997590641,5.11821814481923,1.03798760170665,0.0102933488060435,-3.95891609588835e-10,-0.913737203141775,-0.406305702144207,1,5.1307963267947,0.210215064107212,0.5148006437266,0.544999999919253,0.0458070141881338,-1.61819266280339,3.67915826439523,186.902977572213,0.0042849
3.58,-0.866528670770011,-0.418711266886913,0.999999997582432,5.13864707805426,1.03623888566017,0.0106441772267103,-4.24960552397243e-10,-0.905428889479863,-0.424497969483374,1,5.1507963267947,0.211208377746353,0.513769105015256,0.544999999943191,0.0457912952797328,-1.65302655245804,3.66278687172056,186.192555133293,0.0042958
3.6,-0.85757876136037,-0.437386041624694,0.999999997573728,5.15906705014455,1.03455412357586,0.0109932288687899,-4.45411784216395e-10,-0.896758416334384,-0.442520443294646,1,5.1707963267947,0.212190232081633,0.512732997515163,0.544999999963857,0.0457757086459796,-1.68750994584553,3.64566420472831,185.47983190699,0.0042042
3.62,-0.848257836183837,-0.455841479912114,0.99999999756469,5.17947825253856,1.03293216549964,0.0113388105179099,-4.58423384902181e-10,-0.887729251778991,-0.460365914828793,1,5.1907963267947,0.21315902772109,0.511693590238981,0.54499999998165,0.0457602484599465,-1.72162790643838,3.62779891291577,184.764493138568,0.0040114
3.64,-0.838570779447866,-0.474071458827449,0.999999997555456,5.19988086392971,1.03137177609401,0.0116793354983387,-4.65029549406501e-10,-0.878345007359118,-0.47802724613514,1,5.2107963267947,0.214113304689048,0.510652160303912,0.544999999996961,0.0457449102840993,-1.75536569093528,3.60919989250043,184.046257313835,0.0036248
3.66,-0.828522580802786,-0.492069946006503,0.999999997546144,5.22027505125392,1.02987164324422,0.0120133235958113,-4.66123501002477e-10,-0.868609436647413,-0.495497372916644,1,5.2307963267947,0.215051738591506,0.509609986954415,0.545000000010128,0.0457296909683564,-1.78870875351868,3.58987628280713,183.324874624574,0.0035471
3.68,-0.818118333373493,-0.509831000163558,0.999999997536858,5.24066097064858,1.02843038641552,0.0123394006119064,-4.62477244372513e-10,-0.858526433742353,-0.512769307355525,1,5.2507963267947,0.215973136581347,0.508568345910138,0.545000000021404,0.0457145885503084,-1.82164275003306,3.56983746263554,182.600125470622,0.003668
3.7,-0.807363231818632,-0.527348771667524,0.999999997527686,5.26103876837258,1.02704656474913,0.0126562975714033,-4.54771657093152e-10,-0.848100031710663,-0.529836140908297,1,5.2707963267947,0.216876433147883,0.507528504044003,0.545000000031034,0.0456996021578643,-1.85415354208499,3.54909304660568,181.871818999616,0.0037491
3.72,-0.796262570414368,-0.544617503171079,0.999999997518702,5.28140858168692,1.02571868488611,0.0129628496041768,-4.43599260751745e-10,-0.837334400974138,-0.546691047069093,1,5.29079632679469,0.21776068575131,0.506491714385621,0.545000000039256,0.0456847319142503,-1.8862272010661,3.52765288147931,181.139791685189,0.0037207
3.74,-0.784821741159946,-0.561631530290513,0.999999997509971,5.30177053969544,1.02444520850972,0.0132579945229001,-4.29466956535981e-10,-0.826233847641533,-0.563327284100178,1,5.31079632679469,0.218625070323884,0.50545921144991,0.545000000046233,0.0456699788455796,-1.91785001209978,3.50552704245518,180.40390594421,0.003554
3.76,-0.773046231902328,-0.578385282333985,0.999999997501548,5.32212476414572,1.02322455959787,0.0135407711177291,-4.128231679664e-10,-0.814802811786177,-0.579738197728553,1,5.33079632679469,0.219468876661296,0.504432206894349,0.545000000052122,0.0456553447914696,-1.9490084779126,3.48272582943605,179.664048793462,0.0038553
3.78,-0.760941624477363,-0.594873283075832,0.999999997493479,5.34247137018993,1.02205513137914,0.0138103171891684,-3.94059404090404e-10,-0.803045865669999,-0.595917223807577,1,5.35079632679469,0.220291503722241,0.503411885496899,0.545000000057061,0.0456408323183926,-1.97968932263093,3.45925976326566,178.92013054597,0.0039225
3.8,-0.748513592864983,-0.611090151574581,0.999999997485804,5.36281046710582,1.02093529298661,0.0140658673398547,-3.73517364909622e-10,-0.790967711914688,-0.611857890942534,1,5.37079632679469,0.221092454857044,0.502399401453524,0.545000000061193,0.0456264446361589,-2.00987949550361,3.43513958193393,178.172083547048,0.0040417
3.82,-0.735767901356077,-0.627030603032256,0.999999997478554,5.38314215897798,1.01986339580524,0.014306750545817,-3.51487911092937e-10,-0.778573181620707,-0.627553823079111,1,5.39079632679469,0.221871332982708,0.501395874988689,0.545000000064607,0.045612185517469,-2.03956617455096,3.41037623674848,177.419860949995,0.0039947
3.84,-0.722710402728768,-0.642689449692615,0.999999997471756,5.40346654533977,1.01883777950962,0.0145323875273351,-3.28229538087618e-10,-0.765867232434915,-0.642998742053729,1,5.41079632679469,0.222627835725146,0.500402389277727,0.545000000067392,0.0455980592208639,-2.06873677014076,3.38498088847107,176.663435531247,0.0040004
3.86,-0.709347036431922,-0.658061601775873,0.999999997465435,5.42378372177625,1.01785677779013,0.014742287939309,-3.0396826953791e-10,-0.752854946567576,-0.658186470104728,1,5.43079632679469,0.223361750543103,0.499419987670955,0.545000000069634,0.0455840704168521,-2.09737892849139,3.35896490341735,175.902798544671,0.0038477
3.88,-0.695683826773798,-0.673142068447552,0.999999997459606,5.4440937804887,1.01691872376656,0.0149360474004419,-2.78900037603199e-10,-0.739541528759542,-0.673110932343388,1,5.45079632679469,0.224072949851397,0.498449671214657,0.545000000071407,0.0455702241174533,-2.12548053510238,3.33233984951855,175.137958614603,0.0037847
3.9,-0.681726881113878,-0.68792595881901,0.999999997454285,5.46439681082129,1.01602195508929,0.0151133443801486,-2.53193347493271e-10,-0.725932304200427,-0.687766159183803,1,5.47079632679469,0.224761386158565,0.49749239646122,0.545000000072779,0.0455565256091524,-2.15302971811264,3.30511749234376,174.368940667154,0.0037512
3.92,-0.667482388055943,-0.702408482977289,0.999999997449483,5.48469289975064,1.01516481872918,0.01527393696157,-2.26992794654853e-10,-0.7120327163986,-0.702146288730637,1,5.49079632679469,0.225427087233363,0.496549073560098,0.545000000073795,0.04554298038927,-2.18001485158639,3.27730979108155,173.595784899221,0.0038834
3.94,-0.652956615640597,-0.716584953041872,0.999999997445209,5.50498213233904,1.01434567545823,0.0154176594985163,-2.00426596524613e-10,-0.697848325003856,-0.716245569123805,1,5.51079632679469,0.226070151314991,0.495620564622446,0.545000000074502,0.0455295941058559,-2.20642455872674,3.24892889447994,172.818545784584,0.0039101
3.96,-0.638155909535504,-0.730450784245987,0.999999997441469,5.5252645921521,1.01356290402386,0.0155444191836317,-1.73605775405013e-10,-0.683384803583631,-0.730058360839138,1,5.53079632679469,0.226690742378333,0.494707682348601,0.545000000074947,0.0455163725009714,-2.23224771501701,3.21998713674355,172.037291116422,0.0038482
3.98,-0.623086691221673,-0.744001496040083,0.999999997438266,5.54554036164185,1.01281490502063,0.0156541925443901,-1.46624904534183e-10,-0.668647937353649,-0.743579138944116,1,5.55079632679469,0.227289085467152,0.493811188910053,0.545000000075167,0.0455033213574609,-2.25747345128957,3.19049703338702,171.25210108554,0.0037806
4,-0.607755456174211,-0.757232713215159,0.999999997435605,5.56580952249621,1.01210010446399,0.0157470218829412,-1.1956477262118e-10,-0.653643620863913,-0.756802495307772,1,5.57079632679469,0.227865462106295,0.49293179507595,0.545000000075198,0.0454904464491592,-2.28209115672195,3.16047127704395,170.463067393552,0.0041191
4.02,-0.592168772036048,-0.770140167043593,0.999999997433484,5.58607215595585,1.01141695707114,0.0158230116751598,-9.24935562414986e-11,-0.638377855640963,-0.769723140763871,1,5.59079632679469,0.228420205802523,0.492070159573578,0.545000000075069,0.0454777534944766,-2.30609048176017,3.1299227332305,169.670292400258,0.0039265
4.04,-0.576333276783187,-0.782719696435179,0.999999997431904,5.6063283430995,1.01076394925514,0.0158823249435568,-6.54688448838731e-11,-0.622856747787348,-0.782335907226503,1,5.61079632679469,0.228953697644572,0.491226888673181,0.545000000074801,0.0454652481133953,-2.32946134096875,3.09886443606307,168.873888304405,0.0038408
4.06,-0.560255676880129,-0.794967249106092,0.999999997430864,5.62657816509887,1.01013960183863,0.0159251796180489,-3.85404120669431e-11,-0.607086505539264,-0.79463574975725,1,5.63079632679469,0.229466362010184,0.490402535985957,0.54500000007442,0.0454529357877507,-2.35219391580717,3.06730958392943,168.073976357036,0.0039889
4.08,-0.54394274542416,-0.806878882758509,0.999999997430361,5.64682170344431,1.00954247249435,0.0159518448978549,-1.17492205794251e-11,-0.591073436783344,-0.806617748583097,1,5.65079632679469,0.229958662387968,0.489597602464486,0.545000000073944,0.0454408218247778,-2.37427865733239,3.03527153511295,167.270686106606,0.0039008
4.1,-0.527401320277294,-0.818450766268641,0.999999997430392,5.66705904014233,1.00897115792002,0.0159626376270706,1.48704458916804e-11,-0.574823946533584,-0.81827711106427,1,5.67079632679469,0.230431097321253,0.488812536594824,0.545000000073395,0.0454289113238664,-2.39570628882676,3.00276380336942,166.464154675026,0.0038189
4.12,-0.510638302184694,-0.829679180880973,0.999999997430954,5.68729025788629,1.00842429575571,0.0159579186957635,4.12925459551077e-11,-0.558344534369428,-0.829609173611233,1,5.69079632679469,0.230884196480067,0.488047734769217,0.545000000072786,0.0454172091464212,-2.41646780835111,2.96980005345617,165.654526063843,0.0037832
4.14,-0.493660652878474,-0.840560521406509,0.999999997432041,5.70751544020133,1.00790056625201,0.0159380894776939,6.74954080574163e-11,-0.541641791836019,-0.84060940355006,1,5.71079632679469,0.231318516866737,0.487303541828453,0.545000000072132,0.045405719888791,-2.43655449122212,2.93639409661345,164.841950489702,0.0037959
4.16,-0.476475393165858,-0.851091297422849,0.999999997433651,5.72773467156501,1.00739869369793,0.0159035883150504,9.34629384056411e-11,-0.524722399807669,-0.851273400935443,1,5.73079632679469,0.231734639159453,0.48658025176272,0.545000000071447,0.0453944478581411,-2.4559578924137,2.90255988599772,164.026583748296,0.003652
4.18,-0.459089601000716,-0.861268134473956,0.999999997435778,5.74794803750458,1.00691744761765,0.0158548870598549,1.1918387489742e-10,-0.507593125815603,-0.861596900310613,1,5.75079632679468,0.232133164198254,0.485878108560115,0.545000000070739,0.045383397051183,-2.4746698488814,2.86831151206702,163.208586605991,0.0036139
4.2,-0.441510409537571,-0.871087775267496,0.999999997438416,5.7681556246725,1.00645564374536,0.0157924876809799,1.44649762074199e-10,-0.490260821341028,-0.871575772413464,1,5.77079632679468,0.232514709616605,0.485197307191938,0.545000000070019,0.0453725711357314,-2.49268248180948,2.83366319791833,162.388124218334,0.0036033
4.22,-0.423745005167225,-0.880547080867636,0.999999997441561,5.78835752090107,1.00601214478794,0.0157169189450073,1.69856763005203e-10,-0.47273241907464,-0.881206025828204,1,5.79079632679468,0.23287990662085,0.484537994723833,0.545000000069296,0.0453619734348761,-2.50998819877967,2.79862929457716,161.565365574666,0.0038178
4.24,-0.405800625533232,-0.889643031881251,0.999999997445208,5.80855381523782,1.00558586098511,0.0156287331784502,1.94803314496414e-10,-0.455014930143638,-0.890483808581871,1,5.81079632679468,0.233229396919817,0.483900271542275,0.545000000068578,0.0453516069137648,-2.52657969586104,2.76322427623955,160.740482968059,0.0037244
4.26,-0.387684557528471,-0.898372729635472,0.999999997449351,5.8287445979625,1.00517575047689,0.0155285031181705,2.19491263958945e-10,-0.437115441307363,-0.899405409685064,1,5.83079632679468,0.233563829805887,0.483284192685904,0.545000000067868,0.0453414741688479,-2.54244995962011,2.72746273546677,159.913651489853,0.0036523
4.28,-0.36940413527117,-0.906733397344558,0.999999997453985,5.84892996058726,1.00478081948851,0.0154168188561478,2.43923631199424e-10,-0.419041112122693,-0.907967260616295,1,5.85079632679468,0.233883859388288,0.48268976927149,0.545000000067174,0.0453315774194776,-2.55759226905038,2.69135937833311,159.085048548027,0.0035821
4.3,-0.350966738059778,-0.914722381264098,0.999999997459105,5.8691099958409,1.00440012234249,0.0152942848840887,2.68106420303966e-10,-0.400799172080315,-0.916165936749349,1,5.87079632679468,0.234190141978902,0.482116970004457,0.545000000066499,0.0453219185017571,-2.57200019742055,2.65492901952732,158.254853408715,0.0037881
4.32,-0.332379788306124,-0.922337151830563,0.999999997464706,5.88928479763871,1.0040327613082,0.0151615172427222,2.92046203792879e-10,-0.382396917713022,-0.923998158723085,1,5.89079632679468,0.234483333630277,0.481565722764258,0.545000000065849,0.0453124988645462,-2.58566761404045,2.61818657740806,157.423246760148,0.003705
4.34,-0.313650749446408,-0.92957530478426,0.999999997470784,5.90945446103875,1.00367788629857,0.015019140779998,3.15751792396085e-10,-0.363841709677202,-0.931460793753144,1,5.91079632679468,0.234764087825182,0.481035916255047,0.545000000065223,0.0453033195674607,-2.59858868594387,2.58114706901416,156.590410298354,0.0036089
4.36,-0.294787123829571,-0.93643456227377,0.999999997477334,5.92961908218602,1.00333469442412,0.014867786521794,3.39231890262098e-10,-0.345140969808669,-0.938550856885013,1,5.93079632679468,0.235033053316031,0.480527401712554,0.545000000064625,0.0452943812808207,-2.61075787948739,2.54382560503036,155.756526333947,0.0035498
4.38,-0.275796450582711,-0.942912773939974,0.999999997484351,5.9497787582454,1.00300242941401,0.0147080891581582,3.62496871314859e-10,-0.326302178154031,-0.945265512187972,1,5.95079632679468,0.235290872113389,0.480039994658115,0.545000000064059,0.0452856842873716,-2.62216996186425,2.50623738470914,154.921777419353,0.0036261
4.4,-0.256686303453226,-0.949007917977787,0.999999997491832,5.96993358732459,1.00268038091387,0.0145406846475365,3.85558210819552e-10,-0.307332869978769,-0.951602073889429,1,5.97079632679468,0.235538177620732,0.479573476691418,0.545000000063526,0.0452772284857046,-2.63282000253241,2.4683976907498,154.086345995863,0.0036716
4.42,-0.237464288627455,-0.954718102173775,0.999999997499772,5.9900836683881,1.00236788366991,0.0143662079409012,4.08427526149905e-10,-0.288240632753232,-0.957558007449188,1,5.99079632679468,0.235775592913328,0.479127597313694,0.545000000063024,0.0452690133952513,-2.64270337455583,2.43032188413541,153.250414059878,0.0036679
4.44,-0.218138042525634,-0.96004156491782,0.999999997508167,6.01022910116328,1.00206431660882,0.0141852908271747,4.31116292571102e-10,-0.269033103117752,-0.963130930573238,1,6.01079632679468,0.236003729158494,0.478702075773446,0.545000000062556,0.0452610381627369,-2.65181575585798,2.39202539892883,152.414162847774,0.0035988
4.46,-0.198715229573056,-0.964976676187063,0.999999997517015,6.03036998603943,1.00176910182253,0.013998559900846,4.5363658930965e-10,-0.249717963828085,-0.968318614166632,1,6.03079632679468,0.236223184174117,0.4782966029272,0.545000000062121,0.0452533015699957,-2.66015313038671,2.35352373702885,151.577772538794,0.0036307
4.48,-0.179203539947381,-0.969521938500354,0.999999997526311,6.05050642396088,1.00148170346701,0.01380663465221,4.76000104793552e-10,-0.230302940682415,-0.973118983225103,1,6.05079632679468,0.236434541122121,0.477910843108102,0.545000000061717,0.0452458020430133,-2.66771178918949,2.31483246288743,150.741421975406,0.003779
4.5,-0.159610687302092,-0.973675987841493,0.999999997536054,6.07063851631509,1.0012016265836,0.0136101256802103,4.98218314287992e-10,-0.210795799431137,-0.977530117665031,1,6.07079632679468,0.236638367333234,0.477544435995557,0.545000000061346,0.0452385376621273,-2.67448833139802,2.27596719818952,149.905288400583,0.0036239
4.52,-0.139944406466192,-0.977437594549553,0.999999997546239,6.09076636481655,1.00092841585172,0.0134096330274507,5.20302764112425e-10,-0.191204342670659,-0.981550253091453,1,6.09079632679468,0.236835213259251,0.477196998479461,0.545000000061004,0.0452315061732536,-2.68047966512137,2.23694361649651,149.069547211469,0.0035857
4.54,-0.12021245112024,-0.98080566417463,0.999999997556864,6.11089007138737,1.00066165428089,0.01320574463654,5.42264254516435e-10,-0.171536406722471,-0.985177781503802,1,6.11079632679468,0.237025611548729,0.476868126512962,0.545000000060689,0.045224705000038,-2.6856830082466,2.19777743785483,148.234371728906,0.0035974
4.56,-0.100422591448946,-0.983779238297372,0.999999997567928,6.13100973803531,1.00040096185033,0.0129990349265674,5.6411230677268e-10,-0.151799858498716,-0.988411251939077,1,6.13079632679468,0.237210076241926,0.476557396948072,0.545000000060402,0.0452181312568517,-2.69009588914591,2.15848442337093,147.399932982318,0.0043134
4.58,-0.0805826117705673,-0.986357495310707,0.999999997579428,6.15112546673022,1.00014599410359,0.0127900634881615,5.85856939533736e-10,-0.132002592355532,-0.991249371052218,1,6.15079632679468,0.237389102080606,0.476264369348754,0.545000000060138,0.0452117817625082,-2.69371614728951,2.11908036975435,146.56639950945,0.0040523
4.6,-0.0607003081434232,-0.988539751162188,0.999999997591361,6.1712373592793,0.999896440705832,0.0125793738952625,6.07506679312431e-10,-0.112152526935417,-0.993691003633419,1,6.17079632679468,0.2375631639282,0.475988587776583,0.545000000059899,0.0452056530546428,-2.69654193376317,2.07958110383022,145.733937170488,0.0036562
4.62,-0.0407834859499024,-0.990325460055435,0.999999997603727,6.19134551720214,0.999652023970635,0.0123674926314446,6.29070301311552e-10,-0.0922576019998751,-0.995735173062205,1,6.19079632679468,0.237732716295763,0.475729582544342,0.545000000059678,0.0451997414046163,-2.69857171168955,2.04000247702293,144.902708976064,0.0034847
4.64,-0.0208399574584058,-0.991714215109182,0.999999997616523,6.21145004160612,0.999412497363352,0.0121549281283511,6.50554235942857e-10,-0.0723257752536183,-0.997381061698057,1,6.21079632679468,0.237898192968995,0.47548687193335,0.545000000059474,0.0451940428329151,-2.6998042565525,2.00036035981252,144.072874928707,0.0038621
4.66,-0.000877539363717134,-0.992705748972466,0.999999997629748,6.23155103306267,0.999177643987296,0.0119421699135606,6.71964700455284e-10,-0.0523650191615909,-0.998628011207467,1,6.23079632679467,0.238060006731622,0.475259963870577,0.545000000059282,0.0451885531248993,-2.70023865642337,1.96067063616567,143.244591877257,0.0037399
4.68,0.0190959496936412,-0.993299934394565,0.999999997643401,6.25164859148505,0.998947275059026,0.0117296878649727,6.93306313376616e-10,-0.0323833177600899,-0.999475522827256,1,6.25079632679467,0.238218549180306,0.475048357562111,0.545000000059103,0.045183267846873,-2.69987431208849,1.92094919794293,142.418013383825,0.0036982
4.7,0.039072691628452,-0.993496784748287,0.99999999765748,6.2717428160083,0.998721228378534,0.011517931568605,7.14583444544678e-10,-0.0123886634632567,-0.999923257564078,1,6.27079632679467,0.238374190616874,0.474851545039724,0.545000000055772,0.0451781823590475,-2.69871093707711,1.88121193928404,141.593289602802,0.0036787
4.72,0.0590448714315699,-0.993296454505313,0.999999997671972,6.29183380487141,0.998499366799458,0.0113073297749142,7.34661286156188e-10,0.00761094613378176,-0.999971036330006,1,6.29079632679467,0.238527280013071,0.474669012620458,0.545000000037624,0.0451732918274555,-2.69674855758878,1.84147475097337,140.770567171512,0.0037901
4.74,0.0790046797096727,-0.992699239662354,0.999999997686801,6.31192165530248,0.998281576704114,0.0110982899488153,7.48205900475204e-10,0.0276075114538446,-0.999618840014171,1,6.31079632679467,0.238678145188548,0.474500242883769,0.545000000026313,0.0451685912863642,-2.69398751231962,1.80175351478727,139.949989112464,0.0036158
4.76,0.0989443152432519,-0.991705578116699,0.99999999770186,6.33200646340779,0.998067766493828,0.0108911979327287,7.57678394375579e-10,0.047593034137421,-0.998866809490404,1,6.33079632679467,0.23882709280335,0.474344715506574,0.545000000019982,0.0451640755802642,-2.69042845218653,1.76206409782536,139.131694745742,0.0036032
4.78,0.118855987561986,-0.990316049990007,0.999999997717085,6.3520883240647,0.997857865088748,0.0106864176740114,7.64872035613825e-10,0.0675595202419078,-0.997715245560888,1,6.35079632679467,0.238974408609663,0.474201908855759,0.545000000017221,0.0451597394241538,-2.68607233994884,1.72242234682789,138.315819612301,0.0036275
4.8,0.138731919536568,-0.988531377899348,0.999999997732444,6.37216733081795,0.997651820448936,0.0104842910478525,7.71071769673289e-10,0.0874989834390793,-0.99616460883584,1,6.37079632679467,0.239120357715171,0.474071301303722,0.545000000016964,0.0451555774144517,-2.68092044972654,1.68284408248113,137.502495407136,0.0038183
4.82,0.158564349986072,-0.986352427174304,0.999999997747927,6.39224357578064,0.997449598118704,0.0102851377616478,7.7717895554142e-10,0.107403448209513,-0.994215519549275,1,6.39079632679467,0.239265184904576,0.473952372484285,0.545000000018411,0.0451515840436441,-2.67497436641454,1.64334509371306,136.691849922065,0.0036316
4.84,0.178345536299845,-0.983780206019076,0.999999997763537,6.41231714953993,0.997251179797841,0.0100892553370645,7.83806933707727e-10,0.127264953032689,-0.991868757310921,1,6.41079632679467,0.239409115014226,0.473844604485874,0.545000000020787,0.0451477537158094,-2.66823598499233,1.60394113198144,135.884006997721,0.0035502
4.86,0.198067757072904,-0.980815865618608,0.999999997779288,6.43238814106764,0.997056561943016,0.00989691916576162,7.91290121110795e-10,0.147075553571496,-0.989125260794383,1,6.43079632679467,0.239552353356798,0.473747482986952,0.545000000023462,0.0451440807625622,-2.66070750972853,1.56464790555649,135.079086484379,0.003541
4.88,0.21772331475372,-0.977460700187763,0.999999997795198,6.452456637636,0.996865754402467,0.00970838263489729,7.99736520246459e-10,0.166827325849855,-0.985986127361688,1,6.45079632679467,0.239695086192744,0.473660498337221,0.545000000026695,0.045140559459225,-2.65239145327973,1.52548107380052,134.277204211245,0.0035198
4.9,0.237304538303268,-0.973716146962677,0.999999997811289,6.47252272473861,0.996678779086777,0.00952387731868609,8.09346610747614e-10,0.186512369422209,-0.982452612624354,1,6.47079632679467,0.239837481236392,0.473583146553278,0.545000000030197,0.045137184038118,-2.64329063568323,1.48645624144667,133.478471963794,0.0034325
4.92,0.256803785864159,-0.96958378613343,0.999999997827584,6.49258648601699,0.996495668678012,0.00934361323101547,8.20217559333375e-10,0.206122810533593,-0.978526129941165,1,6.49079632679467,0.239979688203349,0.473514930271629,0.545000000033762,0.0451339487044099,-2.63340818324314,1.44758895287926,132.682997468842,0.0034271
4.94,0.27621344743862,-0.965065340717271,0.99999999784411,6.51264800319245,0.99631646537959,0.00916777913593781,8.32371748099919e-10,0.22565080526903,-0.97420824985284,1,6.51079632679467,0.240121839388832,0.473455359633783,0.545000000037245,0.0451308476502386,-2.62274752730965,1.40889468641793,131.890884386951,0.0034467
4.96,0.295525947574069,-0.960162676371656,0.999999997860892,6.53270735600379,0.996141219708797,0.00899654291177726,8.45779796105123e-10,0.245088542690997,-0.969500699453844,1,6.53079632679467,0.2402640502744,0.473403953109309,0.545000000040548,0.0451278750684573,-2.61131240295088,1.37038884860809,131.102232311833,0.0036426
4.98,0.314733748054979,-0.954877801146435,0.999999997877953,6.5527646221505,0.995969989333621,0.00883005196489154,8.60377150541441e-10,0.264428247963691,-0.964405361701571,1,6.55079632679467,0.240406420159305,0.473360238257405,0.545000000043607,0.0451250251659886,-2.59910684751733,1.33208676852009,130.317136776378,0.0035929
5,0.333829350599691,-0.949212865174564,0.999999997895318,6.57281987724183,0.995802837955359,0.00866843368917604,8.76075633055367e-10,0.283662185462863,-0.958924274663183,1,6.57079632679467,0.240549032812863,0.473323752427587,0.545000000046387,0.0451222921766294,-2.58613519909842,1.29400369205949,129.535689264995,0.0034284
5.02,0.352805299560817,-0.9431701603008,0.999999997913006,6.59287319475146,0.995639834238207,0.00851179596745305,8.92774843958337e-10,0.302782661869962,-0.953059630700417,1,6.59079632679467,0.240691957144279,0.473294043400354,0.545000000048862,0.0451196703733756,-2.57240209487116,1.25615477629095,128.757977231885,0.0033964
5.04,0.371654184627811,-0.936752119647873,0.999999997931038,6.61292464597797,0.995481050786806,0.00836022771095877,9.10364968870541e-10,0.321782029249361,-0.946813775592662,1,6.61079632679467,0.240835247886618,0.473270669968784,0.545000000051027,0.0451171540801776,-2.55791246934074,1.21855508377822,127.984084124959,0.0034712
5.06,0.390368643530302,-0.929961317119699,0.999999997949429,6.63297430001091,0.995326563172526,0.0082137994332162,9.28734665745283e-10,0.34065268810743,-0.940189207598686,1,6.63079632679467,0.240978946291693,0.473253202462197,0.545000000052885,0.0451147376831521,-2.54267155247296,1.18121957694278,127.214089415033,0.0034972
5.08,0.408941364740702,-0.92280046684126,0.999999997968194,6.65302222370256,0.99517644900904,0.00807256385466785,9.47773338605743e-10,0.359387090432231,-0.93318857645736,1,6.65079632679467,0.241123080832807,0.473241223213093,0.545000000054441,0.0451124156412107,-2.5266848677186,1.14416311244353,126.44806863002,0.0034448
5.1,0.427365090174645,-0.915272422534834,0.999999997987345,6.67306848164518,0.995030787077554,0.00793655653453258,9.67372238886213e-10,0.377977742712623,-0.925814682327799,1,6.67079632679467,0.241267667912449,0.473234326968795,0.54500000005571,0.0451101824961237,-2.50995822992966,1.10740043558027,125.686093393765,0.0034287
5.12,0.445632617887708,-0.907380176832306,0.999999998006893,6.69311313615373,0.994889656501869,0.00780579652645231,9.87427804982957e-10,0.396417208935567,-0.918070474669338,1,6.69079632679466,0.241412712572161,0.473232121249174,0.545000000056703,0.0451080328819674,-2.49249774316773,1.07094617472329,124.928231469265,0.0034114
5.14,0.463736804766938,-0.899126860523386,0.999999998026846,6.71315624725398,0.994753135973283,0.00768028705459497,1.00784098723861e-09,0.414698113560428,-0.909959051061786,1,6.71079632679466,0.241558209202013,0.473234226652133,0.545000000057438,0.0451059615340052,-2.47430979840447,1.03481483577185,124.174546805925,0.0035041
5.16,0.481670569215607,-0.890515741739574,0.99999999804721,6.73319787267574,0.994621303025162,0.00756001620699386,1.02851874008192e-09,0.432813144469099,-0.901483655966434,1,6.73079632679466,0.241704142247159,0.473240277108408,0.545000000057927,0.0451039632969628,-2.4554010711147,0.999020796643963,123.425099590607,0.0034298
5.18,0.499426893829664,-0.881550225073805,0.999999998067988,6.75323806785134,0.994494233356852,0.00744495764301373,1.04937252988802e-09,0.450755055890748,-0.892647679428318,1,6.75079632679466,0.241850486909255,0.473249920087477,0.545000000058188,0.0451020331326863,-2.43577851876213,0.963578301800095,122.679946302155,0.003396
5.2,0.516998828064306,-0.872233850635768,0.999999998089185,6.77327688591887,0.994372000206478,0.00733507131195481,1.07032032449805e-09,0.468516671300028,-0.883454655720241,1,6.77079632679466,0.241997209840511,0.473262816756357,0.545000000058234,0.0451001661272339,-2.41544937817836,0.928501456803416,121.939139769133,0.0034086
5.22,0.534379490889096,-0.862570293042919,0.999999998110801,6.79331437773037,0.994254673772013,0.0072303041799262,1.09128453264529e-09,0.486090886287593,-0.873908261929114,1,6.79079632679466,0.242144269828404,0.473278642093145,0.54500000005808,0.0450983574973487,-2.39442116283528,0.893804222919079,121.202729230513,0.0035686
5.24,0.551562073430048,-0.852563360347316,0.999999998132836,6.81335059186453,0.994142320679879,0.00713059096224416,1.11219324740486e-09,0.503470671401769,-0.864012316485171,1,6.81079632679466,0.242291618469182,0.473297084957195,0.545000000057738,0.0450966025963574,-2.37270166001168,0.859500411755163,120.470760399048,0.0034313
5.26,0.568539841597077,-0.842216992898417,0.999999998155288,6.83338557464385,0.994035003500247,0.00703585485873739,1.13297893168973e-09,0.520649074960236,-0.853770777634644,1,6.83079632679466,0.242439200828455,0.473317848117903,0.54500000005722,0.0450948969194784,-2.35029892785436,0.825603679947821,119.743275527076,0.0034101
5.28,0.585306138695247,-0.831535262142077,0.999999998178153,6.85341937015607,0.993932780308052,0.0069460082894694,1.15357809850647e-09,0.537619225830615,-0.843187741856522,1,6.85079632679466,0.242586956087282,0.473340648244045,0.545000000056537,0.0450932361085608,-2.32722129233449,0.792127523893187,119.020313474519,0.0034388
5.3,0.601854388018198,-0.820522369356008,0.999999998201428,6.87345202027965,0.993835704288687,0.00686095362851723,1.17393127542809e-09,0.554374336178822,-0.83226744222401,1,6.87079632679466,0.242734818172311,0.47336521585568,0.545000000055698,0.0450916159562568,-2.30347734409987,0.759085274528607,118.301909778842,0.003807
5.32,0.618178095422185,-0.809182644322048,0.999999998225108,6.89348356471312,0.993743823387203,0.00678058393357549,1.193982471687e-09,0.570907704184117,-0.821014246711361,1,6.89079632679466,0.242882716367712,0.473391295237199,0.545000000054374,0.0450900324092789,-2.27907593522389,0.726490092165702,117.588096726738,0.0036547
5.34,0.634270851879137,-0.797520543935624,0.999999998249183,6.91351404100804,0.993657179999766,0.00670478366914963,1.21355714246019e-09,0.587212716719739,-0.809432656446737,1,6.91079632679466,0.243030575911895,0.473418644328027,0.545000000052743,0.0450884815725283,-2.25402617585179,0.69435496137781,116.878903427335,0.0034687
5.36,0.650126336007152,-0.785540650752854,0.999999998273644,6.93354348460546,0.993575810706177,0.00663342942181535,1.23254447860799e-09,0.603282851998072,-0.797527303911826,1,6.93079632679466,0.243178318572053,0.473447034572381,0.545000000051154,0.0450869597109759,-2.22833743074545,0.662692685944291,116.174355886709,0.0034853
5.38,0.665738316576874,-0.773247671475792,0.999999998298479,6.95357192887564,0.993499746041987,0.006566390605293,1.25095993443491e-09,0.619111682179269,-0.785302951088906,1,6.95079632679466,0.243325863197355,0.47347625073642,0.545000000049569,0.045085463251173,-2.20201931572727,0.63151588385419,115.4744770835,0.0034518
5.4,0.681100654992173,-0.760646435376364,0.999999998323677,6.97359940516073,0.993429010308742,0.0065035301535164,1.26880471786361e-09,0.634692875942308,-0.772764487556117,1,6.97079632679466,0.243473126253375,0.473506090706207,0.545000000047957,0.0450839887834934,-2.17508169402439,0.600836982371718,114.779287045442,0.0036118
5.42,0.696207307743605,-0.747741892659604,0.999999998349226,6.99362594282035,0.993363621420963,0.00644470520044877,1.28606923656715e-09,0.650020201017428,-0.759916928531694,1,6.99079632679466,0.243620022333851,0.473536365257327,0.545000000046303,0.0450825330630722,-2.14753467251418,0.570668213165989,114.088802926638,0.0034107
5.44,0.711052328833104,-0.734539112766846,0.999999998375114,7.0136515692797,0.993303590788337,0.00638976774504737,1.30273817834958e-09,0.665087526678961,-0.74676541286795,1,7.01079632679466,0.24376646465003,0.473566897801125,0.545000000044585,0.0450810930103807,-2.11938859787221,0.541021607507436,113.403039085387,0.0034221
5.46,0.725629872168404,-0.721043282619586,0.999999998401329,7.03367631008009,0.993248923231534,0.00633856530004501,1.31878877031621e-09,0.679888826197539,-0.733315200995798,1,7.03079632679466,0.243912365497199,0.473597524109482,0.545000000042798,0.0450796657113959,-2.09065405262378,0.511908991533282,112.722007162411,0.0033762
5.48,0.739934193925691,-0.707259704804746,0.999999998427859,7.05370018893166,0.99319961693011,0.00629094152333315,1.33419603688989e-09,0.6944181792507,-0.719571672820652,1,7.05079632679466,0.244057636697991,0.473628092020031,0.545000000040933,0.0450782484173252,-2.06134185110034,0.483341981584436,112.04571615932,0.0035567
5.5,0.753959654879012,-0.693193795702165,0.99999999845469,7.07372322776807,0.993155663400865,0.00624673683085045,1.34893173399686e-09,0.708669774290948,-0.70554032557054,1,7.07079632679466,0.244202190022255,0.4736584611237,0.545000000038985,0.0450768385439481,-2.03146303530202,0.455331979616135,111.374172517175,0.0034228
5.52,0.767700722694984,-0.678851083555155,0.999999998481809,7.09374544680295,0.993117047505063,0.00620578898999646,1.36296640964073e-09,0.722637910870283,-0.691226771597279,1,7.09079632679466,0.24434593758331,0.473688502436408,0.54500000003695,0.0450754336705641,-2.00102887066775,0.427890168684628,110.707380194994,0.0033793
5.54,0.781151974191386,-0.664237206485001,0.999999998509202,7.11376686458788,0.993083747482889,0.00616793369270331,1.3762685867783e-09,0.736317001920313,-0.676636736131613,1,7.11079632679466,0.244488792210516,0.473718098056661,0.54500000003483,0.0450740315385608,-1.97005084175422,0.401027508512159,110.045340748091,0.0033826
5.56,0.794308097558215,-0.649357910450362,0.999999998536853,7.13378749807178,0.993055735013511,0.00613300510740694,1.38880721469203e-09,0.749701575987004,-0.661776054993197,1,7.13079632679466,0.244630667798188,0.473747140810852,0.545000000032622,0.0450726300496633,-1.93854064782533,0.374754731132484,109.388053406117,0.0036736
5.58,0.807163894539845,-0.634219047152523,0.999999998564746,7.15380736266144,0.99303297529914,0.00610083640926865,1.40055106502867e-09,0.762786279419189,-0.646650672256346,1,7.15079632679466,0.24477147963093,0.473775533887882,0.545000000030329,0.045071227263824,-1.90651019835347,0.349082336619084,108.735515150671,0.0034444
5.6,0.819714282576928,-0.618826571887533,0.999999998592866,7.17382647228299,0.993015427171472,0.00607126028809769,1.41146958445059e-09,0.775565878509954,-0.631266637872487,1,7.17079632679465,0.244911144683984,0.473803190459795,0.545000000027413,0.0450698213962342,-1.87397160843442,0.32402058889825,108.087720792405,0.0034523
5.62,0.831954296906727,-0.603186541346263,0.999999998621195,7.19384483944418,0.993003043218834,0.00604410943333226,1.42133820592615e-09,0.788035261590055,-0.615630105250256,1,7.19079632679465,0.245049581905749,0.47383003331175,0.545000000024222,0.0450684108164354,-1.84093719411734,0.299579511649113,107.444663047512,0.0034014
5.64,0.843879092620587,-0.587305111363486,0.999999998649709,7.21386247529728,0.992995769932692,0.0060192169964018,1.43005816401508e-09,0.800189441072517,-0.599747328794216,1,7.21079632679465,0.245186712472176,0.473855994449383,0.545000000021227,0.045066994043949,-1.80741946765157,0.275768884292707,106.806332613491,0.0039498
5.66,0.855483946677284,-0.571188534617093,0.999999998678386,7.23387938970235,0.992993547871734,0.00599641702950097,1.43769990902963e-09,0.8120235554476,-0.583624661403183,1,7.23079632679465,0.245322460018412,0.4738810147009,0.545000000018355,0.0450655697445887,-1.77343113265213,0.25259823807206,106.172718244115,0.0034783
5.68,0.866764259871035,-0.554843158278597,0.999999998707206,7.25389559129087,0.992996311841987,0.00597554490061357,1.44430781436366e-09,0.823532871227341,-0.567268551929147,1,7.25079632679465,0.245456750851342,0.473905043325523,0.545000000015558,0.0450641367279856,-1.73898507918541,0.230076852225298,105.543806823541,0.0034446
5.7,0.877715558752976,-0.53827542161613,0.999999998736148,7.27391108752929,0.993003991091586,0.00595643768508108,1.44990870300542e-09,0.834712784838882,-0.55068554259782,1,7.27079632679465,0.245589514139406,0.473928037616446,0.545000000012793,0.0450626939437593,-1.70409437877726,0.208213750253691,104.919583439458,0.0034269
5.72,0.888333497504949,-0.521491853551132,0.999999998765193,7.29392588478268,0.99301650951866,0.00593893453353085,1.45451419232866e-09,0.845558824465843,-0.533882266391829,1,7.29079632679465,0.245720682081332,0.473949962503333,0.545000000010031,0.0450612404776557,-1.66877227934503,0.187017696286494,104.300031455248,0.0036129
5.74,0.89861385976448,-0.504499070169989,0.999999998794319,7.31393998837806,0.993033785890931,0.00592287701623617,1.45812534814748e-09,0.856066651836985,-0.516865444397617,1,7.31079632679465,0.245850190052219,0.473970790148983,0.545000000006508,0.0450597755467064,-1.63303220005567,0.166497191544437,103.685132581057,0.0036153
5.76,0.908552560399866,-0.487303772191882,0.999999998823505,7.33395340266733,0.993055734075508,0.0059081094437905,1.46046818518296e-09,0.866232063961463,-0.499641883117093,1,7.33079632679465,0.245977976737615,0.473990499571733,0.545000000002898,0.045058298497858,-1.59688772611185,0.146660470903628,103.074866943788,0.0036074
5.78,0.918145647234318,-0.469912742394159,0.999999998852724,7.35396613108984,0.993082263277853,0.00589447916525592,1.46151136850047e-09,0.876050994809962,-0.482218471745125,1,7.35079632679465,0.246103984208854,0.474009076152676,0.544999999989185,0.045056808789217,-1.56035260346808,0.127515499561592,102.469213155809,0.003468
5.8,0.927389302718172,-0.452332842996552,0.999999998881916,7.373978176234,0.99311327828701,0.00588183683937086,1.45761802063414e-09,0.885519516941062,-0.464602179413953,1,7.37079632679465,0.246228158106367,0.474026511524287,0.54499999997997,0.0450553060301332,-1.52344073347887,0.109069969807126,101.86814838282,0.0035124
5.82,0.936279845548146,-0.434571013005546,0.999999998910997,7.39398953989858,0.993148679730929,0.00587003669427094,1.45040704215315e-09,0.894633843072154,-0.446800052405629,1,7.39079632679465,0.2463504476152,0.474042802896562,0.544999999973646,0.0450537899166658,-1.48616616748112,0.0913312978955855,101.27164840996,0.0035451
5.84,0.944813732232714,-0.416634265520249,0.99999999893991,7.41400022315327,0.993188364333083,0.00585893675268687,1.44091952027391e-09,0.90339032759431,-0.428819211333597,1,7.41079632679465,0.246470805556303,0.474057952786937,0.544999999969399,0.0450522602616742,-1.44854310131273,0.0743066210311714,100.679687707007,0.003626
5.86,0.952987558602737,-0.398529685001221,0.999999998968618,7.43401022639766,0.993232225174436,0.00584839904032177,1.42990301700873e-09,0.911785468030472,-0.410666848294545,1,7.43079632679465,0.246589188424577,0.474071968646359,0.544999999966609,0.0450507169846603,-1.41058586976976,0.0580027944577265,100.092239492192,0.0035617
5.88,0.960798061266494,-0.38026442450361,0.999999998997096,7.45401954941946,0.993280151958234,0.00583828977257458,1.41788209053228e-09,0.919815906436399,-0.39235022399166,1,7.45079632679465,0.246705556412369,0.47408486249589,0.544999999964818,0.0450491601062661,-1.37230894100427,0.0424263886594987,99.5092757946956,0.0034816
5.9,0.968242119008263,-0.36184570287601,0.999999999025327,7.47402819145143,0.993332031276574,0.00582847952041387,1.40521645310453e-09,0.9274784307438,-0.373876664830445,1,7.47079632679465,0.246819873418091,0.474096650571325,0.544999999963679,0.0450475897434288,-1.33372691086499,0.0275836866732682,98.9307675158327,0.0035975
5.92,0.975316754129692,-0.34328080192648,0.9999999990533,7.4940361512272,0.993387746877732,0.00581884335598268,1.39214072593685e-09,0.934769976045118,-0.355253559988253,1,7.49079632679465,0.246932107040747,0.474107352976476,0.544999999962939,0.0450460061046241,-1.29485449718336,0.0134806815131823,98.3566844888822,0.0035493
5.94,0.982019133733208,-0.32457706355715,0.99999999908101,7.51404342703561,0.993447179933302,0.00580926097853238,1.37879882946034e-09,0.941687625819451,-0.336488358458717,1,7.51079632679465,0.247042228561139,0.474116993345661,0.544999999962414,0.0450444094851254,-1.25570653400687,0.000123073709582398,97.7869955375769,0.0034652
5.96,0.988346570946768,-0.305741886868866,0.99999999910845,7.53405001677376,0.993510209304205,0.00579961682131016,1.36526796414326e-09,0.948228613099124,-0.317588566072249,1,7.53079632679465,0.24715021291057,0.474125598515964,0.54499999996197,0.0450428002622833,-1.21629796578242,-0.0124837310369494,97.2216685332377,0.0033964
5.98,0.994296526089285,-0.286782725237349,0.999999999135619,7.55405591799852,0.99357671180474,0.00578980014005371,1.3515771911835e-09,0.954390321576437,-0.29856174249381,1,7.55079632679465,0.247256038627789,0.474133198209652,0.544999999961515,0.0450411788908046,-1.17664384149174,-0.0243346240851543,96.6606704505541,0.0041119
6,0.999866607776111,-0.26770708336231,0.999999999162512,7.57406112797647,0.993646562463841,0.00577970508376841,1.33772274470456e-09,0.960170286650154,-0.279415498199144,1,7.57079632679465,0.247359687805011,0.474139824727188,0.544999999960987,0.0450395458980779,-1.13675930874147,-0.035424795965162,96.1039674220081,0.0037531
6.02,1.00505457396398,-0.248522514291024,0.999999999189126,7.59406564373236,0.993719634782803,0.00576923074848375,1.3236779438267e-09,0.96556619641131,-0.260157491430689,1,7.59079632679465,0.247461146023762,0.474145512651168,0.544999999960345,0.0450379018795284,-1.09665960781018,-0.0457497383720045,95.5515247909501,0.0035494
6.04,1.00985833293487,-0.229236616417827,0.999999999215457,7.61406946209582,0.993795800988779,0.00575828121470347,1.30940196786977e-09,0.970575892567946,-0.240795425134381,1,7.61079632679465,0.247560402254734,0.474150298496064,0.544999999953651,0.0450362474890241,-1.05636006565485,-0.0553052460395862,95.0033071631867,0.0034674
6.06,1.01427594421833,-0.20985703046105,0.999999999241478,7.63407257974637,0.993874932282298,0.00574676556665785,1.29271636386019e-09,0.975197371308395,-0.221337043878582,1,7.63079632679464,0.247657448833664,0.474154220577077,0.544999999943438,0.0450345834485241,-1.0158760898792,-0.0640874184941778,94.4592784576801,0.0034895
6.08,1.01830561945169,-0.190391436418845,0.999999999267129,7.65407499325678,0.993956899081632,0.00573459790258367,1.27235402093728e-09,0.979428784102778,-0.201790130756354,1,7.65079632679464,0.247752281361365,0.474157318724657,0.544999999936556,0.0450329105353093,-0.975223162666373,-0.0720926616865605,93.9194019555727,0.0034114
6.1,1.02194572317778,-0.170847550505387,0.999999999292347,7.67407669913492,0.994041571260779,0.00572169732966375,1.24951426418473e-09,0.983268438442396,-0.182162504272322,1,7.67079632679464,0.24784489855865,0.474159633916732,0.544999999932088,0.0450312295685086,-0.934416834678465,-0.0793176895020061,93.3836403476963,0.0033889
6.12,1.02519477357977,-0.151233122068961,0.999999999317093,7.6940776938637,0.994128818378989,0.00570798794085919,1.22506587420556e-09,0.986714798516709,-0.162462015215382,1,7.69079632679464,0.247935302189113,0.474161208105391,0.544999999929368,0.0450295414157354,-0.893472718925396,-0.0857595251473371,92.8519557811673,0.0033829
6.14,1.02805144315272,-0.131555930493458,0.99999999934134,7.71407797393905,0.994218509904361,0.00569339878200953,1.19963846291793e-09,0.989766485827636,-0.142696543518487,1,7.71079632679464,0.248023496949756,0.474162083990475,0.544999999927866,0.0450278469867225,-0.852406484605655,-0.0914155024143739,92.3243099045644,0.0035674
6.16,1.03051455931169,-0.11182378208475,0.999999999365073,7.73407753590629,0.994310515430041,0.00567786380701208,1.17367018649983e-09,0.992422279740943,-0.12287399510678,1,7.73079632679464,0.248109490356699,0.474162304805503,0.544999999927168,0.0450261472288137,-0.811233850921447,-0.0962832668191347,91.8006639118395,0.00358
6.18,1.03258310493587,-0.0920445069434295,0.999999999388284,7.75407637639467,0.994404704882702,0.00566132182190831,1.14745073322464e-09,0.994681117974474,-0.103002298735328,1,7.75079632679464,0.24819329262657,0.474161914115656,0.544999999927,0.0450244431229499,-0.769970580870802,-0.100360776616212,91.2809785849825,0.0033874
6.2,1.0342562188487,-0.0722259558254117,0.999999999410971,7.77407449215009,0.994500948722987,0.00564371641863903,1.12117056407268e-09,0.996542097023054,-0.0830894028177283,1,7.77079632679464,0.248274916554114,0.474160955627274,0.544999999927158,0.0450227356797336,-0.728632475019189,-0.103646303687813,90.7652143354552,0.0033818
6.22,1.03553319623367,-0.0523759969918813,0.999999999433132,7.79407188006614,0.994599118137628,0.00562499589919407,1.09494752255668e-09,0.998004472519875,-0.063143272246845,1,7.79079632679464,0.248354377386755,0.474159473009272,0.544999999927504,0.0450210259356877,-0.687235365253218,-0.106138434307002,90.2533312444164,0.003396
6.24,1.03641348898556,-0.0325025130500614,0.999999999454769,7.81406853721327,0.994699085223047,0.00560511319089342,1.06884896812798e-09,0.999067659534237,-0.0431718852089621,1,7.81079632679464,0.248431692696689,0.474157509726209,0.544999999927938,0.0450193149496129,-0.645795108518995,-0.107836069774756,89.745289101757,0.0035882
6.26,1.03689670599716,-0.0126133977862844,0.999999999475887,7.83406446086623,0.994800723160241,0.00558402575351807,1.04290651993833e-09,0.99973123280551,-0.023183229992613,1,7.83079632679464,0.24850688225108,0.47415510888288,0.544999999928395,0.0450176037990787,-0.604327580547724,-0.108738426930492,89.2410474439668,0.0034294
6.28,1.03698261338116,0.00728344700716644,0.999999999496487,7.85405964852979,0.994903906380797,0.00556169547899768,1.01712859791914e-09,0.999994926913232,-0.00318530179337252,1,7.85079632679464,0.248579967880927,0.4741523130802,0.544999999928833,0.0450158935770255,-0.562848669571131,-0.108845038535784,88.7405655908537,0.0034552
