Time,X,Y,Z,Psi,Vx_B,Vy_B,Vz_B,Ref_X,Ref_Y,Ref_Z,Ref_Psi,Ux,Uy,Uz,Upsi,Int_X,Int_Y,Cost,CalcTime
0,1.15,0,1,1.5707963267949,1,6.12323399573677e-17,0,1,0,1,1.5707963267949,0.2572666202365,0.853048430113803,0.544999999991153,0.0567328600857512,0,0,21.6966895504145,0.0064081
0.02,1.14964213019231,0.0200004947736843,0.999999999999968,1.59104735927681,1.00044743717058,0.015510521523106,-3.18507886731823e-12,0.999800006666578,0.0199986666933331,1,1.5907963267949,0.263781292526714,0.834199322987947,0.544999999995611,0.0490246270243069,0.0459952270181215,0.000400014663422016,21.2096548609253,0.0055651
0.04,1.1485780537151,0.0399950478801617,0.999999999999889,1.61160278012058,1.0014555913486,0.0297910165757376,-4.76504169455438e-12,0.999200106660978,0.0399893341866341,1,1.6107963267949,0.269599318848305,0.815522456076663,0.544999999997556,0.0477289898891792,0.0919619543559551,0.00159996028964989,20.7199084792641,0.0052466
0.06,1.1468258841281,0.0599746224758255,0.999999999999785,1.63224566385164,1.0029700067154,0.0430632936840099,-5.64487123710933e-12,0.998200539935204,0.0599640064794446,1,1.6307963267949,0.274764452610271,0.797140469132072,0.54499999999905,0.0474540409626746,0.13787229675121,0.00359941864005717,20.2287875108227,0.0051023
0.08,1.14440348324547,0.0799301899242212,0.999999999999668,1.6529348662543,1.00493992063337,0.0553786820402089,-5.98671334728351e-12,0.996801706302619,0.0799146939691727,1,1.6507963267949,0.279301983821702,0.779094102361695,0.545000000000147,0.0473451879023035,0.183699088674195,0.00639760983968574,19.7382373894707,0.0049369
0.1,1.14132841916557,0.0998527827218672,0.999999999999549,1.67365792976052,1.00731678441232,0.0667622588575198,-5.9337423863326e-12,0.995004165278026,0.0998334166468281,1,1.6707963267949,0.283232362614803,0.761410579010683,0.545000000000919,0.0472588960046876,0.229415873236986,0.00999339401631737,19.2500959070824,0.0050424
0.12,1.13761795718849,0.119733508267178,0.999999999999434,1.69440751735217,1.01005364208351,0.0772359248867786,-5.60302026997306e-12,0.992808635853866,0.119712207288919,1,1.6907963267949,0.286576404438872,0.744113409190392,0.545000000001453,0.0471720110486187,0.274996890234927,0.0143852740706549,18.7661481892075,0.0047643
0.14,1.13328905611112,0.139563554813453,0.999999999999327,1.71517744616968,1.01310507116898,0.0868222090083847,-5.07995423504327e-12,0.990215996212637,0.139543114644236,1,1.7107963267949,0.289356042952628,0.72722395283739,0.545000000001817,0.0470812681034087,0.320417063954421,0.0195713988004491,18.2881199354663,0.0052103
0.16,1.12835836585758,0.159334195883867,0.999999999999232,1.73596202654769,1.01642725670821,0.0955448124533273,-4.42568648395537e-12,0.987227283375627,0.159318206614246,1,1.7307963267949,0.291594306443398,0.710761656389952,0.545000000002003,0.0469866706000379,0.365651990862918,0.0255495662253116,17.8176571760606,0.0051096
0.18,1.12284222576744,0.179036794176624,0.99999999999915,1.75675594732932,1.01997808237218,0.103428608489056,-3.70452113429566e-12,0.983843692788121,0.179029573425824,1,1.7507963267949,0.293315171549108,0.694744082529306,0.545000000002057,0.0468887392493203,0.410677927217913,0.0323172270768654,17.3563070528579,0.0046238
0.2,1.11675666342304,0.198662805124301,0.999999999999084,1.77755425110147,1.02371721334701,0.110499548424834,-2.96392244081291e-12,0.980066577841242,0.198669330795061,1,1.7707963267949,0.294543401504055,0.679186914163549,0.545000000002015,0.0467880564634702,0.455471776618378,0.0398714884380138,16.9055020791561,0.004978
0.22,1.1101173939902,0.218203780135211,0.999999999999032,1.79835232385806,1.02760616617382,0.116784549648057,-2.23852936187542e-12,0.975897449330606,0.218229623080869,1,1.7907963267949,0.29530438714756,0.6641039632574,0.545000000001898,0.0466851906833027,0.500011077519594,0.0482091175181864,16.4665480039686,0.00512
0.24,1.10293982006251,0.237651369524871,0.999999999998994,1.81914588662866,1.0316083650293,0.122311379222518,-1.55544910285245e-12,0.97133797485203,0.237702626427134,1,1.8107963267949,0.29562394592214,0.64950419994215,0.54499999256838,0.0465806483827469,0.544273990731715,0.0573265455520204,16.0406149989189,0.0044936
0.26,1.09523903321748,0.256997325442083,0.999999999972209,1.83993098628251,1.03568918152152,0.127108411979591,-2.67693859967722e-09,0.966389978134513,0.257080551892155,1,1.8307963267949,0.295528381482977,0.635404810981098,0.544999995828821,0.0464750380980936,0.588239286938267,0.0672198718131579,15.6287344188759,0.0045597
0.28,1.08702981317077,0.276233503818172,0.999999999903654,1.86070398811258,1.03981597345069,0.131204932556689,-4.17856295342745e-09,0.961055438310771,0.276355648564114,1,1.8507963267949,0.295044020590927,0.621809669563955,0.544999998119494,0.0463687627717341,0.631886334264259,0.0778848677341995,15.2317871443911,0.0045083
0.3,1.07832662804718,0.295351866133761,0.999999999813313,1.88146156682974,1.04395809777074,0.134630534168348,-4.85554522811072e-09,0.955336489125606,0.29552020666134,1,1.8707963267949,0.294197309441974,0.608725538159768,0.544999999683678,0.0462622948573966,0.675195085774143,0.0893169810867347,14.8505122062239,0.0046636
0.32,1.06914363791199,0.314344481620438,0.999999999715063,1.9022006956359,1.04808691827741,0.137415200835561,-4.96942131889001e-09,0.949235418082441,0.314566560616118,1,1.8907963267949,0.293014634497473,0.596157397463797,0.545000000709019,0.0461560617721239,0.718146067089959,0.101511340251192,14.4855042643734,0.0048989
0.34,1.05949469689385,0.333203528760434,0.999999999618227,1.92291863681376,1.0521758027641,0.139589191309334,-4.71417465064406e-09,0.942754665528346,0.333487092140814,1,1.9107963267949,0.291522208097103,0.584108541896777,0.545000001339611,0.0460504610288821,0.76072036410968,0.114462758557667,14.1372166232362,0.0054424
0.36,1.04939335580534,0.351921296552482,0.999999999528766,1.94361293163413,1.05620011034073,0.14118292840816,-4.23191462317619e-09,0.935896823677935,0.35227423327509,1,1.9307963267949,0.28974596330683,0.572580660468811,0.545000001685529,0.0459458616912927,0.802899610820571,0.128165738682029,13.8059657090346,0.0049711
0.38,1.03885286522274,0.370490185555258,0.999999999450196,1.9642813899915,1.06013716979996,0.142226893119661,-3.62512437845909e-09,0.92866463557651,0.370920469412983,1,1.9507963267949,0.287711457166545,0.56157391217659,0.545000001830332,0.0458426050869489,0.844665977226667,0.142614477088167,13.491936784186,0.0048874
0.4,1.02788617899813,0.388902708722696,0.999999999384282,1.98492207983909,1.06396624982672,0.142751523503806,-2.96620484618871e-09,0.921060994002885,0.389418342308651,1,1.9707963267949,0.285443782298905,0.551087000190583,0.545000001836967,0.0457410054360858,0.886002157408158,0.157802868507768,13.195190684235,0.0059536
0.42,1.01650595818237,0.407151492047089,0.999999999331571,2.00553331647097,1.06766852183381,0.14278711859021,-2.30489668240353e-09,0.913088940312308,0.40776045305957,1,1.9907963267949,0.282967486770246,0.541117246664868,0.545000001752392,0.045641350513616,0.926891357729542,0.173724510449596,12.9156713762883,0.0053755
0.44,1.00472457533948,0.425229275026812,0.999999999291782,2.02611365169295,1.07122701619154,0.142363747497263,-1.67403538142708e-09,0.904751663219963,0.425939465066,1,2.0107963267949,0.280306502046523,0.531660668768306,0.545000001611228,0.0455439023609018,0.967317285212598,0.190372707730941,12.6532141532446,0.0050557
0.46,0.992554119233566,0.44312891097602,0.999999999264102,2.04666186292191,1.07462657260135,0.141511163982861,-1.09399337588912e-09,0.896052497525525,0.44394810696552,1,2.03079632679489,0.277484078409056,0.522712054669894,0.545000001369667,0.0454488979799876,1.00726413608943,0.207740477024555,12.4075542941249,0.0042779
0.48,0.980006399869885,0.460843367193917,0.999999999247153,2.06717694225014,1.07785378532254,0.140258726544144,-6.00913274695365e-10,0.886994922779284,0.461779175541483,1,2.05079632679489,0.274522729785184,0.514265045639882,0.545000001133253,0.0453565503788602,1.04671658455016,0.225820551415104,12.1783360376303,0.0038952
0.5,0.967092953869635,0.478365725010896,0.999999999239214,2.08765808551472,1.08089694402511,0.138635324397371,-1.92942302135186e-10,0.877582561890373,0.479425538604203,1,2.07079632679489,0.271444183367787,0.506312210657487,0.545000000914669,0.0452670490821314,1.08565977169897,0.244605384959877,11.9651217288367,0.0036399
0.52,0.953825050158491,0.495689179728788,0.999999999238648,2.10810468140434,1.08374597083517,0.136669309070212,1.36338620393411e-10,0.867819179677651,0.496880137843737,1,2.09079632679489,0.26826933773115,0.498845125610469,0.54500000066259,0.0451805611277071,1.12407929473151,0.264087157249164,11.7674010193322,0.0038619
0.54,0.94021369595014,0.512807040472429,0.99999999924376,2.12851630063191,1.08639235426567,0.134388431818113,3.74871049757524e-10,0.857708681363825,0.514135991653114,1,2.11079632679488,0.265018228217418,0.491854456095595,0.545000000470783,0.0450972321502273,1.1619611963458,0.28425777796241,11.5846000109382,0.0037882
0.56,0.926269643001989,0.529712729968216,0.999999999252952,2.14889268521066,1.08882908065851,0.131819786992618,5.44352936060471e-10,0.847255111013417,0.531186197920884,1,2.13079632679488,0.261709997472288,0.485330029733787,0.54500000032548,0.0450171869563387,1.19929195439799,0.305108891416929,11.4160902477211,0.0036119
0.58,0.912003394122159,0.546399784265664,0.999999999265011,2.16923373785882,1.09105056365205,0.12898976088627,6.61525589862316e-10,0.836462649915188,0.548023936791875,1,2.15079632679488,0.258362872944131,0.479260915250371,0.545000000215972,0.0449405306599818,1.23605847181346,0.326631881106554,11.2611974766763,0.0037143
0.6,0.897425209907282,0.562861852417576,0.999999999279019,2.18953951155687,1.09305257223608,0.125923986281439,7.39275627381625e-10,0.82533561490968,0.564642473395037,1,2.17079632679488,0.254994149860796,0.473635497777765,0.545000000133946,0.0448673495694956,1.27224806676283,0.348817874228287,11.1192101062383,0.0037268
0.62,0.882545115688243,0.579092696132805,0.999999999294287,2.20981019928562,1.09483215787598,0.122647302461877,7.87496112764069e-10,0.813878456662536,0.581035160537307,1,2.19079632679488,0.251620179560894,0.468441552467067,0.54500000007295,0.0447977121176773,1.30784846311182,0.371657746195547,10.9893873050035,0.0036561
0.64,0.867372908661778,0.595086189415132,0.999999999310299,2.23004612396618,1.09638758115674,0.119183720524337,8.1375823413054e-10,0.802095757884295,0.597195441362394,1,2.21079632679487,0.24825636281749,0.463666316152813,0.545000000027996,0.0447316697940565,1.34284778115261,0.39514212513722,10.8709666931859,0.0036246
0.66,0.851918165185768,0.61083631820099,0.999999999326675,2.25024772862202,1.09771823835962,0.115556393803712,8.23836856511655e-10,0.789992231497368,0.613116851973436,1,2.23079632679487,0.244917147791218,0.459296556853084,0.544999999995228,0.0446692580731038,1.37723452862393,0.419261396382191,10.7631715890677,0.0036739
0.68,0.83619024821606,0.62633718000785,0.999999999343135,2.27041556678133,1.0988245883463,0.11178759320656,8.22119083920819e-10,0.777572718750931,0.628793024018471,1,2.25079632679487,0.241616032254453,0.455318640920695,0.544999999971672,0.0446104973345482,1.41099759202574,0.444005706929563,10.6652177816458,0.0038065
0.7,0.820198314862749,0.641582983604192,0.999999999359475,2.29055029313572,1.09970808008857,0.107898687233175,8.11921125887233e-10,0.764842187284492,0.644217687237694,1,2.27079632679487,0.238365569735035,0.4517185976931,0.544999999955045,0.0445553937727645,1.44412622823399,0.469364969905215,10.5763198088345,0.0039202
0.72,0.803951324044042,0.656568048711099,0.999999999375552,2.31065265446971,1.1003710811462,0.103910126457222,7.95737200576235e-10,0.751805729140899,0.659384671971476,1,2.29079632679486,0.235177379236869,0.448482181518203,0.544999999943593,0.0445039402925293,1.47661005641951,0.495328869005743,10.4956967279738,0.0036267
0.74,0.787458044216042,0.671286805744537,0.999999999391263,2.3307234808732,1.10081680736112,0.0998414322240393,7.75430528676674e-10,0.738468558729593,0.674287911628149,1,2.31079632679486,0.232062158205513,0.445594931060503,0.544999999935982,0.0444561173888234,1.50843905027476,0.521886862931269,10.4225773720405,0.0035326
0.76,0.770727061157138,0.685733795606492,0.999999999406542,2.35076367724756,1.10104925400388,0.0957111893237061,7.52383897406611e-10,0.724836010740911,0.688921445110555,1,2.33079632679486,0.229029698405588,0.443042225786552,0.544999999927858,0.0444118940061827,1.53960353055085,0.549028189808879,10.3562050908787,0.0036825
0.78,0.753766785786069,0.699903669532217,0.99999999942133,2.37077421511422,1.10107312857675,0.0915370423913476,7.26412601181886e-10,0.710913538012283,0.703279419200415,1,2.35079632679486,0.226088904468564,0.440809339735278,0.544999999922587,0.0443712283897093,1.57009415790674,0.576741871608812,10.2958419820636,0.0048662
0.8,0.736585461993147,0.713791188999915,0.999999999435579,2.39075612473293,1.10089378545154,0.0873356957932196,6.98543765054177e-10,0.696706709347172,0.717356090899528,1,2.37079632679486,0.223247814688767,0.43888149224287,0.54499999991979,0.044334068894173,1.59990192607148,0.605016718555768,10.240772620475,0.0046375
0.82,0.71919117446465,0.727391225708285,0.999999999449262,2.41071048753541,1.10051716248806,0.0831229167465216,6.69668231978443e-10,0.68222120728762,0.731145829726902,1,2.39079632679485,0.220513623913815,0.437243895906772,0.544999999918768,0.04430035478818,1.62901815531957,0.633841333537939,10.1903072997643,0.0038158
0.84,0.701591856480984,0.740698761626527,0.999999999462363,2.43063842887844,1.09994971975887,0.0789135414368792,6.40424744346996e-10,0.667462825841315,0.744643119970866,1,2.41079632679485,0.217892708210298,0.435881801664259,0.544999999919009,0.0442700170284779,1.65743448625894,0.663204116516583,10.1437848021962,0.0044631
0.86,0.683795297669776,0.753708889120519,0.99999999947488,2.45054111111925,1.09919838048048,0.0747214838966502,6.11267942929312e-10,0.65243746816406,0.757842562895284,1,2.43079632679485,0.215390651063323,0.434780541024244,0.544999999920113,0.0442429790099517,1.68514287392989,0.69309326893911,10.1005747161959,0.0046566
0.88,0.665809151695716,0.766416811158063,0.999999999486817,2.47041972701484,1.09827047423017,0.0705597474143442,5.82508477009464e-10,0.637151144198589,0.770738878898977,1,2.45079632679485,0.213012270878645,0.433925565491226,0.544999999921773,0.0442191572907854,1.7121355822131,0.723496798158784,10.0600793232582,0.0044286
0.9,0.647640943869661,0.778817841595311,0.999999999498186,2.49027549344547,1.09717368250833,0.0664404382528831,5.54346648584664e-10,0.621609968270674,0.783326909627492,1,2.47079632679484,0.210761649569786,0.433302483227343,0.544999999923776,0.0441984622920709,1.73840517854351,0.754402521864254,10.0217350777129,0.0040081
0.92,0.629298078660229,0.790907405545724,0.999999999508998,2.51010964546164,1.09591598668827,0.0623747814624969,5.26906127618071e-10,0.605820156643473,0.795601620036375,1,2.49079632679484,0.208642162027271,0.432897093007828,0.544999999925968,0.0441807989714506,1.7639445289268,0.785798072522197,9.98501370425953,0.0041559
0.94,0.610787847091842,0.802681039832187,0.99999999951927,2.52992343065269,1.09450561837993,0.0583731385827202,5.00254486723856e-10,0.589788025031109,0.807558100405125,1,2.51079632679484,0.206656506281931,0.432695415533248,0.544999999928236,0.0441660674705661,1.78874679325406,0.817670901836367,9.94942293918583,0.0038348
0.96,0.592117434013991,0.814134393522221,0.999999999529017,2.54971810383439,1.09295101221936,0.0544450270370759,4.74419508122986e-10,0.573519986072468,0.819191568301009,1,2.53079632679484,0.204806734188219,0.43268372216835,0.544999999930504,0.0441541637361942,1.81280542090986,0.850008285226404,9.91450694184133,0.0036237
0.98,0.573293925227245,0.82526322854557,0.999999999538255,2.56949492205192,1.09126076108334,0.0505991410334313,4.49401049706916e-10,0.55702254676623,0.830497370491982,1,2.55079632679484,0.203094282467222,0.432848561182711,0.544999999932716,0.0441449801150348,1.83611414666824,0.882797326329702,9.8798464032513,0.0035628
1,0.554324314452367,0.836063420392836,0.999999999547001,2.58925513989394,1.08944357371744,0.0468433737925722,4.25178967589085e-10,0.540302305868153,0.84147098480791,1,2.57079632679483,0.201520003962178,0.433176781572617,0.54499999993484,0.0441384059222263,1.85866698687073,0.916024961529595,9.84505837878951,0.0039167
1.02,0.535215510129722,0.846530958893258,0.99999999955527,2.60900000511263,1.08750823475563,0.0431848409371426,4.01721429454932e-10,0.523365951251663,0.852108021949377,1,2.59079632679483,0.200084198971823,0.433655554546871,0.544999999936852,0.0441343279837185,1.88045823587973,0.949677964513095,9.80979587159544,0.0037747
1.04,0.51597434203698,0.856661949069176,0.999999999563077,2.62873075454413,1.08546356710159,0.0396299048826488,3.78988112004203e-10,0.506220257232793,0.862404227243354,1,2.61079632679483,0.198786646538748,0.434272392761627,0.544999999938736,0.0441326311527146,1.90148246280021,0.983742950861269,9.77374719296392,0.0036595
1.06,0.496607567713984,0.866452612064257,0.999999999570436,2.64844861032313,1.08331839663392,0.0361842000816384,3.56933149703303e-10,0.488872081860543,0.872355482345003,1,2.63079632679483,0.197626635581158,0.435015167390594,0.544999999940493,0.0441331988004371,1.92173450846245,1.01820638267529,9.73663512527878,0.0035213
1.08,0.477121878684486,0.875899286142057,0.999999999577361,2.66815477638486,1.08108151919182,0.0328526589813622,3.35510570437231e-10,0.471328364173756,0.881957806884965,1,2.65079632679482,0.196602995767436,0.435872123119146,0.544999999942119,0.0441359132815658,1.94120948265758,1.05305457324105,9.69821591223975,0.00375
1.1,0.457523906465297,0.884998427751108,0.999999999583862,2.68785043524733,1.07876166979187,0.0296395385642119,3.14673407331151e-10,0.453596121425594,0.891207360061454,1,2.67079632679482,0.195714128041999,0.436831891149027,0.544999999943618,0.0441406563746337,1.95990276161789,1.08827369173499,9.65827810016401,0.0036572
1.12,0.437820228354256,0.893746612652305,0.999999999589953,2.70753674506632,1.07636749402288,0.0265484473488192,2.94375901432881e-10,0.435682446276729,0.900100442176525,1,2.69079632679482,0.194958034721322,0.43788350030284,0.544999999944996,0.044147309697861,1.97780998573303,1.12384976797392,9.61664125305984,0.0035689
1.14,0.418017372989253,0.902140537104065,0.999999999595642,2.72721483695518,1.07390752156148,0.0235823727380647,2.74574638581266e-10,0.417594503958376,0.908633496115905,1,2.71079632679482,0.194332349086626,0.439016386314438,0.544999999946258,0.0441557551007558,1.99492705749324,1.15976869721097,9.57315456299904,0.0035349
1.16,0.398121825671378,0.910177019100361,0.99999999960094,2.74688581256134,1.07139014174886,0.0207437086081453,2.55227483592075e-10,0.399339529406292,0.91680310877179,1,2.73079632679482,0.193834364408685,0.440220399392554,0.54499999994741,0.0441658750320085,2.01125013965019,1.19601624498013,9.5276953760593,0.0036528
1.18,0.378140033446095,0.917852999656526,0.999999999605856,2.76655074189113,1.06882358116646,0.018034283040456,2.36295250033431e-10,0.380924824366901,0.924606012408045,1,2.75079632679481,0.193461062346936,0.441485810142198,0.544999999948463,0.0441775528840905,2.02677565358594,1.23257805199118,9.48016765281403,0.0036696
1.2,0.358078409937154,0.925165544137454,0.999999999610396,2.78621066137427,1.06621588314682,0.0154553861052023,2.1774180680722e-10,0.362357754476693,0.932039085967252,1,2.77079632679481,0.193209140672517,0.442803313927968,0.544999999949418,0.0441906733150691,2.04150027788025,1.26943963907705,9.43050038101108,0.003489
1.22,0.337943339928745,0.932111843622617,0.999999999614569,2.80586657215939,1.0635748891547,0.0130077976124706,1.99532088629434e-10,0.343645746316068,0.939099356319095,1,2.79079632679481,0.19307504027089,0.444164033761324,0.544999999950284,0.0442051225481439,2.05542094706619,1.30658641219494,9.37864595672818,0.0035447
1.24,0.317741183692196,0.938689216302192,0.99999999961838,2.82551943863164,1.06090822197272,0.0106918147528931,1.8163426318551e-10,0.324796284438797,0.945783999449568,1,2.81079632679481,0.193054971385621,0.445559521792058,0.544999999951067,0.0442207886493943,2.06853485056394,1.34400366748273,9.32457854894325,0.0038855
1.26,0.297478281054272,0.944895108898413,0.999999999621837,2.84517018714343,1.05822327062533,0.00850727955607443,1.64018452153409e-10,0.305816908378311,0.952090341590547,1,2.8307963267948,0.193144939070507,0.446981759482966,0.544999999951774,0.0442375617842938,2.08083943178251,1.38167659637178,9.26829246110606,0.0035805
1.28,0.277160955204891,0.9507270981062,0.999999999624943,2.86481970494941,1.05552717697492,0.00645360610063227,1.4665701542071e-10,0.286715209631978,0.958015860289258,1,2.8507963267948,0.193340767821599,0.448423156543619,0.544999999952409,0.0442553344535071,2.09233238737901,1.41959029075699,9.2098005019816,0.0035962
1.3,0.256795516242791,0.95618289204703,0.999999999627705,2.88446883933647,1.05282682392394,0.00452980741499635,1.29524231340378e-10,0.26749882862461,0.963558185417228,1,2.8707963267948,0.193638125366045,0.449876548698851,0.544999999952975,0.0442740017085066,2.1030116666649,1.45772974822469,9.14913237673863,0.003657
1.32,0.2363882644584,0.961260331729997,0.999999999630127,2.90411839693992,1.05012882515731,0.00273452201313015,1.12595230916663e-10,0.248175451652396,0.968715100118302,1,2.8907963267948,0.194032545587769,0.451335194363538,0.54499999995348,0.044293461347588,2.11287547114897,1.49607987733897,9.08633310800462,0.0037633
1.34,0.215945493353835,0.965957392513962,0.999999999632211,2.92376914323665,1.04743951635989,0.0010660400139616,9.58479873247546e-11,0.228752807808483,0.973484541695358,1,2.9107963267948,0.194519450574873,0.452792770295476,0.544999999953926,0.0443136140928019,2.12192225420619,1.5346255029864,9.02146149540611,0.0035797
1.36,0.195473492400618,0.970272185564772,0.999999999633962,2.94342180220648,1.04476494784459,-0.000477671202276474,7.92612553368548e-11,0.209238665891443,0.977864602435356,1,2.93079632679479,0.195094171776113,0.454243366294014,0.544999999954316,0.0443343637483982,2.13015072086228,1.5733513717792,8.95458862095887,0.0034955
1.38,0.174978549536338,0.974202959301509,0.999999999635383,2.96307705615256,1.04211087852727,-0.00189894184354843,6.28151752834986e-11,0.189640831297859,0.981853530372402,1,2.95079632679479,0.195751970257816,0.455681479012094,0.544999999954655,0.0443556173413333,2.13755982768321,1.61224215751651,8.88579640657642,0.0035243
1.4,0.154466953402087,0.977748100825854,0.999999999636476,2.9827355456722,1.03948277118569,-0.0032003751002423,4.64909533093253e-11,0.169967142900266,0.985449729988505,1,2.97079632679479,0.196488056054835,0.457102004945808,0.544999999954945,0.0443772852444127,2.14414878275955,1.65128246670312,8.81517622893611,0.0038126
1.42,0.133944995323079,0.980906137328712,0.999999999637244,3.00239786976925,1.03688578894062,-0.00438482311943584,3.02712521715824e-11,0.150225469911711,0.988651762851766,1,2.99079632679479,0.197297606612347,0.458500232664933,0.544999999955189,0.0443992812826628,2.14991704577498,1.69045684412506,8.74282759596906,0.0041439
1.44,0.113418971035429,0.983675737468386,0.999999999637688,3.02206458609944,1.03432479289813,-0.00545536359111832,1.41391609531586e-11,0.130423708738171,0.991458348191735,1,3.01079632679479,0.198175784317323,0.459871834345179,0.544999999955388,0.0444215228234888,2.15486432814908,1.7297497784808,8.66885688833976,0.00388
1.46,0.0928951821625651,0.986055712714696,0.99999999963781,3.04173621134015,1.03180434089323,-0.00641527697511721,-1.92112992181657e-12,0.110569779820095,0.993868363411695,1,3.03079632679478,0.19911775312107,0.461212856661671,0.544999999955547,0.0444439308512363,2.15899059324412,1.76914570806694,8.59337616844274,0.0037013
1.48,0.0723799374452738,0.988045018653635,0.999999999637612,3.06141322167636,1.02932868727608,-0.00726802439447,-1.79243642151102e-11,0.0906716244643356,0.995880844537693,1,3.05079632679478,0.200118694256172,0.462519711101022,0.544999999955667,0.0444664300267201,2.16229605662595,1.80862902651692,8.51650205867772,0.0039183
1.5,0.0518795537298248,0.989642756247302,0.999999999637093,3.08109605339431,1.02690178368289,-0.00801722621814894,-3.38843975100697e-11,0.070737201667729,0.99749498660411,1,3.07079632679478,0.2011738210531,0.463789163747907,0.544999999955751,0.0444889487323355,2.16478118636929,1.84818408859104,8.4383546900593,0.004239
1.52,0.0314003567190604,0.990848173044045,0.999999999636256,3.10078510357512,1.02452728073485,-0.00866664135335084,-4.98140195759386e-11,0.0507744849336054,0.998710143975641,1,3.09079632679478,0.202278392863601,0.46501832460012,0.544999999955801,0.0445114191033416,2.1664467033977,1.88779521601585,8.35905672158174,0.0036181
1.54,0.0109486814917462,0.991660664333985,0.999999999635101,3.12048073088022,1.02220853060951,-0.00922014726500801,-6.57256649105928e-11,0.0307914590824925,0.999525830605539,1,3.11079632679477,0.203427728099674,0.466204636464687,0.544999999955819,0.0445337770459118,2.16729358184904,1.92744670337091,8.27873243018924,0.0039229
1.56,-0.00946912720414814,0.992079774245265,0.999999999633627,3.14018325642102,1.0199485904299,-0.00968172073772871,-8.1630773252078e-11,0.0107961170582938,0.999941720230029,1,3.13079632679477,0.204617216398271,0.467345863485621,0.544999999955809,0.0445559622425854,2.16732304945708,1.96712282402061,8.19750687068763,0.0041369
1.58,-0.0298467148782237,0.99210519677665,0.999999999631836,3.15989296470531,1.01775022641799,-0.0100554193930481,-9.75397185243363e-11,-0.00920354326878194,0.999957646498805,1,3.15079632679477,0.205842329923854,0.468440079352873,0.544999999955769,0.0445779181456822,2.1665365879405,2.00680783608854,8.11550510448855,0.0053706
1.6,-0.0501777174381528,0.991736776762308,0.999999999629726,3.17961010465293,1.01561591875997,-0.010345363972615,-1.13463016759857e-10,-0.0291995223012625,0.999573603041573,1,3.17079632679477,0.207098633821368,0.469485655239545,0.544999999955707,0.0445995919593323,2.16493593339043,2.04648598847185,8.03285149567944,0.0044597
1.62,-0.0704557615372882,0.990974510764886,0.999999999627297,3.19933489067377,1.01354786713198,-0.0105557213958041,-1.29408554983007e-10,-0.0491838219141443,0.998789743470594,1,3.19079632679477,0.208381795834835,0.470481247514012,0.544999999955621,0.044620934610706,2.1625230766483,2.08614152689277,7.94966907257771,0.0048157
1.64,-0.0906744651225126,0.989818547893231,0.999999999624549,3.21906750380102,1.01154799683594,-0.0106906885981434,-1.45384930760889e-10,-0.0691484486540361,0.997606381319246,1,3.21079632679476,0.209687595106363,0.471425785270821,0.544999999955516,0.0446419007110586,2.15930026366567,2.12575869998436,7.86607895264069,0.003859
1.66,-0.110827438175229,0.988269190541393,0.999999999621481,3.2388080928731,1.00961796549619,-0.0107544771549584,-1.6139914293945e-10,-0.0890854169364333,0.996023989916612,1,3.23079632679476,0.211011930173064,0.472318457723668,0.544999999955392,0.0446624485072074,2.15526999583831,2.16532176540743,7.7821998283607,0.00358
1.68,-0.130908283638202,0.986326895045803,0.999999999618092,3.25855677575769,1.00775917026885,-0.010751298692681,-1.77457906147543e-10,-0.108986752239846,0.994043202198154,1,3.25079632679476,0.212350826179362,0.473158701501583,0.54499999995526,0.0446825398240371,2.15043503030694,2.20481499599533,7.69814751158594,0.0034494
1.7,-0.150910598520781,0.98399227225779,0.999999999614383,3.27831364061168,1.00597275551655,-0.0106853510883967,-1.93564382300343e-10,-0.1288444942955,0.991664810452549,1,3.27079632679476,0.213700441323417,0.473946187888089,0.544999999955126,0.0447021399986589,2.14479838021716,2.2442226859234,7.61403453355119,0.0036757
1.72,-0.170827975174913,0.981266088028912,0.99999999961035,3.29807874717098,1.00425962090284,-0.0105608054563798,-2.09718962196354e-10,-0.148650700271339,0.988889766004785,1,3.29079632679475,0.215057072558034,0.474680810041288,0.544999999954981,0.0447212178067722,2.13836331493192,2.28352915689959,7.52996979779186,0.0039225
1.74,-0.19065400273422,0.978149263606799,0.999999999605993,3.31785212806441,1.00262042986104,-0.0103817939186136,-2.25925660402032e-10,-0.168397447949053,0.98571917883564,1,3.31079632679475,0.21641716056618,0.475362670232173,0.544999999954824,0.044739745381942,2.13113336018949,2.32271876437264,7.44605828303319,0.0037083
1.76,-0.210382268708338,0.974642875939524,0.999999999601312,3.33763379014609,1.00105561839401,-0.01015239815455,-2.42189095445161e-10,-0.188076838892856,0.982154317137708,1,3.33079632679475,0.217777294032864,0.47599206713532,0.544999999954662,0.044757698128247,2.12311229820085,2.36177590375436,7.36240079310133,0.0035402
1.78,-0.23000636072467,0.970748157886787,0.999999999596305,3.35742371584108,0.999565404162086,-0.00987663872374268,-2.58510688411212e-10,-0.207681001608761,0.978196606808137,1,3.35079632679475,0.219134213235913,0.476569483205736,0.544999999954495,0.044775054626967,2.11430416768029,2.40068501665216,7.279093750883,0.0035422
1.8,-0.249519868409623,0.966466498336434,0.999999999590971,3.37722186449909,0.998149795817839,-0.00955846515337304,-2.74892357765572e-10,-0.227202094693065,0.97384763087829,1,3.37079632679475,0.220484812966125,0.477095572135263,0.544999999950976,0.0447917965350977,2.10471326380351,2.43943059710819,7.19622903334609,0.0034807
1.82,-0.268916385401443,0.961799442225174,0.999999999585297,3.39702817375149,0.99680860254687,-0.00920174678268238,-2.92540853763518e-10,-0.246632309968812,0.969109128880554,1,3.39079632679474,0.221826144854922,0.477571146589911,0.544999999946769,0.0448079084904663,2.09434413808784,2.47799719784117,7.11389384477046,0.0034267
1.84,-0.288189511486736,0.956748690462522,0.999999999579254,3.41684256086706,0.995541443777435,-0.00881026434786748,-3.1170404923842e-10,-0.265963875608959,0.963982996152549,1,3.41079632679474,0.223155419044904,0.477997165974792,0.544999999943891,0.044823377995876,2.08320159818944,2.51636943648715,7.0321706251596,0.0035284
1.86,-0.307332854852795,0.951316099757297,0.999999999572818,3.43666492410219,0.994347759019312,-0.0083877023012667,-3.31903287076335e-10,-0.285189059245001,0.958471283079019,1,3.43079632679474,0.22447000528474,0.478374724434564,0.544999999942005,0.044838195307717,2.07129070761268,2.5545320018353,6.95113699109809,0.0034381
1.88,-0.326340034447929,0.945503682346277,0.999999999565971,3.45649514404129,0.993226817795905,-0.00793764184949068,-3.52781377443995e-10,-0.304300171059814,0.952576194271703,1,3.45079632679474,0.225767433477152,0.478705039124079,0.544999999940858,0.0448523533240769,2.05861678532725,2.59246966005479,6.87086570631159,0.0036289
1.9,-0.345204682442031,0.939313605624844,0.999999999558703,3.47633308492349,0.992177729635072,-0.00746355469371698,-3.74072470776815e-10,-0.323289566863485,0.946300087687525,1,3.47079632679473,0.227045393686093,0.478989438710988,0.544999999940255,0.0448658474666707,2.04518540528886,2.63016726090879,6.79142467924872,0.0034572
1.92,-0.363920446779742,0.932748191679659,0.999999999551006,3.49617859595229,0.991199454084761,-0.00696879745670751,-3.9558063491541e-10,-0.342149651150881,0.939645473685438,1,3.49079632679473,0.228301735635374,0.479229352151954,0.544999999940051,0.0448786755611388,2.03100239585956,2.66760974395186,6.7128769851413,0.0034291
1.94,-0.382480993818642,0.925809916723636,0.999999999542879,3.51603151258455,0.990290810721189,-0.00645660677903997,-4.17162446808566e-10,-0.360872880139751,0.932615014022317,1,3.51079632679473,0.229534467725081,0.479426297762491,0.544999999940134,0.0448908377157912,2.0160738391243,2.70478214470659,6.63528091009913,0.0034427
1.96,-0.400880011045064,0.918501410433713,0.99999999953432,3.53589165779582,0.989450489118734,-0.00593009506597463,-4.38714202744e-10,-0.37945176478814,0.925211520788288,1,3.53079632679473,0.230741755592223,0.479581872598891,0.544999999940427,0.0449023361991814,2.00040607010033,2.74166960081573,6.55869001491184,0.0035291
1.98,-0.419111209860216,0.910825455192101,0.999999999525331,3.55575884331905,0.988677058752167,-0.00539224686536685,-4.6016047861031e-10,-0.397878873789903,0.917437955281933,1,3.55079632679473,0.231921920242274,0.479697742168874,0.544999999940866,0.0449131753169478,1.98400567583654,2.77825735816591,6.4831532163468,0.0037101
2,-0.437168328429491,0.902784985231895,0.999999999515915,3.57563287085411,0.987968978803345,-0.00484591585610473,-4.81448658717914e-10,-0.416146836547131,0.909297426825808,1,3.57079632679472,0.233073435778297,0.47977563048606,0.544999999941413,0.0449233612883616,1.96687949440007,2.81453077697908,6.40871488385584,0.0035921
2.02,-0.455045134587975,0.894383085688105,0.999999999506076,3.59551353324554,0.987324607846004,-0.00429382242569663,-5.02540018487712e-10,-0.43424834611829,0.900793191522756,1,3.59079632679472,0.234194926754321,0.479817310481559,0.544999999942034,0.0449329021229978,1.94903461374785,2.85047533786786,6.33541494972655,0.0034851
2.04,-0.472735428795354,0.885622991555335,0.999999999495816,3.6154006156265,0.986742213383802,-0.00373855181486489,-5.23407805985704e-10,-0.452176162140903,0.891928650953512,1,3.61079632679472,0.235285165179589,0.479824594784444,0.544999999942709,0.0449418074979289,1.93047837048083,2.88607664785109,6.26328903083548,0.0035167
2.06,-0.4902330471336,0.8765080865535,0.999999999485142,3.63529389652685,0.986219981218326,-0.00318255280631387,-5.44032729976612e-10,-0.469923113727595,0.882707350816109,1,3.63079632679472,0.23634306720019,0.479799326881211,0.544999999943423,0.0449500886358329,1.91121834847917,2.92132044632585,6.19236856028432,0.0034946
2.08,-0.50753186434101,0.867041901903094,0.999999999474057,3.65519314894359,0.985756024625332,-0.00262813693424,-5.64400508551449e-10,-0.487482102334354,0.873132979507655,1,3.65079632679472,0.237367689484259,0.47974337266269,0.544999999944168,0.0449577581843616,1.89126237741681,2.95619261099224,6.1226809273199,0.003665
2.1,-0.524625796876353,0.857228115011686,0.999999999462568,3.67509814137218,0.985348393319039,-0.00207747819063761,-5.84500199352084e-10,-0.504846104599854,0.863209366649015,1,3.67079632679472,0.23835822533681,0.479658612365384,0.544999999944936,0.0449648300971124,1.870618531154,2.99067916372745,6.05424962405704,0.0035286
2.12,-0.541508806007126,0.847070548073422,0.99999999945068,3.69500863879738,0.984995082185893,-0.00153261320402513,-6.04323346919961e-10,-0.522008175154706,0.85294048155302,1,3.69079632679472,0.239314000569782,0.47954693291263,0.544999999945727,0.0449713195165323,1.84929512600679,3.02476627640554,5.98709439763703,0.0037731
2.14,-0.558174900916081,0.836573166583406,0.999999999438398,3.71492440364238,0.984694039770749,-0.000995441865875744,-6.23861780013618e-10,-0.538961449399512,0.842330431636792,1,3.71079632679472,0.240234469152577,0.479410220659485,0.544999999946538,0.0449772426590259,1.82730071889261,3.05844027665942,5.92123140656603,0.0040934
2.16,-0.574618141820428,0.825740077768969,0.999999999425728,3.73484519667552,0.984443176500014,-0.000467728379782571,-6.43108215570015e-10,-0.555699146250615,0.831383460778833,1,3.73079632679472,0.241119208667859,0.479250354543817,0.544999999947371,0.0449826167025681,1.80464410535131,3.09168765358183,5.85667338008404,0.0039772
2.18,-0.590832643098336,0.81457552893988,0.999999999412677,3.75477077787351,0.984240372627828,4.88972917809552e-05,-6.62054731037648e-10,-0.572214570852441,0.820103947621527,1,3.75079632679472,0.241967915596839,0.479069199644679,0.544999999948225,0.0449874596770538,1.78133431744124,3.12449506336186,5.79342977951664,0.0037828
2.2,-0.606812576417555,0.80308390575965,0.999999999399249,3.77470090724096,0.984083485892874,0.000552937608329301,-6.8069365255497e-10,-0.588501117255352,0.808496403819746,1,3.77079632679472,0.242780400457751,0.478868601147654,0.544999999949102,0.0449917903576202,1.75738062151028,3.156849334854,5.73150696065921,0.0038226
2.22,-0.62255217386122,0.791269730440134,0.999999999385452,3.79463534558545,0.983970358874979,0.00104302528508567,-6.99016915461931e-10,-0.604552271057938,0.796565472236245,1,3.79079632679472,0.243556582820543,0.478650378715636,0.544999999950006,0.0449956281611608,1.7327925158417,3.18873747507635,5.67090833633523,0.0040276
2.24,-0.638045731046102,0.779137659861686,0.999999999371292,3.81457385524824,0.983898826042082,0.00151792080470175,-7.17014607687366e-10,-0.62036161201269,0.784315925084581,1,3.81079632679472,0.244296486220146,0.478416321262208,0.544999999950936,0.0449989930461958,1.70757972817514,3.22014667463526,5.6116345383574,0.0036555
2.26,-0.653287610228802,0.766692483621176,0.999999999356775,3.83451620079035,0.983866720479664,0.00197650963196299,-7.34677563229985e-10,-0.635922816594015,0.771752662020289,1,3.83079632679472,0.24500023298998,0.478168182123627,0.544999999951894,0.0450019054162896,1.6817522131031,3.25106431307326,5.55368357820234,0.0035063
2.28,-0.668272243395584,0.753939122010186,0.999999999341908,3.85446214963419,0.98387188029614,0.00241779915623353,-7.51995585801529e-10,-0.651229660527561,0.758880708181088,1,3.85079632679472,0.245668039036555,0.47790767462434,0.544999999952883,0.0450043860271421,1.65532014934351,3.28147796413749,5.49705100578632,0.0035185
2.3,-0.68299413533178,0.740882623925754,0.999999999326699,3.87441147266086,0.983912154699076,0.00284091538608844,-7.68957768571005e-10,-0.666276021279842,0.745705212176889,1,3.87079632679472,0.246300208575226,0.477636468029857,0.544999999953904,0.0450064558974879,1.62829393688904,3.31137540096593,5.44173006580129,0.0036369
2.32,-0.697447866666893,0.727528164716022,0.999999999311153,3.89436394476372,0.983985409738489,0.00324509942020575,-7.85552458637545e-10,-0.681055880507172,0.732231444030422,1,3.89079632679472,0.246897128846395,0.477356183879859,0.544999999954957,0.045008136223906,1.60068419403417,3.34074460118876,5.38771185113729,0.0035262
2.34,-0.711628096891726,0.713881043963156,0.99999999929528,3.9143193453584,0.984089533714743,0.00362970371814949,-8.01767932046011e-10,-0.695563326462924,0.7184647930693,1,3.91079632679472,0.24745926483048,0.47706839269349,0.544999999956043,0.0450094482996251,1.57250175428101,3.36957375194227,5.33498545297955,0.0034187
2.36,-0.725529567344098,0.699946683205917,0.999999999279087,3.9342774588502,0.984222442249826,0.00399418819417305,-8.17592500368398e-10,-0.709792556362145,0.704410765770352,1,3.93079632679472,0.247987153979146,0.476774611037953,0.544999999957162,0.0450104134373909,1.54375766312495,3.39785125479283,5.28353810722568,0.0035163
2.38,-0.739147104159864,0.685730623604234,0.999999999262581,3.95423807505931,0.984382083022002,0.00433811615661246,-8.33014226486746e-10,-0.723737878702596,0.690074983557115,1,3.95079632679472,0.248481400979416,0.476476298950742,0.544999999958315,0.0450110528964507,1.51446317472173,3.4255657305687,5.23335533692143,0.0036871
2.4,-0.752475621186189,0.671238523548109,0.99999999924577,3.9742009896049,0.984566440164947,0.00466115011482597,-8.48020640376041e-10,-0.737393715541275,0.675463180551332,1,3.97079632679472,0.248942672566252,0.476174857705111,0.544999999959502,0.0450113878136771,1.48462974843703,3.45270602409716,5.18442109046217,0.0035385
2.42,-0.765510122854184,0.656476156213194,0.999999999228664,3.99416600424888,0.984773538333606,0.00496304747497388,-8.62599840445461e-10,-0.750754604725523,0.660581201279384,1,3.99079632679472,0.249371692398374,0.47587162790784,0.544999999960724,0.0450114391388558,1.4542690452805,3.47926120884506,5.13671787535233,0.0034756
2.44,-0.778245707008198,0.641449407065292,0.99999999921127,4.01413292720042,0.985001446440004,0.00524365614522919,-8.76739356669994e-10,-0.763815202077809,0.645434998334556,1,4.01079632679472,0.249769236011042,0.475567887917633,0.544999999961976,0.0450112275741313,1.42339292422562,3.50522059146049,5.09022688735412,0.0034418
2.46,-0.79067756768926,0.626164271316062,0.999999999193599,4.03410157338227,0.985248281063242,0.00550291007026017,-8.90428069055822e-10,-0.776570283533331,0.63003062999608,1,4.03079632679472,0.250136125858649,0.475264852572153,0.544999999963262,0.0450107735175998,1.39201343841738,3.53057371621363,5.04492813489636,0.0035189
2.48,-0.80280099787028,0.610626851332133,0.999999999175658,4.05407176466004,0.985512209538802,0.00574082471404858,-9.03653933903577e-10,-0.789014747229571,0.614374257805902,1,4.05079632679472,0.250473226458968,0.47496367221117,0.544999999964579,0.0450100970110076,1.36014283126951,3.55531036933493,5.00080055864609,0.0034926
2.5,-0.814611392140849,0.594843353999778,0.999999999157458,4.07404333003572,0.985791452733129,0.00595749250929572,-9.16405404893802e-10,-0.801143615546977,0.598472144104148,1,4.07079632679472,0.250781439649987,0.474665431982932,0.544999999965924,0.0450092176915533,1.32779353245336,3.57942058324879,4.95782214617698,0.0036249
2.52,-0.82610424933956,0.578820088047301,0.999999999139007,4.09401610580667,0.986084287510265,0.0061530782908296,-9.28672889699563e-10,-0.812952037099936,0.582330649524276,1,4.09079632679472,0.25106169996931,0.474371151420618,0.5449999999673,0.0450081547476643,1.29497815378039,3.60289464070087,4.91597004169594,0.0034485
2.54,-0.837275175131974,0.562563461327182,0.999999999120316,4.11398993569148,0.986389048898007,0.00632781472957042,-9.40444842001405e-10,-0.824435288677271,0.565956230448899,1,4.11079632679472,0.251314970165164,0.474081784275488,0.544999999968703,0.0450069268787722,1.2617094849805,3.62572307877756,4.87522065081432,0.0040634
2.56,-0.848119884532474,0.546079978060014,0.999999999101394,4.13396467092396,0.986704131961725,0.00648199778273627,-9.51711704999532e-10,-0.835588777131459,0.549355436427325,1,4.13079632679472,0.251542236847149,0.473798218593091,0.544999999970132,0.0450055522589279,1.22800048937829,3.64789669281598,4.83554974037168,0.0035561
2.58,-0.85863420436837,0.529376236042202,0.999999999082252,4.15394017031682,0.987027993394584,0.00661598217508124,-9.62464206111243e-10,-0.84640804121583,0.532534907555821,1,4.15079632679472,0.251744506283982,0.473521277018914,0.544999999971586,0.0450040485042409,1.19386429946963,3.66940654020296,4.79693253334111,0.0034834
2.6,-0.868814075684774,0.512458923819326,0.999999999062901,4.1739163002963,0.987359152833428,0.00673017692506482,-9.72693392498066e-10,-0.856888753369005,0.515501371821666,1,4.17079632679472,0.251922800354554,0.473251717319651,0.544999999973062,0.045002432643985,1.15931421240088,3.69024394406163,4.75934379886141,0.0034785
2.62,-0.878655556088856,0.495334817827027,0.99999999904335,4.19389293490942,0.987696193910077,0.00682504092894851,-9.82391057391404e-10,-0.867026721445863,0.498261642412042,1,4.19079632679472,0.252078152657824,0.472990233106353,0.544999999974561,0.0450007210953239,1.12436368535305,3.71040049682434,4.7227579374581,0.003657
2.64,-0.888154822032221,0.478010779501219,0.999999999023611,4.21386995580509,0.98803776504817,0.00690107861491552,-9.91549207185479e-10,-0.876817890394345,0.480822614988854,1,4.21079632679472,0.252211604774862,0.472737454704501,0.544999999972215,0.0449989296374864,1.08902633083348,3.72986806369053,4.68714906152857,0.0034707
2.66,-0.897308171030258,0.460493752359372,0.99999999900368,4.23384725219071,0.988382580015614,0.00695883567677584,-1.00155180149387e-09,-0.886258343877419,0.463191264930552,1,4.23079632679472,0.252324202732556,0.472493950323919,0.544999999967299,0.0449970734042,1.05331591187749,3.74863878596852,4.65249107117774,0.0034558
2.68,-0.906112023817379,0.442790759054551,0.999999998983531,4.25382472076566,0.988729418244812,0.00699889490265793,-1.01332407353994e-09,-0.895344305839562,0.44537464454208,1,4.25079632679472,0.252416993614323,0.472260227302871,0.544999999964538,0.0449951668632234,1.01724633716243,3.76670508429988,4.61875772550364,0.0034445
2.7,-0.914562926437176,0.4249088984038,0.999999998963137,4.27380226563354,0.989077124930812,0.00702187210433852,-1.02609050145475e-09,-0.904072142017134,0.42737988023404,1,4.27079632679472,0.252491022319035,0.472036733412431,0.54499999996257,0.044993223794757,0.980831656036982,3.78405966176552,4.58592270944213,0.0035201
2.72,-0.922657552266607,0.406855342392487,0.99999999894248,4.29377979819404,0.989424610917589,0.00702841215244674,-1.03956544705853e-09,-0.912438361392034,0.409214169672229,1,4.29079632679472,0.252547328537216,0.471823858450858,0.544999999961848,0.0449912572945734,0.944086053468052,3.80069550687246,4.55395969627952,0.003681
2.74,-0.930392703973452,0.388637333156132,0.999999998921552,4.31375723701621,0.989770852385535,0.00701918513170011,-1.0533001670865e-09,-0.92043961758806,0.390884778898665,1,4.31079632679472,0.252586943879025,0.471621935874665,0.544999999962229,0.044989279762537,0.907023844908054,3.81660589642019,4.52284240595999,0.0033994
2.76,-0.937765315406278,0.370262179941174,0.99999999890035,4.33373450769456,0.990114890350686,0.00699488261930966,-1.06689768131219e-09,-0.928072710209416,0.37239903942527,1,4.33079632679472,0.252610889183997,0.471431244561295,0.544999999963399,0.0449873029000743,0.869659471085268,3.83178439824603,4.49254465931231,0.0033986
2.78,-0.944772453416262,0.3517372560461,0.99999999887888,4.35371154268941,0.990455829987442,0.00695621409364808,-1.08007387922272e-09,-0.935334586120825,0.353764345301358,1,4.35079632679472,0.252620172003096,0.471252010658643,0.544999999964217,0.0449853377084767,0.832007492719934,3.84622487384842,4.46304042832782,0.0034133
2.8,-0.951411319610291,0.333069995744302,0.99999999885715,4.37368828115292,0.990792839786124,0.00690390347801521,-1.09295577033209e-09,-0.942222340668748,0.334988150156122,1,4.37079632679472,0.25261578426543,0.471084409556107,0.544999999965719,0.0449833944937503,0.794082585168863,3.85992148088752,4.43430388262356,0.0034383
2.82,-0.957679252034785,0.314267891189988,0.999999998835167,4.39366466874216,0.991125150557269,0.00683868582546617,-1.1052970805281e-09,-0.9487332188432,0.316077964217272,1,4.39079632679471,0.25259870010113,0.470928567870713,0.5449999999677,0.0449814828656771,0.755899533001294,3.87286867556239,4.40630943223143,0.0034706
2.84,-0.963573726789775,0.295338489308424,0.999999998812945,4.41364065742058,0.991452054293346,0.00676130414603992,-1.11692525450736e-09,-0.954864616379723,0.297041351307051,1,4.41079632679471,0.252569873846121,0.470784565534772,0.544999999970003,0.0449796117463866,0.717473224508802,3.88506121486406,4.37903176684947,0.0034232
2.86,-0.969092359572802,0.276289388671744,0.999999998790499,4.43361620524915,0.991772902899571,0.00667250638112455,-1.12772426064112e-09,-0.960614080801053,0.277885925816807,1,4.43079632679471,0.252530238212395,0.470652437925275,0.544999999972519,0.044977789377977,0.678818646152041,3.89649415870396,4.35244589169846,0.0034326
2.88,-0.974232907152268,0.257128236361533,0.999999998767845,4.45359127616848,0.992087106804807,0.00657304252685071,-1.13761753794962e-09,-0.965979312398079,0.258619349661332,1,4.45079632679471,0.25248070262315,0.470532178032753,0.544999999974994,0.044976023332122,0.639950876947136,3.90716287191705,4.32652716012475,0.0034969
2.9,-0.978993268769882,0.237862724819348,0.999999998745003,4.47356583977314,0.992394133463422,0.00646366190815658,-1.14661954597751e-09,-0.970958165149698,0.239249329214205,1,4.47079632679471,0.252422151709887,0.470423738661234,0.544999999976889,0.0449743205215817,0.600885082794569,3.9170630261393,4.30125130309169,0.0034535
2.92,-0.983371487471917,0.218500588686294,0.999999998721987,4.49353987107938,0.992693505758783,0.00634511060460073,-1.15493939745193e-09,-0.975548647581193,0.21978361222534,1,4.49079632679471,0.252355443973329,0.47032703466893,0.544999999979076,0.0449726872152398,0.56163651075338,3.92619060155885,4.27659445569947,0.003447
2.94,-0.987365751368998,0.199049601632776,0.999999998698813,4.51351335028745,0.99298480031906,0.00621812902915983,-1.16247200310227e-09,-0.979748923560798,0.200229984721994,1,4.51079632679471,0.252281410587848,0.470241945184512,0.544999999981455,0.0449711290496052,0.522220483263552,3.93454188854069,4.25253318087725,0.0034835
2.96,-0.990974394824204,0.179517573179477,0.999999998675497,4.53348626253955,0.993267645755064,0.00608344965840444,-1.16914829817461e-09,-0.983557313034124,0.180596267894457,1,4.53079632679471,0.252200854363963,0.47016831585584,0.544999999983953,0.0449696510467965,0.482652392319434,3.94211348912421,4.2290444903828,0.0034395
2.98,-0.994195899569275,0.15991234551063,0.999999998652057,4.55345859767452,0.993541720830343,0.00594179491465906,-1.17492536588771e-09,-0.986972292696159,0.160890314967681,1,4.55079632679471,0.252114548854035,0.470105961087514,0.54499999998652,0.0449682576314443,0.442947693597078,3.94890231839355,4.20610586324943,0.0037057
3,-0.997028895748766,0.140241790280592,0.99999999862851,4.57343034998023,0.993806752573026,0.0057938751986969,-1.17977826619154e-09,-0.989992496600571,0.141120008060093,1,4.57079632679471,0.252023237598465,0.470054666267184,0.544999999989113,0.0449669526489459,0.403121900538374,3.95490560572027,4.18369526181427,0.003515
3.02,-0.999472162891991,0.120513805414746,0.999999998604875,4.59340151794477,0.994062514338669,0.00564038707142159,-1.18369776203054e-09,-0.992616716706066,0.121293255030856,1,4.59079632679471,0.251927633507333,0.470014189973493,0.544999999991711,0.044965739384717,0.363190578394851,3.96012089587821,4.16179114546182,0.0034485
3.04,-1.00152463081265,0.100736311905705,0.999999998581171,4.61337210400712,0.994308823833023,0.00548201158254866,-1.18668193493932e-09,-0.994843903359592,0.101417986316828,1,4.61079632679471,0.25182841837222,0.469984266158963,0.54499999999429,0.0449646205843009,0.323169338234057,3.96454605003023,4.14037248221196,0.0036824
3.06,-1.00318538043601,0.0809172506058016,0.999999998557417,4.63334211430843,0.994545541103298,0.00531941274389944,-1.18873742849247e-09,-0.996673165716183,0.081502151760496,1,4.63079632679471,0.251726242501224,0.469964606296254,0.544999999996318,0.0449635984736573,0.283073830911398,3.9681792465868,4.11941875828055,0.0043624
3.08,-1.00445364455366,0.061064579016831,0.999999998533628,4.65331155844456,0.994772566506053,0.00515323614433879,-1.19006283938462e-09,-0.998103772095286,0.0615537174301403,1,4.65079632679471,0.251621724478693,0.469954901506069,0.544999999998167,0.0449626747822866,0.242919741010335,3.9710189819362,4.09890998573479,0.003954
3.1,-1.00532880850564,0.0411862680779947,0.999999998509821,4.67328044922071,0.994989838659778,0.00498410770401963,-1.19072282700473e-09,-0.999135150273423,0.0415806624335178,1,4.67079632679471,0.251515451032788,0.469954824622988,0.545000000000203,0.0449618507636957,0.202722780753854,3.97306407104619,4.07882670836665,0.0038343
3.12,-1.00581041079,0.0212902989530037,0.999999998486007,4.69324880240884,0.995197332389392,0.00481263256370129,-1.19064964110294e-09,-0.999766887713076,0.0215909757263234,1,4.69079632679471,0.251407977011631,0.469964032216358,0.545000000002368,0.0449611272176146,0.162498683890086,3.97431364793734,4.0591500058998,0.0039332
3.14,-1.00589814359988,0.00138465981728112,0.999999998462202,4.7132166365086,0.99539505666977,0.00463939410559733,-1.18979709640144e-09,-0.999998731727691,0.00159265291671432,1,4.71079632679471,0.251299825463937,0.469982166567589,0.545000000004613,0.0449605045133709,0.12226319955501,3.97476716602769,4.03986149664293,0.0038771
3.16,-1.00559185328781,-0.018522657353789,0.999999998438423,4.73318397251226,0.995583052575068,0.00446495310214957,-1.18813641591942e-09,-0.999830589582754,-0.0184063069328264,1,4.73079632679471,0.251191487815089,0.4700088575886,0.545000000006905,0.0449599826125883,0.082032086115117,3.97442439834901,4.02094333869973,0.0036748
3.18,-1.00489154075763,-0.0384236599946245,0.999999998414685,4.7531508336744,0.995761391240135,0.00428984698843405,-1.18565051110409e-09,-0.99926252853288,-0.038397904505008,1,4.75079632679471,0.251083424133858,0.470043724681203,0.545000000009218,0.0449595610921746,0.0418211049929573,3.97328543763457,4.00237822984103,0.003705
3.2,-1.00379736178379,-0.0583103581562759,0.999999998391005,4.77311724528668,0.995930171839927,0.00411458925387056,-1.18233213441955e-09,-0.998294775794916,-0.0583741434273529,1,4.77079632679471,0.250976063483997,0.470086378534342,0.545000000011535,0.0449592391673548,0.00164601447845816,3.97135069627863,3.98414940614016,0.0034561
3.22,-1.00230962725823,-0.0781747677093762,0.9999999983674,4.79308323445841,0.996089519592474,0.00393966894873911,-1.17817961609035e-09,-0.996927718457053,-0.0783270334706384,1,4.79079632679471,0.250869804354992,0.470136422856344,0.545000000013844,0.0449590157146749,-0.0384774364710782,3.96862090616767,3.96624063946949,0.0036845
3.24,-1.00042880336487,-0.0980089135422577,0.999999998343886,4.81304882990309,0.996239583790543,0.00376555030086398,-1.17319572723318e-09,-0.995161903324,-0.0982485937448821,1,4.8107963267947,0.250765015166294,0.470193456039819,0.545000000016132,0.0449588892948935,-0.0785335144394057,3.96509711838366,3.94863623395099,0.0037518
3.26,-0.998155511681852,-0.117804832753277,0.99999999832048,4.83301406173152,0.996380535866799,0.00359267243770934,-1.16738807065531e-09,-0.992998036698266,-0.118130855891592,1,4.8307963267947,0.250662034839401,0.470257072757214,0.545000000018396,0.0449588581756791,-0.118506507765299,3.96078070277946,3.93132102145024,0.0038705
3.28,-0.99549052921157,-0.137554577836384,0.999999998297199,4.85297896125172,0.996512567496863,0.003421449209038,-1.16076567024948e-09,-0.990436984097651,-0.137965867271002,1,4.8507963267947,0.250561173432291,0.470326865485291,0.545000000020628,0.0449589203540607,-0.158380732759163,3.95567334742667,3.91428035619868,0.004341
3.3,-0.992434788338762,-0.157250219858955,0.999999998274058,4.87294356077602,0.996635888744313,0.00325226910521261,-1.15333943284669e-09,-0.987479769909046,-0.157745694143024,1,4.8707963267947,0.250462712829301,0.470402425952138,0.545000000022354,0.0449590735780611,-0.198140539919406,3.94977705793627,3.89750010862563,0.0039045
3.32,-0.98898937671668,-0.176883851630916,0.999999998251072,4.89290789343547,0.996750726251253,0.00308549526596653,-1.14529189687574e-09,-0.9841275769787,-0.177462424840636,1,4.8907963267947,0.250366907487419,0.470483346527642,0.545000000023862,0.0449593153699592,-0.237770320145693,3.94309415665223,3.88096665847482,0.0037084
3.34,-0.98515553708161,-0.196447590864158,0.999999998228252,4.91287199300192,0.99685732147798,0.00292146557532746,-1.13670154178181e-09,-0.980381746139088,-0.197108172934447,1,4.9107963267947,0.250273985224316,0.470569221523639,0.545000000025574,0.0449596430464524,-0.277254510946219,3.93562728171861,3.86466688728114,0.0034927
3.36,-0.980934666995905,-0.215933583321234,0.99999999820561,4.93283589371799,0.99695592899456,0.00276049283699347,-1.12749486191888e-09,-0.976243775672602,-0.216675080387157,1,4.9307963267947,0.250184148047254,0.470659648417916,0.545000000027424,0.0449600537390972,-0.316577602636127,3.92737938602042,3.84858817027491,0.0035133
3.38,-0.976328318519766,-0.235334005952338,0.999999998183159,4.95279963013488,0.997046814826937,0.00260286502512511,-1.11762215482259e-09,-0.971715320712259,-0.236155320696675,1,4.9507963267947,0.250097573021201,0.470754229013387,0.545000000029365,0.0449605444154799,-0.355724144524223,3.9183537359989,3.83271836777755,0.0035175
3.4,-0.971338197812015,-0.254641070019532,0.999999998160912,4.97276323695828,0.997130254860035,0.00244884560597385,-1.1070508421085e-09,-0.966798192579661,-0.255541102026611,1,4.9707963267947,0.250014413167491,0.470852570518905,0.545000000031362,0.0449611118988032,-0.394678751085143,3.90855391034141,3.81704581615081,0.0034452
3.42,-0.965966164660134,-0.273847024207178,0.999999998138884,4.99272674890246,0.997206533299815,0.00229867392522735,-1.09576038909154e-09,-0.961494358060503,-0.274824670322904,1,4.9907963267947,0.249934798389484,0.470954286555892,0.545000000033389,0.04496175288707,-0.433426108114132,3.89798379854673,3.80155931835631,0.0034688
3.44,-0.960214231939854,-0.292944157717542,0.999999998117089,5.01269020055254,0.997275941196024,0.00215256565618474,-1.08374035079351e-09,-0.955805938617874,-0.293998312415349,1,5.0107963267947,0.249858836420786,0.471058998091344,0.545000000035424,0.0449624639716297,-0.471950978861618,3.88664759936619,3.78624813417929,0.0034483
3.46,-0.954084565004625,-0.311924803350499,0.999999998095541,5.03265362623496,0.997338775027038,0.00201071330393659,-1.07098767188064e-09,-0.949735209543708,-0.313054359102753,1,5.0307963267947,0.249786613791726,0.471166334298053,0.545000000037455,0.0449632416551016,-0.510238210144765,3.87454981912134,3.77110197016606,0.0043912
3.48,-0.947579481005295,-0.330781340566274,0.999999998074256,5.05261705989615,0.997395335347971,0.00187328676080294,-1.05750402212835e-09,-0.943284599048691,-0.331985188220518,1,5.0507963267947,0.249718196810018,0.47127593334304,0.545000000039466,0.0449640823686116,-0.548272738433207,3.86169526989869,3.75611096932246,0.0037316
3.5,-0.940701448140389,-0.34950619853014,0.999999998053248,5.07258053498944,0.997445925502904,0.00174043390837342,-1.04329618721977e-09,-0.936456687291015,-0.350783227689405,1,5.0707963267947,0.249653632551627,0.4713874431054,0.545000000041454,0.0449649824883277,-0.586039595906178,3.84808906762235,3.741265700616,0.0037769
3.52,-0.933453084837364,-0.368091859137981,0.999999998032532,5.09254408436995,0.997490850401879,0.00161228126159297,-1.02837258708633e-09,-0.929254205344346,-0.369440958544264,1,5.0907963267947,0.249592949858145,0.471500521824924,0.545000000043411,0.0449659383512891,-0.623523916478276,3.83373663000528,3.72655714832232,0.0037393
3.54,-0.925837158865281,-0.386530860021618,0.99999999801212,5.11250774019762,0.997530415363013,0.00148893465044888,-1.01274480357461e-09,-0.92168003410543,-0.387950917941519,1,5.1107963267947,0.249536160337051,0.47161483868301,0.545000000045333,0.0449669462704842,-0.660710941791103,3.81864367437986,3.71197670125294,0.0037457
3.56,-0.917856586379335,-0.404815797532798,0.999999997992029,5.13247153384802,0.997564925019904,0.00137047993493187,-9.96424951438262e-10,-0.913737203141775,-0.406305702144207,1,5.1307963267947,0.24948325936153,0.471730074317557,0.545000000047215,0.0449680025492172,-0.697586027168041,3.8028162154087,3.6975161418985,0.0036508
3.58,-0.909514430897734,-0.422939329704723,0.99999999797227,5.15243549583104,0.997594682294231,0.00125698374907243,-9.79427383640546e-10,-0.905428889479863,-0.424497969483374,1,5.1507963267947,0.249434227066623,0.471845921273614,0.545000000049058,0.0449691034947063,-0.734134647529465,3.78626056267656,3.68316763551925,0.0035416
3.6,-0.900813902211431,-0.440894179190003,0.999999997952858,5.17239965571718,0.997619987433291,0.00114849426998589,-9.61766417617586e-10,-0.896758416334384,-0.442520443294646,1,5.1707963267947,0.24938902933869,0.471962084391696,0.545000000050859,0.0449702454309213,-0.770342403265677,3.76898331816421,3.66892371921152,0.0035276
3.62,-0.891758355227251,-0.458673136173901,0.999999997933806,5.19236404207121,0.997641137111986,0.00104504200799944,-9.43457223456793e-10,-0.887729251778991,-0.460365914828793,1,5.1907963267947,0.24934761879469,0.472078281133206,0.545000000052384,0.0449714247104403,-0.806195026064903,3.75099137360537,3.65477729097672,0.0046756
3.64,-0.882351288744976,-0.476269061261733,0.999999997915126,5.21232868239323,0.997658423598571,0.00094664061397655,-9.24598992924079e-10,-0.878345007359118,-0.47802724613514,1,5.2107963267947,0.249309935750662,0.472194241852588,0.545000000053455,0.0449726377261774,-0.841678384693685,3.7322919077275,3.64072159881676,0.003823
3.66,-0.872596344169008,-0.4936748883393,0.999999997896826,5.23229360306673,0.997672133983411,0.000853287700409366,-9.05355292957215e-10,-0.868609436647413,-0.495497372916644,1,5.2307963267947,0.249275909177419,0.47230971002016,0.545000000054717,0.0449738809226897,-0.876778490727054,3.71289238337772,3.62675022987711,0.0039382
3.68,-0.862497304155206,-0.510883627405201,0.999999997878916,5.25225882931351,0.99768254946981,0.000764965673053585,-8.85657023275148e-10,-0.858526433742353,-0.512769307355525,1,5.2507963267947,0.249245457632918,0.472424442367493,0.545000000056113,0.0449751508040245,-0.911481504225862,3.69280054453489,3.61285709966081,0.0057332
3.7,-0.852058091193584,-0.527888367373886,0.999999997861405,5.27222438515536,0.99768994472554,0.00068164256881783,-8.65456328824625e-10,-0.848100031710663,-0.529836140908297,1,5.2707963267947,0.249218490181266,0.472538209001901,0.545000000057591,0.044976443944218,-0.945773739358709,3.67202441320887,3.59903644132672,0.0038708
3.72,-0.841282766127556,-0.544682278848316,0.999999997844303,5.29219029338198,0.997694587294022,0.000603272897618064,-8.44723651027838e-10,-0.837334400974138,-0.546691047069093,1,5.29079632679469,0.249194907289226,0.472650793465952,0.545000000059117,0.0449777569954387,-0.979641669965907,3.65057228622838,3.58528279509061,0.0036781
3.74,-0.830175526610435,-0.561258616861091,0.999999997827622,5.31215657552517,0.997696737063702,0.000529798484916275,-8.23441581587762e-10,-0.826233847641533,-0.563327284100178,1,5.31079632679469,0.249174601700074,0.472761992750285,0.545000000060659,0.0449790866955771,-1.01307193506295,3.62845273191849,3.57159099774394,0.0035875
3.76,-0.818740705499965,-0.577610723582901,0.999999997811371,5.33212325183894,0.99769664579412,0.000461149312104717,-8.01604471689647e-10,-0.814802811786177,-0.579738197728553,1,5.33079632679469,0.249157459283216,0.472871617262142,0.545000000062199,0.0449804298751923,-1.046051344281,3.60567458666921,3.55795617230192,0.0034862
3.78,-0.806982769191633,-0.593732030997169,0.999999997795563,5.35209034128524,0.997694556697077,0.000397244352053562,-7.79213031876229e-10,-0.803045865669999,-0.595917223807577,1,5.35079632679469,0.249143359858172,0.472979490752056,0.545000000063722,0.0449817834637498,-1.07856688324196,3.5822469513963,3.5443737177938,0.0034546
3.8,-0.794906315891608,-0.609616063539772,0.999999997780208,5.37205786152518,0.997690704071197,0.000337992397299456,-7.56273230706488e-10,-0.790967711914688,-0.611857890942534,1,5.37079632679469,0.249132177991626,0.473085450201142,0.545000000065214,0.0449831444952097,-1.1106057188656,3.55817918789588,3.53083929920438,0.0034764
3.82,-0.782516073830124,-0.625256440702699,0.999999997765318,5.39202582891523,0.997685312988115,0.000283292878513759,-7.32796365809922e-10,-0.778573181620707,-0.627553823079111,1,5.39079632679469,0.249123783766477,0.473189345671442,0.54500000006667,0.0449845101129445,-1.14215520460648,3.53348091509413,3.51734883757675,0.0037018
3.84,-0.769816899416186,-0.64064687960054,0.999999997750902,5.41199425850851,0.997678599028444,0.000233036671048792,-7.08795226955776e-10,-0.765867232434915,-0.642998742053729,1,5.41079632679469,0.249118043521918,0.473291040121712,0.545000000068082,0.0449858775740118,-1.17320288561821,3.5081620051936,3.50389850028335,0.0035531
3.86,-0.756813775334511,-0.655781197498713,0.999999997736971,5.43196316406048,0.997670768065623,0.000187106887517754,-6.84285836882741e-10,-0.752854946567576,-0.658186470104728,1,5.43079632679469,0.24911482056373,0.473390409191132,0.545000000069445,0.0449872442528248,-1.20373650384268,3.48223257971759,3.49048469147292,0.0034618
3.88,-0.743511808585612,-0.670653314302315,0.999999997723536,5.45193255803912,0.997662016095676,0.000145379654521856,-6.59285781523527e-10,-0.739541528759542,-0.673110932343388,1,5.45079632679469,0.24911397584412,0.473487340953286,0.545000000070757,0.044988607644214,-1.23374400302213,3.45570300545422,3.47710404269902,0.0034397
3.9,-0.729916228470008,-0.685257255004529,0.999999997710605,5.47190245163903,0.997652529110898,0.000107724871790714,-6.33813179717895e-10,-0.725932304200427,-0.687766159183803,1,5.47079632679469,0.249115368610599,0.47358173564279,0.545000000072019,0.0449899653659205,-1.26321353363165,3.42858389030175,3.46375340373497,0.0035641
3.92,-0.716032384517522,-0.699587152093515,0.999999997698188,5.49187285479946,0.997642483015432,7.40069521542643e-05,-6.07886434522701e-10,-0.7120327163986,-0.702146288730637,1,5.49079632679469,0.249118857023439,0.473673505356899,0.545000000073226,0.0449913151605302,-1.29213345772989,3.40088607901675,3.45042983358015,0.0035004
3.94,-0.701865744362697,-0.713637247916727,0.999999997686294,5.51184377622576,0.997632043580672,4.4085540911875e-05,-5.81525156917454e-10,-0.697848325003856,-0.716245569123805,1,5.51079632679469,0.249124298741489,0.473762573734379,0.545000000074378,0.0449926548968784,-1.32049235372599,3.37262064886689,3.43713059166085,0.0034509
3.96,-0.687421891567359,-0.727401897001619,0.999999997674931,5.53181522341416,0.997621366438435,1.78162133104602e-05,-5.54749064463071e-10,-0.683384803583631,-0.730058360839138,1,5.53079632679469,0.24913155147613,0.473848875613871,0.545000000075476,0.0449939825709532,-1.34827902106035,3.34379890519,3.42385312922904,0.0034254
3.98,-0.672706523391403,-0.740875568331713,0.999999997664108,5.55178720267949,0.9976105971098,-4.94885101693897e-06,-5.27577590503374e-10,-0.668647937353649,-0.743579138944116,1,5.55079632679469,0.249140473513352,0.473932356673962,0.545000000076518,0.0449952963063159,-1.37548248479732,3.31443237686123,3.41059508096129,0.0034217
4,-0.657725448512874,-0.754052847577034,0.999999997653832,5.5717597191857,0.99759987106754,-2.4360217661099e-05,-5.00031127614879e-10,-0.653643620863913,-0.756802495307772,1,5.57079632679469,0.249150924204,0.474012973057044,0.545000000077506,0.0449965943540536,-1.4020920001277,3.28453281166998,3.39735425675995,0.0037269
4.02,-0.642484584698473,-0.766928439277909,0.99999999764411,5.5917327769788,0.997589313830062,-4.05705719737207e-05,-4.7212878939718e-10,-0.638377855640963,-0.769723140763871,1,5.59079632679469,0.249162764422324,0.474090690979112,0.545000000078441,0.0449978750923108,-1.42809705677901,3.25411217160867,3.38412863375826,0.0035483
4.04,-0.626989956425618,-0.779497168981182,0.99999999763495,5.61170637902212,0.997579041084784,-5.37341192772189e-05,-4.43889973666961e-10,-0.622856747787348,-0.782335907226503,1,5.61079632679469,0.249175856993104,0.474165486327428,0.545000000079322,0.0449991370254108,-1.45348738333169,3.22318262807499,3.37091634852978,0.0034841
4.06,-0.611247692457224,-0.791753985327882,0.999999997626357,5.63168052723349,0.997569158838894,-6.40060113721767e-05,-4.15334042713772e-10,-0.607086505539264,-0.79463574975725,1,5.63079632679469,0.249190067087675,0.474237344248025,0.545000000080149,0.0450003787825778,-1.47825295143912,3.19175655698978,3.3577156895039,0.0034523
4.08,-0.595264023370371,-0.80369396209143,0.999999997618339,5.65165522252424,0.997559763595462,-7.15417998455852e-05,-3.86480465408573e-10,-0.591073436783344,-0.806617748583097,1,5.65079632679469,0.249205262589274,0.474306258724964,0.545000000080922,0.045001599116325,-1.50238397994982,3.15984653383228,3.34452508958711,0.0035364
4.1,-0.579045279040081,-0.815312300165486,0.999999997610901,5.67163046483971,0.997550942552899,-7.64969165667568e-05,-3.57348390878094e-10,-0.574823946533584,-0.81827711106427,1,5.67079632679469,0.249221314428199,0.47437223215306,0.545000000081646,0.0450027969004868,-1.52587093892978,3.12746532859493,3.33134311899002,0.0035045
4.12,-0.562597886079399,-0.826604329500544,0.999999997604048,5.69160625320105,0.997542773825797,-7.90261816505168e-05,-3.27956009016369e-10,-0.558344534369428,-0.829609173611233,1,5.69079632679469,0.249238096887458,0.474435274906277,0.545000000082348,0.0450039711279837,-1.54870455358339,3.09462590065968,3.31816847826033,0.0034581
4.14,-0.545928365237053,-0.837565510988436,0.999999997597786,5.71158258574818,0.997535326685216,-7.92833390435009e-05,-2.98310887103533e-10,-0.541641791836019,-0.84060940355006,1,5.71079632679469,0.249255487877944,0.474495404897187,0.545000000082639,0.045005120907757,-1.570875808071,3.0613413935978,3.30499999152146,0.0034639
4.16,-0.529043328753907,-0.848191438293911,0.999999997592117,5.73155945978356,0.997528661816466,-7.74206200388514e-05,-2.68560853555763e-10,-0.524722399807669,-0.851273400935443,1,5.73079632679469,0.249273369190383,0.474552647154681,0.545000000083017,0.0450062454635691,-1.59237594922162,3.02762512989545,3.29183659991409,0.0036766
4.18,-0.511949477679525,-0.858477839632484,0.999999997587044,5.75153687181672,0.997522831592751,-7.35883338932517e-05,-2.38674680019821e-10,-0.507593125815603,-0.861596900310613,1,5.75079632679468,0.249291626712467,0.474607033373221,0.545000000083445,0.0450073441288459,-1.61319649013911,2.99349060560703,3.27867735524381,0.0037194
4.2,-0.494653599150093,-0.868420579493773,0.999999997582571,5.77151481760925,0.997517880362579,-6.79344866145469e-05,-2.0863442529163e-10,-0.490260821341028,-0.871575772413464,1,5.77079632679468,0.249310150624022,0.474658601482243,0.545000000083896,0.0450084163445648,-1.63332921370016,2.95895148493849,3.26552141382965,0.0036965
4.22,-0.477162563629042,-0.878015660309589,0.999999997578701,5.79149329222017,0.99751384474938,-6.06044269125805e-05,-1.78431918129728e-10,-0.47273241907464,-0.881206025828204,1,5.79079632679468,0.249328835565102,0.474707395213562,0.545000000084346,0.0450094616556082,-1.65276617594272,2.9240215947628,3.25236803055409,0.0035373
4.24,-0.459483322111658,-0.887259224066042,0.999999997575436,5.81147229005134,0.997510753961616,-5.1740519257486e-05,-1.48067265115526e-10,-0.455014930143638,-0.890483808581871,1,5.81079632679468,0.249347580779022,0.474753463672758,0.545000000084782,0.0450104797070971,-1.67149970934328,2.88871491906988,3.23921655311307,0.0034508
4.26,-0.441622903295031,-0.896147553858973,0.99999999757278,5.83145180489298,0.99750863011172,-4.14818436885097e-05,-1.17545759792404e-10,-0.437115441307363,-0.899405409685064,1,5.83079632679468,0.24936629023129,0.474796860915705,0.545000000085191,0.0450114702405948,-1.68952242598167,2.85304559335308,3.22606641646371,0.0034892
4.28,-0.423588410714674,-0.904677075392047,0.999999997570735,5.85143182996888,0.99750748854232,-2.99639219523726e-05,-8.6876994487296e-11,-0.419041112122693,-0.907967260616295,1,5.85079632679468,0.24938487270537,0.474837645531359,0.545000000085564,0.0450124330901794,-1.70682722059199,2.81702789893466,3.21291713746838,0.0035563
4.3,-0.405387019849168,-0.912844358416868,0.999999997569306,5.87141235798146,0.997507338158227,-1.73184694851999e-05,-5.60738300237191e-11,-0.400799172080315,-0.916165936749349,1,5.87079632679468,0.249403241876229,0.474875880231826,0.545000000085895,0.0450133681784228,-1.7234072734983,2.78067625723249,3.19976830973318,0.0036071
4.32,-0.38702597519419,-0.920646118114498,0.999999997568494,5.89139338115619,0.997508181762735,-3.673172693256e-06,-2.51516496519024e-11,-0.382396917713022,-0.923998158723085,1,5.89079632679468,0.249421316362683,0.474911631450637,0.545000000086183,0.0450142755122547,-1.73925605343396,2.74400522397027,3.18661959863821,0.003447
4.34,-0.368512587307301,-0.928079216417821,0.999999997568301,5.91137489128558,0.99751001639686,1.08485090661025e-05,5.87426995933525e-12,-0.363841709677202,-0.931460793753144,1,5.91079632679468,0.249439019759513,0.474944968950114,0.545000000086421,0.0450151551787741,-1.75436732024329,2.70702948333376,3.17347073655831,0.0035129
4.36,-0.349854229824869,-0.935140663274169,0.999999997568729,5.93135687977236,0.9975128336802,2.61275174522085e-05,3.69857389159584e-11,-0.345140969808669,-0.938550856885013,1,5.93079632679468,0.249456280650393,0.474975965438623,0.545000000086608,0.0450160073410002,-1.76873512746447,2.6697638420752,3.16032151827073,0.0034463
4.38,-0.331058336452513,-0.94182761784772,0.999999997569781,5.9513393376719,0.997516620152154,4.2049345750972e-05,6.81646739053421e-11,-0.326302178154031,-0.945265512187972,1,5.95079632679468,0.249473032602643,0.47500469619842,0.545000000086747,0.0450168322335879,-1.78235382479262,2.63222322356851,3.14717179654805,0.0036391
4.4,-0.312132397930453,-0.948137389661154,0.999999997571457,5.97132225573368,0.997521357612342,5.85041668606327e-05,9.93934179405025e-11,-0.307332869978769,-0.951602073889429,1,5.97079632679468,0.249489214144828,0.475031238724723,0.545000000086833,0.0450176301585074,-1.79521806042191,2.59442266181759,3.13402147793349,0.0034312
4.42,-0.29308395897517,-0.954067439676114,0.999999997573757,5.99130562444178,0.997527023459081,7.53869394214865e-05,1.306533903289e-10,-0.288240632753232,-0.957558007449188,1,5.99079632679468,0.249504768728235,0.475055672376618,0.545000000086868,0.0450184014807438,-1.80732278326587,2.55637729542014,3.1208705186956,0.0034555
4.44,-0.273920615198771,-0.959615381312039,0.999999997576683,6.01128943405422,0.997533591024893,9.25974928910075e-05,1.6192593932372e-10,-0.269033103117752,-0.963130930573238,1,6.01079632679468,0.249519644673263,0.475078078040283,0.545000000086853,0.045019146623983,-1.81866324505493,2.51810236148953,3.10771892096014,0.0033804
4.46,-0.25465001000746,-0.964778981402961,0.999999997580234,6.03127367464119,0.997541029908047,0.000110040592391012,1.93193159248021e-10,-0.249717963828085,-0.968318614166632,1,6.03079632679468,0.249533795101725,0.475098537804973,0.545000000086788,0.0450198660663375,-1.82923500231024,2.47961318953717,3.0945667290147,0.0036155
4.48,-0.235279831480521,-0.969556161091898,0.99999999758441,6.05125833612196,0.997549306299228,0.000127625984176822,2.24436895734906e-10,-0.230302940682415,-0.973118983225103,1,6.05079632679468,0.24954717785609,0.475117134652132,0.545000000086672,0.0450205603360901,-1.8390339181931,2.44092519531777,3.08141402578496,0.0040036
4.5,-0.215817809231226,-0.973944996662493,0.999999997589211,6.07124340830055,0.997558383302484,0.000145268422596942,2.55638852308928e-10,-0.210795799431137,-0.977530117665031,1,6.07079632679468,0.249559755406647,0.475133952157961,0.545000000086509,0.0450212300075057,-1.84805616422916,2.4020538746402,3.06826092947744,0.0040185
4.52,-0.19627171125106,-0.97794372030759,0.999999997594635,6.09122888089997,0.997568221249668,0.00016288767942702,2.86782011471566e-10,-0.191204342670659,-0.981550253091453,1,6.09079632679468,0.249571494747593,0.475149074209685,0.545000000086297,0.0450218756966834,-1.85629822190669,2.36301479714624,3.05510759038683,0.004023
4.54,-0.176649340738686,-0.981550720834461,0.999999997600681,6.11121474359513,0.997578778007653,0.000180408536472858,3.17848929398657e-10,-0.171536406722471,-0.985177781503802,1,6.11079632679468,0.249582367282985,0.475162584735704,0.545000000086036,0.0450224980574954,-1.86375688414839,2.32382360005994,3.04195418786339,0.0037841
4.56,-0.156958532915047,-0.984764544306422,0.999999997607348,6.13120098604425,0.997590009277664,0.000197760762344648,3.48821949103218e-10,-0.151799858498716,-0.988411251939077,1,6.13079632679468,0.24959234870353,0.475174567449776,0.545000000085731,0.0450230977775966,-1.87042925665595,2.28449598190993,3.02880092743799,0.0036943
4.58,-0.137207151826013,-0.987583894620618,0.999999997614633,6.15118759791878,0.997601868886143,0.000214879074309395,3.79685261009377e-10,-0.132002592355532,-0.991249371052218,1,6.15079632679468,0.249601418855124,0.475185105609308,0.54500000008538,0.0450236755745222,-1.87631275912712,2.24504769622748,3.01564803809986,0.0036739
4.6,-0.117403087133972,-0.990007634021779,0.999999997622534,6.17117456893186,0.997614309066602,0.000231703086128483,4.10421954200023e-10,-0.112152526935417,-0.993691003633419,1,6.17079632679468,0.249609561600044,0.475194281787818,0.545000000084984,0.0450242321918903,-1.88140512634448,2.20549454522262,3.00249576972489,0.0036259
4.62,-0.0975542508997736,-0.992034783551767,0.999999997631049,6.19116188886524,0.997627280731999,0.000248177242787723,4.41016005936466e-10,-0.0922576019998751,-0.995735173062205,1,6.19079632679468,0.249616764671665,0.47520217766148,0.545000000084543,0.0450247683956997,-1.88570440913584,2.16585237344104,2.98934439064923,0.0036328
4.64,-0.0776685743564128,-0.993664523434793,0.999999997640173,6.21114954759459,0.997640733737214,0.00026425074301846,4.71451357952877e-10,-0.0723257752536183,-0.997381061698057,1,6.21079632679468,0.249623019523579,0.475208873809824,0.545000000084058,0.045025284970757,-1.88920897520566,2.12613706140429,2.97619418538537,0.0036199
4.66,-0.0577540046758481,-0.99489619339816,0.999999997649905,6.23113753511343,0.99765461713127,0.000279877450505881,5.01712058564838e-10,-0.0523650191615909,-0.998628011207467,1,6.23079632679467,0.249628321172799,0.475214449525886,0.54500000008317,0.0450257827168036,-1.89191750983728,2.08636451923583,2.96304545247669,0.003607
4.68,-0.0378185017303496,-0.99572929292849,0.999999997660239,6.25112584155531,0.997668879398951,0.000295015794487876,5.31653405744212e-10,-0.0323833177600899,-0.999475522827256,1,6.25079632679467,0.249632668043483,0.475218982658395,0.54500000008238,0.0450262624466464,-1.89382901646571,2.04655068027562,2.94989850248492,0.003669
4.7,-0.0178700348497514,-0.996163481463331,0.999999997671169,6.27111445721459,0.997683468691735,0.000309628661352973,5.6131021608505e-10,-0.0123886634632567,-0.999923257564078,1,6.27079632679467,0.249636061800384,0.475222549439302,0.545000000081616,0.0450267249808916,-1.89494281712085,2.00671149468564,2.9367536561101,0.0036872
4.72,0.00208342042401038,-0.996198578518149,0.999999997682689,6.29110337256565,0.997698333047562,0.000323683276919479,5.90692081914286e-10,0.00761094613378176,-0.999971036330006,1,6.29079632679467,0.249638507184863,0.47522522434508,0.545000000080862,0.0450271711461012,-1.89525855274082,1.96686292304914,2.92361124243495,0.0036668
4.74,0.0220338855837011,-0.995834563748676,0.999999997694794,6.31109257828056,0.997713420599487,0.000337151081107539,6.19802484891325e-10,0.0276075114538446,-0.999618840014171,1,6.31079632679467,0.249640011847544,0.475227079964999,0.545000000080105,0.0450276017715893,-1.89477618335559,1.92702092996605,2.91047159729223,0.0036504
4.76,0.0419733824035688,-0.995071576948669,0.999999997707478,6.33108206524523,0.997728679773035,0.000350007595540235,6.48640288147789e-10,0.047593034137421,-0.998866809490404,1,6.33079632679467,0.24964058617996,0.475228186882775,0.545000000079335,0.0450280176865937,-1.89349598814056,1.88720147764718,2.89733506174991,0.0036507
4.78,0.0618939361847443,-0.993909917983094,0.999999997720736,6.35107182457412,0.997744059472208,0.000362232284899914,6.77200802101624e-10,0.0675595202419078,-0.997715245560888,1,6.35079632679467,0.249640243145698,0.475228613570809,0.545000000078545,0.0450284197176024,-1.89141856534048,1.84742051950984,2.88420198071019,0.0037502
4.8,0.0817875789979089,-0.992350046656839,0.999999997734563,6.37106184762348,0.997759509254114,0.000373808412817612,7.0547702790688e-10,0.0874989834390793,-0.99616460883584,1,6.37079632679467,0.249638998111649,0.47522842629674,0.54500000007773,0.0450288086858315,-1.88854483206345,1.80769399377741,2.87107270161868,0.0036567
4.82,0.101646352921886,-0.990392582519049,0.999999997748953,6.39105212600309,0.997774979492231,0.000384722893051864,7.33459941670815e-10,0.107403448209513,-0.994215519549275,1,6.39079632679467,0.249636868679943,0.475227689041897,0.545000000076887,0.0450291854048297,-1.88487602394535,1.76803781708542,2.85794757327868,0.0036624
4.84,0.121462313276821,-0.988038304603205,0.999999997763899,6.41104265158675,0.997790421528366,0.00039496613668615,7.61139204996623e-10,0.127264953032689,-0.991868757310921,1,6.41079632679467,0.249633874521088,0.475226463431309,0.54500000007601,0.0450295506782316,-1.88041369468489,1.72846787809676,2.84482694476788,0.003675
4.86,0.141227531850625,-0.98528815110311,0.999999997779395,6.43103341652124,0.997805787813385,0.000404531896050144,7.88502951820616e-10,0.147075553571496,-0.989125260794383,1,6.43079632679467,0.249630037208832,0.475224808674891,0.545000000075101,0.0450299052976587,-1.87515971544931,1.68900003112863,2.83171116445164,0.0037518
4.88,0.160934100117358,-0.982143218984958,0.999999997795435,6.45102441323411,0.997821032036857,0.00041341710604318,8.15539209497698e-10,0.166827325849855,-0.985986127361688,1,6.45079632679467,0.249625380057205,0.475222781519389,0.545000000074157,0.0450302500407623,-1.86911627415137,1.64965008979358,2.81860057909052,0.0038557
4.9,0.180574132446248,-0.978604763535679,0.999999997812013,6.47101563444003,0.99783610924573,0.000421621723510475,8.42235650111402e-10,0.186512369422209,-0.982452612624354,1,6.47079632679467,0.249619927960183,0.475220436210658,0.545000000073173,0.0450305856694022,-1.86228587459761,1.61043382065752,2.80549553303663,0.0037925
4.92,0.200139769300042,-0.974674197847808,0.999999997829121,6.49100707314606,0.99785097595225,0.000429148565294362,8.68577956225603e-10,0.206122810533593,-0.978526129941165,1,6.49079632679467,0.249613707233049,0.475217824460445,0.545000000071712,0.0450309129274973,-1.85467133550859,1.57136693691694,2.79239636751618,0.0037344
4.94,0.219623180421402,-0.970353092241108,0.999999997846751,6.51099872265559,0.997865590231256,0.000436003145338987,8.94394140971111e-10,0.22565080526903,-0.97420824985284,1,6.51079632679467,0.249606745461616,0.475214995440786,0.545000000070057,0.0450312325409121,-1.84627578941136,1.53246509209804,2.77930341999182,0.0037876
4.96,0.239016568006061,-0.965643173621242,0.999999997864891,6.53099057657119,0.997879911807276,0.000442193512151303,9.19614677741231e-10,0.245088542690997,-0.969500699453844,1,6.53079632679467,0.249599071350725,0.47521199576934,0.545000000068575,0.0450315452148864,-1.83710268140475,1.49374387378028,2.76621702360424,0.0037276
4.98,0.258312169861473,-0.960546324775766,0.99999999788353,6.55098262879637,0.997893902131484,0.000447730086388944,9.44301596916796e-10,0.264428247963691,-0.964405361701571,1,6.55079632679467,0.249590714576688,0.475208869502828,0.545000000067212,0.0450318516324673,-1.82715576779803,1.4552187973468,2.75313750668735,0.003693
5,0.277502262549686,-0.955064583607801,0.999999997902658,6.57097487353626,0.997907524448803,0.000452625499095924,9.6849785080618e-10,0.283662185462863,-0.958924274663183,1,6.57079632679467,0.249581705646417,0.475205658148265,0.545000000065921,0.0450321524540824,-1.81643911462354,1.41690529976428,2.74006519235283,0.0036761
5.02,0.296579164513212,-0.949200142307699,0.999999997922266,6.59096730529729,0.997920743855524,0.000456894431458438,9.92229480800652e-10,0.302782661869962,-0.953059630700417,1,6.59079632679467,0.249572075760202,0.475202400678001,0.545000000064673,0.0450324483163567,-1.8049570960239,1.37881873339466,2.72700039814139,0.0038164
5.04,0.315535239182622,-0.942955346463089,0.999999997942343,6.61095991888589,0.99793352734772,0.000460553456352657,1.0155118346233e-09,0.321782029249361,-0.946813775592662,1,6.61079632679467,0.249561856677807,0.475199133546066,0.545000000062963,0.0450327398306999,-1.79271439251461,1.34097435984123,2.71394343573699,0.0037458
5.06,0.334362898064668,-0.936332694107693,0.99999999796288,6.63095270940633,0.997945843860716,0.000463620881870717,1.03817839658401e-09,0.34065268810743,-0.940189207598686,1,6.63079632679467,0.249551080593944,0.475195890729042,0.545000000060921,0.0450330275839077,-1.77971598912269,1.30338734383162,2.70089461073894,0.0036662
5.08,0.353054603809699,-0.929334834709324,0.999999997983862,6.65094567225765,0.997957664300129,0.00046611659793844,1.06011004419311e-09,0.359387090432231,-0.93318857645736,1,6.65079632679467,0.249539780015986,0.475192703761541,0.545000000059165,0.0450333121368842,-1.76596717340218,1.26607274713992,2.68785422249089,0.0036824
5.1,0.371602873257171,-0.921964568097486,0.999999998005278,6.67093880312987,0.997968961564698,0.000468061925875454,1.08140934429453e-09,0.377977742712623,-0.925814682327799,1,6.67079632679467,0.249527987643871,0.475189601764717,0.545000000057597,0.0450335940229114,-1.75147353332745,1.22904552255062,2.67482256396298,0.003762
5.12,0.390000280458053,-0.914224843331057,0.999999998027113,6.69093209799939,0.997979710561157,0.000469479470733735,1.10214440240948e-09,0.396417208935567,-0.918070474669338,1,6.69079632679466,0.249515736258617,0.475186611493445,0.545000000055694,0.0450338737480074,-1.73624095506512,1.19232050786656,2.6617999216824,0.0037308
5.14,0.408239459672959,-0.906118757506524,0.999999998049357,6.71092555312369,0.9979898882116,0.000470392977283217,1.12219435521861e-09,0.414698113560428,-0.909959051061786,1,6.71079632679466,0.249503058618368,0.475183757396651,0.545000000053343,0.0450341517914472,-1.7202756206255,1.1559124199634,2.64878657570909,0.0037059
5.16,0.426313108344822,-0.89764955450727,0.999999998071993,6.73091916503539,0.997999473453829,0.000470827190223455,1.14139773188522e-09,0.432813144469099,-0.901483655966434,1,6.73079632679466,0.249489987359731,0.475181061681257,0.545000000051392,0.0450344286057366,-1.70358400539471,1.11983584889295,2.63578279965455,0.0035966
5.18,0.444213990044966,-0.888820623694437,0.999999998095006,6.75091293053574,0.998008447235018,0.000470807718805062,1.15989902127463e-09,0.450755055890748,-0.892647679428318,1,6.75079632679466,0.249476554896839,0.475178544347947,0.545000000049375,0.0450347046138196,-1.68617287554834,1.08410525203766,2.62278886074366,0.003697
5.2,0.46193493739142,-0.879635498539899,0.999999998118381,6.77090684668754,0.998016792498775,0.000470360904786313,1.17767385177099e-09,0.468516671300028,-0.883454655720241,1,6.77079632679466,0.249462793334441,0.475176223265092,0.545000000046717,0.0450349802112914,-1.66804928534791,1.04873494831865,2.60980501991027,0.0037306
5.22,0.479468854938354,-0.870097855201931,0.999999998142103,6.79090091080753,0.998024494166276,0.000469513695375936,1.19449193647365e-09,0.486090886287593,-0.873908261929114,1,6.79079632679466,0.249448734389504,0.475174114257751,0.5450000000446,0.0450352557679728,-1.64922057432103,1.01373911245962,2.59683153192692,0.0036433
5.24,0.496808722035509,-0.860211511044132,0.999999998166153,6.81089512045841,0.998031539112015,0.000468293521736286,1.21054803514649e-09,0.503470671401769,-0.864012316485171,1,6.81079632679466,0.249434409302569,0.475172231134754,0.545000000041913,0.0450355316229731,-1.62969436432676,0.979131769308797,2.58386864557131,0.0036154
5.26,0.51394759565652,-0.849980423098222,0.999999998190515,6.83088947344035,0.998037916133862,0.000466728180558575,1.22563672988459e-09,0.520649074960236,-0.853770777634644,1,6.83079632679466,0.249419848775307,0.47517058580274,0.545000000039352,0.0450358080908442,-1.60947855650704,0.944926788221269,2.57091660381538,0.003648
5.28,0.530878613195041,-0.839408686471337,0.99999999821517,6.85088396778224,0.998043615918647,0.000464845722353497,1.23980360200444e-09,0.537619225830615,-0.843187741856522,1,6.85079632679466,0.249405082896999,0.475169188314489,0.545000000036748,0.045036085457503,-1.58858132812572,0.911137877503959,2.55797564404672,0.0037387
5.3,0.547594995227584,-0.82850053269846,0.999999998240098,6.87087860173258,0.998048631002984,0.000462674343673235,1.25303280640305e-09,0.554374336178822,-0.83226744222401,1,6.87079632679466,0.249390141084568,0.475168046952105,0.545000000033871,0.0450363639824041,-1.56701112929644,0.877778578925364,2.54504599831194,0.0036285
5.32,0.564090048242028,-0.817260328040665,0.999999998265281,6.89087337375009,0.998052955729996,0.000460242284790173,1.26522628818289e-09,0.570907704184117,-0.821014246711361,1,6.89079632679466,0.249375052028295,0.475167168313153,0.545000000031156,0.045036643899487,-1.54477667960054,0.844862262292295,2.53212789358232,0.0036379
5.34,0.580357167330722,-0.805692571729843,0.999999998290697,6.91086828249414,0.998056586202335,0.000457577732896757,1.27644245395682e-09,0.587212716719739,-0.809432656446737,1,6.91079632679466,0.249359843636789,0.475166557373109,0.54500000002815,0.0450369254157005,-1.5218869645967,0.812402120095766,2.51922155204165,0.003634
5.36,0.596389838847165,-0.793801894160625,0.999999998316327,6.93086332681492,0.998059520231594,0.000454708729857061,1.28657649867132e-09,0.603282851998072,-0.797527303911826,1,6.93079632679466,0.249344542995412,0.475166217582766,0.545000000025246,0.0450372087139895,-1.49835123222349,0.780411162228145,2.50632719138951,0.0036793
5.38,0.612181643025232,-0.781593055030225,0.99999999834215,6.95085850574356,0.998061757284796,0.000451663085949144,1.2956651218587e-09,0.619111682179269,-0.785302951088906,1,6.95079632679466,0.249329176322106,0.475166150934731,0.545000000022306,0.0450374939517653,-1.47417898909636,0.748902210773679,2.49344502516353,0.0037445
5.4,0.627726256559946,-0.769070941426939,0.999999998368143,6.97085381848206,0.998063298427983,0.000448468298273002,1.30369524953262e-09,0.634692875942308,-0.772764487556117,1,6.97079632679466,0.249313768932538,0.475166358048329,0.545000000019197,0.0450377812626214,-1.44937999670075,0.717887894874445,2.48057526307475,0.003645
5.42,0.643017455148794,-0.756240565868061,0.999999998394286,6.99084926439316,0.99806414626741,0.000445151474594331,1.31060609476203e-09,0.650020201017428,-0.759916928531694,1,6.99079632679466,0.249298345210924,0.475166838258146,0.545000000016488,0.0450380707575706,-1.42396426748266,0.687380645673787,2.46771811135542,0.0036081
5.44,0.658049115992618,-0.743107064288004,0.999999998420558,7.01084484299024,0.998064304888702,0.000441739262707602,1.31654179114089e-09,0.665087526678961,-0.74676541286795,1,7.01079632679466,0.249282928577545,0.475167589669742,0.545000000013208,0.0450383625231117,-1.39794206083835,0.657392691339226,2.45487377312045,0.0035985
5.46,0.672815220255124,-0.729675693977419,0.999999998446936,7.03084055392713,0.998063779793964,0.000438257783955748,1.32129674312859e-09,0.679888826197539,-0.733315200995798,1,7.03079632679466,0.249267541476504,0.475168609279638,0.545000000010723,0.0450386566269094,-1.37132387900497,0.62793605216683,2.44204244873348,0.0037311
5.48,0.687309855480054,-0.715951831474122,0.999999998473401,7.05083639698797,0.998062577837764,0.000434732573509039,1.32515715733912e-09,0.6944181792507,-0.719571672820652,1,7.05079632679466,0.249252205344862,0.475169893000389,0.54500000000753,0.0450389531116666,-1.34412046285346,0.599022535768989,2.42922433618847,0.0036339
5.5,0.701527217965094,-0.701940970406675,0.999999998499931,7.07083237207719,0.998060707161372,0.000431188523426348,1.3278678423489e-09,0.708669774290948,-0.70554032557054,1,7.07079632679466,0.249236940613549,0.475171435798143,0.54500000000518,0.0450392520040465,-1.31634278758581,0.570663732347499,2.41641963148934,0.0036177
5.52,0.715461615091615,-0.687648719291464,0.999999998526507,7.09082847920945,0.998058177126631,0.000427649833142316,1.32973262623177e-09,0.722637910870283,-0.691226771597279,1,7.09079632679466,0.249221766683299,0.475173231710335,0.5450000000024,0.0450395533071997,-1.2880020583381,0.54287101005384,2.4036285290441,0.003639
5.54,0.729107467609336,-0.673080799284145,0.999999998553111,7.11082471849984,0.998054998248557,0.000424139962307932,1.33059646856277e-09,0.736317001920313,-0.676636736131613,1,7.11079632679466,0.249206701932586,0.475175273977759,0.545000000000784,0.045039857009658,-1.25910970569132,0.515655510438475,2.39085122205438,0.003794
5.56,0.742459311875045,-0.658243041886349,0.999999998579725,7.1308210901541,0.998051182128071,0.000420681590736182,1.33087876719169e-09,0.749701575987004,-0.661776054993197,1,7.13079632679466,0.249191763703792,0.475177555071047,0.54499999999995,0.0450401630791065,-1.22967738109174,0.489028143991009,2.3780879029161,0.0035916
5.58,0.755511802044497,-0.643141386608539,0.999999998606343,7.15081759445907,0.998046741384067,0.000417296580947197,1.33086057729765e-09,0.762786279419189,-0.646650672256346,1,7.15079632679466,0.249176968308544,0.475180066780118,0.544999999999613,0.0450404714671587,-1.19971695218257,0.46299958577294,2.36533876361731,0.0035693
5.6,0.768259712216671,-0.627781878589956,0.999999998632959,7.17081423177327,0.998041689585681,0.000414005945973527,1.33072113328576e-09,0.775565878509954,-0.631266637872487,1,7.17079632679465,0.249162331031987,0.475182800284091,0.544999999999563,0.0450407821095539,-1.16924049804904,0.437580271144767,2.35260399613815,0.0037227
5.62,0.780697938529536,-0.612170666176587,0.999999998659572,7.19081100251769,0.998036041184808,0.000410829821471715,1.33056392570547e-09,0.788035261590055,-0.615630105250256,1,7.19079632679465,0.249147866140087,0.475185746219226,0.544999999999648,0.0450410949269292,-1.1382603043785,0.412780391589145,2.33988379285101,0.0038208
5.64,0.79282150120653,-0.596313998458093,0.999999998686182,7.2108079071668,0.998029811449063,0.000407787442016968,1.33043727146282e-09,0.800189441072517,-0.599747328794216,1,7.21079632679465,0.249133586889796,0.475188894744787,0.544999999999759,0.0450414098256831,-1.10678885853784,0.388609890631736,2.32717834691993,0.0038271
5.66,0.804625546552961,-0.580218222764689,0.99999999871279,7.2308049462398,0.998023016395386,0.000404897121436129,1.33035051419479e-09,0.8120235554476,-0.583624661403183,1,7.23079632679465,0.2491195055419,0.475192235606717,0.544999999999819,0.0450417266988585,-1.07483884456993,0.365078459861396,2.31448785269819,0.0037937
5.68,0.816105348901551,-0.563889782124944,0.999999998739396,7.25080212029214,0.998015672724462,0.000402176237026629,1.33028525084451e-09,0.823532871227341,-0.567268551929147,1,7.25079632679465,0.24910563337635,0.475195758199066,0.544999999999778,0.0450420454270241,-1.0424231381113,0.342195535051267,2.30181250612338,0.0038707
5.7,0.827256312506379,-0.547335212685507,0.999999998766001,7.27079942990726,0.998007797756134,0.000399641217504527,1.33020520820532e-09,0.834712784838882,-0.55068554259782,1,7.27079632679465,0.249091980709909,0.475199451623055,0.544999999999599,0.0450423658791439,-1.00955480123293,0.319970292382322,2.28915250510952,0.0038146
5.72,0.838073973384484,-0.530561141093777,0.999999998792603,7.29079687568864,0.997999409365946,0.000397307534520544,1.3300610035571e-09,0.845558824465843,-0.533882266391829,1,7.29079632679465,0.249078556915919,0.475203304743753,0.544999999999265,0.0450426879134449,-0.97624707720647,0.298411644770871,2.27650804993497,0.0037136
5.74,0.848554001104412,-0.513574281844542,0.999999998819202,7.31079445825215,0.99799052592298,0.000395189697580728,1.32979632638803e-09,0.856066651836985,-0.516865444397617,1,7.31079632679465,0.24906537044602,0.475207306244292,0.544999999998762,0.0450430113782719,-0.94251338519771,0.277528238301473,2.26387934362592,0.0036686
5.76,0.858692200521028,-0.496381434591635,0.999999998845794,7.3307921782186,0.997981166229102,0.000393301252205876,1.3293507095113e-09,0.866232063961463,-0.499641883117093,1,7.33079632679465,0.249052428853662,0.475211444677586,0.54499999999809,0.0450433361129377,-0.908367314889668,0.257328448766701,2.25126659233464,0.0038105
5.78,0.868484513455892,-0.47898948142567,0.999999998872374,7.35079003620677,0.997971349459739,0.000391654781162301,1.32866318836018e-09,0.876050994809962,-0.482218471745125,1,7.35079632679465,0.249039738819193,0.47521570851552,0.544999999997248,0.0450436619485371,-0.873822621037344,0.237820378315105,2.23867000571214,0.0037651
5.8,0.877927020322578,-0.461405384118922,0.999999998898937,7.37078803282654,0.997961095106301,0.000390261908595335,1.32767258520512e-09,0.885519516941062,-0.464602179413953,1,7.37079632679465,0.249027306176408,0.475220086195593,0.544999999996243,0.0450439887087714,-0.83889321795636,0.219011852208741,2.22608979727423,0.0037779
5.82,0.887015941696273,-0.443636181338443,0.999999998925477,7.39078616867249,0.997950422920344,0.0003891333068977,1.32632010263473e-09,0.894633843072154,-0.446800052405629,1,7.39079632679465,0.24901513594036,0.475224566165001,0.544999999995079,0.0450443162107343,-0.803593173947702,0.20091041569154,2.21352618476101,0.0036559
5.84,0.895747639827068,-0.425688985828514,0.999999998951986,7.41078444431777,0.997939352859548,0.000388278706143839,1.32454843537739e-09,0.90339032759431,-0.428819211333597,1,7.41079632679465,0.249003232336291,0.475229136922151,0.544999999993765,0.0450446442656906,-0.7679367056608,0.183523330969759,2.20097939048898,0.0038291
5.86,0.904118620096332,-0.407570981563538,0.999999998978455,7.43078286030826,0.997927905035607,0.000387706905922898,1.32230379534799e-09,0.911785468030472,-0.410666848294545,1,7.43079632679465,0.248991598829526,0.475233787055634,0.544999999992307,0.0450449726798321,-0.731938172397213,0.166857574305749,2.18844964169542,0.0039783
5.88,0.912125532415613,-0.389289420872511,0.999999999004873,7.4507814171571,0.997916099664078,0.000387425789404149,1.31953445503536e-09,0.919815906436399,-0.39235022399166,1,7.45079632679465,0.248980238156165,0.475238505280633,0.544999999990721,0.045045301255001,-0.695612070357209,0.150919833226158,2.17593717087452,0.0037855
5.9,0.919765172567512,-0.370851621536193,0.99999999903123,7.47078011533953,0.997903957016248,0.000387442339470369,1.31619415810742e-09,0.9274784307438,-0.373876664830445,1,7.47079632679465,0.248969152354464,0.475243280472838,0.544999999989011,0.0450456297894125,-0.658973026831546,0.135716503845718,2.16344221610499,0.0036719
5.92,0.927034483488012,-0.352264963858135,0.999999999057515,7.49077895528802,0.997891497373076,0.000387762656757046,1.31223828248034e-09,0.934769976045118,-0.355253559988253,1,7.49079632679465,0.248958342796734,0.475248101699846,0.544999999987187,0.0450459580783223,-0.622035794340787,0.121253688307672,2.15096502136869,0.0037984
5.94,0.93393055648974,-0.333536887710723,0.999999999083713,7.51077793738777,0.997878740981233,0.000388391979437812,1.30762558114834e-09,0.941687625819451,-0.336488358458717,1,7.51079632679465,0.248947810221636,0.475252958250121,0.544999999985259,0.0450462859147116,-0.584815244724498,0.107537192341856,2.13850583685988,0.0042575
5.96,0.940450632425714,-0.314674889557396,0.999999999109813,7.5307770619725,0.997865708011277,0.000389334704599479,1.3023187861449e-09,0.948228613099124,-0.317588566072249,1,7.53079632679465,0.248937554766754,0.475257839659528,0.544999999983235,0.045046613089896,-0.547326363182715,0.0945725229414243,2.12606491928483,0.0042522
5.98,0.946592102793084,-0.295686519452236,0.999999999135799,7.55077632932058,0.997852418517976,0.00039059441105321,1.29628332956595e-09,0.954390321576437,-0.29856174249381,1,7.55079632679465,0.248927576001307,0.475262735735519,0.544999999981123,0.0450469393941565,-0.509584242272049,0.0823648861591438,2.1136425321514,0.0041026
6,0.952352510776456,-0.276579378018105,0.999999999161656,7.57077573965143,0.997838892402799,0.000392173883433116,1.28948759225973e-09,0.960170286650154,-0.279415498199144,1,7.57079632679465,0.248917872958909,0.475267636578977,0.544999999978932,0.0450472646173096,-0.471604075858851,0.0709191850241349,2.10123894604821,0.0044506
6.02,0.957729552230379,-0.257361113404531,0.999999999187371,7.5907752931223,0.997825149378568,0.000394075137435475,1.28190315251681e-09,0.96556619641131,-0.260157491430689,1,7.59079632679465,0.248908444170242,0.475272532603832,0.544999999976665,0.0450475885492694,-0.433401153031863,0.0602400175798976,2.0888544389133,0.0039889
6.04,0.9627210766006,-0.238039418226555,0.999999999212925,7.61077498982528,0.997811208936284,0.000396299446058452,1.27350251233333e-09,0.970575892567946,-0.240795425134381,1,7.61079632679465,0.248899287695556,0.475277414554453,0.544999999974337,0.0450479109805787,-0.394990851976789,0.050331675044406,2.07648929629179,0.0038069
6.06,0.967325087783744,-0.218622026485757,0.999999999238302,7.63077482978462,0.997797090314093,0.000398847366704351,1.26426385804729e-09,0.975197371308395,-0.221337043878582,1,7.63079632679464,0.2488904011569,0.475282273520932,0.544999999971953,0.0450482317029057,-0.356388633815248,0.0411981400930102,2.06414381158235,0.0036985
6.08,0.971539744925058,-0.199116710474671,0.999999999263486,7.6507748129544,0.997782812468401,0.000401718769012645,1.25416693919073e-09,0.979428784102778,-0.201790130756354,1,7.65079632679464,0.248881781741951,0.475287100879374,0.544999999963017,0.0450485505043827,-0.317610036410579,0.0328430852648329,2.05181828628337,0.0038578
6.1,0.975363363153939,-0.179531277665856,0.999999999288437,7.67077493921631,0.997768394045955,0.000404912860367527,1.24085310915229e-09,0.983268438442396,-0.182162504272322,1,7.67079632679464,0.248873426299594,0.47529188846936,0.544999999951035,0.0450488671851929,-0.278670668142973,0.0252698714933012,2.03951303019037,0.0036368
6.12,0.978794414256926,-0.159873567586824,0.999999999313077,7.69077520837785,0.997753853360583,0.000408428218742776,1.22322578732787e-09,0.986714798516709,-0.162462015215382,1,7.69079632679464,0.248865331351266,0.475296628553599,0.544999999942648,0.0450491815472425,-0.239586201656444,0.0184815467614012,2.02722836161654,0.0036535
6.14,0.98183152728783,-0.140151448682056,0.999999999337335,7.71077562017097,0.99773920837126,0.000412262823591375,1.20257919178352e-09,0.989766485827636,-0.142696543518487,1,7.71079632679464,0.248857493079905,0.475301313717434,0.5449999999369,0.0450494933880942,-0.200372367580124,0.0124808448821993,2.01496460760751,0.0035946
6.16,0.984473489114834,-0.120372815163384,0.99999999936116,7.73077617425082,0.997724476660512,0.000416414082648788,1.17986321157555e-09,0.992422279740943,-0.12287399510678,1,7.73079632679464,0.24884990738425,0.475305936938695,0.544999999933047,0.0450498025111285,-0.161044948226428,0.0072701844051187,2.0027221041184,0.0037101
6.18,0.986719244904351,-0.100545583850012,0.999999999384516,7.7507768701946,0.997709675415771,0.00042087886169021,1.15576007431168e-09,0.994681117974474,-0.103002298735328,1,7.75079632679464,0.248842569907752,0.475310491592036,0.544999999930554,0.0450501087237521,-0.121619771268583,0.00285166764841284,1.99050119618789,0.0036635
6.2,0.988567898541433,-0.0806776909994249,0.999999999407382,7.77077770750079,0.99769482141265,0.000425653514273059,1.13075937946401e-09,0.996542097023054,-0.0830894028177283,1,7.77079632679464,0.248835476066657,0.475314971451198,0.544999999929023,0.045050411837329,-0.0821127034000832,-0.000772920141776261,1.97830223809974,0.0036392
6.22,0.990018712986547,-0.0607770891304378,0.999999999429741,7.79077868558858,0.997679931000095,0.000430733911407983,1.1052075166162e-09,0.998004472519875,-0.063143272246845,1,7.79079632679464,0.248828621077252,0.475319370689919,0.544999999928161,0.045050711667423,-0.0425396439785956,-0.00360211150543411,1.96612559353109,0.0036384
6.24,0.991071110568602,-0.0408517438396716,0.999999999451587,7.81077980379751,0.997665020087363,0.000436115471085181,1.07934535975569e-09,0.999067659534237,-0.0431718852089621,1,7.81079632679464,0.248821999982249,0.47532368388141,0.544999999927745,0.0450510080340407,-0.00291651865686997,-0.00563475735547633,1.95397163568779,0.003791
6.26,0.991724673214085,-0.0209096306127162,0.999999999472913,7.83078106138738,0.997650104132753,0.000441793187572666,1.05333356259503e-09,0.99973123280551,-0.023183229992613,1,7.83079632679464,0.248815607676243,0.475327905996481,0.544999999927624,0.0450513007618886,0.0367407269967948,-0.00687002743709969,1.9418407474263,0.0036215
6.28,0.991979142612226,-0.000958731631263484,0.99999999949372,7.85078245753831,0.997635198134055,0.000447761660407037,1.02727813811039e-09,0.999994926913232,-0.00318530179337252,1,7.85079632679464,0.248809438930215,0.475332032400382,0.544999999927686,0.0450515896805802,0.0764161338859702,-0.00730741065949488,1.92973332136209,0.0036139
