Time,X,Y,Z,Psi,Vx_B,Vy_B,Vz_B,Ref_X,Ref_Y,Ref_Z,Ref_Psi,Ux,Uy,Uz,Upsi,Int_X,Int_Y,Cost,CalcTime
0,3,0,0.5,1.5707963267949,1.4,8.57252759403147e-17,0.2,3,0,0.5,1.5707963267949,0.388117102089133,0.795595136505908,0.544999999820627,0.0501233517444391,0,0,0.523307895873925,0.0062515
0.05,2.99791200679234,0.0700578249082675,0.509999999995964,1.6236577098549,1.40401555113631,0.00933133338627144,0.199999999838564,2.99816292201201,0.0699678481812424,0.51,1.6232963267949,0.401888355275861,0.770555462925259,0.544999996623423,0.0471537899703603,0.299930394310465,0.00350224032359723,0.478759618429867,0.0041127
0.1,2.99171616929418,0.14011939132591,0.519999999911919,1.67675330548123,1.40968785774783,0.0152963452036875,0.199999996799645,2.99265439214403,0.139796610391365,0.52,1.67571328005338,0.416056457686223,0.748914469896893,0.545000002909716,0.0460768052088669,0.599445469587342,0.0140116834145776,0.447590992537479,0.0043991
0.15,2.98153932001492,0.210042684581338,0.52999999981737,1.72954420036523,1.41686570163917,0.0189819313839078,0.199999999418389,2.98348114293438,0.20940069933458,0.53,1.72788952724128,0.430807590666535,0.7301967071218,0.545000001031699,0.0450704040506699,0.898140923469319,0.0315215021725779,0.425376301756097,0.0043124
0.2,2.96749258965414,0.279697587097969,0.539999999811503,1.7818423866981,1.4254593163036,0.0209296420432375,0.200000000346918,2.97065439903922,0.278694811532032,0.54,1.77967269669533,0.44610721695032,0.713883453480629,0.545000000261464,0.0440066353206335,1.1956243332391,0.0560112671218159,0.40913043508248,0.0046177
0.25,2.94967367444475,0.348964702464904,0.549999999834732,1.8335024125055,1.43540434685155,0.0215666833140815,0.200000000582235,2.9541898623675,0.347594030115732,0.55,1.83091902734375,0.461866499496148,0.699512573745721,0.544999999965041,0.0428898917051623,1.49151369765188,0.087448086949416,0.396811818754616,0.0043233
0.3,2.92816912995752,0.417733747988882,0.559999999863057,1.88439747586803,1.4466515408088,0.0212466246065989,0.200000000550772,2.93410769208961,0.416013927479972,0.56,1.88149622353411,0.477963501242802,0.686684478561696,0.544999999839939,0.0417358723940506,1.78543620965086,0.125787599209028,0.387037760968008,0.0047183
0.35,2.90305648070687,0.485902119802608,0.569999999886994,1.93441782390941,1.45915954206024,0.0202591930778597,0.200000000406717,2.91043247945892,0.483870667606843,0.57,1.93128572314581,0.49425433051254,0.675061015295023,0.544999999798023,0.0405603623966989,2.07702724942119,0.170974808224423,0.378874269822894,0.0045018
0.4,2.87440613258466,0.553373662280111,0.579999999902786,1.98347084717556,1.47288909496554,0.0188374770300921,0.200000000224938,2.88319321740682,0.551081107892101,0.58,1.98018431224989,0.510582592100267,0.664362156122362,0.544999999797675,0.0393778431856013,2.36592957855663,0.222944789773399,0.371693962404491,0.0041763
0.45,2.842283088959,0.620057629790664,0.58999999990948,2.0314809965438,1.48779853433119,0.0171649103963029,0.200000000042845,2.8524232648906,0.617562900305853,0.59,2.02810507233172,0.526787532756689,0.654361333467821,0.544999999747013,0.0382010973942223,2.65179271562449,0.281623282465324,0.365080877536369,0.0046352
0.5,2.80674847524644,0.685867823365533,0.59999999990593,2.07838934790344,1.5038405069248,0.0153821019130658,0.199999999815157,2.81816030599063,0.683234591729566,0.6,2.07497769336216,0.542710756738038,0.644879904280206,0.544999999700522,0.0370410380887515,2.93427247371151,0.346927184192903,0.358766382002322,0.0042122
0.55,2.76786087944899,0.750721883519779,0.60999999988995,2.12415282417872,1.52095982128512,0.013593376513516,0.199999999545627,2.78044630376994,0.748015723317212,0.61,2.12074822322848,0.558201479792033,0.635781183282992,0.544999999591259,0.0359066772508286,3.2130306411527,0.418764970216749,0.35258552504099,0.004499
0.6,2.72567751825861,0.814540720294035,0.619999999858035,2.16874312637252,1.53909228283024,0.0118729006067274,0.19999999917776,2.73932744892396,0.811826928734013,0.62,2.16537834888522,0.573120373405826,0.62696437576638,0.544999999509161,0.0348052004369642,3.48773478750451,0.497037047549661,0.346446833475634,0.0043371
0.65,2.68025523994527,0.877248062135808,0.629999999805879,2.21214544383397,1.55816434747721,0.0102702879777684,0.199999998736005,2.69485410326274,0.87459003113161,0.63,2.20884431686016,0.587342149099533,0.618358693501128,0.54499999941807,0.0337421147566148,3.75805817786848,0.581636058436476,0.340310972536075,0.0039237
0.7,2.63165137638104,0.938770106353288,0.639999999729585,2.25435702029246,1.57809342176101,0.00881561720546455,0.199999998212267,2.64708073808054,0.936228138723487,0.64,2.2511356019209,0.600756879037931,0.609917773374544,0.54500000232842,0.0327214520877812,4.02367977985388,0.672447143938901,0.33417532825015,0.0052052
0.75,2.57992445761989,0.999035255151848,0.649999999692588,2.295385650959,1.59878862542219,0.00752381510735098,0.200000000307845,2.59606586747948,0.996665738829382,0.65,2.29225342525528,0.613271245218574,0.601615045288185,0.545000000715274,0.031745938316077,4.28428434875356,0.769348176973119,0.328062559318184,0.0044489
0.8,2.52513480092288,1.05797392358181,0.659999999724074,2.33524817149396,1.62015194727813,0.00639845312411691,0.200000000951592,2.54187197672447,1.05582879026199,0.66,2.33220921030216,0.624807514082293,0.593438833616642,0.545000000083787,0.0308172898057713,4.53956257781911,0.872209972646682,0.322012073088295,0.0060283
0.85,2.46734498801095,1.11551840660462,0.669999999773539,2.37396899846348,1.64207950651599,0.00543487874539424,0.200000001027,2.48456544571554,1.11364481393382,0.67,2.37102304810712,0.63530352169447,0.585388920939569,0.544999999864561,0.0299363417529084,4.7892113017013,0.980896482458909,0.316073366333681,0.0051332
0.9,2.40662024393841,1.17160279417362,0.679999999821842,2.41157876119011,1.66446296494225,0.00462281248266283,0.200000000905105,2.42421646767211,1.17004298156617,0.68,2.40872222703342,0.644711550942451,0.57747328841757,0.544999999811931,0.0291032626093841,5.03293374262225,1.09526497768179,0.310300961067807,0.0048129
0.95,2.34302872821666,1.22616292552658,0.689999999862866,2.44811304730234,1.68719093196676,0.00394842567172537,0.200000000735842,2.36089896313092,1.22495420238657,0.69,2.44533986548886,0.652997758441011,0.56970573634192,0.544999990854157,0.0283176904537504,5.27043978994512,1.2151662262831,0.304750479591093,0.0047373
1,2.27664174803747,1.27913637522768,0.699999999693876,2.48361127949969,1.71015037800673,0.00339598929974075,0.199999992504584,2.29469048936548,1.27831120770446,0.7,2.48091367208491,0.660138225957164,0.562102814884208,0.544999997542901,0.0275789519066253,5.50144630489929,1.34044466691763,0.299475783674569,0.0052077
1.05,2.20753390880155,1.33046246268611,0.709999999263821,2.51811573854716,1.73322768938987,0.00294902030923262,0.199999990293195,2.22567214534141,1.33004863325921,0.71,2.51548484585123,0.666121648491959,0.554683692296315,0.545000000433502,0.0268860063949794,5.72567744330183,1.47093858278218,0.294526494753561,0.0045745
1.1,2.13578320741469,1.38008228102625,0.719999998788234,2.55167071878272,1.75631000480106,0.00259126645192546,0.199999990683346,2.15392847232663,1.38010309923758,0.720000000000001,2.54909711991304,0.670945210261428,0.547467839903224,0.545000001696779,0.0262376909119268,5.94286499057001,1.60648027737533,0.289946667885089,0.0042505
1.15,2.06147107342372,1.4279387416357,0.729999998360579,2.58432181156719,1.77928613599203,0.00230731259722264,0.199999992210447,2.07954735028121,1.42841328786178,0.730000000000001,2.58179594525487,0.674614015066833,0.540474374796214,0.545000002179187,0.0256327194338077,6.15274870327168,1.74689625400199,0.285773683939022,0.0042482
1.2,1.98468237059922,1.47397662895208,0.739999998020133,2.61611531709857,1.8020474185801,0.00208298821917491,0.199999994171716,2.00261989015583,1.47492001845244,0.740000000000001,2.61362780654045,0.67713988239818,0.533721395659419,0.545000002284954,0.0250697477592146,6.35507665278478,1.89200740026281,0.282037659289181,0.0045946
1.25,1.90550536363215,1.51814266297849,0.74999999778013,2.64709776441949,1.8244884230998,0.00190560639668688,0.199999996228175,1.92324032223286,1.51956631987425,0.750000000000001,2.64463965906194,0.678540262760749,0.527225540265065,0.545000002198008,0.0245474156949193,6.54960556731998,2.04162917843227,0.278761218302825,0.0041936
1.3,1.82403165565494,1.56038556696881,0.759999997640994,2.67731552870866,1.84650753548414,0.00176407194469014,0.199999998206382,1.84150588064829,1.56229750027552,0.760000000000001,2.67487847437251,0.67883726971849,0.521001717472691,0.545000001987992,0.0240643783224401,6.73610116910985,2.19557182236594,0.275959558393446,0.004403
1.35,1.74035610153721,1.60065613820296,0.769999997596043,2.70681453329897,1.86800741813893,0.00164889245256712,0.199999999995575,1.757516684237,1.60306121403648,0.770000000000001,2.70439088166361,0.678056828464224,0.515062974584338,0.545000001688986,0.0236193291761855,6.91433850410063,2.35364054134641,0.273640743799818,0.0048247
1.4,1.6545767012428,1.6389073201605,0.779999997633824,2.73564002432321,1.88889536429227,0.00155212016810389,0.200000001515663,1.67137561384822,1.64180752584431,0.780000000000002,2.73322289217998,0.676227938513846,0.509420467729159,0.54500000136285,0.0232110171615693,7.08410226194347,2.51563573108926,0.271806171051247,0.0045932
1.45,1.56679447694128,1.67509427472442,0.789999997740271,2.76383640681289,1.90908355901274,0.00146724729592964,0.200000002742227,1.58318818628189,1.67848897181676,0.790000000000002,2.76141969467606,0.673382051708862,0.504083509246597,0.545000001031887,0.0228382585928925,7.24518708448068,2.68135319197809,0.270451155942199,0.0046309
1.5,1.47711333701961,1.70917445332253,0.7999999979006,2.79144713218641,1.9284892609104,0.00138907263998811,0.200000003670925,1.49306242500064,1.71306061759965,0.800000000000002,2.78902551091604,0.669552546231536,0.499059668994619,0.545000000690135,0.022499945821573,7.39739786126408,2.85058435447485,0.269565599576842,0.0042111
1.55,1.38563992966197,1.74110766613829,0.809999998099674,2.81851462827912,1.94703491679465,0.00131355328977886,0.200000004292047,1.40110872777582,1.74548011336733,0.810000000000002,2.81608350136268,0.664774293070045,0.494354911012618,0.545000000403499,0.0221950531363669,7.54055001093252,3.02311651155428,0.26913469681294,0.004267
1.6,1.29248348825969,1.77085614870964,0.819999998323356,2.84508026427471,1.96464822118194,0.00123765149502447,0.200000004655196,1.30743973142969,1.77570774565879,0.820000000000002,2.84263571238726,0.659083315281903,0.489973756434592,0.545000000133371,0.0219226406262117,7.67446974752157,3.19873305793362,0.269139657088694,0.0040817
1.65,1.19775567051998,1.79838462539181,0.829999998559116,2.87118434400576,1.98126213240353,0.00115918456697166,0.20000000477523,1.21217017383932,1.80370648598624,0.830000000000003,2.86872305749419,0.652516506216629,0.485919457720694,0.544999999526353,0.0216818566668507,7.79899433098529,3.37721373580936,0.269558414712065,0.0045371
1.7,1.10157039283084,1.82366036927548,0.839999998787221,2.89686612212092,1.99681485343933,0.00107668293044024,0.200000004348948,1.11541675337093,1.82944203615655,0.840000000000003,2.89438532614628,0.64511141546738,0.482194161117197,0.544999999203781,0.0214719404560139,7.91397230137958,3.55833488676596,0.270366309557158,0.0039838
1.75,1.00404366119991,1.84665325828845,0.849999998986753,2.92216383867717,2.01124978618165,0.000989257823320273,0.200000003632351,1.01729798591676,1.85288287025017,0.850000000000003,2.91966121477499,0.636906096271498,0.47879909435401,0.544999999221407,0.0212922217071712,8.01926369630081,3.74186970948705,0.271536724007722,0.0038385
1.8,0.905293399813718,1.86733582727059,0.859999999150852,2.94711476834082,2.02451546690608,0.000896483587376639,0.200000002931617,0.91793405970906,1.8740002732062,0.860000000000003,2.94458837545228,0.627938994058423,0.475734733893236,0.544999999348837,0.0211421216481541,8.11474025129185,3.92758852287751,0.273041668814212,0.0037798
1.85,0.805439278055192,1.8856833158434,0.869999999282782,2.97175528105743,2.03656548843133,0.00079829410801567,0.200000002345571,0.817446688089011,1.8927683759663,0.870000000000003,2.96920347848486,0.618248875876901,0.473000959181075,0.544999999489966,0.0210211534589268,8.20028558302046,4.11525903418376,0.274852311417476,0.0055875
1.9,0.704602536672975,1.90167371198844,0.879999999388585,2.99612091182711,2.04735841413385,0.000694892925421463,0.20000000188654,0.715958960410378,1.90916418713442,0.880000000000004,2.99354228587003,0.607874793108645,0.470597198967057,0.544999999579177,0.0209289222307527,8.27579535511191,4.30464661168679,0.276939444130538,0.0050876
1.95,0.602905813652008,1.91528779128986,0.889999999473443,3.02024643761758,2.0568576879792,0.000586676911536772,0.200000001507799,0.613595191260393,1.92316762111354,0.890000000000004,3.0176397331325,0.596856073633534,0.468522564508979,0.544999999620484,0.0208651249482876,8.34117742657958,4.49551456153668,0.279273892006617,0.0061233
2,0.500472970212318,1.92650915181992,0.899999999540294,3.04416595982884,2.06503154414143,0.000474172658537139,0.200000001166234,0.510480768182179,1.93476152268492,0.900000000000004,3.04153001755166,0.585232335639717,0.466775968094954,0.544999999703037,0.0208295504605678,8.39635198284587,4.68762440829344,0.281826861800433,0.0045265
2.05,0.397428917267734,1.93532424467365,0.909999999591924,3.06791299107572,2.07185291881779,0.000357984351706919,0.200000000898968,0.406741998085009,1.94393168799981,0.910000000000004,3.06524669119806,0.573043519141534,0.465356232290778,0.544999999783756,0.0208220792892541,8.44125164938365,4.88073617873877,0.284570235355661,0.0046356
2.1,0.293899442604749,1.94172240016777,0.919999999632007,3.09152054530527,2.07729936630664,0.00023875239637369,0.200000000704348,0.302505952530261,1.95066688195767,0.920000000000004,3.08882275753523,0.560329934531362,0.464262181572109,0.544999999857297,0.020842683600032,8.4758215880376,5.0746086885244,0.28747681064389,0.0061252
2.15,0.190011038979823,1.94569584973151,0.929999999664014,3.11502123048501,2.08135298122322,0.000117121121316618,0.200000000575915,0.197900312082327,1.95495885194977,0.930000000000004,3.11229077061762,0.547132322317442,0.463492722548143,0.544999999910534,0.0208914270062564,8.50001957610798,5.26899983122448,0.290520494984247,0.0052072
2.2,0.0858907332858286,1.94723974353247,0.939999999690797,3.13844734326506,2.08400032803603,-6.28548719861445e-06,0.200000000495396,0.0930532099149081,1.95680233795123,0.940000000000004,3.13568293613379,0.533491923651994,0.463046910773125,0.544999999954115,0.0209684643284729,8.51381606829651,5.46366686936356,0.293676454779016,0.0042881
2.25,-0.0183340830969561,1.94635216388389,0.949999999714534,3.16183096512346,2.08523237898752,-0.000130881232503344,0.2000000004541,-0.0119069251359517,1.95619507894897,0.950000000000005,3.15903121371372,0.519450557801312,0.462924005899769,0.544999999980617,0.0210740411920309,8.51719424162724,5.65836672699569,0.296921226368617,0.0039015
2.3,-0.122535822675489,1.94303413448361,0.959999999736803,3.18520405958712,2.08504446101359,-0.000256129321315885,0.200000000436655,-0.116851525880067,1.95313781569795,0.960000000000005,3.18236742004447,0.505050706967471,0.463123514189863,0.545000000001001,0.0212084934261649,8.51015002346566,5.85285628341549,0.300232792066655,0.0038207
2.35,-0.226586868872575,1.93728962553788,0.969999999758658,3.20859857016598,2.08343621226823,-0.000381549166892022,0.200000000437556,-0.221652044250048,1.94763428980194,0.970000000000005,3.20572333242387,0.490335605547409,0.463645219851685,0.545000000017833,0.0213722461292592,8.49269210276697,6.04689266758684,0.303590625487317,0.0037056
2.4,-0.330359741650314,1.92912555482571,0.979999999780937,3.23204651865266,2.0804115485305,-0.000506719168578927,0.200000000453605,-0.32618010875427,1.93969123912028,0.980000000000005,3.22913079243104,0.475349334048204,0.464489204927002,0.545000000014931,0.0215658122943675,8.46484192469151,6.24023355288053,0.306975709710516,0.0038521
2.45,-0.43372726167561,1.91855178475963,0.989999999803953,3.25558010342082,2.07597863976667,-0.000631276186446884,0.200000000467043,-0.430307681713202,1.92931838950596,0.990000000000005,3.25262180940513,0.460136916695268,0.465655857003528,0.545000000003541,0.0217897908431805,8.42663366873007,6.43263745171771,0.310370530876962,0.0043304
2.5,-0.536562712980059,1.90558111550163,0.999999999827385,3.27923179730953,2.07014989700362,-0.000754912403192857,0.20000000047023,-0.533907216086678,1.91652844288529,1.00000000000001,3.2762286634026,0.444744421847186,0.467145865998635,0.544999999993924,0.0220448638504683,8.37811421048777,6.62386400972166,0.313759050208017,0.0046564
2.55,-0.638740004067573,1.89022927419438,1.00999999985076,3.30303444459887,2.06294196956852,-0.000877370014354924,0.200000000464762,-0.636851811700195,1.90133706169383,1.01,3.29998400724561,0.429219064990081,0.468960209202813,0.544999999971599,0.0223317927442657,8.31934306727906,6.81367429898637,0.317126656592502,0.0042985
2.6,-0.740133827421827,1.87251490036657,1.01999999987336,3.32702135646543,2.05437575272134,-0.000998434141638734,0.200000000439201,-0.739015370679064,1.88376284968743,1.02,3.32392096717933,0.413609314416082,0.471100122851178,0.544999999958135,0.0226514132135223,8.25039232769155,7.00183111007655,0.32046010039113,0.0043959
2.65,-0.840619817365594,1.85245952757372,1.02999999989438,3.35122640415558,2.04447640571333,-0.00111792441054465,0.200000000401522,-0.840272751900235,1.86382732915224,1.03,3.34807324152039,0.397964998296944,0.473567061668845,0.544999999953068,0.0230046284543579,8.1713465652812,7.18809924237935,0.323747411220269,0.004231
2.7,-0.940074706222424,1.83008756133549,1.0399999999134,3.37568410891861,2.03327338017711,-0.00123568532748554,0.200000000359283,-0.940499924272792,1.84155491454137,1.04,3.37247519649772,0.382337413372821,0.476362643585557,0.544999999951094,0.0233924003988652,8.08230273656594,7.3722457924345,0.326977799868112,0.0041762
2.75,-1.0383764787289,1.80542625342795,1.04999999993026,3.40042972750032,2.02080045878199,-0.00135157572253795,0.200000000315268,-1.0395741186596,1.81697288257076,1.05,3.39716195825566,0.36677943437127,0.479488578897231,0.544999999949913,0.0238157384460301,7.98337006349021,7.55404043987549,0.330141545786583,0.0037939
2.8,-1.13540452464569,1.77850567258875,1.0599999999449,3.42549933170583,2.00709580400698,-0.00146545742822504,0.20000000027019,-1.13737397825423,1.79011133881086,1.06,3.42216949970048,0.351345623199934,0.482946582441632,0.544999999948725,0.0242756851644736,7.87466990053792,7.73325573062009,0.333229871741641,0.0040593
2.85,-1.23103978951533,1.74935867168918,1.06999999995725,3.45092988018958,1.9922020167999,-0.00157718332911297,0.200000000224043,-1.23377970722928,1.76100318081514,1.07,3.4475347205172,0.336092331978548,0.486738277709948,0.544999999458588,0.0247732980242914,7.75633558667648,7.90966735695438,0.336234848924229,0.0038706
2.9,-1.32516492349488,1.71802085139756,1.07999999995627,3.47675928017354,1.97616620433458,-0.00168658370931732,0.199999999736772,-1.3286732174742,1.72968405783076,1.08,3.47329551825572,0.321077830792987,0.490865014459127,0.545000000250505,0.025309628967679,7.62851228232063,8.08305443415847,0.339149067059714,0.0044952
2.95,-1.41766442829239,1.68453052046789,1.08999999994875,3.50302643655977,1.95904005908128,-0.00179345832617465,0.199999999962226,-1.4219382732432,1.69619232714079,1.09,3.49949084787439,0.306362359407435,0.495327829192211,0.545000000081743,0.0258856927523157,7.49135679150896,8.25319977332771,0.341965824421656,0.0041097
3,-1.50842480205259,1.64892865255526,1.0999999999487,3.5297712847739,1.94087994153943,-0.00189755626433987,0.200000000035795,-1.51346063353648,1.6605690070916,1.1,3.5261607665259,0.292008257337358,0.500127173135915,0.544999999384327,0.0265024383843858,7.34503736948563,8.41989015005287,0.34467873817007,0.0038472
3.05,-1.59733468210905,1.61125883954069,1.10999999993664,3.55703480356075,1.9217469743971,-0.00199856588322867,0.199999999481689,-1.60312819204055,1.62285772686305,1.11,3.55334645966669,0.278080052315803,0.505262672170809,0.545000000624521,0.0271607082093924,7.18973351590255,8.58291656860389,0.347281461765868,0.0043893
3.1,-1.68428498579255,1.57156724162509,1.11999999992477,3.58485900357423,1.90170714361058,-0.0020961097414692,0.200000000043758,-1.69083111445668,1.5831046730432,1.11999999999999,3.58109024376096,0.26464444485111,0.510733081609639,0.545000000185725,0.0278611834579188,7.0256357538443,8.74207452128368,0.349768178756374,0.0043926
3.15,-1.76916904893921,1.52990253383014,1.12999999993114,3.61328688533921,1.88083139627326,-0.00218971941000308,0.200000000210911,-1.77646197304966,1.54135853307297,1.12999999999999,3.60943553993169,0.251770423639569,0.516535798037603,0.544999999997665,0.0286043371570606,6.85294539488056,8.89716424261857,0.352132866318561,0.0038929
3.2,-1.851882762076,1.48631584890745,1.13999999994163,3.64236236093206,1.85919574835355,-0.00227883501237186,0.20000000020881,-1.85991587825228,1.49767043563017,1.13999999999999,3.63842681188805,0.239529216632915,0.522666675480495,0.544999999863938,0.0293903595739999,6.67187429039017,9.04799095801251,0.354369633981129,0.0038678
3.25,-1.93232470437476,1.44086071674796,1.14999999994901,3.67213013233102,1.83688138573468,-0.00236279470211501,0.200000000086354,-1.94109060716484,1.452093888026,1.14999999999999,3.66810946034633,0.227994252935408,0.529119654948929,0.544999999750444,0.030219083223078,6.48264456937343,9.19436512652233,0.356472688850609,0.0037713
3.3,-2.01039627506635,1.39359299996612,1.15999999994771,3.70263551765916,1.81397475999992,-0.00244082942284314,0.199999999861754,-2.01988672879241,1.40468471069065,1.15999999999999,3.69852966498821,0.217241055915335,0.535886382654305,0.54499999972749,0.0310898929469251,6.28548836299563,9.33610267738307,0.358436452391779,0.0042912
3.35,-2.08600182219697,1.34457082554264,1.16999999993467,3.7339242165245,1.79056767229509,-0.00251206154563431,0.199999999616495,-2.09620772586684,1.35550096882817,1.16999999999999,3.72973416381558,0.207347061405128,0.542955792598333,0.544999999804085,0.0320016243070207,6.08064751612049,9.47302523989625,0.360255756892197,0.0044047
3.4,-2.15904876849191,1.29385451231406,1.17999999991109,3.76604200435596,1.76675733816069,-0.00257550775332689,0.199999999440171,-2.16996011310421,1.30460290132432,1.17999999999999,3.7617699586406,0.198391342095219,0.550313656479549,0.54499999966592,0.03295245001291,5.86837328611025,9.60496036627678,0.361926115334503,0.0043061
3.45,-2.22944773400086,1.24150649406149,1.18999999987558,3.79903434496339,1.74264642449488,-0.00263008645785955,0.199999999139499,-2.24105355175303,1.25205284699403,1.18999999999999,3.79468393450411,0.190454224981754,0.557942072700235,0.544999999607879,0.0339397555667482,5.64892602919724,9.73174174703093,0.363444031559304,0.0044242
3.5,-2.29711265515167,1.18759123798451,1.19999999982373,3.8329459101463,1.71834304862026,-0.00267463330307649,0.19999999878659,-2.30940096029234,1.1979151682586,1.19999999999999,3.82852238019848,0.18361679325005,0.565818887118303,0.545000001557441,0.0349600076259326,5.42257487476734,9.85320941841395,0.364807353396135,0.0048269
3.55,-2.36196089990376,1.13217515844962,1.2099999997981,3.86781999544755,1.69396072860126,-0.00270792993649993,0.200000000188287,-2.37491862114377,1.14225617234554,1.20999999999999,3.86333039698574,0.177960092482308,0.573917442173876,0.545000000481326,0.0360086040752413,5.18959738793108,9.96920996149927,0.366015684982257,0.0047589
3.6,-2.42391337785262,1.07532652550942,1.21999999981835,3.90369782036487,1.66961825689391,-0.00272870793473727,0.20000000062148,-2.43752628326568,1.0851440301069,1.21999999999999,3.89915118330865,0.173564416839887,0.582205610257215,0.545000000059473,0.0370797543491438,4.95027922081476,10.079596692369,0.3670706099016,0.004559
3.65,-2.4828946448916,1.01711536833261,1.22999999985076,3.94061770563422,1.64543950648604,-0.00273570499031929,0.200000000675006,-2.49714726050237,1.02664869255457,1.22999999999999,3.93602518510417,0.170508124080451,0.590645549349738,0.544999999912322,0.0381663304183378,4.70491375312365,10.1842298428918,0.367975970007988,0.0044704
3.7,-2.53883300195909,0.95761337378017,1.23999999988254,3.97861412164064,1.62155312374771,-0.00272769839908512,0.200000000596096,-2.55370852556579,0.966841805213942,1.23999999999998,3.97398910460731,0.168866344922908,0.599193157122142,0.544999999876424,0.0392597619265714,4.45380172251653,10.2829767316075,0.368737943921157,0.0043049
3.75,-2.5916605864609,0.896893780051264,1.24999999990956,4.01771660552161,1.59809210009974,-0.00270354918717541,0.200000000484877,-2.60714079953207,0.905796620399395,1.24999999999998,4.01307476565954,0.168709420725391,0.60779767552936,0.544999999882185,0.0403499551596839,4.19725084546642,10.3757119242172,0.369364980655997,0.0044898
3.8,-2.64131345557416,0.835031265945522,1.25999999993115,4.05794855330807,1.57519319777386,-0.00266224943439795,0.200000000378844,-2.65737863673975,0.843587907517843,1.25999999999998,4.05330784087216,0.170101090761941,0.616401421182271,0.544999999900376,0.0414252625474165,3.93557542937698,10.4623173832159,0.369867560715176,0.0042504
3.85,-2.68773166048085,0.772101836446117,1.26999999994785,4.09932590131133,1.55299620770892,-0.00260297023395257,0.200000000289182,-2.70436050498193,0.780291861508758,1.26999999999998,4.09470645581474,0.173096440714302,0.624939693483637,0.544999999920345,0.0424725206665624,3.66909597681417,10.5426826062585,0.370257790551658,0.0039811
3.9,-2.73085931065416,0.708182705611488,1.27999999996052,4.14185572252561,1.53164301931425,-0.00252510762300998,0.200000000217492,-2.7480288608893,0.715986009531408,1.27999999999998,4.13727969779141,0.177739644336006,0.633340918515606,0.544999999937886,0.043477176498052,3.39813878280498,10.6167047529414,0.370548856793957,0.0039567
3.95,-2.77064462747774,0.643352178048769,1.28999999997,4.18553477746148,1.5112764855549,-0.00242832354405586,0.200000000161589,-2.78833022040685,0.650749116012345,1.28999999999998,4.18102607152378,0.184061555534024,0.641527088779021,0.544999999951911,0.0444235203788396,3.12303552623574,10.6842887597899,0.370754385546842,0.0041022
4,-2.80703998672698,0.577689530501641,1.299999999977,4.23034807413351,1.49203907303064,-0.00231257881203099,0.200000000118309,-2.82521522427287,0.584661086168459,1.29999999999998,4.22593196053487,0.192077237064465,0.64941455582227,0.544999999963421,0.0452950396776362,2.84412285644249,10.7453474433849,0.370887767357117,0.0044496
4.05,-2.840001949784,0.511274895286385,1.30999999998209,4.27626750781193,1.47407129574391,-0.00217815519958056,0.200000000085388,-2.85863869841528,0.517802868123224,1.30999999999998,4.27197017003154,0.201783542671137,0.656915222117909,0.544999999972605,0.0460748991317118,2.56174197611714,10.7998015917254,0.370961518320672,0.0047757
4.1,-2.86949128388619,0.444189147416835,1.31999999998574,4.3232506659297,1.45750994317792,-0.00202566417625456,0.200000000060733,-2.88855970918772,0.450256353736066,1.31999999999998,4.31909864280289,0.213156898664364,0.663938158610647,0.544999999979832,0.0467465418089148,2.27623822164466,10.8475800441038,0.37098675091312,0.0048142
4.15,-2.89547297220134,0.376513797237647,1.32999999998832,4.37123989497547,1.4424861279019,-0.00185604060766984,0.200000000042581,-2.91494161337557,0.382104278267051,1.32999999999998,4.36725945169603,0.226151453679712,0.67039164513127,0.544999999985448,0.0472943893414613,1.98796064193285,10.8886197599532,0.370972823243918,0.0044864
4.2,-2.9179162150486,0.308330890207756,1.33999999999013,4.42016173167067,1.42912319444945,-0.00167052080725929,0.200000000029484,-2.93775210291108,0.31343011900129,1.33999999999998,4.41637817780271,0.2406977768285,0.676185592692687,0.544999999989757,0.0477046029402942,1.69726157669038,10.9228658773034,0.370927221444871,0.0045301
4.25,-2.93679442409729,0.239722915126278,1.34999999999137,4.4699267975528,1.41753454846092,-0.00147060571542447,0.200000000020265,-2.95696324424611,0.24431799295943,1.34999999999997,4.46636377976825,0.256702279159392,0.681234262819418,0.54499999999301,0.0479658502600498,1.40449623495116,10.9502717616274,0.370855706344541,0.0052508
4.3,-2.95208521181851,0.17077272157308,1.35999999999223,4.52043024206085,1.40782148129824,-0.00125801152807047,0.200000000013974,-2.97255151234108,0.174852553822271,1.35999999999997,4.51710904430983,0.274047507307361,0.68545915432125,0.544999999995373,0.0480700107507271,1.11002227443671,10.970799045968,0.370762723283272,0.0044936
4.35,-2.96377037877721,0.101563446669796,1.36999999999282,4.57155279321762,1.40007107843263,-0.00103461161595388,0.20000000000981,-2.98449781923852,0.105118888198838,1.36999999999997,4.56849167997546,0.292593409820802,0.688791888937198,0.544999999997072,0.0480127471670896,0.814199382103964,10.9844176632752,0.370652035843407,0.0042478
4.4,-2.97183590147673,0.0321784505025867,1.37999999999324,4.6231624375798,1.39435430768372,-0.000802374814770395,0.200000000007175,-2.9927875371997,0.0352024113679363,1.37999999999997,4.62037607605671,0.312179607913587,0.691176901513027,0.544999999998044,0.0477938761411086,0.517388855958965,10.9911058718619,0.370527505865811,0.0043839
4.45,-2.9762719233574,-0.0372987412436067,1.38999999999356,4.6751167048906,1.39072438394583,-0.000563305837166362,0.200000000005415,-2.99741051639111,-0.0348112373765796,1.38999999999997,4.67261569925638,0.332628619666847,0.692573733950978,0.544999999998616,0.0474174871669747,0.219953187949289,10.990850274778,0.370393910831796,0.0049362
4.5,-2.97707275118446,-0.106784489621304,1.3999999999938,4.7272654824904,1.38921549918634,-0.000319393464459355,0.200000000004169,-2.99836109711528,-0.104836299646946,1.39999999999997,4.72505604724857,0.353749899715694,0.692958749756553,0.544999999998769,0.0468917856142049,-0.0777443524961077,10.9836458337201,0.370257673370161,0.004738
4.55,-2.97423685844601,-0.176195092489083,1.40999999999398,4.77945423622797,1.38984199009184,-7.25711735018677e-05,0.200000000003061,-2.99563811658592,-0.174787003019979,1.40999999999997,4.77753802729354,0.375344477881175,0.692326126712779,0.544999999998913,0.0462286675519316,-0.375340134905612,10.9694958778463,0.370127382282075,0.0048359
4.6,-2.96776689656508,-0.245446835420578,1.41999999999411,4.83152747511455,1.39259799190866,0.000175306916864326,0.200000000002083,-2.9892449102512,-0.244577666104874,1.41999999999997,4.82990158674033,0.397209921621906,0.690688046136279,0.54499999999901,0.0454430665663364,-0.672470584930973,10.9484121075688,0.370014011685293,0.0047072
4.65,-2.95766971378673,-0.314456046616868,1.42999999999419,4.88333227225482,1.39745759804169,0.000422474251520417,0.200000000001192,-2.97918930767153,-0.314122803493442,1.42999999999997,4.88198939683533,0.419145318601988,0.688074068244321,0.544999999999031,0.0445521392454322,-0.968772603023263,10.9204145930826,0.369930790841749,0.0048081
4.7,-2.94395638063577,-0.383139158728919,1.43999999999423,4.93472164859916,1.40437551402313,0.000667246085905409,0.20000000000032,-2.96548362295947,-0.383337230466868,1.43999999999997,4.93365038579392,0.440955980807797,0.684529755893406,0.544999999998968,0.0435743717215445,-1.26388398533901,10.8855317670798,0.3698927328994,0.004276
4.75,-2.92664221996113,-0.451412779951948,1.44999999999422,4.98555763977741,1.41328816497156,0.000908003774551007,0.199999999999391,-2.94814463979048,-0.452136167333833,1.44999999999997,4.98474293246701,0.462457609442878,0.680114671271034,0.544999999998872,0.042528692190589,-1.55744384744119,10.8438004108358,0.369915884345728,0.004358
4.8,-2.90574683889133,-0.519193775983567,1.45999999999416,5.03571389750888,1.42411519082859,0.00114317444298787,0.199999999998376,-2.92719359099484,-0.52043534327521,1.45999999999997,5.03513756567123,0.483479722988084,0.674899914500444,0.544999999998796,0.0414336643219072,-1.84909305112476,10.7952656326527,0.37001639718356,0.0042629
4.85,-2.88129415959469,-0.586399363536131,1.46999999999405,5.08507772097983,1.43676124583488,0.00137121173887272,0.199999999997292,-2.90265613274364,-0.588151099570649,1.46999999999996,5.08471906108869,0.503868228680204,0.668965394862215,0.544999999998758,0.0403068171714051,-2.13847463440509,10.7399808375319,0.370209545214788,0.0045414
4.9,-2.85331244560516,-0.652947215168269,1.47999999999389,5.13355146369148,1.45111800910781,0.00159058270979392,0.199999999996174,-2.87456231334607,-0.655200492082265,1.47999999999996,5.13338788070303,0.523487098300258,0.662397024296848,0.544999999998817,0.0391641433329212,-2.4252342443877,10.6780076869237,0.3705088024753,0.0049898
4.95,-2.82183432063367,-0.718755574354585,1.48999999999367,5.18105331091041,1.46706631181337,0.0017997644052489,0.19999999999511,-2.84294653668087,-0.721501392870525,1.48999999999996,5.18106095195383,0.542219181957258,0.655284002531377,0.544999999998956,0.0380197734134725,-2.7090205724193,10.6094160474699,0.370925079434694,0.0048117
5,-2.78689677719304,-0.783743379028746,1.49999999999341,5.22751746627171,1.48447829225705,0.00199725189350819,0.19999999999417,-2.80784752029241,-0.786972590817461,1.49999999999996,5.22767182918138,0.559966250869439,0.647716329459014,0.544999999999137,0.0368858152831782,-2.98948579063104,10.5342839277987,0.371466178400372,0.0051528
5.05,-2.7485411729522,-0.847830391366017,1.50999999999309,5.27289381937383,1.50321950152213,0.00218157740887722,0.199999999993394,-2.76930824819009,-0.851533891132684,1.50999999999996,5.27317031446892,0.576648398190349,0.639782640106346,0.544999999999348,0.0357723330237258,-3.2662859887455,10.452697402633,0.372136492190561,0.0051091
5.1,-2.70681321342093,-0.910937331334905,1.51999999999275,5.31714718756443,1.5231508970179,0.00235133865155613,0.199999999992807,-2.72737591839949,-0.915106213618396,1.51999999999996,5.31752163688263,0.592202945811023,0.631568417018214,0.54499999999496,0.0346874335237291,-3.53908160984451,10.3647505237113,0.372936936920324,0.0049842
5.15,-2.66176292026837,-0.972986011531197,1.52999999999228,5.36025623470227,1.5441306775051,0.00250523311171894,0.199999999988271,-2.68210188532269,-0.977611689570817,1.52999999999996,5.36070529862787,0.606583004780788,0.623154596707584,0.544999999994712,0.0336374274662106,-3.80753788369021,10.270545217268,0.373865085348972,0.0043663
5.2,-2.61344458523475,-1.03389947097432,1.53999999999157,5.40221216912271,1.56601592892869,0.00264209456998879,0.199999999983512,-2.63354159697504,-1.03897375719705,1.53999999999996,5.40271369556108,0.619755830605487,0.614616561841977,0.544999999996326,0.0326270341618559,-4.0713252561556,10.1701911680642,0.374915453469811,0.0042034
5.25,-2.56191671014688,-1.09360210584823,1.54999999999066,5.44301731478092,1.58866406514269,0.00276092826374098,0.199999999980205,-2.58175452717425,-1.09911725542842,1.54999999999996,5.4435506104542,0.631701088845674,0.606023483729447,0.544999999995356,0.0316596052484642,-4.33011981334523,10.0638056901761,0.376079889078338,0.0041986
5.3,-2.50724193397259,-1.15201979555247,1.55999999998957,5.48268363633137,1.61193405946827,0.00286094137502862,0.199999999976026,-2.5268041027663,-1.15796851601368,1.55999999999996,5.48322966326916,0.642409126259778,0.597437970298701,0.544999999997525,0.0307373482878341,-4.5836036990602,9.95151358493116,0.37734801447074,0.004195
5.35,-2.44948694814709,-1.20908002284274,1.56999999998831,5.52123128324487,1.63568747261197,0.0029415663493154,0.199999999973798,-2.46875762597996,-1.21545545377803,1.56999999999996,5.52177278610024,0.651879320705585,0.588915969559159,0.545000000001171,0.029861537310995,-4.83146552437103,9.83344698652671,0.378707683576574,0.0041158
5.4,-2.38872240156564,-1.26471198724702,1.57999999998703,5.558687201983,1.6597892896629,0.00300247566223288,0.199999999974852,-2.40768619200886,-1.27150765493653,1.57999999999995,5.55920877350691,0.660118555608258,0.580506874191852,0.545000000002355,0.0290327027342693,-5.07340076819443,9.70974519596485,0.380145423931134,0.004088
5.45,-2.32502279668698,-1.31884671131229,1.58999999998583,5.59508385023332,1.6841085832001,0.00304358736422369,0.199999999976971,-2.3436646019264,-1.32605646335351,1.58999999999995,5.59557194319913,0.667139848768003,0.572253778432717,0.545000000000244,0.0282507969556298,-5.3091121679129,9.58055450400211,0.38164684383251,0.0040725
5.5,-2.25846637816061,-1.37141713954862,1.59999999998468,5.63045803414981,1.70851902215446,0.00306506158828916,0.199999999977191,-2.27677127104423,-1.3790350646423,1.59999999999995,5.63090092836744,0.672961149093076,0.564193843296486,0.545000000002613,0.0275153349102253,-5.53831009921929,9.44602800383942,0.383196993696781,0.0046286
5.55,-2.1891350152922,-1.42235823018619,1.6099999999836,5.66484987884699,1.73289924700729,0.0030672888468467,0.199999999979543,-2.20708813283095,-1.43037856800271,1.60999999999995,5.66523761178924,0.677604304986275,0.556358733884849,0.545000000006217,0.0268255106875199,-5.76071294450561,9.30632539427883,0.38478067740877,0.0046423
5.6,-2.11711407951569,-1.47160704004466,1.61999999998272,5.69830193412161,1.7571331318318,0.00305087152134583,0.199999999985138,-2.13470053851223,-1.48002408569641,1.61999999999995,5.69862620324208,0.68109419475971,0.548775096209552,0.545000000004443,0.026180292638193,-5.97604744923958,9.161612774052,0.386382714162617,0.0047876
5.65,-2.04249231787652,-1.5191028029373,1.62999999998207,5.73085841137225,1.78110995226762,0.00301659998775443,0.199999999989137,-2.05969715247857,-1.52791081006391,1.62999999999995,5.73111245552162,0.683458008065395,0.541465049676975,0.545000000005319,0.0255784996689818,-6.18404906588122,9.01206242798885,0.387988154157231,0.0045416
5.7,-1.9653617233668,-1.56478700210358,1.63999999998165,5.76256454364209,1.80472447697606,0.0029654249173958,0.199999999993924,-1.98216984363154,-1.57398008798931,1.63999999999995,5.76274301017136,0.684724665449135,0.534446678971262,0.545000000007979,0.0250188614955173,-6.38446228498408,8.85785260564873,0.389582453138785,0.0043334
5.75,-1.88581740278523,-1.60860343719218,1.64999999998153,5.79346605823138,1.82787699841899,0.00289842747672638,0.200000000001105,-1.90221357280376,-1.61817549272252,1.64999999999995,5.79356486150421,0.684924356919746,0.527734509888497,0.54500000001,0.0245000657896163,-6.57704095320119,8.69916729298518,0.39115161125023,0.004847
5.8,-1.8039574426417,-1.65049828631045,1.65999999998181,5.82360875009743,1.85047331651241,0.00281678877253682,0.200000000010105,-1.8199262763921,-1.66044289297186,1.65999999999995,5.82362492625749,0.684088184367341,0.521339960894406,0.545000000010483,0.0240207945674067,-6.7615485779755,8.53619597756329,0.392682281527396,0.0042745
5.85,-1.71988277349594,-1.69042016362763,1.66999999998255,5.85303814394828,1.87242468684616,0.00272175976341206,0.200000000019539,-1.73540874634806,-1.70073051918299,1.66999999999995,5.8529697059324,0.682247891951976,0.515271764753994,0.54500000000838,0.023579751970404,-6.93775861873974,8.36913340779834,0.394161852921472,0.0043405
5.9,-1.63369703300568,-1.7283201729733,1.67999999998371,5.88179923324488,1.89364774327145,0.00261463264498523,0.200000000027081,-1.64876450667301,-1.73898902692378,1.67999999999995,5.88164502923841,0.679435670035147,0.509536357014853,0.544999999999248,0.0231756852424855,-7.10545476448368,8.19817934663781,0.395578512096763,0.0042311
5.95,-1.54550642786631,-1.76415195781642,1.68999999998505,5.9099362850506,1.91406440295476,0.00249671447505372,0.200000000026404,-1.56009968657038,-1.77517155729792,1.68999999999995,5.90969586285995,0.675684018981713,0.504138229298595,0.544999999996119,0.0228074004312125,-7.26443119756964,8.0235383200676,0.396921287537008,0.0042538
6,-1.45541959475279,-1.79787174795123,1.69999999998628,5.93749270063881,1.9336017604081,0.00236930348234576,0.200000000022912,-1.46952289041039,-1.80923379431389,1.69999999999994,5.93716617980859,0.671025663066788,0.499080249746173,0.544999999995677,0.022473773847014,-7.41449284369137,7.84541936078733,0.398180079088001,0.0045418
6.05,-1.36354746031735,-1.82943840315353,1.70999999998733,5.96451092283728,1.95219197584524,0.00223366854610642,0.200000000019021,-1.37714506466677,-1.84113401913942,1.70999999999994,5.96409887578667,0.665493502787397,0.49436394911555,0.54499999999668,0.02217376048064,-7.55545560787968,7.66403574737064,0.399345675322221,0.0047466
6.1,-1.27000310025724,-1.85881345401132,1.71999999998821,5.99103238219615,1.96977216189375,0.00209103187534966,0.200000000016033,-1.28307936198858,-1.87083316117515,1.71999999999994,5.99053572517491,0.65912059826304,0.489989775793676,0.54499999999759,0.0219063999513181,-7.68714659646129,7.47960473920256,0.400409760865602,0.0046858
6.15,-1.17490159744425,-1.88596114007978,1.72999999998895,6.01709747514256,1.98628427183955,0.00194255491884202,0.200000000013864,-1.18744100257343,-1.89829484588546,1.72999999999994,6.01651736940542,0.651940176755906,0.485957321425647,0.544999999998891,0.021670820657214,-7.80940432487775,7.29234730746861,0.401364915405419,0.0046252
6.2,-1.07835989909325,-1.91084844546077,1.73999999998962,6.04274556827709,2.00167499178939,0.00178932739144608,0.200000000012866,-1.09034713301181,-1.92348543932787,1.73999999999994,6.04208333155334,0.643985658641509,0.482265519650443,0.544999999999681,0.021466242569552,-7.92207891126943,7.10248786245791,0.402204605916058,0.0044681
6.25,-0.980496672943375,-1.93344513186316,1.74999999999026,6.06801502387517,2.01589563849686,0.00163235923625471,0.200000000012579,-0.991916682775216,-1.94637408932673,1.74999999999994,6.06727205195425,0.635290697214894,0.478912820102673,0.545000000000154,0.0212919790454956,-8.0250322557272,6.91025397743456,0.402923173356524,0.0043173
6.3,-0.881432162427741,-1.95372376916349,1.75999999999089,6.09294324246344,2.0289020640822,0.00147257526435726,0.200000000012717,-0.8922702185236,-1.9669327632408,1.75999999999994,6.09212094052128,0.625889228688023,0.475897340121416,0.545000000000358,0.0211474379205566,-8.11813820511188,6.71587610932805,0.403515815003216,0.0040335
6.35,-0.781288040817343,-1.97165976345533,1.76999999999153,6.11756671904709,2.04065456847255,0.0013108121943353,0.20000000001304,-0.79152979641038,-1.98513628227863,1.76999999999994,6.11666644219411,0.615815529507181,0.473216996288947,0.544999999999999,0.0210321220969835,-8.2012827033394,6.5195873164929,0.40397856338202,0.0038906
6.4,-0.680187264337046,-1.98723138255139,1.77999999999219,6.14192111017242,2.05111782007599,0.00114781779308112,0.200000000013039,-0.689818812565621,-2.00096235231969,1.77999999999994,6.14094411260659,0.605104278868064,0.470869617804681,0.544999999999654,0.0209456297825842,-8.27436392702895,6.32162297379043,0.404308262641526,0.0039005
6.45,-0.578253924267441,-2.00041977888325,1.78999999999283,6.16604130952751,2.06026078497366,0.000984251816886677,0.200000000012727,-0.587261851940309,-2.01439159120342,1.78999999999994,6.16498870161737,0.593790624656852,0.468853043602136,0.544999999999401,0.0208876544893253,-8.33729240641174,6.12222048524987,0.404502543087261,0.0038875
6.5,-0.475613098063584,-2.01120900972988,1.79999999999345,6.18996153022046,2.06805666472797,0.000820688471353499,0.200000000012188,-0.483984535696591,-2.02540755245303,1.79999999999994,6.18883424281812,0.581910251804425,0.467165204771986,0.544999999999118,0.020857984875146,-8.38999113140062,5.92161899457242,0.404559794442794,0.0042496
6.55,-0.372390699539548,-2.01958605469724,1.80999999999404,6.21371539223765,2.07448284280049,0.000657620120694324,0.200000000011394,-0.380113367330675,-2.03399674540476,1.80999999999993,6.21251414752478,0.569499452192607,0.46580419374975,0.544999999999292,0.020856504473666,-8.4323956427242,5.72005909374932,0.404479138269045,0.0045507
6.6,-0.268713328185491,-2.02554083036629,1.8199999999946,6.23733601388296,2.0795208394873,0.000495462004907667,0.200000000010757,-0.275775577716646,-2.04014865171797,1.81999999999993,6.2360613020795,0.556594550215557,0.464768590930715,0.544999982906888,0.0208831838261557,-8.46445410803558,5.51778253007277,0.404260435905447,0.0043978
6.65,-0.164708119273224,-2.02906620126308,1.82999999961054,6.26085610527965,2.08315621184281,0.000334588492677962,0.199999984626956,-0.171098969260776,-2.04385573824588,1.82999999999993,6.25950816755085,0.543234818013769,0.464056315467899,0.544999998992216,0.0209381169499182,-8.4861273829652,5.31503191185268,0.403904085827677,0.0041628
6.7,-0.0605025894587248,-2.03015798974477,1.83999999881921,6.28430806721605,2.08537874341931,0.000175236837257274,0.19999998371995,-0.0662117593570295,-2.04511346625121,1.83999999999993,6.28288688112659,0.529457832282191,0.463666655255585,0.545000004428081,0.0210214485344793,-8.49738905707389,5.11205041314643,0.403411294084267,0.0040854
6.75,0.043775517346672,-2.02881498227989,1.84999999810484,6.30772408913413,2.08618217100176,1.7626358447816e-05,0.199999987705223,0.0387575766647101,-2.04392029695523,1.84999999999993,6.30622935865146,0.515303023068959,0.463598822717316,0.545000004902516,0.0211334428985186,-8.49822548418606,4.90908147758415,0.402783827427705,0.0039214
6.8,0.147998380740922,-2.02503893074634,1.85999999760041,6.33113624670258,2.08556426969482,-0.000138072291046393,0.199999992117487,0.143680462905479,-2.04027769341359,1.85999999999993,6.32956739787831,0.500810823451694,0.4638523485578,0.545000004504722,0.0212744511199256,-8.48863579761942,4.70636852188644,0.402024033728936,0.0037577
6.85,0.252038257337475,-2.01883455178274,1.86999999730764,6.35457660297621,2.08352685154981,-0.000291734907477985,0.199999996171737,0.248428380386582,-2.03419011871656,1.86999999999993,6.35293278207736,0.486022684579596,0.464427139713306,0.545000003346184,0.0214449135167234,-8.46863191016203,4.50415463932991,0.401134818339395,0.0036859
6.9,0.3557676344403,-2.01020952288002,1.87999999719152,6.37807730879828,2.08007576582486,-0.000443274049001158,0.199999999183303,0.352873024468716,-2.0256650305159,1.87999999999993,6.37635738368829,0.470981188791542,0.465323448730954,0.545000002053988,0.0216453596908453,-8.43823849868658,4.30268230343818,0.400119603569009,0.0036142
6.95,0.459059383669488,-1.99917447512242,1.8899999971969,6.40167070291081,2.0752209105587,-0.000592632156388742,0.200000001031892,0.456886462008213,-2.01471287188494,1.88999999999993,6.39987326770497,0.455730126122868,0.466541865525803,0.545000001466657,0.0218764056443223,-8.39749297339966,4.10219307223211,0.398982290821039,0.0036441
7,0.56178691446331,-1.98574298261708,1.89999999728149,6.4253894114737,2.0689762515189,-0.000739774555264597,0.200000002351883,0.560341288058089,-2.00134705852336,1.89999999999993,6.42351279445222,0.440314556051774,0.468083317874637,0.54500000091076,0.022138750161914,-8.34644543173332,3.90292729337131,0.397727223151483,0.0035611
7.05,0.66382432723385,-1.96993154853941,1.90999999741958,6.44926644632169,2.06135984690829,-0.000884680156781844,0.200000003171567,0.663110781922127,-1.98558396232204,1.90999999999993,6.44730872134821,0.424780912226579,0.469949024214494,0.545000000590271,0.0224331711736268,-8.28515859690149,3.70512381052092,0.396359134380121,0.0035162
7.1,0.765046566015157,-1.9517595877811,1.91999999759144,6.47333530134754,2.05239388194128,-0.00102733389229193,0.20000000370281,0.765069062371028,-1.96744289130845,1.91999999999993,6.4712943031414,0.409177076640546,0.472140463964923,0.545000000366011,0.0227605197972308,-8.21370774116573,3.50901967128441,0.394883096758977,0.0034551
7.15,0.865329570464758,-1.93124940621746,1.92999999778481,6.49763004623612,2.04210471002921,-0.00116771794655778,0.20000000403222,0.866091241830701,-1.94694606599692,1.92999999999992,6.49550338996509,0.393552471588899,0.474659323733995,0.545000000131104,0.0231217130713775,-8.13218059386666,3.31484983704028,0.393304459301213,0.0034991
7.2,0.9645504270341,-1.90842617658293,1.93999999798937,6.52218541650523,2.03052290219719,-0.001305802963774,0.200000004150213,0.966053579354029,-1.9241185921731,1.93999999999992,6.51997052236014,0.377958148402162,0.477507434998605,0.54499999950178,0.0235177243988996,-8.04067723429552,3.12284689502169,0.391628779005555,0.003522
7.25,1.06258751915483,-1.88331791096774,1.94999999818567,6.54703689859299,2.01768330423956,-0.00144153870244277,0.200000003701815,1.06483363218895,-1.89898843014577,1.94999999999992,6.54473102217195,0.362446891350822,0.480686684876344,0.544999999386956,0.0239495718952248,-7.93930996949671,2.93324077297767,0.38986173722959,0.0037965
7.3,1.15932067631917,-1.85595542996622,1.95999999835697,6.57222080847323,2.00362510294894,-0.00157484548695973,0.200000003150076,1.16231040575745,-1.87158636050391,1.95999999999992,6.56982107792377,0.34707329519133,0.484198935292051,0.544999999454563,0.0244183025638801,-7.82820319710613,2.74625845675238,0.388009057040732,0.0051621
7.35,1.25463132189897,-1.82637232848369,1.9699999985022,6.59777436183591,1.98839189864352,-0.00170560376166342,0.200000002659182,1.25836450186196,-1.84194594642103,1.96999999999992,6.59527782289778,0.331893865122975,0.488045902913279,0.544999999581741,0.0249249737007013,-7.70749325334276,2.56212371111642,0.386076406018542,0.004637
7.4,1.34840261954364,-1.79460493820164,1.97999999862575,6.62373573345875,1.97203178612224,-0.00183364391791203,0.200000002282749,1.35287826493801,-1.81010349255304,1.97999999999992,6.62113940370807,0.316967106366752,0.492229025447348,0.544999999680832,0.0254706293050987,-7.57732824628862,2.38105680418472,0.384069295975988,0.0040205
7.45,1.44051961805015,-1.76069228672198,1.98999999873271,6.65014410295648,1.95459744287753,-0.00195873581694054,0.200000001995497,1.44573592617409,-1.77609800058015,1.98999999999992,6.64744503661745,0.302353609982804,0.496749302269734,0.54499999974784,0.0260562713091359,-7.43786787460433,2.2032742357541,0.381992982086924,0.0037218
7.5,1.53086939458794,-1.72467605339299,1.99999999882681,6.67703968346671,1.93614622409378,-0.00208057839707526,0.200000001768553,1.53682374532276,-1.73997112144728,1.99999999999992,6.67423504822334,0.288116128893458,0.501607113386605,0.544999999806002,0.0266828246242913,-7.28928323183891,2.0289884698922,0.379852366555088,0.0035099
7.55,1.61934119616663,-1.68660052180091,2.00999999891087,6.7044637291919,1.91674026338681,-0.00219878918026751,0.200000001593956,1.62603015002942,-1.7017671043618,2.00999999999992,6.70155089640939,0.274319640822345,0.506802007318721,0.544999999902492,0.0273510950413485,-7.13175659650415,1.85840767211039,0.377651917352377,0.0035201
7.6,1.70582657923323,-1.64651252888931,2.01999999898837,6.7324585169786,1.89644657794913,-0.00231289429369055,0.200000001506199,1.71324587250853,-1.66153274261103,2.01999999999992,6.72943516662297,0.261031391403025,0.512332457393698,0.544999999996617,0.028061718930944,-6.96548120809469,1.69173545145559,0.37539561350213,0.0035402
7.65,1.79021954728574,-1.60446141065123,2.02999999906361,6.76106729629139,1.87533717613171,-0.00242231948432042,0.200000001503153,1.79836408340019,-1.61931731626598,2.02999999999992,6.75793153759431,0.248320911446091,0.518195585490115,0.545000000068966,0.0288151039175314,-6.7906610292467,1.52917060786111,0.373086926270774,0.0035764
7.7,1.8724166863809,-1.56049894430773,2.03999999914032,6.79033420106837,1.85348916494669,-0.00252638258011903,0.200000001565223,1.88128052264354,-1.57517253184175,2.03999999999992,6.78708470956705,0.236259997648316,0.524386849377762,0.545000000108817,0.0296113593096688,-6.60751049423933,1.37090688510292,0.370728851534357,0.0037665
7.75,1.95231729839637,-1.51467928685018,2.04999999922103,6.82030411601343,1.83098485396938,-0.00262428814308624,0.200000001663159,1.96189362720688,-1.52915245898836,2.04999999999992,6.81694028697928,0.224922645760548,0.530899692079485,0.545000000110328,0.0304502154912737,-6.41625424405647,1.21713272971878,0.368324004402592,0.0040255
7.8,2.02982353187726,-1.4670589097899,2.05999999930667,6.851022488911,1.80791185109903,-0.00271512511975699,0.200000001762454,2.0401046555184,-1.4813134642897,2.05999999999991,6.8475446063533,0.21438492241797,0.537725152298331,0.545000000073419,0.0313309315670937,-6.21712684824154,1.06803105626124,0.365874784235232,0.0040321
7.85,2.10484051025441,-1.4176965299247,2.06999999939644,6.88253507960885,1.78436314435392,-0.00279786836320218,0.200000001828531,2.11581780844535,-1.43171414225155,2.06999999999991,6.87894449897462,0.204724759241048,0.544851436130824,0.544999999998673,0.0322521909279216,-6.01037251379699,0.923779019273096,0.363383612505414,0.0042368
7.9,2.17727645716296,-1.3666530359028,2.07999999948784,6.9148876354574,1.76043716235269,-0.00287138490783948,0.200000001827337,2.1889403466734,-1.3804152435631,2.07999999999991,6.91118697685067,0.196021650470517,0.552263451088979,0.544999999916127,0.0332119850050733,-5.79624478140447,0.784547792394391,0.360853235718453,0.0039974
7.95,2.24704281851735,-1.31399141034729,2.08999999957732,6.94812548232091,1.73623780439898,-0.00293444590554786,0.200000001751851,2.25938270434242,-1.32747960071954,2.08999999999991,6.94431882955762,0.188356232162423,0.559942308320214,0.544999999836192,0.0342074862653666,-5.57500620927211,0.650502355032862,0.35828707772351,0.0037807
8,2.31405438090765,-1.25977664730269,2.09999999966122,6.98229301991827,1.7118744290578,-0.0029857447899044,0.200000001604424,2.32705859879912,-1.27297205109647,2.09999999999991,6.97838611907318,0.181809719455619,0.567864799308209,0.544999999735103,0.0352349128363851,-5.34692804495422,0.521801287053897,0.355689614529111,0.0041394
8.05,2.37822938577722,-1.20407566478663,2.10999999973548,7.01743311040164,1.68746178796976,-0.00302392208054766,0.200000001366016,2.39188513633139,-1.2169593575698,2.10999999999991,7.01343355977319,0.176463178331329,0.576002851087711,0.544999999707177,0.0362893887689711,-5.11228988553728,0.398596571968852,0.353066723238406,0.003801
8.1,2.43948963874457,-1.14695721229743,2.1199999997972,7.05358634999202,1.66311988952066,-0.00304759765840574,0.200000001102476,2.45378291375374,-1.1595101267777,2.11999999999992,7.04950377171059,0.172396594961922,0.58432300838936,0.544999999498568,0.0373648055388732,-4.87137932664532,0.281033409119534,0.350426022433539,0.0032397
8.15,2.49776061327464,-1.08849177320263,2.12999999984104,7.09079021538797,1.63897377362893,-0.00305540745517055,0.200000000651187,2.512676115718,-1.10069472512371,2.12999999999992,7.08663639742609,0.169687757439483,0.592785874381802,0.544999999543429,0.0384536954018863,-4.62449160078803,0.169250035367414,0.347776915716695,0.0031524
8.2,2.55297154791243,-1.0287514621192,2.13999999986332,7.12907808015782,1.61515318063307,-0.00304605078961185,0.200000000240273,2.56849260762763,-1.04058519262307,2.13999999999992,7.12486707622659,0.16841087887829,0.601345654012354,0.545000000228271,0.0395471237516495,-4.37192920565811,0.0633775567965974,0.345130737258104,0.0035544
8.25,2.60505553626142,-0.967809917588349,2.14999999988047,7.16847810120942,1.59179209050062,-0.00301834168816493,0.200000000445717,2.62116402403938,-0.979255154696249,2.14999999999992,7.1642262754937,0.168634903413188,0.609949938553028,0.544999999976887,0.0406346190172171,-4.1140015230598,-0.036460209083149,0.342500847571194,0.0035284
8.3,2.65394960831664,-0.905742190403259,2.15999999990224,7.20901198244735,1.56902810371326,-0.00297124618180438,0.200000000424916,2.67062585244029,-0.916779732016674,2.15999999999992,7.20473798649795,0.170421742553836,0.618539233432992,0.544999999770585,0.0417041608535441,-3.85102442925683,-0.130146880180328,0.339901907817806,0.0036551
8.35,2.69959480244804,-0.842624628464137,2.16999999991832,7.25069363302524,1.5470016597919,-0.00290394537196458,0.200000000218443,2.71681751229334,-0.853235448521458,2.16999999999992,7.24641830263242,0.173824103740463,0.62704706249691,0.544999999571793,0.0427422334486599,-3.58331989765778,-0.217573645313517,0.337349680888381,0.0040526
8.4,2.74193622744831,-0.778534759295451,2.17999999991961,7.29352774893615,1.52585505606543,-0.00281588075080717,0.199999999833056,2.75968242925042,-0.788700137696534,2.17999999999993,7.2892739109739,0.178883206344672,0.635400139169399,0.544999999512279,0.0437339777234437,-3.31121559478669,-0.298639388063966,0.334860367942888,0.0041507
8.45,2.78092311369461,-0.713551171468328,2.18999999990029,7.33750836063294,1.50573125989675,-0.00270679750004551,0.199999999394107,2.79916810443652,-0.723252847249754,2.18999999999993,7.333300543326,0.185626345431887,0.643518899023575,0.544999999595809,0.0446634520978989,-3.0350444705904,-0.373250798812219,0.332449922750371,0.0041047
8.5,2.81650885310762,-0.647753396537407,2.1999999998609,7.38261740544562,1.48677250374164,-0.00257677757767236,0.199999999030335,2.83522617871543,-0.656973742287794,2.19999999999993,7.37848144963269,0.194064413803554,0.651318391172637,0.544999999445603,0.0455140164827559,-2.75514434418725,-0.441322474928606,0.330133341352304,0.0043125
8.55,2.84865102782843,-0.581221793262252,2.20999999979995,7.42882339909425,1.4691186639857,-0.00242626021681455,0.199999998531378,2.86781249185379,-0.589944007115051,2.20999999999993,7.42478597353421,0.204189526260399,0.658709579687347,0.544999999115087,0.0462688428865225,-2.47185748618503,-0.502777009255938,0.32792399697271,0.0043681
8.6,2.87731142800521,-0.514037435952763,2.2199999997066,7.47608029485055,1.45290543910265,-0.00225604713138021,0.199999997734956,2.89688713650766,-0.52224574577493,2.21999999999993,7.47216832491245,0.215972887242853,0.665601059530771,0.544999999116158,0.0469115425854379,-2.18553019868101,-0.55754506720518,0.325833104423966,0.0036337
8.65,2.90245605963194,-0.446282008692184,2.22999999957347,7.52432662911584,1.43826235670593,-0.00206729220419381,0.199999996939498,2.9224145069641,-0.453961881456236,2.22999999999993,7.52056665502552,0.229363019412789,0.671901193103714,0.544999998251753,0.0474268849277317,-1.89651239399098,-0.605565452965165,0.32386939307155,0.0034936
8.7,2.92405514388529,-0.378037707085613,2.23999999938111,7.57348505576787,1.42531065046827,-0.00186147461608198,0.199999995366076,2.94436334257896,-0.385176054889456,2.23999999999994,7.56990254341969,0.244284672891484,0.67752052392218,0.544999998255414,0.0478015660295109,-1.60515717303318,-0.646785165497199,0.322039008391224,0.0035307
8.75,2.94208311016183,-0.309387148751104,2.24999999911016,7.62346236614977,1.41416107875345,-0.00164036573454656,0.199999993795948,2.96270676586199,-0.315972521859655,2.24999999999994,7.62008099947462,0.260638381488438,0.682374707879077,0.544999997210573,0.0480249663635329,-1.31182040411634,-0.681159445134433,0.320345696219171,0.0034353
8.8,2.95651858502152,-0.240413293124207,2.25999999873719,7.67415007459603,1.40491175252985,-0.00140596631029427,0.199999991285464,2.97742231517011,-0.246436049964254,2.25999999999994,7.67099106310066,0.278301063186351,0.686387274098733,0.544999997574228,0.0480898317814956,-1.01686030264269,-0.708651811692972,0.318791251497959,0.0047664
8.85,2.96734437965806,-0.171199370432595,2.26999999824689,7.72542562061974,1.39764607783044,-0.00116044983206588,0.199999989102269,2.98849197197978,-0.176651814745134,2.26999999999994,7.7225070580128,0.297127776894594,0.68949144172951,0.545000014525499,0.0479927963574516,-0.720637012019928,-0.729234095026897,0.317376187204925,0.0047226
8.9,2.97454748176133,-0.10182881853682,2.27999999802882,7.77715419834116,1.39243092329411,-0.000906210374207934,0.200000002175218,2.99590218271891,-0.106705295325064,2.27999999999994,7.77449050833207,0.316952935563271,0.69163757548643,0.54500000442389,0.047734722384637,-0.423512185674597,-0.742886458890713,0.316100499363079,0.0044458
8.95,2.9781190440517,-0.0323852272952461,2.28999999823712,7.82919117940488,1.38931496585423,-0.000645408369098338,0.200000006156719,2.99964387514709,-0.0366821696785444,2.28999999999994,7.82679267842122,0.337595813474593,0.692787774909032,0.54500000047883,0.0473207033533151,-0.125848569850413,-0.749597418848762,0.314964695242278,0.0040936
9,2.97805437921677,0.0370477124390126,2.29999999855573,7.88138503849001,1.38832762831781,-0.000380318673002862,0.200000006587665,2.99971246927991,0.0333317903333027,2.29999999999995,7.87925764234911,0.358863317080453,0.692922603653954,0.544999999115723,0.046759887373946,0.171990412411672,-0.749363854918706,0.313970384763431,0.0039159
9.05,2.97435296890318,0.106386259287296,2.30999999886522,7.9335806480104,1.38947831870385,-0.000113145345828369,0.200000005791816,2.99610788285831,0.103250824035032,2.30999999999995,7.93172574007632,0.380555106214067,0.692040577200766,0.544999998793926,0.0460649727022882,0.469641077714565,-0.742191019139461,0.313120860461058,0.0046791
9.1,2.96701847699128,0.175546673025627,2.31999999912767,7.98562277505534,1.39275620630115,0.000154006283632265,0.200000004706349,2.98883453136747,0.172989286988619,2.31999999999995,7.98403723943928,0.402468591066517,0.690158154045154,0.544999998859831,0.0452515110851991,0.766739899798331,-0.728092538065547,0.31242133856114,0.0047334
9.15,2.95605877035197,0.244445271032328,2.32999999933734,8.03735958739591,1.39813050487255,0.00041914187045518,0.200000003680197,2.97790132261165,0.24246175589801,2.32999999999995,8.03603600212877,0.424403876095734,0.687308921414345,0.544999999043601,0.044337066683051,1.06292392874208,-0.70709040988078,0.311878861997819,0.0047334
9.2,2.9414859457491,0.312998492296642,2.33999999949983,8.08864597703313,1.40555124416189,0.000680376076233335,0.200000002819438,2.96332164585284,0.311583133240717,2.33999999999995,8.08757295145082,0.446168357962567,0.683542053579764,0.544999999239895,0.0433403164254914,1.35783121256361,-0.67921499551094,0.311501881450493,0.0043231
9.25,2.9233163607093,0.381122971175711,2.3499999996237,8.13934652764766,1.41495048205604,0.000935920326497831,0.200000002135344,2.94511335552206,0.380268751501332,2.34999999999995,8.13850915978964,0.467580729844388,0.67892018005193,0.544999999412345,0.0422801756500807,1.65110122172878,-0.644505002863871,0.311299580731218,0.004146
9.3,2.90157066554757,0.448735622274757,2.35999999971724,8.18933798706202,1.42624388636093,0.00118406559819048,0.200000001606454,2.92329874951415,0.448434476882093,2.35999999999996,8.18871841113953,0.488474212301408,0.67351684006824,0.54499999955245,0.0411750200107416,1.94237527683119,-0.603007463145931,0.311281048462705,0.0038921
9.35,2.87627383337901,0.515753736907151,2.36999999978749,8.23851115183384,1.43933259921483,0.00142316579034545,0.200000001203659,2.89790454207963,0.515996812365682,2.36999999999996,8.23808914306361,0.50869891050136,0.667413715960801,0.544999999662009,0.040042053763157,2.23129697940097,-0.554777698111711,0.311454412495544,0.0041735
9.4,2.84745518488827,0.582095090675677,2.37999999984007,8.28677212168865,1.45410528960053,0.00165162650859429,0.200000000899467,2.86896183133213,0.582873000005288,2.37999999999996,8.28652572591767,0.528123277274789,0.660697831866646,0.544999999745834,0.0388968502943902,2.51751264547927,-0.499879277104456,0.311826046292159,0.004135
9.45,2.81514840485551,0.647678060903231,2.38999999987933,8.33404293010337,1.47044029995599,0.00186790261775588,0.200000000670718,2.83650606139598,0.648981122316887,2.38999999999996,8.33394908823577,0.54663473110645,0.653458880083228,0.544999999809317,0.0377530677971095,2.80067174128112,-0.438383962832368,0.312399932063479,0.0046979
9.5,2.77939154789777,0.712421752006764,2.39999999990857,8.38026159861791,1.48820780027709,0.00207050603986528,0.200000000499103,2.80057697922623,0.714240202648798,2.39999999999996,8.38029674024047,0.564139531088247,0.645786801503909,0.544999999857281,0.0366223246820434,3.0804273199907,-0.370371644986631,0.313177231424875,0.0043524
9.55,2.74022703150594,0.77624612649625,2.40999999993032,8.42538169296158,1.50727187550417,0.0022580233897598,0.200000000370656,2.76121858614231,0.778570304404014,2.40999999999996,8.42552227901815,0.580562044159285,0.637769705585966,0.54499999989335,0.0355142073978003,3.35643645850897,-0.295930261020179,0.31415607896649,0.0045215
9.6,2.69770161515522,0.839072139101082,2.41999999994645,8.46937147753393,1.52749248732034,0.00242914146608309,0.200000000274671,2.71847908412588,0.841892628991692,2.41999999999997,8.46959447772884,0.595843554086861,0.629492175141921,0.544999999920419,0.0344363778514044,3.62836069281588,-0.215155703648964,0.315331584065032,0.0044959
9.65,2.65186636496473,0.900821871559918,2.42999999995839,8.51221277174036,1.54872726780574,0.00258267755677292,0.200000000203048,2.67241081694277,0.904129612385495,2.42999999999997,8.51249606798636,0.609940759810384,0.62103396629219,0.544999999940704,0.0333947474950504,3.89586645052303,-0.128151714887229,0.316696005386906,0.0044581
9.7,2.60277660401471,0.961418665816428,2.43999999996721,8.5538996090318,1.57083311810553,0.00271761106028844,0.200000000149681,2.62307020615857,0.965205020168248,2.43999999999997,8.55422232129483,0.622824097104979,0.612469086426164,0.54499999995591,0.0323936887725362,4.15862547917176,-0.0350297666656313,0.318239051878255,0.0042991
9.75,2.55049184895492,1.02078725369122,2.4499999999737,8.59443678981158,1.5936675992407,0.00283311301388609,0.20000000011,2.57051768212586,1.02504404094446,2.44999999999997,8.59477952490076,0.63447599667405,0.603865213881696,0.54499999996731,0.0314362602597178,4.41631526887056,0.0640910717087757,0.319948262380006,0.0041299
9.8,2.49507573393216,1.0788538814966,2.45999999997847,8.63383840535358,1.61709011376346,0.00292857063593894,0.20000000008058,2.51481761002958,1.08357337800472,2.45999999999997,8.63418343246566,0.644889167981145,0.595283411860624,0.544999999973553,0.0305244280812162,4.6686194679494,0.169084278818151,0.321809420872433,0.0039889
9.85,2.4365959231235,1.13554642847828,2.4699999999819,8.67212639394675,1.64096288590187,0.00300360478224484,0.200000000056778,2.45603821108405,1.14072133912849,2.46999999999997,8.67245775311203,0.654064973018854,0.586778083646055,0.54499999998027,0.0296592720928634,4.91522829042554,0.279816038560056,0.323806972967648,0.0038805
9.9,2.37512401329823,1.19079451836775,2.4799999999843,8.70932917455431,1.66515175408283,0.00305807903345014,0.200000000039021,2.39425147898232,1.19641792441475,2.47999999999998,8.70963272562853,0.662011935641435,0.578397118493314,0.544999999986811,0.0288411701367875,5.15583891421206,0.396145409077887,0.325924419034099,0.0038452
9.95,2.31073542785828,1.24452962368679,2.48999999998595,8.74548038866157,1.68952679397596,0.00309210013955852,0.200000000027151,2.32953309170447,1.2505949120327,2.48999999999998,8.74574380929874,0.668744409241659,0.57018217846305,0.544999999992341,0.0280699576346353,5.39015586914443,0.517924502485892,0.328144668829331,0.0037934
10,2.24350930375124,1.29668516274286,2.49999999998714,8.78061776846784,1.71396279208281,0.0031060101323237,0.200000000020258,2.26196231879718,1.30318594178749,2.49999999999998,8.78083050972895,0.674281414420862,0.562169084486022,0.544999999993661,0.0273450622605389,5.61789141404351,0.644998674658687,0.330450350164678,0.0037506
10.05,2.17352837253894,1.34719658948702,2.50999999998801,8.81478213947371,1.73833959061352,0.00310037106524639,0.200000000014553,2.19162192424215,1.35412659639942,2.50999999999998,8.81493534751079,0.678645645035962,0.554388265059196,0.544999999996197,0.0266656152546575,5.83876590216746,0.777206724361249,0.332824069997723,0.0043377
10.1,2.10087883675656,1.39600147657361,2.51999999998865,8.84801655781473,1.76254232376378,0.00307594363858956,0.20000000001113,2.11859806503603,1.40335448039731,2.51999999999998,8.84810296954713,0.681862636787832,0.546865239944983,0.544999999999051,0.0260305417171795,6.05250813452625,0.914381101021429,0.335248630109589,0.004439
10.15,2.0256502425286,1.44303959207127,2.52999999998919,8.88036557717891,1.78646156445554,0.00303366132154556,0.200000000010276,2.04298018560918,1.45080929653057,2.52999999999998,8.88037939715968,0.683960083180269,0.539621114764233,0.545000000000299,0.0254386328345075,6.25885570063755,1.05634812048694,0.337707201909862,0.0050744
10.2,1.94793534923591,1.48825297033394,2.53999999998971,8.91187463650363,1.80999339864043,0.00297460147601238,0.200000000010545,1.96486090821503,1.49643291960688,2.53999999999999,8.9118114013411,0.684967284281456,0.532673070056732,0.544999999999026,0.0248886028286591,6.45755530639077,1.20292818815707,0.340183465746182,0.0049609
10.25,1.86782999686848,1.531585977559,2.54999999999021,8.94258955751592,1.83303944239076,0.00289995496544649,0.200000000009668,1.88433591942645,1.54016946766617,2.54999999999999,8.94244599333028,0.684914711688756,0.526034832536827,0.544999999998825,0.0243791333329346,6.64836308875748,1.35393602893142,0.342661720241199,0.0049322
10.3,1.78543297155052,1.57298537254772,2.55999999999067,8.97255614019389,1.85550681496342,0.00281099556747133,0.200000000008611,1.80150385287973,1.58196537040423,2.55999999999999,8.97233001770783,0.683833673822446,0.519717120821348,0.544999999998981,0.0239089075480983,6.8310449171422,1.50918092347045,0.345126966758963,0.0043541
10.35,1.7008458695942,1.61240036314812,2.56999999999108,9.00181984407795,1.87730807909632,0.00270905035808596,0.200000000007694,1.71646616841084,1.62176943476314,2.56999999999999,9.001509835101,0.681756065155598,0.513728059798367,0.544999999999216,0.0234766362951536,7.0053766812096,1.66846695031223,0.34756497351187,0.0043025
10.4,1.61417296032947,1.64978265881081,2.57999999999145,9.03042554379208,1.89836115786283,0.00259547192270552,0.200000000006988,1.62932702773299,1.65953290760866,2.57999999999999,9.0300310820785,0.678714185817012,0.508073561420365,0.54499999999928,0.0230810776272421,7.17114456505427,1.83159323343589,0.349962323019904,0.0043446
10.45,1.52552104787056,1.68508651963059,2.58999999999178,9.05841734793319,1.91858923580034,0.00247161306180008,0.20000000000634,1.54019316680813,1.69520953541844,2.58999999999999,9.05793849668692,0.674740618571502,0.502757670928616,0.544999999999137,0.02272105143141,7.32814530759917,1.99835419490196,0.352306445974986,0.0041122
10.5,1.43499933191081,1.7182688021845,2.59999999999208,9.08583847148609,1.93792065051661,0.0023388044320456,0.200000000005563,1.44917376506914,1.72875562090845,2.59999999999999,9.08527579916443,0.669868152653843,0.497782878963135,0.544999999999011,0.022395450149935,7.47618644912175,2.1685398122344,0.354585643945552,0.0040197
10.55,1.34271926758698,1.74928900241597,2.60999999999233,9.11273115301337,1.95628877974919,0.00219833537424305,0.200000000004672,1.35638031165289,1.76013007652857,2.61,9.11208561854352,0.664129744522923,0.493150400827832,0.544999999999449,0.022103246532994,7.61508656381271,2.34193588023688,0.356789102889236,0.0043801
10.6,1.24879442441847,1.77810929575548,2.61999999999256,9.13913660896873,1.97363192771694,0.00205143801299415,0.200000000004177,1.26192646880818,1.78929447476226,2.62,9.13840945703664,0.657558507912572,0.488860424798393,0.545000000000063,0.0218434991348779,7.7446754782751,2.51832427695791,0.358906899042669,0.0045709
10.65,1.15334034430581,1.80469457461409,2.62999999999277,9.16509501853712,1.98989321372704,0.00189927458419131,0.200000000004233,1.16592793264558,1.81621309516887,2.63,9.16428768523135,0.650187726411129,0.484912331593588,0.545000000000664,0.0216153561200404,7.86479447587045,2.69748323353574,0.360929998488866,0.0047906
10.7,1.05647439856139,1.82901248333723,2.63999999999299,9.19064553338248,2.00502046523524,0.00174292783825955,0.20000000000483,1.06850229139971,1.8408529681112,2.64,9.18975956217201,0.642050883306405,0.481304887395218,0.545000000000961,0.0214180578097431,7.97529648681658,2.87918760766515,0.362850251477547,0.005203
10.75,0.958315643944406,1.85103345066436,2.64999999999325,9.21582630756701,2.01896611696441,0.00158339430026606,0.200000000005695,0.969768881377141,1.86318391511485,2.65,9.21486327535293,0.633181704327632,0.47803641272992,0.545000000000916,0.0212509383101121,8.07604626393898,3.06320916043456,0.364660382423437,0.0045997
10.8,0.858984677676121,1.87073071970384,2.65999999999356,9.24067454368794,2.03168711719952,0.00142158011701131,0.20000000000652,0.869848640766447,1.88317858581009,2.66,9.23963599648918,0.623614209811306,0.475104929512041,0.545000000000406,0.0211134264773232,8.16692054397481,3.24931683628499,0.366353976380323,0.0039426
10.85,0.758603491422279,1.88808037540329,2.6699999999939,9.26522655195931,2.04314484199582,0.00125829919715175,0.200000000006885,0.768863961488849,1.90081249141097,2.67000000000001,9.26411394966342,0.613382773631897,0.472508288364569,0.54500000000008,0.0210050464170342,8.24780819432684,3.43727704584151,0.367925462685376,0.0038619
10.9,0.657295324243196,1.90306136947219,2.67999999999424,9.28951781955299,2.05330501774754,0.00109427333831344,0.200000000006957,0.666938539270905,1.91606403469081,2.68000000000001,9.28833248907812,0.602522186789031,0.470244278241909,0.545000000000171,0.0209254176602692,8.318610345164,3.62685395136484,0.36937009636681,0.0038357
10.95,0.555184514528474,1.91565554269599,2.68999999999459,9.31358308801059,2.06213765233996,0.000930134044874898,0.200000000007111,0.564197222122524,1.92891453641732,2.69000000000001,9.31232618417819,0.591067724174938,0.468310720118125,0.545000000000175,0.0208742551222458,8.37924050676588,3.8178097545652,0.370683937812772,0.0039523
11,0.452396350951146,1.92584764456818,2.69999999999495,9.33745643695664,2.06961697495331,0.000766425752799365,0.200000000007269,0.460765857405669,1.93934825821489,2.70000000000001,9.33612891035914,0.579055213497074,0.46670554630888,0.54499999999984,0.0208513689151323,8.42962467201139,4.00990498651432,0.371863831093473,0.0038093
11.05,0.349056922494153,1.93362535015927,2.70999999999531,9.36117137269029,2.0757213844826,0.000603610197861732,0.200000000007124,0.356771137680826,1.94735242182617,2.71000000000001,9.35977394384988,0.566520405594028,0.465427155769513,0.54499998203822,0.02085665528866,8.46970140391582,4.20289879938297,0.372907377337992,0.0033796
11.1,0.245292969310498,1.93897927328908,2.71999999959153,9.38476091939595,2.08043333770779,0.000442104854883587,0.199999983841523,0.252340445519834,1.9529172247493,2.72000000000001,9.38329405966529,0.553502114303763,0.464473191233094,0.544999998657033,0.0208901392789493,8.49942190818361,4.39654925969544,0.373812902593044,0.0033678
11.15,0.141231728745668,1.94190297888005,2.72999999875339,9.40825771678139,2.08373954972765,0.000282179209389009,0.199999982632853,0.147601697474942,1.9560358522315,2.73000000000002,9.40672163177075,0.540037224717712,0.463842708396492,0.545000004285427,0.020951890244524,8.51875009072806,4.59061364279842,0.374579473966646,0.0034604
11.2,0.037000781543969,1.94239299172139,2.73999999798145,9.43169411693853,2.08563069671242,0.000124081149160843,0.199999986489737,0.042683187395005,1.95670448560443,2.74000000000002,9.43008873479478,0.526164488704181,0.463534636812875,0.545000005011845,0.0210421019821474,8.52766259959665,4.78484872849177,0.375206835887062,0.003699
11.25,-0.0672720984583471,1.94044880012814,2.74999999741871,9.4551022809062,2.08610150205362,-3.19965938919565e-05,0.199999991000397,-0.0622865707194575,1.95492230695111,2.75000000000002,9.45342724677419,0.511923584767095,0.463548229212887,0.545000004517068,0.0211610551291902,8.52614885184141,4.9790110972018,0.375695393054794,0.0040464
11.3,-0.171459097594719,1.93607285779952,2.75999999707036,9.47851427961877,2.08515072714703,-0.000185912903084834,0.199999995065758,-0.167179000130042,1.95069150009849,2.76000000000002,9.47676895252145,0.497355166834874,0.463883097565647,0.545000003515823,0.0213091207818893,8.51421104516848,5.17285742645291,0.376046181639667,0.0039037
11.35,-0.275432515909228,1.92927058245043,2.76999999690276,9.50196219430993,2.0827811673457,-0.000337570036046356,0.199999998229999,-0.271865618850449,1.94401724793467,2.77000000000002,9.50014564727225,0.482500962189237,0.464539202678063,0.545000002727343,0.0214867605284751,8.49186415424533,5.36614478736521,0.376260838671789,0.0040294
11.4,-0.379064920816231,1.92005035115229,2.77999999687562,9.52547821692183,2.07899965782286,-0.000486906722897077,0.200000000684607,-0.376218197019946,1.93490772605393,2.78000000000002,9.52358924030231,0.46740382127442,0.465516874035424,0.545000001471506,0.0216945240568259,8.45913591164748,5.55863094085032,0.376341568480801,0.0039183
11.45,-0.482229300702968,1.90842349232998,2.78999999694296,9.54909475021655,2.07381708434393,-0.000633888796530736,0.200000002008962,-0.48010891396772,1.92337409273729,2.79000000000003,9.54713185819892,0.452107836239009,0.466816763513703,0.545000000959094,0.021933047338283,8.41606677343955,5.75007463317536,0.376291104800761,0.0038818
11.5,-0.584799218344071,1.89440427441402,2.79999999706499,9.5728445071419,2.06724840559388,-0.000778503421091716,0.200000002872147,-0.583410514775896,1.90943047528115,2.80000000000003,9.57080594743453,0.436658387000705,0.468439858263442,0.545000000603019,0.022203048113256,8.36270986940598,5.94023589055817,0.376112668283829,0.0036458
11.55,-0.686648963970183,1.87800989112735,2.80999999722216,9.59676060882562,2.05931267961361,-0.000920749567553109,0.200000003414864,-0.685996466149651,1.89309395269043,2.81000000000003,9.59464437581404,0.421102243546504,0.470387432728161,0.545000000363509,0.0225053220881552,8.29913093795435,6.12887631246097,0.375809917740535,0.003438
11.6,-0.787653707777245,1.85926044335596,2.81999999740109,9.62087668048384,2.05003309982874,-0.00106062998118344,0.200000003742022,-0.787741111403659,1.87438453475778,2.82000000000003,9.61868053225397,0.405487648765992,0.472661009740271,0.545000000234362,0.0228407366983002,8.2254082457395,6.31575936324134,0.375386894216386,0.0034745
11.65,-0.887689651751112,1.8381789176335,2.82999999759346,9.64522694446019,2.03943703850824,-0.00119814263820662,0.200000003952948,-0.888519824375235,1.85332513755432,2.83000000000003,9.64294842419452,0.389864406056224,0.475262307894671,0.545000000080356,0.0232102232704023,8.14163249206924,6.50065066182092,0.374847956844158,0.0037256
11.7,-0.986634180631783,1.81479116123459,2.83999999779292,9.66984630929419,2.02755609796847,-0.00133327173761888,0.200000004025268,-0.988209162075856,1.82994155536208,2.84000000000003,9.66748277174157,0.374283971925817,0.478193172775188,0.544999999747729,0.0236147669878759,8.04790669816931,6.68331826903316,0.374197709681603,0.0034471
11.75,-1.08436601186096,1.78912585388778,2.8499999979885,9.69477045349189,2.01442616985735,-0.00146597846792282,0.200000003798224,-1.0866870158943,1.80426242908259,2.85000000000004,9.69231909737707,0.358799551052222,0.481455491755658,0.54499999938288,0.0240553942116662,7.94434608140156,6.8635329723111,0.373440919031914,0.0038956
11.8,-1.1807653443751,1.761214476131,2.85999999816453,9.72003590236869,2.00008750259727,-0.00159619169244785,0.200000003242816,-1.18383276116643,1.77631921116042,2.86000000000004,9.71749380975774,0.343466189596704,0.485051094169297,0.544999999360585,0.0245331564403082,7.83107791454395,7.0410685673784,0.372582421781525,0.0038026
11.85,-1.27571400611077,1.73109127433026,2.86999999831228,9.7456800959538,1.98458477665996,-0.00172379833491669,0.200000002667342,-1.27952740492865,1.74614612706471,2.87000000000004,9.74304427973296,0.328340862536561,0.488981638545731,0.544999999467298,0.0250491100816336,7.70824137025455,7.21570213660899,0.371627026871539,0.0040512
11.9,-1.3690956000741,1.69879322236414,2.87999999843367,9.77174144545968,1.96796718695675,-0.00184863280777267,0.20000000218791,-1.37365373167441,1.713780133376,2.88000000000004,9.76900890624646,0.31348256587606,0.493248469731556,0.544999999591231,0.0256042919596369,7.57598735085547,7.38721432372187,0.370579412012365,0.0042161
11.95,-1.46079564884263,1.66435997997759,2.88999999853386,9.79825937533379,1.95028853272752,-0.00197046651163295,0.200000001820018,-1.46609644693544,1.67926087252979,2.89000000000004,9.79542716923216,0.298952400184478,0.49785245489106,0.544999999701921,0.0261996890881109,7.43447830358733,7.55538960447783,0.369444020981057,0.0047191
12,-1.55070173739253,1.62783384780949,2.89999999861816,9.82527434733484,1.93160731396403,-0.00208899733776943,0.200000001551746,-1.55674231851214,1.64263062427247,2.90000000000004,9.82233966596389,0.284813644707934,0.502793793336849,0.544999999819393,0.026836202082331,7.28388802149641,7.72001655304517,0.368224968380677,0.0043046
12.05,-1.63870365414102,1.58925971907705,2.90999999869168,9.85282786237473,1.91198683336521,-0.00220383939524028,0.2000000013892,-1.64548031518064,1.6039342538891,2.91000000000004,9.84978812656467,0.27113181525177,0.508071798358065,0.544999999926593,0.0275146011681118,7.12440143012739,7.88088810370135,0.366925961204023,0.003805
12.1,-1.72469353009148,1.54868502787706,2.91999999875949,9.88096243511414,1.8914953021825,-0.00231451320111671,0.200000001323133,-1.73220174270676,1.56321915726666,2.92000000000005,9.87781540351858,0.257974702635971,0.513684645979696,0.54500000001529,0.0282354738622367,6.95621436020574,8.03780180753433,0.365550248439466,0.0038618
12.15,-1.80856597596497,1.5061596940391,2.92999999882599,9.90972153547255,1.87020594804037,-0.00242043694642642,0.200000001336894,-1.81680037700079,1.5205352028601,2.93000000000005,9.90646542905868,0.24541240369642,0.519629031122052,0.545000002605201,0.0289991652387071,6.77953330650533,8.19056008380234,0.364100608347909,0.0042117
12.2,-1.89021821731408,1.46173606454517,2.93999999895145,9.93914949057683,1.84819712394551,-0.00252092600839504,0.200000003681576,-1.89917259425026,1.47593467063239,2.94000000000005,9.93578313323567,0.233517198078081,0.525900097819745,0.545000000273735,0.0298056960038071,6.59457517310466,8.33897046560638,0.362579402647848,0.0042186
12.25,-1.96955022707646,1.41546885102144,2.94999999914169,9.96929133839545,1.82555240360485,-0.00261516691538208,0.200000003927937,-1.9792174978716,1.42947218804343,2.95000000000005,9.96581431432593,0.222363599797072,0.532490724663458,0.544999997476622,0.0306546958786941,6.40156700524986,8.48284583951738,0.360988678064987,0.0039331
12.3,-2.04646485559408,1.36741506335425,2.95999999928131,10.0001926255875,1.80236068060624,-0.00270223247606011,0.200000001656897,-2.05683704212557,1.38120466316612,2.96000000000005,9.99660545205118,0.212028185565597,0.539391193584813,0.544999999221159,0.0315453006330735,6.20074570809932,8.62200467874905,0.359330338874928,0.0037203
12.35,-2.12086795847986,1.31763393973525,2.96999999934663,10.0318991409013,1.77871624881001,-0.00278109599540785,0.20000000095594,-2.13193615224503,1.33119121501156,2.97000000000005,10.0282034529165,0.202589263874754,0.546589042638073,0.544999999774637,0.0324760332871683,5.99235775257009,8.75627126951834,0.357606417064398,0.0037716
12.4,-2.19266852129773,1.26618687224134,2.97999999938936,10.0644565710737,1.75471884921144,-0.00285061740538181,0.200000000753113,-2.20442284092805,1.27949310114838,2.98000000000006,10.0606553159212,0.194126644411727,0.554068314964336,0.545000000017752,0.0334447026281067,5.77665886854371,8.88547593019747,0.355819376773048,0.0042288
12.45,-2.26177878065162,1.21313732771801,2.98999999942742,10.0979100694172,1.73047369402454,-0.00290956403248909,0.20000000076909,-2.27420832105358,1.2261736427048,2.99000000000006,10.0940077060869,0.186721156598337,0.561809138408049,0.5450000001188,0.0344482650814952,5.55391372579009,9.00945522278298,0.353972477122601,0.0044044
12.5,-2.32811434163771,1.15855076406698,2.99999999946854,10.1323037268062,1.70609144322944,-0.00295663018989906,0.20000000087601,-2.34120711448099,1.17129814684461,3.00000000000006,10.1283064228565,0.180454050401995,0.569787192010302,0.545000000148931,0.0354826893195454,5.32439560295703,9.12805215622774,0.352070143828958,0.0049158
12.55,-2.39159429092673,1.10249454158899,3.0099999995157,10.1676799330853,1.68168812296998,-0.00299046356069775,0.200000001010049,-2.40533715679962,1.11493382681161,3.01000000000006,10.1635957506784,0.175406222592232,0.577973165664939,0.545000000136181,0.0365428162719257,5.08838604502812,9.24111638115595,0.350118314646275,0.0044841
12.6,-2.45214130481055,1.04503782925306,3.01999999956926,10.2040786193092,1.65738496958958,-0.00300969834617579,0.200000001132612,-2.46651989789882,1.05714971963967,3.02000000000006,10.1999176802837,0.171657244424533,0.586332225836024,0.545000000089931,0.0376222225416612,4.84617450971797,9.3485043754596,0.348124713528046,0.0042487
12.65,-2.50968175143007,0.986251505863094,3.02999999962792,10.2415363732362,1.63330818099882,-0.00301299477903127,0.20000000121355,-2.52468039823346,0.998016601628207,3.03000000000006,10.2373109916352,0.169284167444762,0.594823511609606,0.545000000014955,0.0387130966270499,4.59805800334685,9.4500796202664,0.346099010883713,0.0043978
12.7,-2.56414578630686,0.926208056246567,3.03999999968893,10.2800854242139,1.60958855509166,-0.00299908405567208,0.20000000122701,-2.57974742066486,0.937606901685577,3.04000000000006,10.275810193645,0.16836008928684,0.603399692511311,0.544999999917063,0.0398061402100554,4.34434070681961,9.54571276577381,0.344052833872912,0.003846
12.75,-2.61546744023529,0.864981462790306,3.04999999974841,10.3197524991627,1.58636099352262,-0.0029668172203603,0.200000001152366,-2.63165351776162,0.87599461264519,3.05000000000007,10.3154443219026,0.168952470019163,0.612006626713781,0.544999999827234,0.0408905098541382,4.08533359242529,9.63528178646561,0.341999603509215,0.003581
12.8,-2.66358469857366,0.802647092892233,3.05999999980215,10.3605575590984,1.56376384866813,-0.0029152161280235,0.200000000996877,-2.68033511444965,0.813255200661661,3.06000000000007,10.3562356041621,0.171121201992867,0.620583168512094,0.5449999997998,0.0419538170665387,3.82135403226967,9.71867212527207,0.339954193397666,0.0034818
12.85,-2.70843957101799,0.739281583172267,3.06999999984748,10.4025124357696,1.54193809238599,-0.00284352404773544,0.200000000816697,-2.72573258590619,0.749465512796526,3.07000000000007,10.3981980143939,0.17491643473763,0.629061221761535,0.54499999942871,0.0429822063611856,3.55272539924709,9.79577682630502,0.337932479594369,0.0031568
12.9,-2.74997815094361,0.674962721551598,3.07999999987547,10.4456194004915,1.52102628597845,-0.00275124873577427,0.200000000302536,-2.76779033059727,0.684703682905393,3.08000000000007,10.4413357497864,0.180376309503837,0.637365865789959,0.544999999885674,0.043960530628372,3.27977666154854,9.86649665589702,0.335950513398461,0.0039953
12.95,-2.78815066403427,0.609769328654919,3.08999999988802,10.4898697117866,1.5011713463134,-0.00263821502461964,0.200000000199642,-2.80645683836442,0.619049035940638,3.09000000000007,10.4856416807777,0.187524365765522,0.645416254662994,0.54499999970001,0.0448726410006743,3.00284197177442,9.93074021180074,0.33402417704725,0.004021
13,-2.82291150547449,0.543781140110179,3.09999999989125,10.5352422042186,1.48251508049011,-0.00250457664476536,0.199999999929652,-2.84168475347221,0.552581990786073,3.10000000000007,10.5310958411088,0.196367261920711,0.653126215876123,0.545000000397651,0.0457018005116429,2.7222602517408,9.9884240205607,0.332168087074102,0.0047567
13.05,-2.85421926603257,0.477078691564008,3.10999999989668,10.5817019963088,1.46519652535572,-0.00235085543382385,0.200000000287537,-2.87343093253513,0.485383961742282,3.11000000000008,10.5776640415455,0.206892212912051,0.660406106686907,0.545000000067452,0.0464312265792315,2.43837477414246,10.0394726232331,0.330395403107006,0.0044981
13.1,-2.88203674733385,0.409743208282229,3.11999999991258,10.629199409235,1.44935006912516,-0.00217791748065047,0.200000000348244,-2.90165649724998,0.417537258783621,3.12000000000008,10.6252967051963,0.219065144648047,0.667164185175149,0.544999999907022,0.0470447396317742,2.15153274213253,10.0838186498221,0.328716918817202,0.0040703
13.15,-2.90633096737016,0.341856501083399,3.1299999999279,10.6776691964559,1.43510343197902,-0.00198698045378533,0.200000000264564,-2.92632688186825,0.349124986710088,3.13000000000008,10.6739280316513,0.232828961395701,0.673309101384705,0.54499999981062,0.0475275011647667,1.8620848678957,10.1214028829779,0.327141021592644,0.0039743
13.2,-2.92707315837711,0.27350087010877,3.13999999993687,10.7270301861797,1.42257552106258,-0.00177957713818974,0.200000000094122,-2.94741187535202,0.280230943319379,3.14000000000008,10.7234755986099,0.248102601364922,0.67875241535482,0.544999999772761,0.0478667843995239,1.57038495105481,10.1521743116692,0.325673616226008,0.0038655
13.25,-2.94423875857793,0.204759017467617,3.14999999993646,10.7771854307398,1.41187424303218,-0.00155751048013354,0.199999999889607,-2.96488565816668,0.210939516726245,3.15000000000008,10.7738405005976,0.264780860878783,0.683411421268554,0.544999999806131,0.0480527206165897,1.27678945761846,10.176090175669,0.324318379651341,0.0036377
13.3,-2.95780740041264,0.135713969227445,3.15999999992658,10.8280229368617,1.40309435309864,-0.00132279604728275,0.199999999715124,-2.97872683367401,0.141335581957787,3.16000000000008,10.8249081029789,0.282735147274299,0.687212062268403,0.544999999871818,0.0480789491277711,0.981657099951611,10.193116001771,0.323077275330492,0.0038761
13.35,-2.96776289790811,0.066449006491511,3.16999999990945,10.8794170192527,1.39631543373408,-0.00107759642843033,0.199999999599761,-2.98891845409867,0.0715043969543081,3.17000000000009,10.8765494554053,0.30181522983359,0.690091745229971,0.544999999884617,0.0479430998201319,0.685348417988854,10.203225632665,0.321951271931965,0.0039372
13.4,-2.97409323587934,-0.00295239547545748,3.17999999988684,10.9312302778157,1.39160010067659,-0.000824153967952369,0.199999999495916,-2.99544804105079,0.00153149810582664,3.18000000000009,10.9286233638043,0.321851983299468,0.692001869292587,0.544999999763994,0.047647047662117,0.388225361641494,10.206401249333,0.320941176271225,0.0044608
13.45,-2.97679056342195,-0.0724066218900967,3.18999999985633,10.9833161498596,1.38899253059344,-0.000564727186465281,0.19999999928351,-2.99830760059523,-0.0684974045457207,3.19000000000009,10.9809790679636,0.342661035870473,0.692909870555291,0.544999999755669,0.0471969001538035,0.0906508740889247,10.2026333876894,0.320048458330579,0.0042024
13.5,-2.97585119363669,-0.141829969369123,3.199999999815,11.0355219384584,1.3885173932084,-0.000301536068413472,0.199999999063613,-2.99749363286475,-0.138496532309123,3.20000000000009,11.0334594186016,0.364047118595757,0.692800578796091,0.544999999785935,0.0466027084945517,-0.207011524577095,10.191920949965,0.319275961779782,0.0045656
13.55,-2.97127561087744,-0.21113869607192,3.20999999976337,11.0876921732228,1.39017924781788,-3.67239969886214e-05,0.199999998870954,-2.99300713621903,-0.208380142922839,3.21000000000009,11.0859044006055,0.385808902704293,0.691676849379773,0.544999999626331,0.0458779258127089,-0.504398154048501,10.1742712110651,0.318628364024312,0.0041306
13.6,-2.96306848589392,-0.280249074225722,3.21999999969851,11.1396721266939,1.39396244085873,0.000227666199334478,0.199999998534652,-2.98485360595456,-0.278062635582782,3.22000000000009,11.1381548147577,0.407744014197113,0.689559345473539,0.544999999598623,0.0450386669816002,-0.801145591618084,10.1496998198213,0.318112322170684,0.0040451
13.65,-2.95123869823777,-0.349077448133075,3.22999999961621,11.1913112935411,1.39983150898746,0.000489698958689252,0.199999998173412,-2.97304302757243,-0.347458655792533,3.2300000000001,11.1900559141216,0.429653923970641,0.686485426476051,0.545000002719022,0.0441028486447357,-1.09689109188253,10.1182307947412,0.317736273539352,0.0041051
13.7,-2.93579936469447,-0.417540300421793,3.23999999958606,11.2424666437361,1.40773206138117,0.000747526988847022,0.200000000620532,-2.95758986461191,-0.416483199910412,3.2400000000001,11.2414607959051,0.451348384158805,0.682507977647674,0.545000000794318,0.0430892738154599,-1.3912730089991,10.0798965135678,0.317509951958432,0.0040894
13.75,-2.91676787033828,-0.485554328250747,3.24999999963496,11.2930054814605,1.41759208428785,0.000999420109393263,0.200000001335418,-2.93851304105915,-0.485051719268391,3.2500000000001,11.2922333743221,0.472649341376938,0.677692342669796,0.545000000049471,0.0420167993363019,-1.68393122196117,10.0347376957235,0.317443629235002,0.0039264
13.8,-2.89416590004951,-0.553036530843034,3.25999999970284,11.3428077827952,1.42932360349291,0.00124370380666421,0.200000001379942,-2.91583591834239,-0.553080223738033,3.2600000000001,11.3422508007863,0.49339389516846,0.672114263597813,0.544999999797896,0.0409035688927156,-1.97450756299401,9.98280337658375,0.317547260640531,0.003965
13.85,-2.86801946791989,-0.619904308789126,3.26999999976729,11.3917679314529,1.44282459940568,0.0014787574995748,0.200000001198048,-2.8895862669283,-0.620485384618615,3.2700000000001,11.391405248509,0.513436460260994,0.665856948374881,0.544999999744103,0.039766429447963,-2.26264624904755,9.92415087239968,0.317829611724244,0.0039473
13.9,-2.8383589403105,-0.68607557411729,3.27999999982144,11.4397958208416,1.45798108985807,0.00170300558176575,0.200000000967741,-2.85979623253926,-0.687184636722475,3.28000000000011,11.4396050320608,0.532650019909144,0.65900828694467,0.544999999762883,0.0386205132620044,-2.54799431593243,9.85884573474583,0.318297484044405,0.0040385
13.95,-2.80521905001087,-0.75146886980827,3.28999999986449,11.4868173405181,1.47466928537561,0.0019149176775713,0.200000000754336,-2.82650229701781,-0.753096279532537,3.29000000000011,11.4867750820406,0.550926554616529,0.651658228928261,0.54499999980279,0.037478993830201,-2.8302020543395,9.78696169347327,0.318955115714354,0.0039503
14,-2.76863889909566,-0.816003496728954,3.29999999989777,11.5327743028145,1.49275773293284,0.00211301934541134,0.200000000576847,-2.78974523387285,-0.818139577307179,3.30000000000011,11.5328568355301,0.568176758070827,0.6438964396708,0.544999999843612,0.0363529959046132,-3.10892344672789,9.70858058732164,0.319803798988955,0.003946
14.05,-2.72866194872182,-0.879599645603545,3.30999999992309,11.577623893253,1.512109377493,0.00229591237952738,0.200000000436098,-2.74957005855059,-0.882234858008106,3.31000000000011,11.5778076315652,0.584329180647162,0.635810310182974,0.54499999987859,0.0352516303221135,-3.38381660385768,9.62379228156503,0.320841722338432,0.0045655
14.1,-2.68533599481389,-0.942178531514971,3.31999999994217,11.6213377439499,1.53258348635907,0.00246230237806558,0.200000000326829,-2.70602597348345,-0.94530361092791,3.32000000000011,11.6215997166578,0.599328950824708,0.627483357294168,0.544999999907294,0.0341821203592337,-3.65454419960271,9.53269457231318,0.322064016194276,0.0050101
14.15,-2.63871312927185,-1.00366252850839,3.32999999995642,11.6639007336625,1.55403739765853,0.00261103033326165,0.200000000243393,-2.65916630797891,-1.00726858289541,3.33000000000011,11.6642189695436,0.613136219761871,0.618994017033494,0.544999999929974,0.0331499872763985,-3.92077390260851,9.43539307733754,0.323462963028585,0.005255
14.2,-2.58884968694649,-1.06397530210884,3.33999999996702,11.705309613535,1.57632806965886,0.00274110469040329,0.20000000018037,-2.60904845301998,-1.06805387293868,3.34000000000011,11.7056634490642,0.625724458417341,0.610414808667602,0.544999999947538,0.0321592669817118,-4.1821788033551,9.33200111352427,0.325028324027862,0.0050863
14.25,-2.53580617912172,-1.12304193791399,3.34999999997486,11.7455715466374,1.59931342104141,0.00285173052778586,0.200000000133154,-2.55573379105744,-1.12758502528792,3.35000000000012,11.7459418572555,0.637078714733528,0.601811829748653,0.544999999961013,0.0312127356336867,-4.43843783523494,9.22263956125767,0.326747734768883,0.0043821
14.3,-2.47964721460558,-1.18078906482791,3.35999999998064,11.7847026347055,1.62285346320667,0.00294233311488086,0.200000000098066,-2.49928762088197,-1.18578912060273,3.36000000000012,11.7850719940842,0.647193914176724,0.593244532904569,0.544999999971282,0.0303121282449234,-4.68923618834908,9.10743671620195,0.328607128321654,0.0040964
14.35,-2.42044140975939,-1.23714497191834,3.36999999998489,11.8227264894113,1.64681123397568,0.0030125739329978,0.20000000007222,-2.43977907767163,-1.24259486531106,3.37000000000012,11.8230792632905,0.656073263348965,0.584765731741389,0.544999999978999,0.0294583400278635,-4.93426571484767,8.98652812907136,0.330591153336919,0.0043867
14.4,-2.35826128890172,-1.29203971827123,3.37999999998803,11.8596728897808,1.67105354781276,0.00306235813847113,0.200000000053319,-2.37728104831664,-1.29793267894982,3.38000000000012,11.8599952722702,0.663726795331741,0.576421784489908,0.544999999984798,0.0286516048842023,-5.17322532477997,8.86005643406111,0.332683564589677,0.0043297
14.45,-2.29318317653017,-1.34540523556032,3.38999999999036,11.8955765532174,1.69545158122837,0.0030918332895397,0.200000000039637,-2.31187008212964,-1.35173477940015,3.39000000000012,11.8958565540959,0.670170077962701,0.568252908378848,0.544999999989117,0.0278916489346079,-5.40582137156372,8.72817116665571,0.334867572540335,0.0040445
14.5,-2.22528708273361,-1.39717542333177,3.39999999999209,11.9304760356337,1.71988131373214,0.00310137986413515,0.200000000029842,-2.24362629705491,-1.4039352659131,3.40000000000012,11.9307034272828,0.675423092482782,0.560293583756203,0.544999999992273,0.0271778193924115,-5.63176802632522,8.5910285715457,0.337126145850174,0.0039235
14.55,-2.15465658304415,-1.44728623722061,3.40999999999341,11.9644127666777,1.74422384499715,0.00309159461867385,0.200000000022887,-2.1726332814956,-1.45447019982457,3.41000000000013,11.9645789989874,0.679509279979785,0.552573013764391,0.544999999994547,0.0265091905679709,-5.85078764049275,8.44879140137178,0.339442266166194,0.0040574
14.6,-2.08137869382294,-1.49567577046929,3.41999999999443,11.9974302188877,1.76836560817243,0.00306326817288247,0.200000000017979,-2.09897799188241,-1.5032776828614,3.42000000000013,11.9975283098976,0.682454746202622,0.545115612110305,0.544999999996165,0.0258846495776475,-6.06261109614345,8.30162870698572,0.341799137973971,0.0041544
14.65,-2.00554374410539,-1.54228432921554,3.42999999999525,12.0295732045835,1.79219849787702,0.0030173583659395,0.200000000014527,-2.02275064611247,-1.55029793294337,3.43000000000013,12.0295976138671,0.684288913549551,0.53794182653202,0.54499998766162,0.0253029380103057,-6.26697814370469,8.14971561987515,0.344180386822612,0.0043364
14.7,-1.92724524143875,-1.58705450294688,3.43999999971836,12.0608872876505,1.81562005879874,0.00295499923132552,0.199999988909986,-1.94404461299112,-1.59547335738917,3.44000000000013,12.060833782002,0.685038287954875,0.531067183047915,0.544999999406903,0.024762841682079,-6.46363772658756,7.99323312732003,0.346570160054612,0.0053426
14.75,-1.84657974329505,-1.6299312275457,3.44999999915052,12.0914183139707,1.83853305189086,0.00287734230574737,0.199999988376198,-1.86295629781406,-1.63874862343756,3.45000000000013,12.0912838190472,0.68473546570531,0.524505140119686,0.545000003303929,0.0242629560398602,-6.6523482924425,7.83236784081421,0.348953184338116,0.0042241
14.8,-1.76364672512562,-1.67086184432001,3.45999999864366,12.1212120265818,1.86084592019617,0.00278566579492335,0.199999991349734,-1.77958502423149,-1.68007072599795,3.46000000000013,12.1209944791751,0.683411903843049,0.518265750440349,0.545000004035124,0.0238019945660061,-6.8328780917759,7.66731175849565,0.351314918579515,0.0039378
14.85,-1.67854843935831,-1.7097961568195,3.46999999830194,12.1503137586585,1.88247253057736,0.00268130227409269,0.199999994981346,-1.69403291253993,-1.71938905254828,3.47000000000013,12.1500119683371,0.681099597084876,0.512356569995781,0.545000003595527,0.0233786802075019,-7.00500546262846,7.49826202170638,0.353641602133458,0.0037176
14.9,-1.59138977800617,-1.74668648250245,3.47999999813191,12.1787682095039,1.90333208638152,0.00256560396696084,0.19999999821732,-1.60640475455161,-1.75665544510137,3.48000000000014,12.1783817209419,0.677830912536841,0.506783030164129,0.545000002813624,0.0229917851225788,-7.16851910141244,7.32542066615488,0.355920298188961,0.0034784
14.95,-1.50227813423154,-1.78148770096956,3.48999999810608,12.2066192774985,1.92334902590992,0.00243991771027244,0.200000000749582,-1.51680788519518,-1.79182425916415,3.49000000000014,12.2061482395574,0.67363846891424,0.501548773700109,0.545000002067006,0.0226401461778246,-7.32321831995672,7.14899436808603,0.358138924860254,0.0036142
15,-1.41132326296972,-1.81415729905401,3.49999999819007,12.2339099440644,1.94245291167587,0.00230556327833978,0.200000002609887,-1.42535205100509,-1.82485241961834,3.50000000000014,12.23335498745,0.668555090954178,0.496655966099478,0.545000001114142,0.0223226744362953,-7.46891328866036,6.96919418578713,0.360286276477318,0.0035979
15.05,-1.31863714061335,-1.84465541299956,3.50999999834563,12.2606822003984,1.96057831822387,0.00216381580221622,0.200000003612615,-1.33214927566112,-1.8556994734542,3.51000000000014,12.260044324959,0.662613757369534,0.49210555711214,0.545000000093377,0.0220383632634202,-7.60542526566237,6.78623529673221,0.362352033689091,0.004018
15.1,-1.22433382376029,-1.87294486791001,3.51999999852836,12.2869770096657,1.97766471797853,0.00201589034968816,0.200000003696655,-1.2373137227424,-1.88432763929335,3.52000000000014,12.2862574818781,0.655847613073038,0.487897515427836,0.544999999748551,0.0217862932372632,-7.73258681193223,6.60033673064626,0.364326764977429,0.0042371
15.15,-1.12852930702783,-1.89899121463026,3.52999999870754,12.3128342983919,1.99365637153893,0.00186292882182488,0.20000000347035,-1.14096155586412,-1.91070185363995,3.53000000000014,12.3120345591314,0.648289975413827,0.484031061976327,0.544999999655642,0.0215656343152805,-7.85024199218931,6.41172109875439,0.366201928688075,0.0044202
15.2,-1.03134137988021,-1.92276276410437,3.53999999887331,12.3382929714493,2.00850222175982,0.00170599220288428,0.200000003160428,-1.04321079636793,-1.93478981380404,3.54000000000015,12.3374145540589,0.639974371282671,0.480504846014548,0.544999999642664,0.0213756494527891,-7.95824656155447,6.2206143194684,0.36796986361375,0.0042457
15.25,-0.932889482452563,-1.94423061921729,3.54999999902329,12.3633909461372,2.02215579459946,0.00154605457071322,0.200000002838825,-0.944181178740247,-1.95656201744435,3.55000000000015,12.3624354045469,0.630934583256379,0.477317108537001,0.544999999640251,0.0212156956817815,-8.05646813783436,6.02724534076407,0.369623777360556,0.0040226
15.3,-0.83329456034793,-1.96336870415258,3.55999999915714,12.3881652016944,2.03457510743376,0.00138399950187251,0.200000002515051,-0.843994003935126,-1.97599179868249,3.56000000000015,12.3871340480571,0.621204702848956,0.474465822910525,0.544999999575188,0.0210852249168998,-8.14478635933707,5.83184585949839,0.371157731427981,0.0040717
15.35,-0.73267891839723,-1.9801537912436,3.56999999927333,12.4126518410624,2.04572258533221,0.0012206185423946,0.20000000213272,-0.742771990781294,-1.99305536074406,3.57000000000015,12.4115464923116,0.610819193041236,0.471948821440529,0.544999999592266,0.0209837844459343,-8.22309302811551,5.63465003791608,0.372566622913547,0.0036872
15.4,-0.631166073381258,-1.99456552526421,3.57999999937079,12.4368861623452,2.05556498599176,0.00105661196364225,0.200000001765759,-0.64063912565495,-2.00773180508698,3.58000000000015,12.4357078950011,0.599812951227058,0.469763897795773,0.544999999611442,0.0209110168729613,-8.29129223853494,5.43589421759832,0.373846165548726,0.0036505
15.45,-0.528880605733889,-2.00658644509295,3.58999999945034,12.4609027378726,2.06407333312477,0.000892590814684877,0.200000001416057,-0.537720510602269,-2.02000315698119,3.59000000000015,12.4596526503972,0.588221377248605,0.467908896891559,0.544999999667802,0.0208666601982836,-8.34930049106146,5.23581663111346,0.374992867769144,0.0035018
15.5,-0.425948010269119,-2.01620200268219,3.59999999951367,12.4847354991879,2.07122285855746,0.000729080307578311,0.200000001117079,-0.434142210097383,-2.02985438750857,3.60000000000016,12.4834144811789,0.57608044148312,0.466381792315399,0.544999999749915,0.0208505475178667,-8.39704679117159,5.03465711163515,0.376004010428338,0.0034962
15.55,-0.322494545989772,-2.02340057924608,3.60999999956389,12.5084178266207,2.07699295279518,0.000566524422724834,0.200000000892002,-0.330031096623296,-2.03727343195588,3.61000000000016,12.5070265341439,0.563426755042934,0.465180749465128,0.544999999834198,0.0208626067409577,-8.43447273328807,4.83265680080208,0.376877623317511,0.0034314
15.6,-0.218647085056445,-2.0281734985781,3.61999999960477,12.5319826423588,2.08136712402127,0.000405291351157053,0.200000000742781,-0.225514695264655,-2.04225120457836,3.62000000000016,12.5305214787624,0.550297640810096,0.464304177433427,0.544999999898267,0.0209028601820138,-8.46153256965383,4.63005785510161,0.377612460810556,0.0040947
15.65,-0.114532961010796,-2.03051503741406,3.62999999963962,12.5554625061609,2.08433296537047,0.000245679600447633,0.200000000651221,-0.120721027502521,-2.04478160971591,3.63000000000016,12.5539316077677,0.536731206139765,0.463750769947121,0.544999999950545,0.0209714240645332,-8.47819326406468,4.4271031510687,0.378207976589602,0.0044713
15.7,-0.0102798163606556,-2.03042243275993,3.63999999967106,12.5788897130129,2.08588213040665,8.79245643954621e-05,0.200000000606712,-0.0157784544022663,-2.04486154924797,3.64000000000016,12.5772889391595,0.522766415005168,0.463519537226117,0.544999999982369,0.0210685078683706,-8.48443453039156,4.2240359895997,0.37866429761712,0.0060715
15.75,0.0939845503506325,-2.02789588610827,3.649999999701,12.6022963921569,2.08601031652009,-6.77944896993353e-05,0.200000000590844,0.0891844806135201,-2.04249092637825,3.65000000000016,12.6006253191326,0.508443162271864,0.46360982777762,0.545000000008789,0.0211944135073213,-8.48024885583433,4.02109979968824,0.378982196504631,0.0043905
15.8,0.198132337855759,-2.02293856447472,3.65999999973074,12.625714607008,2.08471725623566,-0.000221347192987657,0.200000000598754,0.194039209214715,-2.03767264574447,3.66000000000016,12.623972525541,0.493802348108633,0.464021342048845,0.545000000018889,0.0213495342047233,-8.46564150886237,3.81853784189804,0.379163062582812,0.0050809
15.85,0.302035895711249,-2.01555659819418,3.66999999976111,12.6491764555202,2.08200671623127,-0.000372644587796416,0.200000000615753,0.298657295643255,-2.03041260985299,3.67000000000017,12.647362371566,0.478885954566418,0.464754136627321,0.545000000005227,0.0215343529964535,-8.44063053181088,3.61659291189351,0.379208870333789,0.004148
15.9,0.405567877927936,-2.00575907542592,3.67999999979201,12.67271417058,2.0778865040761,-0.000521631487555173,0.200000000620457,0.402910594029929,-2.02071971184279,3.68000000000017,12.6708268092798,0.463737123748363,0.465808619458334,0.544999999982765,0.021749440693218,-8.40524671811708,3.415507044355,0.379122144387894,0.0040199
15.95,0.508601396525938,-1.99355803332873,3.68999999982265,12.6963602199842,2.07236848264544,-0.000668278713667142,0.200000000604946,0.506671405355829,-2.00860582458753,3.69000000000017,12.6943980327836,0.44840023774694,0.467185536543292,0.544999999948885,0.0219954531178587,-8.35953357419567,3.21552121760974,0.378905920999049,0.0037893
16,0.61101017485087,-1.97896844587638,3.69999999985174,12.7201474055003,2.06546859219328,-0.00081257513669258,0.200000000558942,0.609812633866406,-1.99408578614927,3.70000000000017,12.7181085805536,0.432921001311884,0.46888594803468,0.544999999936904,0.0222731274237647,-8.30354726596946,3.01687505931299,0.378563703193843,0.0037656
16.05,0.71266870048659,-1.96200820829463,3.70999999987827,12.7441089604179,2.05720688016543,-0.000954519602391996,0.200000000502155,0.712207942746688,-1.97717738160139,3.71000000000017,12.7419914365417,0.41734652640928,0.470911195507355,0.544999999932509,0.0225832771907957,-8.23735655008711,2.81980655351651,0.378099411454618,0.0036024
16.1,0.813452377599364,-1.9426981181097,3.71999999990186,12.7682786448633,2.0476075387581,-0.0010941125483198,0.200000000441414,0.813731908867183,-1.95790132124336,3.72000000000017,12.7660801294574,0.401725419753895,0.47326285670933,0.544999999930758,0.0229267860272994,-8.1610426898767,2.62455174946272,0.377517325618218,0.0035649
16.15,0.913237678549965,-1.92106185280587,3.72999999992237,12.7926908379778,2.03669895034139,-0.00123134740172915,0.200000000379096,0.914260176411116,-1.93628121523383,3.73000000000017,12.7904088294852,0.386107872528036,0.47594268831117,0.54499999992944,0.0233045992613801,-8.07469935610014,2.43134447244348,0.37682201879213,0.0041066
16.2,1.01190229461508,-1.89712594409985,3.73999999993974,12.817380625838,2.02451374079354,-0.00136620167326903,0.200000000315591,1.01366960919502,-1.91234354467337,3.74000000000018,12.8150124414789,0.370545747463893,0.478952564488636,0.544999999414464,0.0237177130273,-7.97843251258956,2.2404160370625,0.376018325052477,0.0038557
16.25,1.10932528564675,-1.87091974882249,3.74999999994234,12.8423838836865,2.01108884033694,-0.00149862662996961,0.199999999788609,1.11183844149634,-1.88611762917219,3.75000000000018,12.8399266934007,0.355092695132628,0.48229434108995,0.545000000261869,0.0241671622684147,-7.87236028686316,2.05199496323957,0.37511105935848,0.0039118
16.3,1.20538722859474,-1.84247541651166,3.75999999993767,12.8677373509136,1.99646555456569,-0.00162854203538872,0.200000000024291,1.20864642720354,-1.85763559094283,3.76000000000018,12.8651882184376,0.339804200148779,0.485969851910855,0.545000000079049,0.0246540002805642,-7.75661282583224,1.8663066952931,0.37410527509348,0.0037246
16.35,1.29997036466061,-1.8118278536162,3.76999999994066,12.8934786963664,1.98068963860717,-0.00175581967747358,0.200000000095435,1.30397498710632,-1.82693231546177,3.77000000000018,12.8908346288219,0.324737706369288,0.489980719663372,0.544999998344542,0.0251792812350368,-7.63133213672031,1.6835733244292,0.373005956368205,0.0039378
16.4,1.39295874489151,-1.77901468425339,3.77999999990818,12.9196465714822,1.96381138226715,-0.00188027335038464,0.199999998605523,1.3977073541457,-1.79404540874837,3.78000000000018,12.9169045788949,0.309952753965826,0.494328071264714,0.545000001433175,0.02574403595293,-7.49667191334568,1.50401331498526,0.371817515065165,0.0043562
16.45,1.48423837445554,-1.74407620797029,3.78999999987071,12.9462806487868,1.94588570684256,-0.00200166432919794,0.199999999895381,1.48972871644655,-1.75901515131351,3.79000000000018,12.9434378143786,0.295510911445297,0.499012764826097,0.54500000046361,0.0263492296073989,-7.35279734791378,1.32784123475251,0.370544778621847,0.0039144
16.5,1.57369735502569,-1.7070553539366,3.79999999987591,12.9734216407337,1.92697225348721,-0.00211966381557061,0.200000000312629,1.57992635795747,-1.72188444883447,3.80000000000018,12.9704752041413,0.281476009344247,0.504034759052589,0.545000000031859,0.0269957387204575,-7.19988492846379,1.1552674896865,0.369191744974795,0.0037318
16.55,1.66122602522658,-1.66799763164469,3.80999999989226,13.0011112953174,1.90713549321849,-0.00223386157191917,0.200000000341303,1.66818979652629,-1.68269877961667,3.81000000000018,12.998058749968,0.26791410778291,0.50939311924452,0.544999999772372,0.0276842940661039,-7.03812222218569,0.98649806338835,0.36776210725786,0.0037232
16.6,1.74671709939094,-1.62695107849529,3.8199999999042,13.0293923635879,1.88644483152272,-0.0023437516410969,0.200000000136438,1.7544109192423,-1.64150613890664,3.82000000000018,13.0262315689533,0.254893547316552,0.51508570685815,0.544999999595148,0.0284154303867723,-6.86770764476936,0.821734261662766,0.366259086712447,0.0037626
16.65,1.83006580418688,-1.58396620380961,3.82999999990191,13.0583085321358,1.86497471628203,-0.00244872387478997,0.199999999772071,1.83848411487979,-1.59835698012458,3.83000000000019,13.0550378421433,0.242484949985729,0.521108885018039,0.544999999562769,0.0291894216498031,-6.68885021598494,0.661172462497322,0.364685436125655,0.0039003
16.7,1.91117001307996,-1.53909592927792,3.83999999988068,13.087904314101,1.84280474404431,-0.00254805753855634,0.199999999378563,1.92030640328111,-1.55330415308859,3.84000000000019,13.0845227219614,0.230761178031667,0.527457191074398,0.544999999635608,0.0300062062180636,-6.50176930170771,0.505003871817705,0.363043501923634,0.0040791
16.75,1.98993037847313,-1.49239552570097,3.84999999984141,13.1182248906921,1.82001976057553,-0.00264091711954971,0.199999999050611,1.99977756152095,-1.50640283930618,3.85000000000019,13.1147321897934,0.219797239536561,0.534122966922727,0.544999999742528,0.0308653006954421,-6.3066943426113,0.353414285382023,0.361335348848976,0.0038681
16.8,2.06625046133081,-1.44392254584549,3.85999999978815,13.1493158943438,1.79670995064968,-0.00272635156302392,0.199999998818886,2.07680024669759,-1.45771048441242,3.86000000000019,13.1457128539196,0.209670145302727,0.541095897768026,0.545000001643914,0.0317657040184429,-6.103864569771,0.206583857193667,0.359562949323786,0.0040598
16.85,2.14003685816688,-1.39373675329685,3.86999999976608,13.1812231240204,1.77297091244293,-0.00280330382969,0.200000000298409,2.15128011520091,-1.4072867278372,3.87000000000019,13.1775116768331,0.200458581952807,0.548362772546064,0.545000000492287,0.0327057772281012,-5.89352870743622,0.064686874828332,0.357728486441214,0.0040783
16.9,2.21119932474984,-1.34190004681843,3.87999999979208,13.2139921810161,1.74890369897133,-0.00287060249142932,0.200000000741467,2.22312593831098,-1.35519332978782,3.88000000000019,13.2101756199763,0.192242668319378,0.555906691792367,0.545000000044093,0.0336831398537218,-5.67594466325776,-0.0721084579073019,0.355834631848141,0.0042167
16.95,2.2796508963627,-1.28847638016816,3.88999999983014,13.2476680154429,1.72461483537105,-0.00292699277455206,0.20000000078115,2.2922497139855,-1.30149409563568,3.89000000000019,13.2437511932005,0.185103396144745,0.563706762926318,0.544999999890496,0.0346945224628843,-5.45137920632465,-0.203640230518993,0.353884946612254,0.0044434
17,2.34530800436706,-1.23353167730023,3.89999999986673,13.2822943721154,1.70021628098595,-0.00297115308412075,0.200000000682596,2.35856677469852,-1.24625479779959,3.90000000000019,13.2782838959948,0.179122008593398,0.571737514972142,0.544999999855525,0.0357356354704199,-5.2201076333478,-0.329753027127113,0.351884241434359,0.0050039
17.05,2.40809058814088,-1.17713374249957,3.90999999989761,13.3179131239617,1.67582533145889,-0.0030017227087714,0.200000000552568,2.42199589119772,-1.18954309522047,3.91000000000019,13.3138175379892,0.174379181188481,0.579968357693475,0.544999999864523,0.0368010281852773,-4.98241342341502,-0.450298119035494,0.3498389088539,0.0046991
17.1,2.46792220180303,-1.11935216542513,3.91999999992219,13.3545634843796,1.65156444227475,-0.00301733659929764,0.200000000430639,2.48245937205161,-1.13142845052546,3.92000000000019,13.3503934277017,0.170953998233404,0.588363052035311,0.544999999886393,0.0378839542768422,-4.73858788180668,-0.565133648059785,0.347757173668587,0.0050665
17.15,2.52473011491815,-1.06025822106523,3.92999999994117,13.3922810915278,1.62756095492954,-0.0030166663671149,0.200000000328393,2.53988315886306,-1.07198204498181,3.93000000000019,13.3880494213338,0.16892270243243,0.596879217722928,0.544999999909374,0.0389762527719472,-4.48892977343271,-0.674124800105153,0.345649219476,0.0047078
17.2,2.57844540628588,-0.999924764773494,3.93999999995555,13.4310969618338,1.60394670504162,-0.00299846641284299,0.200000000246829,2.59419691702997,-1.01127669134372,3.9400000000002,13.4268188279882,0.168357201088797,0.605467911683022,0.54499999992946,0.040068257552921,-4.23374494653704,-0.777143968491402,0.343527158211961,0.0046122
17.25,2.62900304986144,-0.938426122764386,3.94999999996631,13.4710363160728,1.58085749048049,-0.00296162356123186,0.200000000183343,2.64533412193879,-0.949386744697351,3.9500000000002,13.4667291743672,0.16932332192422,0.614073319094766,0.544999999559811,0.0411487512058764,-3.97334594740848,-0.874070906550564,0.341404822642423,0.0051409
17.3,2.67634199184571,-0.875837978698347,3.95999999996557,13.5121172896564,1.55843237736353,-0.0029052080311418,0.199999999787173,2.69323214048161,-0.886388011412108,3.9600000000002,13.5078008411216,0.171878824111438,0.622632607575907,0.545000000271731,0.0422049828894559,-3.70805162693308,-0.964792869072154,0.339297394102478,0.0041809
17.35,2.72040521803567,-0.81223725726633,3.96999999996104,13.5543495495971,1.53681282284051,-0.00282852323171499,0.200000000031731,2.73783230779244,-0.822357656308039,3.9700000000002,13.5500455946945,0.176071194381565,0.631075999297265,0.545000000081526,0.0432227658961431,-3.43818673991717,-1.04920474224809,0.337220851047639,0.0041236
17.4,2.76113981066557,-0.747702005968783,3.97999999996446,13.5977328533708,1.51614159709283,-0.0027311512535055,0.200000000105104,2.7790799991039,-0.757374108151952,3.9800000000002,13.5934650526482,0.181935270687701,0.639327124041414,0.545000000007784,0.0441866819340924,-3.1640815381951,-1.1272091618746,0.335191338196403,0.0042971
17.45,2.79849699419005,-0.682311276555715,3.98999999996989,13.6422556001315,1.49656149174955,-0.00261299091931226,0.20000000011211,2.81692469663126,-0.691516963596809,3.9900000000002,13.6380491365496,0.189490779005384,0.64730370886717,0.544999999982919,0.0450803982047918,-2.88607135860221,-1.1987166197017,0.333224454400986,0.0053642
17.5,2.83243216977694,-0.616145007816147,3.99999999997512,13.6878934405486,1.47821381091032,-0.00247428551342215,0.200000000096737,2.85132005139711,-0.624866889681399,4.0000000000002,13.6837745835009,0.198739886616891,0.654918656207848,0.544999999977662,0.0458871131076161,-2.60449620693354,-1.2636455579791,0.33133456387485,0.0053159
17.55,2.86290493868817,-0.549283911538969,4.00999999997945,13.7346080266037,1.46123665162912,-0.00231563710937643,0.200000000076633,2.88222393991694,-0.557505525009548,4.0100000000002,13.7306036036996,0.209664911951656,0.662081542907738,0.544999999979685,0.0465901248987434,-2.31970033901206,-1.32192245242395,0.32953419346404,0.0046022
17.6,2.88987911520403,-0.481809363485875,4.01999999998282,13.7823459955423,1.44576299482685,-0.00213800549257177,0.20000000005835,2.90959851567372,-0.489515379730385,4.0200000000002,13.7784827847524,0.22222635398321,0.668700546605179,0.544999999983745,0.0471735073317643,-2.03203183994915,-1.37348188401986,0.327833590211271,0.0044605
17.65,2.9133227302676,-0.413803301083875,4.02999999998538,13.8310382894908,1.43191864370341,-0.00194269051030656,0.20000000004372,2.93341025531793,-0.420979734443395,4.03000000000019,13.8273423511365,0.236361419749828,0.674684769734327,0.544999999987905,0.0476228585616152,-1.74184220258857,-1.41826660023549,0.326240500976151,0.0043878
17.7,2.93320802754804,-0.345348129242858,4.03999999998729,13.8805999117488,1.41982006398071,-0.0017312980452335,0.200000000032835,2.9536299995392,-0.351982538154042,4.04000000000019,13.877095886346,0.251983228282115,0.679946888984456,0.544999999991381,0.0479260727195876,-1.44948590598127,-1.45622756640837,0.324760215572118,0.0042284
17.75,2.94951145408925,-0.276526635228719,4.04999999998874,13.9309302099427,1.40957219705873,-0.00150569135903772,0.200000000025078,2.97023298856493,-0.282608305407463,4.05000000000019,13.9276406133528,0.268980849386943,0.684406012655272,0.544999999993963,0.0480740696584278,-1.15531999454439,-1.48732400815737,0.323395885324927,0.004301
17.8,2.96221364806444,-0.207421912892272,4.05999999998986,13.9819137535967,1.40126633140833,-0.00126793119080892,0.200000000019645,2.98319889225202,-0.212942012729168,4.06000000000018,13.9788583045323,0.287220293466538,0.687990587161052,0.544999999995873,0.0480614109950076,-0.859703658322318,-1.51152344575047,0.322149092294268,0.0041156
17.85,2.97129942633805,-0.138117295810131,4.06999999999075,14.0334218392705,1.39497812702858,-0.00102020943220278,0.20000000001593,2.99251183474696,-0.143068994502506,4.07000000000018,14.030616855267,0.306546504956279,0.690641163872583,0.544999999996941,0.047886732773352,-0.562997814504843,-1.52880172134771,0.321020605277672,0.0041613
17.9,2.97675777449229,-0.0686962981015046,4.07999999999147,14.0853146122559,1.39076589052708,-0.000764782152358274,0.200000000013177,2.99816041369917,-0.0730748384130555,4.08000000000018,14.082772508274,0.326786332502563,0.692312824683505,0.544999999997541,0.0475529384017618,-0.26556469008744,-1.53914301995559,0.320011224047964,0.0044179
17.95,2.97858184167957,0.000757439072368445,4.08999999999208,14.1374437440259,1.38866919293553,-0.00050390802390857,0.200000000010964,3.00013771401979,-0.00304528058985444,4.09000000000018,14.1351726627878,0.347752361700652,0.692977075923554,0.544999999997812,0.0470671193488979,0.0322325946942504,-1.5425398847668,0.319122590967429,0.0045379
