Time,X,Y,Z,Psi,Vx_B,Vy_B,Vz_B,Ref_X,Ref_Y,Ref_Z,Ref_Psi,Ux,Uy,Uz,Upsi,Int_X,Int_Y,Cost,CalcTime
0,1,0,0.5,1.5707963267949,1,6.12323399573677e-17,0.2,1,0,0.5,1.5707963267949,0.267239751070212,0.541529806036307,0.544999998899413,0.0471017815361058,0,0,0.246468420570538,0.0060621
0.05,0.998579182650825,0.0500189905191604,0.509999999975237,1.62105933295442,1.00186753577831,0.00648571588485742,0.199999999009472,0.998750260394966,0.0499791692706783,0.51,1.6207963267949,0.262009093433077,0.525107783854392,0.544999999860757,0.0455118109733897,0.0999526322248486,0.00250083419395065,0.223990459465851,0.0049698
0.1,0.994365364271465,0.0999691416002986,0.519999999922578,1.67156583694994,1.00343993470491,0.0108090228803699,0.199999998884153,0.995004165278026,0.0998334166468282,0.52,1.67079632679489,0.257004123620715,0.511620220670721,0.545000000193782,0.045306768695594,0.199622729752686,0.0100014968192865,0.207373290608077,0.0048423
0.15,0.987450826799036,0.149690386197815,0.529999999871145,1.72204868834543,1.00465573273393,0.0135982279946118,0.199999999058556,0.988771077936042,0.149438132473599,0.53,1.72079632679489,0.252413457084387,0.500714215042987,0.545000000272487,0.0452353144945901,0.298735674214059,0.0224870255876779,0.194657732443482,0.0050084
0.2,0.977920496964979,0.199031471304935,0.539999999830204,1.77247985745419,1.0054964932347,0.0151983111385474,0.199999999303795,0.980066577841242,0.198669330795061,0.54,1.77079632679489,0.248306633778529,0.492020049140426,0.545000000256279,0.0451838570901215,0.397025695286118,0.0399268959501883,0.184569929624378,0.0047665
0.25,0.965853432296315,0.247849209251596,0.54999999980116,1.8228557892267,1.00596675820599,0.0158850400024933,0.199999999534446,0.968912421710645,0.247403959254523,0.55,1.82079632679489,0.244719185261393,0.485198354495239,0.545000000215051,0.0451413298889354,0.494235209190879,0.0622758693579142,0.176250590719329,0.0040171
0.3,0.951324277979796,0.296007569123854,0.559999999782721,1.87317720967777,1.00608723834218,0.0158884891038348,0.199999999727991,0.955336489125607,0.29552020666134,0.56,1.87079632679489,0.241662925452593,0.479944182739625,0.545000000171155,0.0451060778128297,0.590114305653877,0.0894747533868988,0.169126186169173,0.0042491
0.35,0.934404592605301,0.343376905531531,0.569999999772971,1.92344666522732,1.00588989108026,0.0153992839964538,0.199999999882031,0.93937271284738,0.342897807455452,0.57,1.92079632679489,0.239130938274655,0.475986789268774,0.545000000115638,0.0450772725660618,0.684420374127388,0.121451077600768,0.162813992662803,0.0045537
0.4,0.91516403336905,0.389833331891837,0.579999999769675,1.97366781938014,1.00541388984286,0.0145731899776629,0.199999999986104,0.921060994002887,0.389418342308651,0.58,1.97079632679489,0.237101755450059,0.473088415379121,0.545000000051984,0.0450541538850702,0.776917855564743,0.158119699615633,0.157059067877435,0.0045559
0.45,0.893671402076483,0.435258224203334,0.58999999977015,2.02384501095486,1.00470233738445,0.0135354098465572,0.200000000032889,0.900447102352679,0.434965534111231,0.59,2.02079632679489,0.235543072126135,0.471042527458384,0.545000000028066,0.0450359825585771,0.86737810572724,0.199383355146883,0.151693182615708,0.0047866
0.5,0.869995556243616,0.479537839968803,0.599999999772426,2.07398292072875,1.00379964772855,0.0123846530787309,0.200000000058149,0.877582561890375,0.479425538604204,0.6,2.07079632679489,0.234415003203063,0.469671689363491,0.545000000018849,0.0450220526681039,0.955579356302121,0.245133164316862,0.146608052671231,0.0054567
0.55,0.844206191273408,0.52256303755992,0.609999999775757,2.12408631855471,1.00274952171185,0.0111969368262043,0.200000000075113,0.852524522059508,0.52268722893066,0.61,2.12079632679489,0.233672876431535,0.468825200115909,0.545000000014352,0.0450117042661647,1.0413067606289,0.295249104995815,0.141737685811502,0.0045817
0.6,0.816374500833067,0.564229082250284,0.619999999779836,2.1741598762114,1.00159343953473,0.0100290854728287,0.20000000008803,0.825335614909681,0.564642473395037,0.62,2.17079632679488,0.233269573250112,0.468376604532133,0.545000000010937,0.0450043319776957,1.12435251149013,0.349600462523277,0.137046453412627,0.0044206
0.65,0.786573723319188,0.604435526176173,0.629999999784483,2.22420803403799,1.00036959496994,0.00892190916996828,0.200000000097873,0.796083798549059,0.605186405736041,0.63,2.22079632679488,0.233157442287515,0.468221165174608,0.545000000007524,0.0449993899282949,1.20451601917602,0.408046263830861,0.132520727842953,0.0045033
0.7,0.754879582744668,0.643086150557022,0.639999999789546,2.27423491109865,0.999112199641425,0.00790305388005149,0.200000000104644,0.764842187284493,0.644217687237693,0.64,2.27079632679488,0.233289819279447,0.468273366123623,0.545000000003973,0.0449963937220319,1.28160413884609,0.470435702766823,0.128162749293206,0.0039981
0.75,0.721370632571714,0.680088959584218,0.649999999794868,2.3242442500808,0.997851091124499,0.00698952522736375,0.20000000010822,0.731688868873826,0.681638760023337,0.65,2.32079632679488,0.233622192542958,0.468464503227062,0.545000000000437,0.0449949201253614,1.35543143705532,0.536608562309869,0.123985920438428,0.0043502
0.8,0.686128511001006,0.715356216440866,0.659999999800289,2.37423938943618,0.996611584877435,0.00618989606971525,0.200000000108613,0.696706709347171,0.717356090899526,0.66,2.37079632679488,0.234113055774264,0.468740401609878,0.544999999997097,0.0449946050192241,1.42582048816603,0.606395638353556,0.120011063888969,0.0037938
0.85,0.649238116053105,0.748804512927507,0.669999999805654,2.42422325643979,0.995414516698106,0.00550621341742822,0.200000000106,0.659983145884988,0.751280405140297,0.67,2.42079632679488,0.234724490458975,0.469059289273232,0.544999999994088,0.0449951400933776,1.49260219220984,0.679619168839881,0.11626338099904,0.0045403
0.9,0.610787708483197,0.780354865126434,0.679999999810821,2.47419837587585,0.994276429151691,0.00493562440245041,0.200000000100679,0.621609968270671,0.783326909627488,0.68,2.47079632679488,0.235422519156003,0.469389845486385,0.544999999991485,0.0449962686781215,1.55561610658385,0.756093271216589,0.112769967561897,0.0043697
0.95,0.570868950187347,0.809932828431553,0.689999999815664,2.52416688997226,0.9932098619872,0.00447174369436904,0.200000000093015,0.58168308946389,0.813415504789379,0.69,2.52079632679488,0.23617726878071,0.469709434243173,0.54499999998931,0.0449977810385037,1.61471078475086,0.835624390481208,0.109557804425411,0.0043251
1,0.529576885315135,0.837468626097043,0.699999999820074,2.57413058600318,0.992223712783824,0.00410578630668845,0.200000000083394,0.540302305868147,0.841470984807903,0.7,2.57079632679488,0.236962980124242,0.470002526170375,0.54499999998755,0.0449995093942956,1.66974411585734,0.918011759449452,0.106652170932491,0.0047275
1.05,0.487009870822963,0.862897286214205,0.709999999823963,2.62409092867297,0.991323639834437,0.00382749034820822,0.200000000072189,0.497571047891735,0.867423225594024,0.71,2.62079632679488,0.237757896486788,0.470259306780815,0.544999999986169,0.0450013228748569,1.72058365988063,1.00304787233933,0.104075440682148,0.0042163
1.1,0.443269462703048,0.88615878271222,0.719999999827262,2.67404909499302,0.990512484519809,0.00362585413920375,0.200000000059741,0.453596121425586,0.891207360061444,0.720000000000001,2.67079632679488,0.238544060694068,0.470474464701308,0.544999999985127,0.0450031225710136,1.76710697356552,1.09051897228813,0.101846221512891,0.0044153
1.15,0.398460263620203,0.907198176596711,0.729999999829914,2.72400600987344,0.989790695122714,0.00348971139555071,0.200000000046355,0.408487440884166,0.91276394026053,0.730000000000001,2.72079632679488,0.239307046081011,0.470646150318922,0.544999999984375,0.045004836805563,1.80920192300828,1.18020555301052,0.099978800313768,0.0042156
1.2,0.352689737193693,0.925965754193122,0.73999999983188,2.77396238108468,0.989156738169898,0.00340816702899297,0.200000000032293,0.362357754476683,0.932039085967237,0.740000000000001,2.77079632679487,0.240035643395378,0.470775093030407,0.544999999983871,0.045006416709612,1.8467669792952,1.2718828744555,0.0984828513405643,0.0045501
1.25,0.306067993683607,0.942417159653805,0.749999999833132,2.8239187326063,0.988607486983006,0.00337091464106962,0.200000000017777,0.315322362395278,0.948984619355597,0.750000000000001,2.82079632679487,0.240721522094126,0.470863863808414,0.544999999983576,0.0450078321630087,1.87971149410173,1.36532149202182,0.0973633656784563,0.0050741
1.3,0.2587075513869,0.9565135194227,0.759999999833651,2.87387543568006,0.988138580190659,0.00336845510564772,0.200000000002995,0.267498828624597,0.963558185417205,0.760000000000001,2.87079632679487,0.241358881246695,0.470916268984938,0.544999999983464,0.0450090681331957,1.90795595261171,1.46028779863956,0.096620759916967,0.0042238
1.35,0.210723077622099,0.968221556734259,0.769999999833429,2.92383273712927,0.987744745535521,0.00339223382751553,0.199999999988113,0.219006687093052,0.975723357826673,0.770000000000001,2.92079632679487,0.241944102268555,0.470936860878168,0.544999999983509,0.0450101214273932,1.93143220152511,1.55654457881436,0.0962511240161066,0.004326
1.4,0.162231112786329,0.97751369455863,0.779999999832463,2.97379078470312,0.987420086440276,0.00343471240372607,0.199999999973271,0.169967142900251,0.985449729988475,0.780000000000002,2.97079632679487,0.242475413014136,0.47093055104594,0.5449999999837,0.0450109978575723,1.95008365029036,1.65385157355588,0.0962465714911752,0.0051436
1.45,0.113349780605543,0.984368145697803,0.78999999983076,3.02374964935938,0.987158330516887,0.00348938855829751,0.199999999958602,0.120502769367377,0.992712991037604,0.790000000000002,3.02079632679487,0.242952570373611,0.470902312441907,0.544999999984026,0.0450117098057756,1.96386544402745,1.75196605496796,0.0965956590666501,0.0048772
1.5,0.064198487368716,0.988768988992046,0.799999999828331,3.07370934451775,0.986953040557537,0.00355077641530378,0.199999999944225,0.0707372016677132,0.997494986604071,0.800000000000002,3.07079632679487,0.243376566444752,0.470856957494522,0.544999999984485,0.0450122741685208,1.97274460690342,1.85064340916163,0.097283847473442,0.0044905
1.55,0.0148976126390852,0.990706230816921,0.809999999825193,3.12366984240468,0.986797789576906,0.00361435745534654,0.199999999930261,0.0207948278031027,0.999783764189375,0.810000000000002,3.12079632679487,0.243749361581296,0.470798980051191,0.544999999985074,0.0450127106527757,1.97670015498539,1.94963772605924,0.0982939797563514,0.0046464
1.6,-0.0344318063310624,0.990175851242549,0.819999999821371,3.17363108767335,0.986686302226798,0.00367651089155079,0.199999999916828,-0.0291995223012785,0.999573603041525,0.820000000000002,3.17079632679487,0.244073646138017,0.470732450167878,0.544999999985791,0.0450130403920269,1.97572317783247,2.04870239458593,0.09960675805426,0.0045658
1.65,-0.0836683944925437,0.987179834392434,0.829999999816892,3.22359300852391,0.986612565416496,0.0037344307210882,0.19999999990404,-0.0791208888067239,0.99686502845394,0.830000000000002,3.22079632679487,0.244352631520206,0.47066095182565,0.544999999986641,0.0450132848487729,1.96981688829815,2.1475907016903,0.101201204118513,0.0038944
1.7,-0.132690761418282,0.981726182682379,0.839999999811794,3.27355552557388,0.98657091128438,0.003786035367393,0.199999999892017,-0.128844494295515,0.99166481045249,0.840000000000003,3.27079632679487,0.244589870178207,0.470587554777605,0.544999999987618,0.0450134649691111,1.95899664020307,2.24605643359693,0.103055092716236,0.0065184
1.75,-0.181377824653074,0.973828914744144,0.849999999806116,3.32351855873912,0.986556075813875,0.00382987463153811,0.199999999880873,-0.178246055649482,0.98398594687396,0.850000000000003,3.32079632679487,0.244789103440462,0.470514812837197,0.54499999998872,0.0450136005555413,1.94328991370682,2.34385447766837,0.105145350452864,0.0038992
1.8,-0.22960913255894,0.96350804694598,0.859999999799906,3.37348203238568,0.986563236402331,0.00386503761871217,0.199999999870721,-0.227202094693078,0.973847630878219,0.860000000000003,3.37079632679487,0.244954135525345,0.470444781986247,0.544999999989937,0.0450137098255165,1.92273626835862,2.4407414232395,0.107448415414487,0.0036166
1.85,-0.277265185360972,0.950789558515787,0.869999999793215,3.42344587900491,0.98658803160402,0.00389106439371019,0.199999999861664,-0.275590246824504,0.961275202975325,0.870000000000003,3.42079632679487,0.245088731686288,0.470379052687574,0.544999999991257,0.0450138091252693,1.89738726394321,2.53647615978375,0.109940555382499,0.0053674
1.9,-0.324227753220225,0.935705340354188,0.879999999786102,3.47341004164977,0.986626566103637,0.00390786334118742,0.199999999853796,-0.323289566863495,0.946300087687441,0.880000000000003,3.47079632679487,0.245196538201489,0.470318791719056,0.544999999992664,0.0450139127709101,1.86730634936144,2.63082047077514,0.112598144240687,0.0042745
1.95,-0.370380190265497,0.918293127696408,0.889999999778627,3.52337447535256,0.986675403756831,0.00391563555336027,0.199999999847194,-0.370180831351279,0.928959715003897,0.890000000000004,3.52079632679487,0.245281021794509,0.470264789694816,0.544999999994141,0.045014032991527,1.83256871989722,2.7235396216223,0.115397897623772,0.0044641
2,-0.415607743607013,0.898596416844815,0.899999999770854,3.57333914772324,0.98673155127804,0.00391480702969551,0.199999999841921,-0.416146836547135,0.90929742682571,0.900000000000004,3.57079632679487,0.24534542604333,0.470217511199447,0.544999999995682,0.0450141799518549,1.79326114332436,2.81440294007035,0.118317069899902,0.0042484
2.05,-0.459797856433895,0.876664366249925,0.909999999762853,3.62330403890591,0.986792434879198,0.00390596903876686,0.199999999838034,-0.461072691376705,0.887362368633405,0.910000000000004,3.62079632679487,0.24539274238252,0.470177145133025,0.544999999997219,0.0450143618349656,1.74948175540065,2.9031843874907,0.121333615294174,0.0046739
2.1,-0.502840464365809,0.852551682267432,0.919999999754692,3.67326914104864,0.986855871878322,0.00388982665050599,0.199999999835532,-0.50484610459985,0.863209366648905,0.920000000000004,3.67079632679487,0.245425693380406,0.470143653406989,0.54499999998809,0.0450145849669533,1.70133982538287,2.98966311951,0.124426316405277,0.0048076
2.15,-0.544628284288829,0.82631848996375,0.929999999746201,3.72323445741991,0.986920039012142,0.00386715518194257,0.199999999824813,-0.547357665480265,0.83689879079853,0.930000000000004,3.72079632679487,0.245446726267272,0.470116816837829,0.544999999975766,0.0450148539752435,1.64895549227625,3.07362403446386,0.12757488357137,0.0044103
2.2,-0.58505709495795,0.798030189382688,0.939999999736897,3.77320000128484,0.986983438927141,0.00383876412494981,0.199999999803002,-0.58850111725534,0.808496403819624,0.940000000000004,3.77079632679487,0.245458014596713,0.470096277106693,0.544999999973951,0.0450151719595306,1.5924594726062,3.15485830820057,0.130760028625583,0.004131
2.25,-0.624026008695018,0.767757297722583,0.94999999972646,3.82316579463475,0.987044866052602,0.00380546796792768,0.199999999779558,-0.628173622722734,0.778073196887956,0.950000000000004,3.82079632679487,0.245461466270458,0.470081574264548,0.544999999976038,0.0450155406695417,1.53199274056964,3.23316391380318,0.133963516480395,0.0038709
2.3,-0.6614377335523,0.735575277907396,0.959999999714899,3.87313186684538,0.987103372823631,0.0037680632449423,0.199999999757992,-0.66627602127982,0.745705212176756,0.960000000000004,3.87079632679487,0.245458736515766,0.470072179708301,0.544999999979313,0.0450159606888026,1.46770618148813,3.30834612484477,0.137168197780941,0.0036731
2.35,-0.697198825349629,0.701564354066012,0.969999999702333,3.92309825332393,0.987158237025348,0.00372731112285673,0.199999999739374,-0.70271307677355,0.711473352790881,0.970000000000005,3.92079632679487,0.245451244318615,0.470067524397936,0.544999999982723,0.0450164316096804,1.39976021954622,3.3802180008419,0.140358025672056,0.0036513
2.4,-0.731219929027723,0.665809314462286,0.979999999688913,3.97306499419146,0.987208930827634,0.00368392480689861,0.199999999723825,-0.737393715541243,0.675463180551189,0.980000000000005,3.97079632679487,0.245440191176675,0.47006702248052,0.544999999985909,0.0450169521996726,1.32832442085578,3.44860085362378,0.143518059422438,0.0035905
2.45,-0.763416008792748,0.628399302444938,0.989999999674787,4.0230321330346,0.987255091918435,0.0036385610645116,0.199999999711143,-0.770231254047305,0.637764702134543,0.990000000000005,4.02079632679487,0.245426581190257,0.470070090564691,0.544999999988786,0.0450175205554457,1.25357707294111,3.51332469339075,0.146634457357244,0.0034475
2.5,-0.793706566558044,0.589427596010971,0.999999999660092,4.07299971575058,0.98729649700272,0.00359181519970863,0.199999999701049,-0.801143615546933,0.598472144103996,1,4.07079632679487,0.245411241683501,0.470076162977053,0.544999999991371,0.0450181342427573,1.17570474179088,3.57422865329321,0.149694461249885,0.0042985
2.55,-0.822015848218744,0.548991376599033,1.00999999964495,4.1229677895009,0.987333037815934,0.00354421885588414,0.199999999693284,-0.830053535235222,0.557683717391458,1.01,4.12079632679487,0.245394843707226,0.470084703387979,0.544999999993713,0.0450187904213124,1.09490180767037,3.6311613914233,0.152686374030996,0.0044416
2.6,-0.848273037324194,0.507191487750339,1.01999999962947,4.17293640178208,0.987364699703603,0.00349624007954377,0.199999999687625,-0.856888753368948,0.515501371821506,1.02,4.17079632679487,0.245377921917532,0.470095213224402,0.544999999995858,0.0450194859542768,1.01136998093296,3.68398146917379,0.155599532394958,0.0044423
2.65,-0.87241243574198,0.464132184294339,1.02999999961376,4.22290559961624,0.987391542740995,0.0034482851369248,0.199999999683898,-0.881582195878288,0.472030541289925,1.03,4.22079632679487,0.245360893450079,0.470107237297041,0.544999999997844,0.0450202175027536,0.925317799111436,3.73255770498386,0.158424275628002,0.0048683
2.7,-0.894373630936305,0.419920872734449,1.03999999959791,4.27287542886001,0.987413685306202,0.00340070163705889,0.199999999681958,-0.904072142017064,0.427379880233873,1.04,4.27079632679487,0.245344075518999,0.470120367062863,0.544999999999705,0.0450209816058989,0.836960106609273,3.77676950255759,0.161151911750187,0.0046269
2.75,-0.914101649512596,0.374667843525799,1.049999999582,4.32284593362696,0.987431289974906,0.0033537825760444,0.199999999681692,-0.924302378632468,0.381660992052375,1.05,4.32079632679487,0.245327701562352,0.470134241924977,0.545000000001459,0.045021774747647,0.746517518347866,3.81650715270999,0.163774681857227,0.0040533
2.8,-0.931547096709814,0.328485995952155,1.05999999956612,4.37281715581631,0.987444551573179,0.00330777097636788,0.199999999683006,-0.942222340668664,0.334988150155949,1.06,4.37079632679487,0.24531193583356,0.470148548945264,0.545000000003126,0.0450225934112248,0.654215868759471,3.85167210806464,0.166285723368405,0.0036386
2.85,-0.946666281552003,0.281490556322931,1.06999999955034,4.42278913473941,0.987453687204057,0.0032628648507479,0.199999999685819,-0.957787237553097,0.28747801234259,1.07,4.42079632679487,0.245296886401927,0.470163021311764,0.54500000000471,0.0450234341227112,0.560285647545643,3.88217722989902,0.168679032732222,0.0037012
2.9,-0.95942132740134,0.233798790223519,1.07999999953473,4.47276190683412,0.987458928052494,0.00321922227119696,0.199999999690057,-0.970958165149599,0.239249329214028,1.08,4.47079632679487,0.245282616575914,0.470177435866679,0.54500000000622,0.0450242934849478,0.464961423648428,3.90794700650614,0.170949428010974,0.0041294
2.95,-0.969780267686278,0.185529709562986,1.08999999951937,4.52273550545731,0.987460512769771,0.00317696637030061,0.199999999695655,-0.981702202998464,0.190422647361073,1.09,4.52079632679487,0.24526915479714,0.470191609971739,0.545000000006151,0.045025168203004,0.368481258905747,3.92891774251467,0.173092511657732,0.0047727
3,-0.977717126610426,0.136803775172563,1.0999999995043,4.57270996074535,0.987458682240655,0.0031361901437099,0.199999999701191,-0.989992496600457,0.141120008059914,1.1,4.57079632679487,0.245256503101636,0.470205397917394,0.545000000003707,0.0450260551028512,0.271086112883442,3.94503771868518,0.175104633708691,0.004433
3.05,-0.983211984680458,0.0877425957161636,1.10999999948944,4.62268529953291,0.987453675545311,0.00309696095608388,0.199999999704527,-0.995808324539074,0.0914646422324838,1.11,4.62079632679487,0.245244644255423,0.470218687060317,0.545000000003644,0.0450269511443451,0.173019240394268,3.95626732177545,0.176982855543394,0.0041489
3.1,-0.986251028924874,0.0384686236804029,1.11999999947475,4.67266154532111,0.987445726939167,0.00305932468226632,0.199999999707806,-0.999135150273294,0.0415806624333377,1.11999999999999,4.67079632679486,0.245233547617635,0.470231393960847,0.545000000003444,0.0450278534279286,0.0745255832286358,3.96257914414431,0.178724914318264,0.0042109
3.15,-0.986826587709115,-0.0108951507836286,1.12999999946022,4.72263871828639,0.987435063681078,0.0030233094531308,0.199999999710906,-0.999964658471358,-0.00840724736710139,1.12999999999999,4.72079632679486,0.245223173962237,0.470243460457868,0.545000000005607,0.0450287591996736,-0.0241488423669974,3.96395805284072,0.180329188119719,0.0039286
3.2,-0.984937150087104,-0.06022550739152,1.13999999944589,4.77261683532269,0.987421904565719,0.00298892897647469,0.199999999715952,-0.998294775794771,-0.0583741434275325,1.13999999999999,4.77079632679486,0.245213479230672,0.470254850058532,0.544999999994746,0.0450296658501178,-0.122757560920416,3.96040122800185,0.181794661878395,0.0036814
3.25,-0.980587369664003,-0.1093993038527,1.14999999943157,4.82259591010975,0.987406459016629,0.00295618544961678,0.199999999711223,-0.994129676080566,-0.108195134530061,1.14999999999999,4.82079632679486,0.245204417635977,0.470265544161465,0.544999999987865,0.0450305709172333,-0.221054254124718,3.95191817046176,0.183120894015424,0.0036975
3.3,-0.97378805298085,-0.158293783817172,1.15999999941685,4.87257595320229,0.987388926641108,0.00292507203465773,0.199999999700302,-0.987479769908886,-0.157745694143201,1.15999999999999,4.87079632679486,0.2451959438237,0.470275538944301,0.544999999992209,0.0450314720796786,-0.31879337684151,3.93853067855,0.184307983850214,0.0035573
3.35,-0.964556132467249,-0.206786883867308,1.16999999940169,4.92255697213474,0.987369497122382,0.00289557495939773,0.19999999969329,-0.978361678581957,-0.206901971673352,1.16999999999999,4.92079632679486,0.245188014453065,0.470284842483493,0.545000000000006,0.0450323671528576,-0.415730771170449,3.92027279413671,0.185356539733432,0.0035112
3.4,-0.952914624043253,-0.25475753878322,1.17999999938636,4.97253897153685,0.98734835036547,0.00286767526553256,0.199999999693295,-0.966798192579486,-0.255541102026784,1.17999999999999,4.97079632679486,0.245180589335763,0.470293472044942,0.54500000000818,0.0450332540856945,-0.511624277045676,3.89719071805859,0.186267647875369,0.0036344
3.45,-0.938892569488084,-0.302085984315861,1.18999999937121,5.02252195325687,0.987325656829838,0.00284135022120827,0.199999999700657,-0.952818214594332,-0.303541512708383,1.18999999999999,5.02079632679486,0.245173632115895,0.470301451767677,0.545000000015638,0.0450341309551022,-0.606234337829657,3.8693426951365,0.187042841855942,0.003525
3.5,-0.922524963729382,-0.348654056709087,1.19999999935659,5.0725059164896,0.987301577983363,0.00281657444055668,0.199999999714731,-0.936456687290825,-0.350783227689574,1.19999999999999,5.07079632679486,0.245167110612002,0.470308810664754,0.545000000022085,0.0450349959608475,-0.699324599388489,3.83679886907204,0.187684072793129,0.0035062
3.55,-0.903852667242295,-0.39434548822064,1.20999999934282,5.12249085790688,0.987276266827705,0.00279332074656821,0.199999999734608,-0.917754505966307,-0.397148167285914,1.20999999999999,5.12079632679486,0.245160996895251,0.470315580928279,0.545000000027534,0.0450358474206025,-0.790662501149897,3.79964110758578,0.188193680152629,0.0035548
3.6,-0.882922303783253,-0.439046197902443,1.21999999933017,5.17247677178867,0.987249868455457,0.00277156081320938,0.199999999759389,-0.896758416334179,-0.442520443294807,1.21999999999999,5.17079632679486,0.245155267168101,0.470321796519802,0.545000000032093,0.0450366837652648,-0.880019857665849,3.75796279823429,0.188574363186316,0.0037547
3.65,-0.859786143718554,-0.482644576912853,1.22999999931887,5.22246365015363,0.987222520608576,0.00275126562132078,0.199999999788272,-0.873520897683972,-0.486786648655655,1.22999999999999,5.22079632679486,0.245149901498352,0.470327492023171,0.545000000035884,0.0450375035346339,-0.967173429225989,3.71186861541655,0.188829152992237,0.0040196
3.7,-0.834501973242629,-0.525031767647434,1.23999999930909,5.2724514828879,0.987194354215372,0.00273240576071957,0.199999999820568,-0.848100031710444,-0.52983614090845,1.23999999999998,5.27079632679486,0.245144883454684,0.470332701734682,0.545000000039019,0.0450383053735,-1.0519054800958,3.66147425915231,0.188961385194115,0.0043673
3.75,-0.807132949815179,-0.566101935990438,1.24999999930099,5.32244025787177,0.987165493890016,0.00271495160832609,0.199999999855685,-0.820559357339598,-0.571561318742301,1.24999999999998,5.32079632679486,0.245140199681684,0.470337458964011,0.545000000041586,0.0450390880281404,-1.13400432298464,3.60690616628565,0.18897467324338,0.0043643
3.8,-0.777747444179936,-0.605752536006499,1.25999999929471,5.37242996110358,0.987136058384071,0.00269887340920461,0.199999999893112,-0.790967711914456,-0.611857890942677,1.25999999999998,5.37079632679486,0.245135839445113,0.470341795519298,0.545000000043655,0.0450398503432332,-1.21326484838345,3.54830119483568,0.188872882351113,0.0043269
3.85,-0.746418869360703,-0.643884566410988,1.26999999929035,5.42242057682075,0.987106160984086,0.00268414128432429,0.199999999932401,-0.759399059137549,-0.650625137065126,1.26999999999998,5.42079632679486,0.245131794171561,0.470345741350334,0.545000000045273,0.0450405912591369,-1.28948903744976,3.48580628228382,0.188660104061655,0.0039703
3.9,-0.713225497062318,-0.680402818178057,1.27999999928799,5.47241208761791,0.987075909852936,0.002670725185731,0.199999999973147,-0.725932304200182,-0.687766159183934,1.27999999999998,5.47079632679486,0.245128057001057,0.470349324325043,0.545000000046479,0.0450413098095197,-1.36248645715877,3.41957807865182,0.188340631482072,0.0036898
3.95,-0.678250261935279,-0.715216112667504,1.28999999928769,5.52240447456197,0.987045408315427,0.00265859481677254,0.200000000014979,-0.690651096560551,-0.723188124086474,1.28999999999998,5.52079632679486,0.245124622366218,0.470352570116046,0.545000000047299,0.0450420051192547,-1.43207473648393,3.34978255528803,0.187918935185178,0.003538
4,-0.641580554192778,-0.748237529675294,1.29999999928951,5.5723977173045,0.987014755090793,0.00264771953211252,0.200000000057547,-0.653643620863657,-0.756802495307891,1.29999999999998,5.57079632679486,0.245121485607401,0.470355502176136,0.545000000047745,0.0450426764025539,-1.49808002241721,3.27659459033994,0.18739963980477,0.0037064
4.05,-0.6033080010978,-0.779384624837663,1.30999999929346,5.62239179419135,0.986984044476278,0.00263806822956588,0.200000000100518,-0.615002376525621,-0.788525254426159,1.30999999999998,5.62079632679486,0.245118642629844,0.470358141783521,0.545000000047827,0.0450433229612698,-1.56033741469031,3.20019753194931,0.18678750134324,0.0035773
4.1,-0.56352823786562,-0.808579635845321,1.31999999929956,5.67238668236972,0.98695336648698,0.00262960924331081,0.200000000143562,-0.574823946533316,-0.818277111064376,1.31999999999998,5.67079632679486,0.245116089605938,0.470360508139959,0.545000000047557,0.0450439441833105,-1.6186913781106,3.12078274026197,0.186087385212049,0.0035029
4.15,-0.522340668553419,-0.835749676952151,1.32999999930781,5.72238235789292,0.986922806957757,0.00262231024581657,0.200000000186363,-0.533208756037203,-0.845983701075414,1.32999999999998,5.72079632679486,0.245113822723595,0.470362618507138,0.545000000046929,0.0450445395411231,-1.67299613148181,3.03854910939738,0.185304245025271,0.0033839
4.2,-0.479848217533734,-0.860826921292023,1.33999999931818,5.77237879582285,0.986892447613244,0.00261613816387573,0.2000000002286,-0.490260821340749,-0.871575772413557,1.33999999999998,5.77079632679486,0.245111837921072,0.470364488475728,0.545000000028824,0.0450451085886918,-1.72311601213785,2.95370257057287,0.184443102176577,0.0037402
4.25,-0.436157072172031,-0.883748770547437,1.34999999933026,5.82237597033016,0.98686236610652,0.00261105912389059,0.200000000254541,-0.446087489913844,-0.894989358228555,1.34999999999997,5.82079632679486,0.245110130880617,0.470366131842489,0.545000000015101,0.0450456509647608,-1.76892581517883,2.86645557762504,0.183509026173058,0.0041748
4.3,-0.391376417350769,-0.90445801154617,1.35999999934333,5.87237385479278,0.98683263605318,0.00260703838540693,0.200000000268132,-0.400799172080027,-0.916165936749428,1.35999999999997,5.87079632679486,0.245108696796235,0.470367561014636,0.545000000011677,0.0450461663864109,-1.8103111065618,2.77702657621438,0.18250711581107,0.0042605
4.35,-0.345618162502673,-0.922902959394405,1.369999999357,5.92237242189256,0.986803327039434,0.00260404031877339,0.200000000278641,-0.354509065048185,-0.935052577558424,1.36999999999997,5.92079632679486,0.245107530260183,0.470368787236738,0.545000000009938,0.0450466546481255,-1.84716850926374,2.68563945804043,0.181442481169562,0.0052034
4.4,-0.298996661834758,-0.939037586787442,1.37999999937115,5.97237164370966,0.98677450461833,0.00260202840899874,0.200000000287585,-0.307332869978473,-0.951602073889493,1.37999999999997,5.97079632679486,0.245106625253481,0.47036982068161,0.545000000008727,0.0450471156215698,-1.87940596180159,2.59252300143174,0.180320226427954,0.0044156
4.45,-0.251628428441876,-0.952821639174526,1.38999999938573,6.02237149181507,0.986746230305603,0.00260096527108921,0.20000000029544,-0.259388502789681,-0.965773060620618,1.38999999999997,6.02079632679485,0.245105975108292,0.470370670637449,0.545000000006839,0.045047549252777,-1.90694294846339,2.49791029970963,0.179145433536756,0.0039927
4.5,-0.203631843023892,-0.964220735489765,1.39999999940065,6.07237193736124,0.986718561573202,0.00260081268667806,0.200000000301594,-0.210795799430835,-0.977530117665078,1.39999999999997,6.07079632679485,0.245105572522312,0.470371345634354,0.545000000008369,0.0450479555606396,-1.92971070067481,2.40203817875482,0.177923146737325,0.0036646
4.55,-0.155126857934192,-0.973206454197019,1.40999999941592,6.12237295117071,0.98669155184656,0.0026015316552916,0.200000000309126,-0.161676216353742,-0.986843858503219,1.40999999999997,6.12079632679485,0.245105409546024,0.470371853633857,0.545000000010689,0.0450483346336849,-1.947652368998,2.3051466052334,0.176658357949067,0.0034651
4.6,-0.106234697299023,-0.979756404433278,1.41999999943162,6.17237450382265,0.986665250503725,0.00260308246652179,0.200000000318746,-0.112152526935111,-0.993691003633449,1.41999999999997,6.17079632679485,0.245105477629977,0.470372202127029,0.545000000012806,0.0450486866284783,-1.96072316533245,2.20747808696169,0.175355993012599,0.00342
4.65,-0.0570775539570984,-0.98385428207233,1.42999999944784,6.22237656573712,0.986639702883027,0.00260542478303182,0.200000000330271,-0.0623485146070485,-0.998054438758866,1.42999999999997,6.22079632679485,0.245105767669791,0.470372398242683,0.545000000014399,0.0450490117669219,-1.96889047496269,2.10927706690942,0.174020898797419,0.003817
4.7,-0.00777828397694878,-0.985489910568389,1.43999999946468,6.27237910725705,0.986614950299377,0.00260851773483965,0.200000000343231,-0.0123886634629475,-0.999923257564089,1.43999999999997,6.27079632679485,0.245106270060488,0.470372448839558,0.545000000015416,0.0450493103335615,-1.97213393817237,2.0107893123566,0.172657831170097,0.0039609
4.75,0.0415399004843856,-0.984659266477365,1.44999999948219,6.32238209872783,0.986591030070416,0.0026123200226834,0.200000000357105,0.0376021528879196,-0.999292788975368,1.44999999999997,6.32079632679485,0.245106974757321,0.470372360583204,0.545000000015896,0.0450495826727912,-1.97044550122081,1.91226130073133,0.171271443818592,0.0039696
4.8,0.0907537392134683,-0.98136448959179,1.4599999995004,6.37238551057423,0.986567975553314,0.00261679002831874,0.200000000371411,0.0874989834393896,-0.996164608835833,1.45999999999997,6.37079632679485,0.245107871340743,0.470372140008531,0.5450000000159,0.0450498291859334,-1.96382943655449,1.81393960366456,0.169866277925674,0.0040926
4.85,0.139740232093249,-0.97561387766396,1.46999999951933,6.42238931337474,0.986545816192655,0.00262188592970888,0.200000000385721,0.137177112100851,-0.990546535966708,1.46999999999996,6.42079632679485,0.245108949083359,0.470371793568942,0.545000000015485,0.0450500503282045,-1.95230233220279,1.71607027080181,0.16844675268248,0.0041989
4.9,0.188376946606015,-0.967421865730378,1.47999999953897,6.47239347793295,0.986524577579515,0.00262756581919092,0.200000000399658,0.186512369422519,-0.982452612624329,1.47999999999996,6.47079632679485,0.245110197017249,0.470371327673554,0.545000000014701,0.0450502466055932,-1.93589305038464,1.61889821491281,0.167017156630933,0.0041396
4.95,0.236542323917582,-0.956808990089192,1.48999999955928,6.52239797534604,0.986504281521612,0.00263378782289027,0.200000000412888,0.235381442954395,-0.97190306940182,1.48999999999996,6.52079632679485,0.245111604000177,0.470370748713535,0.545000000013582,0.0450504185716442,-1.91464265542932,1.52266659983663,0.165581639821862,0.0038358
5,0.284115982777322,-0.943801837020673,1.49999999958023,6.57240277707016,0.986484946124163,0.00264051021980571,0.200000000425112,0.28366218546317,-0.958924274663139,1.49999999999996,6.57079632679485,0.245113158779593,0.470370063079276,0.545000000012154,0.0450505668242072,-1.88860431119174,1.42761623279283,0.164144206773857,0.0036818
5.05,0.330979020474029,-0.928432976379036,1.50999999960176,6.6224078549826,0.986466585880909,0.00264769155920459,0.200000000436051,0.331233920236698,-0.94354866863591,1.50999999999996,6.62079632679485,0.245114850053612,0.470369277169371,0.545000000010436,0.045050692002112,-1.85784314821862,1.33398496257822,0.162708710216054,0.0035413
5.1,0.377014310095003,-0.910740880221713,1.5199999996238,6.67241318144065,0.986449211774648,0.0026552907751189,0.200000000445443,0.377977742712926,-0.925814682327737,1.51999999999996,6.67079632679485,0.24511666646613,0.470368397311371,0.544999999984527,0.0450507947789353,-1.82243610099763,1.24200708515409,0.161278845626137,0.0034666
5.15,0.422106793344884,-0.890769826679948,1.52999999964572,6.72241872933673,0.986432831380172,0.00266326728897717,0.200000000431517,0.423776817679374,-0.905766641468712,1.52999999999996,6.72079632679485,0.245118596861567,0.470367430009827,0.544999999976158,0.0450508758702394,-1.78247171569659,1.15191275811035,0.159858146392915,0.0034199
5.2,0.466143768192105,-0.868569789310699,1.53999999966676,6.7724244721508,0.986417448995425,0.00267158113286682,0.20000000041006,0.468516671300324,-0.883454655720163,1.53999999999996,6.77079632679485,0.245120630131568,0.470366381705604,0.544999999980616,0.0450509360167286,-1.73804992887323,1.06392742547062,0.158449979881749,0.0042469
5.25,0.50901517062355,-0.844196312206643,1.54999999968683,6.82243038399926,0.986403065759605,0.00268019304252289,0.200000000392614,0.512085477241788,-0.858934493426603,1.54999999999996,6.82079632679485,0.245122755301384,0.47036525880058,0.544999999988341,0.0450509759869665,-1.68928181770908,0.978271254276748,0.157057544103623,0.0040969
5.3,0.550613849802592,-0.817710371177467,1.55999999970619,6.87243643967962,0.986389679781457,0.00268906454914572,0.200000000382121,0.55437433617911,-0.832267442223914,1.55999999999996,6.87079632679485,0.245124961590717,0.470364067669106,0.544999999995576,0.0450509965743767,-1.6362893223918,0.895158584361516,0.155683865068616,0.0038304
5.35,0.590835835942573,-0.789178221349557,1.5699999997252,6.92244261471173,0.986377286274855,0.00269815806739537,0.200000000378139,0.595277547988556,-0.803520155852171,1.56999999999996,6.92079632679485,0.24512723844929,0.470362814642244,0.545000000000977,0.0450509985934189,-1.57920494134036,0.81479739268527,0.154331794803614,0.0036771
5.4,0.629580600225861,-0.75867123156537,1.57999999974413,6.97244888537549,0.986365877698733,0.00270743697660128,0.200000000379018,0.634692875942586,-0.772764487556005,1.57999999999995,6.97079632679485,0.245129575588103,0.470361505990848,0.54500000000419,0.0450509828763358,-1.51817140003508,0.737388773575983,0.153004010000934,0.0037758
5.45,0.666751306118565,-0.726265705996831,1.58999999976317,7.02245522874497,0.986355443900485,0.00271686569509555,0.200000000382789,0.672521802248419,-0.740077310488914,1.58999999999995,7.02079632679485,0.245131963006766,0.470360147908152,0.545000000005215,0.0450509502700026,-1.4533412942806,0.663126436172231,0.151703011272245,0.004127
5.5,0.702255051452503,-0.6920426934191,1.59999999978243,7.07246162271896,0.986345972262028,0.00272640974759058,0.200000000387482,0.708669774291214,-0.705540325570413,1.59999999999995,7.07079632679485,0.245134391015525,0.470358746497518,0.545000000003729,0.0450509016328014,-1.38487670879393,0.592196220325673,0.150431122982532,0.0040436
5.55,0.736003100669153,-0.65608778462188,1.60999999980189,7.12246804604798,0.986337447847609,0.00273603582614407,0.200000000390839,0.743046440966366,-0.669239857276285,1.60999999999995,7.12079632679485,0.24513685020384,0.470357307943466,0.544999999982429,0.0450508378301074,-1.31294881207125,0.524775632173373,0.149190493662129,0.0040245
5.6,0.767911106644454,-0.618490898464914,1.61999999982104,7.17247447835746,0.986329853548178,0.0027457118640905,0.200000000375025,0.775565878510207,-0.631266637872346,1.61999999999995,7.17079632679485,0.245139331638472,0.470355837813818,0.544999999977576,0.0450507597377872,-1.23773742854649,0.461033400541129,0.147983096843096,0.0039018
5.65,0.797899321541109,-0.579346057113545,1.62999999983928,7.22248090016809,0.986323170243478,0.00275540703125332,0.200000000354843,0.806146805264675,-0.591715580631036,1.62999999999995,7.22079632679485,0.245141826670612,0.470354341834071,0.544999999977783,0.0450506682300286,-1.15943058911164,0.401129055286829,0.146810732538094,0.0038535
5.7,0.825892796161063,-0.538751151016378,1.63999999985652,7.27248729291261,0.986317376942723,0.00276509180565574,0.200000000334848,0.83471278483912,-0.550685542597665,1.63999999999995,7.27079632679485,0.245144327025985,0.47035282556909,0.544999999978912,0.0450505641825466,-1.07822406112247,0.345212528637934,0.145675029103183,0.003549
5.75,0.851821567298695,-0.496807694212393,1.64999999987279,7.3224936389489,0.986312450933311,0.00277473800716759,0.200000000315868,0.861192417161483,-0.508279077499287,1.64999999999995,7.32079632679485,0.245146824812763,0.470351294412441,0.544999999979435,0.0450504484687149,-0.994320859064939,0.293423780519722,0.144577445563171,0.0035802
5.8,0.875620832627188,-0.453620570579986,1.65999999988812,7.37249992157004,0.986308367928142,0.00278431882498111,0.20000000029736,0.885519516941283,-0.464602179413787,1.65999999999995,7.37079632679485,0.245149312527879,0.470349753573759,0.544999999979123,0.0450503219571114,-0.907930737105906,0.24589244881093,0.143519274355348,0.003474
5.85,0.897231112680999,-0.409297771662674,1.66999999990252,7.4225061250113,0.986305102211133,0.00279380883901146,0.20000000027857,0.90763327909838,-0.419764017839891,1.66999999999995,7.42079632679485,0.245151783060964,0.470348208068639,0.544999999978237,0.0450501855091441,-0.81926966479684,0.202737525401027,0.142501644461998,0.0033434
5.9,0.916598399529687,-0.363950126727178,1.67999999991596,7.47251223445404,0.986302626780429,0.00280318403561168,0.200000000258983,0.927478430744004,-0.373876664830269,1.67999999999995,7.47079632679485,0.245154229696415,0.47034666270998,0.544999999977148,0.0450500399768373,-0.728559287241495,0.164067058858862,0.141525524904921,0.0033374
5.95,0.933674291771635,-0.317691025729028,1.68999999992839,7.52251823602679,0.986300913488929,0.00281242181788576,0.200000000238416,0.945005369334198,-0.327054814869774,1.68999999999995,7.52079632679485,0.245156646114108,0.470345122099558,0.544999999976281,0.0450498862007451,-0.63602637107726,0.129977884455814,0.140591728574431,0.0035015
6,0.948416115510441,-0.270636135878526,1.69999999993978,7.5725241168034,0.98629993318178,0.00282150101075815,0.200000000217069,0.960170286650339,-0.27941549819896,1.69999999999994,7.57079632679485,0.245159026387824,0.470343590624436,0.544999999975548,0.0450497250079524,-0.541902237655334,0.100555382218211,0.13970091636828,0.0035844
6.05,0.960787031011809,-0.222903112515863,1.70999999995009,7.62252986479866,0.986299655830447,0.0028304018614523,0.200000000195062,0.972935278296872,-0.231077788299427,1.70999999999994,7.62079632679485,0.245161364983749,0.470342072449099,0.544999999974935,0.0450495572102738,-0.446422184836858,0.0758732636136738,0.138853601609721,0.003586
6.1,0.970756124774615,-0.17461130501838,1.71999999995927,7.67253546896124,0.986300050663229,0.00283910603507235,0.200000000172504,0.983268438442562,-0.182162504272131,1.71999999999994,7.67079632679485,0.245163656757795,0.470340571509277,0.544999999974513,0.0450493836025135,-0.349824898850599,0.0559933874044029,0.138050154721843,0.0039881
6.15,0.978298486786286,-0.125881458475359,1.72999999996733,7.72254091916431,0.986301086291934,0.00284759660561856,0.200000000149566,0.991143939568449,-0.132791908852554,1.72999999999994,7.72079632679485,0.245165857921417,0.470339219294842,0.544999989639555,0.0450492043716487,-0.252351857682531,0.040965605127552,0.13729081645086,0.0034706
6.2,0.983395272427631,-0.0768354119342282,1.73999999974169,7.77254620611841,0.986302727312908,0.00285587149157539,0.199999990825165,0.9965420970232,-0.0830894028175335,1.73999999999994,7.77079632679485,0.245168073340218,0.470337645222726,0.545000004860134,0.0450490222390943,-0.154246727500295,0.0308276365868088,0.136575667870403,0.0034503
6.25,0.986033750224859,-0.0275957937621403,1.74999999939231,7.82255132155629,0.986304948512132,0.00286389062013964,0.199999995199286,0.999449418224484,-0.033179216547594,1.74999999999994,7.82079632679485,0.245170208518988,0.470336178746217,0.545000005012547,0.0450488356098285,-0.0557547536217309,0.0256049756651324,0.135904693536588,0.0032943
6.3,0.986207333762868,0.021714284924337,1.75999999926505,7.87255625812296,0.986307714871475,0.0028716495717046,0.199999999710578,0.999858636383402,0.0168139004843125,1.75999999999994,7.87079632679485,0.24517227062688,0.470334777388954,0.54500000240025,0.0450486462510976,0.0428778525544798,0.0253108267128809,0.135277740575089,0.0032448
6.35,0.983915597375703,0.0709715378473199,1.76999999930459,7.92256100921226,0.986310992647213,0.00287914056829875,0.200000001870803,0.997768728667673,0.0667649915215183,1.76999999999994,7.92079632679485,0.24517426301177,0.470333418206427,0.54500000058498,0.0450484547934402,0.141404528950609,0.0299460716433635,0.134694541727696,0.003238
6.4,0.979164277384847,0.120052811732347,1.77999999941129,7.97256556908979,0.986314748842154,0.00288635440154278,0.200000002397284,0.993184918758184,0.116549204850456,1.77999999999994,7.97079632679485,0.245176185552368,0.470332095681727,0.54499999981329,0.0450482618773247,0.239578979076064,0.0394992678243845,0.134154719527529,0.0032111
6.45,0.971965257828604,0.168835394143565,1.78999999952695,8.02256993285612,0.98631895081985,0.00289328228157728,0.200000002229245,0.986118663792507,0.16604210586492,1.78999999999994,8.02079632679484,0.245178036196087,0.470330810754297,0.544999999586498,0.0450480681320632,0.337155787641681,0.0539466767763956,0.133657791476638,0.0029445
6.5,0.962336540757384,0.217197320206111,1.79999999962911,8.07257409641795,0.98632356614242,0.00289991651444723,0.200000001857093,0.97658762572802,0.215119988087779,1.79999999999994,8.07079632679484,0.245179812604628,0.470329565619113,0.544999999568654,0.0450478741571372,0.433891033974284,0.0732523236049645,0.133203175639453,0.0029986
6.55,0.950302201214698,0.265017677450299,1.80999999971226,8.1225780564605,0.98632856259462,0.0029062506274568,0.200000001468881,0.964615627196218,0.263660182372742,1.80999999999994,8.12079632679483,0.245181511936145,0.470328364121108,0.544999999449422,0.045047680513822,0.529542901694034,0.0973680870178908,0.13279019594921,0.0029963
6.6,0.93589232703074,0.312176908017367,1.81999999977332,8.1725818104176,0.986333908192974,0.00291227953446683,0.200000000973361,0.950232591958533,0.311541363513343,1.81999999999993,8.17079632679482,0.245183131538457,0.470327211150291,0.544999999012656,0.0450474877788436,0.623872283129408,0.12623381970117,0.132418088394377,0.0029663
6.65,0.919142943581033,0.358557107471119,1.82999999979977,8.22258535644589,0.986339571269582,0.00291799962868529,0.200000000084752,0.933474470112519,0.358643853492766,1.82999999999993,8.22079632679481,0.245184668896015,0.470326112944832,0.544999998088137,0.0450472964622762,0.71664337695835,0.159777498752069,0.132086006702784,0.0030711
6.7,0.900095923700113,0.404042319468908,1.83999999976099,8.27258869339798,0.986345520553759,0.002923408902046,0.199999998364075,0.914383148235331,0.404849920616566,1.83999999999993,8.2707963267948,0.245186123094315,0.470325071638608,0.544999996873152,0.0450471070539811,0.807624277581312,0.197915405792528,0.131793030750678,0.0030599
6.75,0.878798882987597,0.448518825563178,1.84999999960884,8.32259182079123,0.986351725388016,0.0029285064922613,0.199999995549913,0.893006344689093,0.450044073780587,1.84999999999993,8.32079632679479,0.245187492425753,0.470324088907694,0.54499999538432,0.045046919970863,0.896587554753057,0.240552336312141,0.131538167471268,0.0031935
6.8,0.855305060772936,0.491875429410416,1.85999999928248,8.37259473877159,0.986358155689429,0.00293329261835177,0.199999991395801,0.869397490349846,0.49411335113858,1.85999999999993,8.37079632679478,0.245188778349044,0.470323158239371,0.544999994278429,0.0450467356981645,0.983310822025789,0.287581837717757,0.131320366555182,0.0033163
6.85,0.829673187042196,0.534003734688925,1.86999999872354,8.42259744808567,0.986364782279713,0.00293776769830453,0.199999986246387,0.843615595058186,0.536947602447986,1.86999999999993,8.42079632679478,0.245190057909381,0.47032200777879,0.545000015373769,0.0450465560669934,1.06757729258402,0.338886475494965,0.131138625067999,0.0036938
6.9,0.801967336127233,0.574798416573627,1.87999999838176,8.47259995023915,0.986371583645266,0.00294190438658552,0.20000000008278,0.815725100125389,0.578439764388178,1.87999999999993,8.47079632679477,0.245191189101662,0.470321149704354,0.545000005030422,0.0450463782884815,1.14917632109983,0.394338126836154,0.130991592772883,0.0040872
6.95,0.77225676605271,0.614157484509267,1.88999999849909,8.52260224718765,0.986378524786198,0.00294573009841424,0.200000004610159,0.785795717263698,0.618486128163006,1.88999999999993,8.52079632679476,0.245192240382421,0.470320339786105,0.545000000919382,0.0450462051886384,1.22790393026826,0.453798301021839,0.130878138991678,0.0039011
7,0.740615744945648,0.651982536564936,1.89999999875028,8.57260434127049,0.986385579070581,0.00294924745988291,0.200000005437603,0.753902254343347,0.656986598718775,1.89999999999993,8.57079632679475,0.245193212058062,0.470319578308653,0.544999999439098,0.0450460364898703,1.30356332057978,0.517118485612447,0.130797011638601,0.0038961
7.05,0.707123365845161,0.68817900584473,1.90999999900954,8.62260623542278,0.986392720702432,0.00295245979091702,0.200000004932791,0.720124428411842,0.693844944929755,1.90999999999993,8.62079632679474,0.24519410465835,0.47031886544686,0.544999999033114,0.0450458724527239,1.37596536218121,0.584140517716716,0.130746922659448,0.0037175
7.1,0.671863348994404,0.722656396825485,1.91999999923443,8.67260793304431,0.986399924759269,0.00295537116555328,0.200000004062593,0.68454666644286,0.728969040125873,1.91999999999993,8.67079632679473,0.245194918939654,0.470318201230737,0.544999999037673,0.0450457133487318,1.44492906758004,0.654696979394474,0.130726553308066,0.0035742
7.15,0.634923832569052,0.755328511517083,1.9299999994159,8.72260943796213,0.986407167229164,0.00295798637425273,0.200000003196499,0.647257894312784,0.762271092361414,1.92999999999993,8.72079632679473,0.245195655874694,0.47031758554943,0.544999999176475,0.0450455594260987,1.51028204399542,0.728611616189131,0.130734559274637,0.0034372
7.2,0.5963971523655,0.786113664880458,1.9399999995572,8.77261075439973,0.986414425043815,0.00296031087922922,0.200000002455327,0.60835131453232,0.793667863849163,1.93999999999992,8.77079632679472,0.245196316639919,0.470317018154805,0.544999999339694,0.0450454109069593,1.57186092422562,0.805699777743689,0.130769575668631,0.0037707
7.25,0.556379610999487,0.814934888965079,1.94999999966511,8.82261188694698,0.986421676107316,0.00296235076878659,0.200000001861051,0.567924173288766,0.823080879011522,1.94999999999992,8.82079632679471,0.245196902602219,0.470316498665644,0.544999999487784,0.0450452679875889,1.62951177495506,0.885768879398894,0.130830221847525,0.0037457
7.3,0.514971237192029,0.841720125255938,1.95999999974664,8.87261284053026,0.986428899320639,0.00296411271140779,0.200000001400057,0.526077517381181,0.850436620628589,1.95999999999992,8.8707963267947,0.245197415305228,0.470316026572646,0.544999999609885,0.0450451308389501,1.68309048148069,0.968618883619742,0.13091510608336,0.004089
7.35,0.472275535744315,0.866402404749507,1.96999999980786,8.92261362038306,0.986436074601898,0.00296560390986303,0.200000001048954,0.482915941656019,0.875666713592916,1.96999999999992,8.92079632679469,0.245197856455459,0.470315601243948,0.544999999706111,0.0450449996072856,1.73246310789626,1.05404280004701,0.131022830059939,0.0041804
7.4,0.428399228826461,0.888920015308771,1.9799999998537,8.9726142320168,0.986443182902474,0.00296683205552927,0.200000000784453,0.438547327574477,0.898708095811669,1.97999999999992,8.97079632679469,0.245198227908425,0.470315221931297,0.544999999780152,0.0450448744147947,1.77750623183452,1.14182720292395,0.131151993194481,0.0039104
7.45,0.383451989226709,0.909216655879272,1.98999999988797,9.02261468119219,0.98645020621913,0.00296780528311519,0.20000000058659,0.393082573565032,0.919503175829023,1.98999999999992,9.02079632679468,0.245198531654878,0.470314887776623,0.544999999836355,0.0450447553603257,1.81810725293083,1.23175276460491,0.131301196778203,0.0037668
7.5,0.337546166227723,0.927241577180897,1.99999999991362,9.07261497389116,0.986457127602246,0.00296853212595599,0.20000000043931,0.346635317835121,0.937999976774802,1.99999999999992,9.07079632679467,0.24519876980722,0.470314597819016,0.544999999878666,0.0450446425201358,1.85416467423737,1.32359480381235,0.13146904793128,0.0036534
7.55,0.290796504795069,0.942949708523926,2.00999999993286,9.12261511628923,0.986463931160316,0.00296902147203559,0.200000000330109,0.299321654334806,0.954152266279588,2.00999999999992,9.12079632679466,0.245198944586253,0.470314351001947,0.544999999910336,0.0450445359486588,1.88558835588485,1.41712384727216,0.131654163368336,0.003724
7.6,0.243319858779627,0.956301770432562,2.01999999994734,9.17261511472868,0.986470602060883,0.00296928252086972,0.200000000249412,0.251259842582358,0.967919672031571,2.01999999999992,9.17079632679465,0.245199058308234,0.470314146180696,0.544999999933922,0.0450444356793274,1.91229974035785,1.51210620332329,0.131855172971367,0.0035541
7.65,0.195234898850673,0.967264372794583,2.02999999995833,9.22261497569233,0.986477126528064,0.00296932474137735,0.200000000189942,0.20257001207705,0.979267782686297,2.02999999999992,9.22079632679464,0.245199113372369,0.470313982129934,0.544999999951405,0.0450443417254135,1.93423204882091,1.60830454606838,0.132070723167804,0.0035031
7.7,0.146661815889497,0.975810098291933,2.03999999996673,9.27261470577805,0.98648349183685,0.00296915783085042,0.200000000146207,0.153373862037973,0.98816823387711,2.03999999999992,9.27079632679463,0.24519911224873,0.470313857551265,0.54499999996428,0.0450442540808842,1.95133044800473,1.70547850860521,0.132299480112087,0.0033553
7.75,0.0977220205847594,0.981917570903847,2.04999999997324,9.32261431167415,0.986489686304362,0.00296879167510872,0.200000000114059,0.103794357219363,0.994598779111299,2.04999999999992,9.32079632679462,0.245199057466632,0.470313771080824,0.544999999973684,0.0450441727212951,1.96355218723578,1.80338528385642,0.132540132669793,0.0033267
7.8,0.0485378399803123,0.985571509311391,2.05999999997835,9.3726138001355,0.986495699278238,0.00296823630993062,0.200000000090375,0.0539554205627609,0.998543345374742,2.05999999999991,9.37079632679461,0.245198951603511,0.470313721296749,0.544999999980476,0.0450440976046883,1.97086670526662,1.90178023149593,0.132791395204115,0.0035512
7.85,-0.000767788266241434,0.986762765070017,2.06999999998243,9.4226131779606,0.986501521122344,0.00296750188382151,0.200000000072803,0.00398162345419126,0.99999207330607,2.06999999999991,9.42079632679461,0.245198727263994,0.470313950414917,0.544999980241077,0.0450440274116401,1.97325570664022,2.00041748945514,0.133051847271949,0.0030217
7.9,-0.0500716229674436,0.985488344821998,2.07999999954149,9.47261245180822,0.986507136920834,0.00296662427513628,0.199999982289772,-0.0460021256394249,0.998941341839938,2.07999999999991,9.4707963267946,0.245198557604779,0.470313835015392,0.545000002069988,0.0450439658888492,1.9707132074036,2.09905058845947,0.133320639436714,0.0029532
7.95,-0.0992504276751581,0.981751418765075,2.08999999870255,9.52261162855224,0.986512549379143,0.0029655739165631,0.199999984152761,-0.0958708933763868,0.995393777257801,2.08999999999991,9.52079632679459,0.245198335460695,0.470313791145225,0.545000008042051,0.0450439090602946,1.96324555006102,2.19743306805128,0.133596357098763,0.0029911
8,-0.148181278896555,0.97556131320898,2.09999999809114,9.57261071516642,0.986517750177463,0.00296436513140147,0.199999991390607,-0.145500033808504,0.989358246623579,2.09999999999991,9.57079632679458,0.245198065099073,0.47031381287589,0.545000007783498,0.0450438580854286,1.95087138767407,2.29531909274716,0.133877837396692,0.0030429
8.05,-0.196741873042002,0.966933486161546,2.1099999978358,9.62260971838277,0.986522732324149,0.00296301195702247,0.199999998395755,-0.194765499931055,0.980849835620612,2.10999999999991,9.62079632679458,0.24519775004732,0.47031389426076,0.545000005349299,0.0450438129321325,1.93362163721327,2.39246406653766,0.134163951805032,0.003926
8.1,-0.244810832086983,0.955889488710755,2.11999999787595,9.67260864487735,0.986527490028739,0.00296152790518046,0.200000003210125,-0.24354415373569,0.969889810845314,2.11999999999992,9.67079632679458,0.245197395549423,0.470314024427781,0.545000002808375,0.0450437735137714,1.91153940226854,2.48862524425356,0.134453619818475,0.0035085
8.15,-0.29226800693142,0.942456911190174,2.12999999809964,9.72260750126777,0.986532018801863,0.00295992540077255,0.200000005737662,-0.291714073991329,0.956505566651752,2.12999999999992,9.72079632679458,0.245197006005245,0.470314193332016,0.545000000852496,0.0450437396653266,1.88467986530248,2.58356233830837,0.13474579896135,0.0037518
8.2,-0.338994777699492,0.92666931425831,2.13999999840571,9.77260629409484,0.986536315287537,0.00295821584711024,0.200000006504908,-0.339154860983744,0.940730556680031,2.13999999999992,9.77079632679458,0.245196584629015,0.47031439425225,0.544999999522254,0.0450437112116775,1.85311014971422,2.67703811930203,0.135039482097596,0.0035235
8.25,-0.38487435021753,0.908566145044173,2.1499999987202,9.82260502979773,0.986540377075964,0.00295640996455109,0.200000006074937,-0.385747937452137,0.922604210239613,2.14999999999992,9.82079632679458,0.245196136147221,0.470314617978166,0.544999998961694,0.0450436879914521,1.8169091520581,2.76881900898438,0.135333713614801,0.0037927
8.3,-0.429792047935695,0.888192638575498,2.15999999900059,9.87260371469524,0.986544202788926,0.00295451751455737,0.200000005140462,-0.431376844970543,0.90217183375658,2.15999999999992,9.87079632679458,0.245195663424927,0.470314861512819,0.544999998846985,0.0450436698305845,1.77616734483644,2.85867566409516,0.135627573504893,0.0035123
8.35,-0.473635598557517,0.865599704729686,2.16999999923167,9.92260235497116,0.986547791838813,0.00295254793396768,0.200000004102748,-0.47592753503324,0.879484497531165,2.16999999999992,9.92079632679458,0.245195169261384,0.470315122208736,0.544999998973278,0.0450436565635192,1.73098655035843,2.94638354962114,0.135920186933093,0.0033226
8.4,-0.516295414652261,0.840843800985834,2.1799999994137,9.97260095666249,0.986551144386948,0.0029505103511764,0.200000003178699,-0.519288654116624,0.854598908088594,2.17999999999992,9.97079632679458,0.245194655916721,0.470315398671924,0.544999999160729,0.0450436480003659,1.68147968623116,3.03172350003559,0.136210721916709,0.0032733
8.45,-0.557664867554762,0.81398679130826,2.18999999955375,10.0225995256481,0.986554261259352,0.00294841369864502,0.200000002423355,-0.56135182200502,0.82757726644231,2.18999999999993,10.0207963267946,0.245194125600194,0.470315689594035,0.544999999336379,0.0450436439532553,1.62777048311923,3.11448226711682,0.136498390932938,0.0031417
8.5,-0.597640553868029,0.785095791515399,2.19999999965999,10.0725980676376,0.986557143915404,0.0029462667046992,0.200000001826096,-0.602011902684781,0.798487112623829,2.19999999999993,10.0707963267946,0.245193579762319,0.470315995300249,0.544999999326718,0.0450436442105495,1.56999317547859,3.19445305297617,0.136782449979365,0.0030588
8.55,-0.636122553900997,0.754243001520834,2.20999999973615,10.122596588159,0.986559794351005,0.0029440780499057,0.200000001220142,-0.641167267129569,0.767401156867838,2.20999999999993,10.1207963267946,0.245193019496967,0.470316317808925,0.544999998939876,0.0450436485922232,1.50829216603791,3.2714360269632,0.137062199794622,0.003193
8.6,-0.673014681391882,0.721505524863952,2.2199999997733,10.1725950925518,0.986562215051726,0.00294185652633703,0.200000000266031,-0.678720047319991,0.734397097874474,2.21999999999993,10.1707963267946,0.245192445119242,0.470316662661333,0.544999997865333,0.0450436568748533,1.44282166486658,3.34523882515582,0.137336985216269,0.0030565
8.65,-0.70822472388871,0.686965175979672,2.22999999973857,10.2225935859583,0.986564408917924,0.0029396113870793,0.199999998344831,-0.714576380862681,0.69955742860304,2.22999999999993,10.2207963267946,0.245191857450908,0.47031703438347,0.544999996011514,0.0450436688208579,1.37374530393227,3.41567703118658,0.137606198396449,0.0032266
8.7,-0.741664673191534,0.650708275695056,2.23999999956607,10.2725920733106,0.986566379324195,0.00293735222232601,0.199999994755194,-0.748646645597401,0.662969230082564,2.23999999999993,10.2707963267946,0.245191256507324,0.47031743664819,0.544999993272544,0.0450436841356467,1.30123572811269,3.48257463720304,0.137869274272527,0.0032998
8.75,-0.773250945288443,0.612825435473079,2.24999999915247,10.322590559312,0.986568130042115,0.00293508886118487,0.199999988700483,-0.780845683605763,0.624723953754583,2.24999999999994,10.3207963267946,0.245190721265714,0.470317596774012,0.545000011992996,0.0450437040258302,1.22547416368372,3.54576448381068,0.138125798614965,0.003736
8.8,-0.80290458992465,0.573411331225815,2.25999999885733,10.3725890486065,0.98656967232008,0.00293280226881222,0.19999999949418,-0.811093014061682,0.584917192892162,2.25999999999994,10.3707963267946,0.245190127685648,0.47031796237262,0.545000004010949,0.0450437255227952,1.14664996533922,3.60508867790959,0.138375127984431,0.0041859
8.85,-0.830551487492052,0.532564466445981,2.26999999892229,10.4225875455548,0.98657100509992,0.00293052035749228,0.200000003104034,-0.839313034391523,0.543648443666496,2.26999999999994,10.4207963267946,0.245189534527864,0.470318330738823,0.545000000818676,0.0450437504536607,1.06496014284249,3.6603989873911,0.138616901425745,0.0044832
8.9,-0.856122533672057,0.490386925753869,2.27999999909591,10.4725860541813,0.986572134001144,0.00292824962327618,0.200000003840842,-0.865435209241165,0.5010208564583,2.27999999999994,10.4707963267946,0.245188943401399,0.470318700736041,0.544999999652875,0.045043778125343,0.980608868653754,3.7115572116383,0.138850729684277,0.0050415
8.95,-0.879553812658416,0.446984119969938,2.28999999928014,10.5225845783744,0.986573064973236,0.00292599616170153,0.200000003528429,-0.889394246777649,0.457140978035577,2.28999999999994,10.5207963267946,0.245188355842568,0.470319071302702,0.544999999318255,0.0450438083026639,0.893806967625435,3.75843552696823,0.139076265159983,0.0039434
9,-0.90078675690996,0.402464522646146,2.29999999944123,10.5725831218056,0.986573804262888,0.00292376574750173,0.200000002914859,-0.911130261884758,0.412118485242185,2.29999999999994,10.5707963267946,0.245187773321434,0.470319441422507,0.544999999304234,0.0450438407806389,0.804771390053484,3.80091680614504,0.139293201042118,0.003821
9.05,-0.919768293536452,0.356939398942183,2.30999999957131,10.622581687923,0.986574358384362,0.00292156383736729,0.200000002288669,-0.930588925844623,0.366065910862845,2.30999999999994,10.6207963267946,0.245187197241442,0.470319810124356,0.544999999397627,0.045043875359279,0.713724669418619,3.83889491115795,0.139501270354048,0.0037624
9.1,-0.936450976951715,0.310522527524153,2.31999999967219,10.6725802799515,0.98657473409058,0.00291939556875423,0.200000001746534,-0.947721602131222,0.31909836234979,2.31999999999995,10.6707963267946,0.245186628937886,0.470320176481233,0.54499999951326,0.0450439118417024,0.620894366172701,3.87227495853223,0.13970024492467,0.0035613
9.15,-0.950793107462443,0.263329916180733,2.32999999974857,10.7225789008932,0.986574938344712,0.00291726575898334,0.200000001308468,-0.962485467976362,0.271333234114075,2.32999999999995,10.7207963267946,0.245186069675643,0.470320539611623,0.544999999619814,0.0450439500343081,0.526512498960393,3.90097355651009,0.13988993429161,0.0037069
9.2,-0.962758835496221,0.215479511867494,2.33999999980544,10.7725775535286,0.986574978292228,0.00291517890528738,0.200000000966301,-0.974843621404303,0.222889914100692,2.33999999999995,10.7707963267946,0.245185520648116,0.470320898676457,0.544999999708408,0.0450439897472283,0.43081496469766,3.92491901350852,0.140070184545185,0.0035466
9.25,-0.972318251208186,0.167090905904071,2.34999999984719,10.8225762404192,0.986574861233553,0.00291313918535471,0.200000000703868,-0.984765173467478,0.17388948538088,2.34999999999995,10.8207963267946,0.245184982975502,0.470321252879799,0.544999999778694,0.0450440307946681,0.334040948956509,3.94405151733325,0.140240877115754,0.0037558
9.3,-0.97944745924229,0.118285035060929,2.35999999987741,10.872574963909,0.986574594597273,0.00291115045874835,0.200000000504692,-0.992225325452773,0.124454423507511,2.35999999999995,10.8707963267946,0.245184457703536,0.470321601468788,0.544999999833168,0.0450440729952631,0.23643232812963,3.95832328470063,0.140401927512434,0.0038688
9.35,-0.984128638460228,0.0691838792828015,2.36999999989889,10.9225737261282,0.98657418591397,0.00290921626910844,0.200000000354543,-0.997205430865396,0.0747082903899836,2.36999999999995,10.9207963267946,0.245183945802464,0.470321943733681,0.544999999874903,0.0450441161724124,0.138233064869109,3.96769868069375,0.140553284018584,0.0041958
9.4,-0.986350086488666,0.0199101568042702,2.3799999999138,10.9725725289964,0.986573642790735,0.00290733984712753,0.200000000241955,-0.999693042035406,0.0247754254538073,2.37999999999996,10.9707963267946,0.245183448166366,0.470322279008032,0.544999999906709,0.0450441601545787,0.039688598310263,3.97215430785422,0.14069492634986,0.0040611
9.45,-0.986106248973329,-0.0294129825805164,2.3899999999238,11.0225713742263,0.986572972886407,0.00290552411428971,0.200000000157993,-0.999681941230399,-0.0252193651432109,2.38999999999996,11.0207963267946,0.245182965612785,0.470322606668839,0.544999999930926,0.0450442047755549,-0.0589547693953699,3.97167906468686,0.14082686428043,0.0038344
9.5,-0.983397733466765,-0.0786622653273563,2.39999999993014,11.0725702633282,0.986572183887585,0.00290377168734775,0.200000000095827,-0.997172156196608,-0.0751511204613623,2.39999999999996,11.0707963267946,0.245182498882677,0.470322926136738,0.544999999949386,0.0450442498747166,-0.157450488704583,3.96627417343096,0.140949136242841,0.0035058
9.55,-0.978231307914967,-0.127714602261409,2.40999999993379,11.1225691976147,0.986571283485484,0.00290208488351667,0.200000000050274,-0.992169960089545,-0.124895037116307,2.40999999999996,11.1207963267946,0.245182048640721,0.470323236876176,0.544999999963485,0.0450442952972479,-0.255552378925897,3.95595317702866,0.141061807906777,0.0034591
9.6,-0.970619883746566,-0.176447396236399,2.41999999993549,11.1725681782055,0.986570279353645,0.00290046572635289,0.20000000001741,-0.984687855794386,-0.174326781222538,2.41999999999996,11.1707963267946,0.245181615475913,0.470323538395476,0.544999999974302,0.0450443408943224,-0.353015243541565,3.94074190529806,0.141164970741944,0.0034522
9.65,-0.960582483606771,-0.224738848564629,2.42999999993578,11.2225672060332,0.986569179126585,0.00289891595227878,0.199999999994282,-0.974744544675263,-0.223322799163345,2.42999999999997,11.2207963267946,0.245181199902506,0.470323830246801,0.544999999982627,0.0450443865232791,-0.449595483070209,3.92067841039537,0.141258740569946,0.0033907
9.7,-0.948144193816621,-0.272468263451902,2.4399999999351,11.2725662818485,0.986567990379381,0.00289743701771304,0.199999999978647,-0.962364879831597,-0.271760626410509,2.43999999999997,11.2707963267946,0.245180802361202,0.470324112026106,0.544999999989066,0.0450444320477755,-0.545051703938298,3.89581287172755,0.141343256109898,0.003933
9.75,-0.933336101676296,-0.319516349676405,2.44999999993379,11.3225654062266,0.986566720608265,0.00289603010677021,0.199999999968807,-0.947579803978294,-0.319519193621845,2.44999999999997,11.3207963267946,0.245180423220637,0.470324383372814,0.544999999994062,0.0450444773378843,-0.6391453218386,3.86620747055285,0.141418677522491,0.0044799
9.8,-0.916195217769124,-0.365765518757528,2.45999999993209,11.3725645795732,0.986565377212221,0.00289469613947112,0.199999999963462,-0.930426272105068,-0.366479129251504,2.45999999999997,11.3707963267946,0.245180062779072,0.470324643969566,0.544999999997958,0.0450445222702194,-0.731641158067539,3.83193623458281,0.141485184956701,0.0045744
9.85,-0.8967643834604,-0.411100178869301,2.46999999993022,11.4225638021308,0.986563967475631,0.00289343578043547,0.199999999961625,-0.910947159108215,-0.412523057916676,2.46999999999997,11.4207963267946,0.245179721266359,0.4703248935416,0.545000000000999,0.0450445667279733,-0.822308027350917,3.79308485297386,0.141542977103408,0.0037149
9.9,-0.875092163822162,-0.455407023763829,2.47999999992832,11.4725630739857,0.986562498551981,0.00289224944798533,0.199999999962523,-0.889191152625701,-0.457535893774911,2.47999999999997,11.4707963267946,0.245179398846028,0.470325131856232,0.545000000003385,0.0450446106009996,-0.910919315688747,3.74975046217116,0.141592269759867,0.003559
9.95,-0.851232726251485,-0.498575315982505,2.48999999992653,11.5225623950742,0.986560977448632,0.00289113732363619,0.19999999996557,-0.865212631343424,-0.501405128178796,2.48999999999998,11.5207963267946,0.245179095617594,0.470325358722035,0.545000000005252,0.0450446537858171,-0.997253546774844,3.70204140313956,0.141633294408779,0.0034823
10,-0.825245705085627,-0.54049716364711,2.49999999992492,11.5725617651901,0.986559411012679,0.00289009936190692,0.199999999970297,-0.839071529076817,-0.544021110888976,2.49999999999998,11.5707963267946,0.245178811618992,0.470325573988,0.545000000006717,0.0450446961856339,-1.08109493557543,3.65007695058878,0.141666296815447,0.0034961
10.05,-0.797196052552371,-0.581067790138905,2.50999999992359,11.6225611839915,0.986557805917881,0.0028891353004148,0.199999999976342,-0.810833184967523,-0.58527732414265,2.50999999999998,11.6207963267946,0.245178546829128,0.470325777542465,0.545000000007859,0.0450447377103127,-1.16223392768304,3.5939870148693,0.141691535646466,0.0036399
10.1,-0.767153876428053,-0.62018579599163,2.51999999992258,11.6725606510077,0.986556168652681,0.00288824467019651,0.199999999983415,-0.780568180169571,-0.625070648892506,2.51999999999998,11.6707963267946,0.245178301170524,0.470325969312088,0.545000000008742,0.0450447782763698,-1.2404677230976,3.53391181728406,0.141709281112871,0.0038231
10.15,-0.735194264809007,-0.657753412343755,2.52999999992195,11.7225601656467,0.986554505509289,0.00288742680622512,0.199999999991283,-0.748352161433244,-0.663301622550631,2.52999999999998,11.7207963267946,0.245178074512077,0.470326149260556,0.545000000009409,0.0450448178068906,-1.31560078312547,3.47000153962769,0.14171981364079,0.0037735
10.2,-0.701397098434383,-0.693676745316432,2.53999999992173,11.7725597272021,0.986552822573834,0.0028866808580623,0.199999999999751,-0.714265652027607,-0.699874687593187,2.53999999999998,11.7707963267946,0.245177866671826,0.470326317387338,0.545000000009884,0.0450448562314917,-1.38744531912943,3.40241594882884,0.141723422572226,0.0039448
10.25,-0.665846851029394,-0.727866010706293,2.54999999992194,11.8225593348607,0.98655112571756,0.00288600580061779,0.200000000008647,-0.678393850474262,-0.73469843040445,2.54999999999998,11.8207963267946,0.245177677419816,0.470326473726254,0.545000000010196,0.0450448934862172,-1.45582176190787,3.33132399763414,0.141720404898404,0.0037666
10.3,-0.628632378168,-0.760235758406413,2.5599999999226,11.8725589877092,0.986549420589056,0.00288540044496441,0.200000000017824,-0.64082641759542,-0.767685809763248,2.55999999999999,11.8707963267946,0.245177506480968,0.470326618343998,0.545000000010355,0.0450449295134416,-1.52055921053012,3.25690340233161,0.141711064027998,0.0038666
10.35,-0.589846695182774,-0.790705085994455,2.56999999992372,11.9225586847419,0.986547712607493,0.00288486344917419,0.200000000027143,-0.601657252408536,-0.798754374400678,2.56999999999999,11.9207963267946,0.245177353537943,0.470326751338671,0.545000000010355,0.0450449642617705,-1.58149585950576,3.17934019856905,0.141695708592299,0.0037912
10.4,-0.549586744677014,-0.819197840954083,2.57999999992531,11.9725584248677,0.98654600695685,0.00288439332914375,0.200000000036463,-0.560984257427671,-0.827826469085343,2.57999999999999,11.9707963267946,0.24517721823406,0.470326872838154,0.545000000010205,0.0450449976858957,-1.63847940322037,3.09882827637769,0.141674651289085,0.0035697
10.45,-0.50795315422023,-0.845642811024146,2.58999999992737,12.0225582069167,0.986544308581097,0.00288398846936462,0.200000000045647,-0.518909093958191,-0.854829428720985,2.58999999999999,12.0207963267946,0.245177100176152,0.470326982998511,0.545000000009882,0.0450450297464654,-1.69136741662671,3.01556889556309,0.141648207766994,0.0038774
10.5,-0.465049984832616,-0.869973902199796,2.59999999992987,12.0725580296479,0.986542622180318,0.00288364713361286,0.200000000054541,-0.475536927996448,-0.879695759971385,2.59999999999999,12.0707963267946,0.245176998937446,0.470327082002343,0.545000000009384,0.0450450604099305,-1.74002771123972,2.92977018267482,0.141616695551711,0.0041772
10.55,-0.420984470887186,-0.892130303940583,2.60999999993281,12.1225578917557,0.98654095220773,0.00288336747552528,0.200000000062987,-0.430976167369559,-0.902363309958551,2.60999999999999,12.1207963267946,0.245176914060385,0.470327170057095,0.545000000008703,0.0450450896483768,-1.78433866554553,2.84164661081205,0.141580433015366,0.0045445
10.6,-0.375866752079692,-0.91205664117255,2.61999999993616,12.1725577918765,0.986539302867577,0.00288314754903251,0.20000000007082,-0.385338190772296,-0.922775421612547,2.62,12.1707963267946,0.245176845059408,0.470327247393458,0.545000000007829,0.0450451174393727,-1.8241895289986,2.75141846356528,0.141539738390149,0.0044695
10.65,-0.329809598136273,-0.929703112704346,2.62999999993987,12.2225577285959,0.986537678113861,0.00288298531863141,0.200000000077866,-0.338737069378353,-0.940881075284662,2.63,12.2207963267946,0.245176791423718,0.470327314263626,0.545000000006758,0.0450451437657635,-1.85948069884705,2.65931128443419,0.141494928827106,0.0043322
10.7,-0.282928126946953,-0.94502561571135,2.63999999994392,12.2725577004544,0.986536081649879,0.00288287866945914,0.200000000083948,-0.291289281721819,-0.956635016269956,2.64,12.2707963267946,0.24517675261994,0.470327370939711,0.545000000005498,0.0450451686155073,-1.89012396909424,2.56555531309774,0.141446319500811,0.0038712
10.75,-0.235339516829518,-0.957985855976617,2.64999999994824,12.3225577059545,0.986534516928531,0.00288282541716292,0.200000000088896,-0.243113422561508,-0.96999786792046,2.65,12.3207963267946,0.245176728094745,0.470327417712126,0.54500000000407,0.0450451919814702,-1.91604275097428,2.47038490994555,0.14139422276051,0.0037746
10.8,-0.187162713643006,-0.968551443613073,2.65999999995278,12.3725577435663,0.986532987153347,0.00288282331753886,0.200000000092559,-0.194329906455815,-0.980936230066287,2.66,12.3707963267946,0.24517671727737,0.470327454888037,0.545000000002491,0.0450452138612312,-1.93717226439038,2.37403797030894,0.141338947328204,0.0036282
10.85,-0.13851813348289,-0.976695974027652,2.66999999995746,12.4225578117337,0.986531495280227,0.00288287007592759,0.200000000094801,-0.145060666789043,-0.98942276249866,2.67,12.4207963267946,0.245176719582248,0.470327482789049,0.54500000000089,0.0450452342568809,-1.95345969983748,2.27675532985592,0.141280797542725,0.0036927
10.9,-0.0895273617011097,-0.982399093925003,2.67999999996222,12.4725579088803,0.986530044019832,0.0028829633562662,0.200000000095603,-0.0954288510014335,-0.9954362533062,2.68000000000001,12.4707963267946,0.245176734410774,0.47032750175216,0.544999999999108,0.0450452531747987,-1.96486435040438,2.17878016263613,0.141220072655285,0.0037792
10.95,-0.0403128490032745,-0.985646552185737,2.68999999996698,12.5225580334147,0.986528635840556,0.00288310079012336,0.2000000000948,-0.0455585127847058,-0.998961671893654,2.69000000000001,12.5207963267946,0.245176761153983,0.47032751212629,0.544999999997124,0.0450452706254757,-1.97135771352549,2.08035737328056,0.141157066167184,0.0040391
11,0.00900239461732709,-0.986430235492047,2.69999999997166,12.572558183736,0.986527272972104,0.00288327998523188,0.200000000092212,0.00442569798756842,-0.999990206550554,2.70000000000001,12.5707963267946,0.245176799194747,0.470327514270429,0.544999999994984,0.0450452866232846,-1.97292356222767,1.98173298487511,0.141092065216311,0.0040962
11.05,0.0582951073438598,-0.984748188611628,2.70999999997616,12.6225583582391,0.986525957409626,0.00288349853367356,0.200000000087697,0.0543988468197321,-0.99851928647591,2.71000000000001,12.6207963267946,0.245176775306211,0.47032776214577,0.544999979389158,0.0450452998570727,-1.9695579856943,1.88315352403813,0.14102550260671,0.0034455
11.1,0.10744208340204,-0.980604618642842,2.7199999995168,12.6725585551495,0.986524684408934,0.00288378071694353,0.199999981537939,0.104236026865218,-0.994552588203867,2.72000000000001,12.6707963267946,0.245176883578432,0.470327543548318,0.545000007466229,0.0450453147349716,-1.96126939905252,1.78486540476053,0.140957280542775,0.0036722
11.15,0.156320481393184,-0.974009885697527,2.72999999876168,12.7225587729703,0.986523467853132,0.00288407577905903,0.199999988257545,0.153812671128613,-0.988100026414289,2.73000000000001,12.7207963267946,0.245176976068809,0.470327426309174,0.545000010533119,0.0450453262246751,-1.9480785223622,1.68711431255136,0.140887905411284,0.00382
11.2,0.2048081315278,-0.964980477336235,2.73999999841156,12.7725590102959,0.986522305640902,0.00288439263584366,0.199999997737352,0.203004863818277,-0.979177729151222,2.74000000000001,12.7707963267946,0.245177059995262,0.470327374167345,0.545000006264753,0.0450453364321916,-1.93001832878786,1.59014459023171,0.140817632449696,0.0040704
11.25,0.252783840519353,-0.95353896600427,2.74999999843938,12.8225592654688,0.986521196787864,0.0028847365771768,0.200000003375629,0.251689650071284,-0.967807997511179,2.75000000000002,12.8207963267946,0.245177143430428,0.470327347595237,0.545000002045903,0.0450453454535217,-1.90713396218351,1.49419862721727,0.140746701315894,0.0037514
11.3,0.300127694534561,-0.939713952833196,2.7599999986542,12.8725595368959,0.986520141287045,0.00288510863991156,0.200000005216943,0.299745343276549,-0.95401924990202,2.76000000000002,12.8707963267946,0.245177232890966,0.470327320424201,0.544999999878711,0.0450453532181172,-1.87948262427176,1.39951625371353,0.140675339351213,0.0036003
11.35,0.346721358973177,-0.923539996331713,2.76999999891231,12.9225598230361,0.986519139756736,0.00288550705322914,0.200000005107782,0.347051829227978,-0.937845951011726,2.77000000000002,12.9207963267946,0.245177330124726,0.470327286471439,0.544999999153196,0.0450453597522986,-1.84713343167978,1.30633414128703,0.140603772685411,0.0036075
11.4,0.392448374285944,-0.905057526091661,2.77999999914865,12.9725601223839,0.986518192868461,0.00288592937169493,0.200000004345659,0.393490866347436,-0.919328525664632,2.78000000000002,12.9707963267946,0.245177434351179,0.470327246159059,0.544999999001059,0.0450453650603821,-1.81016724318881,1.21488521131821,0.140532221147444,0.0033787
11.45,0.43719444707667,-0.884312741751496,2.78999999934346,13.0225604334655,0.986517301080176,0.00288637318356206,0.200000003446611,0.438946381227106,-0.898513257780416,2.79000000000002,13.0207963267946,0.245177542234238,0.470327206449702,0.54499999846742,0.0450453691358111,-1.76867645763167,1.12539805282343,0.14046089886074,0.0033406
11.5,0.480847735766147,-0.861357497509682,2.79999999948131,13.0725607548309,0.98651646440823,0.00288683681356106,0.20000000206729,0.483304758752564,-0.875452174688408,2.80000000000002,13.0707963267946,0.245177646503806,0.470327192117181,0.54499999588534,0.0450453719943184,-1.72276478294591,1.03809635110532,0.140390016559848,0.0033718
11.55,0.523299130080336,-0.836249172460027,2.80999999949209,13.1225610850505,0.986515682132599,0.0028873211935058,0.199999998364096,0.526455126081393,-0.850202917086357,2.81000000000003,13.1207963267946,0.245177737913849,0.470327237345776,0.544999989597112,0.0450453734025382,-1.67254697696312,0.953198328663054,0.140319779900915,0.0043265
11.6,0.56444252365194,-0.809050527078096,2.81999999917623,13.172561422682,0.986514952773087,0.00288783085797637,0.199999989001497,0.568289629767547,-0.82282859496871,2.82000000000003,13.1707963267946,0.245177919896563,0.47032696887833,0.545000011665155,0.0450453753831471,-1.6181485605882,0.870916199764702,0.140250211435516,0.0041687
11.65,0.604175079924702,-0.779829546964345,2.82999999888877,13.222561766505,0.986514284352457,0.00288833106005334,0.199999999500136,0.6087037053388,-0.793397629884489,2.83000000000003,13.2207963267946,0.24517804553393,0.470326911454374,0.545000003895322,0.0450453745998338,-1.55970550406203,0.791455640023162,0.140181678267036,0.0038945
11.7,0.64239748889375,-0.748659272611035,2.83999999895142,13.2725621152827,0.986513669837256,0.00288884229809844,0.200000003005926,0.647596338653467,-0.761983583919054,2.84000000000003,13.2707963267946,0.245178175049115,0.470326849204438,0.545000000786255,0.0450453734069417,-1.49736388704191,0.715015272261661,0.140114265196214,0.0037802
11.75,0.679014214696186,-0.715617616311568,2.84999999911941,13.3225624676745,0.986513108770017,0.00288936250347414,0.200000003713556,0.684870318383154,-0.728664975827201,2.85000000000003,13.3207963267946,0.245178307736999,0.470326782603988,0.544999999649537,0.0450453713297771,-1.4312795335161,0.641786170097894,0.140048120498134,0.0041926
11.8,0.713933734848755,-0.680787167808302,2.8599999992972,13.3725628224749,0.986512600532092,0.00288988959271698,0.200000003398139,0.720432478990448,-0.693525084777163,2.86000000000003,13.3707963267946,0.245178442920768,0.470326712156188,0.54499999932233,0.0450453683815988,-1.3616176223392,0.571951380375438,0.139983382034968,0.00434
11.85,0.747068769008053,-0.644254987859362,2.86999999945186,13.4225631785298,0.986512144352394,0.00289042156036223,0.200000002788236,0.754193933594249,-0.656651742196063,2.87000000000004,13.4207963267946,0.245178579962156,0.470326638360588,0.544999999307376,0.0450453646071624,-1.28855227437013,0.505685465645195,0.139920177328102,0.0047348
11.9,0.778336497127238,-0.606112390630163,2.87999999957569,13.4725635347322,0.986511739319091,0.00289095648821596,0.200000002164875,0.78607029614067,-0.61813711223709,2.88000000000004,13.4707963267946,0.24517871826413,0.47032656170377,0.544999999397338,0.0450453600545016,-1.21226611725968,0.443154067853339,0.139858623640874,0.0044563
11.95,0.807658766464055,-0.566454715453601,2.88999999967038,13.5225638900232,0.986511384391526,0.0028914925479967,0.200000001622479,0.815981892324236,-0.578077461417108,2.89000000000004,13.5207963267946,0.245178857269976,0.470326482656864,0.544999999509439,0.0450453547721184,-1.13294982897531,0.384513494326317,0.139798828093562,0.0044108
12,0.834962286922799,-0.52538108852945,2.89999999974046,13.5725642433932,0.986511078411869,0.00289202800285969,0.200000001180974,0.843853958732145,-0.536572918000505,2.90000000000004,13.5707963267946,0.245178996462094,0.470326401672118,0.544999999613546,0.0450453488085652,-1.05080166120429,0.329910327087737,0.139740887802604,0.0039947
12.05,0.860178814241958,-0.48299417515858,2.90999999979082,13.6225645938831,0.986510820116412,0.00289256120816666,0.200000000833165,0.86961682971387,-0.493727221730675,2.91000000000004,13.6207963267946,0.245179135360304,0.470326319180522,0.544999999701042,0.0450453422122783,-0.966026943826467,0.27948105648364,0.139684890043553,0.0038335
12.1,0.883245320569683,-0.439399923131342,2.91999999982575,13.6725649405848,0.986510608146434,0.00289309061166946,0.200000000564103,0.893206111508999,-0.449647464534683,2.92000000000004,13.6707963267946,0.245179273519744,0.470326235591009,0.544999999771418,0.0450453350313946,-0.878837571695111,0.233351740031894,0.139630912435895,0.0038068
12.15,0.904104152000728,-0.3947072979115,2.92999999984881,13.7225652826419,0.986510441058603,0.00289361475329731,0.200000000358379,0.914562843198106,-0.404443822849227,2.93000000000005,13.7207963267946,0.245179410529131,0.470326151288101,0.544999999827082,0.0450453273136774,-0.789451475008755,0.191637687348407,0.139579023148699,0.0051996
12.2,0.922703172681122,-0.349028010277656,2.93999999986284,13.77256561925,0.98651031733491,0.00289413226440007,0.200000000202753,0.933633644074339,-0.358229282236919,2.94000000000005,13.7707963267946,0.245179545965654,0.470326066789189,0.544999999856765,0.0450453191050338,-0.698092074597827,0.15444317193767,0.139529281126717,0.0041783
12.25,0.938995895119976,-0.30247623710288,2.94999999986975,13.8225659496567,0.986510235388279,0.00289464188332495,0.200000000073842,0.950370847067387,-0.311119354981222,2.95000000000005,13.8207963267946,0.245179679508219,0.470325982307914,0.54499999988166,0.0450453104536244,-0.604987723487568,0.121861170567993,0.139481736328831,0.0041462
12.3,0.952941596383463,-0.255168335970611,2.95999999987078,13.8725662731617,0.986510193578841,0.00289514242466964,0.199999999967335,0.964732617886335,-0.263231791365899,2.96000000000005,13.8707963267946,0.245179810853341,0.470325898081099,0.544999999907754,0.0450453014052552,-0.510371136133128,0.0939731308828494,0.139436429986152,0.00424
12.35,0.964505419880873,-0.207222554340095,2.96999999986707,13.9225665891166,0.986510190220827,0.00289563278261608,0.199999999884314,0.976683059583603,-0.214686285360629,2.97000000000005,13.9207963267946,0.245179939704128,0.470325814401486,0.544999999931359,0.0450452920043671,-0.414478806753363,0.0708487678291533,0.139393394870868,0.004147
12.4,0.973658462487359,-0.15875873398816,2.97999999985975,13.9725668969248,0.986510223588445,0.00289611193772873,0.199999999822537,0.986192302278615,-0.165604175448412,2.98000000000005,13.9707963267946,0.245180065788801,0.470325731540449,0.544999999951421,0.0450452822948038,-0.317550418217231,0.0525458894112909,0.139352655580586,0.0044556
12.45,0.980377846785766,-0.109898011466145,2.98999999984978,14.0225671960407,0.986510291923578,0.00289657895538093,0.199999999778816,0.993236577816953,-0.116108141342561,2.99000000000005,14.0207963267946,0.24518018885938,0.470325649748438,0.544999999967926,0.0450452723193699,-0.219828242960296,0.0391102522064131,0.139314228833489,0.0037384
12.5,0.984646778247181,-0.0607625153207419,2.999999999838,14.072567485969,0.986510393443077,0.00289703298396029,0.19999999974995,0.997798279178358,-0.0663218973513041,3.00000000000006,14.0707963267946,0.245180308690468,0.470325569255557,0.544999999981222,0.0450452621197163,-0.121556537428769,0.0305754470021175,0.13927812377338,0.0035324
12.55,0.986454587207316,-0.0114750608355253,3.00999999982508,14.122567766264,0.986510526345656,0.00289747325293979,0.199999999733049,0.999866004485115,-0.0163698831564453,3.01000000000006,14.1207963267946,0.245180425078159,0.470325490272223,0.544999999991742,0.0450452517362695,-0.0229809315646669,0.026962814842347,0.139244342283338,0.0034533
12.6,0.98579675553382,0.0378411569438228,3.01999999981154,14.1725680365287,0.986510688818415,0.0028978990708408,0.199999999725617,0.999434585500807,0.0336230472210346,3.02000000000006,14.1707963267946,0.245180537839054,0.470325412989894,0.544999999999923,0.0450452412081591,0.0756521851419251,0.0282813936913296,0.139212879306612,0.0035317
12.65,0.98267492791787,0.0870628711333175,3.02999999979782,14.222568296414,0.986510879043,0.00289830982310535,0.199999999725547,0.996505100548217,0.0835319374910068,3.03000000000006,14.2207963267946,0.245180646809447,0.470325337581681,0.545000000006177,0.0450452305731702,0.174096279498937,0.0345278958488541,0.139183723173541,0.0037467
12.7,0.977096907761858,0.136067051113854,3.03999999978424,14.272568545617,0.986511095201427,0.00289870496987699,0.199999999731107,0.99108487181408,0.133232041419844,3.04000000000006,14.2707963267946,0.24518075181615,0.470325264169079,0.5450000000003,0.045045219866427,0.272105290817432,0.0456867161733138,0.139156855928488,0.0039543
12.75,0.969076637673553,0.184731210043617,3.0499999997708,14.3225687838803,0.986511335478678,0.0028990840404045,0.199999999731376,0.983187447047431,0.182599134631038,3.05000000000007,14.3207963267946,0.245180852726052,0.470325192890927,0.544999999986711,0.0450452091232875,0.369434245935569,0.0617299710919443,0.139132253668123,0.0039165
12.8,0.95863416461543,0.232933711011156,3.05999999975707,14.3725690109903,0.986511598070031,0.00289944663446143,0.199999999719416,0.972832565697287,0.231509825101445,3.06000000000007,14.3707963267946,0.245180949476136,0.470325123928659,0.544999999986248,0.045045198379351,0.465839871524178,0.0826175683007287,0.139109886888118,0.0038533
12.85,0.945795589796004,0.280554071064051,3.06999999974273,14.4225692267761,0.986511881191298,0.0028997924255797,0.199999999707039,0.960046109574305,0.279841861577086,3.07000000000007,14.4207963267946,0.24518104197372,0.470325057387892,0.544999999990407,0.0450451876654466,0.561081202143487,0.108297306979746,0.139089720812995,0.0037749
12.9,0.930593003428711,0.327473262353098,3.07999999972787,14.4725694311086,0.986512183078792,0.00290012115201202,0.199999999698406,0.944860038159736,0.327474439137608,3.08000000000007,14.4707963267946,0.245181130141884,0.470324993359587,0.544999999995709,0.0450451770118838,0.654920182531143,0.138705008273472,0.139071715737947,0.0040665
12.95,0.91306440452158,0.373574009639235,3.08999999971269,14.5225696238983,0.986512501993516,0.00290043261444842,0.199999999694544,0.927312308723362,0.374288501145678,3.09000000000007,14.5207963267946,0.245181213919024,0.470324931920989,0.545000000000814,0.0450451664474874,0.747122262616159,0.173764675709869,0.139055827367314,0.0043178
13,0.89325360589804,0.418741083419708,3.09999999969744,14.5725698050942,0.986512836225088,0.0029007266735572,0.199999999695277,0.907446781450094,0.420167036826567,3.10000000000007,14.5707963267946,0.245181293258364,0.470324873136549,0.545000000005287,0.0450451559995261,0.837456983771552,0.213388685157286,0.139042007151383,0.0044484
13.05,0.871210124686268,0.462861587940816,3.10999999968232,14.6225699746817,0.986513184095389,0.00290100324751096,0.199999999700036,0.885313109812348,0.464995373734153,3.11000000000008,14.6207963267947,0.245181368127481,0.470324817058739,0.545000000009054,0.0450451456936847,0.925698554840363,0.257478003844359,0.139030202620629,0.0043119
13.1,0.846989058550796,0.505825243377367,3.11999999966753,14.6725701326814,0.98651354396196,0.0029012623095052,0.199999999708185,0.860966616462225,0.508661464372313,3.12000000000008,14.6707963267947,0.24518143850785,0.470324763728832,0.545000000012163,0.0450451355540641,1.01162641649529,0.305922437895465,0.13902035771651,0.0039117
13.15,0.820650947975772,0.547524661473549,3.12999999965321,14.7225702791476,0.986513914221147,0.00290150388527484,0.199999999719131,0.834468154953692,0.551056166255312,3.13000000000008,14.7207963267947,0.245181504394361,0.470324713177661,0.545000000014708,0.0450451256031878,1.09502579252133,0.358600907762994,0.139012413118024,0.00357
13.2,0.792261624944082,0.587855613956282,3.1399999996395,14.7725704141658,0.986514293310995,0.00290172805061081,0.199999999732368,0.805883957640389,0.592073514707177,3.14000000000008,14.7707963267947,0.245181565794843,0.470324665426228,0.545000000016783,0.0450451158619954,1.17568822664356,0.415381750868018,0.139006306563259,0.0034616
13.25,0.761892048390566,0.626717293050154,3.14999999962649,14.822570537852,0.986514679713902,0.00290193492886953,0.199999999747473,0.775285470129236,0.6316109877182,3.15000000000008,14.8207963267947,0.245181622729522,0.470324620486378,0.545000000018465,0.0450451063498752,1.25341210355822,0.476123050692868,0.139001973165215,0.0035238
13.3,0.729618126840639,0.664012563442804,3.15999999961428,14.8725706503503,0.98651507195903,0.002902124688486,0.199999999764092,0.742749172703626,0.669569762196572,3.16000000000008,14.8707963267947,0.245181675230557,0.470324578361288,0.545000000019825,0.0450450970846533,1.32800315286481,0.540672991503078,0.138999345721202,0.0034503
13.35,0.6955205286776,0.699648205070996,3.16999999960293,14.9225707518315,0.98651546862449,0.00290229754047919,0.199999999781934,0.708356389162549,0.705854960974644,3.17000000000008,14.9207963267947,0.245181723341432,0.470324539045997,0.545000000020915,0.0450450880826253,1.3992749346397,0.60887023781205,0.138998355015255,0.0034813
13.4,0.659684480512902,0.733535146120538,3.1799999995925,14.9725708424914,0.986515868339285,0.00290245373596063,0.199999999800758,0.672193083553441,0.740375889952437,3.18000000000009,14.9707963267947,0.245181767116454,0.470324502527857,0.545000000021775,0.0450450793585749,1.46704930543749,0.680544337639983,0.138998930112889,0.0033971
13.45,0.622199554163331,0.765588685657697,3.18999999958303,15.0225709225488,0.98651626978504,0.00290259356364427,0.199999999820355,0.634349645306839,0.773046264785659,3.19000000000009,15.0207963267947,0.245181806620137,0.470324468786955,0.545000000022448,0.0450450709257962,1.5311568635555,0.755516148559107,0.139000998647779,0.0033455
13.5,0.583159442767559,0.795728705335646,3.19999999957455,15.0725709922443,0.986516671697497,0.00290271734736044,0.199999999840559,0.594920663309879,0.803784426551629,3.20000000000009,15.0707963267947,0.245181841926623,0.470324437796534,0.545000000022955,0.0450450627961309,1.59143737244829,0.833598285460343,0.139004487099777,0.0040337
13.55,0.542661726601651,0.823879869646817,3.2099999995671,15.1225710518381,0.986517072867803,0.00290282544358085,0.199999999861218,0.554004689483335,0.832513545854058,3.21000000000009,15.1207963267947,0.24518187311908,0.47032440952333,0.54500000002332,0.045045054979982,1.6477401612341,0.914595588922189,0.139009321063891,0.0046583
13.6,0.500807629178883,0.849971814220632,3.21999999956068,15.1725711016088,0.986517472143573,0.00290291823895164,0.199999999882206,0.511703992453147,0.859161814856525,3.22000000000009,15.1707963267947,0.245181900289075,0.470324383927958,0.545000000023558,0.0450450474863635,1.69992450129202,0.998305613011168,0.139015425509824,0.0046049
13.65,0.457701764243474,0.873939321695978,3.22999999955532,15.2225711418513,0.986517868429755,0.00290299614784749,0.199999999903409,0.468124301932114,0.883662626764675,3.23000000000009,15.2207963267947,0.245181923535962,0.470324360965251,0.545000000023684,0.0450450403229321,1.7478599580087,1.08451913129457,0.139022725031719,0.0048711
13.7,0.413451874290634,0.895722484728862,3.23999999955103,15.2725711728757,0.986518260689284,0.00290305960994589,0.199999999924725,0.423374544450673,0.905954742308513,3.2400000000001,15.2707963267947,0.245181942966261,0.470324340584561,0.545000000023711,0.0450450334960121,1.79142671679536,1.17302065980073,0.139031144087807,0.0041644
13.75,0.368168561266472,0.91526685572781,3.2499999995478,15.322571195005,0.98651864794355,0.00290310908782562,0.199999999946065,0.377566571097306,0.925982442808689,3.2500000000001,15.3207963267947,0.245181958693019,0.470324322730146,0.54500000002365,0.0450450270106623,1.83051588256026,1.26358899561974,0.139040607229701,0.0038967
13.8,0.321965010120876,0.932523582942767,3.25999999954563,15.3725712085744,0.986519029272657,0.00290314506460342,0.19999999996735,0.330814877949064,0.943695669444178,3.2600000000001,15.3707963267947,0.24518197083521,0.470324307341454,0.5450000000235,0.045045020870692,1.86502975188818,1.35599776979831,0.139051039321134,0.003717
13.85,0.274956705904343,0.947449532567354,3.26999999954453,15.4225712139291,0.98651940381552,0.00290316804160296,0.1999999999885,0.283236319891006,0.95905014837326,3.2700000000001,15.4207963267947,0.245181979517094,0.470324294353498,0.545000000023264,0.0450450150787266,1.89488205724648,1.45001601314694,0.139062365745941,0.0038311
13.9,0.227261145115849,0.960007396549303,3.27999999954448,15.4725712114231,0.986519770769769,0.00290317853607196,0.200000000009438,0.234949818539845,0.972007501395072,3.2800000000001,15.4707963267947,0.24518198486764,0.470324283697132,0.545000000022958,0.0450450096362365,1.91999818260747,1.54540873354505,0.139074512605167,0.0038213
13.95,0.178997542023233,0.970165785839605,3.28999999954547,15.5225712014178,0.986520129391491,0.00290317707894246,0.2000000000301,0.186076065001833,0.982535341875118,3.2900000000001,15.5207963267947,0.245181987019917,0.470324275299418,0.545000000022575,0.0450450045435942,1.94031534994817,1.64193750330124,0.139087406903212,0.0038506
14,0.130286530690152,0.977899308847306,3.29999999954748,15.5725711842805,0.986520478994808,0.00290316421264785,0.200000000050418,0.136737218207858,0.99060735569499,3.30000000000011,15.5707963267947,0.245181986110515,0.470324269083945,0.54500000002212,0.0450449998001166,1.95578277616121,1.73936105510051,0.139100976722922,0.0043415
14.05,0.0812498634543507,0.983188634903866,3.3099999995505,15.622571160383,0.986520818951307,0.00290314048899769,0.200000000070326,0.0870565995797292,0.996203367023963,3.31000000000011,15.6207963267947,0.245181982278988,0.470324264971195,0.545000000021595,0.045044995404125,1.96636179998479,1.83743588504892,0.13911515138964,0.0038872
14.1,0.0320101066109009,0.986020542578447,3.3199999995545,15.6725711301005,0.986521148689317,0.00290310646711686,0.200000000089762,0.0371583847908511,0.999309388748061,3.32000000000011,15.6707963267947,0.245181975667302,0.470324262878858,0.545000000020998,0.0450449913529825,1.97202597863433,1.93591686130841,0.139129861624198,0.0042093
14.15,-0.0173096659389681,0.986387952723386,3.32999999955946,15.72257109381,0.986521467693058,0.00290306271145011,0.20000000010866,-0.0128327066082919,0.999917657430558,3.33000000000011,15.7207963267947,0.245181966419313,0.470324262722173,0.545000000020327,0.0450449876431498,1.9727611538945,2.03455783680049,0.139145039684892,0.0042623
14.2,-0.0665861803077437,0.984289946167254,3.33999999956535,15.7725710518894,0.986521775501658,0.0029030097898377,0.200000000126955,-0.0627917229240592,0.998026652716528,3.34000000000011,15.7707963267947,0.245181954680248,0.470324264414304,0.545000000019584,0.0450449842702397,1.96856548750611,2.13311226444737,0.139160619498571,0.0041957
14.25,-0.115696270741324,0.979731766011271,3.34999999957214,15.8225710047164,0.98652207170805,0.00290294827166905,0.200000000144581,-0.112593792633814,0.99364110113294,3.35000000000011,15.8207963267947,0.245181940596232,0.470324267866662,0.545000000018768,0.0450449812290616,1.95944946575981,2.23133381341284,0.13917653678086,0.0041363
14.3,-0.164517187468408,0.972724804523361,3.35999999957979,15.872570952667,0.986522355957763,0.00290287872611205,0.200000000161472,-0.162114436499698,0.986771964274803,3.36000000000012,15.8707963267947,0.245181924313813,0.470324272989254,0.545000000017881,0.0450449785136781,1.94543587328475,2.32897698480244,0.139192729145675,0.0040266
14.35,-0.212926903510117,0.963286574662575,3.36999999958827,15.9225708961149,0.986522627947607,0.00290280172042366,0.200000000177565,-0.2112298787019,0.977436411406883,3.37000000000012,15.9207963267947,0.245181905979511,0.470324279691055,0.545000000016915,0.0450449761174547,1.92655973609799,2.42579772528427,0.13920913620422,0.0037655
14.4,-0.260804419683011,0.951440666305088,3.37999999959753,15.9725708354301,0.986522887424269,0.00290271781834644,0.200000000192789,-0.259817356213742,0.965657776549488,3.38000000000012,15.9707963267947,0.245181885739401,0.470324287880328,0.54500000001588,0.0450449740331158,1.90286823405684,2.52155403709646,0.139225699653659,0.0039657
14.45,-0.308030067033141,0.937216687281152,3.38999999960752,16.0225707709783,0.986523134182823,0.00290262757858782,0.200000000207081,-0.307755425645314,0.951465500155569,3.39000000000012,16.0207963267947,0.245181863738703,0.470324297464986,0.545000000014764,0.0450449722527856,1.87442058293307,2.61600658291672,0.139242363355568,0.0036402
14.5,-0.35448580594523,0.920650189370399,3.39999999961821,16.0725707031199,0.986523368065164,0.00290253155338814,0.200000000220369,-0.354924266788701,0.934895055524916,3.40000000000012,16.0707963267946,0.245181840121413,0.47032430835286,0.545000000013582,0.0450449707680379,1.84128788640366,2.70891928408221,0.139259073404501,0.0035415
14.55,-0.40005552117937,0.901782579440455,3.40999999962953,16.1225706322091,0.986523588958375,0.00290243028717209,0.200000000232593,-0.401205982106101,0.915987860139384,3.41000000000012,16.1207963267946,0.245181815029909,0.470324320452119,0.545000000012324,0.0450449695699598,1.80355295832804,2.80005991066427,0.139275778186853,0.0034871
14.6,-0.444625312097803,0.880661015950969,3.41999999964144,16.1725705585932,0.986523796793032,0.00290232431529705,0.200000000243684,-0.446484891412274,0.894791172140761,3.42000000000013,16.1707963267946,0.245181788604642,0.470324333671521,0.545000000010992,0.0450449686491935,1.76131011575614,2.88920066192343,0.139292428430309,0.0042087
14.65,-0.48808377735638,0.85733829108174,3.42999999965387,16.2225704826118,0.986523991541461,0.00290221416288305,0.200000000253577,-0.490647821014753,0.871357972210021,3.43000000000013,16.2207963267946,0.245181760979432,0.470324347915199,0.545000000007966,0.0450449679957789,1.71466494318444,2.97611873569359,0.13930897724226,0.0040857
14.7,-0.530322293349119,0.831872698779573,3.43999999966673,16.2725704045964,0.986524173215505,0.0029021003431936,0.200000000260747,-0.533584386589142,0.845746831143216,3.44000000000013,16.2707963267946,0.2451817322513,0.470324363041646,0.544999999989337,0.0450449675979223,1.66373402864945,3.0605968852724,0.139325380126643,0.0042733
14.75,-0.571235285709904,0.804327889053821,3.44999999967953,16.322570324869,0.986524341861188,0.00290198335212268,0.20000000025115,-0.575187269082436,0.818021763454989,3.45000000000013,16.3207963267946,0.245181702614074,0.47032437903845,0.544999999986431,0.0450449674487914,1.60864467231803,3.14242396242592,0.139341595058156,0.00416
14.8,-0.610720493192756,0.774772708884352,3.45999999969178,16.3725702437426,0.986524497566876,0.00290186368029335,0.200000000238939,-0.615352482954764,0.788252067375625,3.46000000000013,16.3707963267945,0.245181672194653,0.470324395817726,0.544999999989031,0.0450449675362489,1.54953456830316,3.22139544515018,0.139357582445332,0.0041788
14.85,-0.648679223271057,0.743281030139706,3.46999999970348,16.4225701615201,0.986524640455126,0.00290174180369553,0.200000000229067,-0.653979636089085,0.756512151641564,3.47000000000013,16.4207963267945,0.2451816411165,0.47032441329368,0.544999999992922,0.0450449678492655,1.48655146050023,3.29731394887064,0.139373305154621,0.0040377
14.9,-0.685016598816847,0.709931564935944,3.47999999971478,16.4725700784943,0.986524770680768,0.00290161818323023,0.200000000222696,-0.690972180719195,0.722881349512312,3.48000000000014,16.4707963267945,0.245181609499621,0.470324431382374,0.54499999999653,0.0450449683767446,1.4198527733042,3.36998971980184,0.139388728509599,0.0037882
14.95,-0.719641795243672,0.674807668897469,3.48999999972583,16.5225699949473,0.986524888429,0.00290149326406355,0.200000000219574,-0.726237654748863,0.687443720478609,3.49000000000014,16.5207963267945,0.245181577460326,0.470324450002031,0.544999999999341,0.0450449691074659,1.34960521813064,3.43924110923393,0.139403820282792,0.00395
15,-0.752468267520246,0.637997132811516,3.4999999997368,16.5725699111498,0.986524993913484,0.00290136747505167,0.20000000021898,-0.759687912858921,0.650287840157479,3.50000000000014,16.5707963267945,0.245181545111077,0.470324469073068,0.545000000001273,0.045044970030104,1.27598437672404,3.50489502756088,0.139418550680702,0.003558
15.05,-0.783413966487514,0.599591963197095,3.50999999974777,16.6225698273612,0.986525087374445,0.00290124122822577,0.200000000220125,-0.791239346824649,0.611506578899316,3.51000000000014,16.6207963267945,0.245181512560306,0.47032448851823,0.545000000002389,0.0450449711332736,1.19917426229507,3.56678737691535,0.13943289232228,0.0035232
15.1,-0.812401543938448,0.559688152336822,3.51999999975883,16.6725697438292,0.986525169076771,0.00290111491834961,0.200000000222275,-0.820813094492803,0.571196869660376,3.52000000000014,16.6707963267944,0.2451814799123,0.470324508262727,0.545000000002797,0.0450449724055812,1.11936685958346,3.62476346132884,0.139446820211275,0.0034978
15.15,-0.839358545947967,0.518385438346437,3.52999999977001,16.7225696607894,0.986525239308135,0.00290098892254573,0.200000000224793,-0.848335236895923,0.529459465720864,3.53000000000014,16.7207963267944,0.245181447267074,0.470324528234243,0.545000000002624,0.0450449738356311,1.03676164499641,3.67867837339218,0.139460311702746,0.0035103
15.2,-0.864217593969767,0.475787055881716,3.53999999978131,16.7725695784655,0.986525298377127,0.0029008635999796,0.200000000227155,-0.873736983011256,0.48639868885421,3.54000000000015,16.7707963267944,0.245181414720261,0.47032454836304,0.545000000001977,0.0450449754120777,0.951565088021621,3.72839735644958,0.139473346464181,0.0041997
15.25,-0.886916553247414,0.431999478105845,3.54999999979271,16.8225694970691,0.986525346611416,0.00290073929161123,0.200000000228934,-0.896954841702487,0.442122168576961,3.55000000000015,16.8207963267944,0.245181382363029,0.470324568582092,0.545000000000959,0.045044977123663,0.863990135161369,3.7737961414212,0.139485906431471,0.0047689
15.3,-0.907398688118746,0.387132150562234,3.55999999980418,16.8725694167994,0.986525384355933,0.00290061632001329,0.200000000229797,-0.917930780414514,0.396740573131045,3.56000000000015,16.8707963267944,0.245181350281985,0.470324588827051,0.544999999999648,0.045044978959227,0.774255677677402,3.81476125741225,0.139497975760231,0.0044039
15.35,-0.925612803825416,0.341297217617913,3.56999999981566,16.9225693378431,0.986525411971079,0.00290049498924003,0.200000000229479,-0.936612370224617,0.350367332870797,3.57000000000015,16.9207963267944,0.245181318559157,0.470324609036327,0.544999999998136,0.0450449809077417,0.682586004477048,3.85119031533225,0.139509540772703,0.0049761
15.4,-0.941513374473118,0.294609242161269,3.5799999998271,16.9725692603749,0.98652542983098,0.00290037558475863,0.200000000227802,-0.952952916887453,0.303118356746152,3.58000000000015,16.9707963267943,0.245181287267763,0.47032462916635,0.544999999995146,0.0450449829582327,0.589210241508028,3.88299226381564,0.139520589899346,0.004086
15.45,-0.955060656822611,0.247184919254725,3.58999999983838,17.0225691845572,0.986525438321393,0.00290025837504183,0.200000000223433,-0.966911577546357,0.255111742590631,3.59000000000015,17.0207963267943,0.245181256459838,0.470324649235848,0.544999999984831,0.0450449850994639,0.494361779063183,3.91008761680391,0.139531113615031,0.0039232
15.5,-0.966220789626973,0.199142784458088,3.59999999984921,17.0725691105398,0.986525437836652,0.00290014361789271,0.200000000209781,-0.978453462819213,0.20646748193826,3.60000000000015,17.0707963267943,0.24518122623589,0.470324669063284,0.544999999982777,0.0450449873223236,0.398277688426562,3.93240865222061,0.139541104398546,0.003704
15.55,-0.974965878267375,0.150602917551607,3.60999999985931,17.1225690384608,0.986525428783182,0.00290003153909157,0.20000000019428,-0.987549724003735,0.157307160107229,3.61000000000016,17.1207963267943,0.245181196657003,0.470324688606191,0.544999999983566,0.0450449896159675,0.301198129318964,3.94989958124247,0.139550556632726,0.0036089
15.6,-0.981274064475604,0.101686642399238,3.61999999986865,17.1725689684462,0.986525411574084,0.00289992234682273,0.20000000017949,-0.994177625184204,0.107753652299915,3.62000000000016,17.1707963267943,0.245181167780099,0.470324707824301,0.54499999998501,0.0450449919703646,0.203365749623926,3.96251668774372,0.139559466547853,0.0040694
15.65,-0.985129580968526,0.0525162237022798,3.62999999987729,17.2225689006102,0.986525386627701,0.00289981623189446,0.200000000165999,-0.998320600059413,0.0579308164788681,3.63000000000016,17.2207963267943,0.245181139657783,0.470324726679744,0.544999999986315,0.0450449943758134,0.105025078894588,3.97022843756481,0.139567832149737,0.0037629
15.7,-0.986522790858298,0.00321456140139248,3.63999999988528,17.2725688350556,0.9865253543662,0.00289971336792488,0.200000000153682,-0.999968293349793,0.00796318378640998,3.64000000000016,17.2707963267942,0.245181112338583,0.47032474513632,0.544999999987364,0.0450449968229276,0.00642191715733184,3.97301555733276,0.139575653145603,0.0035847
15.75,-0.985450211739809,-0.0460951165091853,3.64999999989268,17.3225687718737,0.98652531521424,0.00289961391148022,0.20000000014231,-0.999116586680221,-0.0420243527183687,3.65000000000016,17.3207963267942,0.245181085866648,0.47032476316054,0.544999999988126,0.0450449993025841,-0.0921972794601159,3.97087108263581,0.139582930868639,0.0035313
15.8,-0.981914524395155,-0.0952895619874133,3.65999999989953,17.3725687111447,0.986525269597635,0.00289951800236416,0.200000000131624,-0.995767608873809,-0.0919068502272119,3.66000000000016,17.3707963267942,0.245181060281849,0.470324780721251,0.544999999988637,0.0450450018059856,-0.190586014740524,3.96380037543211,0.139589668200831,0.0038174
15.85,-0.975924566093372,-0.144245814999368,3.66999999990586,17.4225686529378,0.986525217942091,0.00289942576390881,0.200000000121397,-0.989929730630961,-0.14155962847465,3.67000000000017,17.4207963267942,0.245181035619801,0.470324797789692,0.544999999988979,0.0450450043246747,-0.288498368489226,3.9518211106489,0.139595869494751,0.0040047
15.9,-0.967495308502175,-0.192841510855325,3.67999999991168,17.4725685973117,0.986525160671976,0.00289933730330458,0.200000000111479,-0.981617543606975,-0.190858581373731,3.68000000000017,17.4707963267942,0.245181011911907,0.470324814339415,0.544999999989217,0.045045006850506,-0.385689611206459,3.93496323200572,0.139601540494548,0.0047943
15.95,-0.956647820266915,-0.240955186057825,3.68999999991701,17.522568544315,0.986525098209156,0.00289925271195899,0.200000000101774,-0.970851823940508,-0.239680487216607,3.69000000000017,17.5207963267942,0.245180989185411,0.470324830346436,0.544999999989389,0.0450450093757025,-0.481916815783628,3.913268877172,0.139606688256282,0.0046504
16,-0.943409214350261,-0.288466581897261,3.69999999992186,17.5725684939861,0.986525030971874,0.00289917206590406,0.200000000092224,-0.957659480324047,-0.287903316664627,3.70000000000017,17.5707963267941,0.245180967463484,0.470324845789089,0.544999999989533,0.0450450118928146,-0.576939464694548,3.88679227244605,0.139611321068029,0.0042673
16.05,-0.927812580264259,-0.335256945036169,3.70999999992624,17.6225684463538,0.986524959373691,0.00289909542622063,0.200000000082804,-0.942073486746194,-0.335406537758135,3.71000000000017,17.6207963267941,0.245180946765273,0.470324860648118,0.544999999989663,0.0450450143947621,-0.670520051164044,3.85559959721892,0.139615448369939,0.0038358
16.1,-0.909896901364113,-0.381209324330888,3.71999999993014,17.6725684014378,0.986524883822478,0.00289902283950362,0.2000000000735,-0.924132800073864,-0.382071417183596,3.72000000000017,17.6707963267941,0.245180927106068,0.470324874906665,0.544999999989786,0.045045016874834,-0.762424672811236,3.81976881856155,0.139619080674344,0.0036622
16.15,-0.889706957410432,-0.426208863148719,3.72999999993359,17.7225683592487,0.986524804719471,0.00289895433835127,0.200000000064307,-0.903882262680408,-0.427781317045047,3.73000000000018,17.7207963267941,0.245180908497366,0.470324888550202,0.544999999989905,0.0450450193266737,-0.852423616283788,3.77938949634897,0.139622229486421,0.0034264
16.2,-0.867293212643473,-0.470143086449933,3.73999999993658,17.7725683197887,0.986524722458387,0.00289888994187409,0.200000000055221,-0.881372490363036,-0.472421986398089,3.74000000000018,17.7707963267941,0.245180890947024,0.470324901566488,0.544999999990004,0.0450450217442901,-0.940291931421777,3.73456255940848,0.139624907225446,0.003679
16.25,-0.84271168964913,-0.512902181917053,3.74999999993911,17.8225682830517,0.986524637424595,0.00289882965622534,0.200000000046225,-0.856659745829677,-0.515881846817751,3.75000000000018,17.8207963267941,0.245180874459382,0.470324913945614,0.544999999990085,0.0450450241220786,-1.0258099935161,3.6854000532513,0.139627127146835,0.0034677
16.3,-0.816023829331943,-0.554379274428754,3.7599999999412,17.8725682490238,0.98652454999435,0.00289877347515586,0.200000000037302,-0.829805798071515,-0.558052271286441,3.76000000000018,17.8707963267941,0.245180859035393,0.470324925679864,0.544999999990135,0.045045026454786,-1.10876405225605,3.63202486001834,0.139628903265279,0.0034995
16.35,-0.787296337345111,-0.594470693192328,3.76999999994285,17.922568217684,0.986524460534088,0.00289872138057524,0.200000000028423,-0.800877767972682,-0.598827855704921,3.77000000000018,17.9207963267941,0.245180844672799,0.470324936763697,0.544999999990137,0.045045028737541,-1.18894676599402,3.57457039133991,0.139630250279019,0.0034796
16.4,-0.756601017361356,-0.633076230867012,3.77999999994405,17.972568189004,0.986524369399779,0.00289867334312929,0.200000000019546,-0.769947960542997,-0.638106682347657,3.78000000000018,17.9707963267941,0.245180831366251,0.470324947193635,0.544999999990098,0.0450450309658212,-1.26615771999184,3.5131802548773,0.139631183495601,0.00355
16.45,-0.724014591601369,-0.67009939403052,3.7899999999448,18.0225681629489,0.986524276936343,0.00289862932278291,0.200000000010635,-0.737093684193101,-0.675790574604062,3.79000000000018,18.0207963267941,0.245180819107474,0.470324956968297,0.544999999990001,0.0450450331354931,-1.34020392735354,3.4480078953794,0.139631718759039,0.0042163
16.5,-0.689618509068431,-0.70544764436272,3.79999999994511,18.0725681394777,0.986524183477117,0.00289858926941975,0.200000000001635,-0.702397057503694,-0.711785342368884,3.80000000000018,18.0707963267941,0.245180807885424,0.470324966088224,0.544999999989848,0.0450450352427651,-1.41090031139241,3.37921621115183,0.139631872378816,0.0043488
16.55,-0.653498741968501,-0.739032629943634,3.80999999994496,18.1225681185436,0.986524089343394,0.00289855312343501,0.199999999992499,-0.665944803971845,-0.746001017468425,3.81000000000018,18.1207963267941,0.245180797686446,0.47032497455579,0.544999999989634,0.0450450372841994,-1.47807016822656,3.30697714689694,0.139631661060582,0.0047441
16.6,-0.615745570824635,-0.770770406087635,3.81999999994435,18.1725681000944,0.986523994844,0.00289852081633244,0.199999999983169,-0.627828035247416,-0.778352078534116,3.82000000000019,18.1707963267941,0.245180788494433,0.470324982375234,0.54499999998936,0.0450450392567261,-1.541545608447,3.23147126394258,0.13963110183887,0.0042283
16.65,-0.576453358822825,-0.80058164516185,3.82999999994327,18.2225680840729,0.986523900274945,0.00289849227133133,0.199999999973593,-0.588142023401391,-0.808757664761398,3.83000000000019,18.2207963267941,0.245180780290995,0.47032498955238,0.544999999989045,0.0450450411575891,-1.60116797675405,3.1528872889337,0.139630212011847,0.0038223
16.7,-0.535720315953281,-0.82839183486435,3.83999999994171,18.2725680704172,0.986523805919115,0.0028984674039531,0.199999999963734,-0.546985962795307,-0.837141778019627,3.84000000000019,18.2707963267941,0.2451807730556,0.470324996094752,0.544999999988696,0.0450450429844005,-1.65678824851331,3.07142164211488,0.139629009078241,0.0037578
16.75,-0.493648253536674,-0.854131464466522,3.84999999993964,18.3225680590612,0.986523712046024,0.00289844612262492,0.199999999953561,-0.504462722147019,-0.863433472807818,3.85000000000019,18.3207963267941,0.245180766765769,0.470325002011332,0.544999999988343,0.0450450447350759,-1.70826740223997,2.98727794638289,0.139627510676489,0.0035045
16.8,-0.450342329748904,-0.877736198554105,3.85999999993706,18.3725680499351,0.986523618911615,0.00289842832926146,0.199999999943069,-0.460678587412472,-0.88756703358145,3.86000000000019,18.3707963267941,0.245180761397207,0.470325007312554,0.544999999988005,0.0450450464078661,-1.75547676708057,2.90066651833618,0.139625734526222,0.0038249
16.85,-0.405910786780439,-0.899147037832642,3.86999999993394,18.4225680429654,0.986523526758109,0.00289841391984998,0.199999999932274,-0.415742996126165,-0.909482139007104,3.87000000000019,18.4207963267941,0.245180756924001,0.470325012010133,0.544999999987725,0.045045048001318,-1.7982983444234,2.81180384259372,0.139623698372184,0.0039428
16.9,-0.360464680287208,-0.918310466595396,3.87999999993028,18.4725680380759,0.98652343581391,0.00289840278501845,0.199999999921226,-0.36976826386431,-0.929124012734383,3.88000000000019,18.4707963267941,0.245180753318657,0.470325016117367,0.544999999987488,0.0450450495142882,-1.83662510283401,2.72091203069686,0.139621419930385,0.0039005
16.95,-0.314117601809256,-0.935178586485152,3.88999999992606,18.5225680351872,0.986523346293537,0.00289839481063581,0.199999999909965,-0.322869303514385,-0.946443560308258,3.89000000000019,18.5207963267941,0.245180750552462,0.470325019648287,0.544999999987381,0.0450450509459234,-1.87036124557842,2.62821826594682,0.139618916837295,0.0038649
17,-0.266985394850993,-0.949709236215552,3.89999999992127,18.5725680342179,0.986523258397629,0.00289838987832049,0.199999999898608,-0.275163338052758,-0.961397491879642,3.90000000000019,18.5707963267941,0.245180748595515,0.470325022617893,0.544999999987505,0.0450450522956561,-1.8994224500654,2.53395423556535,0.139616206601095,0.0036434
17.05,-0.219185865332683,-0.961866096952736,3.90999999991592,18.6225680350845,0.986523172312971,0.00289838786597082,0.199999999887363,-0.226769607548297,-0.973948430407462,3.9100000000002,18.6207963267941,0.245180747409971,0.470325025067587,0.544999999985608,0.0450450535629638,-1.92373607860944,2.43835555159791,0.139613306558172,0.003887
17.1,-0.170838487136886,-0.971618783093804,3.91999999990997,18.6725680377016,0.986523088211951,0.0028983886509793,0.19999999987441,-0.177809071124294,-0.984065005081801,3.9200000000002,18.6707963267942,0.245180746938066,0.470325027105943,0.5449999999747,0.0450450547471426,-1.94324135998741,2.34166116200685,0.139610233834838,0.0044646
17.15,-0.122064103485892,-0.978942918215034,3.92999999990312,18.7225680419827,0.986523006251109,0.00289839211775695,0.19999999985164,-0.128404104623656,-0.991721929734584,3.9300000000002,18.7207963267942,0.245180747181334,0.470325028613063,0.544999999972186,0.0450450558498668,-1.9578895413354,2.24411275342638,0.139607005280913,0.0043802
17.2,-0.0729846248964915,-0.983820196000713,3.93999999989507,18.7725680478401,0.986522926577147,0.00289839813402511,0.199999999826607,-0.0786781947330245,-0.996900066041828,3.9400000000002,18.7707963267942,0.245180748105307,0.470325029609027,0.544999999973155,0.045045056870937,-1.96764401000574,2.14595414707245,0.139603637457109,0.0043283
17.25,-0.0237227244670029,-0.986238426000068,3.9499999998858,18.8225680551852,0.986522849323164,0.00289840656589481,0.199999999802447,-0.0287556303303735,-0.999586471359486,3.9500000000002,18.8207963267942,0.245180749675416,0.470325030114259,0.544999999975554,0.0450450578109566,-1.97248038507992,2.04743068931707,0.13960014659108,0.0045271
17.3,0.0255984687417741,-0.986191564097323,3.95999999987537,18.8725680639295,0.986522774608919,0.00289841727841495,0.199999999780446,0.0212388081724595,-0.999774431073317,3.9600000000002,18.8707963267942,0.245180751857106,0.470325030149481,0.544999999978578,0.045045058670789,-1.97238657830845,1.94878863845059,0.139596548544366,0.0042518
17.35,0.0748556774652853,-0.983679727619104,3.96999999986391,18.9225680739839,0.986522702541119,0.00289843013600696,0.199999999761166,0.0711801607158178,-0.997463475381924,3.9700000000002,18.9207963267942,0.245180754615918,0.47032502973574,0.544999999981903,0.045045059451513,-1.96736282432548,1.85027454916454,0.139592858781957,0.0037586
17.4,0.123925784364392,-0.978709195041416,3.97999999985156,18.9725680852596,0.986522633213732,0.00289844500288279,0.199999999744879,0.120943599927296,-0.992659380471013,3.9800000000002,18.9707963267942,0.245180757917543,0.470325028894292,0.544999999985408,0.0450450601543837,-1.95742168006264,1.75213465629373,0.139589092344385,0.0034888
17.45,0.17268613975482,-0.971292390296939,3.98999999983848,19.0225680976683,0.986522566708317,0.0028984617434381,0.199999999731746,0.170404743125165,-0.985374154075937,3.9900000000002,19.0207963267942,0.245180761727882,0.470325027646671,0.544999999989025,0.0450450607808427,-1.94258799336339,1.65461425935762,0.139585263822345,0.0035109
17.5,0.221014868167715,-0.961447851721853,3.99999999982482,19.0725681111221,0.986522503094369,0.0028984802226414,0.199999999721868,0.219439963210294,-0.975626005468611,4.0000000000002,19.0707963267942,0.245180766013125,0.470325026014494,0.544999999992709,0.045045061332471,-1.92289884087665,1.55795710943966,0.139581387333771,0.0034066
17.55,0.268791172975074,-0.949200185719819,4.00999999981075,19.1225681255342,0.986522442429686,0.00289850030639221,0.199999999715306,0.26792669766952,-0.963439299943815,4.0100000000002,19.1207963267942,0.245180770739765,0.470325024019603,0.54499999999641,0.0450450618110349,-1.89840343538467,1.46240479993676,0.139577476503334,0.0034605
17.6,0.315895638318632,-0.934580005258923,4.01999999979643,19.1725681408185,0.986522384760741,0.00289852186187971,0.199999999712075,0.315743754918098,-0.948844497918648,4.0200000000002,19.1707963267942,0.245180775870255,0.470325021678162,0.544999999998374,0.0450450622182009,-1.86916300279681,1.36819616270189,0.139573544445296,0.0039418
17.65,0.362210527587536,-0.917623853355338,4.029999999782,19.2225681568906,0.98652233012262,0.00289854475735192,0.199999999710612,0.362771617215548,-0.931878078797348,4.0300000000002,19.2207963267942,0.245180781288912,0.470325018918659,0.544999999969242,0.0450450625524996,-1.83525062911689,1.27556667108911,0.139569603761248,0.0039203
17.7,0.407620077698677,-0.898374111735222,4.03999999976684,19.2725681736669,0.986522278531435,0.00289856885399785,0.19999999968293,0.408892739397765,-0.912582449791776,4.04000000000019,19.2707963267942,0.245180787055567,0.470325015890115,0.544999999961478,0.0450450628220221,-1.79675107776628,1.18474785139302,0.139565666469861,0.0040026
17.75,0.452010788444354,-0.876878894902466,4.04999999975012,19.3225681910653,0.986522230002359,0.00289859402887615,0.199999999648261,0.453991842678708,-0.891005839925478,4.05000000000019,19.3207963267942,0.245180793138451,0.470325012617223,0.544999999962133,0.0450450630268875,-1.75376057771969,1.09596670415381,0.139561744061572,0.0041446
17.8,0.495271706183987,-0.853191929877146,4.05999999973168,19.3725682090063,0.986522184541043,0.0028986201613463,0.19999999961418,0.497956202787334,-0.867202179486239,4.06000000000019,19.3707963267942,0.245180799505957,0.470325009124412,0.544999999965782,0.04504506316924,-1.70638658298287,1.00944513677434,0.139557847466616,0.0042389
17.85,0.537294701170602,-0.827372421905975,4.06999999971162,19.422568227412,0.986522142143996,0.00289864713365918,0.199999999583384,0.540675931719568,-0.841230965228449,4.07000000000018,19.4207963267942,0.24518080612675,0.470325005435563,0.544999999970225,0.0450450632514582,-1.65474750401364,0.925399408867495,0.139553987047944,0.0040087
17.9,0.577974737819033,-0.799484906480038,4.07999999969012,19.4725682462069,0.986522102798984,0.0028986748311811,0.199999999556586,0.582044252401083,-0.813157111662206,4.08000000000018,19.4707963267942,0.2451808129698,0.470325001573622,0.544999999974624,0.0450450632759869,-1.59897241175746,0.844039591719949,0.139550172596132,0.0038029
17.95,0.61721013724033,-0.76959908802967,4.08999999966738,19.5225682653178,0.98652206648544,0.00289870314254124,0.199999999533748,0.621957765574382,-0.783050788800846,4.09000000000018,19.5207963267942,0.245180820004427,0.470324997560493,0.544999999978698,0.0450450632453525,-1.53920071503731,0.765569043223636,0.139546413326174,0.003747
18,0.654902831386145,-0.737789665699676,4.09999999964358,19.5725682846738,0.986522033174863,0.0028987319597528,0.199999999514576,0.660316708243087,-0.750987246772451,4.10000000000018,19.5707963267942,0.245180827200393,0.470324993416676,0.544999999982424,0.0450450631621063,-1.47558181210425,0.690183899587154,0.139542717876126,0.0035128
18.05,0.690958608167899,-0.704136146640364,4.10999999961892,19.6225683042063,0.986522002831228,0.00289876117828567,0.199999999498758,0.697025203027476,-0.717046627733724,4.11000000000017,19.6207963267942,0.245180834527967,0.470324989161169,0.544999999985818,0.0450450630288425,-1.40827471721961,0.618072585097624,0.139539094307458,0.0033817
18.1,0.725287346938043,-0.668722647281065,4.11999999959354,19.6725683238495,0.986521975411397,0.0028987906971204,0.199999999485995,0.731991497808004,-0.681313765556328,4.12000000000017,19.6707963267942,0.245180841958009,0.470324984811426,0.544999999988927,0.0450450628481864,-1.33744766320214,0.549415341158349,0.139535550107081,0.0033375
18.15,0.757803243744832,-0.631637683082843,4.12999999956759,19.7225683435401,0.986521950865524,0.00289882041878613,0.199999999476029,0.765128195057814,-0.643877973786391,4.13000000000017,19.7207963267942,0.245180849437887,0.470324980424675,0.544999999984746,0.0450450626221705,-1.26327768093357,0.484383775779411,0.139532092191533,0.0036623
18.2,0.788425025797488,-0.59297394729591,4.13999999954105,19.7725683632175,0.986521929135188,0.002898850253818,0.199999999462301,0.796352470291039,-0.604832822407156,4.14000000000016,19.7707963267942,0.24518085693104,0.470324976035404,0.544999999975379,0.0450450623535775,-1.18595015687354,0.423140434647269,0.139528726911951,0.0038213
18.25,0.817076154605748,-0.552828079274735,4.14999999951361,19.8225683828236,0.986521910155533,0.00289888011858899,0.199999999440142,0.825586279080884,-0.564275903962749,4.15000000000016,19.8207963267942,0.245180864308223,0.47032497185681,0.544999999935289,0.0450450620427032,-1.10565836969007,0.365838394845436,0.139525460061966,0.003977
18.3,0.843685017285677,-0.511300422929925,4.15999999948416,19.872568402303,0.986521893847037,0.00289890995451383,0.199999999381902,0.852756552130049,-0.522308589627645,4.16000000000016,19.8707963267942,0.245180871606018,0.470324967800215,0.544999999902371,0.0450450616951217,-1.02260300716347,0.312620882241751,0.139522296887958,0.0039571
18.35,0.868185105554382,-0.468494775920754,4.16999999945106,19.9225684216025,0.986521880132702,0.00289893969625115,0.199999999294035,0.877795377905914,-0.479035775831528,4.17000000000016,19.9207963267942,0.245180878898641,0.470324963670594,0.544999999901981,0.0450450613149254,-0.936991664571539,0.263620913498552,0.139519242095224,0.0042698
18.4,0.890515181967046,-0.424518130215245,4.17999999941355,19.9725684406725,0.98652186894109,0.00289896925999608,0.199999999205818,0.900640172384009,-0.434565622072842,4.18000000000015,19.9707963267942,0.24518088615449,0.470324959474024,0.544999999913218,0.0450450609030979,-0.849038325809478,0.218960963600541,0.139516299853587,0.0041027
18.45,0.910619432979297,-0.37948040466603,4.18999999937189,20.0225684594663,0.986521860195341,0.00289899856486039,0.199999999127714,0.921233835475478,-0.389009280576376,4.19000000000015,20.0207963267942,0.245180893344331,0.470324955215645,0.544999999927568,0.0450450604621233,-0.758962828541543,0.178752659731331,0.139513473811633,0.003752
18.5,0.928447608452056,-0.333494170270412,4.19999999932665,20.0725684779402,0.986521853813705,0.00289902753322238,0.199999999062525,0.939524893747564,-0.342480618470586,4.20000000000015,20.0707963267942,0.245180900441433,0.470324950900106,0.544999999941798,0.0450450599945701,-0.666990314721264,0.143096502263861,0.139510767109113,0.0035354
18.55,0.943955147250772,-0.286674368801453,4.20999999927847,20.1225684960532,0.986521849710066,0.00289905609085257,0.199999999010143,0.955467629080385,-0.295095933179079,4.21000000000014,20.1207963267942,0.245180907421611,0.470324946532081,0.54499999995483,0.045045059503008,-0.57335066785372,0.112081613562029,0.139508182390327,0.0035238
18.6,0.957103288625099,-0.239138025513333,4.21999999922796,20.1725685137674,0.986521847794476,0.00289908416705211,0.19999999896949,0.969022192938427,-0.246973661737616,4.22000000000014,20.1707963267942,0.245180914263308,0.470324942116529,0.54499999996646,0.0450450589899543,-0.478277938406389,0.0857855152214444,0.139505721818446,0.0037345
18.65,0.967859169090622,-0.191003956639083,4.22999999917568,20.2225685310475,0.986521847973686,0.00289911169479482,0.199999998939304,0.980154705971124,-0.198234084763206,4.23000000000014,20.2207963267942,0.245180920979461,0.470324937592603,0.544999999984515,0.0450450584590744,-0.382009758804756,0.0642739343060605,0.139503387091724,0.0035518
18.7,0.976195904570665,-0.142392472411739,4.2399999991223,20.2725685478613,0.986521850154646,0.00289913860375553,0.199999998925367,0.988837342693595,-0.148999025815204,4.24000000000014,20.2707963267942,0.245180927524461,0.470324933038498,0.544999999997013,0.0450450579112067,-0.284786749474894,0.0476006390650001,0.139501179454604,0.0034608
18.75,0.982092657592468,-0.0934250763512901,4.2499999990685,20.3225685641793,0.986521854238915,0.00289916483508119,0.199999998922679,0.995048401035864,-0.0993915468998583,4.25000000000013,20.3207963267942,0.245180933868061,0.470324928502365,0.545000000002533,0.0450450573487567,-0.186851917417565,0.035807304540212,0.139499099719751,0.0033832
18.8,0.985534689369686,-0.0442241615691024,4.25999999901469,20.372568579975,0.986521860124812,0.00289919033847378,0.199999998924958,0.998772356586731,-0.0495356408793803,4.26000000000013,20.3707963267942,0.245180940010502,0.470324923957779,0.545000000008089,0.0450450567746265,-0.0884500488171649,0.0289234084008512,0.139497148286041,0.0037993
