Time,X,Y,Z,Psi,Vx_B,Vy_B,Vz_B,Ref_X,Ref_Y,Ref_Z,Ref_Psi,Ux,Uy,Uz,Upsi,Int_X,Int_Y,Cost,CalcTime
0,1.15,0,0.5,1.5707963267949,1,6.12323399573677e-17,0.2,1,0,0.5,1.5707963267949,0.310994046717086,0.99999999921375,0.545000000000023,0.0635738890573109,0,0,18.0023094916238,0.0065377
0.05,1.14738191301043,0.0501064575988991,0.51,1.62316571155825,1.0074174050556,0.0519160138730866,0.200000000000021,0.998750260394966,0.0499791692706783,0.51,1.6207963267949,0.335790814496028,0.99999999900002,0.544999999999984,0.0490630020376863,0.11491267123348,0.00250393700057647,16.2794696523675,0.0054316
0.1,1.13955410393787,0.100296688607067,0.520000000000001,1.67770481169291,1.01981420752679,0.100121795360013,0.200000000000006,0.995004165278026,0.0998334166468282,0.52,1.67079632679489,0.341575728381078,0.999999507110347,0.544999999999994,0.0473889078115629,0.229302720392368,0.0100240989804452,14.5727224643178,0.0057652
0.15,1.12656218765898,0.15035385133783,0.530000000000001,1.73201232435866,1.03500187805848,0.146863780447858,0.200000000000001,0.988771077936042,0.149438132473599,0.53,1.72079632679489,0.334871925386842,0.921550498156153,0.544999999999996,0.0464915838181214,0.342651340025154,0.0225588358472086,12.902735827536,0.0054215
0.2,1.10867233522215,0.200021264285233,0.540000000000001,1.78582776413778,1.05132386288453,0.184183610117643,0.199999999999998,0.980066577841242,0.198669330795061,0.54,1.77079632679489,0.320086614567071,0.784564763240269,0.544999999997298,0.045804026789073,0.454451891004774,0.0400818407088797,11.4744929698336,0.0047828
0.25,1.08651597476596,0.249094869670913,0.549999999999941,1.83906648024326,1.06724709100102,0.206266048431215,0.199999999997566,0.968912421710645,0.247403959254523,0.55,1.82079632679489,0.300827503854752,0.673862545665028,0.544999998006966,0.0452580491181836,0.564243602032921,0.0625432365323988,10.376873401779,0.0042848
0.3,1.06080759767232,0.297424337146015,0.559999999954976,1.89170533137321,1.08159045245653,0.216240753375501,0.199999998203835,0.955336489125607,0.29552020666134,0.56,1.87079632679489,0.279337949616419,0.585981822927854,0.545000000868458,0.0448202079987991,0.671636694519299,0.0898759615270081,9.51533255705936,0.0041426
0.35,1.03213387172861,0.34487676421127,0.569999999884708,1.94375678068864,1.09360439111564,0.216826000502304,0.199999998985447,0.93937271284738,0.342897807455452,0.57,1.92079632679489,0.257343191477901,0.517672603245148,0.545000000485724,0.0444729805775127,0.776306283268663,0.121998829512698,8.8260135709938,0.0046261
0.4,1.00097245030696,0.391332638763,0.579999999844909,1.99525484465566,1.1028798918938,0.210350408186063,0.199999999422599,0.921060994002887,0.389418342308651,0.58,1.97079632679489,0.236122291861001,0.46594366234297,0.545000000290883,0.0442049558150057,0.877980550184927,0.158818063646428,8.26461228959901,0.0044454
0.45,0.967708908427392,0.43668262708929,0.589999999822584,2.04624680461635,1.1092682803357,0.198779687736444,0.199999999684394,0.900447102352679,0.434965534111231,0.59,2.02079632679489,0.216578356978638,0.428078996355967,0.545000000183746,0.0440058604348678,0.976430705257817,0.200228468364232,7.79934066579837,0.0043987
0.5,0.932651852995734,0.480825094220028,0.599999999810938,2.09678761633523,1.11281280977587,0.183747021739701,0.199999999849765,0.877582561890375,0.479425538604204,0.6,2.07079632679489,0.199304655739852,0.401646503120295,0.545000000119905,0.0438661190039887,1.07146254905102,0.246114317552278,7.4065858535139,0.0047858
0.55,0.896046302050522,0.523664251894379,0.609999999806124,2.14693577925084,1.11369185829823,0.166586258453956,0.19999999995768,0.852524522059508,0.52268722893066,0.61,2.12079632679489,0.184644843657572,0.384495997978775,0.545000000078994,0.0437768501617472,1.16290945889323,0.296350027048797,7.06827851386003,0.0043705
0.6,0.858085434278205,0.565108827429339,0.619999999805785,2.1967502903058,1.11217294546421,0.148366083086168,0.200000000028774,0.825335614909681,0.564642473395037,0.62,2.17079632679488,0.172746291578316,0.374749689557441,0.545000000020005,0.0437298919326811,1.25062663058996,0.350800668841778,6.77031238151428,0.0045319
0.65,0.818920823352686,0.605071156099726,0.629999999807674,2.24628844524045,1.10857638433093,0.129923745104536,0.200000000046779,0.796083798549059,0.605186405736041,0.63,2.22079632679488,0.163606234258616,0.370787355975216,0.544999999975272,0.0437178171460642,1.33448641833578,0.409322374093623,6.501587146494,0.0042823
0.7,0.778671278230503,0.643466611204227,0.639999999809457,2.29560430484196,1.10324723392494,0.111897326336018,0.200000000024523,0.764842187284493,0.644217687237693,0.64,2.27079632679488,0.157110934399835,0.371228017274283,0.544999999973096,0.0437339361587036,1.41437462733167,0.471762662952146,6.25340572110189,0.0041424
0.75,0.737430412806357,0.680213298140767,0.649999999810078,2.34474768122347,1.09653422464609,0.0947558781471949,0.20000000000031,0.731688868873826,0.681638760023337,0.65,2.32079632679488,0.153068341284475,0.374909528574526,0.544999999982392,0.0437722875256795,1.49018762586987,0.537960731132349,6.0190636470194,0.0039363
0.8,0.695273067346149,0.715231950511668,0.659999999809697,2.39376352823047,1.08877442479498,0.078827028487043,0.199999999984463,0.696706709347171,0.717356090899526,0.66,2.37079632679488,0.151234868696333,0.380867198842601,0.544999999992375,0.0438276178538937,1.56183015596304,0.607747716477189,5.79353781946655,0.0041573
0.85,0.652260700665059,0.748445976963656,0.669999999808749,2.44269164290801,1.08028255416614,0.0643218655729368,0.1999999999776,0.659983145884988,0.751280405140297,0.67,2.42079632679488,0.15133697170814,0.3883122719127,0.545000000000023,0.0438953523889031,1.62921373368141,0.680946963051661,5.57322524725124,0.0047224
0.9,0.608445866771312,0.779781616890973,0.679999999807629,2.49156660309059,1.07134400144556,0.0513570542423892,0.199999999977621,0.621609968270671,0.783326909627488,0.68,2.47079632679488,0.153088201054969,0.396610886602857,0.545000000004966,0.0439715581402687,1.69225554200834,0.757374295677099,5.35570861345027,0.0043596
0.95,0.563875883200337,0.80916817123931,0.689999999806622,2.54041788070866,1.06221074915307,0.0399742445147121,0.199999999982091,0.58168308946389,0.813415504789379,0.69,2.52079632679488,0.156202379384809,0.405263956714989,0.545000000007567,0.0440529013552653,1.75087773008043,0.836838314041676,5.13953997346239,0.0051534
1,0.51859579096271,0.836538281504774,0.699999999805897,2.58927008216687,1.05309954412921,0.0301569002531714,0.199999999988901,0.540302305868147,0.841470984807903,0.7,2.57079632679488,0.16040349189894,0.413888272857532,0.54500000000808,0.0441366010532273,1.80500704304071,0.919140712499736,4.92404126040902,0.0050974
1.05,0.472650698275518,0.861828235742915,0.709999999805524,2.63814327674044,1.04419176930492,0.0218447180840285,0.199999999996173,0.497571047891735,0.867423225594024,0.71,2.62079632679488,0.165432824833346,0.422199019885029,0.545000000007331,0.0442203801608193,1.85457471634066,1.00407662927688,4.70912325840159,0.0053242
1.1,0.426087592316363,0.884978285127627,0.719999999805497,2.68705338180473,1.03563457303037,0.0149458302694176,0.200000000002771,0.453596121425586,0.891207360061444,0.720000000000001,2.67079632679488,0.171053825093014,0.429993820319453,0.545000000011533,0.0443024155857193,1.89951657714767,1.09143502692325,4.49512527381013,0.0043275
1.15,0.378956695343827,0.905932958470386,0.729999999805895,2.73601258019287,1.02754289662441,0.00934699571238881,0.20000000001315,0.408487440884166,0.91276394026053,0.730000000000001,2.72079632679488,0.177055096558666,0.437138350685001,0.545000000011522,0.0443812883592329,1.93977330354258,1.18099910441137,4.2826771103112,0.0039876
1.2,0.331312433827106,0.924641365257761,0.739999999806812,2.78502975032514,1.02000211090103,0.00492198493161496,0.20000000002352,0.362357754476683,0.932039085967237,0.740000000000001,2.77079632679487,0.183251895297541,0.443553528334995,0.545000000007407,0.04445593479553,1.97529079943934,1.27254674017916,4.0725838832636,0.0039754
1.25,0.283214081838097,0.941057480308493,0.749999999808155,2.83411089417353,1.01307103039914,0.00153836054013265,0.200000000030186,0.315322362395278,0.948984619355597,0.750000000000001,2.82079632679487,0.189486436965909,0.449204231124784,0.545000000002091,0.0445255994279185,2.00602064965028,1.36585096460574,3.86573311099742,0.0044647
1.3,0.234726132964381,0.955140405191309,0.759999999809711,2.88325955177548,1.00678512190573,-0.000937153206783354,0.200000000032069,0.267498828624597,0.963558185417205,0.760000000000001,2.87079632679487,0.195627286067561,0.454089484614243,0.544999999996888,0.0445897903376957,2.0319206252927,1.46068045982428,3.66302261002276,0.0040934
1.35,0.185918448457121,0.966854603165511,0.769999999811244,2.93247719402266,1.00115976350166,-0.00263452866455355,0.200000000029267,0.219006687093052,0.975723357826673,0.770000000000001,2.92079632679487,0.201568057500762,0.458234032070296,0.544999999992347,0.0446482373485643,2.05295521482724,1.55680008437386,3.46530707555737,0.0040165
1.4,0.136866223268673,0.976170105681992,0.779999999812535,2.98176358792841,0.996193443288478,-0.00367734961762554,0.20000000002238,0.169967142900251,0.985449729988475,0.780000000000002,2.97079632679487,0.207225625749021,0.461681189069744,0.544999999988669,0.044700853432989,2.06909616048255,1.65397141993522,3.27336085358968,0.0045277
1.45,0.0876498060777074,0.983062689472248,0.789999999813399,3.03111713060787,0.991870814407432,-0.00418062417868488,0.200000000012182,0.120502769367377,0.992712991037604,0.790000000000002,3.02079632679487,0.21253800574857,0.464486875752458,0.544999999985876,0.0447476995632584,2.08032298370438,1.75195333725069,3.08785427111838,0.0045519
1.5,0.0383544043484741,0.987514024007605,0.799999999813691,3.08053514985594,0.988165545899285,-0.00424935050014022,0.199999999999471,0.0707372016677132,0.997494986604071,0.800000000000002,3.07079632679487,0.217462041468501,0.4667147150139,0.54499999998391,0.0447889531363873,2.08662348662015,1.85050257827081,2.90934093591387,0.0042989
1.55,-0.0109302990817172,0.989511789672601,0.809999999813302,3.13001417053856,0.985042928108772,-0.00397770342543036,0.19999999998499,0.0207948278031027,0.999783764189375,0.810000000000002,3.12079632679487,0.221971013267619,0.468432083428744,0.54499999998268,0.0448248800089544,2.08799421938307,1.94937435157774,2.73825359247021,0.0050901
1.6,-0.0601105954620907,0.989049767401186,0.819999999812162,3.17955014706826,0.982462207266708,-0.00344872357114585,0.199999999969401,-0.0291995223012785,0.999573603041525,0.820000000000002,3.17079632679487,0.226052252885377,0.469707002888225,0.544999999982083,0.044855810095889,2.08444090570161,2.0483229381917,2.57490637810957,0.0042853
1.65,-0.109089246818544,0.986127900802413,0.829999999810229,3.22913866305557,0.98037863701353,-0.00273440348610554,0.199999999953276,-0.0791208888067239,0.99686502845394,0.830000000000002,3.22079632679487,0.229704835294114,0.470605764316734,0.544999999982027,0.0448821164168545,2.07597882091891,2.14710230495613,2.41950162233995,0.0041715
1.7,-0.157766014231295,0.980752331979562,0.839999999807488,3.27877509984656,0.978745245298116,-0.00189607832567977,0.1999999999371,-0.128844494295515,0.99166481045249,0.840000000000003,3.27079632679487,0.232937399427547,0.471191179965439,0.544999999982425,0.0449041974156726,2.06263311872564,2.24546672280952,2.27213964284875,0.0038628
1.75,-0.206038204825709,0.97293541234505,0.849999999803948,3.32845477610261,0.977514323574666,-0.000985040768631889,0.199999999921282,-0.178246055649482,0.98398594687396,0.850000000000003,3.32079632679487,0.235766134871271,0.471521367260965,0.544999999983209,0.0449224623324749,2.04443910401299,2.343171387378,2.13283029118378,0.0036956
1.8,-0.253801226997823,0.962695689771846,0.859999999799634,3.37817306087723,0.976638651772379,-4.33115633281877e-05,0.199999999906171,-0.227202094693078,0.973847630878219,0.860000000000003,3.37079632679487,0.238212958827309,0.471648974648751,0.544999999984316,0.0449373193748784,2.0214424505366,2.439973039455,2.00150527611889,0.004313
1.85,-0.300949145451954,0.950057873415941,0.86999999979459,3.42792546281845,0.976072477351051,0.00089549198949823,0.199999999892055,-0.275590246824504,0.961275202975325,0.870000000000003,3.42079632679487,0.240303896917101,0.471620767979705,0.54499999998569,0.0449491664128023,1.99369936300516,2.53563058306876,1.87803053498313,0.0040111
1.9,-0.347375229376749,0.935052777506936,0.87999999978887,3.47770769819639,0.975772270092961,0.00180523721917505,0.199999999879177,-0.323289566863495,0.946300087687441,0.880000000000003,3.47079632679487,0.242067672526241,0.471477504446354,0.544999999987287,0.0449583839106713,1.96127668395924,2.62990569896986,1.76221812954157,0.0043081
1.95,-0.392972488560624,0.917717245345618,0.889999999782543,3.52751574044115,0.975697276322105,0.00266634533995147,0.199999999867735,-0.370180831351279,0.928959715003897,0.890000000000004,3.52079632679487,0.243534502270899,0.471254029619425,0.544999999989057,0.0449653298093712,1.92425194639791,2.72256345149822,1.6538373133381,0.0049378
2,-0.437634193478977,0.898094054677114,0.899999999775683,3.57734585379485,0.97580989718421,0.00346487893048328,0.199999999857887,-0.416146836547135,0.90929742682571,0.900000000000004,3.57079632679487,0.244735089618774,0.47097954154423,0.544999999990976,0.0449703360770377,1.88271337356676,2.81337288690924,1.55262455389373,0.0043939
2.05,-0.481254376403671,0.876231805532615,0.909999999768374,3.62719461354858,0.976075915655154,0.004191670492569,0.199999999849765,-0.461072691376705,0.887362368633405,0.910000000000004,3.62079632679487,0.24569980455834,0.470677973946399,0.544999999992957,0.0449737066608911,1.83675982766531,2.90210762135191,1.45829239922733,0.0041865
2.1,-0.523728311417755,0.852184791556869,0.919999999760704,3.67705891516397,0.97646459625116,0.00484150859817124,0.199999999843426,-0.50484610459985,0.863209366648905,0.920000000000004,3.67079632679487,0.246458034307151,0.470368458220908,0.544999999994965,0.0449757165904531,1.78650070948364,2.98854641679731,1.37053715787788,0.0043837
2.15,-0.564952971890917,0.826012855766348,0.929999999752762,3.72693597438235,0.976948680158382,0.00541239271286264,0.199999999838895,-0.547357665480265,0.83689879079853,0.930000000000004,3.72079632679487,0.24703768820651,0.470065830939182,0.544999999996959,0.0449766120039999,1.73205581115499,3.07247374331375,1.28904541915089,0.0049339
2.2,-0.604827464507075,0.797781231616819,0.939999999744638,3.77682332021294,0.977504296833302,0.00590486324301511,0.199999999836158,-0.58850111725534,0.808496403819624,0.940000000000004,3.77079632679487,0.247464838974529,0.469781159980333,0.544999999990579,0.0449766108929131,1.67355512432761,3.15368032617621,1.21349947972152,0.0044228
2.25,-0.643253439355939,0.767560370200726,0.949999999736234,3.82671878247355,0.978110811180378,0.00632140962864761,0.19999999982768,-0.628173622722734,0.778073196887956,0.950000000000004,3.82079632679487,0.247763482399836,0.469522268337517,0.544999999977632,0.0449759043874314,1.61113860612799,3.23196367638245,1.14358176778437,0.0040854
2.3,-0.680135475923942,0.735425754344543,0.959999999727115,3.87662047534077,0.978750623321156,0.00666595634932452,0.199999999807548,-0.66627602127982,0.745705212176756,0.960000000000004,3.87079632679487,0.247955397746028,0.4692942393858,0.544999999975609,0.0449746584245571,1.54495590531993,3.30712860322757,1.07897836965041,0.0042239
2.35,-0.715381445063309,0.701457700334815,0.969999999716944,3.92652677815684,0.979408935796161,0.0069434243962416,0.199999999785597,-0.70271307677355,0.711473352790881,0.970000000000005,3.92079632679487,0.248060091889139,0.469099891709708,0.544999999977609,0.0449730156636698,1.4751660510669,3.37898770766391,1.0193817691149,0.0041081
2.4,-0.74890284719579,0.6657411479696,0.97999999970572,3.97643631454127,0.980073500877868,0.00715936403819829,0.199999999765445,-0.737393715541243,0.675463180551189,0.980000000000005,3.97079632679487,0.248094811783728,0.468940215934698,0.544999999980803,0.0449710975512769,1.40193710668874,3.44736185524408,0.96449290937033,0.003832
2.45,-0.780615127132104,0.62836543960726,0.98999999969356,4.02634793067162,0.98073435863265,0.00731965356083526,0.199999999748167,-0.770231254047305,0.637764702134543,0.990000000000005,4.02079632679487,0.248074610716967,0.468814768316138,0.5449999999841,0.0449690064364089,1.32544579077058,3.5120806275135,0.914022682131535,0.0044396
2.5,-0.810437965970114,0.589424088866545,0.999999999680611,4.07626067343066,0.981383574404925,0.00743025786132541,0.199999999733857,-0.801143615546933,0.598472144103996,1,4.07079632679487,0.248012455547686,0.468722018747764,0.544999999987135,0.0449668276706728,1.24587706794013,3.57298275078505,0.867692941055013,0.0041917
2.55,-0.838295550583498,0.549014539621046,1.00999999966701,4.1261737689668,0.982014982613997,0.00749704038441934,0.199999999722279,-0.830053535235222,0.557683717391458,1.01,4.12079632679487,0.247919363628841,0.468659652773148,0.544999999989829,0.0449646316389618,1.16342371157998,3.62991650129304,0.825237127225738,0.0048389
2.6,-0.864116821235776,0.507237915925312,1.0199999996529,4.17608660208331,0.982623942144863,0.00752562176983905,0.199999999713124,-0.856888753368948,0.515501371821506,1.02,4.17079632679487,0.24780455965859,0.468624828728228,0.544999999992217,0.0449624756816728,1.07828584068931,3.68274008578796,0.786400584444301,0.0044711
2.65,-0.887835697858404,0.464198763508759,1.02999999963838,4.2259986967576,0.983207107193653,0.00752127869219305,0.19999999970612,-0.881582195878288,0.472030541289925,1.03,4.22079632679487,0.247675644204246,0.468614392289934,0.544999999994353,0.0449604058813105,0.99067043305538,3.73132199669695,0.750940631884414,0.0041035
2.7,-0.909391285521582,0.420004783475784,1.03999999962356,4.27590969799524,0.983762216198413,0.00748887665754564,0.199999999701037,-0.904072142017064,0.427379880233873,1.04,4.27079632679487,0.247538767059673,0.468625051514467,0.544999999996298,0.0449584586967411,0.900790816842016,3.77554134103854,0.718626451848564,0.0041488
2.75,-0.928728059606768,0.374766558855667,1.04999999960853,4.32581935514268,0.98428790044234,0.00743283092767544,0.199999999697706,-0.924302378632468,0.381660992052375,1.05,4.32079632679487,0.247398799906146,0.468653515971511,0.5449999999981,0.0449566624365004,0.808866142650004,3.81528814234457,0.689238841119993,0.0040387
2.8,-0.945796031164052,0.328597274652932,1.05999999959337,4.37572750671671,0.984783513050155,0.0073570902330386,0.199999999695996,-0.942222340668664,0.334988150155949,1.06,4.37079632679487,0.247259503933525,0.468696603869321,0.544999999999799,0.0449550385693114,0.715120838054924,3.8504636149067,0.662569865974555,0.0043868
2.85,-0.960550892908451,0.281612432057318,1.06999999957817,4.42563406675604,0.985248978396291,0.00726513847457534,0.199999999695816,-0.957787237553097,0.28747801234259,1.07,4.42079632679487,0.247123689134652,0.468751321165622,0.545000000001421,0.0449536028750668,0.619784046580964,3.88098040973029,0.638422453367818,0.0038226
2.9,-0.972954146278885,0.233929557481743,1.07999999956299,4.47553901265965,0.985684661391032,0.00716001017506707,0.199999999697094,-0.970958165149599,0.239249329214028,1.08,4.47079632679487,0.24699336290827,0.468814916611532,0.545000000002981,0.04495236644339,0.523089053025366,3.90676283164516,0.616609944184603,0.0037888
2.95,-0.982973209953851,0.185667907106107,1.08999999954791,4.52544237444625,0.986091255691475,0.00704431600079567,0.199999999699777,-0.981702202998464,0.190422647361073,1.09,4.52079632679487,0.246869866391497,0.46888491652515,0.545000000003005,0.0449513365295127,0.425272697007308,3.92774702708974,0.596955628713754,0.0039588
3,-0.990581510189816,0.136948167614155,1.09999999953297,4.5753442253474,0.98646968958086,0.00692027521784832,0.199999999702481,-0.989992496600457,0.141120008059914,1.1,4.57079632679487,0.246753997620565,0.468959142833556,0.544999999998305,0.0449505172793589,0.326574776577027,3.94388114215339,0.579292279645694,0.0042315
3.05,-0.995758553323139,0.0878921538194474,1.10999999951805,4.62524467363256,0.98682104805771,0.00678975245925884,0.199999999700956,-0.995808324539074,0.0914646422324838,1.11,4.62079632679487,0.246646121210624,0.469035717549041,0.544999999998265,0.0449499103375139,0.227237443685662,3.95512545053121,0.563461693810747,0.0043664
3.1,-0.998489980754681,0.0386225038844484,1.11999999950306,4.67514385555691,0.987146509562349,0.00665429664410336,0.199999999699394,-0.999135150273294,0.0415806624333377,1.11999999999999,4.67079632679486,0.246546264465265,0.46911305688578,0.544999999998865,0.0449495153470548,0.127504593283353,3.96145245111497,0.54931425055244,0.0044486
3.15,-0.99876760671789,-0.010737627156135,1.12999999948801,4.72504192931874,0.987447295702301,0.00651518034974951,0.199999999698372,-0.999964658471358,-0.00840724736710139,1.12999999999999,4.72079632679486,0.24645420055992,0.469189857238556,0.545000000000812,0.0449493303608835,0.0276212477821492,3.96284693501543,0.536708491882049,0.0042655
3.2,-0.996589439117052,-0.0600648748507483,1.13999999947294,4.77493906991467,0.987724632366382,0.00637343828372207,0.199999999699103,-0.998294775794771,-0.0583741434275325,1.13999999999999,4.77079632679486,0.24636951925307,0.46926507565089,0.544999999983819,0.0449493521698274,-0.0721670614090703,3.95930602188192,0.525510727451207,0.0041165
3.25,-0.991959683712342,-0.109235973043527,1.14999999945753,4.82483546478443,0.987979720644182,0.0062299038780869,0.199999999684541,-0.994129676080566,-0.108195134530061,1.14999999999999,4.82079632679486,0.246291686428782,0.469337905869729,0.544999999984683,0.044949576571466,-0.171614913598557,3.95083916545751,0.515594665607185,0.0038666
3.3,-0.984888731923366,-0.158128061119937,1.15999999944142,4.87473131014347,0.988213716092296,0.00608524323241179,0.199999999670755,-0.987479769908886,-0.157745694143201,1.15999999999999,4.87079632679486,0.246220092637282,0.469407753100086,0.544999999991756,0.0449499985679274,-0.270477618122827,3.93746812838029,0.506841070724882,0.0037983
3.35,-0.975393132520112,-0.206618990059582,1.16999999942477,4.92462680790826,0.988427714913054,0.00593998603646155,0.199999999663335,-0.978361678581957,-0.206901971673352,1.16999999999999,4.92079632679486,0.246154092536684,0.469474207172733,0.545000000000304,0.0449506125305757,-0.368511831630303,3.91922692631361,0.499137445856011,0.0037245
3.4,-0.963495547471402,-0.254587626569962,1.17999999940794,4.9745221631274,0.988622745817781,0.00579455313939042,0.199999999663609,-0.966798192579486,-0.255541102026784,1.17999999999999,4.97079632679486,0.246093035853372,0.469537015997925,0.545000000008532,0.0449514123207074,-0.465476171739634,3.89616174156101,0.492377739243397,0.0041049
3.45,-0.949224692227645,-0.301914154577531,1.18999999939131,5.02441758184161,0.98879976642789,0.00564928068329611,0.199999999671287,-0.952818214594332,-0.303541512708383,1.18999999999999,5.02079632679486,0.246036291021847,0.469596059924038,0.545000000015864,0.0449523913813532,-0.56113182550225,3.86833080639378,0.486462072776217,0.0038268
3.5,-0.932615260722829,-0.348480373355724,1.19999999937524,5.07431326930351,0.988959663208994,0.00550444083052035,0.199999999685565,-0.936456687290825,-0.350783227689574,1.19999999999999,5.07079632679486,0.245983262528665,0.469651327591241,0.545000000022202,0.0449535428059289,-0.655243151126735,3.83580425639174,0.481296490232178,0.003754
3.55,-0.913707835392439,-0.394169991574955,1.20999999936001,5.12420942849729,0.989103254063363,0.00536025921289005,0.199999999705547,-0.917754505966307,-0.397148167285914,1.20999999999999,5.12079632679486,0.245933402928009,0.469702893691618,0.545000000027619,0.0449548593893789,-0.747578271451667,3.79866395416902,0.476792723056147,0.003809
3.6,-0.892548782518277,-0.438868916566728,1.21999999934591,5.1741062589066,0.989231292831481,0.00521692930352349,0.199999999730404,-0.896758416334179,-0.442520443294807,1.21999999999999,5.17079632679486,0.24588622042515,0.469750898897031,0.545000000032218,0.044956333666615,-0.837909657683937,3.75700328392842,0.47286797143464,0.004017
3.65,-0.869190133227921,-0.482465538102867,1.22999999933316,5.22400395548646,0.989344475071769,0.00507462396166394,0.1999999997594,-0.873520897683972,-0.486786648655655,1.22999999999999,5.22079632679486,0.245841282844212,0.469795532091238,0.54500000003612,0.044957957942109,-0.92601470195148,3.7109269173577,0.469444698514535,0.0043043
3.7,-0.84368945049528,-0.524851006001621,1.23999999932194,5.27390270780269,0.989443444597018,0.00493350443185387,0.199999999791908,-0.848100031710444,-0.52983614090845,1.23999999999998,5.27079632679486,0.245798218711761,0.469837014942587,0.545000000039413,0.0449597243138017,-1.01167627725303,3.66055055145098,0.466450435757751,0.0041844
3.75,-0.816109682509237,-0.565919500884891,1.24999999931242,5.32380269930805,0.989528800345512,0.00479372709407406,0.19999999982738,-0.820559357339598,-0.571561318742301,1.24999999999998,5.32079632679486,0.245756716101902,0.469875588774352,0.545000000042169,0.0449616246937379,-1.09468328342322,3.60600061890638,0.463817597603826,0.0042331
3.8,-0.786519002799214,-0.605568497425103,1.25999999930474,5.37370410673047,0.989601103253837,0.00465544826428309,0.199999999865332,-0.790967711914456,-0.611857890942677,1.25999999999998,5.37079632679486,0.245716519803872,0.469911503629834,0.545000000044438,0.0449636508272644,-1.17483117776897,3.54741397181804,0.461483303812825,0.0044458
3.85,-0.754990637529572,-0.643699019436375,1.26999999929901,5.42360709955346,0.989660882876606,0.00451882733787956,0.199999999905326,-0.759399059137549,-0.650625137065126,1.26999999999998,5.42079632679486,0.245677427291891,0.469945009385961,0.545000000046262,0.0449657943121362,-1.25192248907348,3.48493753944587,0.459389208070543,0.0042932
3.9,-0.72160268039853,-0.680215886182381,1.27999999929531,5.47351183957285,0.989708643566143,0.00438402855439167,0.199999999946962,-0.725932304200182,-0.687766159183934,1.27999999999998,5.47079632679486,0.245639283900782,0.469976348739769,0.545000000047662,0.0449680466184138,-1.32576731370603,3.41872796091024,0.457481331647201,0.0040262
3.95,-0.686437895601713,-0.715027949292947,1.28999999929373,5.52341848051803,0.989744870082891,0.00425122164225461,0.199999999989857,-0.690651096560551,-0.723188124086474,1.28999999999998,5.52079632679486,0.245601977540499,0.470005751874555,0.545000000048657,0.0449703991097171,-1.39618379262106,3.34895119372046,0.455709901103146,0.0037221
4,-0.649583509345073,-0.748048319702575,1.29999999929432,5.57332716772822,0.989770032555601,0.00412058157962367,0.200000000033649,-0.653643620863657,-0.756802495307891,1.29999999999998,5.57079632679486,0.245565433219007,0.470033432604701,0.545000000049261,0.0449728430660872,-1.46299856807684,3.2757820991057,0.454029189224297,0.0035594
4.05,-0.611130990416595,-0.779194584047032,1.30999999929711,5.62323803787719,0.989784590750031,0.00399228768227378,0.200000000077984,-0.615002376525621,-0.788525254426159,1.30999999999998,5.62079632679486,0.245529607585948,0.47005958579808,0.545000000049482,0.0449753697085241,-1.52604721895414,3.19940400517455,0.452397358545995,0.0034632
4.1,-0.571175820350701,-0.808389009978589,1.31999999930212,5.67315121874147,0.98978899763659,0.00386652220394312,0.200000000122518,-0.574823946533316,-0.818277111064376,1.31999999999998,5.67079632679486,0.245494483659755,0.470084385880894,0.545000000049318,0.0449779702250703,-1.58517467360703,3.12000824898464,0.450776306980137,0.0034936
4.15,-0.529817253743283,-0.835558739886509,1.32999999930936,5.72306682900872,0.989783702272238,0.00374346860893446,0.200000000166904,-0.533208756037203,-0.845983701075414,1.32999999999998,5.72079632679486,0.245460065857663,0.470107986240098,0.545000000048773,0.0449806357982046,-1.64023559923301,3.03779369865624,0.44913151520005,0.0048203
4.2,-0.487158069298727,-0.860635972536871,1.3399999993188,5.77298497812382,0.989769152030577,0.00362330965211617,0.200000000210799,-0.490260821340749,-0.871575772413557,1.33999999999998,5.77079632679486,0.245426375411355,0.470130519352298,0.545000000047842,0.0449833576332392,-1.69109476680624,2.95296625671393,0.447431895558357,0.0042515
4.25,-0.443304312212871,-0.883558132174719,1.34999999933042,5.8229057661713,0.989745794227521,0.00350622537822162,0.200000000253857,-0.446087489913844,-0.894989358228555,1.34999999999997,5.82079632679486,0.245393446138397,0.470152097636584,0.545000000021199,0.044986126985129,-1.73762739067716,2.86573834588757,0.445649642448908,0.0044037
4.3,-0.398365028517499,-0.904268024661258,1.35999999934359,5.87282928379286,0.989714077191188,0.0033923911472648,0.200000000272936,-0.400799172080027,-0.916165936749428,1.35999999999997,5.87079632679486,0.245361321007436,0.47017281410628,0.545000000009618,0.0449889351955644,-1.7797194420032,2.77632837864776,0.443760083918174,0.0049314
4.35,-0.352451992032417,-0.922713980251722,1.36999999935745,5.92275561214002,0.989674450869442,0.00328197568970168,0.200000000281593,-0.354509065048185,-0.935052577558424,1.36999999999997,5.92079632679486,0.245330048687772,0.470192744296808,0.545000000006531,0.0449917737120665,-1.81726793523881,2.68496021179245,0.441741534846604,0.0041545
4.4,-0.305679424590255,-0.938849982651145,1.37999999937168,5.97268482286095,0.989627366990161,0.00317513934695588,0.20000000028747,-0.307332869978473,-0.951602073889493,1.37999999999997,5.97079632679486,0.245299680866871,0.470211947779996,0.545000000005441,0.04499463412184,-1.8501811869788,2.59186258743895,0.439575151532786,0.0039111
4.45,-0.258163710216951,-0.952635784017968,1.38999999938617,6.02261697812062,0.98957327886957,0.00307203247142179,0.200000000292367,-0.259388502789681,-0.965773060620618,1.38999999999997,6.02079632679485,0.2452702699613,0.470230469901403,0.545000000004738,0.044997508179093,-1.87837904651604,2.49726856181045,0.437244787910334,0.0038878
4.5,-0.210023103967229,-0.96403700562157,1.3999999994009,6.07255213065419,0.989512640924846,0.00297279402195023,0.200000000296631,-0.210795799430835,-0.977530117665078,1.39999999999997,6.07079632679485,0.245241867231842,0.470248343584038,0.545000000006712,0.0450003878315517,-1.90179309754425,2.40141492323705,0.434736853547151,0.0037762
4.55,-0.161377436128914,-0.973025223894963,1.40999999941588,6.12249032385303,0.989445907948212,0.0028775503719067,0.200000000302672,-0.161676216353742,-0.986843858503219,1.40999999999997,6.12079632679485,0.245214521254489,0.470265591157286,0.545000000009604,0.0450032652450483,-1.9203668305066,2.30454160081938,0.432040173614759,0.0036449
4.6,-0.112347812522897,-0.979578041660043,1.41999999943123,6.17243159188239,0.989373534194217,0.0027864143397579,0.200000000311315,-0.112152526935111,-0.993691003633449,1.41999999999997,6.17079632679485,0.245188276757538,0.470282226080899,0.545000000012255,0.0450061328275444,-1.93405578516352,2.20689106522657,0.429145850999873,0.0038037
4.65,-0.0630563116367356,-0.98367914433979,1.42999999944707,6.2223759598296,0.989295972331745,0.00269948443595633,0.200000000322344,-0.0623485146070485,-0.998054438758866,1.42999999999997,6.22079632679485,0.245163173754873,0.470298254585397,0.5450000000143,0.0450089832507799,-1.94282766302601,2.10870772312097,0.426047130763442,0.0039847
4.7,-0.0136256793391196,-0.985318341009436,1.43999999946351,6.27232344388179,0.989213672303809,0.00261684432004076,0.200000000335214,-0.0123886634629475,-0.999923257564089,1.43999999999997,6.27079632679485,0.245139246940119,0.470313677196141,0.545000000015681,0.0450118094699948,-1.946662409375,2.01023730671863,0.422739267140069,0.0043751
4.75,0.0358209780700968,-0.98449159017665,1.44999999948062,6.32227405153152,0.989127080133231,0.00253856245684513,0.200000000349328,0.0376021528879196,-0.999292788975368,1.44999999999997,6.32079632679485,0.245116525305318,0.470328490121605,0.54500000001644,0.0450146047416109,-1.94555226466268,1.91172626000741,0.419219393264414,0.0049158
4.8,0.0851605017141477,-0.981201010219074,1.45999999949846,6.37222778180881,0.989036636707156,0.00246469195731316,0.200000000364124,0.0874989834393896,-0.996164608835833,1.45999999999997,6.37079632679485,0.245095031948055,0.47034268649649,0.545000000016661,0.0450173626387937,-1.93950178516732,1.81342112315388,0.415486393802341,0.0042589
4.85,0.134269988134196,-0.975454874446239,1.46999999951704,6.42218462553783,0.988942776568215,0.00239527058737812,0.200000000379118,0.137177112100851,-0.990546535966708,1.46999999999996,6.42079632679485,0.245074784033754,0.470356257476299,0.545000000016408,0.0450200770648675,-1.92852783284913,1.715567916635,0.411540780651503,0.0040985
4.9,0.18302709665953,-0.967267590791598,1.47999999953637,6.47214456561621,0.988845926735344,0.00233032092721354,0.200000000393885,0.186512369422519,-0.982452612624329,1.47999999999996,6.47079632679485,0.245055792882753,0.470369193184472,0.54500000001574,0.0450227422645866,-1.9126595344316,1.6184115266324,0.407384571861385,0.0038276
4.95,0.231310355388345,-0.956659666179226,1.48999999955642,6.52210757731517,0.988746505572824,0.00226985066269793,0.200000000408051,0.235381442954395,-0.97190306940182,1.48999999999996,6.52079632679485,0.245038064155119,0.470381483517027,0.545000000014704,0.0450253528333001,-1.89193820980889,1.52219509322422,0.403021173907037,0.0037308
5,0.278999465016784,-0.943657655648473,1.49999999957715,6.57207362859816,0.988644921722101,0.00221385299105969,0.200000000421285,0.28366218546317,-0.958924274663139,1.49999999999996,6.57079632679485,0.245021598109409,0.470393118812221,0.545000000013324,0.0450279037240361,-1.86641726995637,1.42715940290325,0.398455267433842,0.0036609
5.05,0.325975599758384,-0.928294096358376,1.50999999959851,6.62204268045612,0.98854157310734,0.00216230712321957,0.200000000433276,0.331233920236698,-0.94354866863591,1.50999999999996,6.62079632679485,0.245006389914725,0.47040409039483,0.54500000001163,0.0450303902526236,-1.8361620845975,1.33354228693977,0.393692696573878,0.003692
5.1,0.372121704602499,-0.910607426631921,1.51999999962044,6.67201468725697,0.98843684602258,0.00211517886624136,0.200000000443743,0.377977742712926,-0.925814682327737,1.51999999999996,6.67079632679485,0.244992429961249,0.470414390958412,0.544999999994382,0.0450328080989966,-1.8012498199555,1.24157802709352,0.388740361954154,0.0036909
5.15,0.41732278816868,-0.890641890238267,1.5299999996425,6.72198959710705,0.988331114301771,0.00207242126582045,0.200000000438687,0.423776817679374,-0.905766641468712,1.52999999999996,6.72079632679485,0.244979704328856,0.470424015008645,0.544999999978974,0.0450351533143838,-1.76176924699332,1.15149677016105,0.383606117302345,0.0040563
5.2,0.461466210424459,-0.868447426148059,1.53999999966396,6.77196735222298,0.988224738588365,0.00203397531105648,0.200000000419764,0.468516671300324,-0.883454655720163,1.53999999999996,6.77079632679485,0.244968195121357,0.470432959062481,0.544999999980677,0.0450374223166205,-1.71782052061889,1.06352395282335,0.378298669942169,0.0042771
5.25,0.504441964546221,-0.844079544033741,1.54999999968451,6.82194788931178,0.988118065691096,0.00199977067236084,0.200000000402373,0.512085477241788,-0.858934493426603,1.54999999999996,6.82079632679485,0.244957880780973,0.470441221713238,0.544999999987431,0.0450396118858395,-1.66951493040549,0.977879738233193,0.372827485135334,0.0039197
5.3,0.546142952216846,-0.817599185823571,1.55999999970435,6.87193113995637,0.988011428023148,0.00196972645663537,0.200000000391061,0.55437433617911,-0.832267442223914,1.55999999999996,6.87079632679485,0.244948736507069,0.470448803773391,0.544999999994403,0.0450417191651759,-1.61697462344843,0.894778465752328,0.367202694156512,0.0039501
5.35,0.586465251670029,-0.789072573653083,1.56999999972378,6.92191703100488,0.987905143134017,0.00194375198470755,0.200000000386023,0.595277547988556,-0.803520155852171,1.56999999999996,6.92079632679485,0.24494073461466,0.47045570830382,0.544999999999803,0.0450437416549012,-1.56033230004886,0.814428115216555,0.361435006249295,0.0038349
5.4,0.625308377809014,-0.758571044591914,1.57999999974307,6.97190548496221,0.987799513326557,0.00192174757587394,0.200000000385846,0.634692875942586,-0.772764487556005,1.57999999999995,6.97079632679485,0.244933844876114,0.470461940594987,0.545000000003083,0.0450456772063444,-1.49973088298399,0.737029787070089,0.355535624423736,0.0040637
5.45,0.662575533747037,-0.726170872557626,1.58999999976243,7.02189642038185,0.987694825355696,0.00190360533222815,0.200000000388621,0.672521802248419,-0.740077310488914,1.58999999999995,7.02079632679485,0.244928034843343,0.470467508109161,0.545000000004186,0.0450475240147573,-1.43532316118892,0.662777199671492,0.349516165083192,0.004683
5.5,0.698173853138006,-0.691953077860611,1.59999999978196,7.07188975225635,0.987591350204751,0.00188920991645163,0.200000000392388,0.708669774291214,-0.705540325570413,1.59999999999995,7.07079632679485,0.244923270153141,0.470472420376499,0.545000000004668,0.0450492806112783,-1.36727140873986,0.591856205030496,0.343388581454086,0.0043115
5.55,0.732014632688952,-0.656003224855514,1.60999999980168,7.12188539240484,0.987489342935314,0.00187843931618266,0.200000000396589,0.743046440966366,-0.669239857276285,1.60999999999995,7.12079632679485,0.244919514737525,0.470476689141897,0.544999999982894,0.0450509458516506,-1.29574698009007,0.524444324189095,0.33716509085826,0.0041791
5.6,0.764013554269606,-0.618411208204441,1.61999999982113,7.17188324985585,0.987389042599502,0.00187116561963103,0.200000000381193,0.775565878510207,-0.631266637872346,1.61999999999995,7.17079632679485,0.244916731278694,0.470480327485812,0.544999999976028,0.0450525189136447,-1.22092988257006,0.46071030341124,0.330858105499349,0.0041408
5.65,0.794090896062263,-0.579271028286975,1.62999999983965,7.22188323122478,0.987290672235087,0.00186725569251799,0.200000000359618,0.806146805264675,-0.591715580631036,1.62999999999995,7.22079632679485,0.244914881247025,0.47048335045231,0.544999999975797,0.0450539992767954,-1.14300832722024,0.400813692293457,0.324480167237808,0.0040026
5.7,0.822171732221307,-0.538680556318742,1.63999999985708,7.27188524108445,0.987194438899312,0.00186657191368226,0.200000000337836,0.83471278483912,-0.550685542597665,1.63999999999995,7.27079632679485,0.244913925181184,0.470485774657687,0.544999999977111,0.0450553867166095,-1.06217825907876,0.344904444853813,0.318043885836956,0.0037978
5.75,0.848186120539383,-0.496741289765745,1.64999999987346,7.32188918232691,0.987100533764636,0.00186897286119722,0.200000000317235,0.861192417161483,-0.508279077499287,1.64999999999995,7.32079632679485,0.244913822892253,0.470487618115188,0.54499999997803,0.0450566812919155,-0.978642868099088,0.293122544599243,0.311561880817914,0.0036376
5.8,0.872069277649148,-0.453558098667292,1.65999999988883,7.37189495651636,0.987009132265471,0.00187431397001442,0.200000000297462,0.885519516941283,-0.464602179413787,1.65999999999995,7.37079632679485,0.244914533645078,0.470488900080244,0.544999999978142,0.0450578833325433,-0.892612081920311,0.245597654511219,0.305046726843366,0.0035329
5.85,0.893761741320311,-0.409238963502965,1.66999999990321,7.42190246423201,0.986920394291061,0.00188244816244094,0.200000000277791,0.90763327909838,-0.419764017839891,1.66999999999995,7.42079632679485,0.244916016323328,0.470489640898867,0.54499999997764,0.0450589934266875,-0.804302041758996,0.202448792827309,0.298510902556554,0.0035885
5.9,0.913209519444021,-0.363894705260405,1.6799999999166,7.4719116053999,0.986834464420431,0.00189322645091315,0.200000000257667,0.927478430744004,-0.373876664830269,1.67999999999995,7.47079632679485,0.244918229580146,0.470489861859769,0.54499999997686,0.0450600124080021,-0.71393456273372,0.163784035431561,0.291966742807403,0.0036802
5.95,0.930364225330184,-0.317638708380364,1.68999999992896,7.52192227961324,0.986751472195591,0.00190649851268135,0.200000000236841,0.945005369334198,-0.327054814869774,1.68999999999995,7.52079632679485,0.244921131976061,0.470489585050677,0.544999999976214,0.045060941342471,-0.621736579972528,0.129700245599951,0.285426394193066,0.0042784
6,0.945183198977682,-0.27058663727347,1.69999999994027,7.57193438644045,0.986671532429414,0.00192211323615995,0.200000000215434,0.960170286650339,-0.27941549819896,1.69999999999994,7.57079632679485,0.244924682104505,0.470488833224256,0.54499999997563,0.0450617815150476,-0.527939581889332,0.100282831778605,0.27890177384275,0.0040364
6.05,0.957629614012779,-0.222856147119307,1.70999999995049,7.62194782572031,0.986594745544742,0.00193991923935745,0.200000000193501,0.972935278296872,-0.231077788299427,1.70999999999994,7.62079632679485,0.244928838708276,0.470487629665636,0.544999999975095,0.0450625344162871,-0.432779032047485,0.0756055340022117,0.272404531362047,0.0041976
6.1,0.967672570027051,-0.174566589672864,1.7199999999596,7.67196249784399,0.986521197941674,0.00195976536003096,0.200000000171086,0.983268438442562,-0.182162504272131,1.71999999999994,7.67079632679485,0.244933560786769,0.47048599806787,0.544999999974713,0.0450632017288284,-0.336493781057453,0.0557302394882528,0.265946013864519,0.0039502
6.15,0.97528717008295,-0.125838714815904,1.72999999996759,7.72197830402342,0.986450962390061,0.00198150111794682,0.200000000148329,0.991143939568449,-0.132791908852554,1.72999999999994,7.72079632679485,0.244938769568879,0.470484086845293,0.544999989692506,0.0450637847184465,-0.239325469980533,0.0407068278695383,0.259537254010301,0.0033632
6.2,0.98045458285926,-0.0767943686580711,1.73999999974309,7.7719951464695,0.98638409500354,0.00200499024819794,0.199999990871584,0.9965420970232,-0.0830894028175335,1.73999999999994,7.77079632679485,0.24494453146031,0.470481556188629,0.545000004817642,0.0450642873947244,-0.141517926743035,0.0305730464513785,0.253188849744578,0.0032423
6.25,0.983162090596707,-0.0275561887395096,1.74999999939506,7.82201292883288,0.986320649426343,0.00203005969642549,0.199999995207461,0.999449418224484,-0.033179216547594,1.74999999999994,7.82079632679485,0.244950718717477,0.470478747267259,0.545000004997236,0.0450647095958426,-0.0433165570720745,0.0253544158052529,0.246911099813801,0.0032057
6.3,0.983403121200171,0.0217527027152906,1.75999999926787,7.87203155633644,0.986260657684684,0.00205657162916898,0.199999999704974,0.999858636383402,0.0168139004843125,1.75999999999994,7.87079632679485,0.244957302543784,0.470475640721128,0.545000002395993,0.0450650546835029,0.0550322686242099,0.0250641659544029,0.240713844341638,0.0030899
6.35,0.981177264117179,0.0710090065784311,1.76999999930703,7.92205093583845,0.986204141305518,0.00208438598143093,0.200000001861368,0.997768728667673,0.0667649915215183,1.76999999999994,7.92079632679485,0.244964251091517,0.470472235560359,0.545000000585055,0.0450653250503225,0.153281830729083,0.0297032032855099,0.234606493737629,0.0030575
6.4,0.976490271715026,0.120089555182247,1.77999999941326,7.97207097617223,0.986151111215872,0.00211336260455536,0.200000002387917,0.993184918758184,0.116549204850456,1.77999999999994,7.97079632679485,0.244971529487562,0.470468547871808,0.544999999814792,0.0450655232291284,0.251185676769818,0.039260108275893,0.228598008212471,0.0031575
6.45,0.969354045130462,0.168871620361511,1.78999999952849,8.02209158831471,0.986101567754387,0.00214336340600349,0.20000000222123,0.986118663792507,0.16604210586492,1.78999999999994,8.02079632679484,0.244979101441233,0.470464600062441,0.544999999588257,0.0450656518651869,0.348498237131421,0.0537111640476408,0.222696880699996,0.0030877
6.5,0.959786604663362,0.217233220388003,1.79999999963029,8.0721126855485,0.98605550091837,0.00217425332811382,0.200000001850661,0.97658762572802,0.215119988087779,1.79999999999994,8.07079632679484,0.244986930922642,0.470460415682197,0.544999999570244,0.0450657136879732,0.444975438581556,0.0730204156770388,0.216911122989651,0.0032457
6.55,0.947812044833247,0.265053425029639,1.80999999971315,8.12213418361217,0.986012890804998,0.00220590076366039,0.20000000146388,0.964615627196218,0.263660182372742,1.80999999999994,8.12079632679483,0.244994982005495,0.470456019756772,0.544999999450745,0.0450657114910978,0.540375314066964,0.0971397601100224,0.211248253942459,0.0036047
6.6,0.933460474225639,0.312212657971423,1.81999999977399,8.17215600083533,0.985973708047245,0.00223817799079383,0.200000000969551,0.950232591958533,0.311541363513343,1.81999999999993,8.17079632679482,0.245003219605494,0.470451438148063,0.544999999013715,0.0450656481751812,0.634458607253923,0.126009066458004,0.205715291050161,0.0037751
6.65,0.91676794028122,0.358592995840293,1.82999999980028,8.22217805826514,0.985937914331408,0.00227096151760957,0.200000000081894,0.933474470112519,0.358643853492766,1.82999999999993,8.22079632679481,0.245011609484266,0.470446697772942,0.544999998088946,0.0450655266543997,0.726989370299041,0.15955632637225,0.200318743548994,0.0036374
6.7,0.897776339218594,0.404078463085127,1.83999999976137,8.27220027977905,0.985905462919387,0.0023041324301683,0.199999998361946,0.914383148235331,0.404849920616566,1.83999999999993,8.2707963267948,0.245020119847235,0.470441821057395,0.544999996885626,0.0450653498937704,0.817735553353907,0.197697834119718,0.195064611417988,0.0036367
6.75,0.876533311329065,0.4485553219814,1.8499999996094,8.32222259218084,0.985876299318384,0.00233757614376299,0.199999995559009,0.893006344689093,0.450044073780587,1.84999999999993,8.32079632679479,0.245028718792484,0.470436829913352,0.544999995401924,0.0450651208407157,0.906469584328384,0.240338395909083,0.189958375731377,0.0035642
6.8,0.8530921219102,0.49191235703486,1.85999999928389,8.37224492527903,0.98585036167998,0.00237118256318568,0.19999999142074,0.869397490349846,0.49411335113858,1.85999999999993,8.37079632679478,0.245037378552453,0.470431737607501,0.544999994299465,0.0450648425617496,0.992968937463109,0.287371567943313,0.185005011728228,0.0037825
6.85,0.827511528142806,0.534041153083901,1.86999999872666,8.42226721196114,0.98582758159475,0.00240484536862384,0.199999986290259,0.843615595058186,0.536947602447986,1.86999999999993,8.42079632679478,0.245046147956508,0.47042629530156,0.545000015327708,0.0450645195040724,1.07701668928966,0.338679922603085,0.180209120693596,0.0039699
6.9,0.799855632705805,0.574836366942677,1.87999999838605,8.47228938844213,0.985807891326763,0.00243843459066904,0.200000000085196,0.815725100125389,0.578439764388178,1.87999999999993,8.47079632679477,0.245054857450941,0.470421026629967,0.545000005014929,0.0450641515409213,1.15840206060501,0.394135342114543,0.175574407709524,0.0035199
6.95,0.770193723050453,0.614195990340208,1.88999999850315,8.52231139403538,0.985791203079984,0.00247187811018766,0.200000004598633,0.785795717263698,0.618486128163006,1.88999999999993,8.52079632679476,0.245063549098432,0.47041570915153,0.545000000916125,0.0450637441415802,1.23692094311826,0.453599338986671,0.171104416968939,0.0034045
7,0.738600097723485,0.65202160442785,1.89999999875369,8.57233317115178,0.985777431313968,0.00250508337329223,0.200000005423145,0.753902254343347,0.656986598718775,1.89999999999993,8.57079632679475,0.245072197834092,0.47041036083252,0.54499999944032,0.04506329972667,1.3123764093272,0.516923402275605,0.16680208890706,0.0036788
7.05,0.705153881062914,0.688218626317957,1.90999999901226,8.62235466556763,0.985766485672484,0.00253796259911839,0.200000004919433,0.720124428411842,0.693844944929755,1.90999999999993,8.62079632679474,0.245080779833306,0.470404998981148,0.54499999903563,0.0450628212350114,1.38457920447287,0.583949368939277,0.162669870960767,0.0036256
7.1,0.669938825373836,0.722696545539336,1.91999999923653,8.67237582634081,0.985758271465517,0.00257043292596523,0.2000000040515,0.68454666644286,0.728969040125873,1.91999999999993,8.67079632679473,0.245089272560295,0.470399640170101,0.544999999040255,0.0450623116143259,1.45334821932598,0.654509819338804,0.158709726349926,0.0034427
7.15,0.633043101532511,0.755369150299342,1.92999999941751,8.72239660580756,0.985752690148125,0.00260241644407225,0.20000000318773,0.647257894312784,0.762271092361414,1.92999999999993,8.72079632679473,0.245097654777545,0.47039430021943,0.544999999178709,0.0450617737759968,1.51851094260811,0.728428495880576,0.154923144098632,0.0034065
7.2,0.594559078543691,0.786154742987428,1.93999999955842,8.77241695957649,0.985749639789406,0.00263384020520152,0.200000002448567,0.60835131453232,0.793667863849163,1.93999999999992,8.77079632679472,0.245105906549088,0.470388994181511,0.544999999341494,0.0450612105846869,1.57990389191653,0.805520743751235,0.151311150220732,0.0036505
7.25,0.554583092603637,0.814976344381814,1.94999999966603,8.82243684651354,0.985749015530264,0.00266463621607421,0.200000001855912,0.567924173288766,0.823080879011522,1.94999999999992,8.82079632679471,0.245114009239406,0.470383736329357,0.544999999489181,0.0450606248515813,1.63737302207524,0.88559397264252,0.147874319981898,0.0038446
7.3,0.513215206247482,0.841761886049263,1.95999999974733,8.87245622871801,0.985750710029044,0.00269474141702425,0.200000001396175,0.526077517381181,0.850436620628589,1.95999999999992,8.8707963267947,0.245121945508443,0.470378540147998,0.544999999610952,0.045060019328349,1.69077410989165,0.968448138310576,0.144612791151152,0.0042653
7.35,0.470558958184229,0.866444390457638,1.96999999980839,8.92247507148998,0.98575461389424,0.00272409764669134,0.200000001046032,0.482915941656019,0.875666713592916,1.96999999999992,8.92079632679469,0.245129699302934,0.470373418328991,0.544999999706916,0.045059396701597,1.73997311435726,1.05387624276475,0.141526278155836,0.0040013
7.4,0.426721104445938,0.888962138351696,1.97999999985409,8.97249334328956,0.985760616103544,0.00275265159355049,0.200000000782256,0.438547327574477,0.898708095811669,1.97999999999992,8.97079632679469,0.24513725584434,0.470368382767834,0.544999999780755,0.0450587595877785,1.78484651139221,1.14166485183441,0.138614087054808,0.0040426
7.45,0.381811351499198,0.909258822974516,1.98999999988827,9.02251101568862,0.98576860440862,0.00278035473506302,0.200000000584935,0.393082573565032,0.919503175829023,1.98999999999992,9.02079632679468,0.245144601613631,0.470363444564022,0.544999999836809,0.0450581105285245,1.82528160229736,1.23159462881901,0.135875131246263,0.0038254
7.5,0.335942081987008,0.927283690749946,1.99999999991385,9.07252806331526,0.985778465725027,0.00280716326522067,0.200000000438063,0.346635317835121,0.937999976774802,1.99999999999992,9.07079632679467,0.245151724333065,0.470358614023771,0.544999999879004,0.045057451986443,1.86117679514347,1.32344088288633,0.133307947827762,0.0035146
7.55,0.289228073787488,0.942991668075347,2.00999999993303,9.12254446379179,0.985790086506815,0.00283303801126852,0.200000000329166,0.299321654334806,0.954152266279588,2.00999999999992,9.12079632679466,0.245158612945283,0.470353900665057,0.544999999910584,0.0450567863413209,1.89244185839453,1.41697413084737,0.130910714527606,0.0034314
7.6,0.241786213092414,0.956343473908691,2.01999999994747,9.17256019766641,0.985803353105387,0.00285794434036358,0.200000000248692,0.251259842582358,0.967919672031571,2.01999999999992,9.17079632679465,0.245165257589795,0.470349313224959,0.544999999934111,0.0450561158867614,1.91899814613205,1.5119606709026,0.128681267128481,0.0033867
7.65,0.193735202223427,0.967305717869641,2.02999999995843,9.22257524833935,0.985818152112273,0.0028818520569328,0.200000000189392,0.20257001207705,0.979267782686297,2.02999999999992,9.22079632679464,0.245171649577153,0.470344859669053,0.544999999951548,0.0450554428272398,1.94077879431811,1.60816316692492,0.126617117306011,0.003851
7.7,0.145195262916779,0.975850983610468,2.03999999996681,9.2725896019837,0.985834370685551,0.00290473529147288,0.200000000145785,0.153373862037973,0.98816823387711,2.03999999999992,9.27079632679463,0.24517778136091,0.470340547202817,0.54499999996439,0.0450547692755586,1.95772888760723,1.705341241818,0.124715470806922,0.0035706
7.75,0.0962878358186873,0.981957897249515,2.04999999997329,9.32260324746163,0.985851896859685,0.00292657238153135,0.200000000113735,0.103794357219363,0.994598779111299,2.04999999999992,9.32079632679462,0.245183646507617,0.470336382284723,0.544999999973769,0.0450540972506756,1.96980559629105,1.80325207846648,0.122973245893604,0.0034311
7.8,0.0471352769427385,0.985611180697251,2.05999999997839,9.37261617623635,0.985870619838629,0.00294734574557956,0.200000000090127,0.0539554205627609,0.998543345374742,2.05999999999991,9.37079632679461,0.245189239664994,0.470332370641013,0.54499999998054,0.0450534286759393,1.97697828303441,1.9016510267754,0.121387091983993,0.0035064
7.85,-0.00213944815176971,0.986801689742719,2.06999999998246,9.42262838228019,0.985890430272111,0.0029670417504878,0.200000000072613,0.00398162345419126,0.99999207330607,2.06999999999991,9.42079632679461,0.245194485423794,0.470328761700873,0.54499998023008,0.0450527641198983,1.97922857913677,2.00029221528114,0.119953204598867,0.0033657
7.9,-0.0514130715105393,0.985526436171622,2.07999999954127,9.47263986181864,0.985911214129882,0.00298567630440579,0.199999982279685,-0.0460021256394249,0.998941341839938,2.07999999999991,9.4707963267946,0.245199553718344,0.470324936115149,0.545000002069458,0.0450521091128793,1.97655043013554,2.09892916578381,0.11866822255475,0.003406
7.95,-0.100562331116102,0.98178859614012,2.08999999870181,9.52265061360602,0.985932876239991,0.00300320331027287,0.199999984142197,-0.0958708933763868,0.995393777257801,2.08999999999991,9.52079632679459,0.245204330659459,0.470321316132289,0.545000008046038,0.0450514614335138,1.96895011064274,2.1973154094563,0.117527828119548,0.0035375
8,-0.149464279153714,0.975597502631433,2.09999999808996,9.57266063873271,0.985955311440002,0.00301962417440303,0.199999991383632,-0.145500033808504,0.989358246623579,2.09999999999991,9.57079632679458,0.245208816470325,0.470317900446497,0.545000007788638,0.045050823847422,1.95644620832253,2.29520510307822,0.116527779562322,0.0035183
8.05,-0.19799658899101,0.966968620934873,2.10999999783439,9.62266994020072,0.985978417342723,0.00303494341295646,0.199999998393406,-0.194765499931055,0.980849835620612,2.10999999999991,9.62079632679458,0.245213011555458,0.47031468705953,0.54500000535554,0.0450501978753883,1.9390695771165,2.39235364360177,0.11566365744196,0.0036966
8.1,-0.246037860864883,0.955923509922072,2.11999999787456,9.67267852302069,0.986002094428933,0.00304916828399544,0.200000003213392,-0.24354415373569,0.969889810845314,2.11999999999992,9.67079632679458,0.245216918883947,0.470311668511554,0.545000002809923,0.0450495848903437,1.9168632598249,2.48851827957352,0.114930897591244,0.0033492
8.15,-0.293467925254691,0.942489768106236,2.12999999809845,9.72268639412212,0.986026246348028,0.00306230810300534,0.200000005742322,-0.291714073991329,0.956505566651752,2.12999999999992,9.72079632679458,0.245220541474183,0.470308837438046,0.545000000852382,0.0450489861009597,1.88988238022866,2.58345871792184,0.114324795877807,0.0031091
8.2,-0.34016814318533,0.926700964616302,2.13999999840474,9.77269356224494,0.986050779943843,0.00307437415984997,0.200000006509466,-0.339154860983744,0.940730556680031,2.13999999999992,9.77079632679458,0.24522388191985,0.470306189300344,0.544999999521507,0.0450484026165482,1.8581940050212,2.67693772459486,0.113840520912283,0.0043268
8.25,-0.386021702698094,0.908596555239276,2.14999999871945,9.82270003782318,0.986075605236227,0.00308537992898025,0.200000006078823,-0.385747937452137,0.922604210239613,2.14999999999992,9.82079632679458,0.245226945112463,0.470303716505839,0.544999998960843,0.0450478354730264,1.82187697589529,2.76872171754791,0.113473150233645,0.0035795
8.3,-0.430913910755319,0.888221783747908,2.15999999900001,9.87270583287316,0.986100635666837,0.00309534065388052,0.200000005143582,-0.431376844970543,0.90217183375658,2.15999999999992,9.87079632679458,0.245229734796701,0.470301417171309,0.544999998846207,0.0450472856068675,1.78102171220513,2.8585813505972,0.113217667079934,0.0030939
8.35,-0.474732479843536,0.865627568754751,2.16999999923123,9.92271096088517,0.98612578800072,0.00310427384411452,0.200000004105168,-0.47592753503324,0.879484497531165,2.16999999999992,9.92079632679458,0.245232255346637,0.470299289258766,0.544999998972642,0.0450467538765135,1.73572998469678,2.94629208668074,0.113068987955061,0.0030963
8.4,-0.517367808550603,0.840870376371816,2.17999999941337,9.97271543671734,0.986150982414869,0.00311219915077501,0.200000003180546,-0.519288654116624,0.854598908088594,2.17999999999992,9.97079632679458,0.245234511251033,0.470297331506723,0.544999999160228,0.0450462410307982,1.68611466087379,3.03163475909221,0.113021975511805,0.0030043
8.45,-0.558713255422237,0.814012079006978,2.18999999955351,10.0227192764899,0.98617614252994,0.00311913833805093,0.200000002424751,-0.56135182200502,0.82757726644231,2.18999999999993,10.0207963267946,0.245236507573612,0.470295542276353,0.544999999335996,0.0450457477360621,1.63229942263535,3.11439611928484,0.113071455887804,0.0030396
8.5,-0.598665405413939,0.785119800651689,2.1999999996598,10.0727224974792,0.98620119548221,0.0031251151328711,0.200000001827147,-0.602011902684781,0.798487112623829,2.19999999999993,10.0707963267946,0.245238249198096,0.470293921131989,0.544999999326418,0.0450452745519578,1.57441845689337,3.1943693698764,0.11321223266347,0.0030815
8.55,-0.637124328271507,0.754265749047342,2.20999999973601,10.122725118012,0.986226071915845,0.00313015524027167,0.200000001220923,-0.641167267129569,0.767401156867838,2.20999999999993,10.1207963267946,0.245239741205244,0.470292468918196,0.54499999893957,0.0450448219878867,1.51261611994256,3.27135468152347,0.113439103021635,0.0035521
8.6,-0.673993828191369,0.721527035148217,2.21999999977319,10.1727271573643,0.986250706013486,0.00313428636159544,0.200000000266536,-0.678720047319991,0.734397097874474,2.21999999999993,10.1707963267946,0.245240988412837,0.47029118962559,0.544999997865128,0.0450443904298866,1.44704657642296,3.34515969237369,0.113746871298164,0.0033729
8.65,-0.70918168413317,0.686985480330853,2.22999999973849,10.2227286356603,0.986275035486233,0.00313753840518748,0.199999998345151,-0.714576380862681,0.69955742860304,2.22999999999993,10.2207963267946,0.245241996592381,0.470290085940737,0.544999996004004,0.0450439801704829,1.3778734137789,3.41559998884762,0.114130366436834,0.0037354
8.7,-0.742599880189753,0.650727411837834,2.23999999956583,10.2727295737679,0.986299001682912,0.00313994323186095,0.199999994748754,-0.748646645597401,0.662969230082564,2.23999999999993,10.2707963267946,0.245242771228766,0.470289159172401,0.54499999326042,0.0450435913710154,1.30526923317888,3.48249956654909,0.114584450554888,0.0037318
8.75,-0.774164825447997,0.612843446976734,2.24999999915163,10.322729993189,0.986322549561488,0.003141534400295,0.199999988683132,-0.780845683605763,0.624723953754583,2.24999999999994,10.3207963267946,0.245243397979972,0.470288131974863,0.545000012009941,0.0450432256170123,1.22941521791932,3.5456912701532,0.115104156767863,0.0039987
8.8,-0.8037975634862,0.573428266898061,2.25999999885601,10.3727299161413,0.986345634872327,0.00314231772118845,0.199999999492079,-0.811093014061682,0.584917192892162,2.25999999999994,10.3707963267946,0.245243757561783,0.470287452369764,0.545000004016833,0.0450428802593831,1.15050068036755,3.60501721118404,0.115684261111876,0.0039566
8.85,-0.831423969181095,0.532580379696683,2.26999999892099,10.4227293652475,0.986368204168214,0.00314234749854366,0.200000003107229,-0.839313034391523,0.543648443666496,2.26999999999994,10.4207963267946,0.245243915958158,0.470286912919578,0.545000000820088,0.0450425573517358,1.06872258854355,3.66032916264927,0.11631988703982,0.0041112
8.9,-0.856974933266197,0.490401873936484,2.27999999909481,10.4727283633968,0.986390214015476,0.00314165752510039,0.200000003845308,-0.865435209241165,0.5010208564583,2.27999999999994,10.4707963267946,0.245243881625967,0.470286508986573,0.54499999965262,0.0450422563793798,0.984285073686815,3.71148892947566,0.117006157210672,0.0035228
8.95,-0.880386535479519,0.446998163710877,2.28999999927926,10.5227269338615,0.986411624571851,0.0031402821267587,0.200000003532666,-0.889394246777649,0.457140978035577,2.28999999999994,10.5207963267946,0.245243663219856,0.470286235772275,0.544999999317482,0.0450419772143071,0.897398919898576,3.75836869388487,0.117738285160991,0.0036514
9,-0.901600204237912,0.402477725168473,2.29999999944053,10.5727251001357,0.986432399542457,0.0031382561162846,0.2000000029184,-0.911130261884758,0.412118485242185,2.29999999999994,10.5707963267946,0.245243269562955,0.470286088306059,0.544999999303396,0.0450417196973552,0.808281037147814,3.80085133483917,0.118511584516998,0.003996
9.05,-0.920562862946129,0.35695182539089,2.30999999957078,10.6227228858505,0.98645250612954,0.00313561467384299,0.200000002291456,-0.930588925844623,0.366065910862845,2.30999999999994,10.6207963267946,0.245242709614189,0.470286061466643,0.544999999396879,0.0450414836151065,0.717153918975001,3.83883072075178,0.119321477529391,0.0045605
9.1,-0.937227062575433,0.310534244299951,2.31999999967178,10.672720314698,0.986471914974324,0.00313239322696977,0.200000001748647,-0.947721602131222,0.31909836234979,2.31999999999995,10.6707963267946,0.245241992435287,0.470286150002111,0.544999999512652,0.0450412687006527,0.624245086248517,3.87221197473073,0.120163502943473,0.0041538
9.15,-0.951551100180761,0.263340990288851,2.32999999974825,10.7227174103582,0.986490600091218,0.00312862733451405,0.200000001310034,-0.962485467976362,0.271333234114075,2.32999999999995,10.7207963267946,0.245241127157959,0.470286348552097,0.54499999961933,0.0450410746365366,0.529786518363682,3.90091171169388,0.121033323206952,0.0043777
9.2,-0.963499123060545,0.215490010287576,2.33999999980519,10.7727141964299,0.986508538794822,0.00312435257539805,0.200000000967431,-0.974843621404303,0.222889914100692,2.33999999999995,10.7707963267946,0.245240122953247,0.470286651664895,0.544999999708035,0.045040901057995,0.434014073305609,3.9248582467626,0.121926731023812,0.0038836
9.25,-0.973041218299103,0.167100894986734,2.34999999984699,10.8227106963648,0.986525711620337,0.00311960444188392,0.200000000704663,-0.984765173467478,0.17388948538088,2.34999999999995,10.8207963267946,0.245238989001207,0.470287053817936,0.544999999778407,0.0450407475561224,0.337166898024934,3.94399177441406,0.122839655257904,0.0042454
9.3,-0.980153487468,0.118294579956031,2.35999999987724,10.8727069334043,0.986542102237828,0.00311441823787718,0.20000000050523,-0.992225325452773,0.124454423507511,2.35999999999995,10.8707963267946,0.2452377344621,0.470287549436832,0.54499999983295,0.0450406136810639,0.239486830599657,3.95826451794421,0.123768166197582,0.0034546
9.35,-0.984818106299815,0.0691930434039168,2.36999999989874,10.9227029305211,0.986557697360882,0.00310882898227781,0.200000000354885,-0.997205430865396,0.0747082903899836,2.36999999999995,10.9207963267946,0.245236368448922,0.470288132914111,0.544999999874735,0.0450404989452002,0.141217795676811,3.96764084886862,0.124708480191802,0.0035128
9.4,-0.987023369185255,0.019919001333284,2.37999999991366,10.9726987103628,0.98657248665018,0.00310287131748284,0.200000000242146,-0.999693042035406,0.0247754254538073,2.37999999999996,10.9707963267946,0.245234900001347,0.470288798627263,0.544999999906588,0.045040402826269,0.0426051947045174,3.97209737596264,0.12565696367032,0.0036582
9.45,-0.986763718382423,-0.0294043991453655,2.38999999992367,11.0226942952,0.986586462612516,0.00309657942309322,0.200000000158075,-0.999681941230399,-0.0252193651432109,2.38999999999996,11.0207963267946,0.245233338061156,0.470289540956279,0.544999999930841,0.0450403247704739,-0.0561047075220521,3.97162300371866,0.126610136561788,0.0035279
9.5,-0.984039757865218,-0.0786538875772571,2.39999999993002,11.072689706877,0.986599620495766,0.00308998693488037,0.200000000095832,-0.997172156196608,-0.0751511204613623,2.39999999999996,11.0707963267946,0.245231691449117,0.470290354300527,0.544999999949324,0.0450402641955407,-0.154665398468048,3.96621896007449,0.127564675125254,0.0034298
9.55,-0.978858251776184,-0.127706378234453,2.40999999993367,11.1226849667671,0.986611958180323,0.00308312686903273,0.200000000050224,-0.992169960089545,-0.124895037116307,2.40999999999996,11.1207963267946,0.245229968843389,0.47029123309488,0.544999999963449,0.0450402204937219,-0.252830734081503,3.95589879334358,0.128517414211529,0.0036311
9.6,-0.971232107487566,-0.17643927772521,2.41999999993536,11.17268009573,0.98662347606749,0.00307603155168059,0.200000000017329,-0.984687855794386,-0.174326781222538,2.41999999999996,11.1707963267946,0.245228178759429,0.470292171825063,0.544999999974282,0.0450401930347285,-0.350355554091396,3.94068833835485,0.129465348972152,0.0038039
9.65,-0.961180343312733,-0.224730791373203,2.42999999993565,11.2226751140737,0.986634176965313,0.00306873255367972,0.199999999994183,-0.974744544675263,-0.223322799163345,2.42999999999997,11.2207963267946,0.245226329531377,0.470293165042256,0.544999999982627,0.0450401811686236,-0.446996294843834,3.9206256518866,0.130405636034588,0.0037891
9.7,-0.948728040948487,-0.272460227601254,2.43999999993496,11.2726700415188,0.986644065972323,0.00306126063062289,0.199999999978547,-0.962364879831597,-0.271760626410509,2.43999999999997,11.2707963267946,0.245224429294949,0.470294207376815,0.544999999989075,0.0450401842286166,-0.542511598145082,3.89576091755604,0.131335594163292,0.0045559
9.75,-0.933906282766879,-0.319508299559195,2.44999999993364,11.3226648971674,0.986653150359647,0.00305364566801878,0.199999999968714,-0.947579803978294,-0.319519193621845,2.44999999999997,11.3207963267946,0.245222485971762,0.470295293551148,0.544999999994082,0.0450402015337946,-0.636662914590159,3.86615632040181,0.132252704426934,0.003553
9.8,-0.916752074113005,-0.365757423242327,2.45999999993195,11.3726596994736,0.986661439451917,0.00304591663157186,0.199999999963388,-0.930426272105068,-0.366479129251504,2.45999999999997,11.3707963267946,0.245220507255122,0.470296418391743,0.544999999997986,0.0450402323917765,-0.72921509986945,3.83188589147304,0.133154609892737,0.0042905
9.85,-0.897308250802681,-0.41109201135567,2.46999999993007,11.4226544662188,0.986668944507406,0.00303810152248164,0.199999999961575,-0.910947159108215,-0.412523057916676,2.46999999999997,11.4207963267946,0.245218500597173,0.470297576840307,0.545000000001031,0.045040276101272,-0.819937002563326,3.79303532281303,0.134039114869678,0.0040838
9.9,-0.875623372050901,-0.455398762189817,2.47999999992817,11.472649214489,0.986675678597779,0.00303022733766285,0.199999999962503,-0.889191152625701,-0.457535893774911,2.47999999999997,11.4707963267946,0.245216473197462,0.470298763964037,0.545000000003412,0.0450403319545527,-0.908602041955988,3.74970175329989,0.134904183722329,0.0038326
9.95,-0.851751599098337,-0.498566942786611,2.48999999992637,11.5226439606559,0.986681656487861,0.0030223200347821,0.199999999965574,-0.865212631343424,-0.501405128178796,2.48999999999998,11.5207963267946,0.245214431992772,0.47029997496501,0.545000000005284,0.0450403992398416,-0.994988774424686,3.70199352587918,0.135747939277996,0.0038275
10,-0.825752559838893,-0.540488665687103,2.49999999992477,11.5726387203602,0.986686894515775,0.0030144045019912,0.19999999997033,-0.839071529076817,-0.544021110888976,2.49999999999998,11.5707963267946,0.245212383648318,0.47030120518871,0.545000000006751,0.0450404772435894,-1.07888144698896,3.65002991679495,0.136568660849468,0.0038514
10.05,-0.797691199786315,-0.58105915857026,2.50999999992344,11.6226335084988,0.986691410473791,0.00300650453223168,0.199999999976405,-0.810833184967523,-0.58527732414265,2.50999999999998,11.6207963267946,0.245210334550119,0.470302450131724,0.545000000007893,0.04504056525267,-1.16007053663666,3.59394083749581,0.137364781896635,0.0040316
10.1,-0.767637619751957,-0.62017702610861,2.51999999992244,11.6726283392138,0.986695223490235,0.00299864280197731,0.199999999983508,-0.780568180169571,-0.625070648892506,2.51999999999998,11.6707963267946,0.245208290798629,0.470303705448616,0.545000000008769,0.0450406625564745,-1.23835327407887,3.53386650996079,0.1381348873495,0.0035541
10.15,-0.735666900639061,-0.657744503386424,2.52999999992181,11.7226232258848,0.986698353912739,0.00299084085427389,0.1999999999914,-0.748352161433244,-0.663301622550631,2.52999999999998,11.7207963267946,0.245206258203504,0.470304966957884,0.545000000009434,0.0450407684488782,-1.31353415062503,3.46995711625603,0.138877710615818,0.0033811
10.2,-0.701858915791084,-0.69366770024709,2.53999999992159,11.7726181811239,0.986700823193139,0.00298311908591882,0.199999999999891,-0.714265652027607,-0.699874687593187,2.53999999999998,11.7707963267946,0.245204242279508,0.470306230647245,0.545000000009909,0.0450408822301417,-1.38542540691132,3.40237242319809,0.139592130296012,0.0034613
10.25,-0.666298131362721,-0.727856835958972,2.54999999992181,11.8226132167725,0.986702653774286,0.00297549673864068,0.200000000008809,-0.678393850474262,-0.73469843040445,2.54999999999998,11.8207963267946,0.245202248243472,0.4703074926781,0.545000000010214,0.0450410032086929,-1.453847502261,3.3312813830616,0.140277166628256,0.0034339
10.3,-0.629073395212226,-0.76022646361319,2.55999999992248,11.8726083439013,0.986703868979017,0.00296799189411318,0.200000000018001,-0.64082641759542,-0.767685809763248,2.55999999999999,11.8707963267946,0.245200281012314,0.470308749389211,0.545000000010367,0.04504113070279,-1.51862956350369,3.25686171132889,0.14093197768617,0.0036911
10.35,-0.590277714842334,-0.790695683692421,2.56999999992362,11.9226035728121,0.986704492901531,0.00296062147263963,0.200000000027331,-0.601657252408536,-0.798754374400678,2.56999999999999,11.9207963267946,0.245198345202011,0.470309997299729,0.545000000010363,0.0450412640421024,-1.5796098121317,3.17929944253682,0.141555855351407,0.0035466
10.4,-0.550008024944458,-0.819188346276811,2.57999999992522,11.9725989130421,0.986704550301365,0.00295340123535021,0.200000000036658,-0.560984257427671,-0.827826469085343,2.57999999999999,11.9707963267946,0.245196445127557,0.470311233111426,0.545000000010204,0.0450414025691719,-1.63663596872603,3.09878846533043,0.14214822108305,0.0037249
10.45,-0.508364945126872,-0.845633241381501,2.58999999992728,12.0225943733698,0.986704066500192,0.00294634578973386,0.200000000045841,-0.518909093958191,-0.854829428720985,2.58999999999999,12.0207963267946,0.245194584803763,0.470312453710379,0.545000000009879,0.0450415456407833,-1.68956563364089,3.01553003788543,0.142708621505338,0.0040316
10.5,-0.465452528432107,-0.869964276949875,2.5999999999298,12.0725899618236,0.986703067281594,0.00293946859834748,0.200000000054733,-0.475536927996448,-0.879695759971385,2.59999999999999,12.0707963267946,0.245192767946966,0.470313656167946,0.545000000009379,0.0450416926292225,-1.73826664299547,2.92973228491023,0.143236723834867,0.0055641
10.55,-0.421378001271862,-0.892120644057491,2.60999999993275,12.1225856856915,0.986701578793991,0.00293278199052352,0.200000000063174,-0.430976167369559,-0.902363309958551,2.60999999999999,12.1207963267946,0.245190997977499,0.47031483774111,0.545000000008694,0.0450418429234196,-1.78261739908293,2.84160967748461,0.143732311167895,0.0042238
10.6,-0.376251495429184,-0.912046968913575,2.6199999999361,12.1725815515329,0.986699627456867,0.00292629717690402,0.200000000070999,-0.385338190772296,-0.922775421612547,2.62,12.1707963267946,0.245189278022948,0.470315995872323,0.545000000007814,0.0450419959300252,-1.82250717437079,2.75138249703473,0.14419527764777,0.0038155
10.65,-0.330185772797548,-0.929693451279965,2.62999999993983,12.2225775651923,0.986697239870413,0.00292002426663687,0.200000000078032,-0.338737069378353,-0.940881075284662,2.63,12.2207963267946,0.245187610922106,0.470317128188779,0.545000000006741,0.0450421510743573,-1.8578363883327,2.65927628478417,0.144625623532131,0.003495
10.7,-0.283295943544622,-0.945015988961299,2.63999999994388,12.2725737318136,0.98669444272871,0.00291397228705898,0.200000000084099,-0.291289281721819,-0.956635016269956,2.64,12.2707963267946,0.245185999229605,0.470318232501143,0.545000000005482,0.0450423078012544,-1.88851685641955,2.56552127805671,0.145023450178808,0.0033834
10.75,-0.235699178404989,-0.957976288055064,2.64999999994821,12.3225700558568,0.986691262736543,0.0029081492056949,0.200000000089032,-0.243113422561508,-0.96999786792046,2.65,12.3207963267946,0.245184445221148,0.470319306801926,0.545000000004052,0.0450424655758547,-1.91447201054749,2.47035183483969,0.145388954968658,0.003446
10.8,-0.18751441582078,-0.968541958685686,2.65999999995275,12.3725665411158,0.986687726529926,0.00290256195441371,0.20000000009268,-0.194329906455815,-0.980936230066287,2.66,12.3707963267946,0.24518295089932,0.470320349263279,0.545000000002473,0.0450426238842422,-1.93563709055151,2.37400584804598,0.145722426183121,0.0035931
10.85,-0.138862064662094,-0.976686595983123,2.66999999995744,12.4225631907365,0.986683860600408,0.00289721645556468,0.200000000094905,-0.145060666789043,-0.98942276249866,2.67,12.4207963267946,0.245181518000081,0.47032135823374,0.545000000000875,0.0450427822340584,-1.95195930612606,2.27672415093854,0.146024237852256,0.0038951
10.9,-0.0898637032701421,-0.982389846103321,2.6799999999622,12.4725600072372,0.986679691223222,0.00289211764985888,0.200000000095693,-0.0954288510014335,-0.9954362533062,2.68000000000001,12.4707963267946,0.245180147999009,0.470322332237653,0.544999999999089,0.0450429401549394,-1.96339796884743,2.17874991520339,0.146294844595307,0.0041342
10.95,-0.0406417755752914,-0.985637457125224,2.68999999996697,12.5225569925291,0.986675244389254,0.00288726952615801,0.200000000094873,-0.0455585127847058,-0.998961671893654,2.69000000000001,12.5207963267946,0.245178842118965,0.470323269969858,0.54499999999711,0.0450430971989755,-1.96992459394805,2.08032804317556,0.146534776459329,0.0039858
11,0.00868071495049592,-0.98642131469689,2.69999999997165,12.5725541479381,0.986670545740944,0.00288267515254938,0.200000000092272,0.00442569798756842,-0.999990206550554,2.70000000000001,12.5707963267946,0.245177601337743,0.470324170291611,0.544999999994969,0.0450432529410094,-1.97152297158785,1.981704555737,0.146744633778081,0.0038711
11.05,0.0579805127418825,-0.984739462341355,2.70999999997615,12.6225514742272,0.986665620512095,0.00287833670871198,0.200000000087743,0.0543988468197321,-0.99851928647591,2.71000000000001,12.6207963267946,0.245176354060359,0.47032528560643,0.544999979392483,0.045043405648943,-1.96818920744453,1.88312597741622,0.146925247777398,0.0038853
11.1,0.107134417993632,-0.980596105725408,2.71999999951687,12.6725489714493,0.986660486988051,0.00287428219389701,0.199999981540979,0.104236026865218,-0.994552588203867,2.72000000000001,12.6707963267946,0.245175294787366,0.470325903098843,0.545000007465217,0.0450435593349332,-1.95993173252838,1.7848387202483,0.147076940603842,0.0038653
11.15,0.156019594981734,-0.974001603365454,2.72999999876188,12.7225466394138,0.986655181716769,0.00287046381083468,0.199999988259674,0.153812671128613,-0.988100026414289,2.73000000000001,12.7207963267946,0.245174277046485,0.47032658913615,0.545000010530766,0.0450437085768708,-1.94677128220019,1.68708846793797,0.147200756933401,0.0035074
11.2,0.204513879288424,-0.964972441086994,2.73999999841181,12.772544477519,0.986649724971499,0.00286689259921389,0.199999997737363,0.203004863818277,-0.979177729151222,2.74000000000001,12.7707963267946,0.245173308752975,0.470327306529318,0.545000006263969,0.0450438551282494,-1.928740844373,1.5901195616688,0.147297526084787,0.0030492
11.25,0.252496082691958,-0.953531189486562,2.74999999843962,12.8225424844294,0.986644137743468,0.00286357520753419,0.200000003374935,0.251689650071284,-0.967807997511179,2.75000000000002,12.8207963267946,0.245172398446129,0.470328015034531,0.545000002045735,0.0450439987427609,-1.9058855771275,1.49417438939832,0.147368115394523,0.0029926
11.3,0.299846296113938,-0.939706447758036,2.75999999865439,12.8725406584129,0.986638441552614,0.00286051330322256,0.200000005216096,0.299745343276549,-0.95401924990202,2.76000000000002,12.8707963267946,0.245171552929532,0.47032868787941,0.544999999878789,0.0450441390303587,-1.87826269592198,1.39949278006338,0.147413429308904,0.0031128
11.35,0.346446189398551,-0.923532772408015,2.76999999891247,12.9225389973493,0.986632658053609,0.00285770504702879,0.200000005107007,0.347051829227978,-0.937845951011726,2.77000000000002,12.9207963267946,0.245170774063824,0.470329318396489,0.544999999153345,0.0450442757183827,-1.84594133065933,1.30631140415911,0.147434417107627,0.0029136
11.4,0.392179307132499,-0.905050590985964,2.77999999914877,12.9725374987359,0.986626808425042,0.00285514725653304,0.200000004345017,0.393490866347436,-0.919328525664632,2.78000000000002,12.9707963267946,0.245170061012356,0.470329906641709,0.544999999001209,0.0450444085325809,-1.80900235296751,1.21486318219694,0.147432063059924,0.0029509
11.45,0.436931359751422,-0.884306101071179,2.78999999934355,13.0225361597047,0.986620913066831,0.00285283614582201,0.200000003446105,0.438946381227106,-0.898513257780416,2.79000000000002,13.0207963267946,0.245169410220934,0.47033045932453,0.544999998467571,0.0450445372081193,-1.76753817412772,1.12537670252947,0.147407382849007,0.0031775
11.5,0.480590509210401,-0.861351154808811,2.79999999948138,13.072534977037,0.986614991339512,0.00285076805997385,0.200000002066919,0.483304758752564,-0.875452174688408,2.80000000000002,13.0707963267946,0.245168814044745,0.470331001062373,0.544999995885456,0.0450446615227675,-1.72165251415765,1.03807565000143,0.147361421938382,0.0032649
11.55,0.52304764848084,-0.836243129266772,2.80999999949214,13.1225339471814,0.986609061239687,0.00284894137646742,0.199999998363829,0.526455126081393,-0.850202917086357,2.81000000000003,13.1207963267946,0.245168262728344,0.470331565933993,0.544999989601473,0.0450447810260791,-1.67146014263013,0.953178246858174,0.147295249569133,0.0031049
11.6,0.564196674162785,-0.809044782942576,2.81999999917637,13.172533066244,0.986603139350752,0.0028473575274815,0.199999989005155,0.568289629767547,-0.82282859496871,2.82000000000003,13.1707963267946,0.245167858660125,0.470331781432751,0.545000011661704,0.0450448975423943,-1.61708659188074,0.870896707314348,0.147209762850735,0.0037022
11.65,0.603934752399872,-0.779824099524543,2.82999999888902,13.2225323302439,0.986597251045155,0.00284597822763729,0.199999999500688,0.6087037053388,-0.793397629884489,2.83000000000003,13.2207963267946,0.245167454585519,0.470332171623357,0.545000003894109,0.045045007553029,-1.55866784329779,0.791436707124059,0.147106253646641,0.0038427
11.7,0.642162575633946,-0.74865411767633,2.83999999895167,13.2725317348977,0.986591405988063,0.00284481987396308,0.200000003005386,0.647596338653467,-0.761983583919054,2.84000000000003,13.2707963267946,0.245167109565611,0.470332521281869,0.545000000785948,0.0450451132576011,-1.4963499874288,0.714996869438939,0.146985725693341,0.0036829
11.75,0.678784610211996,-0.715612747962589,2.84999999911962,13.3225312755531,0.986585619680361,0.00284387589482774,0.200000003712738,0.684870318383154,-0.728664975827201,2.85000000000003,13.3207963267946,0.245166821817513,0.470332831273072,0.544999999649577,0.0450452140380329,-1.43028885891955,0.641768268383074,0.146849266127612,0.0037139
11.8,0.713709335638947,-0.680782578510209,2.85999999929737,13.3725309474509,0.986579906728208,0.00284313929842003,0.200000003397358,0.720432478990448,-0.693525084777163,2.86000000000003,13.3707963267946,0.245166589474882,0.4703331025748,0.544999999322484,0.0450453097852437,-1.3606496470724,0.571933951473746,0.146697961803486,0.0055062
11.85,0.746849473354867,-0.644250668587228,2.869999999452,13.4225307456614,0.986574280839716,0.00284260279843963,0.200000002787594,0.754193933594249,-0.656651742196063,2.87000000000004,13.4207963267946,0.245166410606835,0.470333336242975,0.54499999930755,0.0450454004391781,-1.28760648300559,0.505668482090937,0.146532896035175,0.0046616
11.9,0.778122204909389,-0.6061083310046,2.8799999995758,13.4725306651019,0.986568754827316,0.0028422588556902,0.200000002164389,0.78607029614067,-0.61813711223709,2.88000000000004,13.4707963267946,0.245166283229066,0.470333533396917,0.5449999993975,0.0450454859603761,-1.21134200446038,0.443137503152202,0.146355145483807,0.004438
11.95,0.80744937898796,-0.56645090388478,2.88999999967046,13.5225307005585,0.986563340613025,0.00284209971264293,0.200000001622139,0.815981892324236,-0.578077461417108,2.89000000000004,13.5207963267946,0.245166205311313,0.470333695211534,0.544999999509579,0.0450455663266511,-1.13204689934364,0.384497323083679,0.146165777213366,0.0040129
12,0.834757706772355,-0.525377512367627,2.89999999974053,13.5725308467074,0.986558049235981,0.00284211742636431,0.200000001180759,0.843853958732145,-0.536572918000505,2.90000000000004,13.5707963267946,0.245166174784377,0.470333822908691,0.544999999613663,0.0450456415321585,-1.04991942914696,0.329894525122231,0.145965845909941,0.0037777
12.05,0.859978945146989,-0.482990820849288,2.90999999979088,13.6225310981362,0.986552890862071,0.00284230390010443,0.200000000833056,0.86961682971387,-0.493727221730675,2.91000000000004,13.6207963267946,0.245166189546557,0.47033391774955,0.544999999701139,0.045045711586629,-0.965164933433476,0.279465600925417,0.145756391266115,0.0040306
12.1,0.883050067292999,-0.439396776373425,2.91999999982581,13.6725314493635,0.986547874795491,0.00284265091363707,0.200000000564081,0.893206111508999,-0.449647464534683,2.92000000000004,13.6707963267946,0.245166247469466,0.470333981028631,0.544999999771492,0.0450457765146144,-0.877995316630966,0.233336609405208,0.145538435530163,0.0041592
12.15,0.90391342024357,-0.394704343816227,2.92999999984887,13.722531894859,0.986543009492061,0.00284315015249116,0.200000000358424,0.914562843198106,-0.404443822849227,2.93000000000005,13.7207963267946,0.245166346404122,0.470334014066284,0.544999999827143,0.0450458363547901,-0.788628518414048,0.191622861638333,0.145312981220269,0.0040023
12.2,0.92251686900659,-0.349025233527217,2.9399999998629,13.7725324290618,0.986538302574219,0.00284379323585994,0.200000000202852,0.933633644074339,-0.358229282236919,2.94000000000005,13.7707963267946,0.245166484142697,0.470334018363279,0.544999999856586,0.0450458911578283,-0.69728796899937,0.154428632640922,0.145081009004525,0.0038167
12.25,0.938813926893869,-0.302473622106651,2.94999999986982,13.8225330463986,0.986533760843643,0.00284457176027023,0.20000000007378,0.950370847067387,-0.311119354981222,2.95000000000005,13.8207963267946,0.245166658541825,0.470333995149701,0.544999999881615,0.0450459409899809,-0.604202030715307,0.121846900727994,0.144843475736153,0.0039545
12.3,0.952763871731873,-0.255165867017673,2.95999999987085,13.8725337413003,0.986529390306689,0.00284547729505115,0.199999999967234,0.964732617886335,-0.263231791365899,2.96000000000005,13.8707963267946,0.245166867441637,0.470333945722133,0.544999999907762,0.0450459859276289,-0.509603427242126,0.0939591151093497,0.144601312656413,0.0040178
12.35,0.964331847663686,-0.207220215746599,2.96999999986713,13.9225345082191,0.986525196191847,0.00284650141256395,0.19999999988422,0.976683059583603,-0.214686285360629,2.97000000000005,13.9207963267946,0.245167108664441,0.470333871461023,0.544999999931376,0.0450460260577804,-0.413728661949231,0.0708349923028447,0.144355423751092,0.0038109
12.4,0.973488952286716,-0.15875651023823,2.9799999998598,13.9725353416436,0.986521182968163,0.0028476357198364,0.199999999822458,0.986192302278615,-0.165604175448412,2.98000000000005,13.9707963267946,0.245167380039213,0.470333773751659,0.544999999951439,0.0450460614781158,-0.31681742678344,0.0525323418739942,0.144106684265646,0.0036823
12.45,0.980212308908455,-0.10989588734517,2.98999999984983,14.0225362361139,0.986517354366952,0.00284887188114305,0.199999999778753,0.993236577816953,-0.116108141342561,2.99000000000005,14.0207963267946,0.245167679406751,0.47033365398006,0.544999999967942,0.0450460922958667,-0.219112003185946,0.0390969219375482,0.143855939373367,0.0035014
12.5,0.984485123739836,-0.0607604760400052,2.99999999983805,14.0725371862349,0.986513713404583,0.00285020163935422,0.199999999749901,0.997798279178358,-0.0663218973513041,3.00000000000006,14.0707963267946,0.245168004624645,0.470333513529303,0.544999999981234,0.0450461186270621,-0.120856656535466,0.0305623247822698,0.143604002993783,0.0035167
12.55,0.986296727883217,-0.0114730921472697,3.00999999982512,14.1225381866896,0.986510262406195,0.00285161683613179,0.199999999733012,0.999866004485115,-0.0163698831564453,3.01000000000006,14.1207963267946,0.245168353572124,0.470333353775955,0.544999999991757,0.0450461405957732,-0.0222970256312897,0.0269498929048416,0.143351656757915,0.0033584
12.6,0.985642604010055,0.0378430686416475,3.01999999981158,14.1725392322516,0.986507003030296,0.00285310943096462,0.199999999725593,0.999434585500807,0.0336230472210346,3.02000000000006,14.1707963267946,0.245168724154746,0.47033317608674,0.544999999999932,0.0450461583333793,0.0763204912576672,0.0282686656628091,0.14309964911676,0.0033859
12.65,0.982524397661565,0.0870647387032556,3.02999999979786,14.2225403177961,0.986503936294106,0.00285467151905061,0.199999999725532,0.996505100548217,0.0835319374910068,3.03000000000006,14.2207963267946,0.245169114308978,0.470332981815315,0.545000000006178,0.045046171977866,0.174749352243126,0.0345153566799246,0.142848694589115,0.0035405
12.7,0.976949913144156,0.136068886596572,3.03999999978428,14.2725414383107,0.986501062599599,0.00285629534801667,0.199999999731092,0.99108487181408,0.133232041419844,3.04000000000006,14.2707963267946,0.245169521976526,0.470332772263429,0.544999999999696,0.0450461816717704,0.272743488027586,0.0456743620603786,0.142599473139637,0.0035118
12.75,0.968933094030025,0.184733024587296,3.04999999977083,14.3225425889051,0.986498381757056,0.00285797333000337,0.199999999730818,0.983187447047431,0.182599134631038,3.05000000000007,14.3207963267946,0.245169945165602,0.470332548754453,0.544999999986594,0.0450461875647843,0.370057916934014,0.0617177993913874,0.142352629696645,0.0034105
12.8,0.958493988311578,0.232935514812866,3.05999999975707,14.3725437648198,0.986495893014864,0.00285969806049069,0.199999999718753,0.972832565697287,0.231509825101445,3.06000000000007,14.3707963267946,0.245170381974531,0.4703323126414,0.544999999986317,0.0450461898124914,0.466449357217733,0.0826055774366342,0.14210877380054,0.0033997
12.85,0.94565869829656,0.280555873323172,3.0699999997427,14.4225449614346,0.986493595091826,0.002861462336419,0.199999999706439,0.960046109574305,0.279841861577086,3.07000000000007,14.4207963267946,0.24517083050407,0.470332065195753,0.544999999990535,0.0450461885712817,0.56167683512989,0.108285496346358,0.141868479357246,0.003454
12.9,0.930459315369457,0.327475071236732,3.07999999972781,14.4725461742765,0.986491486200584,0.00286325916208526,0.19999999969792,0.944860038159736,0.327474439137608,3.08000000000007,14.4707963267946,0.245171288904767,0.470331807662656,0.544999999995838,0.0450461840017687,0.655502287212556,0.138693378133596,0.141632284519613,0.00345
12.95,0.912933839782453,0.373575832259437,3.08999999971261,14.5225473990257,0.986489564075576,0.00286508176037669,0.199999999694174,0.927312308723362,0.374288501145678,3.09000000000007,14.5207963267946,0.24517175538021,0.470331541258897,0.545000000000931,0.0450461762672456,0.747691155319917,0.17375322709041,0.141400691678365,0.0037349
13,0.893126085676328,0.418742925822243,3.09999999969734,14.5725486315215,0.986487826001145,0.0028669235827566,0.199999999695012,0.907446781450094,0.420167036826567,3.10000000000007,14.5707963267946,0.245172228189983,0.470331267171114,0.545000000005385,0.0450461655330302,0.838012972878247,0.213377419743085,0.141174167559997,0.0039192
13.05,0.871085571568776,0.462863455105049,3.10999999968221,14.6225498677679,0.986486268839706,0.00286877831817655,0.199999999699858,0.885313109812348,0.464995373734153,3.11000000000008,14.6207963267947,0.245172705652369,0.470330986554102,0.545000000009136,0.0450461519658689,0.926241940919195,0.257466923871471,0.140953143426553,0.0042192
13.1,0.846867396583931,0.505827139226797,3.11999999966741,14.6725511039374,0.986484889059903,0.00287063990093965,0.19999999970808,0.860966616462225,0.508661464372313,3.12000000000008,14.6707963267947,0.245173186146764,0.470330700529226,0.545000000012229,0.0450461357333931,1.01215749244655,0.305911546044955,0.140738015372082,0.0041479
13.15,0.820532102732558,0.547526588896404,3.12999999965309,14.7225523363749,0.986483682764664,0.00287250251753198,0.199999999719086,0.834468154953692,0.551056166255312,3.13000000000008,14.7207963267947,0.245173668115815,0.470330410182914,0.545000000014766,0.0450461170035653,1.09554484372574,0.358590207056303,0.140529144710571,0.0042077
13.2,0.79214552358722,0.587857574835521,3.13999999963937,14.772553561601,0.98648264571909,0.00287436061243736,0.199999999732375,0.805883957640389,0.592073514707177,3.14000000000008,14.7707963267947,0.245174150067287,0.470330116565333,0.545000000016826,0.0450460959441882,1.17619553111812,0.415371244564858,0.140326858450021,0.0036801
13.25,0.761778619730731,0.626719288302141,3.14999999962637,14.8225547763143,0.986481773378099,0.00287620889296471,0.199999999747518,0.775285470129236,0.6316109877182,3.15000000000008,14.8207963267947,0.245174630575643,0.470329820689152,0.545000000018503,0.0450460727224106,1.25390793211813,0.476112742192562,0.140131449847437,0.0035522
13.3,0.729507301389289,0.664014593063896,3.15999999961416,14.872555977393,0.986481060913753,0.00287804233310666,0.199999999764171,0.742749172703626,0.669569762196572,3.16000000000008,14.8707963267947,0.245175108283367,0.470329523528348,0.545000000019857,0.0450460475042521,1.32848776929097,0.540662884250164,0.139943179039436,0.0034729
13.35,0.695412238693706,0.699650268191189,3.16999999960282,14.9225571618959,0.986480503242213,0.00287985617644932,0.199999999782042,0.708356389162549,0.705854960974644,3.17000000000008,14.9207963267947,0.245175581902014,0.470329226017202,0.545000000020938,0.0450460204541727,1.39974859585116,0.608860335206912,0.139762273743157,0.0039968
13.4,0.65957866004305,0.733537241063333,3.17999999959239,14.9725583270637,0.986480095050246,0.00288164593816926,0.199999999800886,0.672193083553441,0.740375889952437,3.18000000000009,14.9707963267947,0.245176050212967,0.470328929049439,0.545000000021797,0.0450459917346617,1.46751226166829,0.680534642955155,0.139588930022267,0.0038658
13.45,0.622096139074796,0.765590810005278,3.18999999958293,15.022559470318,0.986479830821227,0.00288340740614834,0.199999999820504,0.634349645306839,0.773046264785659,3.19000000000009,15.0207963267947,0.245176512068002,0.470328633477407,0.545000000022461,0.0450459615058325,1.53160935853512,0.755506664861846,0.13942331311287,0.00412
13.5,0.583058370774014,0.795730855998483,3.19999999957446,15.0725605892616,0.986479704860596,0.00288513664123017,0.199999999840719,0.594920663309879,0.803784426551629,3.20000000000009,15.0707963267947,0.245176966389566,0.470328340111437,0.545000000022965,0.0450459299250637,1.59187964358506,0.833589015541943,0.139265558304116,0.0042487
13.55,0.542562937281303,0.823882042936777,3.20999999956701,15.1225616816771,0.986479711320691,0.00288682997665938,0.199999999861387,0.554004689483335,0.832513545854058,3.21000000000009,15.1207963267947,0.245177412170826,0.470328049719321,0.545000000023324,0.0450458971466579,1.64817243980084,0.91458653523444,0.139115771868501,0.0046205
13.6,0.500711063984881,0.849974005926688,3.2199999995606,15.1725627455251,0.986479844224936,0.00288848401673648,0.199999999882379,0.511703992453147,0.859161814856525,3.22000000000009,15.1707963267947,0.245177848475504,0.470327763025906,0.545000000023563,0.0450458633215114,1.70034701261307,0.998296777610262,0.138974032036826,0.0042743
13.65,0.457607366506575,0.873941527161648,3.22999999955525,15.2225637789428,0.98648009749132,0.00289009563472519,0.199999999903585,0.468124301932114,0.883662626764675,3.23000000000009,15.2207963267947,0.245178274437515,0.470327480712881,0.545000000023688,0.0450458285968445,1.7482729216476,1.08451051579267,0.13884039001289,0.0040606
13.7,0.413359589214153,0.895724698930487,3.23999999955096,15.2725647802413,0.986480464955149,0.00289166197005585,0.199999999924905,0.423374544450673,0.905954742308513,3.2400000000001,15.2707963267947,0.245178689260372,0.47032720341857,0.545000000023712,0.0450457931158993,1.79183034674242,1.17301226532535,0.138714871023181,0.003882
13.75,0.368078335913665,0.915269073352849,3.24999999954774,15.3225657479025,0.986480940391007,0.00289318042485185,0.199999999946246,0.377566571097306,0.925982442808689,3.2500000000001,15.3207963267947,0.245179092216447,0.470326931737979,0.545000000023648,0.0450457570177182,1.83091038741927,1.26358082278092,0.138597475396803,0.0040888
13.8,0.321876793394962,0.932525798467298,3.25999999954559,15.3725666805764,0.986481517533929,0.00289464865983293,0.199999999967529,0.330814877949064,0.943695669444178,3.2600000000001,15.3707963267947,0.245179482646007,0.470326666222923,0.545000000023494,0.0450457204369213,1.86541533506144,1.35598981866365,0.13848817967112,0.0039059
13.85,0.274870448521436,0.947451740332038,3.26999999954449,15.4225675770773,0.986482190099725,0.00289606458962821,0.199999999988674,0.283236319891006,0.95905014837326,3.2700000000001,15.4207963267947,0.245179859956139,0.470326407382216,0.545000000023261,0.0450456835034842,1.8952589171175,1.45000828322422,0.138386937718645,0.0037497
13.9,0.22717679957116,0.96000959083309,3.27999999954445,15.4725684363797,0.986482951804458,0.00289742637753596,0.200000000009609,0.234949818539845,0.972007501395072,3.2800000000001,15.4707963267947,0.245180223619485,0.470326155682093,0.545000000022952,0.0450456463425881,1.92036651272065,1.54540122377245,0.138293681890902,0.0037765
13.95,0.178915062550952,0.970167960930546,3.28999999954545,15.5225692576146,0.98648379638304,0.00289873242978231,0.200000000030266,0.186076065001833,0.982535341875118,3.2900000000001,15.5207963267947,0.245180573172857,0.470325911546677,0.545000000022569,0.0450456090744524,1.94067533918474,1.64193021204471,0.138208324175064,0.0038179
14,0.130205873217452,0.977901459109865,3.29999999954747,15.5725700400645,0.986484717606935,0.00289998138930965,0.200000000050578,0.136737218207858,0.99060735569499,3.30000000000011,15.5707963267947,0.245180908215728,0.470325675358525,0.545000000022113,0.0450455718141983,1.95613460891088,1.73935398015808,0.138130757359381,0.0038599
14.05,0.0811709855500395,0.983190754842209,3.30999999955049,15.6225707831593,0.986485709300962,0.00290117212913522,0.200000000070479,0.0870565995797292,0.996203367023963,3.31000000000011,15.6207963267947,0.245181228408578,0.470325447459354,0.545000000021584,0.0450455346717424,1.9667056563125,1.83742902366155,0.138060856203536,0.0048296
14.1,0.0319329674292474,0.986022626895244,3.3199999995545,15.6725714864706,0.98648676535918,0.00290230374532588,0.200000000089905,0.0371583847908511,0.999309388748061,3.32000000000011,15.6707963267947,0.24518153347116,0.470325228150871,0.545000000020986,0.0450454977517187,1.97236203444169,1.93591021017692,0.137998478610186,0.0048799
14.15,-0.0173851057186529,0.986389996373729,3.32999999955947,15.7225721497075,0.986487879759844,0.00290337554962782,0.200000000108792,-0.0128327066082919,0.999917657430558,3.33000000000011,15.7207963267947,0.245181823180681,0.470325017695568,0.545000000020315,0.0450454611533722,1.97308958107527,2.03455139210816,0.137943466794267,0.0044054
14.2,-0.0666599585451776,0.984291944407348,3.33999999956537,15.7725727727105,0.986489046579459,0.00290438706177864,0.200000000127076,-0.0627917229240592,0.998026652716528,3.34000000000011,15.7707963267947,0.245182097369843,0.470324816317771,0.545000000019574,0.0450454249705491,1.96888645409562,2.13310602188768,0.137895648446529,0.0041805
14.25,-0.115768423902366,0.979733714441663,3.34999999957216,15.8225733554463,0.986490260005883,0.0029053380015565,0.200000000144693,-0.112593792633814,0.99364110113294,3.35000000000011,15.8207963267947,0.245182355924883,0.470324624204653,0.545000000018758,0.0450453892916279,1.95976313607767,2.23132776822174,0.137854837888203,0.004168
14.3,-0.164587750694587,0.972726699126483,3.35999999957982,15.8725738980025,0.986491514350538,0.00290622828058958,0.200000000161575,-0.162114436499698,0.986771964274803,3.36000000000012,15.8707963267947,0.245182598783481,0.470324441507368,0.545000000017873,0.0450453541995227,1.94574240807079,2.32897113179477,0.137820837213776,0.0039791
14.35,-0.212995910689969,0.963288411834501,3.3699999995883,15.9225744005815,0.986492804059679,0.00290705799396955,0.20000000017766,-0.2112298787019,0.977436411406883,3.37000000000012,15.9207963267947,0.245182825932641,0.470324268342246,0.545000000016903,0.0450453197716838,1.92685929264112,2.42579205889355,0.137793437418962,0.0037517
14.4,-0.260871903524589,0.951442442881421,3.37999999959756,15.972574863495,0.986494123724777,0.0029078274117006,0.200000000192873,-0.259817356213742,0.965657776549488,3.38000000000012,15.9707963267947,0.245183037406513,0.470324104792039,0.545000000015868,0.0450452860801009,1.90316096631676,2.52154855141759,0.137772419511181,0.0038291
14.45,-0.308096059137106,0.937218400557064,3.38999999960756,16.0225752871581,0.986495468091994,0.00290853697001784,0.200000000207154,-0.307755425645314,0.951465500155569,3.39000000000012,16.0207963267947,0.245183233284196,0.47032395090722,0.545000000014752,0.0450452531913529,1.87470664165467,2.61600127175101,0.137757555600032,0.0040598
14.5,-0.35455033687793,0.92065183711487,3.39999999961825,16.0725756720831,0.986496832070776,0.00290918726260883,0.200000000220431,-0.354924266788701,0.934895055524916,3.40000000000012,16.0707963267946,0.245183413687471,0.470323806707347,0.545000000013568,0.0450452211666409,1.84156741922405,2.70891414098407,0.137748609965479,0.0039379
14.55,-0.400118620545343,0.901784159904834,3.40999999962958,16.1225760188743,0.986498210741579,0.00290977903176889,0.200000000232642,-0.401205982106101,0.915987860139384,3.41000000000012,16.1207963267946,0.245183578778524,0.470323672182432,0.545000000012309,0.0450451900618589,1.80382610987642,2.8000549289891,0.137745340101487,0.0037153
14.6,-0.444687008611161,0.880662527872032,3.41999999964149,16.1725763282213,0.986499599362735,0.00291031315951907,0.20000000024372,-0.446484891412274,0.894791172140761,3.42000000000013,16.1707963267946,0.245183728757678,0.470323547294301,0.545000000010983,0.0450451599276499,1.76157702774634,2.88919583487601,0.137747497733149,0.0037895
14.65,-0.488144098910566,0.85733973367946,3.42999999965392,16.2225766008937,0.986500993376497,0.0029107906587105,0.200000000253605,-0.490647821014753,0.871357972210021,3.43000000000013,16.2207963267946,0.245183863856334,0.47032343197217,0.54500000000782,0.0450451308093181,1.71492575450052,2.97611405637658,0.137754829803377,0.0039366
14.7,-0.530381267084575,0.831874071749869,3.43999999966678,16.2725768377349,0.986502388413767,0.00291121266357464,0.200000000260642,-0.533584386589142,0.845746831143216,3.44000000000013,16.2707963267946,0.245183984306342,0.470323326074571,0.544999999989297,0.0450451027456716,1.66398887542429,3.06059234673435,0.137767079417564,0.0042209
14.75,-0.571292938079201,0.804329192556593,3.44999999967957,16.3225770396562,0.986503780295135,0.00291158041651181,0.20000000025101,-0.575187269082436,0.818021763454989,3.45000000000013,16.3207963267946,0.245184090469208,0.470323229562394,0.544999999986434,0.0450450757757403,1.60889368800541,3.14241955770828,0.137783986821739,0.0043038
14.8,-0.610776850022811,0.774773943527129,3.45999999969182,16.3725772076311,0.986505165044436,0.00291189527217981,0.200000000238801,-0.615352482954764,0.788252067375625,3.46000000000013,16.3707963267945,0.245184182671925,0.470323142297651,0.544999999989047,0.0450450499287729,1.54977788374339,3.22139116733292,0.13780529024534,0.0042175
14.85,-0.648734309822077,0.74328219695729,3.46999999970351,16.4225773426903,0.986506538885414,0.00291215868035061,0.200000000228943,-0.653979636089085,0.756512151641564,3.47000000000013,16.4207963267945,0.245184261268071,0.470323064121526,0.54499999999294,0.0450450252305932,1.48678920397973,3.29730979111605,0.137830726778909,0.0041613
14.9,-0.685070439837705,0.709932665366439,3.4799999997148,16.4725774459153,0.986507898243893,0.00291237217761859,0.200000000222588,-0.690972180719195,0.722881349512312,3.48000000000014,16.4707963267945,0.245184326635729,0.47032299485555,0.544999999996545,0.045045001702581,1.4200850706094,3.36998567539604,0.13786003319934,0.0040575
14.95,-0.719694415023455,0.674808704755101,3.48999999972585,16.5225775184333,0.986509239749265,0.00291253737899048,0.200000000219479,-0.726237654748863,0.687443720478609,3.49000000000014,16.5207963267945,0.245184379175226,0.4703229343031,0.544999999999359,0.0450449793617049,1.34983219259646,3.43923717162592,0.137892946758985,0.0037985
15,-0.752519689935773,0.637998106256678,3.49999999973681,16.5725775614116,0.986510560235316,0.0029126559696089,0.200000000218902,-0.759687912858921,0.650287840157479,3.50000000000014,16.5707963267945,0.24518441930697,0.470322882250669,0.545000000001288,0.0450449582206365,1.27620614927751,3.50489119039865,0.137929205938156,0.0040017
15.05,-0.783464215046661,0.59959287670405,3.50999999974778,16.6225775760524,0.986511856740405,0.0029127296966263,0.200000000220061,-0.791239346824649,0.611506578899316,3.51000000000014,16.6207963267945,0.245184447469284,0.47032283846934,0.545000000002398,0.0450449382879427,1.19939095149431,3.56678363407889,0.137968551160314,0.0041734
15.1,-0.812450641819163,0.559689008659507,3.51999999975884,16.6725775635877,0.986513126507037,0.00291276036126866,0.20000000022222,-0.820813094492803,0.571196869660376,3.52000000000014,16.6707963267944,0.245184464116339,0.470322802716081,0.545000000002809,0.0450449195682244,1.11957858165262,3.62475980695985,0.138010725469551,0.0039627
15.15,-0.839406516032912,0.518386240482803,3.52999999977001,16.7225775252742,0.986514366980844,0.00291274981108465,0.200000000224747,-0.848335236895923,0.529459465720864,3.53000000000014,16.7207963267944,0.245184469716067,0.470322774735013,0.545000000002634,0.0450449020622792,1.03696851385686,3.67867480192024,0.138055475170004,0.0040547
15.2,-0.864264458876566,0.475787807037042,3.53999999978131,16.7725774623885,0.986515575809022,0.00291269993239862,0.200000000227118,-0.873736983011256,0.48639868885421,3.54000000000015,16.7707963267944,0.245184464748174,0.470322754258795,0.545000000001986,0.045044885767281,0.951767215319964,3.72839386261475,0.138102550427025,0.004046
15.25,-0.88696233535452,0.432000181655459,3.54999999979271,16.8225773762227,0.986516750838229,0.00291261264299201,0.200000000228905,-0.896954841702487,0.442122168576961,3.55000000000015,16.8207963267944,0.245184449702165,0.470322741009948,0.545000000000959,0.0450448706769614,0.864187630294599,3.7737927202929,0.138151705830025,0.0044601
15.3,-0.907443409586997,0.38713281001404,3.55999999980418,16.8725772680793,0.986517890111997,0.00291248988501953,0.200000000229768,-0.917930780414514,0.396740573131045,3.56000000000015,16.8707963267944,0.245184425075477,0.470322734701946,0.544999999999654,0.045044856781739,0.774448647815709,3.81475790440434,0.138202700917062,0.0042161
15.35,-0.925656486615377,0.34129783657513,3.56999999981566,16.9225771392675,0.986518991867673,0.00291233361815459,0.200000000229457,-0.936612370224617,0.350367332870797,3.57000000000015,16.9207963267944,0.245184391371622,0.470322735040659,0.544999999998142,0.0450448440689595,0.68277455458468,3.85118702621448,0.1382553006613,0.0044008
15.4,-0.941556040358342,0.294609824285757,3.57999999982709,16.9725769910986,0.986520054532922,0.00291214581300894,0.200000000227785,-0.952952916887453,0.303118356746152,3.58000000000015,16.9707963267943,0.245184349094148,0.470322741741014,0.544999999995107,0.0450448325228801,0.58939447436262,3.88298903472131,0.138309275918261,0.0041326
15.45,-0.955102327398993,0.247185468231251,3.58999999983837,17.0225768248823,0.986521076721443,0.0029119284464481,0.200000000223381,-0.966911577546357,0.255111742590631,3.59000000000015,17.0207963267943,0.245184298733107,0.470322754570607,0.544999999984832,0.0450448221246264,0.494541795273959,3.91008444423394,0.138364403834084,0.0039031
15.5,-0.966261486318393,0.199143303959857,3.5999999998492,17.0725766419223,0.986522057227343,0.00291168350166158,0.200000000209729,-0.978453462819213,0.20646748193826,3.60000000000015,17.0707963267943,0.245184240832233,0.470322773091394,0.544999999982793,0.0450448128546062,0.398453586451792,3.93240553304409,0.138420468242986,0.0038046
15.55,-0.975005622327858,0.150603411207364,3.6099999998593,17.1225764435137,0.986522995025614,0.00291141294111015,0.200000000194243,-0.987549724003735,0.157307160107229,3.61000000000016,17.1207963267943,0.245184175900071,0.470322796997776,0.544999999983583,0.0450448046888909,0.301370005483024,3.94989651269389,0.138477259972227,0.0037438
15.6,-0.981312876988243,0.101687113762197,3.61999999986864,17.1725762309387,0.986523889263374,0.00291111871524361,0.200000000179468,-0.994177625184204,0.107753652299915,3.62000000000016,17.1707963267943,0.245184104443623,0.470322825981375,0.544999999985026,0.0450447976018917,0.203533698134316,3.96251366741686,0.138534577156972,0.0039729
15.65,-0.985167482841439,0.0525166762211412,3.62999999987727,17.2225760054639,0.986524739254729,0.00291080275730902,0.200000000165991,-0.998320600059413,0.0579308164788681,3.63000000000016,17.2207963267943,0.245184026966673,0.470322859732345,0.544999999986328,0.0450447915660477,0.105189191859201,3.97022546340384,0.138592225507098,0.0042847
15.7,-0.986559802817893,0.00321499839363397,3.63999999988527,17.2725757683372,0.986525544475354,0.00291046697837752,0.200000000153686,-0.999968293349793,0.00796318378640998,3.64000000000016,17.2707963267942,0.245183943968704,0.470322897939505,0.544999999987372,0.0450447865519385,0.00658228460227019,3.97301262762034,0.138650018539458,0.0042266
15.75,-0.985486354321668,-0.0460946918815571,3.64999999989267,17.3225755207845,0.986526304556856,0.0029101132625588,0.200000000142321,-0.999116586680221,-0.0420243527183687,3.65000000000016,17.3207963267942,0.245183855943223,0.470322940292449,0.54499999998813,0.0450447825284266,-0.0920405695719365,3.97086819597876,0.13870777777701,0.0041007
15.8,-0.98194981793283,-0.0952891467395144,3.65999999989952,17.3725752640077,0.986527019280883,0.00290974346263038,0.200000000131638,-0.995767608873809,-0.0919068502272119,3.66000000000016,17.3707963267942,0.24518376337662,0.470322986482022,0.54499999998864,0.0450447794628539,-0.190432876489745,3.96379753074476,0.138765332915076,0.0041441
15.85,-0.975959030705411,-0.144245406342383,3.66999999990584,17.4225749991817,0.986527688573061,0.00290935939591305,0.200000000121414,-0.989929730630961,-0.14155962847465,3.67000000000017,17.4207963267942,0.245183666747016,0.470323036201182,0.544999999988987,0.0450447773211888,-0.288348717979208,3.95181830713444,0.13882252195604,0.0040546
15.9,-0.967528964077687,-0.192841106212673,3.67999999991167,17.4725747274525,0.986528312496767,0.00290896284043723,0.200000000111502,-0.981617543606975,-0.190858581373731,3.68000000000017,17.4707963267942,0.245183566523162,0.470323089145879,0.544999999989216,0.0450447760682003,-0.385543366541072,3.93496046913571,0.138879191313459,0.003925
15.95,-0.956680686449979,-0.240954783078501,3.689999999917,17.5225744499348,0.986528891246771,0.00290855553140562,0.200000000101796,-0.970851823940508,-0.239680487216607,3.69000000000017,17.5207963267942,0.245183463163423,0.470323145015891,0.544999999989386,0.0450447756676193,-0.481773897043534,3.91326615466448,0.138935195886633,0.00359
16,-0.943441310523505,-0.288466178466341,3.69999999992185,17.5725741677103,0.986529425142763,0.00290813915794709,0.200000000092243,-0.957659480324047,-0.287903316664627,3.70000000000017,17.5707963267941,0.245183357114884,0.470323203515499,0.544999999989533,0.0450447760822684,-0.576799793911885,3.88678959024245,0.13899039910673,0.0035911
16.05,-0.927843925531878,-0.3352565392825,3.70999999992623,17.6225738818262,0.986529914622798,0.00290771536015164,0.200000000082823,-0.942073486746194,-0.335406537758135,3.71000000000017,17.6207963267941,0.245183248812439,0.470323264354339,0.544999999989663,0.0450447772742533,-0.670383552295432,3.85559695546,0.139044672955723,0.0034142
16.1,-0.909927514534648,-0.381208914632001,3.71999999993014,17.6725735932931,0.986530360236681,0.00290728572640153,0.20000000007352,-0.924132800073864,-0.382071417183596,3.72000000000017,17.6707963267941,0.245183138678143,0.4703233272479,0.544999999989783,0.0450447792050602,-0.762291271709078,3.81976621756279,0.139097897959004,0.003454
16.15,-0.889736856979564,-0.426208448133049,3.72999999993358,17.7225733030841,0.986530762639319,0.00290685179096356,0.200000000064324,-0.903882262680408,-0.427781317045047,3.73000000000018,17.7207963267941,0.245183027120439,0.470323391918214,0.544999999989897,0.0450447818357314,-0.852293240665838,3.77938693657557,0.139149963153249,0.0036358
16.2,-0.867322416777098,-0.470142664996428,3.73999999993657,17.7725730121336,0.986531122584051,0.00290641503186391,0.200000000055231,-0.881372490363036,-0.472421986398089,3.74000000000018,17.7707963267941,0.245182914533583,0.470323458094446,0.544999999990002,0.0450447851269958,-0.940164510839008,3.73456004145024,0.139200766030532,0.0035811
16.25,-0.842740216166972,-0.512901753152306,3.74999999993911,17.8225727213358,0.986531440915996,0.0029059768690298,0.200000000046233,-0.856659745829677,-0.515881846817751,3.75000000000018,17.8207963267941,0.245182801297121,0.470323525513312,0.544999999990085,0.0450447890393757,-1.0256854593189,3.68539757779773,0.139250212459947,0.0034201
16.3,-0.816051695691919,-0.554378837721788,3.7599999999412,17.8725724315447,0.986531718565415,0.00290553866268219,0.200000000037309,-0.829805798071515,-0.558052271286441,3.76000000000018,17.8707963267941,0.245182687775384,0.47032359391961,0.544999999990135,0.0450447935333459,-1.10864233755882,3.63202242783409,0.139298216588007,0.003452
16.35,-0.787323560628661,-0.594470248147193,3.76999999994284,17.9225721435724,0.986531956541126,0.00290510171198751,0.20000000002843,-0.800877767972682,-0.598827855704921,3.77000000000018,17.9207963267941,0.245182574317131,0.470323663066641,0.544999999990138,0.0450447985694395,-1.18882780563823,3.57456800324093,0.139344700719048,0.0033839
16.4,-0.756627614259924,-0.633075777313375,3.77999999994404,17.9725718581894,0.98653215592398,0.00290466725395278,0.200000000019555,-0.769947960542997,-0.638106682347657,3.78000000000018,17.9707963267941,0.245182461255195,0.470323732716497,0.544999999990098,0.0450448041083445,-1.26604145050773,3.51317791170775,0.139389595176952,0.0039234
16.45,-0.724040578404199,-0.670098932012417,3.7899999999448,18.0225715761237,0.986532317860418,0.00290423646254983,0.200000000010643,-0.737093684193101,-0.675790574604062,3.79000000000018,18.0207963267941,0.245182348906209,0.470323802640473,0.544999999990002,0.0450448101110468,-1.34009028692048,3.44800559798967,0.139432838149364,0.0041811
16.5,-0.689643901651816,-0.705447174125684,3.7999999999451,18.0725712980609,0.986532443556122,0.00290381044807655,0.200000000001645,-0.702397057503694,-0.711785342368884,3.80000000000018,18.0707963267941,0.24518223757042,0.470323872619254,0.544999999989846,0.0450448165389052,-1.41078923979811,3.37921396037771,0.139474375515657,0.0042543
16.55,-0.653523555786611,-0.739032151920393,3.80999999994496,18.1225710246437,0.986532534269776,0.00290339025672675,0.199999999992507,-0.665944803971845,-0.746001017468425,3.81000000000018,18.1207963267941,0.245182127531521,0.470323942443176,0.544999999989631,0.045044823353756,-1.47796160682534,3.30697494354018,0.139514160659965,0.0041264
16.6,-0.615769820902011,-0.77076992088259,3.81999999994435,18.1725707564723,0.986532591306953,0.00290297687037428,0.199999999983174,-0.627828035247416,-0.778352078534116,3.82000000000019,18.1707963267941,0.245182019056562,0.47032401191249,0.544999999989361,0.045044830518022,-1.54143950011717,3.23146910875294,0.139552154270442,0.0040718
16.65,-0.576477059748616,-0.800581153534555,3.82999999994327,18.2225704941042,0.986532616014137,0.0029025712065644,0.199999999973599,-0.588142023401391,-0.808757664761398,3.83000000000019,18.2207963267941,0.245181912395902,0.470324080837424,0.544999999989044,0.0450448379947755,-1.60106426585464,3.1528851825926,0.13958832412591,0.0037706
16.7,-0.535743481877273,-0.828391337712193,3.8399999999417,18.2725702380548,0.986532609772891,0.00290217411868608,0.199999999963738,-0.546985962795307,-0.837141778019627,3.84000000000019,18.2707963267941,0.245181807783264,0.470324149038258,0.544999999988696,0.0450448457478104,-1.65668688084032,3.07141958522076,0.139622644871314,0.0037882
16.75,-0.493670898167135,-0.854130962806829,3.84999999993964,18.3225699887974,0.986532573994191,0.00290178639632606,0.199999999953565,-0.504462722147019,-0.863433472807818,3.85000000000019,18.3207963267941,0.24518170543574,0.470324216345597,0.54499999998834,0.0450448537417702,-1.70816832498232,2.98727593943828,0.139655097782791,0.0037981
16.8,-0.450364466352255,-0.87773569350588,3.85999999993705,18.3725697467641,0.98653251011292,0.00290140876581264,0.199999999943071,-0.460678587412472,-0.88756703358145,3.86000000000019,18.3707963267941,0.245181605553951,0.470324282600187,0.544999999988006,0.0450448619421413,-1.7553799287759,2.90066456173666,0.139685670523898,0.0036892
16.85,-0.405932428182739,-0.899146530598129,3.86999999993394,18.4225695123461,0.986532419582545,0.00290104189089991,0.199999999932276,-0.415742996126165,-0.909482139007104,3.87000000000019,18.4207963267941,0.245181508322194,0.470324347653087,0.544999999987726,0.0450448703153762,-1.79820369491396,2.81180193661865,0.139714356893861,0.0035543
16.9,-0.360485838877402,-0.918309958441679,3.87999999993027,18.4725692858944,0.986532303869981,0.00290068637362338,0.199999999921229,-0.36976826386431,-0.929124012734383,3.88000000000019,18.4707963267941,0.245181413908541,0.470324411365838,0.544999999987487,0.0450448788289008,-1.83653259322278,2.72091017550197,0.139741156568905,0.0034968
16.95,-0.314138289544162,-0.935178078725964,3.88999999992605,18.5225690677208,0.986532164450632,0.00290034275532122,0.199999999909967,-0.322869303514385,-0.946443560308258,3.89000000000019,18.5207963267941,0.245181322465273,0.470324473609824,0.544999999987381,0.0450448874512192,-1.87027082818559,2.62821646155866,0.139766074838295,0.0035015
17,-0.267005623261929,-0.949708730193481,3.89999999992127,18.5725688580984,0.986532002803657,0.00290001151772709,0.199999999898611,-0.275163338052758,-0.961397491879642,3.90000000000019,18.5707963267941,0.245181234129024,0.47032453426644,0.544999999987506,0.0450448961519257,-1.89933407838553,2.5339524818775,0.139789122335307,0.0043079
17.05,-0.219205645533672,-0.961865594021978,3.90999999991592,18.6225686572627,0.986531820407424,0.00289969308421243,0.199999999887366,-0.226769607548297,-0.973948430407462,3.9100000000002,18.6207963267941,0.245181149014181,0.470324593252594,0.544999999985607,0.0450449049015338,-1.92364970726926,2.43835384836899,0.139810314767149,0.0045522
17.1,-0.170857829834332,-0.97161828460363,3.91999999990996,18.6725684654126,0.986531618734544,0.00289938782385163,0.199999999874413,-0.177809071124294,-0.984065005081801,3.9200000000002,18.6707963267942,0.245181067201156,0.470324650561215,0.544999999974698,0.0450449136712798,-1.94315694470461,2.34165950886014,0.13982967264482,0.0044229
17.15,-0.122083018989615,-0.978942425494098,3.92999999990311,18.7225682827115,0.986531399246201,0.00289909605989558,0.199999999851641,-0.128404104623656,-0.991721929734584,3.9300000000002,18.7207963267942,0.245180988815733,0.470324705965855,0.544999999972188,0.0450449224357469,-1.95780703887837,2.24411114985117,0.139847220980257,0.004934
17.2,-0.0730031231320072,-0.983819710342321,3.93999999989507,18.7725681092881,0.986531163394087,0.0028988180471576,0.19999999982661,-0.0786781947330245,-0.996900066041828,3.9400000000002,18.7707963267942,0.245180913934084,0.470324759388859,0.544999999973154,0.0450449311686301,-1.96756337815452,2.14595259242678,0.13986298903425,0.0040446
17.25,-0.0237408149889131,-0.986237948648529,3.9499999998858,18.8225679452382,0.986530912612765,0.00289855398827154,0.199999999802448,-0.0287556303303735,-0.999586471359486,3.9500000000002,18.8207963267942,0.245180842618964,0.470324810761663,0.544999999975555,0.0450449398454597,-1.97240158258846,2.04742918283202,0.139877010030019,0.0036767
17.3,0.0255807767354123,-0.986191096235455,3.95999999987537,18.8725677906254,0.986530648316242,0.00289830403551868,0.199999999780447,0.0212388081724595,-0.999774431073317,3.9600000000002,18.8707963267942,0.245180774920105,0.470324860024635,0.544999999978577,0.0450449484430761,-1.97230956486819,1.94878717923576,0.139889320876087,0.0035736
17.35,0.0748383751177557,-0.983679270356983,3.96999999986391,18.9225676454824,0.986530371894745,0.00289806829263194,0.199999999761166,0.0711801607158178,-0.997463475381924,3.9700000000002,18.9207963267942,0.245180710874654,0.470324907126927,0.544999999981904,0.0450449569396177,-1.9672875605305,1.85027313621483,0.139899961890722,0.0039694
17.4,0.123908863144423,-0.978708749406421,3.97999999985156,18.9725675098126,0.986530084711725,0.00289784681666042,0.19999999974488,0.120943599927296,-0.992659380471013,3.9800000000002,18.9707963267942,0.245180650507581,0.470324952026201,0.544999999985408,0.0450449653144901,-1.95734812737624,1.75213328849705,0.13990897652874,0.0036227
17.45,0.172669591440139,-0.971291957225136,3.98999999983848,19.0225673835912,0.986529788101056,0.00289763961988344,0.199999999731747,0.170404743125165,-0.985374154075937,3.9900000000002,19.0207963267942,0.245180593832132,0.470324994688484,0.544999999989021,0.0450449735483961,-1.94251611408644,1.65461293550367,0.139916411111304,0.0035685
17.5,0.220998684828212,-0.961447432050749,3.99999999982482,19.0725672667665,0.986529483364452,0.00289744667178278,0.199999999721866,0.219439963210294,-0.975626005468611,4.0000000000002,19.0707963267942,0.245180540850265,0.470325035087863,0.544999999992709,0.0450449816233204,-1.9228285981175,1.5579558282294,0.139922314559479,0.0035284
17.55,0.2687753469557,-0.949199780182495,4.00999999981075,19.1225671592612,0.986529171769083,0.00289726790104844,0.199999999715305,0.26792669766952,-0.963439299943815,4.0100000000002,19.1207963267942,0.245180491553132,0.470325073206277,0.544999999996406,0.0450449895225346,-1.89833479303076,1.46240355999257,0.139926738132036,0.0035077
17.6,0.315880162222188,-0.934579614479545,4.01999999979643,19.1725670609742,0.986528854545407,0.00289710319762179,0.19999999971207,0.315743754918098,-0.948844497918648,4.0200000000002,19.1707963267942,0.245180445917049,0.47032510902745,0.544999999998354,0.0450449972303779,-1.86909592548808,1.36819496257827,0.139929735169219,0.0040351
17.65,0.36219539425749,-0.91762347784602,4.029999999782,19.2225669717812,0.98652853288473,0.00289695241419827,0.199999999710588,0.362771617215548,-0.931878078797348,4.0300000000002,19.2207963267942,0.245180403830176,0.470325142454832,0.544999999969232,0.0450450047291544,-1.83518508222079,1.27556550928371,0.139931360854435,0.0044138
17.7,0.407605280202133,-0.898373751894235,4.03999999976683,19.2725668915367,0.986528207929474,0.00289681535989734,0.199999999682897,0.408892739397765,-0.912582449791776,4.04000000000019,19.2707963267942,0.24518036534609,0.470325173619243,0.544999999961477,0.0450450120119076,-1.79668702735462,1.18474672635797,0.139931671911411,0.00463
17.75,0.451996320055308,-0.87687855101372,4.04999999975011,19.3225668200746,0.9865278807892,0.00289669182497231,0.199999999648227,0.453991842678708,-0.891005839925478,4.05000000000019,19.3207963267942,0.245180330417533,0.470325202533839,0.544999999962142,0.0450450190647841,-1.75369799054707,1.09596561430713,0.139930726431022,0.0047547
17.8,0.495257560366981,-0.853191602110914,4.05999999973167,19.3725667572111,0.986527552530229,0.00289658156905566,0.199999999614154,0.497956202787334,-0.867202179486239,4.06000000000019,19.3707963267942,0.245180298988506,0.470325229218065,0.544999999965791,0.0450450258771066,-1.70632542646683,1.00944408051136,0.139928583615673,0.0040464
17.85,0.537280871564886,-0.82737211032079,4.06999999971161,19.4225667027451,0.986527224174402,0.00289648432359738,0.199999999583366,0.540675931719568,-0.841230965228449,4.07000000000018,19.4207963267942,0.245180270994869,0.470325253696919,0.544999999970218,0.0450450324395164,-1.65468774621641,0.925398384572102,0.139925303553883,0.0037806
17.9,0.577961218223347,-0.799484611025677,4.07999999969011,19.4725666564598,0.986526896698035,0.00289639979392535,0.199999999556562,0.582044252401083,-0.813157111662206,4.08000000000018,19.4707963267942,0.245180246364831,0.470325276000477,0.544999999974619,0.045045038743838,-1.59891402136923,0.844038597775667,0.139920947002344,0.0040411
17.95,0.617196921598374,-0.769598808551166,4.08999999966736,19.5225666181239,0.986526571031054,0.00289632766125225,0.199999999533719,0.621957765574382,-0.783050788800846,4.09000000000018,19.5207963267942,0.245180225019524,0.470325296163208,0.544999999978702,0.0450450447830021,-1.53914366136105,0.765568078024278,0.139915575175817,0.0036597
18,0.654889913772842,-0.737789401942255,4.09999999964357,19.572566587493,0.986526248056303,0.00289626758462652,0.199999999514551,0.660316708243087,-0.750987246772451,4.10000000000018,19.5707963267942,0.245180206873499,0.470325314223642,0.544999999982421,0.0450450505510698,-1.47552606504188,0.690182961547065,0.139909249545123,0.0036402
18.05,0.690945982776504,-0.704135898255219,4.1099999996189,19.6225665643109,0.986525928609008,0.0028962192028589,0.19999999949873,0.697025203027476,-0.717046627733724,4.11000000000017,19.6207963267942,0.245180191835318,0.470325330223796,0.544999999985825,0.0450450560431416,-1.40822024725954,0.618071672661379,0.139902031643434,0.0035556
18.1,0.725275008068158,-0.668722413831862,4.11999999959352,19.6725665483108,0.986525613476419,0.00289618213639662,0.199999999485972,0.731991497808004,-0.681313765556328,4.12000000000017,19.6707963267942,0.245180179808116,0.47032534420884,0.544999999988936,0.0450450612553629,-1.33739444140804,0.549414452809838,0.139893982881096,0.0036468
18.15,0.75779118579138,-0.631637464052874,4.12999999956757,19.7225665392169,0.986525303397598,0.00289615598916765,0.199999999476014,0.765128195057814,-0.643877973786391,4.13000000000017,19.7207963267942,0.24518017066597,0.470325356268136,0.544999999984749,0.0450450661842567,-1.26322567893428,0.484382910050238,0.139885164369713,0.0038883
18.2,0.788413243240681,-0.592973742095771,4.13999999954103,19.7725665367449,0.986524999061079,0.00289614035482369,0.199999999462288,0.796352470291039,-0.604832822407156,4.14000000000016,19.7707963267942,0.245180164293935,0.47032536647253,0.544999999975382,0.0450450708280787,-1.1858993468541,0.423139590124408,0.139875636754286,0.0046535
18.25,0.817064642002069,-0.552827887250442,4.14999999951359,19.8225665406039,0.986524701106688,0.0028961348163397,0.199999999440131,0.825586279080884,-0.564275903962749,4.15000000000016,19.8207963267942,0.245180160479696,0.470325375075479,0.54499999993528,0.0450450751834791,-1.10560872438357,0.365837570178101,0.139865460055834,0.0044385
18.3,0.843673769259893,-0.511300243371354,4.15999999948414,19.8725665504968,0.986524410117123,0.00289613896695283,0.199999999381884,0.852756552130049,-0.522308589627645,4.16000000000016,19.8707963267942,0.245180159172726,0.470325382031841,0.544999999902369,0.0450450792533105,-1.02255449984391,0.312620076147431,0.139854693523942,0.0042261
18.35,0.868174116792592,-0.468494608070303,4.16999999945104,19.9225665661217,0.986524126635111,0.0028961523800326,0.199999999294015,0.877795377905914,-0.479035775831528,4.17000000000016,19.9207963267942,0.245180160356255,0.470325387193688,0.544999999901978,0.0450450830397878,-0.936944269047305,0.263620124768198,0.139843395493043,0.0040486
18.4,0.890504447210757,-0.42451797327663,4.17999999941353,19.9725665871738,0.9865238511665,0.0028961745990612,0.199999999205796,0.900640172384009,-0.434565622072842,4.18000000000015,19.9707963267942,0.245180163904469,0.470325390617022,0.544999999913217,0.0450450865428341,-0.848992016417537,0.218960191102868,0.139831623246055,0.0037221
18.45,0.910608947020513,-0.379480257813096,4.18999999937187,20.0225666133461,0.986523584169497,0.00289620516061722,0.199999999127691,0.921233835475478,-0.389009280576376,4.19000000000015,20.0207963267942,0.24518016969104,0.470325392359674,0.544999999927576,0.0450450897646906,-0.758917580142148,0.178751902416254,0.139819432894466,0.0036787
18.5,0.928437366129354,-0.333494032655894,4.19999999932663,20.07256664433,0.986523326055501,0.00289624359630628,0.199999999062509,0.939524893747564,-0.342480618470586,4.20000000000015,20.0707963267942,0.245180177589699,0.470325392481387,0.544999999941802,0.0450450927084226,-0.666946102693112,0.143095759165034,0.139806879264604,0.0035839
18.55,0.943945143446333,-0.286674239565577,4.20999999927845,20.1225666798168,0.986523077190064,0.00289628943441094,0.199999999010131,0.955467629080385,-0.295095933179079,4.21000000000014,20.1207963267942,0.245180187474673,0.470325391044087,0.544999999954833,0.0450450953778271,-0.573307468089447,0.11208088379853,0.139794015792856,0.0036114
18.6,0.957093518262646,-0.239137903792185,4.21999999922794,20.1725667194982,0.986522837893953,0.00289634220150857,0.199999998969481,0.969022192938427,-0.246973661737616,4.22000000000014,20.1707963267942,0.245180199221164,0.470325388111868,0.544999999966467,0.0450450977773301,-0.478235727308322,0.0857847979986067,0.139780894429809,0.0036472
18.65,0.967849627134233,-0.191003841572667,4.22999999917566,20.2225667630672,0.986522608444307,0.00289640142404106,0.199999998939301,0.980154705971124,-0.198234084763206,4.23000000000014,20.2207963267942,0.245180212737869,0.470325383684018,0.54499999998458,0.0450450999131494,-0.381968513280827,0.0642732289154756,0.139767565554219,0.003578
18.7,0.97618658602439,-0.142392363151658,4.23999999912228,20.2725668102193,0.986522389078879,0.00289646662265272,0.199999998925424,0.988837342693595,-0.148999025815204,4.24000000000014,20.2707963267942,0.245180227873178,0.470325377902135,0.544999999997036,0.0450451017892939,-0.284746446934628,0.0475999448837425,0.139754077889684,0.0035089
18.75,0.982083557500698,-0.0934249720679824,4.24999999906848,20.3225668606531,0.986522179991173,0.00289653732848166,0.199999998922756,0.995048401035864,-0.0993915468998583,4.25000000000013,20.3207963267942,0.245180244491191,0.470325370876892,0.545000000002528,0.0450451034119196,-0.186812535768072,0.0358066210293122,0.139740478440228,0.0038622
18.8,0.985525802818211,-0.0442240614585845,4.25999999901468,20.372566914071,0.986521981333557,0.002896613081295,0.199999998925031,0.998772356586731,-0.0495356408793803,4.26000000000013,20.3707963267942,0.245180262485962,0.470325362645959,0.545000000008083,0.0450451047882101,-0.088411566459056,0.028922735103071,0.139726812429347,0.0040256
