Time,X,Y,Z,Psi,Vx_B,Vy_B,Vz_B,Ref_X,Ref_Y,Ref_Z,Ref_Psi,Ux,Uy,Uz,Upsi,Int_X,Int_Y,Cost,CalcTime
0,0,0,0,0,0,0,0,1,0,0.5,1.5707963267949,0.999999999998809,0.99999999999587,0.999999999998202,0.753868880455551,0,0,1158.59153137056,0.0059447
0.05,0.00243503079086465,0.00264792266298098,0.0102374999999596,0.0964013425625286,0.105100897594107,0.0974412011975388,0.409499999998382,0.998750260394966,0.0499791692706783,0.51,1.6207963267949,1,0.999999999999999,1,-0.11500142136034,8.19266668452522e-05,8.788346815551e-05,1091.20133343562,0.0070124
0.1,0.00919042423319801,0.0108986620577576,0.0409499999998787,0.245469858168953,0.221050442052425,0.176044723792478,0.818999999998382,0.995004165278026,0.0998334166468282,0.52,1.67079632679489,1,1,1,0.395236720615062,0.000631410951414373,0.000716245125494991,1032.74573382775,0.0056394
0.15,0.0192875291976005,0.0252099160886942,0.0921374999997978,0.398575051532332,0.346170721902473,0.232980787530147,1.22849999999838,0.988771077936042,0.149438132473599,0.53,1.72079632679489,1,0.643963492658158,0.999999999999998,0.116307212408958,0.00203149862800188,0.00246977053489261,963.788127030743,0.0069283
0.2,0.0320399400415592,0.045073034269955,0.163799999999717,0.579188171092054,0.477205541877366,0.22167992870566,1.63799999999838,0.980066577841242,0.198669330795061,0.54,1.77079632679489,0.999999999999074,-0.365921410079341,0.546896613292431,0.155269651346858,0.00457727868603753,0.00594319849285553,896.472800713001,0.0062016
0.25,0.0483138832759325,0.0678593627862409,0.245742673798716,0.753389191878067,0.59091195684743,0.0867329535925967,1.63970695196157,0.968912421710645,0.247403959254523,0.55,1.82079632679489,0.999999999999999,-0.925991524166434,0.318160073256507,0.0751865048598983,0.00855594338715612,0.0115811460194988,838.956184015575,0.0055082
0.3,0.0701178152473016,0.0910795036333691,0.322624123045065,0.916939945806916,0.67310656771879,-0.113919598301704,1.43555101789242,0.955336489125607,0.29552020666134,0.56,1.87079632679489,0.999999999999999,-0.999999999960882,0.275322851760841,0.0631721129669865,0.01442409729229,0.0195291203708096,787.623470084,0.0057097
0.35,0.0983674593474203,0.11458921869732,0.388333938104305,1.06123768250487,0.724777817910944,-0.315701600081429,1.19284158447718,0.93937271284738,0.342897807455452,0.57,1.92079632679489,0.999999999953581,-0.999983408383409,0.299605966702731,0.0527056426719337,0.0227944728079787,0.0298068150078867,743.184231281417,0.0061619
0.4,0.132914388280784,0.139252017361912,0.442454651578976,1.18778918829212,0.754380935259422,-0.506201281502457,0.97198695450964,0.921060994002887,0.389418342308651,0.58,1.97079632679489,0.999999999999363,-0.832086904424345,0.342471233272173,0.0520865079954063,0.0343075942190985,0.0424855860106164,704.220143776132,0.0068011
0.45,0.172961778483651,0.166040676876135,0.486497102053082,1.29920930400044,0.770025465814029,-0.666824966078911,0.789711064454596,0.900447102352679,0.434965534111231,0.59,2.02079632679489,0.999999999989633,-0.585072596216398,0.385341721027699,0.0556633156191205,0.0495607727429668,0.0577283829133591,670.267040771056,0.0061162
0.5,0.217031374398613,0.195868135087444,0.522390343998935,1.39922962255152,0.777777583576388,-0.791110010600205,0.646018613379526,0.877582561890375,0.479425538604204,0.6,2.07079632679489,0.999999999999995,-0.312339179097797,0.422118037803058,0.06045471614488,0.0690340433634653,0.0757953213888428,640.657170472498,0.0060027
0.55,0.263332228813075,0.229368169605236,0.55192643051848,1.49140530441665,0.781305302263166,-0.879069026687068,0.535424847402277,0.852524522059508,0.52268722893066,0.61,2.12079632679489,0.99999999987921,-0.0353385708001084,0.451664353146884,0.0654978782664267,0.0930414006275294,0.0970246990331757,614.659526203672,0.0060866
0.6,0.309990516386496,0.266850575037818,0.576597620834399,1.57868020921113,0.782671064364239,-0.93291140580229,0.451422765234473,0.825335614909681,0.564642473395037,0.62,2.17079632679488,0.999999999995666,0.240761323514936,0.474635839415884,0.0699159762528608,0.121712354247859,0.121801933624455,591.618780388267,0.0056003
0.65,0.355152024474267,0.308319666275662,0.59758556548298,1.66329670790945,0.783213537248376,-0.955000779102371,0.388095020708769,0.796083798549059,0.605186405736041,0.63,2.22079632679488,0.999999999999653,0.504117885323495,0.492182479093845,0.0731588629317207,0.15498954251231,0.150527910427183,570.95239243969,0.0057261
0.7,0.397052991510025,0.353502880358028,0.61580192229803,1.74677733774656,0.784170909862871,-0.948449186244276,0.340559251893229,0.764842187284493,0.644217687237693,0.64,2.27079632679488,0.999999999990953,0.743614833149828,0.50545317721712,0.0745861495348889,0.192633989760151,0.183589854985723,552.114986157318,0.0061338
0.75,0.43410174749873,0.401886227413198,0.631940081380076,1.82993741093296,0.786975745996137,-0.917026282636779,0.304967111388637,0.731688868873826,0.681638760023337,0.65,2.32079632679488,0.999999999983338,0.954363114584778,0.515433118773477,0.0734643035551186,0.234238302164164,0.22133531674559,534.621812038027,0.0056558
0.8,0.464937604719862,0.452759624695999,0.646523182121912,1.91287230609783,0.793362803651573,-0.864506288992276,0.278356918284766,0.696706709347171,0.717356090899526,0.66,2.37079632679488,0.999999999999502,0.999999999982558,0.522913654390991,0.0697480734056446,0.279247132789016,0.264050232548383,518.072960626355,0.0056384
0.85,0.488787451533161,0.505395048474496,0.659944085259947,1.9950246262184,0.804684475586459,-0.808383372684906,0.258479207236658,0.659983145884988,0.751280405140297,0.67,2.42079632679488,0.907286907160011,0.999999972056898,0.528509975955525,0.0668674325652991,0.326992886472225,0.311946003620911,502.351466620771,0.0056603
0.9,0.505576274065233,0.558970470161713,0.672497020080779,2.07576187747215,0.812178138394402,-0.75300231297391,0.243638185596631,0.621609968270671,0.783326909627488,0.68,2.47079632679488,0.792363372376593,0.999999999071283,0.532691967914295,0.0651202690378195,0.376769160697971,0.36516053222448,487.534504798954,0.0070387
0.95,0.51555597275808,0.6124790078382,0.684401998638682,2.15483472893323,0.813736157125659,-0.697740606149646,0.232560956719496,0.58168308946389,0.813415504789379,0.69,2.52079632679488,0.71340747970717,0.999999999842701,0.535814997207399,0.0635613001071337,0.427881076357639,0.423737804560159,473.375430744106,0.0055176
1,0.519065471834617,0.665005623251276,0.695823383911824,2.23220642696969,0.812907150951738,-0.642233310719895,0.224294454206155,0.540302305868147,0.841470984807903,0.7,2.57079632679488,0.663147382337258,0.999999999645547,0.538146304932097,0.0620198162557959,0.479664612342976,0.487623547226916,459.544338741956,0.006521
1.05,0.516440147298702,0.715831510333862,0.706883898483104,2.30787272589535,0.812423185511219,-0.586404537695448,0.218126128645042,0.497571047891735,0.867423225594024,0.71,2.62079632679488,0.630324770323603,0.999999999999997,0.539886201391197,0.0606842945389359,0.531489625242288,0.556682190571521,445.832920195743,0.0062018
1.1,0.50800581590939,0.764380892398011,0.717675144446658,2.38185871389112,0.813817036311112,-0.530364892633229,0.21352370989712,0.453596121425586,0.891207360061444,0.720000000000001,2.67079632679488,0.610181685993033,0.999999970206822,0.541184541338119,0.0594273815963918,0.582758968736671,0.630713923302933,432.124963406774,0.0054263
1.15,0.494081967517273,0.810178008552742,0.728265482121621,2.45421821439605,0.818089935269263,-0.474330919727318,0.210089797101427,0.408487440884166,0.91276394026053,0.730000000000001,2.72079632679488,0.596421144819083,0.999999924116565,0.542153307091122,0.0583087266884113,0.632907773607866,0.709466588721745,418.361408953024,0.0052064
1.2,0.474986857213533,0.852818858154133,0.738705921386243,2.52502007372547,0.825581431514359,-0.418563004176676,0.207527773483437,0.362357754476683,0.932039085967237,0.740000000000001,2.77079632679487,0.584428110000457,0.999999999987996,0.542876124660147,0.0573881770549181,0.681402961755233,0.792644280138327,404.529117592438,0.0058202
1.25,0.451049003470455,0.891948166098049,0.749034522865268,2.59435950908957,0.83615047522897,-0.363331916884883,0.205616285677569,0.315322362395278,0.948984619355597,0.750000000000001,2.82079632679487,0.571197456984921,0.999999999801714,0.543415419881081,0.0566424675174701,0.727743699411717,0.879913273465834,390.644341024591,0.0061747
1.3,0.422617140834336,0.927246287606871,0.759279684096471,2.66235634169249,0.849354108389916,-0.308892718489331,0.204190163570542,0.267498828624597,0.963558185417205,0.760000000000001,2.87079632679487,0.554021354435858,0.977793164937616,0.543817782231436,0.0560689197651817,0.77146294472951,0.970906171110036,376.737729593101,0.0062998
1.35,0.390094666481877,0.958474455429461,0.769462592375205,2.72914647457805,0.864418344232306,-0.257770970112098,0.203126167578834,0.219006687093052,0.975723357826673,0.770000000000001,2.92079632679487,0.534974847570119,0.949089510027081,0.544117977542849,0.0554395087758375,0.812130770667744,1.065226826446,362.866453459246,0.0054528
1.4,0.353936187666749,0.985494140741901,0.779599055248861,2.79484886141255,0.880718359072348,-0.21074563509038,0.202332347367398,0.169967142900251,0.985449729988475,0.780000000000002,2.97079632679487,0.517133595783329,0.918245225736573,0.544341946600094,0.0545983002896105,0.849360681072735,1.16246074075982,349.072173071492,0.0050405
1.45,0.314600694250714,1.00822845643275,0.789700866415733,2.85952248707283,0.897956769398007,-0.168045376489695,0.201740099307482,0.120502769367377,0.992712991037604,0.790000000000002,3.02079632679487,0.499970025660817,0.883920454477747,0.54450904432327,0.0537202528682414,0.88281211502729,1.26218277301838,335.405867556018,0.004504
1.5,0.272535807343991,1.02665581599771,0.799776824878381,2.92318365905779,0.915802074419372,-0.129975383520383,0.201298239198425,0.0707372016677132,0.997494986604071,0.800000000000002,3.07079632679487,0.48294330198051,0.847786914069215,0.544633711664676,0.0528803166023935,0.912189851925371,1.36396283360386,321.924061909117,0.0047086
1.55,0.228174486838987,1.04080551617755,0.809833495350757,2.98584561683352,0.933880957534598,-0.0966348801707744,0.200968579696633,0.0207948278031027,0.999783764189375,0.810000000000002,3.12079632679487,0.465799730080728,0.811182387302725,0.544726722522107,0.0520852515376874,0.937242743741107,1.46737131709054,308.679069010599,0.0046637
1.6,0.181930593165543,1.05074681424972,0.819875775592336,3.04752889322573,0.951817716757054,-0.0679654052272644,0.20072262996653,-0.0291995223012785,0.999573603041525,0.820000000000002,3.17079632679487,0.448468931555258,0.775155403019963,0.544796112201078,0.0513388879677523,0.957762014090482,1.57198362907189,295.717492981387,0.0040819
1.65,0.134195902836685,1.05657970008459,0.829907319615187,3.10826098629257,0.969261300676114,-0.0437863688331465,0.2005391309475,-0.0791208888067239,0.99686502845394,0.830000000000002,3.22079632679487,0.4310033826383,0.7405029355893,0.544847888062665,0.0506438244249658,0.973579187746021,1.67738370789505,283.079525340631,0.0044078
1.7,0.0853383446710737,1.05842713293326,0.839930853643972,3.16807560156489,0.985902724406323,-0.0238267049423503,0.200402230203899,-0.128844494295515,0.99166481045249,0.840000000000003,3.27079632679487,0.413532226931672,0.707798510201602,0.544886514410971,0.0500014308217741,0.984563785003594,1.78316669828945,270.798631334533,0.0058879
1.75,0.0357012022984165,1.05642859826194,0.849948411728414,3.22701175986838,1.00148494551801,-0.00775328400348962,0.200300093173772,-0.178246055649482,0.98398594687396,0.850000000000003,3.32079632679487,0.396226256293484,0.677430777597358,0.544915331632645,0.0494119904840644,0.990620889966458,1.88894091563606,258.90154339967,0.0055833
1.8,-0.0143969406277554,1.05073484176723,0.859961511348837,3.28511281899294,1.01580698760651,0.00480536412764647,0.200223891643153,-0.227202094693078,0.973847630878219,0.860000000000003,3.37079632679487,0.37927134145896,0.649633308474688,0.544936830918516,0.048874893492667,0.991688677956672,1.9943292261967,247.408481473746,0.0043344
1.85,-0.0646617016393122,1.04150363147615,0.869971284626661,3.34242546970072,1.02872377843297,0.0142392598340911,0.200167039469817,-0.275590246824504,0.961275202975325,0.870000000000003,3.42079632679487,0.362849512271089,0.624514022528236,0.544952871125581,0.0483887983783323,0.987735966542056,2.09896995321405,236.333548188892,0.0042547
1.9,-0.114822002815176,1.02889641808291,0.879978576200477,3.39899875517383,1.04014299295558,0.0209411282431139,0.20012462348284,-0.323289566863495,0.946300087687441,0.880000000000003,3.47079632679487,0.347126149992154,0.602081613609786,0.54496483838707,0.0479517937983772,0.978759837515416,2.20251740522966,225.685244838928,0.0040905
1.95,-0.164628904492125,1.01307576643026,0.889984016238329,3.45488314841561,1.05001995208915,0.0252941505329608,0.200092978031204,-0.370180831351279,0.928959715003897,0.890000000000004,3.52079632679487,0.332242039383963,0.582268798840552,0.544973766873458,0.0475615402936785,0.964783362977836,2.30464211001236,215.467064072099,0.004202
2,-0.213854272470676,0.994203440647328,0.899988074894541,3.51012971193554,1.05835140958256,0.0276628930073357,0.200069368217316,-0.416146836547135,0.90929742682571,0.900000000000004,3.57079632679487,0.31830918341075,0.564952350369,0.544980428187023,0.0472153931123155,0.945853457139473,2.40503082525394,205.678122274812,0.00418
2.05,-0.262289360197509,0.972439035784679,0.909991102939615,3.56478935390144,1.06516886327554,0.0283869638015835,0.200051753585636,-0.461072691376705,0.887362368633405,0.910000000000004,3.62079632679487,0.30540943853436,0.54997002110047,0.544985398014557,0.0469105068109113,0.922038866247561,2.50338638595127,196.313801287676,0.0041017
2.1,-0.309743368938641,0.947939059517807,0.919993362074225,3.61891218724732,1.07053185729164,0.0277769495477148,0.200038611798738,-0.50484610459985,0.863209366648905,0.920000000000004,3.67079632679487,0.293595183814959,0.537134565432752,0.544989105866801,0.0466439226865557,0.893428301852101,2.5994274382132,187.366375489436,0.0041695
2.15,-0.356042033420575,0.920856378231416,0.929995047546164,3.67254699245036,1.07452160038078,0.02611220847516,0.200028807078859,-0.547357665480265,0.83689879079853,0.930000000000004,3.72079632679487,0.282891382624073,0.526245114910032,0.544991872192665,0.0464126406047731,0.860128717118373,2.6928881001258,178.825606204999,0.0042997
2.2,-0.401026267520821,0.891339952267128,0.939996305024442,3.72574078051762,1.07723511180986,0.0236401344318105,0.200021492052257,-0.58850111725534,0.808496403819624,0.940000000000004,3.77079632679487,0.273298526854991,0.517096198142719,0.544993936071342,0.046213676958396,0.822263721813236,2.78351758226795,170.679290706335,0.004237
2.25,-0.444550894031654,0.859534795096497,0.94999724318866,3.77853844987846,1.07878001748883,0.0205765514672887,0.200016034516464,-0.628173622722734,0.778073196887956,0.950000000000004,3.82079632679487,0.264796067825777,0.509484704036414,0.544995475873618,0.046044110499008,0.779972128680119,2.87107979345091,162.913757684386,0.0045172
2.3,-0.486483474001143,0.82558210051406,0.95999794312164,3.83098252909078,1.07927005215143,0.0171069462465696,0.200011962802721,-0.66627602127982,0.745705212176756,0.960000000000004,3.87079632679487,0.25734603524098,0.503215081407409,0.544996624677134,0.045901117703969,0.733406621956954,2.95535295120447,155.514304929792,0.0050821
2.35,-0.526703244385212,0.789619490530791,0.969998465317011,3.88311299629401,1.07882127485274,0.0133882922597056,0.200008925012141,-0.70271307677355,0.711473352790881,0.970000000000005,3.92079632679487,0.250896626226612,0.498103052149849,0.544997481767461,0.0457819992141703,0.682732537592859,3.03612921137751,148.46557807182,0.0041694
2.4,-0.565100167457923,0.751781344433462,0.979998854907386,3.9349671659745,1.07754897134046,0.00955126345057509,0.200006658602856,-0.737393715541243,0.675463180551189,0.980000000000005,3.97079632679487,0.245385611977996,0.493978092852369,0.544998121217678,0.0456841987285914,0.62812674412161,3.11321432688485,141.751891628437,0.0038641
2.45,-0.601574091383596,0.712199176443519,0.989999145564927,3.98657963368037,1.07556519484839,0.00570267428410675,0.200004967698766,-0.770231254047305,0.637764702134543,0.990000000000005,4.02079632679487,0.240743461680929,0.490684914284432,0.544998598293229,0.0456053155908903,0.569776613016861,3.18642734203405,135.357495382663,0.0037869
2.5,-0.636034018340749,0.671002035571856,0.999999362411462,4.0379822697002,1.07297688380294,0.00192801787895713,0.200003706162672,-0.801143615546933,0.598472144103996,1,4.07079632679487,0.236896124001382,0.488084141336991,0.544998954227213,0.0455431121545415,0.50787906757211,3.25560032592391,129.26679030457,0.0037297
2.55,-0.668397474418037,0.628316906655083,1.00999952418971,4.08920425329739,1.06988448853264,-0.00170599644626915,0.200002764967163,-0.830053535235222,0.557683717391458,1.01,4.12079632679487,0.233767437338806,0.486052369447971,0.544999219780361,0.0454955168784279,0.442639699824274,3.32057814604179,123.464498974102,0.0037338
2.6,-0.698589974016491,0.58426909622109,1.01999964488312,4.14027213979176,1.0663810374577,-0.00514897981610748,0.200002062769488,-0.856888753368948,0.515501371821506,1.02,4.17079632679487,0.231281162963987,0.484481748222423,0.544999417902671,0.0454606239812695,0.374271945697048,3.38121828132436,117.935795816881,0.0038656
2.65,-0.72654457055396,0.538982590821853,1.02999973492441,4.19120995354259,1.06255157494076,-0.00836452747312596,0.200001538881891,-0.881582195878288,0.472030541289925,1.03,4.22079632679487,0.229362651657329,0.483279219477758,0.544999565716621,0.0454366903684424,0.302996309317806,3.43739067251606,112.666402527956,0.003851
2.7,-0.752201484761933,0.492580378849382,1.03999980209713,4.2420393006701,1.05847290687273,-0.0113280453863714,0.200001148026851,-0.904072142017064,0.427379880233873,1.04,4.27079632679487,0.227940165768238,0.482365515582827,0.544999675996853,0.0454221304472984,0.229039628310648,3.48897760659704,107.642653901768,0.003711
2.75,-0.77550780169557,0.445184729678058,1.0499998522084,4.2927794961247,1.05421359529222,-0.0140247620852896,0.200000856424018,-0.924302378632468,0.381660992052375,1.05,4.32079632679487,0.226945885920802,0.481674004896388,0.544999758274185,0.0454155093569568,0.152634372750101,3.5358736312997,102.851538975945,0.0037299
2.8,-0.796417227665248,0.396917426314309,1.05999988959077,4.34344770045451,1.0498341492734,-0.0164479372510374,0.200000638870785,-0.942222340668664,0.334988150155949,1.06,4.37079632679487,0.226316635780032,0.481149454305763,0.544999819659312,0.0454155350595809,0.07401797134537,3.57798549523792,98.2807219860843,0.0046705
2.85,-0.81488989857642,0.347899949641467,1.06999991747664,4.39405906231798,1.04538736551766,-0.018597270244294,0.200000476564165,-0.957787237553097,0.28747801234259,1.07,4.42079632679487,0.225994360139248,0.480746764250444,0.544999865457321,0.0454210496698527,-0.00656784070838633,3.61523210888987,93.9185471619468,0.004442
2.9,-0.830892231580734,0.298253613879212,1.07999993827764,4.44462686343162,1.040918778241,-0.0204775054043175,0.200000355475754,-0.970958165149599,0.239249329214028,1.08,4.47079632679487,0.225926391707711,0.480429719044767,0.544999899626187,0.0454310203369734,-0.0888776569437913,3.64754452156368,89.7540309064462,0.0049066
2.95,-0.844396812451734,0.248099654084767,1.08999995379302,4.49516266322807,1.03646718385549,-0.0220972262690028,0.200000265139323,-0.981702202998464,0.190422647361073,1.09,4.52079632679487,0.226065540838855,0.480169784615609,0.544999925118853,0.0454445299384104,-0.172663021847244,3.67486590949978,85.7768444127839,0.0053592
3,-0.855382311668527,0.197559267454137,1.09999996536516,4.54567644102573,1.0320652114691,-0.02346782753981,0.20000019774629,-0.989992496600457,0.141120008059914,1.1,4.57079632679487,0.226370040442683,0.479944976776621,0.544999944138422,0.0454607677957203,-0.25767304331387,3.6971515703955,81.977289310035,0.0043548
3.05,-0.863833422793092,0.146753610878804,1.10999997399559,4.59617673397822,1.02773991529782,-0.0246026513919675,0.20000014747087,-0.995808324539074,0.0914646422324838,1.11,4.62079632679487,0.226803375761562,0.479738815686084,0.544999958328567,0.0454790205799412,-0.343654997876407,3.7143689198496,78.3462684954573,0.0042405
3.1,-0.869740817340199,0.0958037577145165,1.11999998043152,4.64667076948194,1.02351336965998,-0.0255162733928418,0.20000010996658,-0.999135150273294,0.0415806624333377,1.11999999999999,4.67079632679486,0.227334025791048,0.47953937600928,0.544999968915595,0.0454986635363123,-0.430354930642241,3.72649748549682,74.8752539199658,0.0042008
3.15,-0.87310111094688,0.0448306170579631,1.12999998523045,4.69716459107533,1.01940325129561,-0.0262239226577229,0.200000081990616,-0.999964658471358,-0.00840724736710139,1.12999999999999,4.72079632679486,0.227935140071885,0.479338437365357,0.544999976814411,0.0455191521254071,-0.517518251323172,3.73352889491614,71.5562527450702,0.0040462
3.2,-0.873916836238957,-0.00604518096625494,1.13999998880831,4.74766317716817,1.01542339733019,-0.0267410207898686,0.200000061123586,-0.998294775794771,-0.0583741434275325,1.13999999999999,4.77079632679486,0.22858417149989,0.47913073572967,0.544999982707608,0.0455400141494821,-0.604890327252924,3.73546685373741,68.3817729858462,0.0039165
3.25,-0.872196418356606,-0.0567034303061316,1.14999999147541,4.79817055219654,1.01158433030351,-0.0270828244930015,0.200000045560433,-0.994129676080566,-0.108195134530061,1.14999999999999,4.82079632679486,0.229262482794697,0.47891331344554,0.544999987104452,0.0455608424087268,-0.692217073855633,3.73232711072718,65.3447894939524,0.0037984
3.3,-0.867954149633349,-0.107024520852869,1.15999999346328,4.84868989001344,1.00789374433727,-0.0272641574031764,0.200000033954439,-0.987479769908886,-0.157745694143201,1.15999999999999,4.87079632679486,0.229954941408013,0.478684963245141,0.544999990384889,0.0455812879117945,-0.779245542651636,3.72413740699583,62.4387109147343,0.0042249
3.35,-0.861210160419474,-0.156889633514916,1.16999999494466,4.89922360950034,1.00435694875239,-0.027299217574599,0.20000002530084,-0.978361678581957,-0.206901971673352,1.16999999999999,4.92079632679486,0.230649514987067,0.478445760071027,0.544999992832388,0.0456010536481896,-0.865724506561465,3.7109374068282,59.6573480696716,0.0042541
3.4,-0.851990383499797,-0.206180955029407,1.17999999604843,4.9497734625251,1.00097726730356,-0.0272014480973615,0.200000018849989,-0.966798192579486,-0.255541102026784,1.17999999999999,4.97079632679486,0.231336877055861,0.478196673424961,0.544999994656985,0.0456198889162341,-0.951405041991344,3.6927786079915,56.9948840659979,0.0045374
3.45,-0.840326509976165,-0.254781909182236,1.18999999687071,5.0003406144813,0.997756392708911,-0.0269834594635128,0.200000014041276,-0.952818214594332,-0.303541512708383,1.18999999999999,5.02079632679486,0.232010030418036,0.477939252347425,0.544999996018489,0.045637584190761,-1.03604110694978,3.66972422971465,54.4458463152394,0.0045184
3.5,-0.826255934867629,-0.302577401271125,1.19999999748319,5.05092571772629,0.994694697357715,-0.0266569934829029,0.200000010457916,-0.936456687290825,-0.350783227689574,1.19999999999999,5.07079632679486,0.232663953782939,0.477675374874875,0.544999997035182,0.0456539665033212,-1.11939011425133,3.64184907685769,52.0050805478302,0.0043803
3.55,-0.809821691026996,-0.3494540728259,1.20999999793938,5.10152897829419,0.991791502004849,-0.0262329197413376,0.200000007789579,-0.917754505966307,-0.397148167285914,1.20999999999999,5.12079632679486,0.233295275473018,0.477407053852787,0.544999997794132,0.04566889530597,-1.20121349870655,3.60923937909806,49.6677268380086,0.0038864
3.6,-0.79107237028315,-0.395300563789794,1.21999999827923,5.15215021629883,0.989045304951887,-0.0257212567596404,0.200000005804298,-0.896758416334179,-0.442520443294807,1.21999999999999,5.17079632679486,0.233901976605671,0.477136291230699,0.544999998360567,0.0456822587828659,-1.28127727707276,3.5719926042492,47.4291975985837,0.0037926
3.65,-0.770062030996211,-0.440007779559262,1.22999999853256,5.20278892046431,0.98645397469754,-0.0251312111298439,0.200000004328808,-0.873520897683972,-0.486786648655655,1.22999999999999,5.22079632679486,0.234483124919881,0.476864973385502,0.54499999878327,0.0456939705719529,-1.35935259944534,3.53021724509732,45.2851574656705,0.0037589
3.7,-0.746850091459585,-0.48346916047324,1.23999999872162,5.25344429722875,0.984014909346115,-0.0244712289549449,0.200000003233751,-0.848100031710444,-0.52983614090845,1.23999999999998,5.27079632679486,0.235038639423173,0.476594800553942,0.544999999098687,0.0457039668587789,-1.43521629070071,3.48403257939238,43.2315049663959,0.0041308
3.75,-0.721501208801606,-0.525580951532626,1.24999999886303,5.30411531486447,0.981725166221693,-0.0237490548892951,0.200000002422569,-0.820559357339598,-0.571561318742301,1.24999999999998,5.32079632679486,0.235569085230545,0.476327244066886,0.544999999334035,0.0457122038042981,-1.5086513805565,3.43356840286093,41.2643558454678,0.0040822
3.8,-0.694085143232154,-0.566242470314747,1.25999999896917,5.35480074304599,0.979581565173237,-0.0229717949596971,0.2000000018232,-0.790967711914456,-0.611857890942677,1.25999999999998,5.37079632679486,0.236075497343241,0.476063525731651,0.544999999509626,0.0457186552697015,-1.57944762078967,3.37896473532108,39.3800279172803,0.003795
3.85,-0.664676607648803,-0.605356371223937,1.2699999990493,5.40549918827929,0.977580768995877,-0.0221459801383354,0.200000001381864,-0.759399059137549,-0.650625137065126,1.26999999999998,5.42079632679486,0.236559231649855,0.47580461437752,0.544999999640621,0.0457233108031746,-1.64740198814656,3.32037150017444,37.5750273071561,0.0037344
3.9,-0.633355102764777,-0.642828904387157,1.27999999911031,5.45620912558265,0.975719344257676,-0.0212776283367232,0.200000001058423,-0.725932304200182,-0.687766159183934,1.27999999999998,5.47079632679486,0.237021841105651,0.475551235240409,0.544999999738336,0.0457261738557972,-1.71231917148763,3.25794817772733,35.8460359468879,0.0038697
3.95,-0.600204738049593,-0.678570167662058,1.28999999915734,5.50692892678322,0.97399380562817,-0.0203723030964091,0.200000000822925,-0.690651096560551,-0.723188124086474,1.28999999999998,5.52079632679486,0.237464974837899,0.475303888499329,0.544999999811208,0.0457272601964988,-1.7740120417328,3.19186343295465,34.1899001947178,0.0039846
4,-0.565314038884546,-0.712494350373988,1.29999999919424,5.55765688576534,0.97240064657161,-0.019435167770766,0.200000000653012,-0.653643620863657,-0.756802495307891,1.29999999999998,5.57079632679486,0.237890297817086,0.47506287387626,0.544999999865537,0.0457265964988241,-1.8323021032078,3.12229471846564,32.60362045728,0.0042659
4.05,-0.528775740431046,-0.744519967538005,1.30999999922386,5.60839124097758,0.970936359008268,-0.0184710344278723,0.200000000531995,-0.615002376525621,-0.788525254426159,1.30999999999998,5.62079632679486,0.238299428708246,0.474828318764553,0.544999999906016,0.0457242190752701,-1.88701992503717,3.04942785356182,31.084341699984,0.0042967
4.1,-0.49068656879191,-0.774570083452385,1.31999999924835,5.6591301954769,0.969597444273589,-0.0174844070634001,0.200000000447409,-0.574823946533316,-0.818277111064376,1.31999999999998,5.67079632679486,0.238693893557429,0.474600207851987,0.544999999936156,0.0457201727378255,-1.9380055512836,2.97345658039545,29.6293447422074,0.0044536
4.15,-0.451147010115432,-0.802572523671645,1.32999999926928,5.70987193475993,0.968380417427221,-0.0164795190015028,0.20000000038995,-0.533208756037203,-0.845983701075414,1.32999999999998,5.72079632679486,0.239075093060451,0.474378412651672,0.544999999958565,0.0457145097662344,-1.98510888859494,2.89458209834181,28.2360382439636,0.0041242
4.2,-0.410261068350914,-0.828460074480285,1.33999999928785,5.76061464260503,0.967281806690297,-0.0154603645881662,0.200000000352658,-0.490260821340749,-0.871575772413557,1.33999999999998,5.77079632679486,0.239444281292003,0.474162719745046,0.544999999975197,0.0457072889681333,-2.02819007018791,2.8130125777924,26.9019513010247,0.0037745
4.25,-0.368136012413391,-0.852170669093781,1.34999999930492,5.81135651512341,0.966298149525867,-0.0144307254528324,0.200000000330336,-0.446087489913844,-0.894989358228555,1.34999999999997,5.82079632679486,0.239802553931337,0.473952856878367,0.544999999987499,0.04569857481775,-2.06711979507152,2.72896265465824,25.6247265755092,0.0035859
4.3,-0.324882113555644,-0.873647559911382,1.35999999932116,5.86209577319483,0.96542598662913,-0.0133941917376085,0.200000000319084,-0.400799172080027,-0.916165936749428,1.35999999999997,5.87079632679486,0.240150844196156,0.473748516338924,0.544999999996551,0.0456884366620429,-2.10177964149034,2.64265290694535,24.4021138984839,0.0035205
4.35,-0.280612373778319,-0.892839476236544,1.36999999933703,5.91283067344234,0.964661854864294,-0.0123541787761232,0.20000000031598,-0.354509065048185,-0.935052577558424,1.36999999999997,5.92079632679486,0.240489924878228,0.473549375276873,0.54500000000242,0.0456769479851585,-2.13206235365,2.55430931482702,23.231964290004,0.0038392
4.4,-0.235442246134705,-0.90970076696587,1.37999999935289,5.96355951788181,0.964002279975549,-0.0113139397523761,0.200000000318158,-0.307332869978473,-0.951602073889493,1.37999999999997,5.97079632679486,0.240820415059446,0.473355112832397,0.545000000002057,0.0456641857238301,-2.15787210087106,2.46416270569178,22.1122243501582,0.0040321
4.45,-0.189489347806486,-0.924191527826757,1.38999999936884,6.01428066236518,0.96344376971213,-0.0102765748900251,0.200000000320009,-0.259388502789681,-0.965773060620618,1.38999999999997,6.02079632679485,0.241142790351716,0.473165423986506,0.545000000004463,0.0456502296297035,-2.17912470840466,2.37244818569195,21.0409309821061,0.0044986
4.5,-0.142873166840843,-0.936277712818333,1.39999999938494,6.06499252392234,0.962982807850001,-0.00924503773038199,0.200000000324026,-0.210795799430835,-0.977530117665078,1.39999999999997,6.07079632679485,0.241457395417337,0.4729800304765,0.545000000007374,0.045635161668986,-2.19574785923128,2.27940455935553,20.0162064143717,0.0049172
4.55,-0.0957147634487931,-0.945931229579459,1.40999999940131,6.11569358709323,0.96261584943146,-0.00822213901503977,0.200000000330662,-0.161676216353742,-0.986843858503219,1.40999999999997,6.12079632679485,0.24176445809362,0.472798688732939,0.545000000009956,0.0456190654627881,-2.20768126625373,2.18527373885578,19.0362534957313,0.0044
4.6,-0.0481364667696441,-0.953130018472503,1.41999999941807,6.16638240933164,0.962339317444008,-0.00721054868344205,0.200000000339623,-0.112152526935111,-0.993691003633449,1.41999999999997,6.17079632679485,0.242064104274271,0.472621195235644,0.545000000011971,0.0456020257610524,-2.21487681438581,2.09030014455659,18.0993512406812,0.0038075
4.65,-0.000261568007593006,-0.957858115232986,1.42999999943532,6.21705762555259,0.962149601046894,-0.00621279644115577,0.200000000350396,-0.0623485146070485,-0.998054438758866,1.42999999999997,6.22079632679485,0.242356372977985,0.47244738955983,0.545000000013402,0.0455841279496171,-2.21729867212839,1.99473009847025,17.2038506077801,0.0041629
4.7,0.0477859891558263,-0.960105697092558,1.43999999945314,6.26771795188806,0.962043055373631,-0.00523127131077405,0.200000000362458,-0.0123886634629475,-0.999923257564089,1.43999999999997,6.27079632679485,0.242641231136805,0.47227715542889,0.545000000014307,0.0455654575890477,-2.21492337231546,1.89881121227602,16.3481704966317,0.0038712
4.75,0.095881919975097,-0.959869112336938,1.44999999947158,6.3183621887091,0.962016002873144,-0.00426822052772179,0.200000000375335,0.0376021528879196,-0.999292788975368,1.44999999999997,6.32079632679485,0.242918587764163,0.472110420060401,0.545000000018469,0.0455460999846383,-2.20773986180274,1.80279177155455,15.5307939521564,0.0036752
4.8,0.143901910989717,-0.957150893311702,1.45999999949077,6.36898922296733,0.962064736103206,-0.00332574809615387,0.200000000391957,0.0874989834393896,-0.996164608835833,1.45999999999997,6.37079632679485,0.24318830718756,0.471947152217938,0.545000000026809,0.0455261397857059,-2.19574951996067,1.70692011789446,14.750264567023,0.0036077
4.85,0.191721932429246,-0.951959752937003,1.46999999951097,6.41959802990459,0.962185521847356,-0.00240581325960764,0.200000000416086,0.137177112100851,-0.990546535966708,1.46999999999996,6.42079632679485,0.24345022116723,0.471787359280566,0.545000000026521,0.0455056606142415,-2.17896614592254,1.61144403052351,14.005183074927,0.0036929
4.9,0.239218549807381,-0.944310564837762,1.47999999953237,6.47018767417595,0.962374606401318,-0.00151022909145566,0.200000000439954,0.186512369422519,-0.982452612624329,1.47999999999996,6.47079632679485,0.243704139990932,0.47163108317676,0.54500000002298,0.045484744726175,-2.15741591462542,1.51661010910876,13.2942041289947,0.0036515
4.95,0.286269233853149,-0.934224327239886,1.48999999955488,6.52075731042862,0.962628221878268,-0.00064066141076744,0.200000000460636,0.235381442954395,-0.97190306940182,1.48999999999996,6.52079632679485,0.243949862171327,0.471478396076917,0.545000000018392,0.0454634726975457,-2.13113730176782,1.42266315935663,12.616033259974,0.0035704
5,0.332752667943957,-0.921728110824337,1.49999999957833,6.57130618337738,0.962942593342505,0.000201371879948656,0.200000000477189,0.28366218546317,-0.958924274663139,1.49999999999996,6.57079632679485,0.24418718294119,0.471329395655261,0.545000000013612,0.0454419231409929,-2.10018097789229,1.32984558302742,11.969424010035,0.0035157
5.05,0.378549052223033,-0.906854990769465,1.50999999960249,6.62183362741453,0.963313946601112,0.00101450093293589,0.20000000048944,0.331233920236698,-0.94354866863591,1.50999999999996,6.62079632679485,0.244415901525686,0.47118420020002,0.54500000000894,0.0454201724503111,-2.06460967188369,1.2383967739569,11.3531752381126,0.0034657
5.1,0.423540403603512,-0.889643963249481,1.51999999962717,6.67233906579143,0.963738516482286,0.00179750350872456,0.200000000497486,0.377977742712926,-0.925814682327737,1.51999999999996,6.67079632679485,0.244635827141975,0.471042943636349,0.544999999978138,0.0453982945696732,-2.02449800425485,1.14855252165341,10.7661285926808,0.0040126
5.15,0.467610850882134,-0.870139846692767,1.52999999965155,6.72282200940675,0.964212555426822,0.00254930390317284,0.20000000047781,0.423776817679374,-0.905766641468712,1.52999999999996,6.72079632679485,0.244846784318685,0.470905771007379,0.544999999961244,0.0453763608020381,-1.97993229066999,1.06054442400967,10.2071661490845,0.0042726
5.2,0.510646924208047,-0.848393168136552,1.53999999967457,6.77328205523677,0.964732342282629,0.00326897127105145,0.20000000044293,0.468516671300324,-0.883454655720163,1.53999999999996,6.77079632679485,0.245048616642894,0.470772833828525,0.544999999965039,0.0453544396246524,-1.93101031623279,0.974599310636912,9.67520820547042,0.0044322
5.25,0.552537838174908,-0.824460035046874,1.54999999969593,6.8237188844409,0.965294191107609,0.00395571731797848,0.200000000411465,0.512085477241788,-0.858934493426603,1.54999999999996,6.82079632679485,0.245241189817016,0.470644285808034,0.544999999974808,0.0453325965408624,-1.87784108114042,0.890938678293537,9.16921123429053,0.0044368
5.3,0.593175767828075,-0.798401993004497,1.55999999971593,6.87413226017337,0.965894459879279,0.00460889339347201,0.200000000388792,0.55437433617911,-0.832267442223914,1.55999999999996,6.87079632679485,0.245424393998867,0.470520279055029,0.544999999984732,0.0453108939578363,-1.82054451837678,0.809778139841885,8.68816598453857,0.0039587
5.35,0.632456116904306,-0.770285869685883,1.56999999973503,6.9245220251333,0.966529559012429,0.005227987034066,0.200000000375051,0.595277547988556,-0.803520155852171,1.56999999999996,6.92079632679485,0.24559814535152,0.470400960638429,0.54499999999271,0.0452893910842533,-1.75925118418787,0.731326888125367,8.23109572931326,0.0036664
5.4,0.670277777647111,-0.740183605595943,1.57999999975362,6.97488809888327,0.967195959584328,0.00581261799633788,0.20000000036849,0.634692875942586,-0.772764487556005,1.57999999999995,6.97079632679485,0.245762386957131,0.470286469605079,0.544999999995315,0.0452681438504776,-1.69410192214903,0.65578717611384,7.7970546533212,0.0034573
5.45,0.706543381567245,-0.708172072035853,1.58999999977194,7.02523047496557,0.967890201187953,0.00636253383569322,0.200000000364274,0.672521802248419,-0.740077310488914,1.58999999999995,7.02079632679485,0.245917089179129,0.470176934485585,0.544999999981224,0.0452472048496162,-1.62524750169819,0.583353814618074,7.3851263744273,0.0033777
5.5,0.741159540544865,-0.6743328768143,1.59999999978973,7.07554921784383,0.968608899347642,0.00687760509274625,0.200000000347375,0.708669774291214,-0.705540325570413,1.59999999999995,7.07079632679485,0.246062249805727,0.470072470536445,0.544999999982167,0.0452266233039107,-1.55284823207111,0.51421368882461,6.99442259373828,0.0034531
5.55,0.774037077699319,-0.638752158235255,1.6099999998067,7.12584445969746,0.969348752467943,0.00735782007197368,0.200000000331326,0.743046440966366,-0.669239857276285,1.60999999999995,7.12079632679485,0.246197893365988,0.46997317876456,0.54499999998686,0.045206445037111,-1.47707355263344,0.448545294850214,6.62408186593485,0.0035408
5.6,0.805091247479538,-0.601520367916934,1.61999999982297,7.176116397094,0.970106548232228,0.00780327941473384,0.200000000319499,0.775565878510207,-0.631266637872346,1.61999999999995,7.17079632679485,0.246324070509828,0.469879144249889,0.544999999990784,0.0451867124763051,-1.39810160066015,0.386518297460681,6.27326848498526,0.003599
5.65,0.834241944456484,-0.562732043017802,1.62999999983873,7.22636528756331,0.970879169461796,0.00821419040851991,0.200000000311205,0.806146805264675,-0.591715580631036,1.62999999999995,7.22079632679485,0.246440857045719,0.469790435141436,0.544999999992771,0.045167464664699,-1.3161187576668,0.328293110042305,5.94117147717313,0.0040825
5.7,0.861413900330738,-0.522485568466727,1.63999999985413,7.27659144609722,0.971663599406941,0.00859086111857461,0.200000000304699,0.83471278483912,-0.550685542597665,1.63999999999995,7.27079632679485,0.246548352791298,0.469707101993427,0.544999999992641,0.045148737289122,-1.23131917544677,0.274020497855577,5.62700369448215,0.0041276
5.75,0.886536868697945,-0.480882929812897,1.6499999998692,7.32679524159608,0.972456926461209,0.00893369439374356,0.200000000298075,0.861192417161483,-0.508279077499287,1.64999999999995,7.32079632679485,0.246646680289966,0.469629177399715,0.544999999990739,0.0451305627212062,-1.14390428301617,0.223841205540096,5.33000100100775,0.004037
5.8,0.909545797145705,-0.438029457328865,1.6599999998839,7.37697709328259,0.973256348298248,0.00924318179372365,0.20000000028974,0.885519516941283,-0.464602179413787,1.65999999999995,7.37079632679485,0.246735983431397,0.469556675897824,0.54499999998767,0.0451129700705438,-1.05408227571228,0.177885609777177,5.04942154505109,0.0039271
5.85,0.930380986286916,-0.39403356201658,1.66999999989811,7.42713746710158,0.974059175436853,0.0095198974813356,0.200000000278643,0.90763327909838,-0.419764017839891,1.66999999999995,7.42079632679485,0.246816426009907,0.469489594109991,0.544999999984111,0.0450959852486396,-0.9620675877322,0.136273397952483,4.78454510955757,0.0038491
5.9,0.948988235366485,-0.349006464181604,1.67999999991168,7.47727687212352,0.974862834245127,0.00976449211935527,0.200000000264343,0.927478430744004,-0.373876664830269,1.67999999999995,7.47079632679485,0.246888190249542,0.469427911088242,0.544999999980672,0.0450796310424532,-0.868080349436723,0.0991132735952535,4.53467253362935,0.0035875
5.95,0.96531897411071,-0.303061915254673,1.68999999992446,7.52739585696764,0.975664869399234,0.00997768680716596,0.200000000246947,0.945005369334198,-0.327054814869774,1.68999999999995,7.52079632679485,0.246951475317858,0.469371588832852,0.544999999977927,0.0450639271963509,-0.772345830778695,0.0665026893034562,4.29912519797095,0.0034519
6,0.97933038052147,-0.256315913552561,1.69999999993631,7.57749500625967,0.976462945815535,0.0101602670883762,0.200000000227081,0.960170286650339,-0.27941549819896,1.69999999999994,7.57079632679485,0.24700649584719,0.469320572958291,0.544999999975878,0.0450488905014106,-0.675093872246908,0.0385276077956314,4.07724456727352,0.0033583
6.05,0.990985484350615,-0.208886414681617,1.70999999994712,7.62757493713736,0.97725485007776,0.0103130770568717,0.200000000205371,0.972935278296872,-0.231077788299427,1.70999999999994,7.62079632679485,0.247053480479167,0.469274793471833,0.544999999974406,0.0450345348910563,-0.576558304744467,0.0152622916604245,3.86839178282573,0.0033159
6.1,1.00025325602362,-0.160893037297487,1.71999999995682,7.67763629581623,0.978038491382934,0.0104370135841278,0.200000000182336,0.983268438442562,-0.182162504272131,1.71999999999994,7.67079632679485,0.247092670442656,0.469234165643563,0.544999999973482,0.0450208715419916,-0.476976359845488,-0.00323087769606109,3.67194729884234,0.0033718
6.15,1.00710868081557,-0.112456764943264,1.72999999996534,7.72767975422611,0.978811902031162,0.0105330206874052,0.20000000015847,0.991143939568449,-0.132791908852554,1.72999999999994,7.72079632679485,0.247124263731279,0.469198754964688,0.544999989138564,0.0450079084849987,-0.376588071895305,-0.0169015514767526,3.48731033198952,0.0029762
6.2,1.01153281767721,-0.0636996447830926,1.73999999972888,7.77770600666513,0.979573232535371,0.0106021012946575,0.199999990383178,0.9965420970232,-0.0830894028175335,1.73999999999994,7.77079632679485,0.247148675068567,0.469167970510384,0.545000005065199,0.0449956532932852,-0.275635673452082,-0.0257115349410668,3.3138996315418,0.0029926
6.25,1.01351284432159,-0.0147444836464005,1.749999999362,7.82771576676512,0.98032077100391,0.0106452442755878,0.199999994941857,0.999449418224484,-0.033179216547594,1.74999999999994,7.82079632679485,0.247166049752077,0.469142105835852,0.545000005309018,0.0449841077018263,-0.17436298556791,-0.0296348785922844,3.15115127102968,0.0029321
6.3,1.01304208646696,0.0342854575773431,1.75999999922855,7.87770976432796,0.981052914441159,0.0106635135422743,0.199999999719973,0.999858636383402,0.0168139004843125,1.75999999999994,7.87079632679485,0.247176679695608,0.469120971662024,0.545000002507285,0.0449732737237211,-0.0730148042837489,-0.0286579388677339,2.99852003096748,0.0029432
6.35,1.01012003077649,0.0832667702417548,1.76999999927096,7.9276887422103,0.981768182688879,0.0106579935572954,0.200000001976529,0.997768728667673,0.0667649915215183,1.76999999999994,7.92079632679485,0.247180859283075,0.469104389860688,0.54500000060366,0.0449631503907483,0.0281637149233682,-0.0227794082378184,2.85547862437802,0.0029248
6.4,1.00475232380527,0.132076204690114,1.77999999938337,7.97765345354889,0.98246521638414,0.010629786697504,0.200000002519823,0.993184918758184,0.116549204850456,1.77999999999994,7.97079632679485,0.247178881907356,0.469092198239819,0.544999999800077,0.0449537346082836,0.128927673309963,-0.0120103146434233,2.72151746483574,0.0031471
6.45,0.9969507556188,0.180590976493347,1.78999999950486,8.027604658977,0.983142774518148,0.0105800113180496,0.200000002339893,0.986118663792507,0.16604210586492,1.78999999999994,8.02079632679484,0.247171041723382,0.469084235337326,0.544999999564696,0.0449450213480918,0.229033044163875,0.00362600972246519,2.59614447318305,0.003248
6.5,0.98673322816986,0.228689071413974,1.79999999961206,8.07754312395911,0.98379973210246,0.0105097983056844,0.200000001948119,0.97658762572802,0.215119988087779,1.79999999999994,8.07079632679484,0.247157635012327,0.469080334970243,0.544999999547127,0.0449370037246254,0.328237285700492,0.0240939901994273,2.47888487599426,0.0037268
6.55,0.974123708580293,0.276249548360537,1.80999999969928,8.12746961625015,0.984435077853993,0.0104202871538677,0.200000001540533,0.964615627196218,0.263660182372742,1.80999999999994,8.12079632679483,0.247138959008168,0.469080327612026,0.544999999430861,0.0449296731054337,0.426299950040771,0.0493459018462665,2.3692810016205,0.0035018
6.6,0.959152167464104,0.323152839600245,1.8199999997635,8.17738490347485,0.985047911643379,0.0103126222862142,0.200000001028309,0.950232591958533,0.311541363513343,1.81999999999993,8.17079632679482,0.247115312026091,0.469084040325284,0.544999998996143,0.0449230192691119,0.522983286768368,0.0793219917921547,2.2668920748691,0.0036239
6.65,0.941854502448254,0.369281047501063,1.82999999979233,8.22728975083382,0.985637441850641,0.0101879494721337,0.200000000124837,0.933474470112519,0.358643853492766,1.82999999999993,8.22079632679481,0.247086992134023,0.469091299360078,0.544999998003922,0.0449170304350463,0.618052839577496,0.113950631441523,2.17129400688848,0.0035194
6.7,0.922272447079227,0.414518237080914,1.83999999975366,8.27718491893072,0.986202982498834,0.0100474126206818,0.199999998328367,0.914383148235331,0.404849920616566,1.83999999999993,8.2707963267948,0.247054299007529,0.46910192139188,0.544999996748543,0.0449116934440092,0.711278034540481,0.153148498149548,2.08207917407308,0.0033803
6.75,0.900453465356542,0.458750723664191,1.84999999959692,8.32707116172026,0.986743950475543,0.0098921497646508,0.199999995402056,0.893006344689093,0.450044073780587,1.84999999999993,8.32079632679479,0.247017529244033,0.46911572202739,0.54499999520702,0.0449069937909452,0.802432758544975,0.19682078591355,1.99885619776618,0.0031803
6.8,0.876450632154958,0.501867354945848,1.85999999925918,8.37694922457591,0.987259862199559,0.00972329005684525,0.199999991088374,0.869397490349846,0.49411335113858,1.85999999999993,8.37079632679478,0.246976980074428,0.4691325060483,0.544999994003178,0.044902915882161,0.891295926476938,0.244861444556459,1.92124969731022,0.0030611
6.85,0.85032249982949,0.543759786784037,1.86999999867867,8.42681984248735,0.987750330578668,0.00954194985334502,0.199999985691234,0.843615595058186,0.536947602447986,1.86999999999993,8.42079632679478,0.246933030615729,0.469151757053847,0.545000015973267,0.0448994444377799,0.977652035752102,0.297153446808397,1.84889983042139,0.0035316
6.9,0.822132951902099,0.584322752695285,1.87999999832263,8.47668373856877,0.988215069084697,0.00934919628185078,0.200000000067174,0.815725100125389,0.578439764388178,1.87999999999993,8.47079632679477,0.246885809709044,0.469173905524868,0.545000005229536,0.0448965586284533,1.06129170685003,0.353569082647759,1.7814627828371,0.0033861
6.95,0.791951042393329,0.623454324517844,1.88999999844365,8.52654162222441,0.988653864436852,0.00914614430705211,0.200000004773757,0.785795717263698,0.618486128163006,1.88999999999993,8.52079632679476,0.246835679830398,0.469198469500179,0.54500000095875,0.0448942423893611,1.14201220853443,0.413970280197564,1.71860954524569,0.0033652
7,0.759850822405709,0.661056164720922,1.89999999870391,8.57639418767619,0.989066597717319,0.0089338583347834,0.200000005636631,0.753902254343347,0.656986598718775,1.89999999999993,8.57079632679475,0.246782920632567,0.469225264060384,0.544999999420441,0.0448924756868192,1.2196179663083,0.478208952214699,1.66002618837068,0.003407
7.05,0.72591115548391,0.697033771058009,1.90999999897271,8.62624211287008,0.989453232017627,0.00871338095106589,0.200000005115028,0.720124428411842,0.693844944929755,1.90999999999993,8.62079632679474,0.246727806740302,0.469254106099061,0.54499999899808,0.0448912384693697,1.29392105300057,0.546127367471818,1.60541345021788,0.0034518
7.1,0.690215520518446,0.73129671116254,1.91999999920591,8.67608605815517,0.989813808742999,0.00848573101092375,0.2000000042133,0.68454666644286,0.728969040125873,1.91999999999993,8.67079632679473,0.246670607020371,0.469284814897127,0.544999999002277,0.0448905101026868,1.36474166025276,0.617558546096975,1.55448643359372,0.0036035
7.15,0.652851803231299,0.763758847087628,1.92999999939413,8.72592666517831,0.990148443854606,0.00825190179763044,0.20000000331535,0.647257894312784,0.762271092361414,1.92999999999993,8.72079632679473,0.246611584110458,0.469317212586282,0.544999999146029,0.0448902694433284,1.43190854972087,0.692326677874759,1.50697429241195,0.0040995
7.2,0.613912076750726,0.794338549234674,1.93999999954068,8.77576455588955,0.99045732408182,0.00801285934235455,0.200000002546776,0.60835131453232,0.793667863849163,1.93999999999992,8.77079632679472,0.246550993979914,0.46935112457406,0.544999999315232,0.0448904949213495,1.49525948287603,0.770247562475364,1.46261990728494,0.0039748
7.25,0.573492371809455,0.822958899141179,1.94999999965261,8.82560033165311,0.990740703115503,0.00776954090205537,0.200000001930485,0.567924173288766,0.823080879011522,1.94999999999992,8.82079632679471,0.246489085524724,0.469386379931884,0.544999999468798,0.0448911646211897,1.55464162833923,0.851129070523786,1.42117955103638,0.0040676
7.3,0.531692437126368,0.849547880624378,1.95999999973719,8.87543457246073,0.990998897793186,0.00752285359135608,0.200000001452403,0.526077517381181,0.850436620628589,1.95999999999992,8.8707963267947,0.246426100196452,0.469422811747607,0.544999999595427,0.0448922563595198,1.60991194574023,0.934771624369677,1.38242254488788,0.0039673
7.35,0.48861549055642,0.874038558804956,1.9699999998007,8.92526783624399,0.991232284286395,0.00727367316387161,0.200000001088287,0.482915941656019,0.875666713592916,1.96999999999992,8.92079632679469,0.246362271664838,0.469460257444067,0.544999999695223,0.0448937477599428,1.66093754514813,1.02096869736941,1.34613090616586,0.0037574
7.4,0.444367961616859,0.896369246564034,1.97999999984826,8.97510065828263,0.991441294299888,0.00702284293844294,0.200000000813987,0.438547327574477,0.898708095811669,1.97999999999992,8.97079632679469,0.246297825513766,0.469498559064978,0.544999999772005,0.0448956163245013,1.70759602118053,1.10950733044579,1.31209898845124,0.0036247
7.45,0.399059226019742,0.916483658016614,1.98999999988383,9.0249335507055,0.991626411292045,0.00677117286571233,0.200000000608791,0.393082573565032,0.919503175829023,1.98999999999992,9.02079632679468,0.246232978970257,0.469537563529494,0.544999999830284,0.0448978395020087,1.74977576096035,1.2001686646476,1.28013311515249,0.0034258
7.5,0.352801332861194,0.934331048615958,1.99999999991045,9.07476700208073,0.991788166725157,0.00651943873045931,0.200000000456047,0.346635317835121,0.937999976774802,1.99999999999992,9.07079632679467,0.246167940665961,0.469577122856996,0.544999999874148,0.0449003947532266,1.78737622515318,1.29272848839117,1.25005120752437,0.0034362
7.55,0.305708725136781,0.949866341535541,2.00999999993042,9.12460147709187,0.991927136353894,0.00626838148512883,0.200000000342781,0.299321654334806,0.954152266279588,2.00999999999992,9.12079632679466,0.246102910430764,0.469617094363248,0.544999999906971,0.0449032596128846,1.82030820138427,1.386957798029,1.22168240818139,0.0034043
7.6,0.257897954269751,0.963050240008524,2.01999999994547,9.1744374162965,0.992043936559749,0.00601870670995508,0.200000000259055,0.251259842582358,0.967919672031571,2.01999999999992,9.17079632679465,0.246038079117909,0.469657340829389,0.544999999931413,0.0449064117485846,1.84849402940184,1.48262337035707,1.19486670116723,0.0034333
7.65,0.20948738935456,0.97384932533874,2.02999999995688,9.22427523596397,0.992139220738828,0.00577108419509152,0.200000000197326,0.20257001207705,0.979267782686297,2.02999999999992,9.22079632679464,0.245973628460042,0.469697730644936,0.544999999949522,0.0449098290165867,1.87186779742312,1.57948834564182,1.16945452964217,0.0038936
7.7,0.160596921832174,0.982236140332191,2.03999999996561,9.27411532798872,0.992213675749895,0.00552614764014285,0.200000000151896,0.153373862037973,0.98816823387711,2.03999999999992,9.27079632679463,0.245909730955471,0.469738137926147,0.544999999962865,0.044913489514544,1.89037550917027,1.67731281972127,1.14530641223852,0.0038054
7.75,0.111347666325886,0.988189257933676,2.04999999997237,9.32395805987593,0.992268018429163,0.00528449446649379,0.200000000118474,0.103794357219363,0.994598779111299,2.04999999999992,9.32079632679462,0.245846549783984,0.469778442610797,0.544999999972608,0.0449173716311638,1.90397522117578,1.77585444371115,1.12229255911323,0.0041458
7.8,0.0618616583769142,0.991693334889517,2.05999999997767,9.37380377479589,0.992302992177887,0.00504668573781017,0.200000000093822,0.0539554205627609,0.998543345374742,2.05999999999991,9.37079632679461,0.245784238751324,0.469818530530773,0.544999999979646,0.0449214540928991,1.91263715001019,1.87486902982734,1.10029248869694,0.0040267
7.85,0.0122615498277418,0.992739150294191,2.0699999999819,9.42365279170379,0.99231936362842,0.00481324618410165,0.200000000075503,0.00398162345419126,0.99999207330607,2.06999999999991,9.42079632679461,0.24572287990896,0.469858543977756,0.544999980106606,0.0449257147185356,1.9163437491595,1.97411116181984,1.07919504745066,0.0036866
7.9,-0.0373296972273133,0.991323628265318,2.07999999953808,9.47350540535674,0.992317913886298,0.00458469067223157,0.199999982171449,-0.0460021256394249,0.998941341839938,2.07999999999991,9.4707963267946,0.245662759872488,0.469897739835309,0.545000002117442,0.0449301370449547,1.91508975536019,2.07333480847927,1.05889633457797,0.0035242
7.95,-0.0867891177115713,0.987449847020542,2.08999999869429,9.52336188695133,0.99229945561765,0.00436143059255494,0.199999984077147,-0.0958708933763868,0.995393777257801,2.08999999999991,9.52079632679459,0.245603906306226,0.469936454407033,0.545000008113427,0.0449346968004168,1.9088822042743,2.17229393868196,1.03930201451907,0.0033728
8,-0.135994050882016,0.981127032107878,2.0999999980807,9.57322248429452,0.99226480443289,0.00414388714992322,0.199999991379231,-0.145500033808504,0.989358246623579,2.09999999999991,9.57079632679458,0.245546437339716,0.469974591973993,0.545000007829371,0.04493937602122,1.89774041540858,2.27074313663616,1.02032505811132,0.0032735
8.05,-0.184822446513204,0.972370532692836,2.10999999782583,9.62308742182454,0.992214787147585,0.00393244588395815,0.199999998425665,-0.194765499931055,0.980849835620612,2.10999999999991,9.62079632679458,0.245490460868509,0.470012063245453,0.545000005357373,0.044944155742429,1.88169594636684,2.36843821553741,1.00188587821476,0.0030939
8.1,-0.233153169863882,0.961201783745384,2.11999999786765,9.67295690124138,0.992150238780188,0.00372745695052566,0.200000003247301,-0.24354415373569,0.969889810845314,2.11999999999992,9.67079632679458,0.245436077252662,0.470048779715591,0.545000002805115,0.0449490175718027,1.86079251653457,2.46513682816654,0.983911937333797,0.0029707
8.15,-0.280866304441412,0.947648253061999,2.12999999809313,9.72283110195319,0.992071999896713,0.00352923512522688,0.200000005771904,-0.291714073991329,0.956505566651752,2.12999999999992,9.72079632679458,0.245383376860871,0.470084660206451,0.54500000084505,0.0449539436289489,1.83508590037083,2.56059907294702,0.966337423801935,0.0029664
8.2,-0.32784345180923,0.931743373241803,2.13999999840074,9.77271018155686,0.991980913795828,0.00333806058401486,0.200000006532448,-0.339154860983744,0.940730556680031,2.13999999999992,9.77079632679458,0.245332440133105,0.470119632786852,0.544999999515395,0.0449589166479631,1.80464379056525,2.65458809395137,0.949102911348843,0.0031223
8.25,-0.373968027676014,0.913526458756973,2.14999999871646,9.82259427635098,0.991877823813092,0.00315417996770674,0.200000006096304,-0.385747937452137,0.922604210239613,2.14999999999992,9.82079632679458,0.245283340132939,0.470153628923265,0.544999998956003,0.0449639200160191,1.76954563139375,2.74687067335833,0.932154982887913,0.0029229
8.3,-0.419125553532057,0.893042608324292,2.15999999899778,9.87248350189122,0.991763570980403,0.00297780689624086,0.200000005156707,-0.431376844970543,0.90217183375658,2.15999999999992,9.87079632679458,0.245236139730823,0.470186591956224,0.544999998842551,0.0449689377620992,1.72988242268221,2.83721781488031,0.915445938667273,0.0035436
8.35,-0.463203943095935,0.870342592807399,2.16999999922958,9.92237795358178,0.991638991511511,0.00280912343546299,0.200000004115003,-0.47592753503324,0.879484497531165,2.16999999999992,9.92079632679458,0.245190893422338,0.470218471079144,0.544999998969884,0.0449739545985325,1.68575649485949,2.92540531670255,0.898933451627482,0.0036618
8.4,-0.506093782844861,0.845482728918162,2.17999999941215,9.97227770729884,0.9915049145848,0.00264828099144581,0.200000003187899,-0.519288654116624,0.854598908088594,2.17999999999992,9.97079632679458,0.245147647133518,0.470249222105162,0.544999999158162,0.0449789558966972,1.63728125565595,3.01121433249989,0.882580259511534,0.0037294
8.45,-0.547688605930169,0.818524739037981,2.1899999995526,10.0221828200409,0.991362160206512,0.00249540134596775,0.200000002430244,-0.56135182200502,0.82757726644231,2.18999999999993,10.0207963267946,0.24510643886225,0.470278806200567,0.544999999334455,0.0449839277268302,1.58458090907374,3.09443191912696,0.866353855985822,0.0035792
8.5,-0.587885158789319,0.789535597503655,2.19999999965914,10.0720933306019,0.991211537236687,0.00235057761699819,0.200000001831254,-0.602011902684781,0.798487112623829,2.19999999999993,10.0707963267946,0.245067298317906,0.470307191223146,0.544999999325347,0.044988856838455,1.52779014732516,3.17485156961067,0.850226196908982,0.0038667
8.55,-0.626583659782296,0.758587363735989,2.20999999973552,10.1220092602649,0.991053841477788,0.00221387541435373,0.200000001224066,-0.641167267129569,0.767401156867838,2.20999999999993,10.1207963267946,0.245030247473643,0.470334351660113,0.544999998939716,0.0449937307256064,1.46705381650292,3.25227373011017,0.834173410291434,0.0034521
8.6,-0.663688049197616,0.725757002620737,2.21999999977287,10.1719306135174,0.990889853920511,0.00208533403446365,0.20000000026981,-0.678720047319991,0.734397097874474,2.21999999999993,10.1707963267946,0.244995300429837,0.470360270251069,0.544999997864937,0.0449985375534047,1.4025265568131,3.32650629954875,0.818175520681293,0.0032657
8.65,-0.699106229993501,0.691126192584268,2.22999999973832,10.2218573787814,0.990720339081058,0.00196496786943221,0.199999998348254,-0.714576380862681,0.69955742860304,2.22999999999993,10.2207963267946,0.244962465123892,0.470384932767507,0.544999996063532,0.0450032661986111,1.33437241826533,3.39736511066473,0.802216169521127,0.0031248
8.7,-0.732750298673704,0.654781121845962,2.23999999956717,10.2717895291524,0.990546043602946,0.00185276731278011,0.199999994805433,-0.748646645597401,0.662969230082564,2.23999999999993,10.2707963267946,0.244931741612931,0.470408329822189,0.544999993355267,0.0450079061821664,1.26276445277752,3.46467439127453,0.786282376285061,0.0029675
8.75,-0.764536765719906,0.61681227336044,2.24999999915793,10.3217270231409,0.99036769477192,0.00174869990446457,0.199999988825174,-0.780845683605763,0.624723953754583,2.24999999999994,10.3207963267946,0.244903193456989,0.470430193982649,0.545000011872941,0.0450124492757663,1.18788428371021,3.52826720459119,0.770363965782943,0.0033344
8.8,-0.794386765668175,0.577314199263044,2.25999999886633,10.3716698056135,0.990186005488101,0.00165268383560102,0.19999999951082,-0.811093014061682,0.584917192892162,2.25999999999994,10.3707963267946,0.244876700639173,0.470450944505165,0.545000003968991,0.045016883627165,1.10992165388182,3.58798586750305,0.754454377006364,0.0033046
8.85,-0.822226254630444,0.536385284577367,2.26999999893118,10.421617808327,0.990001655864977,0.00156466094862115,0.200000003082912,-0.839313034391523,0.543648443666496,2.26999999999994,10.4207963267946,0.244852296864983,0.470470388276019,0.545000000808351,0.0450212031970409,1.02907395316106,3.64368234577287,0.738549073292213,0.0035278
8.9,-0.847986195620976,0.494127501268565,2.27999999910351,10.4715709506619,0.989815308815815,0.00148453308303025,0.200000003810428,-0.865435209241165,0.5010208564583,2.27999999999994,10.4707963267946,0.24482996063584,0.470488527272242,0.544999999654434,0.0450253998515955,0.945545726965895,3.69521862509509,0.722646122495533,0.0036019
8.95,-0.871602732423313,0.450646153745842,2.28999999928625,10.5215291406089,0.989627603572722,0.00141218317540943,0.200000003499419,-0.889394246777649,0.457140978035577,2.28999999999994,10.5207963267946,0.244809665313706,0.470505367125012,0.54499999932353,0.0450294667113004,0.859548166766116,3.74246705714148,0.706745805561792,0.0036882
9,-0.893017350046444,0.406049615754246,2.29999999944601,10.5714922754519,0.989439154860858,0.0013474765143458,0.200000002890596,-0.911130261884758,0.412118485242185,2.29999999999994,10.5707963267946,0.244791379426816,0.470520916979271,0.544999999310011,0.0450333975930508,0.771298583873994,3.7853106797173,0.690850414186629,0.0038444
9.05,-0.912177021832706,0.360449059538479,2.30999999957501,10.6214602425363,0.989250552181092,0.00129026191215616,0.200000002269606,-0.930588925844623,0.366065910862845,2.30999999999994,10.6207963267946,0.244775066977022,0.470535189309552,0.544999999402781,0.0450371869845001,0.681019867853498,3.82364351021472,0.674964057537953,0.0042562
9.1,-0.929034342843825,0.313958177956255,2.31999999967505,10.6714329200347,0.98906235919714,0.00124037287123297,0.200000001732109,-0.947721602131222,0.31909836234979,2.31999999999995,10.6707963267946,0.244760687746239,0.47054819973416,0.544999999517522,0.0450408300298553,0.588939930901843,3.8573708116243,0.659092477870226,0.0045805
9.15,-0.943547649186065,0.266692900236985,2.3299999997508,10.7214101777068,0.988875113224409,0.00119762874418384,0.200000001297879,-0.962485467976362,0.271333234114075,2.32999999999995,10.7207963267946,0.244748197601056,0.470559966831937,0.544999999623219,0.0450443225155424,0.495291139592805,3.88640933043426,0.643242874860027,0.0040879
9.2,-0.955681122970907,0.218771102098015,2.33999999980722,10.7713918776498,0.988689324817665,0.00116183588525881,0.200000000958776,-0.974843621404303,0.222889914100692,2.33999999999995,10.7707963267946,0.244737548796583,0.470570511954374,0.544999999711085,0.0450476608547875,0.40030973540335,3.91068750581743,0.627423738461467,0.0041824
9.25,-0.965404882643863,0.170312310945189,2.34999999984866,10.8213778750393,0.988505477454658,0.00113278878967767,0.200000000698753,-0.984765173467478,0.17388948538088,2.34999999999995,10.8207963267946,0.244728690276859,0.470579859042135,0.54499999978078,0.045050842070998,0.304235245473731,3.93014564957803,0.611644690101663,0.0036733
9.3,-0.972695058450975,0.12143740689727,2.35999999987866,10.8713680188575,0.988324027312505,0.00111027121849907,0.200000000501454,-0.992225325452773,0.124454423507511,2.35999999999995,10.8707963267946,0.244721567972076,0.470588034441934,0.544999999834787,0.0450538637801492,0.20730988507604,3.94473609640341,0.59591633200606,0.003477
9.35,-0.977533852850096,0.0722683203845667,2.36999999990002,10.9213621526083,0.988145403133597,0.00109405730633801,0.200000000352762,-0.997205430865396,0.0747082903899836,2.36999999999995,10.9207963267946,0.244716125091781,0.470595066724784,0.544999999876141,0.0450567241721319,0.109777953287429,3.95442332404063,0.580250104448915,0.0033882
9.4,-0.979909585712056,0.0229277270810364,2.37999999991487,10.9713601150168,0.987970006177659,0.0010839126494491,0.200000000241289,-0.999693042035406,0.0247754254538073,2.37999999999996,10.9707963267946,0.244712302413302,0.470600986506396,0.544999999907648,0.0450594219912887,0.0118852233815771,3.95918404309331,0.564658150719382,0.0033638
9.45,-0.979816724195312,-0.0264612590639127,2.38999999992486,11.0213617407131,0.987798210256483,0.00107959537187822,0.200000000158173,-0.999681941230399,-0.0252193651432109,2.38999999999996,11.0207963267946,0.244710038564838,0.470605826269685,0.544999999931618,0.0450619565160978,-0.0861216705344481,3.95900725621021,0.549153189592552,0.0036262
9.5,-0.977255897216431,-0.0757753939226817,2.39999999993123,11.0713668608981,0.987630361847735,0.00108085716748917,0.200000000096629,-0.997172156196608,-0.0751511204613623,2.39999999999996,11.0707963267946,0.244709270302561,0.470609620189899,0.544999999949867,0.0450643275381749,-0.183995849101062,3.95389428651404,0.533748395094183,0.003416
9.55,-0.972233894477712,-0.124891611641562,2.40999999993493,11.1213753039904,0.987466780284201,0.00108744431584454,0.20000000005151,-0.992169960089545,-0.124895037116307,2.40999999999996,11.1207963267946,0.244709932781187,0.470612403962764,0.544999999963797,0.0450665353406621,-0.281490803962104,3.94385877519646,0.518457283348962,0.0033595
9.6,-0.964763650052357,-0.173687332672346,2.41999999993669,11.1713868962535,0.987307758014693,0.00109909867007088,0.200000000018927,-0.984687855794386,-0.174326781222538,2.41999999999996,11.1707963267946,0.244711959817488,0.470614214635651,0.544999999974466,0.0450685806760544,-0.378361013151253,3.92892664828237,0.50329360630394,0.0033423
9.65,-0.954864210566661,-0.222040770609148,2.42999999993707,11.2214014624018,0.987153560932842,0.00111555861496387,0.199999999995946,-0.974744544675263,-0.223322799163345,2.42999999999997,11.2207963267946,0.244715284146241,0.470615090442407,0.544999999982665,0.0450704647436086,-0.474362554066318,3.90913605264432,0.488271252120957,0.0039869
9.7,-0.94256068805766,-0.269831237059029,2.43999999993647,11.2714188261857,0.987004428769924,0.00113655999377428,0.199999999980345,-0.962364879831597,-0.271760626410509,2.43999999999997,11.2707963267946,0.24471983766818,0.470615070641834,0.544999999988997,0.0450721891663625,-0.569253712494702,3.88453726142517,0.473404152035526,0.0039755
9.75,-0.927884197623473,-0.316939443779956,2.44999999993524,11.3214388109529,0.98686057554783,0.00116183700223894,0.199999999970443,-0.947579803978294,-0.319519193621845,2.44999999999997,11.3207963267946,0.24472555168954,0.47061419536024,0.544999999993906,0.0450737559678823,-0.662795586163133,3.85519254910393,0.458706193482237,0.0042113
9.8,-0.910871780022014,-0.3632478013265,2.45999999993363,11.3714612401875,0.986722190088274,0.00119112304858798,0.199999999964958,-0.930426272105068,-0.366479129251504,2.45999999999997,11.3707963267946,0.244732357152854,0.470612505438209,0.544999999997728,0.0450751675487942,-0.754752681298385,3.82117603651617,0.444191139291614,0.0041083
9.85,-0.891566309411831,-0.408640713452475,2.46999999993183,11.4214859380249,0.986589436574342,0.00122415157840273,0.199999999962913,-0.910947159108215,-0.412523057916676,2.46999999999997,11.4207963267946,0.244740184858605,0.470610042281906,0.545000000000714,0.0450764266632057,-0.844893500703213,3.78257350621576,0.429872552766506,0.0040137
9.9,-0.870016386466376,-0.453004866530486,2.47999999992999,11.4715127297423,0.986462455160445,0.00126065686335455,0.199999999963555,-0.889191152625701,-0.457535893774911,2.47999999999997,11.4707963267946,0.244748965677535,0.47060684771906,0.545000000003058,0.045077536395061,-0.932991121872951,3.73948218863937,0.415763728450611,0.0038869
9.95,-0.846276217129973,-0.496229513260948,2.48999999992823,11.5215414422245,0.986341362626796,0.00130037475299571,0.199999999966307,-0.865212631343424,-0.501405128178796,2.48999999999998,11.5207963267946,0.244758630753351,0.470602963859796,0.545000000004895,0.0450785001345207,-1.01882376370324,3.69201051960857,0.401877628405492,0.003562
10,-0.820405477319993,-0.538206749957652,2.49999999992666,11.5715719044046,0.986226253074529,0.00134304338891739,0.199999999970712,-0.839071529076817,-0.544021110888976,2.49999999999998,11.5707963267946,0.244769111695546,0.470598432962688,0.545000000006342,0.0450793215544552,-1.10217534036798,3.64027786977632,0.388226823816875,0.0034543
10.05,-0.792469163915248,-0.578831786713193,2.50999999992534,11.6216039476798,0.986117198657627,0.00138840388074879,0.19999999997642,-0.810833184967523,-0.58527732414265,2.50999999999998,11.6207963267946,0.244780340762336,0.47059329730583,0.54500000000748,0.0450800045870525,-1.18283600097882,3.58441424669515,0.374823441754123,0.0034368
10.1,-0.762537432405156,-0.618003209765686,2.51999999992433,11.6716374063008,0.98601425034787,0.0014362009435764,0.199999999983152,-0.780568180169571,-0.625070648892506,2.51999999999998,11.6707963267946,0.244792251033441,0.470587599063456,0.545000000008368,0.0450805534006996,-1.26060265367328,3.52455997025322,0.361679116911055,0.0034374
10.15,-0.730685421607882,-0.655623235407949,2.52999999992367,11.7216721177368,0.985917438729078,0.0014861834965357,0.199999999990683,-0.748352161433244,-0.663301622550631,2.52999999999998,11.7207963267946,0.244804776572684,0.47058138018807,0.545000000009045,0.045080972377134,-1.33527947281767,3.46086532229109,0.348804948159337,0.0032972
10.2,-0.696993065898197,-0.691597954801765,2.53999999992341,11.7717079230138,0.985826774816972,0.00153810522243814,0.199999999998824,-0.714265652027607,-0.699874687593187,2.53999999999998,11.7707963267946,0.244817852580398,0.470574682298007,0.545000000009549,0.04508126608891,-1.40667838805354,3.39349017127717,0.33621145974852,0.0037851
10.25,-0.661544895417234,-0.725837569082927,2.54999999992357,11.8217446670286,0.98574225090108,0.00159172508841,0.200000000007418,-0.678393850474262,-0.73469843040445,2.54999999999998,11.8207963267946,0.244831415535564,0.470567546570977,0.54500000000989,0.0450814392773224,-1.47461955396194,3.32260357298216,0.323908566990051,0.0037172
10.3,-0.624429824766518,-0.758256614167329,2.55999999992416,11.8717821988365,0.985663841405173,0.00164680782768297,0.200000000016319,-0.64082641759542,-0.767685809763248,2.55999999999999,11.8707963267946,0.244845403327759,0.470560013643083,0.545000000010089,0.0450814968307158,-1.53893179916851,3.24838334815316,0.311905546264513,0.00396
10.35,-0.585740930717553,-0.788774174694484,2.5699999999252,11.9218203719146,0.985591503762833,0.00170312438273658,0.200000000025399,-0.601657252408536,-0.798754374400678,2.56999999999999,11.9207963267946,0.2448597553789,0.470552123513973,0.545000000010136,0.0450814437633629,-1.5994530537643,3.17101563824565,0.300211009193918,0.0041054
10.4,-0.545575219495809,-0.817314086572329,2.5799999999267,11.9718590443998,0.985525179304833,0.00176045231016281,0.200000000034522,-0.560984257427671,-0.827826469085343,2.57999999999999,11.9707963267946,0.244874412754955,0.470543915457614,0.545000000010028,0.0450812851948157,-1.65603075397142,3.09069444032674,0.288832880822397,0.003903
10.45,-0.504033384224058,-0.843805127616008,2.58999999992866,12.021898079303,0.985464794155125,0.00181857614767438,0.200000000043547,-0.518909093958191,-0.854829428720985,2.58999999999999,12.0207963267946,0.244889318267647,0.470535427939093,0.545000000009759,0.0450810263298963,-1.70852222304009,3.00762112231516,0.277778381650186,0.0038806
10.5,-0.461219553134614,-0.868181195803447,2.59999999993105,12.0719373446987,0.985410260132349,0.00187728774381793,0.20000000005233,-0.475536927996448,-0.879695759971385,2.59999999999999,12.0707963267946,0.244904416566365,0.470526698537272,0.545000000009318,0.0450806724392809,-1.75679502742336,2.92200391977265,0.267054013367374,0.0035085
10.55,-0.417241029183118,-0.890381474701794,2.60999999993388,12.1219767138912,0.985361475653891,0.00193638655102673,0.200000000060716,-0.430976167369559,-0.902363309958551,2.60999999999999,12.1207963267946,0.244919654220362,0.470517763873377,0.545000000008691,0.045080228840756,-1.80072730733763,2.83405741550768,0.256665548134477,0.0034384
10.6,-0.372208021717915,-0.910350585651217,2.61999999993711,12.1720160655582,0.985318326639626,0.0019956798827452,0.200000000068538,-0.385338190772296,-0.922775421612547,2.62,12.1707963267946,0.244934979791518,0.470508659545346,0.545000000007873,0.0450797008811384,-1.84020808088196,2.74400200329534,0.24661802125786,0.0034013
10.65,-0.326233370878879,-0.928038726325925,2.62999999994071,12.2220552838713,0.985280687412633,0.00205498313542548,0.200000000075623,-0.338737069378353,-0.940881075284662,2.63,12.2207963267946,0.244950343897792,0.470499420068057,0.545000000006855,0.0450790939189297,-1.87513752095497,2.65206333705696,0.236915727108774,0.0033828
10.7,-0.279432265417594,-0.94340179532668,2.63999999994465,12.2720942585953,0.985248421594279,0.0021141199762899,0.200000000081792,-0.291289281721819,-0.956635016269956,2.64,12.2707963267946,0.244965699267637,0.470490078819349,0.545000000005643,0.0450784133077036,-1.9054272042769,2.55847176687936,0.227562218135086,0.0034325
10.75,-0.231921954647103,-0.956401502494191,2.64999999994887,12.3221328851659,0.985221382991209,0.00217292249781346,0.200000000086871,-0.243113422561508,-0.96999786792046,2.65,12.3207963267946,0.244981000785617,0.470480667991643,0.545000000004247,0.0450776643802302,-1.9310003318942,2.46346176328631,0.218560306815034,0.0033726
10.8,-0.18382145524397,-0.96700546466879,2.6599999999533,12.3721710647472,0.985199416471915,0.00223123133993911,0.200000000090693,-0.194329906455815,-0.980936230066287,2.66,12.3707963267946,0.244996205529433,0.470471218549278,0.545000000002697,0.0450768524334031,-1.95179192061562,2.36727133120423,0.209912070402943,0.0032921
10.85,-0.135251253638062,-0.975187286658355,2.6699999999579,12.4222087042691,0.985182358830688,0.00228889578110955,0.20000000009312,-0.145060666789043,-0.98942276249866,2.67,12.4207963267946,0.245011272798883,0.470461760190513,0.545000000001112,0.0450759827139304,-1.96774896490177,2.27014141508966,0.201618858316228,0.003298
10.9,-0.0863330047363206,-0.980926627213656,2.67999999996258,12.4722457164465,0.985170039636915,0.0023457737991542,0.20000000009412,-0.0954288510014335,-0.9954362533062,2.68000000000001,12.4707963267946,0.245026164136069,0.470452321317968,0.544999999999329,0.0450750604047983,-1.97883056880399,2.17231529670807,0.193681302016484,0.0033608
10.95,-0.0371892277357026,-0.984209249847951,2.68999999996727,12.5222820197793,0.985162282067724,0.00240173210352484,0.200000000093516,-0.0455585127847058,-0.998961671893654,2.69000000000001,12.5207963267946,0.245040843338899,0.470442929010091,0.544999999997343,0.0450740906126093,-1.98500804762383,2.07403798707175,0.186099327230923,0.003696
11,0.0120570002124295,-0.985027058375682,2.69999999997189,12.572317538536,0.985158903722318,0.00245664613964027,0.200000000091124,0.00442569798756842,-0.999990206550554,2.70000000000001,12.5707963267946,0.24505527646684,0.470433608999213,0.544999999995187,0.045073078355668,-1.98626499904,1.97555561405878,0.178872168368136,0.004084
11.05,0.0612823517191027,-0.983378117083481,2.70999999997634,12.6223522027196,0.985159717416283,0.00251040006673419,0.200000000086793,0.0543988468197321,-0.99851928647591,2.71000000000001,12.6207963267946,0.245069357319261,0.470424638036312,0.544999979414964,0.0450720272305024,-1.98259734352623,1.87711480724613,0.171998450736152,0.0035826
11.1,0.11036355725308,-0.979266654842305,2.71999999951751,12.6723859478504,0.985164525253116,0.00256291328548994,0.199999981560261,0.104236026865218,-0.994552588203867,2.72000000000001,12.6707963267946,0.245083256387721,0.470415330245808,0.545000007449589,0.0450709463864177,-1.97401333396824,1.77896208151757,0.165475922732409,0.003855
11.15,0.15917771369437,-0.97270305562578,2.72999999876314,12.7224187153377,0.985173145449254,0.00261403914369233,0.199999988264891,0.153812671128613,-0.988100026414289,2.73000000000001,12.7207963267946,0.245096795322869,0.47040627113011,0.54500001052218,0.0450698355571314,-1.96053353446032,1.68134322099169,0.159301948113797,0.0037232
11.2,0.207602591761266,-0.963703832768718,2.73999999841314,12.7724504522202,0.985185377535964,0.00266369876916114,0.199999997734853,0.203004863818277,-0.979177729151222,2.74000000000001,12.7707963267946,0.24510995704765,0.470397445015538,0.545000006261606,0.0450687012960022,-1.94219076826337,1.58450266461599,0.153473178399997,0.0035134
11.25,0.25551694106283,-0.95229158621968,2.74999999844076,12.8224811107275,0.985201020542798,0.00271181811468365,0.200000003370299,0.251689650071284,-0.967807997511179,2.75000000000002,12.8207963267946,0.24512272769416,0.470388831158338,0.545000002045903,0.0450675481173015,-1.91903003515895,1.488682895267,0.147985671142543,0.0031376
11.3,0.302800793192591,-0.938494946135503,2.75999999865531,12.8725106484798,0.98521987354517,0.0027583271521242,0.200000005211611,0.299745343276549,-0.95401924990202,2.76000000000002,12.8707963267946,0.245135093993207,0.470380420508642,0.544999999879557,0.0450663802045344,-1.89110839838217,1.39412383378283,0.142834915582492,0.0030412
11.35,0.349335761627284,-0.922348501356755,2.76999999891318,12.9225390283617,0.985241735953235,0.00280316112225283,0.200000005103212,0.347051829227978,-0.937845951011726,2.77000000000002,12.9207963267946,0.24514703990702,0.470372222555252,0.544999999154195,0.0450652016830718,-1.85849484139842,1.30106223939299,0.138015862759422,0.0030327
11.4,0.395005337638455,-0.903892712891845,2.77999999914931,12.9725662183778,0.985266407540285,0.00284626248130895,0.200000004341988,0.393490866347436,-0.919328525664632,2.78000000000002,12.9707963267946,0.24515854885451,0.470364252069048,0.544999999001959,0.0450640164984996,-1.82127009488291,1.20973111805162,0.13352295030402,0.0030358
11.45,0.439695181462577,-0.88317381265412,2.78999999934396,13.0225921915098,0.98529368875064,0.00288758141994631,0.200000003443751,0.438946381227106,-0.898513257780416,2.79000000000002,13.0207963267946,0.245169603635936,0.470356529080512,0.544999998467954,0.0450628284242001,-1.77952643434023,1.12035914016226,0.129350130265668,0.0029437
11.5,0.483293408007613,-0.860243687746842,2.79999999948167,13.0726169255621,0.985323381017559,0.00292707636523099,0.200000002064909,0.483304758752564,-0.875452174688408,2.80000000000002,13.0707963267946,0.24518018501535,0.47034909019209,0.544999995886904,0.0450616410895151,-1.73336744887397,1.03317006915386,0.125490898264383,0.0029445
11.55,0.525690866358947,-0.835159750570568,2.80999999949237,13.1226404030037,0.985355286986755,0.00296471563984267,0.199999998363123,0.526455126081393,-0.850202917086357,2.81000000000003,13.1207963267946,0.245190273565438,0.470341980497107,0.544999989575914,0.0450604577003784,-1.68290778168946,0.948382202339436,0.121938322293593,0.0030632
11.6,0.566781412374009,-0.80798479508402,2.81999999917599,13.1726626107726,0.985389210976778,0.00300047826626254,0.199999988981446,0.568289629767547,-0.82282859496871,2.82000000000003,13.1707963267946,0.245199968112532,0.470334832501559,0.54500001168244,0.045059283547634,-1.62827284298597,0.866207825459554,0.118685014290476,0.0035681
11.65,0.606462174569488,-0.778786840329426,2.82999999888792,13.2226835403419,0.985424970067311,0.00303431042928735,0.199999999495642,0.6087037053388,-0.793397629884489,2.83000000000003,13.2207963267946,0.245209110742944,0.470328183304364,0.545000003901679,0.0450581184383617,-1.56959849593376,0.786852682251588,0.115723324445754,0.0038108
11.7,0.64463381080779,-0.747638959986187,2.83999999895049,13.2727031873135,0.985462369161421,0.00306622057096276,0.200000003007153,0.647596338653467,-0.761983583919054,2.84000000000003,13.2707963267946,0.245217759194856,0.470321821975477,0.5450000007881,0.045056967589453,-1.50703071647172,0.710515460330017,0.113045182896285,0.0040248
11.75,0.68120075580847,-0.714619099075406,2.84999999911858,13.3227215511501,0.985501223711585,0.00309620067323588,0.200000003716443,0.684870318383154,-0.728664975827201,2.85000000000003,13.3207963267946,0.245225909989071,0.470315754492145,0.544999999649613,0.0450558333069138,-1.44072522794665,0.637387294806417,0.110642230966594,0.0039896
11.8,0.716071460304616,-0.679809879416577,2.85999999929651,13.3727386352293,0.98554135315533,0.00312424872525064,0.200000003401095,0.720432478990448,-0.693525084777163,2.86000000000003,13.3707963267946,0.245233561274058,0.470309985749102,0.544999999321783,0.045054718170892,-1.37084711138095,0.567651290776452,0.108505830286586,0.0042637
11.85,0.749158619697961,-0.643298393014752,2.86999999945131,13.4227544465791,0.985582581270095,0.00315036854220962,0.2000000027907,0.754193933594249,-0.656651742196063,2.87000000000004,13.4207963267946,0.245240712776539,0.470304519540741,0.544999999306651,0.0450536246217793,-1.29757039235235,0.501482065875471,0.106627093022212,0.0036255
11.9,0.78037939209507,-0.605175984286291,2.87999999957524,13.4727689956862,0.9856247365029,0.00317456949807881,0.200000002166686,0.78607029614067,-0.61813711223709,2.88000000000004,13.4707963267946,0.245247365733684,0.47029935859113,0.544999999396609,0.0450525549286622,-1.22107760553441,0.43904531405788,0.104996911905446,0.003482
11.95,0.809655605181289,-0.565538021668328,2.88999999967,13.5227822963078,0.985667652271535,0.00319686624716594,0.200000001623635,0.815981892324236,-0.578077461417108,2.89000000000004,13.5207963267946,0.245253522820409,0.470294504592319,0.544999999508757,0.0450515111874388,-1.14155933798719,0.380497391689409,0.103605989982202,0.0034807
12,0.836913951416941,-0.524483659183422,2.89999999974013,13.5727943652837,0.985711167237155,0.00321727844180758,0.200000001181516,0.843853958732145,-0.536572918000505,2.90000000000004,13.5707963267946,0.245259188075412,0.470289958242987,0.544999999612922,0.0450504953221763,-1.05921375234009,0.32598492698555,0.102444869982814,0.0034858
12.05,0.862086171069413,-0.482115588555762,2.9099999997905,13.6228052223465,0.985755125548732,0.00323583044757503,0.200000000833146,0.86961682971387,-0.493727221730675,2.91000000000004,13.6207963267946,0.245264366826177,0.470285719289058,0.544999999700491,0.0450495090871379,-0.974246091059534,0.275644453771005,0.101503963226611,0.0035633
12.1,0.885109222625207,-0.438539782498751,2.91999999982542,13.672814889933,0.985799377059844,0.00325255105709732,0.200000000563587,0.893206111508999,-0.449647464534683,2.92000000000004,13.6707963267946,0.245269065613088,0.470281786566916,0.54499999977094,0.0450485540692482,-0.886868163040582,0.229602070474225,0.10077357797717,0.0036187
12.15,0.905925440157512,-0.393865229815712,2.92999999984844,13.7228233929948,0.985843777518402,0.00326747320360415,0.200000000357433,0.914562843198106,-0.404443822849227,2.93000000000005,13.7207963267946,0.24527329211359,0.470278158045902,0.54499999982668,0.0450476316910045,-0.797297813806319,0.187973125207946,0.100243947170294,0.0034772
12.2,0.924482677257463,-0.348203662975742,2.93999999986241,13.7728307588112,0.985888188729972,0.00328063367491063,0.200000000201446,0.933633644074339,-0.358229282236919,2.94000000000005,13.7707963267946,0.245277055030142,0.470274831007428,0.54499999985861,0.0450467432126043,-0.705758380639078,0.150861927721516,0.0999052554396151,0.0034754
12.25,0.940734437170388,-0.301669278845401,2.9499999998693,13.8228370168022,0.985932478692207,0.00329207284303992,0.200000000074195,0.950370847067387,-0.311119354981222,2.95000000000005,13.8207963267946,0.24528036410388,0.47027180174966,0.544999999882197,0.045045889738771,-0.612478134005477,0.118361488943575,0.0997476653897903,0.0035821
12.3,0.954639988813709,-0.254378453273993,2.95999999987036,13.8728421983452,0.985976521713053,0.00330183436017355,0.199999999968172,0.964732617886335,-0.263231791365899,2.96000000000005,13.8707963267946,0.245283229997033,0.470269065810395,0.544999999907801,0.0450450722198475,-0.517689706671203,0.0905532887647764,0.0997613430230838,0.0037025
12.35,0.966164468388235,-0.206449450245339,2.9699999998667,13.9228463365929,0.986020198499904,0.00330996487616696,0.199999999885193,0.976683059583603,-0.214686285360629,2.97000000000005,13.9207963267946,0.245285664182215,0.470266618150188,0.544999999931245,0.0450442914555393,-0.421629511932066,0.0675070726396484,0.099936482284301,0.0041605
12.4,0.975278966329245,-0.158002126322258,2.97999999985941,13.9728494662951,0.986063396222095,0.00331651377443472,0.199999999823314,0.986192302278615,-0.165604175448412,2.98000000000005,13.9707963267946,0.245287678896751,0.470264453093366,0.544999999951276,0.0450435481008413,-0.324537152414984,0.0492806775147518,0.100263328682823,0.0042674
12.45,0.981960599381044,-0.109157631121843,2.98999999984948,14.0228516236231,0.986106008554104,0.00332153290121588,0.199999999779462,0.993236577816953,-0.116108141342561,2.99000000000005,14.0207963267946,0.245289287070964,0.470262564373956,0.544999999967797,0.0450428426702371,-0.226654820926032,0.0359198875170414,0.100732201932903,0.0040149
12.5,0.986192567616151,-0.060038104569431,2.99999999983773,14.0728528459982,0.986147935697353,0.00332507629977237,0.19999999975048,0.997798279178358,-0.0663218973513041,3.00000000000006,14.0707963267946,0.245290502257783,0.470260945181405,0.544999999981122,0.0450421755425212,-0.128226694842469,0.0274583197620342,0.101333517577447,0.003966
12.55,0.987964196257497,-0.0107663716870986,3.00999999982483,14.122853171924,0.986189084381517,0.00332719995017258,0.199999999733489,0.999866004485115,-0.0163698831564453,3.01000000000006,14.1207963267946,0.245291338563794,0.470259588206023,0.544999999991665,0.0450415469658436,-0.0294983255616807,0.0239173405661816,0.1020578075618,0.0035996
12.6,0.987270962199905,0.0385343643213837,3.01999999981132,14.1728526408235,0.986229367846305,0.00332796151520295,0.199999999725988,0.999434585500807,0.0336230472210346,3.02000000000006,14.1707963267946,0.245291810581958,0.470258485683711,0.544999999999862,0.0450409570628776,0.0692839754677795,0.0253060122719385,0.102895739729316,0.0034441
12.65,0.98411450516523,0.0877408299230113,3.02999999979761,14.2228512928806,0.986268705804672,0.00332742009287175,0.199999999725863,0.996505100548217,0.0835319374910068,3.03000000000006,14.2207963267946,0.245291933326056,0.470257629440018,0.545000000006125,0.045040405836179,0.167873752599358,0.0316210708176048,0.103838136215688,0.0034307
12.7,0.978502623463851,0.136729989276984,3.03999999978404,14.2728491688863,0.98630702438844,0.0033256359759404,0.199999999731376,0.99108487181408,0.133232041419844,3.04000000000006,14.2707963267946,0.245291722155328,0.470257010919421,0.545000000006547,0.0450398931731248,0.266025022187573,0.0428469341072702,0.104875990721824,0.0033978
12.75,0.970449254373578,0.185379351656273,3.04999999977076,14.3228463100907,0.986344256076115,0.00332267041750818,0.199999999737268,0.983187447047431,0.182599134631038,3.05000000000007,14.3207963267946,0.245291192691518,0.470256621205944,0.544999999988006,0.0450394188508375,0.363492887593854,0.0589557411593124,0.10600048465051,0.0034476
12.8,0.95997443918547,0.233567277501957,3.05999999975735,14.3728427580593,0.986380339602896,0.0033185854024251,0.199999999726473,0.972832565697287,0.231509825101445,3.06000000000007,14.3707963267946,0.245290360903883,0.470256451242298,0.544999999985687,0.0450389825483727,0.460034151463043,0.0799074219350748,0.107203002128848,0.0034197
12.85,0.947104273003679,0.281173282346668,3.06999999974335,14.4228385545362,0.986415219870708,0.00331344344451723,0.199999999713592,0.960046109574305,0.279841861577086,3.07000000000007,14.4207963267946,0.24528924287106,0.470256491635239,0.544999999989271,0.0450385838415163,0.555407923741301,0.105649797672775,0.108475143848554,0.0033896
12.9,0.931870839425034,0.32807833784847,3.07999999972879,14.4728337413127,0.986448847826538,0.00330730736746349,0.199999999703936,0.944860038159736,0.327474439137608,3.08000000000007,14.4707963267946,0.245287854793115,0.470256732788255,0.544999999994498,0.0450382222152645,0.64937622391677,0.136118711475579,0.109808739783158,0.0039769
12.95,0.914312130262058,0.374165169183609,3.08999999971387,14.5228283601007,0.986481180334675,0.00330024010484048,0.199999999698984,0.927312308723362,0.374288501145678,3.09000000000007,14.5207963267946,0.245286212938202,0.470257164939841,0.544999999999705,0.0450378970682332,0.741704575978853,0.171238188827234,0.111195860760595,0.0038994
13,0.89447195050966,0.419318548055984,3.09999999969881,14.5728224524131,0.986512180037228,0.00329230450874488,0.199999999698719,0.907446781450094,0.420167036826567,3.10000000000007,14.5707963267946,0.245284333591449,0.470257778200584,0.545000000004328,0.045037607718266,0.832162594610154,0.210920627633948,0.112628828904383,0.0044345
13.05,0.872399808792847,0.463425580591953,3.10999999968384,14.6228160594498,0.986541815203854,0.00328356316737634,0.199999999702614,0.885313109812348,0.464995373734153,3.11000000000008,14.6207963267947,0.245282233006152,0.470258562588821,0.545000000008238,0.0450373534080946,0.920524561147011,0.255067017317538,0.114100226955511,0.0042207
13.1,0.84815079356895,0.506375989401842,3.11999999966916,14.6728092219897,0.986570059571657,0.00327407823171281,0.199999999710028,0.860966616462225,0.508661464372313,3.12000000000008,14.6707963267947,0.245279927357249,0.47025950806496,0.545000000011477,0.0450371333109929,1.00656998787009,0.303567186412318,0.115602906490606,0.0039545
13.15,0.821785435393405,0.548062389104045,3.12999999965492,14.7228019802891,0.986596892176163,0.00326391125137698,0.199999999720358,0.834468154953692,0.551056166255312,3.13000000000008,14.7207963267947,0.245277432697185,0.47026060456423,0.54500000001413,0.0450369465363425,1.09008416921568,0.356300078047068,0.117129995055229,0.0037795
13.2,0.793369555592896,0.588380554623876,3.13999999964125,14.7727943739861,0.986622297174282,0.00325312301974098,0.199999999733075,0.805883957640389,0.592073514707177,3.14000000000008,14.7707963267947,0.245274764914077,0.470261842028112,0.545000000016295,0.0450367921351831,1.17085871853087,0.413134052623819,0.118674902234074,0.0034818
13.25,0.762974101723538,0.627229681597326,3.14999999962828,14.8227864420112,0.986646263660156,0.00324177342831313,0.199999999747741,0.775285470129236,0.6316109877182,3.15000000000008,14.8207963267947,0.245271939692291,0.470263210434121,0.545000000018046,0.0450366691056394,1.24869208903211,0.47392721693726,0.120231324682697,0.0035441
13.3,0.730674970224784,0.664512638229555,3.15999999961607,14.8727782225042,0.986668785474748,0.00322992133039228,0.199999999763982,0.742749172703626,0.669569762196572,3.16000000000008,14.8707963267947,0.245268972475359,0.470264699824183,0.54500000001947,0.0450365763982838,1.32339007766569,0.538527778912601,0.121793250147836,0.0035035
13.35,0.696552816711678,0.700136207979221,3.16999999960471,14.9227697527369,0.986689861010022,0.00321762441397497,0.199999999781505,0.708356389162549,0.705854960974644,3.17000000000008,14.9207963267947,0.245265878431316,0.470266300331365,0.545000000020611,0.045036512921372,1.39476631061181,0.606774427075714,0.123354960505809,0.0034484
13.4,0.66069285437892,0.734011322462582,3.17999999959425,14.9727610690418,0.986709493008532,0.00320493908385314,0.199999999800055,0.672193083553441,0.740375889952437,3.18000000000009,14.9707963267947,0.245262672420338,0.470268002205148,0.545000000021517,0.0450364775459929,1.46264270921938,0.678496733807653,0.124911033850462,0.0033703
13.45,0.623184641019911,0.766053283995718,3.18999999958473,15.0227522067478,0.986727688359227,0.00319192035283541,0.19999999981942,0.634349645306839,0.773046264785659,3.19000000000009,15.0207963267947,0.245259368964775,0.470269795835159,0.545000000022229,0.0450364691110746,1.52684993520756,0.753515581376233,0.126456345663976,0.00367
13.5,0.584121855192358,0.796181977218985,3.1999999995762,15.0727432001198,0.986744457890234,0.00317862174199076,0.199999999839426,0.594920663309879,0.803784426551629,3.20000000000009,15.0707963267947,0.245255982221527,0.470271671773321,0.545000000022768,0.0450364864282587,1.58722781402217,0.831643609680459,0.127986069105611,0.003726
13.55,0.543602062089145,0.824322069275066,3.20999999956869,15.1227340823066,0.986759816159364,0.00316509518979367,0.199999999859917,0.554004689483335,0.832513545854058,3.21000000000009,15.1207963267947,0.245252525956675,0.470273620754566,0.545000000023161,0.0450365282866511,1.64362573528897,0.912685684589373,0.129495674454709,0.004411
13.6,0.50172646969889,0.850403198040468,3.2199999995622,15.1727248852924,0.986773781243073,0.00315139097003747,0.199999999880762,0.511703992453147,0.859161814856525,3.22000000000009,15.1707963267947,0.24524901352247,0.47027563371594,0.545000000023429,0.0450365934573935,1.6959030293637,0.996439385705422,0.130980927745585,0.0045294
13.65,0.458599675864878,0.874360147940143,3.22999999955677,15.2227156398549,0.986786374524549,0.00313755761835004,0.199999999901849,0.468124301932114,0.883662626764675,3.23000000000009,15.2207963267947,0.245245457836488,0.470277701814348,0.545000000023583,0.0450366806981212,1.74392931903776,1.08269551233392,0.132437888632961,0.0044179
13.7,0.414329406873831,0.896133012905823,3.23999999955239,15.272706375529,0.9867976204816,0.00312364186714888,0.199999999923074,0.423374544450673,0.905954742308513,3.2400000000001,15.2707963267947,0.245241871363076,0.470279816442691,0.545000000023632,0.0450367887572151,1.78758484552112,1.17123860639471,0.133862907527291,0.0039877
13.75,0.369026248227135,0.915667346070756,3.24999999954908,15.3226971205753,0.986807546474969,0.00310968858883088,0.199999999944342,0.377566571097306,0.925982442808689,3.2500000000001,15.3207963267947,0.245238266096898,0.470281969244669,0.54500000002359,0.0450369163779254,1.82676076788751,1.26184749096969,0.135252622040112,0.0039043
13.8,0.322803368266744,0.932914295826574,3.25999999954683,15.372687901954,0.986816182537685,0.0030957407470028,0.199999999965573,0.330814877949064,0.943695669444178,3.2600000000001,15.3707963267947,0.245234653548631,0.470284152128135,0.545000000023455,0.0450370623023061,1.8613594352339,1.35429582314094,0.13660395277984,0.0036699
13.85,0.275776235345828,0.94783072790209,3.26999999954563,15.4226787453038,0.986823561166007,0.00308183935552892,0.199999999986683,0.283236319891006,0.95905014837326,3.2700000000001,15.4207963267947,0.245231044732731,0.470286357277022,0.545000000023242,0.0450372252749719,1.891294630874,1.44835265973834,0.137914098538789,0.0036222
13.9,0.228062329250424,0.960379333158651,3.27999999954549,15.4726696749259,0.986829717112527,0.00306802344516054,0.200000000007601,0.234949818539845,0.972007501395072,3.2800000000001,15.4707963267947,0.24522745015719,0.470288577161958,0.545000000022954,0.0450374040466912,1.91649178795535,1.5437830345832,0.139180530912367,0.0035707
13.95,0.179780847592767,0.970528720832337,3.28999999954639,15.5226607137719,0.986834687181917,0.00305433003750962,0.200000000028259,0.186076065001833,0.982535341875118,3.2900000000001,15.5207963267947,0.24522387981526,0.470290804549551,0.545000000022588,0.045037597377798,1.93688817596115,1.640348545786,0.14040098839112,0.0037041
14,0.131052407909555,0.978253496989638,3.29999999954831,15.5726518834376,0.986838510029828,0.00304079412611073,0.200000000048588,0.136737218207858,0.99060735569499,3.30000000000011,15.5707963267947,0.245220343179069,0.470293032510335,0.545000000022148,0.0450378040413987,1.9524330576305,1.73780795163068,0.141573469966431,0.0038713
14.05,0.0819987462092218,0.983534328000113,3.30999999955124,15.6226432041593,0.986841225965357,0.00302744866430573,0.200000000068521,0.0870565995797292,0.996203367023963,3.31000000000011,15.6207963267947,0.245216849195049,0.470295254425543,0.545000000021634,0.0450380228264363,1.96308781590468,1.83591777355694,0.142696228290093,0.0042357
14.1,0.0327424127211993,0.986357988866977,3.31999999955515,15.672634694816,0.986842876757544,0.0030143245596882,0.200000000087992,0.0371583847908511,0.999309388748061,3.32000000000011,15.6707963267947,0.245213406281131,0.470297463992578,0.545000000021048,0.0450382525405353,1.96882605058195,1.93443290473379,0.143767762427685,0.0041747
14.15,-0.0165935343928068,0.986717396294358,3.32999999956002,15.7226263729343,0.986843505446245,0.00300145067482058,0.200000000106935,-0.0128327066082919,0.999917657430558,3.33000000000011,15.7207963267947,0.245210022325631,0.470299655229393,0.545000000020389,0.0450384920126812,1.96963364443901,2.03310722270391,0.144786810245038,0.0043671
14.2,-0.065885836600337,0.984611626408096,3.33999999956583,15.7726182546976,0.986843156157774,0.00298885383395114,0.200000000125285,-0.0627917229240592,0.998026652716528,3.34000000000011,15.7707963267947,0.245206704687734,0.470301822477628,0.545000000019659,0.0450387400957077,1.96550879865354,2.13169420456789,0.145752340466434,0.0040186
14.25,-0.115011343064082,0.980045917085286,3.34999999957254,15.8226103549588,0.986841873925621,0.00297655883543112,0.200000000142978,-0.112593792633814,0.99364110113294,3.35000000000011,15.8207963267947,0.245203460199537,0.470303960404819,0.54500000001885,0.0450389956686254,1.95646203743902,2.22994754317121,0.146663544442411,0.0040252
14.3,-0.163847318442429,0.973031654886225,3.35999999958011,15.8726026872563,0.986839704516558,0.00296458846955587,0.200000000159943,-0.162114436499698,0.986771964274803,3.36000000000012,15.8707963267947,0.245200295169549,0.470306064005365,0.545000000017972,0.0450392576387253,1.94251618187972,2.32762176275425,0.147519827664215,0.003853
14.35,-0.212271749655529,0.963586346620887,3.36999999958851,15.9225952638328,0.986836694262395,0.00295296354151725,0.200000000176117,-0.2112298787019,0.977436411406883,3.37000000000012,15.9207963267947,0.245197215387584,0.470308128600651,0.545000000017013,0.0450395249435479,1.92370629303105,2.4244728325267,0.148320801060951,0.0036005
14.4,-0.260163650850267,0.951733575620481,3.3799999995977,15.9725880956581,0.986832889897628,0.00294170289918704,0.200000000191429,-0.259817356213742,0.965657776549488,3.38000000000012,15.9707963267947,0.245194226130959,0.470310149838148,0.545000000015987,0.0450397965526569,1.90007958442692,2.52025877663319,0.149066272114472,0.0035273
14.45,-0.307403365802001,0.93750294282283,3.38999999960763,16.0225811924534,0.986828338403204,0.00293082346542696,0.200000000205818,-0.307755425645314,0.951465500155569,3.39000000000012,16.0207963267947,0.245191332171949,0.470312123689536,0.545000000014878,0.0450400714692241,1.87169530421246,2.61474027898567,0.149756235826032,0.0034734
14.5,-0.353872866997247,0.920929992818327,3.39999999961826,16.072574562719,0.986823086856574,0.00292034027462289,0.200000000219208,-0.354924266788701,0.934895055524916,3.40000000000012,16.0707963267946,0.245188537786366,0.470314046448104,0.545000000013694,0.0450403487314817,1.83862458719625,2.707681281451,0.150390865567574,0.0036824
14.55,-0.399456050649762,0.902056125040778,3.40999999962953,16.122568213764,0.986817182288194,0.00291026651316075,0.200000000231532,-0.401205982106101,0.915987860139384,3.41000000000012,16.1207963267946,0.245185846763251,0.470315914725211,0.54500000001244,0.0450406274139661,1.80095027719142,2.79884957389865,0.150970503849153,0.0036631
14.6,-0.444039026912585,0.880928490324618,3.41999999964138,16.1725621517384,0.98681067154463,0.00290061356353681,0.200000000242728,-0.446484891412274,0.894791172140761,3.42000000000013,16.1707963267946,0.245183262415552,0.470317725446006,0.545000000011117,0.0450409066286288,1.75876672008928,2.88801737463387,0.15149565303326,0.0035678
14.65,-0.48751040456054,0.857599873086576,3.42999999965377,16.2225563816668,0.986803601158337,0.00289139105181533,0.200000000252734,-0.490647821014753,0.871357972210021,3.43000000000013,16.2207963267946,0.245180787588311,0.470319475840106,0.545000000008438,0.0450411855256221,1.71217952818214,2.97496189976541,0.151966966023569,0.0035332
14.7,-0.529761569431508,0.832128559425834,3.4399999996666,16.2725509074846,0.98679601722388,0.00288260689772076,0.200000000260327,-0.533584386589142,0.845746831143216,3.44000000000013,16.2707963267946,0.24517842463779,0.470321163390235,0.544999999989625,0.0450414632925953,1.66130531632417,3.05946592008482,0.152385236945237,0.0036655
14.75,-0.570686955930311,0.80457819147208,3.44999999967938,16.3225457320746,0.986787965277576,0.00287426736308252,0.20000000025099,-0.575187269082436,0.818021763454989,3.45000000000013,16.3207963267946,0.245176175583111,0.470322786006203,0.544999999986621,0.0450417391624269,1.60627141058925,3.14131830406525,0.152751391913467,0.0039476
14.8,-0.610184310916421,0.775017608344692,3.45999999969163,16.3725408573065,0.986779490197989,0.00286637712090261,0.200000000238949,-0.615352482954764,0.788252067375625,3.46000000000013,16.3707963267945,0.245174041954324,0.470324341809713,0.544999999989154,0.0450420124031013,1.5472155301536,3.22031454562238,0.153066479770118,0.0041817
14.85,-0.648154949315591,0.743520674120307,3.46999999970333,16.422536284077,0.986770636096789,0.00285893930471423,0.200000000229188,-0.653979636089085,0.756512151641564,3.47000000000013,16.4207963267945,0.245172024871093,0.470325829205111,0.544999999993013,0.0450422823245871,1.48428544319808,3.29625727531833,0.153331662957278,0.004176
14.9,-0.684504000816215,0.710166093238855,3.47999999971463,16.4725320123506,0.986761446222772,0.00285195556881097,0.200000000222899,-0.690972180719195,0.722881349512312,3.48000000000014,16.4707963267945,0.245170125058042,0.470327246870792,0.544999999996592,0.0450425482777498,1.41763859768988,3.36895675373046,0.153548208478629,0.0040978
14.95,-0.719140647033533,0.675037213808921,3.4899999997257,16.5225280412018,0.986751962872784,0.00284542614986399,0.200000000219832,-0.726237654748863,0.687443720478609,3.49000000000014,16.5207963267945,0.245168342860309,0.470328593750976,0.544999999999383,0.0450428096543829,1.34744172796604,3.43823134575186,0.15371747898394,0.0040168
15,-0.751978348548588,0.6382218193038,3.49999999973668,16.5725243688575,0.986742227309444,0.00283934992996504,0.200000000219277,-0.759687912858921,0.650287840157479,3.50000000000014,16.5707963267945,0.245166678259596,0.470329869046823,0.545000000001293,0.0450430658871476,1.27387043810211,3.50390797463757,0.15384092399671,0.0040941
15.05,-0.782935061254095,0.599811909168699,3.50999999974767,16.6225209927408,0.986732279685621,0.00283372450083167,0.200000000220441,-0.791239346824649,0.611506578899316,3.51000000000014,16.6207963267945,0.245165130890576,0.470331072207152,0.545000000002395,0.0450433164494039,1.19710876310679,3.5658225546616,0.153920071303457,0.0042659
15.1,-0.811933441466143,0.559903468887275,3.51999999975875,16.6725179095143,0.98672215897559,0.00282854622893322,0.200000000222597,-0.820813094492803,0.571196869660376,3.52000000000014,16.6707963267944,0.245163700057577,0.47033220291888,0.545000000002797,0.0450435608549496,1.11734870903946,3.62382040130298,0.153956518521856,0.0041097
15.15,-0.838901039288683,0.518596230082098,3.52999999976994,16.7225151151246,0.986711902912754,0.00282381032130858,0.200000000225114,-0.848335236895923,0.529459465720864,3.53000000000014,16.7207963267944,0.245162384751467,0.470333261097262,0.545000000002619,0.045043798657644,1.0347897731996,3.67775661793514,0.153951924863599,0.0038227
15.2,-0.86377047974715,0.475993421248568,3.53999999978125,16.7725126048459,0.986701547933839,0.00281951089185522,0.200000000227471,-0.873736983011256,0.48639868885421,3.54000000000015,16.7707963267944,0.245161183666758,0.470334246875781,0.545000000001966,0.0450440294509108,0.949638445587471,3.72749645805203,0.15390800310655,0.003677
15.25,-0.886479631238106,0.432201509745265,3.54999999979267,16.8225103733248,0.986691129129423,0.00281564102786466,0.20000000022924,-0.896954841702487,0.442122168576961,3.55000000000015,16.8207963267944,0.245160095218783,0.470335160595915,0.545000000000931,0.0450442528671831,0.862107692882029,3.77291566212513,0.153826511789499,0.0038159
15.3,-0.906971760873527,0.387329935685616,3.55999999980416,16.872508414624,0.986680680200668,0.00281219285660186,0.200000000230078,-0.917930780414514,0.396740573131045,3.56000000000015,16.8707963267944,0.245159117560915,0.470336002796825,0.544999999999618,0.0450444685772324,0.772416426225658,3.81390076824911,0.15370924764157,0.0040136
15.35,-0.925195676331108,0.341490838396014,3.56999999981565,16.9225067222659,0.986670233422099,0.0028091576117371,0.200000000229734,-0.936612370224617,0.350367332870797,3.57000000000015,16.9207963267944,0.245158248601819,0.470336774204803,0.544999999998106,0.0450446762894179,0.680788954146164,3.85034939579931,0.153558038257129,0.0046173
15.4,-0.941105853855706,0.294798776124171,3.5799999998271,16.9725052892766,0.986659819610274,0.0028065256994298,0.20000000022803,-0.952952916887453,0.303118356746152,3.58000000000015,16.9707963267943,0.245157486019805,0.470337475732989,0.544999999995546,0.0450448757487653,0.587454421983329,3.88217050139183,0.153374735025065,0.0044644
15.45,-0.954662552091626,0.247370439698361,3.5899999998384,17.0225041082284,0.986649468097922,0.00280428676497902,0.200000000224021,-0.966911577546357,0.255111742590631,3.59000000000015,17.0207963267943,0.245156827262009,0.470338108535913,0.544999999984828,0.0450450667356023,0.492646239221258,3.90928460650607,0.153161206318426,0.0042239
15.5,-0.96583191146075,0.199324360853384,3.59999999984926,17.0725031712821,0.986639206712071,0.00280242976566586,0.200000000210366,-0.978453462819213,0.20646748193826,3.60000000000015,17.0707963267943,0.245156269639721,0.470338673702639,0.544999999982648,0.0450452490672667,0.396601496157991,3.9316239962005,0.152919330981272,0.0042817
15.55,-0.974586038838439,0.150780615952437,3.60999999985939,17.1225024702291,0.986629061764937,0.00280094301146886,0.200000000194749,-0.987549724003735,0.157307160107229,3.61000000000016,17.1207963267943,0.245155810251215,0.47033917260956,0.54499999998341,0.0450454225928868,0.299560371370492,3.94913288842474,0.152650992040073,0.0036867
15.6,-0.980903077315133,0.10186052584555,3.61999999986875,17.1725019965319,0.986619058040342,0.00279981424303491,0.200000000179818,-0.994177625184204,0.107753652299915,3.62000000000016,17.1707963267943,0.2451554460349,0.470339606766631,0.544999999984872,0.0450455871949795,0.201765531456145,3.96176757350433,0.152358070739481,0.0035402
15.65,-0.984767260868439,0.0526863526149707,3.6299999998774,17.2225017413645,0.986609218789167,0.00279903069359968,0.200000000166203,-0.998320600059413,0.0579308164788681,3.63000000000016,17.2207963267943,0.245155173785585,0.470339977806956,0.544999999986201,0.0450457427878099,0.103461524551274,3.96949652344957,0.152042440852618,0.0035339
15.7,-0.986168953809251,0.00338099396570722,3.6399999998854,17.2725016956512,0.986599565729545,0.00279857914953506,0.200000000153783,-0.999968293349793,0.00796318378640998,3.64000000000016,17.2707963267942,0.245154990170596,0.470340287475656,0.544999999987277,0.0450458893161743,0.00489416914275877,3.97230047081463,0.151705963280725,0.0037117
15.75,-0.985104674903113,-0.045932323974671,3.6499999998928,17.3225018501045,0.986590119051589,0.00279844600940477,0.200000000142332,-0.999116586680221,-0.0420243527183687,3.65000000000016,17.3207963267942,0.245154891745009,0.470340537620756,0.54499999998806,0.0450460267541382,-0.09369006029937,3.97017245690993,0.15135048094466,0.0036837
15.8,-0.981577106106387,-0.0951303546789196,3.65999999989965,17.3725021952627,0.986580897426392,0.00279861734163066,0.200000000131586,-0.995767608873809,-0.0919068502272119,3.66000000000016,17.3707963267942,0.245154874966931,0.470340730182734,0.544999999988597,0.0450461551038445,-0.19204464933257,3.96311784924688,0.150977813969045,0.0036692
15.85,-0.975595085895251,-0.144090139295544,3.66999999990598,17.4225027215251,0.986571918019111,0.00279907894050835,0.200000000121324,-0.989929730630961,-0.14155962847465,3.67000000000017,17.4207963267942,0.245154936212311,0.470340867184685,0.544999999988954,0.0450462743942406,-0.289923659655698,3.95115432817131,0.150589755159679,0.0036237
15.9,-0.967173587204107,-0.19268931400649,3.67999999991179,17.4725034191869,0.98656319650592,0.00279981638052113,0.200000000111382,-0.981617543606975,-0.190858581373731,3.68000000000017,17.4707963267942,0.245155071789319,0.470340950722583,0.5449999999892,0.04504638467976,-0.387082343786001,3.93431184271883,0.150188065773651,0.0038432
15.95,-0.956333680028468,-0.240806415898612,3.68999999991712,17.5225042784728,0.986554747094591,0.00280081506886201,0.200000000101662,-0.970851823940508,-0.239680487216607,3.69000000000017,17.5207963267942,0.245155277952253,0.470340982955979,0.544999999989383,0.0450464860390577,-0.483277756762544,3.9126325358023,0.149774471580902,0.0041819
16,-0.943102478785749,-0.288321186584147,3.69999999992196,17.5725052895688,0.986546582548497,0.00280206029610871,0.200000000092106,-0.957659480324047,-0.287903316664627,3.70000000000017,17.5707963267941,0.245155550915074,0.470340966098684,0.544999999989532,0.0450465785736497,-0.578269363346884,3.88617063891843,0.149350659215069,0.004116
16.05,-0.927513074565505,-0.335114872811061,3.70999999992633,17.6225064426529,0.986538714213802,0.00280353728495997,0.200000000082685,-0.942073486746194,-0.335406537758135,3.71000000000017,17.6207963267941,0.245155886864313,0.470340902409941,0.544999999989665,0.0450466624066217,-0.671819639203063,3.85499233663647,0.148918272811146,0.0041822
16.1,-0.909604452438474,-0.381070523311626,3.71999999993024,17.6725077279249,0.986531152049616,0.00280523123699962,0.200000000073384,-0.924132800073864,-0.382071417183596,3.72000000000017,17.6707963267941,0.245156281971696,0.470340794185615,0.54499999998979,0.0450467376812569,-0.763694664553957,3.81917560120774,0.148478910925973,0.0039819
16.15,-0.889421394031126,-0.426073281147048,3.72999999993368,17.7225091356341,0.986523904660904,0.00280712737741408,0.200000000064195,-0.903882262680408,-0.427781317045047,3.73000000000018,17.7207963267941,0.24515673240603,0.470340643749902,0.54499999998991,0.0450468045597414,-0.853664708829961,3.77880999770942,0.148034123738004,0.0038803
16.2,-0.867014365609289,-0.470010670817198,3.73999999993666,17.7725106561062,0.986516979333919,0.00280921099764615,0.200000000055114,-0.881372490363036,-0.472421986398089,3.74000000000018,17.7707963267941,0.245157234344704,0.470340453447206,0.544999999990015,0.0450468632218211,-0.941504804848392,3.73399646020945,0.14758541052135,0.0037882
16.25,-0.84243939195066,-0.512772879417584,3.74999999993919,17.8225122797681,0.986510382073937,0.00281146749593664,0.200000000046128,-0.856659745829677,-0.515881846817751,3.75000000000018,17.8207963267941,0.245157783984635,0.470340225634242,0.544999999990097,0.045046913863459,-1.02699531108821,3.68484703951236,0.147134217388877,0.0036703
16.3,-0.815757916321536,-0.554253031140639,3.75999999994127,17.872513997172,0.986504117645104,0.00281388241572481,0.200000000037215,-0.829805798071515,-0.558052271286441,3.76000000000018,17.8707963267941,0.245158377552592,0.470339962672659,0.544999999990144,0.0450469566955684,-1.10992246065445,3.63148462311619,0.146681935298671,0.003624
16.35,-0.787036646907879,-0.594347454434997,3.76999999994291,17.9225157990179,0.98649818961214,0.0028164414819077,0.200000000028345,-0.800877767972682,-0.598827855704921,3.77000000000018,17.9207963267941,0.245159011315068,0.470339666921743,0.544999999990154,0.0450469919426787,-1.19007889555992,3.57404262808092,0.146229898317444,0.0035371
16.4,-0.756347390084666,-0.632955941154835,3.77999999994411,17.9725176761738,0.986492600383745,0.00281913063492263,0.200000000019483,-0.769947960542997,-0.638106682347657,3.78000000000018,17.9707963267941,0.245159681587522,0.470339340731627,0.544999999990114,0.0450470198416746,-1.26726418498871,3.51266466757585,0.145779382134308,0.0035154
16.45,-0.723766870940428,-0.669981997051371,3.78999999994486,18.0225196196959,0.986487351257453,0.00282193606266976,0.200000000010586,-0.737093684193101,-0.675790574604062,3.79000000000018,18.0207963267941,0.24516038474308,0.4703389864368,0.54499999999002,0.0450470406405549,-1.34128532624562,3.44750419193968,0.145331602817723,0.0038988
16.5,-0.689376541505697,-0.705333082980288,3.79999999994517,18.0725216208461,0.986482442465775,0.00282484423026989,0.200000000001604,-0.702397057503694,-0.711785342368884,3.80000000000018,18.0707963267941,0.245161117220706,0.470338606349813,0.544999999989858,0.0450470545971659,-1.4119572271395,3.37872410515058,0.144887715808178,0.0040815
16.55,-0.653262377164881,-0.738920846222062,3.80999999994502,18.122523671109,0.986477873223412,0.00282784190765422,0.199999999992476,-0.665944803971845,-0.746001017468425,3.81000000000018,18.1207963267941,0.245161875532748,0.470338202755481,0.544999999989643,0.0450470619780106,-1.47910316859444,3.30649635766478,0.14444881513874,0.0047026
16.6,-0.615514661760589,-0.770661341336899,3.81999999994441,18.1725257622068,0.986473641775361,0.00283091619501953,0.199999999983154,-0.627828035247416,-0.778352078534116,3.82000000000019,18.1707963267941,0.245162656271987,0.470337777905471,0.544999999989369,0.0450470630571003,-1.54255524633238,3.2310015166419,0.144015932875254,0.0048049
16.65,-0.576227761927716,-0.800475240002185,3.82999999994333,18.2225278861132,0.986469745445729,0.00283405454616715,0.199999999973586,-0.588142023401391,-0.808757664761398,3.83000000000019,18.2207963267941,0.245163456118112,0.470337334012927,0.544999999989051,0.0450470581147332,-1.60215479052311,3.15242831463098,0.143590038768127,0.0043565
16.7,-0.535499891221506,-0.828288029307896,3.83999999994176,18.2725300350659,0.986466180687084,0.00283724478972677,0.199999999963732,-0.546985962795307,-0.837141778019627,3.84000000000019,18.2707963267941,0.245164271843613,0.4703368732479,0.544999999988706,0.0450470474364734,-1.65775276235249,3.07097317784575,0.143172040106632,0.0040617
16.75,-0.493432864629347,-0.854030198014274,3.84999999993969,18.3225322015778,0.986462943130154,0.00284047514834023,0.199999999953568,-0.504462722147019,-0.863433472807818,3.85000000000019,18.3207963267941,0.245165100319218,0.470336397732678,0.544999999988346,0.0450470313119873,-1.70921012651774,2.98683973520817,0.14276278176733,0.0036722
16.8,-0.450131844080073,-0.877637410306202,3.85999999993711,18.3725343784465,0.986460027633741,0.00284373425579498,0.19999999994308,-0.460678587412472,-0.88756703358145,3.86000000000019,18.3707963267941,0.245165938518706,0.470335909537732,0.54499999998801,0.0450470100340469,-1.75639819871847,2.9002383093876,0.142363046447379,0.0034345
16.85,-0.405705075587024,-0.899050666609971,3.86999999993399,18.4225365587629,0.986457428334671,0.00284701117217944,0.199999999932289,-0.415742996126165,-0.909482139007104,3.87000000000019,18.4207963267941,0.24516678352325,0.47033541067797,0.54499999998773,0.0450469838975247,-1.79919896727503,2.81138539110803,0.141973555073789,0.0036958
16.9,-0.360263618682089,-0.91821645107048,3.87999999993033,18.4725387359188,0.986455138697625,0.00285029539709641,0.199999999921245,-0.36976826386431,-0.929124012734383,3.88000000000019,18.4707963267941,0.245167632525156,0.470334903109445,0.544999999987492,0.0450469531983787,-1.83750538807009,2.72050309803725,0.141594967379189,0.0037397
16.95,-0.31392106881713,-0.935086865320285,3.88999999992611,18.5225409036125,0.986453151564733,0.00285357688100116,0.199999999909989,-0.322869303514385,-0.946443560308258,3.89000000000019,18.5207963267941,0.245168482831353,0.470334388725678,0.544999999987385,0.0450469182327944,-1.87122165207631,2.62781861961092,0.141227882635471,0.0037169
17,-0.266793273426851,-0.949619748206173,3.89999999992133,18.5725430558539,0.98645145920478,0.00285684603463681,0.199999999898635,-0.275163338052758,-0.961397491879642,3.90000000000019,18.5707963267941,0.245169331866117,0.470333869355069,0.544999999987505,0.0450468792962603,-1.90026342480138,2.53356364917911,0.14087284053515,0.003964
17.05,-0.21899804236292,-0.961778781174076,3.90999999991598,18.622545186968,0.986450053361894,0.00286009373669994,0.199999999887389,-0.226769607548297,-0.973948430407462,3.9100000000002,18.6207963267941,0.245170177166286,0.47033334678463,0.544999999985544,0.0450468366824902,-1.92455805705191,2.43797380489498,0.14053032221417,0.0042545
17.1,-0.1706548534233,-0.97153357904889,3.91999999991002,18.6725472915979,0.98644892530296,0.00286331134254818,0.199999999874379,-0.177809071124294,-0.984065005081801,3.9200000000002,18.6707963267942,0.24517101637186,0.470332822795701,0.544999999974689,0.045046790682449,-1.94404476648939,2.34128804079319,0.140200751406364,0.0042279
17.15,-0.121884553712942,-0.978859765982236,3.92999999990317,18.7225493647058,0.986448065863423,0.00286649069524656,0.199999999851598,-0.128404104623656,-0.991721929734584,3.9300000000002,18.7207963267942,0.245171847305331,0.470332298871476,0.544999999972192,0.0450467415861049,-1.95867478952456,2.24374804953012,0.139884495689437,0.0041235
17.2,-0.072809057582413,-0.983739036379082,3.93999999989513,18.7725514015739,0.986447465499527,0.00286962410430884,0.199999999826571,-0.0786781947330245,-0.996900066041828,3.9400000000002,18.7707963267942,0.245172667878044,0.470331776560249,0.544999999973161,0.04504668967752,-1.96841150317037,2.14559765827903,0.13958186789018,0.0036682
17.25,-0.0235510418994839,-0.986159200650842,3.94999999988585,18.8225533978042,0.986447114329892,0.00287270436130961,0.199999999802417,-0.0287556303303735,-0.999586471359486,3.9500000000002,18.8207963267942,0.245173476126373,0.47033125733569,0.544999999975562,0.0450466352368591,-1.97323051654919,2.04708221929008,0.13929312755963,0.0037778
17.3,0.0257663605844886,-0.986114215680091,3.95999999987542,18.8725553493168,0.98644700218,0.00287572473961634,0.199999999780422,0.0212388081724595,-0.999774431073317,3.9600000000002,18.8707963267942,0.245174270211903,0.470330742595829,0.544999999978586,0.0450465785392228,-1.97311973182554,1.94844799663868,0.139018482549094,0.0034474
17.35,0.0750198690068802,-0.983604199921231,3.96999999986396,18.9225572523477,0.98644711862555,0.00287867899261202,0.199999999761149,0.0711801607158178,-0.997463475381924,3.9700000000002,18.9207963267942,0.245175048421247,0.470330233662309,0.544999999981908,0.0450465198540091,-1.96807937441215,1.84994155069507,0.138758090670204,0.0034325
17.4,0.124086362535471,-0.978635433099496,3.97999999985161,18.9725591034458,0.986447453034608,0.00288156135056656,0.199999999744867,0.120943599927296,-0.992659380471013,3.9800000000002,18.9707963267942,0.245175809165413,0.470329731780061,0.544999999985413,0.0450464594443963,-1.95812199237383,1.75180912185382,0.138512061430317,0.0033787
17.45,0.172843188109216,-0.971220340509162,3.98999999983853,19.0225608994691,0.986447994608456,0.00288436651624982,0.199999999731738,0.170404743125165,-0.985374154075937,3.9900000000002,19.0207963267942,0.245176550978904,0.470329238117009,0.544999999989028,0.045046397566808,-1.94327242503085,1.65429601506356,0.13828045783477,0.0036139
17.5,0.221168467008875,-0.961377461950334,3.99999999982487,19.0725626375798,0.986448732421096,0.00288708965933547,0.199999999721864,0.219439963210294,-0.975626005468611,4.0000000000002,19.0707963267942,0.245177272518441,0.470328753764228,0.544999999992713,0.045046334470494,-1.92356774084035,1.55764598669553,0.13806329824751,0.0036491
17.55,0.268941399491199,-0.949131405382084,4.0099999998108,19.1225643152396,0.986449655457354,0.00288972640968833,0.199999999715305,0.26792669766952,-0.963439299943815,4.0100000000002,19.1207963267942,0.245177972561429,0.470328279736048,0.544999999996409,0.0450462703970791,-1.89905714471115,1.46210063528337,0.137860558302032,0.0035983
17.6,0.316042566725226,-0.934512785407894,4.01999999979648,19.172565930203,0.986450752649523,0.00289227284957726,0.199999999712073,0.315743754918098,-0.948844497918648,4.0200000000002,19.1707963267942,0.245178649999547,0.470327816964803,0.544999999998343,0.0450462055800033,-1.86980185498365,1.36789879765715,0.137672172855583,0.0037566
17.65,0.362354229275984,-0.917558146747319,4.02999999978205,19.2225674805113,0.986452012912042,0.00289472550434518,0.199999999710582,0.362771617215548,-0.931878078797348,4.0300000000002,19.2207963267942,0.245179303762954,0.470327366220037,0.544999999969273,0.0450461402411228,-1.83587495038257,1.27527595198097,0.137498037989667,0.003768
17.7,0.407760621389472,-0.89830987288554,4.03999999976689,19.2725689644849,0.986453425167156,0.00289708132433792,0.199999999682927,0.408892739397765,-0.912582449791776,4.04000000000019,19.2707963267942,0.245179933070878,0.470326928416505,0.544999999961523,0.0450460746031304,-1.79736118732501,1.18446362918626,0.13733801297109,0.0044361
17.75,0.452148240343581,-0.876816080128554,4.04999999975017,19.3225703807159,0.986454978394556,0.00289933769693576,0.199999999648298,0.453991842678708,-0.891005839925478,4.05000000000019,19.3207963267942,0.245180537162306,0.470326504271354,0.544999999962187,0.0450460088717745,-1.75435678804063,1.09568883427189,0.1371919223501,0.0043399
17.8,0.495406130141712,-0.853130497329016,4.05999999973173,19.3725717280608,0.986456661652847,0.00290149242142852,0.199999999614266,0.497956202787334,-0.867202179486239,4.06000000000019,19.3707963267942,0.245181115384776,0.470326094429212,0.544999999965826,0.0450459432456695,-1.70696920003371,1.00917347891754,0.137059557986353,0.0046853
17.85,0.537426158839828,-0.827312331584154,4.06999999971168,19.4225730056316,0.986458464108355,0.00290354369733309,0.199999999583509,0.540675931719568,-0.841230965228449,4.07000000000018,19.4207963267942,0.245181667191453,0.470325699463254,0.544999999970257,0.0450458779143168,-1.65531682748823,0.925133826828671,0.13694068110309,0.0043827
17.9,0.57810328881395,-0.799426120241164,4.07999999969019,19.4725742127867,0.986460375062327,0.00290549011171316,0.199999999556741,0.582044252401083,-0.813157111662206,4.08000000000018,19.4707963267942,0.245182192137918,0.470325319876437,0.544999999974643,0.0450458130578225,-1.59952873528762,0.843779953199088,0.136835024341179,0.0041165
17.95,0.617335839292619,-0.769541569580092,4.08999999966745,19.5225753491218,0.986462383976506,0.00290733062587039,0.199999999533919,0.621957765574382,-0.783050788800846,4.09000000000018,19.5207963267942,0.245182689878899,0.470324956102933,0.544999999978719,0.045045748846776,-1.53974432638885,0.765315219642478,0.136742293806815,0.0040003
18,0.655025740498186,-0.737733380577482,4.09999999964367,19.5725764144605,0.986464480497069,0.00290906456150226,0.199999999514767,0.660316708243087,-0.750987246772451,4.10000000000018,19.5707963267942,0.245183160164792,0.470324608509805,0.544999999982441,0.0450456854421834,-1.47611299335754,0.689935765905017,0.136662171107153,0.0038385
18.05,0.691078778761791,-0.704081062186386,4.10999999961901,19.6225774088444,0.986466654476946,0.00291069158640412,0.199999999498964,0.697025203027476,-0.717046627733724,4.11000000000017,19.6207963267942,0.245183602838099,0.470324277398726,0.544999999985829,0.0450456229954028,-1.408793744935,0.617830019629594,0.136594315368325,0.0039008
18.1,0.725404831999435,-0.668668732599491,4.11999999959364,19.6725783325234,0.98646889599651,0.002912211699771,0.19999999948621,0.731991497808004,-0.681313765556328,4.12000000000017,19.6707963267942,0.245184017829797,0.470323963007932,0.544999999988932,0.0450455616481427,-1.33795480857079,0.549178225396893,0.13653836523055,0.0040727
18.15,0.757918094960667,-0.631584908992167,4.12999999956771,19.7225791859454,0.986471195382667,0.00291362521717506,0.199999999476249,0.765128195057814,-0.643877973786391,4.13000000000017,19.7207963267942,0.245184405131356,0.47032366555575,0.544999999984748,0.0450455015318645,-1.2637732099141,0.484151994220415,0.136493940815943,0.0039576
18.2,0.788537293686825,-0.592922286270985,4.13999999954117,19.7725799697458,0.98647354322407,0.00291493275972169,0.199999999462522,0.796352470291039,-0.604832822407156,4.14000000000016,19.7707963267942,0.245184764830253,0.470323385180631,0.544999999975328,0.0450454427691746,-1.18643433031537,0.422913874621431,0.136460645663413,0.0040434
18.25,0.81718588864297,-0.552777505380801,4.14999999951374,19.8225806847376,0.986475930388761,0.00291613523642487,0.199999999440317,0.825586279080884,-0.564275903962749,4.15000000000016,19.8207963267942,0.245185096998791,0.470323122141866,0.544999999935533,0.0450453854707025,-1.10613144344391,0.365616946355871,0.136438068627891,0.0040752
18.3,0.843792266015456,-0.511250911749486,4.15999999948431,19.8725813319004,0.986478348030042,0.00291723384749437,0.199999999382297,0.852756552130049,-0.522308589627645,4.16000000000016,19.8707963267942,0.245185401944038,0.470322876350254,0.544999999902431,0.0450453297428327,-1.02306523218,0.312404437808549,0.136425785740747,0.0044244
18.35,0.86828991669791,-0.468446304474248,4.16999999945123,19.9225819123701,0.986480787615814,0.00291823003748311,0.199999999294484,0.877795377905914,-0.479035775831528,4.17000000000016,19.9207963267942,0.245185680081963,0.470322647553695,0.544999999901976,0.045045275681281,-0.937443286988996,0.263409368010973,0.136423362019465,0.0043208
18.4,0.890617602519111,-0.42447067687646,4.17999999941375,19.9725824274294,0.986483240942901,0.00291912546719124,0.199999999206263,0.900640172384009,-0.434565622072842,4.18000000000015,19.9707963267942,0.245185931785514,0.470322435655185,0.544999999913177,0.0450452233694391,-0.849479587031076,0.218754214177407,0.13643035322751,0.0041803
18.45,0.910719509295933,-0.37943394907323,4.18999999937211,20.022582878497,0.986485700135473,0.00291992201951705,0.199999999128122,0.921233835475478,-0.389009280576376,4.19000000000015,20.0207963267942,0.245186157489926,0.470322240511192,0.544999999927522,0.0450451728832381,-0.759393965303641,0.178550605590111,0.136446307591378,0.0039584
18.5,0.92854538632857,-0.333448693234163,4.19999999932688,20.072583267117,0.986488157653674,0.00292062178412923,0.199999999062892,0.939524893747564,-0.342480618470586,4.20000000000015,20.0707963267942,0.24518635768878,0.470322061934621,0.544999999941748,0.0450451242898955,-0.667411559153264,0.142899044598798,0.136470767460681,0.0038557
18.55,0.944050671990045,-0.286629852210101,4.20999999927872,20.1225835949489,0.986490606300883,0.00292122704201837,0.199999999010465,0.955467629080385,-0.295095933179079,4.21000000000014,20.1207963267942,0.245186532930005,0.470321899697788,0.544999999954777,0.0450450776480319,-0.573762247530641,0.111888655431628,0.136503270911875,0.0037421
18.6,0.957196605096185,-0.239094452237092,4.21999999922823,20.1725838637574,0.986493039229649,0.00292174025020145,0.199999998969765,0.969022192938427,-0.246973661737616,4.22000000000014,20.1707963267942,0.245186683811922,0.470321753535253,0.5449999999664,0.0450450330078525,-0.478680076395101,0.0855969614454825,0.136543353293382,0.0037754
18.65,0.967950321777735,-0.190961310433655,4.22999999917596,20.2225840754023,0.986495449946335,0.00292216402662162,0.199999998939525,0.980154705971124,-0.198234084763206,4.23000000000014,20.2207963267942,0.245186811008704,0.470321623085214,0.544999999983872,0.045044990412471,-0.382402673704836,0.0640896913722139,0.136590548711202,0.0037659
18.7,0.976284937612736,-0.142350737822367,4.23999999912257,20.2725842318292,0.986497832317256,0.00292250112868834,0.199999998925009,0.988837342693595,-0.148999025815204,4.24000000000014,20.2707963267942,0.24518691518382,0.470321508074594,0.544999999996913,0.0450449498946561,-0.285170655455049,0.047420615045104,0.13664439144671,0.0036235
18.75,0.98217961481357,-0.0933842386180776,4.24999999906875,20.3225843350593,0.98650018056555,0.00292275445144056,0.199999998922231,0.995048401035864,-0.0993915468998583,4.25000000000013,20.3207963267942,0.245186997042924,0.470321408190464,0.545000000002536,0.0450449114806174,-0.187227024248571,0.0356314090160528,0.136704417319674,0.0035643
18.8,0.985619614300673,-0.0441842065344051,4.25999999901492,20.3725843871803,0.986502489272921,0.00292292701232824,0.199999998924513,0.998772356586731,-0.0495356408793803,4.26000000000013,20.3707963267942,0.245187057358338,0.470321323007551,0.545000000008121,0.0450448751900033,-0.0888165619021948,0.0287515523993323,0.136770164983575,0.0036085
