Time,X,Y,Z,Psi,Vx_B,Vy_B,Vz_B,Ref_X,Ref_Y,Ref_Z,Ref_Psi,Ux,Uy,Uz,Upsi,Int_X,Int_Y,Cost,CalcTime
0,0,0,0,0,0,0,0,3,0,0.5,1.5707963267949,1,1,1,0.762665409714934,0,0,9442.24425830389,0.00775
0.05,0.0024345051428401,0.00264838292438229,0.0102375,0.0975262029361031,0.10517188879608,0.0973623535086313,0.4095,2.99816292201201,0.0699678481812424,0.51,1.6232963267949,1,0.99999999999999,0.999999999999996,-0.999999999999998,8.19161665035073e-05,8.78928776584794e-05,8870.48553938074,0.0079905
0.1,0.00924113151288189,0.0108658725226978,0.0409499999999999,0.135336106839011,0.204309816211348,0.195907185184668,0.818999999999996,2.99265439214403,0.139796610391365,0.52,1.67571328005338,0.999999999999917,0.999999999999579,0.99999999999813,1,0.000632259451146417,0.000715711686496087,8636.8553337492,0.0059008
0.15,0.0200609933341923,0.0247353156470774,0.0921374999999577,0.175002312495069,0.309752758836581,0.283677820142939,1.22849999999831,2.98348114293438,0.20940069933458,0.53,1.72788952724128,0.999999999999916,-0.999999993430332,0.999999999980774,-0.881498333823395,0.00206397013821167,0.0024494265201611,8793.877092747,0.0068735
0.2,0.0356416845473713,0.0391870791071819,0.163799999999441,0.21082801870151,0.410908853500188,0.16337531803991,1.63799999998101,2.97065439903922,0.278694811532032,0.54,1.77967269669533,1,1,0.546896613317307,1,0.00480229802081622,0.00568180875476802,9281.08780110021,0.0061079
0.25,0.0556841123198623,0.0544015215160261,0.245742673798131,0.262891320666029,0.512160068040247,0.238143423995026,1.63970695196659,2.9541898623675,0.347594030115732,0.55,1.83091902734375,0.999999999996984,-0.716300949014975,0.318160073165559,-0.436509233223515,0.00934125266530371,0.0103124896772891,9329.96376379672,0.0058723
0.3,0.0799710532751437,0.0713306587849782,0.322624123042685,0.365275088612911,0.616439516338772,0.10278673328974,1.43555101781559,2.93410769208961,0.416013927479972,0.56,1.88149622353411,0.999999999995846,0.693342932533033,0.275322851775425,0.999999999987644,0.0160796388430063,0.0166185052785527,9705.48344330308,0.0070482
0.35,0.108171223771187,0.0895793260529143,0.388333938098411,0.521529344811105,0.714733239262896,0.0678155850404394,1.19284158441347,2.91043247945892,0.483870667606843,0.57,1.93128572314581,0.999999999999992,-0.99999999999998,0.299605966811186,0.0743866801838285,0.0254670386194469,0.0246229617664547,9759.71098516927,0.0068649
0.4,0.140622979759187,0.10934481954268,0.442454651572336,0.770388168045021,0.777249296775684,-0.222498900135309,0.971986954543537,2.88319321740682,0.551081107892101,0.58,1.98018431224989,0.999999999998132,-0.999999999996856,0.342471233259209,0.13785338434361,0.037853846888433,0.0345829987863299,9819.69734275578,0.005858
0.45,0.17943521739755,0.128291050331221,0.486497102047845,0.990579695213041,0.778996125024401,-0.492633910968379,0.789711064476825,2.8524232648906,0.617562900305853,0.59,2.02810507233172,0.999999999985774,-0.999999999983536,0.385341721004132,-0.101344924882366,0.0538040764809531,0.0464648406702227,9862.17093784646,0.0061736
0.5,0.224414408081827,0.147963891219679,0.52239034399428,1.16532472848697,0.754359558824519,-0.719462953009429,0.646018613380544,2.81816030599063,0.683234591729566,0.6,2.07497769336216,0.99999999999884,-0.99999999999882,0.422118037815853,-0.00621068189377779,0.0739467038326746,0.0602658602710355,9899.74801643463,0.0057291
0.55,0.275155619159812,0.169543605172808,0.551926430514164,1.28869829991836,0.736010301064827,-0.900156259056302,0.535424847414813,2.78044630376994,0.748015723317212,0.61,2.12074822322848,1,-1,0.451664353156168,-0.00234936159295179,0.0988790485488695,0.0761216386640939,9929.15920057313,0.0061185
0.6,0.331212255138328,0.193811876462197,0.576597620830918,1.38375058638585,0.724989331081684,-1.05495231384773,0.451422765255364,2.73932744892396,0.811826928734013,0.62,2.16537834888522,0.999999999999993,-0.999999999999994,0.474635839409739,0.0183347129880229,0.129154985572171,0.0942644574077015,9951.3379684724,0.006122
0.65,0.392154924147665,0.221309791446098,0.597585565480405,1.45984552601099,0.721487487965831,-1.19246186906716,0.388095020724128,2.69485410326274,0.87459003113161,0.63,2.20884431686016,1,-1,0.492182479089306,0.0249923637831457,0.165284329112347,0.114991837579025,9966.06825689032,0.00581
0.7,0.457586218317711,0.252423563953601,0.615801922296121,1.52446141766157,0.722355512435248,-1.318961264426,0.340559251904504,2.64708073808054,0.936228138723487,0.64,2.2511356019209,1,-1,0.505453177213883,0.0309979864697988,0.207735560982954,0.138647048798907,9973.01508883941,0.006485
0.75,0.527135820675522,0.287442709860099,0.631940081378659,1.58168869988351,0.725405745229995,-1.43780270175004,0.304967111396998,2.59606586747948,0.996665738829382,0.65,2.29225342525528,0.999999999995418,-0.999999999996122,0.515433118770808,0.0314616390045149,0.256938826807806,0.165606799073998,9971.97576601468,0.005464
0.8,0.600454112997816,0.326592666849406,0.646523182120852,1.63392761255015,0.729179267719124,-1.55089664120302,0.278356918290725,2.54187197672447,1.05582879026199,0.66,2.33220921030216,0.999999999998645,-0.999999999998797,0.522913654389375,0.0281500325760065,0.313288330751914,0.196273334021868,9962.62710559733,0.0055547
0.85,0.677207539269024,0.370053267564229,0.659944085259149,1.68191265719189,0.733900580670173,-1.65888620080267,0.258479207241162,2.48456544571554,1.11364481393382,0.67,2.37102304810712,0.999999999999795,-0.999999999999801,0.528509975954333,0.0238697318047065,0.377144135996368,0.231069062038363,9944.37714775931,0.0051446
0.9,0.757078830644414,0.417966673152334,0.67249702008018,1.72564781136264,0.74068840492054,-1.76190353714827,0.243638185600062,2.42421646767211,1.17004298156617,0.68,2.40872222703342,0.999999999999978,-0.999999999999975,0.532691967913631,0.0166722129735771,0.448833745984152,0.270432452366108,9916.67812853567,0.0054893
0.95,0.839770185690708,0.470440659964995,0.68440199863824,1.76464915976767,0.751447076137268,-1.8597542582977,0.23256095672233,2.36089896313092,1.22495420238657,0.69,2.44533986548886,0.999999999999991,-0.999999999999988,0.53581499720646,0.00606767348493884,0.528653876661829,0.314814453174653,9879.03124766637,0.0049644
1,0.925008874406036,0.52754942771421,0.695823383911501,1.79776092720678,0.76938560801337,-1.9517724722396,0.224294454208144,2.29469048936548,1.27831120770446,0.7,2.48091367208491,0.999999999988727,-0.999999999977918,0.538146304931476,-0.00863175881665316,0.616872656388098,0.364675116306058,9830.95429027325,0.0060264
1.05,1.01255645407541,0.589331763067896,0.706883898482867,1.82315850343443,0.799204564500891,-2.03674113977389,0.218126128646472,2.22567214534141,1.33004863325921,0.71,2.51548484585123,0.999999999999745,-0.999999999999232,0.539886201390701,-0.0285192532437405,0.713732562094494,0.420480168251289,9771.96435166753,0.0051548
1.1,1.10222189084055,0.655786797141904,0.717675144446482,1.83827566735269,0.847365647489734,-2.11260170200973,0.213523709898103,2.15392847232663,1.38010309923758,0.720000000000001,2.54909711991304,1,-0.999999999999991,0.541184541337855,-0.0524999175252169,0.8194544707124,0.482697277278593,9701.47867854389,0.0049956
1.15,1.19387863526924,0.72686699168829,0.728265482121488,1.83998002307191,0.921737213301638,-2.17610122454918,0.210089797102173,2.07954735028121,1.42841328786178,0.730000000000001,2.58179594525487,1,0.984855491557957,0.54215330709091,0.0562447691379333,0.934243223685823,0.551791762471544,9618.77541025015,0.006397
1.2,1.28248474855229,0.801100529121865,0.738705921386143,1.84232279118512,0.992986370815197,-2.03296805059329,0.207527773483991,2.00261989015583,1.47492001845244,0.740000000000001,2.61362780654045,0.999999999999967,0.999999999999717,0.542876124660003,0.0704860380022864,1.05812823582502,0.628175715812801,9539.6537514141,0.0055999
1.25,1.363100881537,0.877005258851349,0.749034522865192,1.85977829164055,1.03340229534676,-1.9063841694505,0.205616285677994,1.92324032223286,1.51956631987425,0.750000000000001,2.64463965906194,0.999999999999944,0.999999999999874,0.543415419880967,0.0665736741772012,1.19047389578018,0.712067670627061,9451.36760535266,0.0053989
1.3,1.43579741069547,0.954418838285522,0.759279684096414,1.89017887029006,1.05116555536322,-1.79612814493275,0.204190163570864,1.84150588064829,1.56229750027552,0.760000000000001,2.67487847437251,0.999999999999868,0.999999999999826,0.54381778223134,0.0629395339240142,1.3304844680676,0.803627145777375,9352.46920249321,0.0049856
1.35,1.50064514112675,1.03311518947134,0.769462592375162,1.92973605683195,1.05579694578868,-1.69791143589716,0.203126167579071,1.757516684237,1.60306121403648,0.770000000000001,2.70439088166361,0.999999999999983,0.999999999999983,0.544117977545988,0.0595535501218504,1.47737177339712,0.902994257690151,9242.00370104474,0.0051258
1.4,1.55769449206684,1.11281339542182,0.7795990552489,1.97556385532939,1.05372761176343,-1.6082145358632,0.20233234737046,1.67137561384822,1.64180752584431,0.780000000000002,2.73322289217998,0.99999999999739,0.999999999997876,0.544341946597549,0.0563281754682053,1.63035355643483,1.01028362130716,9119.44696738591,0.0046899
1.45,1.60698991044426,1.19319395032805,0.789700866415868,2.02546438486783,1.049321215338,-1.52436978958568,0.201740099308254,1.58318818628189,1.67848897181676,0.790000000000002,2.76141969467606,0.999999999999999,0.999999999999999,0.544509044367576,0.0531911144133898,1.78865220188012,1.12557970973413,8984.60611322539,0.0052895
1.5,1.64858040936523,1.27391188849026,0.799776824879551,2.07775612378786,1.04554174861488,-1.44445062780705,0.201298239239072,1.49306242500064,1.71306061759965,0.800000000000002,2.78902551091604,0.999999999998694,0.999999999999133,0.544633711634258,0.0501196665316575,1.95149469444829,1.24893367344487,8837.54795402255,0.0058624
1.55,1.6825267623139,1.35460766303738,0.809833495353276,2.13114828261442,1.04437975870354,-1.36711606564864,0.200968579709904,1.40110872777582,1.74548011336733,0.810000000000002,2.81608350136268,0.99999999999972,0.999999999999822,0.544726722505813,0.0471502857352589,2.11811346060511,1.38036135452275,8678.54664467107,0.0060877
1.6,1.70890593966817,1.43491624780827,0.819875775595152,2.18465636513153,1.04712139361387,-1.29146903495803,0.200722629965136,1.30743973142969,1.77570774565879,0.820000000000002,2.84263571238726,0.999999999991011,0.999999999994403,0.54479611535055,0.0442476233460531,2.28774778702962,1.51984229723718,8508.04344673497,0.0057309
1.65,1.72781334273064,1.51447468742417,0.829907319688796,2.23753418533306,1.0545396917633,-1.21692984110118,0.200539133780631,1.21217017383932,1.80370648598624,0.830000000000003,2.86872305749419,0.999999999999972,0.999999999999983,0.544847887415942,0.0414099485688435,2.45964556815242,1.66731958993001,8326.62158137735,0.0057153
1.7,1.73936335088455,1.59292825997459,0.839930853844686,2.28921677309284,1.06703760283861,-1.14313072334898,0.200402232454979,1.11541675337093,1.82944203615655,0.840000000000003,2.89438532614628,1,1,0.544886513100475,0.038715467261092,2.63306518864884,1.82270039103461,8134.97741109751,0.0064953
1.75,1.74368863372838,1.66993540899118,0.849948412012196,2.33929008632734,1.08473661607981,-1.06985061551875,0.200300094245407,1.01729798591676,1.85288287025017,0.850000000000003,2.91966121477499,0.999999999999954,0.999999999999969,0.544915330635144,0.0361554809254907,2.80727739548616,1.98585700884675,7933.89969770845,0.0052327
1.8,1.74093860214545,1.74517151515165,0.859961511663758,2.3874657148677,1.10754764236602,-0.996966412540274,0.200223891817037,0.91793405970906,1.8740002732062,0.860000000000003,2.94458837545228,1,1,0.544936830583842,0.0337647309927361,2.98156705527132,2.15662841612983,7724.25025682871,0.0049377
1.85,1.73127731722215,1.81833159604661,0.869971284942746,2.43355650992815,1.13523192614467,-0.924415777993723,0.200167039342494,0.817446688089011,1.8927683759663,0.870000000000003,2.96920347848486,0.999999999999952,0.999999999999968,0.544952871087523,0.0315520647924517,3.15523472715598,2.33482208716155,7506.9470932332,0.0048022
1.9,1.71488111886681,1.8891320618529,0.87997857650934,2.47745940404966,1.16744650208894,-0.852175677512809,0.200124623321265,0.715958960410378,1.90916418713442,0.880000000000004,2.99354228587003,1,1,0.544964838453333,0.0295332103037394,3.3275980106926,2.52021605661179,7282.94873463997,0.0051507
1.95,1.69193617759946,1.95731164865162,0.889984016540603,2.51913986453746,1.20378197211499,-0.780248623582265,0.200092977929265,0.613595191260393,1.92316762111354,0.890000000000004,3.0176397331325,0.999999999989425,0.999999999992497,0.54497376696623,0.0277157196956604,3.49799265124012,2.71256111175639,7053.23996975881,0.0071081
2,1.66263612124968,2.02263166082487,0.899988075193806,2.55861954984774,1.24379189613505,-0.708656280172887,0.200069368198872,0.510480768182179,1.93476152268492,0.900000000000004,3.04153001755166,1,1,0.54498042827651,0.0260605042530935,3.66577340322734,2.91158304242212,6818.81616944351,0.0086735
2.05,1.62717984230132,2.08487565102345,0.909991103239971,2.59595977021637,1.28702012490497,-0.637429709637236,0.200051753647731,0.406741998085009,1.94393168799981,0.910000000000004,3.06524669119806,0.999999999999719,0.99999999999979,0.544985398091647,0.0246673028483632,3.83031466442758,3.11698488591684,6580.673010704,0.0069153
2.1,1.58576954613672,2.1438486832834,0.91999336237942,2.6312608718638,1.33301252328184,-0.566619924064059,0.200038611930213,0.302505952530261,1.95066688195767,0.920000000000004,3.08882275753523,0.999999999999877,0.999999999999906,0.544989105929897,0.0235106793064971,3.99101090265452,3.32844911798267,6339.798530852,0.0054026
2.15,1.53860908881875,2.19937623947065,0.929995047859353,2.66466208444508,1.38132694231031,-0.496309433740617,0.200028807267121,0.197900312082327,1.95495885194977,0.930000000000004,3.11229077061762,0.999999999999295,0.999999999999449,0.544991872242974,0.0225845940384834,4.14727690131051,3.54563975222592,6097.16061181559,0.0051075
2.2,1.4859026374136,2.2513028224219,0.939996305348176,2.69632915503946,1.43154871428261,-0.426607724493064,0.200021492285797,0.0930532099149081,1.95680233795123,0.940000000000004,3.13568293613379,0.999999999998903,0.999999999999125,0.544993936110771,0.0219441414452657,4.29854785477445,3.76820431406323,5853.69696710824,0.0047059
2.25,1.4278536503375,2.29949036593773,0.949997243524958,2.72645481714791,1.48329645867293,-0.357662642355551,0.200016034785491,-0.0119069251359517,1.95619507894897,0.950000000000005,3.15903121371372,0.999999999999999,0.999999999999999,0.544995475904036,0.0214200930792651,4.44427934586791,3.99577566463324,5610.31206136481,0.0049054
2.3,1.36466417593888,2.34381650375599,0.959997943472074,2.75523766331712,1.53623420870479,-0.289638625250853,0.200011963099123,-0.116851525880067,1.95313781569795,0.960000000000005,3.18236742004447,0.999999999999983,0.999999999999986,0.544996624700186,0.0210836095738845,4.58394723734459,4.22797365822491,5367.86975045826,0.0052406
2.35,1.29653441114158,2.3841728416693,0.969998465682784,2.78287003813942,1.59007514501494,-0.222704308629187,0.20000892532929,-0.221652044250048,1.94763428980194,0.970000000000005,3.20572333242387,0.999999999999993,0.999999999999995,0.544997481784445,0.0210175155215762,4.71704750705036,4.46440662503523,5127.18884480324,0.0056245
2.4,1.22366246800433,2.4204633137132,0.979998855289398,2.80955838398053,1.64457398156579,-0.157067627662983,0.200006658935291,-0.32618010875427,1.93969123912028,0.980000000000005,3.22913079243104,0.999999999999908,0.999999999999921,0.544998121230734,0.0211461781082913,4.84309604929856,4.70467268584548,4889.03768070353,0.0051631
2.45,1.1462443738349,2.4526025367555,0.989999145963854,2.83552019576251,1.6995279742056,-0.0929758046948033,0.200004968042951,-0.430307681713202,1.92931838950596,0.990000000000005,3.25262180940513,1,1,0.544998598303478,0.0214929456011437,4.96162846437524,4.94836090277002,4654.1324803029,0.0062189
2.5,1.06447428682777,2.48051418688756,0.99999936282783,2.86097566318961,1.75477754181413,-0.030705421316149,0.200003706516081,-0.533907216086678,1.91652844288529,1.00000000000001,3.2762286634026,0.999999999999985,0.999999999999987,0.544998954233938,0.0219825184108515,5.0721998592901,5.1950522657779,4423.13403302238,0.0053804
2.55,0.9785448859968,2.50412945723377,1.0099995246239,2.88614019274925,1.81020351555858,0.0294489943795707,0.200002765326625,-0.636851811700195,1.90133706169383,1.01,3.29998400724561,0.999999999980968,0.999999999983124,0.544999219783862,0.0226240869310828,5.17438467901643,5.44432052073734,4196.63417387902,0.0057137
2.6,0.88864789091613,2.52338564631825,1.01999964533537,2.91121778155941,1.86572243763721,0.0871867706289765,0.200002063132101,-0.739015370679064,1.88376284968743,1.02,3.32392096717933,0.999999999999999,1,0.544999417902394,0.0236527718511928,5.26777658374054,5.69573284914645,3975.17867135942,0.0054775
2.65,0.794974680474975,2.53822489862652,1.02999973539477,2.93643468858428,1.92128383000477,0.142139090314086,0.200001539244256,-0.840272751900235,1.86382732915224,1.03,3.34807324152039,0.999999999998898,0.999999999998996,0.544999565713575,0.0248785009624278,5.35198838283794,5.94885041480783,3759.26907561011,0.0047962
2.7,0.697717107843951,2.54859295086056,1.03999980258554,2.96203786803542,1.97686790283314,0.193868460735505,0.200001148386473,-0.940499924272792,1.84155491454137,1.04,3.37247519649772,0.999999999999992,0.999999999999992,0.544999675991218,0.0259420743222637,5.42665203944461,6.20322878627942,3549.35334405702,0.0046952
2.75,0.597068493613268,2.55443792608628,1.04999985271467,2.98822209566531,2.03246853726256,0.242009784781532,0.200000856778569,-1.0395741186596,1.81697288257076,1.05,3.39716195825566,0.999999999999988,0.999999999999988,0.54499975826625,0.0272008784372155,5.49141876703566,6.45841823405839,3345.83652097325,0.0049352
2.8,0.493224530873651,2.55570950434089,1.05999989011459,3.01514494966744,2.0880848881687,0.286248153202662,0.200000639218194,-1.13737397825423,1.79011133881086,1.06,3.42216949970048,0.999999999996099,0.999999999996278,0.544999819649366,0.0285532671687543,5.54595922299298,6.71396392380393,3149.07807371438,0.0074596
2.85,0.386384111411277,2.5523584038188,1.06999991801761,3.04296408924192,2.14372034447253,0.32624882309343,0.200000476902623,-1.23377970722928,1.76100318081514,1.07,3.4475347205172,0.999999999996065,0.999999999996175,0.544999865445474,0.0297309288032691,5.58996378678839,6.96940604493898,2959.37034127811,0.0066106
2.9,0.276750182102451,2.54433601093651,1.07999993883526,3.07179096694568,2.19936241009907,0.361757516520476,0.200000355803549,-1.3286732174742,1.72968405783076,1.08,3.47329551825572,0.999999999998807,0.999999999998818,0.54499989961263,0.0312859364106487,5.62314292296943,7.22427989417079,2776.96196986483,0.005566
2.95,0.164530468110588,2.53159431187295,1.08999995436672,3.10174007778268,2.25499296561556,0.392499145010716,0.200000265454916,-1.4219382732432,1.69619232714079,1.09,3.49949084787439,1,1,0.544999925103829,0.0331287327252484,5.64522762423633,7.47811593622941,2602.09432297894,0.0054953
3,0.0499382460527169,2.51408591722096,1.09999996595431,3.13298178855702,2.31060159225401,0.41805957790283,0.200000198048361,-1.51346063353648,1.6605690070916,1.1,3.5261607665259,1,1,0.544999944122105,0.0349033526954664,5.65596992564651,7.73043986610878,2434.98023163104,0.0052394
3.05,-0.0668066136932047,2.49176399887438,1.10999997459947,3.16567392295516,2.36615392274112,0.438035249881762,0.200000147758256,-1.60312819204055,1.62285772686305,1.11,3.55334645966669,1.00000000000671,1.00000000000775,0.544999958309817,0.0362826124178447,5.65514351035075,7.98077266815239,2275.77779891138,0.0047216
3.1,-0.18547663699961,2.46458244608401,1.11999998104935,3.1998808159751,2.42155205696401,0.452229021139607,0.200000110237091,-1.69083111445668,1.5831046730432,1.11999999999999,3.58109024376096,0.999999999999902,0.999999999999894,0.54499996889813,0.0378885951344626,5.64254442166413,8.22863067657149,2124.57791721709,0.0057333
3.15,-0.305836158951682,2.43249651573826,1.12999998586142,3.23563504770614,2.47665985919649,0.460517360579665,0.200000082245408,-1.77646197304966,1.54135853307297,1.12999999999999,3.60943553993169,0.999999999998506,0.99999999999833,0.544999976795391,0.0463554708027186,5.61799185679719,8.47352567562153,1981.73769870058,0.0063838
3.2,-0.427640500912466,2.39546343929057,1.13999998945158,3.27386600674724,2.53169519025047,0.460537728933714,0.20000006136126,-1.85991587825228,1.49767043563017,1.13999999999999,3.63842681188805,0.999999999999979,0.999999999999975,0.5449999826875,0.0511972417665578,5.58132901340228,8.71496507498822,1847.43017439411,0.0069926
3.25,-0.550630780588086,2.35344052954651,1.14999999213011,3.31564116252129,2.58675974478245,0.449488146691548,0.20000004578001,-1.94109060716484,1.452093888026,1.14999999999999,3.66810946034633,0.999999999995313,0.999999999994376,0.54499998708361,0.054362989207021,5.53242420221492,8.95245203758384,1721.68639436477,0.0060245
3.3,-0.674527739821714,2.30638377964954,1.1599999941285,3.36115102467886,2.64138182136087,0.426720716680099,0.200000034155259,-2.01988672879241,1.40468471069065,1.15999999999999,3.69852966498821,1,0.999999999999999,0.54499999036334,0.056547461515572,5.47117260969797,9.18548538541105,1604.42728212149,0.0052267
3.35,-0.799029890770009,2.25425004238322,1.16999999561943,3.4102212876159,2.69481278844304,0.392563376440213,0.200000025482265,-2.09620772586684,1.35550096882817,1.16999999999999,3.72973416381558,0.999999999977207,0.99999999997015,0.544999992810552,0.0581522162715912,5.3974984570924,9.41355955547179,1495.54801423868,0.005759
3.4,-0.923814162657454,2.19700080326365,1.17999999673179,3.46252661776568,2.74619077148372,0.347821966741495,0.200000019011762,-2.16996011310421,1.30460290132432,1.17999999999999,3.7617699586406,0.999999999990272,0.999999999986679,0.544999994635932,0.0592599328247576,5.3113572056335,9.63616486732245,1394.90026697146,0.0051831
3.45,-1.04853785579062,2.13460636598915,1.18999999756168,3.51768187904672,2.79464038560461,0.293564088072125,0.2000000141841,-2.24105355175303,1.25205284699403,1.18999999999999,3.79468393450411,0.99999999999859,0.999999999998006,0.544999995997979,0.0595286316792061,5.21273762503882,9.85278819515426,1302.23904345096,0.0050455
3.5,-1.17284140937169,2.06704990939564,1.19999999818084,3.57522135803408,2.83932820350431,0.231188706164376,0.200000010582281,-2.30940096029234,1.1979151682586,1.19999999999999,3.82852238019848,0.999999999999977,0.999999999999961,0.544999997014238,0.0591464868821902,5.10166362439759,10.0629140546735,1217.3192361692,0.0053347
3.55,-1.29635206263751,1.99433120899883,1.20999999864278,3.63460041462943,2.8795368093071,0.162424112170922,0.200000007895096,-2.37491862114377,1.14225617234554,1.20999999999999,3.86333039698574,0.999999999986063,0.999999999980772,0.544999997772487,0.0577885800569688,4.97819576350102,10.2660260801806,1139.83465453992,0.0063883
3.6,-1.41868839322831,1.91646978553331,1.21999999898741,3.69519353122764,2.91473569159585,0.0893258459152576,0.200000005890334,-2.43752628326568,1.0851440301069,1.21999999999999,3.89915118330865,0.999999999961691,0.999999999941787,0.544999998338178,0.0462703623525089,4.84243235226052,10.4616088476898,1069.53883440743,0.0061563
3.65,-1.5394663596797,1.83350730207664,1.22999999924454,3.75509949570993,2.94467255854796,0.0177378911536764,0.200000004394694,-2.49714726050237,1.02664869255457,1.22999999999999,3.93602518510417,0.999999999984312,0.999999999980284,0.544999998760008,0.0549246157991585,4.69451004246748,10.6491499750525,1006.04768922092,0.0062615
3.7,-1.6583115137083,1.74550912410113,1.23999999943637,3.81422178893609,2.96973065242858,-0.0517849402817641,0.200000003278701,-2.55370852556579,0.966841805213942,1.23999999999998,3.97398910460731,0.999999999846571,0.999999999886573,0.544999999075041,0.0533366500520362,4.53460352101998,10.8281424265758,948.935152855443,0.0062263
3.75,-1.77486132996006,1.65256337811356,1.2499999995795,3.87354891834589,2.99007124768201,-0.121859985448333,0.200000002446238,-2.60714079953207,0.905796620399395,1.24999999999998,4.01307476565954,0.919083344867329,0.999999999999963,0.544999999309682,0.0463432006300804,4.36292425872757,10.9980868570189,897.751849725914,0.0057024
3.8,-1.88861481688608,1.55491664415161,1.25999999968628,3.9319544505079,2.99803318227612,-0.188631627443606,0.200000001824952,-2.65737863673975,0.843587907517843,1.25999999999998,4.05330784087216,0.877773956480514,0.999999999999441,0.544999999485046,0.0408754839008445,4.17972451608047,11.1584983655619,852.705245356374,0.0051108
3.85,-1.99903152107868,1.45291625603941,1.26999999976594,3.98812023626257,2.99856489144887,-0.247667765432736,0.200000001361493,-2.70436050498193,0.780291861508758,1.26999999999998,4.09470645581474,0.89989428886822,0.999999999929696,0.544999999614598,0.0364224651882054,3.98531256542017,11.3089250409984,813.12344447046,0.0055273
3.9,-2.10579303085865,1.34675247347528,1.27999999982534,4.04132896608268,2.99906212089561,-0.296776480874901,0.200000001014631,-2.7480288608893,0.715986009531408,1.27999999999998,4.13727969779141,0.912511722673022,0.999999999999996,0.544999999714407,0.0324899636595903,3.78004007473121,11.4489428278682,778.122462135943,0.0052309
3.95,-2.20869884478406,1.23652748579731,1.28999999986965,4.09120794508852,2.99953668558989,-0.335045078986575,0.200000000757597,-2.78833022040685,0.650749116012345,1.28999999999998,4.18102607152378,0.916089347154624,0.999999999999992,0.544999999786546,0.029161062692977,3.56428251144679,11.5781401555001,747.1820443529,0.0053106
4,-2.30754378473179,1.12238378696843,1.29999999990272,4.13760534571531,2.99994135333427,-0.362234054865934,0.200000000565488,-2.82521522427287,0.584661086168459,1.29999999999998,4.22593196053487,0.912551328966198,0.999999999999801,0.544999999840577,0.0290986386509445,3.33843570088152,11.6961176975661,719.802125588423,0.0057596
4.05,-2.40212744197964,1.00449946432521,1.30999999992741,4.18089164384987,3.00011249970732,-0.379659906229365,0.200000000422008,-2.85863869841528,0.517802868123224,1.30999999999998,4.27197017003154,0.773215851614011,0.999999999999762,0.544999999869654,0.0370483103731034,3.10291582872537,11.8024922238026,NaN,0.0038615
4.1,-2.49210035366106,0.883361868298767,1.31999999994558,4.22276423644796,2.98643589863942,-0.392275010965971,0.200000000304696,-2.88855970918772,0.450256353736066,1.31999999999998,4.31909864280289,0.439600319771939,0.999999999995283,0.544999999920411,0.0383347326355026,2.85816396898149,11.8969091450543,674.432676898683,0.0055579
4.15,-2.576778353767,0.760189049305233,1.32999999995902,4.26463565975259,2.93965748068974,-0.403379765121889,0.200000000233065,-2.91494161337557,0.382104278267051,1.32999999999998,4.36725945169603,0.110646715626291,0.999999999995934,0.544999999937045,0.0283537764423578,2.60467237583045,11.9790967577946,656.650694196446,0.0056167
4.2,-2.65537900055904,0.63663940274872,1.33999999996926,4.3053812077306,2.86163955904248,-0.408439359256676,0.200000000176406,-2.93775210291108,0.31343011900129,1.33999999999998,4.41637817780271,-0.137873542478878,0.99999999999709,0.544999999951457,0.0365348353049596,2.3430109971257,12.0489344089035,641.419917407283,0.0053164
4.25,-2.72735061366974,0.514195142852608,1.34999999997699,4.34512176399774,2.76135574081038,-0.406999889509267,0.200000000132717,-2.95696324424611,0.24431799295943,1.34999999999997,4.46636377976825,-0.314486494237678,0.999999999988806,0.544999999963023,0.0392800487964956,2.07381763073905,12.1064615036441,628.004474564438,0.0048744
4.3,-2.79240413903674,0.393995320774966,1.35999999998279,4.38539322524822,2.64600807998827,-0.402762521155075,0.200000000099438,-2.97255151234108,0.174852553822271,1.35999999999997,4.51710904430983,-0.431007161596912,0.999999999966398,0.54499999997231,0.0426525534541134,1.79777153820561,12.1518482629961,615.860981901516,0.0048345
4.35,-2.85044832316371,0.276876251301408,1.36999999998714,4.42683240624527,2.52174582307737,-0.396813659519364,0.200000000074517,-2.98449781923852,0.105118888198838,1.36999999999997,4.56849167997546,-0.495780215938872,0.999999999999996,0.544999999979034,0.0464398376150888,1.51557049025804,12.1853632652596,604.569748610793,0.0055202
4.4,-2.9015368219188,0.163413978041008,1.37999999999039,4.47006210330433,2.39371984061742,-0.390158707337232,0.200000000055648,-2.9927875371997,0.0352024113679363,1.37999999999997,4.62037607605671,-0.51606370116752,0.999999999980397,0.54499999998439,0.0505333180581261,1.22791375792554,12.2073454061935,593.799063490326,0.0062197
4.45,-2.94582646797917,0.0539590897476425,1.38999999999283,4.51565530683281,2.26623283639892,-0.383615524255183,0.200000000041599,-2.99741051639111,-0.0348112373765796,1.38999999999997,4.67261569925638,-0.497825519565952,0.9999999999935,0.544999999988257,0.0547354391234213,0.935489770517029,12.218179634142,583.277771880228,0.0065216
4.5,-2.98354212635662,-0.0513320305610903,1.39999999999464,4.5641081804039,2.14289997618763,-0.377780227677125,0.20000000003103,-2.99836109711528,-0.104836299646946,1.39999999999997,4.72505604724857,-0.446240798780937,0.999999999999859,0.544999999991217,0.0587939852465729,0.638967602839738,12.218276004575,572.776254622389,0.0058743
4.55,-3.01494614789125,-0.152469534563128,1.409999999996,4.6158015590662,2.02676006078378,-0.373005329017281,0.200000000023125,-2.99563811658592,-0.174787003019979,1.40999999999997,4.77753802729354,-0.365638057306435,1,0.544999999993459,0.0624524786407984,0.338991728662168,12.208051664926,562.094834837214,0.0055496
4.6,-3.04031083330876,-0.249605292573066,1.419999999997,4.67096398811657,1.92038982370987,-0.369411878768775,0.200000000017238,-2.9892449102512,-0.244577666104874,1.41999999999997,4.82990158674033,-0.260483895243332,0.999999999999517,0.544999999995129,0.0654093197379328,0.036179670021635,12.1879154673836,551.05685701161,0.0050872
4.65,-3.05989298604707,-0.343008647774082,1.42999999999776,4.72963666622371,1.82591956906334,-0.366919890149568,0.200000000012855,-2.97918930767153,-0.314122803493442,1.42999999999997,4.88198939683533,-0.135472742215882,0.999999999999997,0.544999999996365,0.0673764883757072,-0.268877710960349,12.1582549933568,539.503467926214,0.0053553
4.7,-3.07391070336164,-0.433039976899682,1.43999999999832,4.79164257074553,1.745040964664,-0.365282936925951,0.200000000009583,-2.96548362295947,-0.383337230466868,1.43999999999997,4.93365038579392,0.00413970895669909,0.999999999998351,0.54499999999727,0.0681441663447447,-0.575613478624598,12.1194261076238,527.293629826264,0.0054506
4.75,-3.0825238487067,-0.5201210212908,1.44999999999873,4.85657401030812,1.67897717530155,-0.364133725133708,0.200000000007127,-2.94814463979048,-0.452136167333833,1.44999999999997,4.98474293246701,0.15246218870838,0.999999999999986,0.544999999997995,0.0676174238755018,-0.883479738251718,12.0717453053747,514.306636303685,0.0055275
4.8,-3.08582039788877,-0.604701379775544,1.45999999999905,4.9238068230604,1.62843664268748,-0.363033441579018,0.200000000005322,-2.92719359099484,-0.52043534327521,1.45999999999997,5.03513756567123,0.303137367409727,0.999999999996796,0.544999999998513,0.0658390955146776,-1.19194107049944,12.0154852205495,500.44630326715,0.005648
4.85,-3.08381108683488,-0.687222384490065,1.46999999999928,4.99254256823815,1.59357192881664,-0.361514028102796,0.200000000003984,-2.90265613274364,-0.588151099570649,1.46999999999996,5.08471906108869,0.449470823524316,1,0.544999999998863,0.0630000095008911,-1.5004669964996,11.9508736335886,485.645331666701,0.0063243
4.9,-3.07643423997405,-0.768080662679116,1.47999999999945,5.06187651850174,1.57393833098585,-0.359110256075688,0.20000000000296,-2.87456231334607,-0.655200492082265,1.47999999999996,5.13338788070303,0.585521814032609,1,0.544999999999157,0.05936883997512,-1.80852440481053,11.8780961276812,469.865953886931,0.0058467
4.95,-3.06357073574281,-0.847596155138381,1.48999999999958,5.13087797929844,1.56855148570439,-0.355377546438445,0.200000000002201,-2.84294653668087,-0.721501392870525,1.48999999999996,5.18106095195383,0.706982177616825,0.999999999832173,0.544999999993738,0.0552121706897707,-2.11557098128868,11.7973022245344,453.111142345856,0.0053377
5,-3.045066179767,-0.925990591780065,1.49999999999955,5.19866173334588,1.57602943977418,-0.349892082295995,0.199999999996565,-2.80784752029241,-0.786972590817461,1.49999999999996,5.22767182918138,0.810370772714534,0.999999999999033,0.545000000004092,0.0508495906236167,-2.42105053115832,11.7086142366004,435.425161194166,0.0055965
5.05,-3.02075698563134,-1.0033769035971,1.50999999999947,5.26445021377422,1.59465286406697,-0.342255661998833,0.200000000000248,-2.76930824819009,-0.851533891132684,1.50999999999996,5.27317031446892,0.893630787824408,0.999999999992697,0.545000000001357,0.0465407741093805,-2.72439073245075,11.6121376921081,416.891241101961,0.0059713
5.1,-2.99049692590395,-1.0797584586271,1.51999999999951,5.32762049936857,1.62248722545652,-0.332109910594227,0.20000000000147,-2.72737591839949,-0.915106213618396,1.51999999999996,5.31752163688263,0.955412128961961,0.99999999999903,0.545000000000181,0.0425767066022201,-3.02500355979696,11.5079723416001,397.621153395438,0.0057316
5.15,-2.95418117949694,-1.15503647827847,1.52999999999959,5.38773786912856,1.65743678778333,-0.319168369623926,0.200000000001633,-2.68210188532269,-0.977611689570817,1.52999999999996,5.36070529862787,0.999255645465291,0.99999999998329,0.544999999999855,0.038825578727292,-3.3222882482238,11.3962227912299,377.761161617496,0.0061957
5.2,-2.91175980196723,-1.22903028812661,1.53999999999967,5.44453155342554,1.69773210611623,-0.303199617446583,0.200000000001502,-2.63354159697504,-1.03897375719705,1.53999999999996,5.40271369556108,0.999999678498431,0.999999999943492,0.544999999999833,0.0355127111866674,-3.61563625829502,11.2770078696603,357.486832441856,0.0062405
5.25,-2.86328735450184,-1.3014536120233,1.54999999999974,5.4978717729616,1.73909348252318,-0.283966343913058,0.200000000001352,-2.58175452717425,-1.09911725542842,1.54999999999996,5.4435506104542,0.999999999776915,0.999999999999995,0.544999999999552,0.0331699864445111,-3.9044384852171,11.1504691185385,337.022277878401,0.0063431
5.3,-2.80890481990423,-1.3719643637546,1.5599999999998,5.54783307679708,1.78144471398627,-0.261436706575785,0.200000000000949,-2.5268041027663,-1.15796851601368,1.55999999999996,5.48322966326916,0.999999994143591,0.999999999991472,0.544999999999721,0.0309785790067178,-4.18809670984212,11.0167809350584,316.553600540617,0.0062545
5.35,-2.7487692831755,-1.44025079706852,1.56999999999984,5.59460701635641,1.82472257070761,-0.23578215510138,0.200000000000698,-2.46875762597996,-1.21545545377803,1.56999999999996,5.52177278610024,0.999999999827447,0.999999999999996,0.544999999999775,0.029180611520789,-4.46602767016253,10.8761504235877,296.25766838244,0.0067051
5.4,-2.68304896793902,-1.5060315945355,1.57999999999987,5.63841088669677,1.86883504562928,-0.207230163692623,0.200000000000496,-2.40768619200886,-1.27150765493653,1.57999999999995,5.55920877350691,0.999996988362472,0.99999999999854,0.544999999999847,0.0279712660418996,-4.73766439840945,10.7288143286855,276.31969664098,0.0058988
5.45,-2.611920085488,-1.56905404681278,1.58999999999989,5.67953547813348,1.91365721843629,-0.176157591488586,0.200000000000358,-2.3436646019264,-1.32605646335351,1.58999999999995,5.59557194319913,0.975290437757571,0.999999999970488,0.544999999999863,0.0270777688467253,-5.00245717217974,10.5750360786485,256.912034114755,0.0052715
5.5,-2.5356151971377,-1.62905754157851,1.59999999999991,5.71831690234893,1.95660829143772,-0.143000458138219,0.200000000000235,-2.27677127104423,-1.3790350646423,1.59999999999995,5.63090092836744,0.93315574370779,0.999999999999241,0.544999999999942,0.026508812247786,-5.25987587787953,10.415104185178,238.229657788189,0.0049432
5.55,-2.45445938644671,-1.68575382862627,1.60999999999992,5.75509558550438,1.99589012890359,-0.108162553788071,0.200000000000183,-2.20708813283095,-1.43037856800271,1.60999999999995,5.66523761178924,0.887306031282851,0.999999999985833,0.544999999999959,0.026164828101697,-5.50941851258455,10.249334846193,220.431646373163,0.0056985
5.6,-2.36882742334263,-1.73886110825603,1.61999999999992,5.79020360425659,2.03111320897286,-0.0720427566872868,0.200000000000145,-2.13470053851223,-1.48002408569641,1.61999999999995,5.69862620324208,0.838306208929401,0.999999999997333,0.544999999999951,0.0258141283664073,-5.75061855065597,10.0780730858608,203.622094274346,0.0055613
5.65,-2.27911275088299,-1.78812307704579,1.62999999999993,5.82392519068779,2.06197076723873,-0.034979043627139,0.200000000000101,-2.05969715247857,-1.52791081006391,1.62999999999995,5.73111245552162,0.788823119963277,0.999999999999734,0.544999999999966,0.025183433369799,-5.98304790925992,9.90169083191644,187.864175563267,0.0062304
5.7,-2.18571899023087,-1.8333110685687,1.63999999999993,5.85644511031156,2.08844624258614,0.00286186992479557,0.20000000000007,-1.98216984363154,-1.57398008798931,1.63999999999995,5.76274301017136,0.7406633433039,0.999999571157729,0.544999999999978,0.0240440683593763,-6.20631846837981,9.72058429758204,173.187484248439,0.0056761
5.75,-2.08904850214046,-1.87422715395777,1.64999999999994,5.88780926920846,2.110714861533,0.0415713639102417,0.20000000000005,-1.90221357280376,-1.61817549272252,1.64999999999995,5.79356486150421,0.696492334959444,0.902519635304135,0.544999999998841,0.0227023695168135,-6.42008248842486,9.53517104093525,159.589407907981,0.005133
5.8,-1.98958593967253,-1.910942119242,1.65999999999991,5.91796769763156,2.12906257723183,0.0712801787403695,0.199999999999007,-1.8199262763921,-1.66044289297186,1.65999999999995,5.82362492625749,0.65773515743289,0.777443736546923,0.54499999993367,0.0216594785423899,-6.62403513177504,9.3458789227677,147.239136080618,0.0050312
5.85,-1.8878929063014,-1.94386432781675,1.66999999999837,5.94689588358213,2.14374551796041,0.0895062859745191,0.19999999993931,-1.73540874634806,-1.70073051918299,1.66999999999995,5.8529697059324,0.624575763060172,0.675676853350211,0.545000000036872,0.0207660922704269,-6.81792536552882,9.15310905489862,136.103762841533,0.0044646
5.9,-1.78447050030286,-1.97344461599592,1.67999999999617,5.97462901151658,2.15507540019484,0.0989619501715533,0.199999999972495,-1.64876450667301,-1.73898902692378,1.67999999999995,5.88164502923841,0.596705263108133,0.593731783372157,0.545000000011095,0.0200256288766339,-7.00155609802609,8.95721746409658,126.059422423954,0.0042225
5.95,-1.67972099968951,-2.00005403597381,1.68999999999504,6.00123162827666,2.16343039209975,0.101857505622679,0.19999999998248,-1.56009968657038,-1.77517155729792,1.68999999999995,5.90969586285995,0.573687449235541,0.528551497125,0.544999999997616,0.0194218522009975,-7.17477525353756,8.7585191678307,116.998719854532,0.0039891
6,-1.57396501465334,-2.02399368813135,1.69999999999411,6.02678947411373,2.16921542375757,0.0999738320442686,0.199999999980335,-1.46952289041039,-1.80923379431389,1.69999999999994,5.93716617980859,0.555001068040682,0.477470978523427,0.545000000003622,0.0189393532627865,-7.33746676765087,8.55729565458914,108.825208461776,0.0046187
6.05,-1.46745637716307,-2.0455037832928,1.70999999999321,6.05140091401643,2.1728316691199,0.0947321205789246,0.199999999983595,-1.37714506466677,-1.84113401913942,1.70999999999994,5.96409887578667,0.540078726561785,0.438179294809714,0.545000000008581,0.0185640465959886,-7.48954318287979,8.35380141958793,101.450526372004,0.0044133
6.1,-1.36039498560938,-2.06477194899046,1.71999999999258,6.07517053098925,2.17465510039003,0.087254606485282,0.199999999991317,-1.28307936198858,-1.87083316117515,1.71999999999994,5.99053572517491,0.52833872576302,0.408681924686218,0.545000000009829,0.0182831040693875,-7.63093962923845,8.14826963217348,94.7930477015239,0.0044508
6.15,-1.25293781185694,-2.08194079645288,1.72999999999237,6.0982044529942,2.17502279301711,0.0784166894630572,0.200000000000164,-1.18744100257343,-1.89829484588546,1.72999999999994,6.01651736940542,0.519209744587943,0.387265013482686,0.545000000006004,0.018084880422767,-7.76160899570207,7.94091700973139,88.7773318679077,0.00461
6.2,-1.14520826921781,-2.09711477116185,1.73999999999251,6.12060701276205,2.17422542251887,0.0688912649594269,0.200000000005567,-1.09034713301181,-1.92348543932787,1.73999999999994,6.04208333155334,0.512148962585947,0.372462274147768,0.545000000003307,0.0179588646539504,-7.88151811881458,7.73194797093392,83.3339381239483,0.0044694
6.25,-1.03730412718087,-2.11036631566859,1.74999999999287,6.14247843066595,2.17250444867558,0.0591861610914246,0.200000000008544,-0.991916682775216,-1.94637408932673,1.74999999999994,6.06727205195425,0.506654501611378,0.363024850034834,0.545000000001997,0.0178956463226288,-7.99064483394122,7.52155813858168,78.3993582683222,0.0044422
6.3,-0.929304144462633,-2.12174137862152,1.75999999999334,6.16391328432833,2.17005266718941,0.0496755661916149,0.200000000010341,-0.8922702185236,-1.9669327632408,1.75999999999994,6.09212094052128,0.502273165567117,0.357894190902422,0.545000000000524,0.0178868858078487,-8.08897575254158,7.30993725915497,73.9159386501385,0.0042943
6.35,-0.821273577292003,-2.13126430806784,1.76999999999387,6.18499958316843,2.16701703934395,0.0406262799090185,0.200000000010813,-0.79152979641038,-1.98513628227863,1.76999999999994,6.11666644219411,0.498604435992065,0.356177831435251,0.544999999999487,0.0179252813081857,-8.17650464526233,7.0972716025791,69.8317348854266,0.0041285
6.4,-0.71326870547449,-2.13894216989014,1.7799999999944,6.20581830635882,2.16350294081819,0.0322195452609427,0.200000000010351,-0.689818812565621,-2.00096235231969,1.77999999999994,6.14094411260659,0.495301596083702,0.357127871228979,0.544999999998798,0.0180045288485916,-8.2532313256176,6.88374590175117,66.1002846192271,0.0042393
6.45,-0.605340505058245,-2.14476853378825,1.78999999999489,6.2264432926884,2.15957917913376,0.024569133175196,0.200000000009269,-0.587261851940309,-2.01439159120342,1.78999999999994,6.16498870161737,0.49207070505048,0.360122239089342,0.544999980628273,0.0181192707684497,-8.3191609425873,6.66954488720222,62.6803054468022,0.0035738
6.5,-0.497537583558576,-2.14872676882905,1.79999999955949,6.24694139319799,2.15528330289781,0.0177362986860731,0.199999982574715,-0.483984535696591,-2.02540755245303,1.79999999999994,6.18883424281812,0.488668253219935,0.364646443029249,0.544999997698612,0.0182650561856276,-8.37430360269448,6.4548544680251,59.5353391614251,0.0034822
6.55,-0.38990848154735,-2.1507928938443,1.80999999863644,6.26737281734694,2.15062688768606,0.0117419269449074,0.199999980503466,-0.380113367330675,-2.03399674540476,1.80999999999993,6.21251414752478,0.484897535177232,0.37028093497668,0.545000003296116,0.0184382471406581,-8.41867425310758,6.23986260591554,56.6333535238421,0.0037711
6.6,-0.282503433314725,-2.15093802171999,1.81999999773578,6.28779161324859,2.14560055046686,0.00657668355460346,0.19999998346997,-0.275775577716646,-2.04014865171797,1.81999999999993,6.2360613020795,0.480604744519027,0.376686330393471,0.545000005059785,0.0186359824144558,-8.45229276712419,6.02475992471835,53.9463344554918,0.0040346
6.65,-0.175375669213162,-2.14913043574193,1.82999999702312,6.30824623664883,2.14017858964356,0.00220912047060531,0.199999988023777,-0.171098969260776,-2.04385573824588,1.82999999999993,6.25950816755085,0.475674655597793,0.383592276929925,0.545000004593884,0.0188560950739631,-8.47518418215886,5.809740094337,51.4498740403993,0.0040433
6.7,-0.0685823326751027,-2.14533733883093,1.83999999652767,6.32878017421729,2.13432316392485,-0.00140774018074852,0.199999992158273,-0.0662117593570295,-2.04511346625121,1.83999999999993,6.28288688112659,0.470026297029054,0.390787181390942,0.545000004133643,0.0190970453115495,-8.48737904812746,5.59500002364921,49.1227718918204,0.0043852
6.75,0.0378149237035252,-2.13952631012103,1.84999999622859,6.34943259084747,2.12798798717479,-0.00433113852366303,0.199999995878551,0.0387575766647101,-2.04392029695523,1.84999999999993,6.30622935865146,0.463608733317465,0.398109238823511,0.545000003081123,0.0193578520003029,-8.48891385098431,5.38073989342057,46.9466577193528,0.0041393
6.8,0.143749606514187,-2.13166650214662,1.85999999609184,6.37023897900117,2.12112154157337,-0.00662440107423895,0.199999998651562,0.143680462905479,-2.04027769341359,1.85999999999993,6.32956739787831,0.456397083837697,0.405438473601646,0.54500000236707,0.0196380276477315,-8.47983148220595,5.16716305679525,44.9056412091919,0.004193
6.85,0.249150265033577,-2.12172960950338,1.86999999607768,6.39123179327398,2.11366983283471,-0.00835368173721065,0.200000000781924,0.248428380386582,-2.03419011871656,1.86999999999993,6.35293278207736,0.448388820565613,0.412689813002399,0.545000001910993,0.0199375157120718,-8.46018173030054,4.95447583174322,42.9859921333304,0.0051252
6.9,0.353940547118453,-2.10969063750177,1.87999999615977,6.4124410577824,2.10557872003872,-0.0095854584335794,0.200000002501818,0.352873024468716,-2.0256650305159,1.87999999999993,6.37635738368829,0.439600397570344,0.419807011163094,0.545000001289559,0.0202566325370065,-8.43002177501672,4.74288720686801,41.1758519891353,0.0041266
6.95,0.458039390629531,-2.09552849688416,1.88999999631388,6.43389493758403,2.09679586014799,-0.0103846559534908,0.200000003662422,0.456886462008213,-2.01471287188494,1.88999999999993,6.39987326770497,0.430064234117311,0.426757346326573,0.545000000930521,0.0205960135491636,-8.38941666890266,4.53260847925409,39.4649768162856,0.0039441
7,0.561361318880161,-2.07922644846749,1.89999999651794,6.45562026837504,2.0872723099884,-0.0108132840908858,0.200000004499891,0.560341288058089,-2.00134705852336,1.89999999999993,6.42351279445222,0.419826027487921,0.433527047049796,0.545000000635705,0.0209565637084906,-8.33843979428005,4.32385284053582,37.8445098059677,0.0038447
7.05,0.663816813367618,-2.06077241932047,1.90999999675724,6.47764304102762,2.07696382576264,-0.0109294929097711,0.200000005072025,0.663110781922127,-1.98558396232204,1.90999999999993,6.44730872134821,0.408942408171883,0.440117331394642,0.545000000332319,0.0213394124476729,-8.27717328660466,4.1168349250959,36.3067818007767,0.0039198
7.1,0.76531274129331,-2.04015920994817,1.91999999701831,6.49998883936477,2.0658319006387,-0.0107869657627979,0.200000005371112,0.765069062371028,-1.96744289130845,1.91999999999993,6.4712943031414,0.397478908313731,0.446541012664252,0.545000000067015,0.0217458723539411,-8.2057084176437,3.91177033224982,34.8451373357345,0.0042033
7.15,0.865752819185497,-2.01738460997591,1.92999999728838,6.52268323093111,2.05384457703897,-0.0104345807892667,0.200000005431425,0.866091241830701,-1.94694606599692,1.92999999999992,6.49550338996509,0.385508219565281,0.452819610809331,0.544999999623976,0.0221774011750099,-8.12414593395508,3.70887513242429,33.4537837672971,0.0041881
7.2,0.965038097259725,-1.99245143790248,1.93999999755149,6.54575211143716,2.04097706690991,-0.00991628208679353,0.200000005093003,0.966053579354029,-1.9241185921731,1.93999999999992,6.51997052236014,0.373108727588776,0.458980911807283,0.544999999318318,0.0226355666090096,-8.03259634785232,3.50836536568589,32.1276610621509,0.0039613
7.25,1.06306745208152,-1.96536751867735,1.9499999977908,6.5692220041517,2.02721221110355,-0.00927111106499184,0.200000004479489,1.06483363218895,-1.89898843014577,1.94999999999992,6.54473102217195,0.360363279501296,0.465056891949615,0.544999999269988,0.023122012439745,-7.93118017942611,3.31045653951037,30.8623298388401,0.0037909
7.3,1.15973807764631,-1.93614561123621,1.95999999799835,6.59312031573454,2.01254080386785,-0.00853335953332894,0.200000003822478,1.16231040575745,-1.87158636050391,1.95999999999992,6.56982107792377,0.34735817283173,0.471082012178395,0.544999999366,0.0236384258395049,-7.82002814930612,3.11536313139131,29.6538755157962,0.0037246
7.35,1.254945967169,-1.90480329656094,1.96999999817521,6.61747554997957,1.99696180672135,-0.00773280731511447,0.200000003251878,1.25836450186196,-1.84194594642103,1.96999999999992,6.59527782289778,0.334182337993823,0.477091789788443,0.544999999499952,0.0241865042443377,-7.69928132272344,2.92329810075012,28.4988265300345,0.0042023
7.4,1.348586379754,-1.87136283535191,1.97999999832655,6.64231748069534,1.98048247273684,-0.00689501821367427,0.200000002801835,1.35287826493801,-1.81010349255304,1.97999999999992,6.62113940370807,0.320926688374147,0.483121620874936,0.544999999620542,0.0247679208232636,-7.56909120610869,2.73447241362975,27.3940848124818,0.0051668
7.45,1.44055428771508,-1.83585100311361,1.98999999845811,6.66767728444904,1.96311839930494,-0.00604167166706176,0.200000002460323,1.44573592617409,-1.77609800058015,1.98999999999992,6.64744503661745,0.307683614766512,0.489205812533436,0.544999999721849,0.02538428731867,-7.42961979796143,2.54909458281016,26.3368668993715,0.0056338
7.5,1.53074480164124,-1.79829890924226,1.99999999857486,6.69358763323754,1.94489352487037,-0.00519091213512107,0.200000002209987,1.53682374532276,-1.73997112144728,1.99999999999992,6.67423504822334,0.294546601031618,0.495376788916957,0.544999999819339,0.0260371129801324,-7.28103959608106,2.36737022526522,25.324654245424,0.0046445
7.55,1.61905357139993,-1.75874180560265,2.0099999986813,6.7200827463261,1.92584008264336,-0.00435770212706536,0.200000002047392,1.62603015002942,-1.7017671043618,2.00999999999992,6.70155089640939,0.281609938833361,0.50166443842061,0.544999999908165,0.026727758251118,-7.12353356348332,2.18950163827778,24.3551514769854,0.0047529
7.6,1.70537716215505,-1.71721888908314,2.0199999987816,6.74719839953293,1.90599852195578,-0.00355416806489925,0.200000001964741,1.71324587250853,-1.66153274261103,2.01999999999992,6.72943516662297,0.26896851966691,0.508095568705293,0.544999999982797,0.0274573818783539,-6.95729505546121,2.01568739503147,23.4262514814699,0.0039984
7.65,1.78961340518309,-1.67377310172672,2.02999999887945,6.77497188916004,1.8854174056766,-0.00278993133945782,0.200000001949258,1.79836408340019,-1.61931731626598,2.02999999999992,6.75793153759431,0.256717682341132,0.514693444519944,0.545000000040996,0.0282268801000669,-6.78252771030509,1.84612196009483,22.536006370075,0.004369
7.7,1.87166172381748,-1.62845093124356,2.03999999897784,6.80344194660343,1.86415328987822,-0.00207241908285171,0.200000001986154,1.88128052264354,-1.57517253184175,2.03999999999992,6.78708470956705,0.244953093143082,0.521477384088588,0.545000000080142,0.0290368166392263,-6.59944530618941,1.68099532489336,21.6826034753581,0.0044432
7.75,1.95142343525329,-1.58130221400572,2.04999999907895,6.83264859844525,1.84227058966575,-0.00140715118274459,0.200000002058282,1.96189362720688,-1.52915245898836,2.04999999999992,6.81694028697928,0.233770635809113,0.528462393294238,0.545000000093385,0.0298873423597279,-6.40827158667946,1.52049266302104,20.8643456545971,0.0050049
7.8,2.02880202922221,-1.53237994200871,2.05999999918396,6.86263296557662,1.81984143282659,-0.0007980016672334,0.200000002142329,2.0401046555184,-1.4813134642897,2.05999999999991,6.8475446063533,0.223266287303037,0.535658819768697,0.545000000076781,0.0307781036918496,-6.20924005722347,1.36479400506389,20.0796352637562,0.0046026
7.85,2.10370342471768,-1.48174007475301,2.06999999929281,6.89343699367444,1.79694550062711,-0.000247433903528663,0.200000002211432,2.11581780844535,-1.43171414225155,2.06999999999991,6.87894449897462,0.213535953616159,0.543072014493457,0.544999999986559,0.0317081392993754,-6.00259375488507,1.21407393248737,19.3269612466256,0.0045438
7.9,2.17603620602322,-1.42944135654625,2.07999999940308,6.92510310622861,1.77366985261775,0.000243290151256803,0.200000002199335,2.1889403466734,-1.3804152435631,2.07999999999991,6.91118697685067,0.204675240038705,0.550701983895244,0.544999999890965,0.0326757651721164,-5.78858499344857,1.06850129006689,18.604888850159,0.0045252
7.95,2.24571183929952,-1.37554513936291,2.08999999951059,6.95767377039996,1.75010872990509,0.000673924998849695,0.200000002101203,2.25938270434242,-1.32747960071954,2.08999999999991,6.94431882955762,0.196779124763876,0.558543040116524,0.544999999751193,0.0336784489277453,-5.56747508590389,0.928238916310096,17.9120515334399,0.0043626
8,2.31264487090663,-1.32011521110102,2.09999999961005,6.99119096539728,1.72636332845406,0.00104508031947234,0.200000001877276,2.32705859879912,-1.27297205109647,2.09999999999991,6.97838611907318,0.189941510380269,0.566583426379546,0.54499999967022,0.0347126758481408,-5.3395340461952,0.793443391320747,17.2471446796195,0.0044208
8.05,2.37675310852026,-1.26321762887097,2.10999999969649,7.02569554301667,1.70254153170387,0.00135808021688113,0.200000001580474,2.39188513633139,-1.2169593575698,2.10999999999991,7.01343355977319,0.184254617872004,0.574804946510763,0.544999999653203,0.0357738102683532,-5.10504027200608,0.664264801581712,16.6089207703213,0.0042742
8.1,2.43795778593619,-1.20492055682301,2.11999999976772,7.06122647070994,1.67875758857809,0.00161484240680855,0.200000001268357,2.45378291375374,-1.1595101267777,2.11999999999992,7.04950377171059,0.179808187343708,0.583182611829578,0.544999999411362,0.0368559583883162,-4.86428021025515,0.540846521177456,15.996185781722,0.0038057
8.15,2.49618371219843,-1.14529410793965,2.12999999981789,7.09781994931544,1.65513171985849,0.0018177771644447,0.200000000738582,2.512676115718,-1.10069472512371,2.12999999999992,7.08663639742609,0.176688499920241,0.591684224479247,0.544999999478567,0.0379518422053909,-4.61754800689908,0.423325009030581,15.4077961612395,0.0035045
8.2,2.55135940565907,-1.08441018934207,2.13999999984309,7.13550840091384,1.63178963764152,0.00196969545760348,0.200000000269293,2.56849260762763,-1.04058519262307,2.13999999999992,7.12486707622659,0.174977131947266,0.600270087354568,0.54500000026793,0.0390526929128284,-4.36514514258228,0.311829621780748,14.8426567859851,0.0038798
8.25,2.60341721340618,-1.02234235075536,2.14999999986258,7.17431932707284,1.60886195419821,0.00207373342087703,0.20000000051043,2.62116402403938,-0.979255154696249,2.14999999999992,7.1642262754937,0.174749386509213,0.608892968204447,0.54499999997639,0.0401481818345734,-4.10738005561338,0.206482441971734,14.2997197888414,0.0037026
8.3,2.65229341567323,-0.959165635721898,2.15999999988757,7.21427404477674,1.58648345225128,0.00213331023588044,0.200000000489181,2.67062585244029,-0.916779732016674,2.15999999999992,7.20473798649795,0.176072674668023,0.617497685325367,0.544999999727554,0.0412264081427123,-3.84456775374213,0.107398121251013,13.777982344915,0.0038558
8.35,2.69792831560811,-0.894956435759447,2.1699999999059,7.25538631740027,1.56479221564119,0.00215206467193767,0.20000000024398,2.71681751229334,-0.853235448521458,2.16999999999992,7.24641830263242,0.179004452519259,0.626021372635174,0.544999999533862,0.0422739531638062,-3.57702941624131,0.0146837383074192,13.2764860261824,0.0042963
8.4,2.74026631475092,-0.829792347906155,2.17999999990761,7.29766090944212,1.54392858038948,0.00213382204660116,0.199999999824455,2.75968242925042,-0.788700137696534,2.17999999999993,7.2892739109739,0.183590050162458,0.634393749816588,0.54499999944276,0.0432760329701297,-3.30509198771807,-0.0715613287754144,12.794315685136,0.0046561
8.45,2.77925597391598,-0.763752036141004,2.18999999988629,7.3410921077847,1.52403390083369,0.00208256623987253,0.199999999322939,2.79916810443652,-0.723252847249754,2.18999999999993,7.333300543326,0.189860337650889,0.642537733311946,0.544999999514849,0.0442167595388401,-3.02908776511028,-0.151245516106626,12.3305985536647,0.0044923
8.5,2.81485005981482,-0.696915097634634,2.19999999984153,7.38566226823347,1.50524911968054,0.00200241945988966,0.199999998886303,2.83522617871543,-0.656973742287794,2.19999999999993,7.37848144963269,0.197829338599354,0.650370399972176,0.54499999954368,0.045079525221072,-2.74935397931007,-0.224285173950381,11.884503454581,0.0044591
8.55,2.84700557787909,-0.629361934984862,2.20999999977558,7.43134046163508,1.4877131418639,0.00189762787685602,0.199999998475615,2.86781249185379,-0.589944007115051,2.20999999999993,7.42478597353421,0.207491920467075,0.657804352755878,0.544999999262086,0.0458475139983275,-2.46623237282012,-0.290604653601767,11.4552401112792,0.0040721
8.6,2.87568379206787,-0.56117363572689,2.21999999968275,7.47808130815968,1.47156102449629,0.00177255128830219,0.199999997811493,2.89688713650766,-0.52224574577493,2.21999999999993,7.47216832491245,0.218821736517182,0.664749499384016,0.544999999088655,0.0465043295981659,-2.18006877478627,-0.350136381838737,11.0420585368765,0.0045156
8.65,2.90085023287727,-0.49243186036113,2.22999999955282,7.52582409859843,1.45692201171417,0.00163165330552949,0.199999996991283,2.9224145069641,-0.453961881456236,2.22999999999993,7.52056665502552,0.23176950872447,0.671115159222735,0.544999998363627,0.0470347153361032,-1.89121267465154,-0.402820923740953,10.6442486319588,0.0037899
8.7,2.92247469538752,-0.423218740148763,2.23999999936557,7.5744923051402,1.44391745054552,0.00147948047611998,0.199999995518547,2.94436334257896,-0.385176054889456,2.23999999999994,7.56990254341969,0.246261956657256,0.676812556373917,0.544999998442079,0.0474253240106052,-1.60001679552547,-0.448607034788397,10.2611397987342,0.0037425
8.75,2.940531229773,-0.353616785581764,2.24999999910644,7.623993578619,1.43265865240155,0.00132062968332206,0.199999994116418,2.96270676586199,-0.315972521859655,2.24999999999994,7.62008099947462,0.262201396666101,0.68175774268676,0.544999997370828,0.0476654770798425,-1.30683666814777,-0.487451703268889,9.89210064484783,0.0036554
8.8,2.95499812659773,-0.283708805791085,2.25999999875311,7.67422031228801,1.42324476549255,0.00115971772328537,0.199999991750163,2.97742231517011,-0.246436049964254,2.25999999999994,7.67099106310066,0.279466344769264,0.685874364461748,0.544999997815712,0.0477478475181456,-1.01203020607824,-0.519320184078788,9.53653860989778,0.0039616
8.85,2.96585789977729,-0.213577838545801,2.26999999829147,7.72505082344673,1.41576075405415,0.00100132032002939,0.199999989784304,2.98849197197978,-0.176651814745134,2.26999999999994,7.7225070580128,0.297913194906262,0.689095649222223,0.545000013822203,0.0476689856072401,-0.71595728250518,-0.544186025000094,9.19389943970167,0.0046259
8.9,2.97309727282561,-0.143307089554055,2.27999999809168,7.77635116383054,1.41027558209321,0.000849803210897031,0.200000002224287,2.99590218271891,-0.106705295325064,2.27999999999994,7.77449050833207,0.317377790168464,0.691371277534704,0.545000004185383,0.0474296537097382,-0.418979308655805,-0.562031086457824,8.86366651857849,0.0056243
8.95,2.97670716208376,-0.072979880047569,2.28999999829707,7.82797752435257,1.40684059208254,0.000709579596496807,0.200000005991132,2.99964387514709,-0.0366821696785444,2.28999999999994,7.82679267842122,0.337680386478575,0.69266281640455,0.545000000426865,0.0470348468386056,-0.121458813566554,-0.572845555621278,8.54535956590541,0.0051563
9,2.97668266614399,-0.00267959993454621,2.29999999860623,7.8797791447457,1.40548839966772,0.000584645899777421,0.20000000637531,2.99971246927991,0.0333317903333027,2.29999999999995,7.87925764234911,0.358628765003817,0.692949928252356,0.544999999132257,0.0464936009652425,0.176240974461015,-0.576627955591781,8.23853289258313,0.0047009
9.05,2.97302306855781,0.0675103373130616,2.30999999890547,7.93160159432895,1.40623210209825,0.000478598042435099,0.200000005594342,2.99610788285831,0.103250824035032,2.30999999999995,7.93172574007632,0.380023259164934,0.692229999749189,0.544999998830732,0.0458185007692837,0.473756546208414,-0.573385150002934,7.94277302939059,0.0043595
9.1,2.96573184544631,0.137506540465495,2.31999999915888,7.98329025630513,1.40906499077235,0.000394517130534508,0.200000004542,2.98883453136747,0.172989286988619,2.31999999999995,7.98403723943928,0.401661741805664,0.690518159218262,0.544999998898051,0.045024981912157,0.770724530347121,-0.563132343107539,7.65769573614474,0.0039929
9.15,2.95481668108349,0.207225690603476,2.32999999936119,8.03469382343086,1.41396074987681,0.000334861473454288,0.200000003550246,2.97790132261165,0.24246175589801,2.32999999999995,8.03603600212877,0.42334456391888,0.687846491175431,0.54499999907684,0.0441304921366945,1.06678211341044,-0.545893075098072,7.38294247315828,0.0039502
9.2,2.94028949031842,0.276584598439509,2.33999999951793,8.08566761317721,1.42087412732126,0.000301374072744839,0.200000002719403,2.96332164585284,0.311583133240717,2.33999999999995,8.08757295145082,0.444879151733912,0.684262528470265,0.544999999266769,0.0431535934342733,1.36156746167881,-0.521699212081225,7.11817648988795,0.003934
9.25,2.92216644582763,0.345500271298344,2.3499999996374,8.13607652879706,1.42974203667757,0.000295014413756943,0.200000002059495,2.94511335552206,0.380268751501332,2.34999999999995,8.13850915978964,0.466084015138512,0.679827157881708,0.544999999433317,0.0421130893581936,1.65472014556875,-0.490590929854936,6.86307874498623,0.0046815
9.3,2.90046800750513,0.413889991359542,2.35999999972763,8.18579752739431,1.44048502610573,0.000315921813086263,0.20000000154948,2.92329874951415,0.448434476882093,2.35999999999996,8.18871841113953,0.486791987743805,0.674612114042345,0.544999999568481,0.0410272484719665,1.94588156687868,-0.452616690434403,6.61734389980443,0.0051544
9.35,2.87521895088089,0.481671405843736,2.36999999979539,8.23472150206705,1.4530090341394,0.000363414868682929,0.200000001161113,2.89790454207963,0.515996812365682,2.36999999999996,8.23808914306361,0.506852598128566,0.668697252614809,0.544999999674122,0.0399131740266236,2.23469538895218,-0.407833210158753,6.38067662045047,0.0056049
9.4,2.84644839134085,0.548762628892329,2.37999999984612,8.28275453576276,1.46720734374061,0.000436028234582866,0.200000000867823,2.86896183133213,0.582873000005288,2.37999999999996,8.28652572591767,0.526133551143918,0.662167787591498,0.544999999755009,0.038786345718603,2.52080796950001,-0.356305418188819,6.15278838479418,0.0048346
9.45,2.81418980109232,0.615082354048699,2.38999999988399,8.32981853306328,1.48296264514971,0.000531584512855139,0.200000000647331,2.83650606139598,0.648981122316887,2.38999999999996,8.33394908823577,0.544521367578965,0.65511165362106,0.544999999816171,0.0376603364112277,2.80386879550572,-0.298106404274709,5.93339492972668,0.0043637
9.5,2.77848101623053,0.68054997557641,2.39999999991223,8.37585127736183,1.50014912376946,0.000647296015537424,0.200000000481885,2.80057697922623,0.714240202648798,2.39999999999996,8.38029674024047,0.561921283241859,0.647617118628866,0.544999999861309,0.0365466884052162,3.08353091935293,-0.233317354816357,5.72221440315293,0.0039749
9.55,2.73936423184595,0.745085716393699,2.4099999999332,8.42080599138367,1.51863450003117,0.000779888886743145,0.200000000357063,2.76121858614231,0.778570304404014,2.40999999999996,8.42552227901815,0.578256541714653,0.639770731404385,0.544999999895905,0.0354549219264477,3.3594513950759,-0.162027476441453,5.51896621702303,0.0039338
9.6,2.69688598378487,0.808610760177408,2.41999999994871,8.46465049743835,1.53828196202892,0.000925740809173065,0.200000000263377,2.71847908412588,0.841892628991692,2.41999999999997,8.46959447772884,0.593467229378132,0.631655648942288,0.544999999922849,0.034392642980351,3.63129171346247,-0.0843339065604438,5.32337054168417,0.0038606
9.65,2.65109711636054,0.871047385177756,2.42999999996014,8.50736608073305,1.55895194687172,0.00108102327345024,0.200000000193941,2.67241081694277,0.904129612385495,2.42999999999997,8.51249606798636,0.607508799304286,0.623350353757085,0.544999999943564,0.0333657176796425,3.89871823463367,-0.000341610605285632,5.13514834317521,0.0038785
9.7,2.60205273594424,0.932319097450326,2.43999999996857,8.54894615641166,1.5805037416183,0.00124184005548349,0.200000000143149,2.62307020615857,0.965205020168248,2.43999999999997,8.55422232129483,0.620350417173323,0.614927744081705,0.544999999959004,0.032378483727914,4.16140261668679,0.0898367341024786,4.95402184480855,0.0038655
9.75,2.54981215089936,0.992350761503692,2.44999999997481,8.58939483128952,1.60279688821044,0.00140435486955853,0.200000000106253,2.57051768212586,1.02504404094446,2.44999999999997,8.59477952490076,0.631973241780333,0.606454561043245,0.544999999967127,0.0314339753874583,4.41902223900896,0.186080867693102,4.77971529027995,0.0040064
9.8,2.49443879873199,1.05106872672907,2.45999999997938,8.6287254372272,1.62569238829591,0.00156490290484444,0.200000000076667,2.51481761002958,1.08357337800472,2.45999999999997,8.63418343246566,0.642368727902111,0.5979911051531,0.544999999973875,0.0305341446043611,4.67126061893633,0.288263089956077,4.61195589364302,0.0041989
9.85,2.43600016161448,1.10840094837419,2.46999999998263,8.6669590971618,1.64905371280023,0.00172008275758668,0.200000000053154,2.45603821108405,1.14072133912849,2.46999999999997,8.67245775311203,0.651537018305174,0.589591191425306,0.544999999981164,0.0296800666241299,4.91780782053642,0.396248414926599,4.45047487713301,0.0039805
9.9,2.3745676715971,1.16427710221097,2.47999999998486,8.70412336888202,1.67274762792745,0.00186682718053246,0.200000000036201,2.39425147898232,1.19641792441475,2.47999999999998,8.70963272562853,0.65948546654458,0.581302290849864,0.544999999987864,0.0288721236539015,5.15836085441592,0.509894737259789,4.29500851732647,0.0038897
9.95,2.31021660687552,1.2186286923976,2.4899999999864,8.74025099702759,1.69664485351576,0.00200245254244912,0.200000000025279,2.32953309170447,1.2505949120327,2.48999999999998,8.74574380929874,0.66622731588792,0.573165810607005,0.544999999993309,0.0281101637051744,5.39262406759099,0.629053009734344,4.14529913984273,0.0042466
10,2.24302598045557,1.27138915233203,2.49999999998751,8.77537879129518,1.7206205722139,0.00212468812852242,0.200000000019257,2.26196231879718,1.30318594178749,2.49999999999998,8.78083050972895,0.671780545330771,0.565217471319343,0.544999999995063,0.0273936344412097,5.62030952259325,0.753567431192629,4.0010960210104,0.00448
10.05,2.17307842246827,1.32249393853197,2.50999999998836,8.8095466387383,1.74455480897336,0.00223168733798383,0.200000000014813,2.19162192424215,1.35412659639942,2.50999999999998,8.81493534751079,0.676166881399794,0.557487745475485,0.544999999996332,0.0267216936026911,5.84113736511475,0.883275644216362,3.86215617048332,0.0045668
10.1,2.10046005726237,1.37188061775339,2.51999999998902,8.84279665036854,1.76833270008595,0.00232202333923997,0.200000000011512,2.11859806503603,1.40335448039731,2.51999999999998,8.84810296954713,0.679410969798699,0.550002329245475,0.544999999998732,0.0260932984080245,6.05483617961448,1.01800894184989,3.72824498109961,0.0046225
10.15,2.02526037625291,1.41948894768198,2.52999999998957,8.87517243677507,1.79184467021028,0.00239467210161359,0.200000000010371,2.04298018560918,1.45080929653057,2.52999999999998,8.88037939715968,0.68153969297957,0.542782624825885,0.545000000000862,0.0255072768437757,6.26114333241441,1.15759248271078,3.59913674185807,0.0043306
10.2,1.94757210734833,1.46526095160641,2.53999999999011,8.90671850385824,1.814986534207,0.0024489856968669,0.200000000011147,1.96486090821503,1.49643291960688,2.53999999999999,8.9118114013411,0.682581618512287,0.535846216663326,0.544999999999199,0.024962383711257,6.45980530190304,1.30184551386505,3.47461501660907,0.004142
10.25,1.86749108162965,1.50914098751635,2.54999999999065,8.93747975766313,1.83765953883262,0.00248465861868754,0.200000000010426,1.88433591942645,1.54016946766617,2.54999999999999,8.94244599333028,0.682566561707906,0.529207329355469,0.544999999998633,0.0244573441487847,6.65057799553927,1.45058160088719,3.35447289570383,0.0039673
10.3,1.78511609781951,1.55107581207271,2.55999999999114,8.96750110633963,1.85977035742025,0.0025016895714384,0.200000000009196,1.80150385287973,1.58196537040423,2.55999999999999,8.97233001770783,0.681525248206181,0.522877260338575,0.544999999998714,0.0239908869469831,6.83322705340967,1.60360886456989,3.23851313067232,0.003883
10.35,1.70054878495398,1.59101463987949,2.56999999999157,8.99682714712563,1.88123104898038,0.00250034097315946,0.200000000008038,1.71646616841084,1.62176943476314,2.56999999999999,9.001509835101,0.67948905928072,0.516864781303058,0.544999999998927,0.0235617698418002,7.0075281381398,1.76073022379239,3.12654816390075,0.0041092
10.4,1.61389346356381,1.62890919845316,2.57999999999195,9.02550192670047,1.90195899117664,0.00248109793106254,0.200000000007073,1.62932702773299,1.65953290760866,2.57999999999999,9.0300310820785,0.676489846899838,0.511176506362811,0.544999999999043,0.0231687984296658,7.17326721099608,1.92174364409775,3.01840006586835,0.0039821
10.45,1.52525700558699,1.66471377924262,2.58999999999228,9.05356876407374,1.92187679509995,0.00244462813412423,0.200000000006211,1.54019316680813,1.69520953541844,2.58999999999999,9.05793849668692,0.672559805912482,0.505817226171404,0.544999999998936,0.0228108401426293,7.3302407940407,2.08644239156681,2.91390039267955,0.004201
10.5,1.4347486931644,1.69838528500452,2.59999999999257,9.08107012618924,1.94091220828937,0.00239174376241409,0.200000000005254,1.44917376506914,1.72875562090845,2.59999999999999,9.08527579916443,0.667731392792728,0.500790208501651,0.544999999999042,0.0224868344212723,7.47825621822098,2.25461529160955,2.8128899763111,0.0046587
10.55,1.34248007641672,1.72988327379005,2.60999999999281,9.10804754752871,1.95899801120461,0.00232336620172769,0.200000000004392,1.35638031165289,1.76013007652857,2.61,9.11208561854352,0.662037281374801,0.496097466700121,0.544999999999399,0.0221957999927449,7.61713185728674,2.42604699232261,2.71521865938631,0.0045533
10.6,1.24856483026142,1.75916999975008,2.61999999999301,9.13454158611017,1.97607191123682,0.00224049408603159,0.200000000003851,1.26192646880818,1.78929447476226,2.62,9.13840945703664,0.655510347852369,0.491739997898112,0.545000000000053,0.0219368399714817,7.74669734743692,2.60051823208489,2.62074498550785,0.0046273
10.65,1.15311861030171,1.78621045092064,2.62999999999321,9.16059180933896,1.99207643743638,0.00214417495919691,0.200000000003899,1.16592793264558,1.81621309516887,2.63,9.16428768523135,0.648183678597935,0.487717993271833,0.545000000000629,0.0217091453361443,7.86679379260142,2.77780611108144,2.52933585526948,0.0042659
10.7,1.05625890780311,1.81097238410834,2.63999999999341,9.18623680415283,2.00695883837889,0.00203548067060156,0.200000000004465,1.06850229139971,1.8408529681112,2.64,9.18975956217201,0.640090595429768,0.484031022677973,0.54500000000091,0.0215119972193407,7.977273955266,2.95768436646012,2.44086615713512,0.0039982
10.75,0.958104903764771,1.83342635695853,2.64999999999366,9.21151420678918,2.02067098496208,0.00191548647200533,0.200000000005284,0.969768881377141,1.86318391511485,2.65,9.21486327535293,0.631264694098655,0.480678196068593,0.545000000000798,0.0213447683385015,8.07800243274964,3.1399236508353,2.35521838137812,0.0040874
10.8,0.85877732209156,1.85354575725642,2.65999999999394,9.23646074828633,2.03316927943066,0.00178525367947346,0.200000000006002,0.869848640766447,1.88317858581009,2.66,9.23963599648918,0.621739892534861,0.477658303965943,0.545000000000315,0.0212069238215148,8.16885581884399,3.32429181385981,2.27228222431379,0.0038828
10.85,0.758398281876605,1.87130682948407,2.66999999999425,9.26111231251251,2.04441457152357,0.0016458156880369,0.200000000006285,0.768863961488849,1.90081249141097,2.67000000000001,9.26411394966342,0.611550486199206,0.474969939132946,0.545000000000114,0.0210980216162289,8.24972285072537,3.51055418658959,2.19195418910936,0.0038972
10.9,0.657091148811821,1.88668869863325,2.67999999999456,9.28550400410086,2.05437208232911,0.00149816707648661,0.200000000006388,0.666938539270905,1.91606403469081,2.68000000000001,9.28833248907812,0.600731208441998,0.472611601440108,0.545000000000185,0.0210177126201807,8.32050454105131,3.69847386836699,2.11413718852375,0.0038985
10.95,0.554980385754697,1.89967339125595,2.68999999999489,9.30967022416402,2.06301133619266,0.00134325551637739,0.200000000006554,0.564197222122524,1.92891453641732,2.69000000000001,9.31232618417819,0.589317294410112,0.470581787652759,0.545000000000182,0.0209657406314776,8.38111429515568,3.88781201594745,2.03874015407645,0.0039557
11,0.45219140249219,1.91024585372012,2.69999999999522,9.33364475207652,2.07030610085282,0.00118197618497052,0.200000000006718,0.460765857405669,1.93934825821489,2.70000000000001,9.33612891035914,0.577344547414263,0.468879067700492,0.544999999999859,0.0209419421836637,8.43147801325988,4.07832813459172,1.96567765530083,0.0040396
11.05,0.348850404756026,1.9183939676282,2.70999999999555,9.35746083195578,2.07623433585805,0.00101516838572422,0.200000000006591,0.356771137680826,1.94735242182617,2.71000000000001,9.35977394384988,0.564848738912612,0.467502403007479,0.544999982711863,0.0209462378829211,8.47153417762255,4.2697803708423,1.89486947666813,0.0037709
11.1,0.245084244171524,1.92410856158904,2.7199999996069,9.38115126167535,2.08077808358449,0.000843643522787528,0.199999984447268,0.252340445519834,1.9529172247493,2.72000000000001,9.38329405966529,0.551868597999119,0.466450078085075,0.544999998484158,0.020978673309222,8.50123392461001,4.46192580667223,1.82624045073343,0.0036438
11.15,0.141020263743835,1.92738342193789,2.72999999879516,9.40474848806106,2.08392365769387,0.00066808856851431,0.199999983083011,0.147601697474942,1.9560358522315,2.73000000000002,9.40672163177075,0.538441087094266,0.465721599882286,0.545000004210801,0.0210393385211961,8.52054110165547,4.65452075470319,1.75971988589756,0.0039812
11.2,0.0367861436017864,1.92821529996794,2.73999999804405,9.42828470142157,2.08566136060498,0.000489171942995635,0.199999986872731,0.042683187395005,1.95670448560443,2.74000000000002,9.43008873479478,0.524604960506189,0.465316375150392,0.545000005022174,0.0211284440047348,8.52943230858483,4.8473210544153,1.69524138309474,0.0042811
11.25,-0.0674902497883609,1.92660391429949,2.74999999750069,9.45179192980167,2.08598556053214,0.000307512960058818,0.199999991392688,-0.0622865707194575,1.95492230695111,2.75000000000002,9.45342724677419,0.510399926772131,0.465234080310935,0.545000004530127,0.0212462854321867,8.52789692383095,5.04008236876762,1.6327425103417,0.0045921
11.3,-0.171681017075449,1.92255195136061,2.75999999717225,9.47530213744899,2.08489468362638,0.000123681133911162,0.199999995469802,-0.167179000130042,1.95069150009849,2.76000000000002,9.47676895252145,0.495866661960244,0.465474716461023,0.54500000328204,0.0213932472072438,8.51593711539805,5.23256048097994,1.57216451363626,0.0042149
11.35,-0.275658379646748,1.91606506273412,2.76999999701958,9.49884732286922,2.08239120780671,-6.1797441807126e-05,0.199999998423638,-0.271865618850449,1.94401724793467,2.77000000000002,9.50014564727225,0.481046930506058,0.466038587426346,0.545000002102864,0.0215698022232307,8.49356783646861,5.42451159120803,1.51345205262219,0.0040209
11.4,-0.379294833250056,1.90715185930473,2.77999999698808,9.522459616947,2.07848166888716,-0.000248435797846622,0.200000000316216,-0.376218197019946,1.93490772605393,2.78000000000002,9.52358924030231,0.465983630000676,0.466926316907707,0.545000001290809,0.0217765101070155,8.46081680564879,5.61569261279266,1.45655295302282,0.0035704
11.45,-0.482463301504493,1.89582390220273,2.78999999703294,9.54617138086489,2.07317667116843,-0.000435779292853688,0.200000001477944,-0.48010891396772,1.92337409273729,2.79000000000003,9.54713185819892,0.450720890233633,0.468138829538538,0.545000000896153,0.0220140142607321,8.41772447185466,5.80586146776418,1.40141796651804,0.0035361
11.5,-0.585037289121591,1.88209569049554,2.799999997127,9.57001530328031,2.06649090775203,-0.000623399103739664,0.200000002284482,-0.583410514775896,1.90943047528115,2.80000000000003,9.57080594743453,0.435304141755584,0.469677338551712,0.545000000743873,0.022283038955129,8.36434396386136,5.99477738127861,1.34800055007934,0.0038072
11.55,-0.6868910347032,1.86598464561437,2.80999999725796,9.59402449620469,2.05844318733157,-0.000810884397728954,0.200000002953968,-0.685996466149651,1.89309395269043,2.81000000000003,9.59464437581404,0.419780201535691,0.471543316282211,0.545000000496199,0.02258438469012,8.30074102454956,6.18220117466011,1.29625665353148,0.0039575
11.6,-0.787899662934598,1.84751109249252,2.81999999741682,9.61823258893677,2.04905646900846,-0.000997834040211172,0.200000003400547,-0.787741111403659,1.87438453475778,2.82000000000003,9.61868053225397,0.404197367285802,0.473738447187615,0.545000000343562,0.0229189223847411,8.22699392990113,6.36789555672166,1.24614451885571,0.0045827
11.65,-0.887939336047772,1.82669823742785,2.82999999759458,9.64267381919158,2.03835790579972,-0.00118384853675549,0.200000003709752,-0.888519824375235,1.85332513755432,2.83000000000003,9.64294842419452,0.388605498759481,0.476264582056154,0.545000000165739,0.0232875854673796,8.14319339281112,6.55162541303556,1.19762448270236,0.004648
11.7,-0.986887404406776,1.80357214267263,2.8399999977838,9.66738312035037,2.02637889536271,-0.00136852080805333,0.200000003858918,-0.988209162075856,1.82994155536208,2.84000000000003,9.66748277174157,0.373056111067017,0.479123670782928,0.544999999778267,0.0236913599447613,8.04944245179573,6.7331580928267,1.15065878520029,0.0044813
11.75,-1.08462255605519,1.7781616977471,2.84999999797175,9.692396203489,2.01315513898851,-0.00155142661826712,0.200000003659358,-1.0866870158943,1.80426242908259,2.85000000000004,9.69231909737707,0.357602470770578,0.482317677961626,0.544999999417268,0.0241312718254565,7.94585634469258,6.91226369316099,1.10521138485792,0.0043476
11.8,-1.18102496510343,1.7504985874964,2.85999999814161,9.71774963256312,1.99872670897456,-0.00173211495462015,0.200000003134899,-1.18383276116643,1.77631921116042,2.86000000000004,9.71749380975774,0.342299687232952,0.4858484866339,0.544999999388684,0.024608371053327,7.83256236746323,7.08871534010195,1.06124777423667,0.0039599
11.85,-1.27597643882917,1.72061725690324,2.8699999982846,9.74348089072957,1.98313812375442,-0.0019100978794663,0.200000002584714,-1.27952740492865,1.74614612706471,2.87000000000004,9.74304427973296,0.327204801139227,0.489717785704076,0.544999999491881,0.0251237113880907,7.70969971822025,7.2622894665109,1.01873479609171,0.0036379
11.9,-1.36936056334891,1.68855487265038,2.8799999984024,9.7696284353017,1.96643843039033,-0.00208483959384012,0.200000002127407,-1.37365373167441,1.713780133376,2.88000000000004,9.76900890624646,0.312376876063453,0.493926929324587,0.544999999606185,0.0256783259320849,7.5774193266144,7.432766086166,0.977640468380221,0.0036152
11.95,-1.46106284773782,1.65435128142919,2.88999999849991,9.79623173835592,1.94868129463111,-0.00225574557063306,0.200000001772974,-1.46609644693544,1.67926087252979,2.89000000000004,9.79542716923216,0.297877082061117,0.498476773876275,0.544999999716717,0.0262731969664659,7.43588366873145,7.59992906387476,0.937933816896749,0.0034965
12,-1.55097086649514,1.61804896498897,2.89999999858219,9.82333130942693,1.92992509764747,-0.0024221518608326,0.200000001518019,-1.55674231851214,1.64263062427247,2.90000000000004,9.82233966596389,0.283768769152708,0.503367489480094,0.544999999832463,0.0269092193893345,7.28526656765889,7.76356638125462,0.89958472200345,0.0034564
12.05,-1.63897440024866,1.57969299190068,2.90999999865432,9.8509686960292,1.91023303837965,-0.00258331475845679,0.200000001367235,-1.64548031518064,1.6039342538891,2.91000000000004,9.84978812656467,0.270117525145546,0.508598342520264,0.544999999936907,0.0275871567880319,7.12575297989319,7.92347039785452,0.862563787495805,0.0036751
12.1,-1.72496557458837,1.53933096598559,2.91999999872126,9.87918645699058,1.88967323991746,-0.0027384012047154,0.200000001310452,-1.73220174270676,1.56321915726666,2.92000000000005,9.87781540351858,0.256991213603653,0.514167445390054,0.545000000024751,0.0283075891698655,6.95753876776928,8.07943810728655,0.826842241871096,0.0035171
12.15,-1.80883899691537,1.49701297133496,2.92999999878734,9.90802810275965,1.86831885795833,-0.00288648055627294,0.200000001332728,-1.81680037700079,1.5205352028601,2.93000000000005,9.90646542905868,0.244460004262607,0.520071415860597,0.54500000273072,0.0290708533780852,6.78083045810495,8.23127138803086,0.792391896253732,0.0037953
12.2,-1.89049189129899,1.45279151392047,2.93999999891542,9.93753799622308,1.84624819055134,-0.00302652471796663,0.200000003790376,-1.89917259425026,1.47593467063239,2.94000000000005,9.93578313323567,0.23259624938043,0.526305296822013,0.545000000297757,0.0298769608131658,6.59584498726074,8.37877724857128,0.759185089208699,0.003753
12.25,-1.96982423081075,1.40672145931148,2.94999999911164,9.96776120523638,1.82354477424758,-0.00315738423248787,0.200000004058357,-1.9792174978716,1.42947218804343,2.95000000000005,9.96581431432593,0.221474534128825,0.532861859332373,0.544999997376197,0.0307255316624563,6.40280943283064,8.52176806650611,0.72719482055959,0.0043612
12.3,-2.04673886735191,1.35885996652863,2.95999999925552,9.99874329945789,1.80029748414059,-0.00327780424262135,0.200000001696934,-2.05683704212557,1.38120466316612,2.96000000000005,9.99660545205118,0.211171503859617,0.53973126264087,0.544999999202464,0.0316156915266682,6.20196073223469,8.66006182122847,0.696394890298967,0.004473
12.35,-2.12114165934171,1.30926641831483,2.96999999932242,10.0305300828491,1.77660061514955,-0.0033864410992562,0.200000000979152,-2.13193615224503,1.33119121501156,2.97000000000005,10.0282034529165,0.201765533620839,0.546900901454374,0.54499999988915,0.0325459526211552,5.99354538843191,8.79348231981706,0.666760020845943,0.0043395
12.4,-2.1929415962527,1.25800234695342,2.97999999936889,10.0631672487179,1.75255392990917,-0.00348185198167799,0.200000000879388,-2.20442284092805,1.27949310114838,2.98000000000006,10.0606553159212,0.193336492256066,0.55435467162405,0.545000000025922,0.033514112672115,5.77781916300906,8.92185941574171,0.638266181205288,0.0041388
12.45,-2.26205091956474,1.20513135537568,2.98999999941344,10.0966999475316,1.72826268342848,-0.003562518013363,0.200000000902717,-2.27420832105358,1.2261736427048,2.99000000000006,10.0940077060869,0.185965264774439,0.56207252986305,0.545000000090822,0.0345171170315854,5.55504675700077,9.04502921990948,0.61089087418116,0.0040421
12.5,-2.32838524009563,1.15071903366092,2.99999999946062,10.1311722572687,1.70383760061582,-0.00362686900881825,0.200000000984457,-2.34120711448099,1.17129814684461,3.00000000000006,10.1283064228565,0.179733147797761,0.570029974231579,0.545000000113594,0.0355509231907075,5.32550147978894,9.16283430359508,0.584613435982535,0.0038547
12.55,-2.39186365098377,1.09483287058712,3.0099999995124,10.1666265443183,1.67939479505734,-0.00367331421795854,0.200000001086692,-2.40533715679962,1.11493382681161,3.01000000000006,10.1635957506784,0.174721074959224,0.578197500478494,0.54500000010395,0.0366103611090705,5.0894649064809,9.27512389277569,0.559415306511383,0.0039281
12.6,-2.45240883563162,1.03754216008412,3.01999999956907,10.2031027053364,1.65505561322367,-0.00370028083817812,0.200000001180247,-2.46651989789882,1.05714971963967,3.02000000000006,10.1999176802837,0.17100864261713,0.586540068326538,0.545000000064042,0.0376889968068871,4.84722652423525,9.38175405336672,0.535280219537998,0.0036201
12.65,-2.50994716982989,0.978917902566453,3.02999999962952,10.2406372825167,1.63094638557353,-0.00370625948260569,0.200000001237885,-2.52468039823346,0.998016601628207,3.03000000000006,10.2373109916352,0.16867291361666,0.595016598304082,0.544999999995806,0.0387790087901537,4.59908336807733,9.48258786684658,0.512194269145175,0.0036308
12.7,-2.56440881718119,0.919032701271467,3.03999999969132,10.2792624484234,1.60719806413728,-0.00368985556560245,0.200000001234111,-2.57974742066486,0.937606901685577,3.04000000000006,10.275810193645,0.167786981033092,0.603579530604635,0.544999999904871,0.0398710895523354,4.3453396468296,9.57749559576325,0.490145817393021,0.0035106
12.75,-2.61572781687695,0.857960653930254,3.04999999975089,10.3190048621052,1.58394572474571,-0.003649845002103,0.200000001148494,-2.63165351776162,0.87599461264519,3.05000000000007,10.3154443219026,0.168418282532352,0.612174484698246,0.544999999822829,0.0409543874862781,4.08630635987385,9.66635483863768,0.469125222994737,0.0033668
12.8,-2.66384216286546,0.795777240343639,3.05999999980433,10.3598844059453,1.56132791157392,-0.00358523214874755,0.20000000098904,-2.68033511444965,0.813255200661661,3.06000000000007,10.3562356041621,0.170626668310876,0.620740068921998,0.544999999799402,0.0420165071542528,3.82230090555815,9.74905067382368,0.44912438770382,0.0034796
12.85,-2.7086938734945,0.732559206710388,3.06999999984926,10.4019128228289,1.53948580245633,-0.00349530725136874,0.200000000808502,-2.72573258590619,0.749465512796526,3.07000000000007,10.3981980143939,0.174462224650147,0.629207935008648,0.544999999435285,0.0430435875357939,3.55364668215593,9.82547579195472,0.43013603669846,0.0031872
12.9,-2.75022905071947,0.668384447822345,3.07999999987698,10.4450922857161,1.5185621742743,-0.00337969604150891,0.200000000300259,-2.76779033059727,0.684703682905393,3.08000000000007,10.4413357497864,0.179963006713167,0.637502909915655,0.544999999886302,0.0440204776130715,3.2806726823746,9.89553061670654,0.412153353690967,0.0032559
12.95,-2.78839792859744,0.603331888583251,3.08999999988944,10.4894139462307,1.4987001632008,-0.00323841766933785,0.20000000019793,-2.80645683836442,0.619049035940638,3.09000000000007,10.4856416807777,0.187152445446864,0.645543892376263,0.544999999702097,0.0449310262983561,3.00371308248213,9.95912341373148,0.395168466159614,0.0036304
13,-2.82315491035842,0.537481366431561,3.09999999989263,10.53485652464,1.48004179231118,-0.00307190115982528,0.199999999929817,-2.84168475347221,0.552581990786073,3.10000000000007,10.5310958411088,0.196037067195877,0.653244462085579,0.545000000393163,0.0457584962828855,2.72310682714035,10.0161703877771,0.379172367816882,0.0040676
13.05,-2.85445859438995,0.470913516485397,3.10999999989797,10.5813850191035,1.4627263027087,-0.00288102669219583,0.200000000283664,-2.87343093253513,0.485383961742282,3.11000000000008,10.5776640415455,0.206603932448231,0.660514733932026,0.545000000066691,0.0464861065189901,2.43919721110584,10.0665957681658,0.36415334771323,0.0038878
13.1,-2.88227178944525,0.403709661277711,3.11999999991365,10.6289496258683,1.44688826573061,-0.00266710208481083,0.200000000343686,-2.90165649724998,0.417537258783621,3.12000000000008,10.6252967051963,0.218818791447921,0.66726273946498,0.544999999907245,0.0470976809019984,2.1523314588558,10.1103318830035,0.350097145550788,0.0041145
13.15,-2.90656152013432,0.335951706825622,3.12999999992875,10.6774849705287,1.43265555333098,-0.00243186695381679,0.200000000260207,-2.92632688186825,0.349124986710088,3.13000000000008,10.6739280316513,0.23262435424766,0.673396919358089,0.544999999812252,0.0475783863062389,1.86286030321173,10.1473192226645,0.336986121161418,0.0036081
13.2,-2.92729902483595,0.267722046527246,3.13999999993754,10.7269097522391,1.42014718256805,-0.0021774501533683,0.200000000091234,-2.94741187535202,0.280230943319379,3.14000000000008,10.7234755986099,0.247939349235406,0.678828647907514,0.54499999977249,0.047915503122312,1.57113756379574,10.1775064932632,0.324799236973694,0.0034588
13.25,-2.94445974754262,0.199103473916471,3.14999999993698,10.7771268949029,1.40947111785479,-0.00190631500818935,0.199999999886474,-2.96488565816668,0.210939516726245,3.15000000000008,10.7738405005976,0.264658351511565,0.683475061484558,0.544999999804161,0.0480991714964308,1.27751972602125,10.2008506609518,0.313512244625875,0.0034373
13.3,-2.95802332625929,0.130179104731516,3.1599999999269,10.828024279278,1.4007221106513,-0.00162118844124668,0.199999999710219,-2.97872683367401,0.141335581957787,3.16000000000008,10.8249081029789,0.282652540467761,0.687261978395205,0.544999999868836,0.0481230411364442,0.982365521092966,10.2173169879574,0.303098171526271,0.0042861
13.35,-2.96797358061066,0.0610323080257018,3.16999999990946,10.8794760983949,1.3939796704766,-0.0013249786747177,0.199999999592171,-2.98891845409867,0.0715043969543081,3.17000000000009,10.8765494554053,0.301771456011321,0.690126717519905,0.544999999878414,0.0479847536654268,0.686035507229377,10.226879061284,0.293528063804374,0.0034495
13.4,-2.97429850133843,-0.00825335473208418,3.17999999988633,10.9313448365446,1.38930626559693,-0.00102068853297863,0.199999999482744,-2.99544804105079,0.00153149810582664,3.18000000000009,10.9286233638043,0.321845748043618,0.692020630142063,0.544999999758309,0.0476861969114949,0.38889165205211,10.2295188149361,0.284771898160653,0.003413
13.45,-2.9769902441336,-0.0775941843953274,3.18999999985503,10.9834838231734,1.38674584839096,-0.000711330544800796,0.199999999265222,-2.99830760059523,-0.0684974045457207,3.19000000000009,10.9809790679636,0.342690830172193,0.692911145565226,0.544999999751846,0.0472334921298486,0.0912969158277504,10.2252265463801,0.276799555495014,0.0033746
13.5,-2.97604512972646,-0.146906395230562,3.19999999981271,11.0357402627994,1.38632278857343,-0.000399850283634916,0.199999999041883,-2.99749363286475,-0.138496532309123,3.20000000000009,11.0334594186016,0.364111234663759,0.692783128954111,0.544999999784908,0.0466367049342234,-0.206385164972891,10.2140009277362,0.26958170714802,0.0036254
13.55,-2.97146365150154,-0.216106165309578,3.20999999975996,11.0879585971873,1.38804127434892,-8.90668462054336e-05,0.199999998848301,-2.99300713621903,-0.208380142922839,3.21000000000009,11.0859044006055,0.385905454828236,0.691639512172458,0.54499999961276,0.0459093032771071,-0.503790894492711,10.1958490119235,0.263090523299544,0.0038808
13.6,-2.96325049098074,-0.285109689356166,3.21999999969366,11.1399840229644,1.39188521799607,0.000218370683910588,0.199999998499785,-2.98485360595456,-0.278062635582782,3.22000000000009,11.1381548147577,0.40787096452724,0.689501071119536,0.544999999601892,0.0450674170486022,-0.800556835462939,10.1707862336696,0.257300105303505,0.0041432
13.65,-2.95141454052299,-0.353833237136736,3.22999999960969,11.1916659718437,1.39781866993162,0.000520006221295454,0.199999998141487,-2.97304302757243,-0.347458655792533,3.2300000000001,11.1900559141216,0.429809113883624,0.686405311829273,0.545000002765937,0.0441289777805989,-1.09632022909545,10.1388364049837,0.252186602958445,0.0044341
13.7,-2.93596893197962,-0.422193220144797,3.239999999579,11.2428613646025,1.40578671440362,0.000813570121560014,0.200000000630831,-2.95758986461191,-0.416483199910412,3.2400000000001,11.2414607959051,0.451529556852162,0.68240530398362,0.545000000808091,0.0431128033324827,-1.39071941755486,10.1000317043978,0.247727984251332,0.0043012
13.75,-2.91693106786103,-0.490106268241973,3.24999999962873,11.2934374705957,1.41571678766852,0.00109701677063811,0.200000001358113,-2.93851304105915,-0.485051719268391,3.2500000000001,11.2922333743221,0.472854183247774,0.677566588029543,0.54500000005042,0.042037764582425,-1.68339426946662,10.0544126590481,0.24390366484196,0.0041583
13.8,-2.8943226528676,-0.55748931762255,3.25999999969777,11.3432742458089,1.42752035619907,0.00136846505000023,0.200000001403491,-2.91583591834239,-0.553080223738033,3.2600000000001,11.3422508007863,0.493620065145651,0.671965123594062,0.544999999794487,0.040922018801175,-1.97398660855101,10.0020281185439,0.240693865469026,0.0038614
13.85,-2.86816972321258,-0.624259710535431,3.26999999976332,11.3922660687207,1.44109484573395,0.00162619544753091,0.200000001218528,-2.8895862669283,-0.620485384618615,3.2700000000001,11.391405248509,0.513681621175224,0.665684346544872,0.544999999739747,0.039782425634993,-2.26214064535131,9.94293521944224,0.238078979553174,0.0038778
13.9,-2.83850266948001,-0.690335305707846,3.27999999981839,11.4403228422995,1.45632573704093,0.0018686353820418,0.200000000984301,-2.85979623253926,-0.687184636722475,3.28000000000011,11.4396050320608,0.532911867908588,0.658812378587766,0.544999999758839,0.0386341290344534,-2.54750341159079,9.87719933920797,0.236038972977634,0.0039668
13.95,-2.80535625048388,-0.755634598136118,3.28999999986218,11.4873704801709,1.47308873225246,0.0020943503625748,0.200000000767256,-2.82650229701781,-0.753096279532537,3.29000000000011,11.4867750820406,0.551202845833183,0.651439398888388,0.544999999799422,0.0374903130629068,-2.82972519638821,9.80489403864884,0.234552901130096,0.0038463
14,-2.7687695957393,-0.820076846201589,3.29999999989603,11.533350832763,1.49125190742475,0.00230204309062434,0.200000000586736,-2.78974523387285,-0.818139577307179,3.30000000000011,11.5328568355301,0.568465331955503,0.64365529466247,0.544999999841047,0.0363621118143771,-3.10845998330736,9.72610099198575,0.233598585232019,0.0037717
14.05,-2.72878619480706,-0.883582203719006,3.30999999992179,11.5782211370551,1.5106777804798,0.00249056057233032,0.200000000443678,-2.74957005855059,-0.882234858008106,3.31000000000011,11.5778076315652,0.584627979595627,0.63554766641403,0.544999999876577,0.0352586441641064,-3.38336588700919,9.64090990394403,0.233152459098787,0.0039041
14.1,-2.68545387248008,-0.946071854404612,3.31999999994119,11.6219530891542,1.53122523960813,0.00265890777639742,0.200000000332597,-2.70602597348345,-0.94530361092791,3.32000000000011,11.6215997166578,0.599636035895257,0.627200224198992,0.544999999905745,0.0341871400745203,-3.65410558813634,9.54941841349764,0.23318957218085,0.0048187
14.15,-2.63882474946819,-1.00746814633594,3.3299999999557,11.6645316433695,1.55275129364985,0.00280626534839858,0.200000000247768,-2.65916630797891,-1.00726858289541,3.33000000000011,11.6642189695436,0.613449782478885,0.61869157799051,0.544999999928796,0.0331531261158944,-3.92034676499143,9.45173198414739,0.233683718091816,0.0053694
14.2,-2.58895518884758,-1.06769472422059,3.33999999996649,11.7059536368675,1.57511262144632,0.00293200844054562,0.200000000183685,-2.60904845301998,-1.06805387293868,3.34000000000011,11.7056634490642,0.626042828792643,0.610094399530941,0.544999999946648,0.0321606421342909,-4.1817625205677,9.34796378084555,0.23460765031873,0.0048888
14.25,-2.53590572903427,-1.12667665764421,3.34999999997447,11.7462263280222,1.59816691063469,0.00303572376018574,0.200000000135669,-2.55573379105744,-1.12758502528792,3.35000000000012,11.7459418572555,0.637400365765455,0.60147491598141,0.544999999960342,0.0312124668828785,-4.43803180354281,9.23823453388075,0.235933346920067,0.0045607
14.3,-2.47974100440086,-1.18434056387672,3.35999999998037,11.7853659218976,1.62177398731573,0.00311722239281885,0.200000000099976,-2.49928762088197,-1.18578912060273,3.36000000000012,11.7850719940842,0.647517463173291,0.592892686018986,0.544999999970766,0.0303103366769718,-4.68883982194161,9.12267239019994,0.237632291370686,0.0044263
14.35,-2.42052965488015,-1.24061472423395,3.36999999998471,11.8233961402152,1.64579674629935,0.00317654664591323,0.200000000073665,-2.43977907767163,-1.24259486531106,3.37000000000012,11.8230792632905,0.656397470483324,0.584400605661752,0.544999999978604,0.0294551468109898,-4.93387844829821,9.00141275276513,0.239675744735691,0.0042578
14.4,-2.35834422600372,-1.29542919338537,3.37999999998791,11.8603468774483,1.67010189735572,0.00321396994337742,0.200000000054409,-2.37728104831664,-1.29793267894982,3.38000000000012,11.8599952722702,0.6640505598656,0.576045092354087,0.544999999984496,0.0286471301357119,-5.17284661528778,8.87459810862289,0.242034992927749,0.0041257
14.45,-2.29326106082587,-1.34871590134252,3.38999999999028,11.896252970527,1.69456054638704,0.00322998955485333,0.200000000040455,-2.31187008212964,-1.35173477940015,3.39000000000012,11.8958565540959,0.670492432582137,0.56786640020142,0.544999999988883,0.0278860106890545,-5.40545070094466,8.74237784640813,0.244681560479026,0.0039453
14.5,-2.22536018511017,-1.4004087481451,3.39999999999205,11.9311530976777,1.71904863209512,0.00322531258851097,0.200000000030449,-2.24362629705491,-1.4039352659131,3.40000000000012,11.9307034272828,0.67574319617421,0.559899025284436,0.544999999992087,0.0271711326803911,-5.63140490272491,8.60490806401522,0.247587388282061,0.0038083
14.55,-2.15472518702921,-1.45044369147741,3.4099999999934,11.9650888124035,1.74344723896279,0.0032008361586171,0.200000000023327,-2.1726332814956,-1.45447019982457,3.41000000000013,11.9645789989874,0.679826409847153,0.552172166779349,0.544999999994413,0.026501566611739,-5.85043159980327,8.46235136715653,0.250724976903453,0.0037855
14.6,-2.08144309247051,-1.4987588276003,3.41999999999444,11.9981037114575,1.76764280659876,0.00315762295204924,0.200000000018299,-2.09897799188241,-1.5032776828614,3.42000000000013,11.9975283098976,0.682768288586094,0.544710216353938,0.544999999996062,0.0258761951064494,-6.06226170311208,8.31487665949737,0.2540674995087,0.0041064
14.65,-2.00560423687054,-1.54529446607853,3.42999999999526,12.0302427306323,1.79152725405444,0.00309687356970503,0.200000000014755,-2.02275064611247,-1.55029793294337,3.43000000000013,12.0295976138671,0.684598325696974,0.537533578946308,0.544999987979484,0.0252937551345311,-6.26663499273007,8.1626589250121,0.257588895651931,0.0043908
14.7,-1.92730213117236,-1.5899931996839,3.43999999972554,12.0615515555887,1.81499816220203,0.00301993480371152,0.19999998919629,-1.94404461299112,-1.59547335738917,3.44000000000013,12.060833782002,0.685343187334311,0.53065773802028,0.544999999438852,0.0247530255698086,-6.46330044220775,8.00587900312717,0.261263993122095,0.0042075
14.75,-1.8466333332525,-1.63279996700652,3.44999999917273,12.092076151231,1.83795834677224,0.00292814318600007,0.199999988691258,-1.86295629781406,-1.63874862343756,3.45000000000013,12.0912838190472,0.685035508001759,0.524096080017338,0.545000003236372,0.0242525975944935,-6.65201652952655,7.84472335718075,0.265068379818123,0.0042827
14.8,-1.76369731607332,-1.67366211108438,3.45999999868011,12.1218623761128,1.86031631025456,0.00282293328301965,0.199999991603993,-1.77958502423149,-1.68007072599795,3.46000000000013,12.1209944791751,0.683706817378313,0.517858581565355,0.545000003944249,0.0237911780294163,-6.83255153541648,7.67938383692917,0.268978604425286,0.0042737
14.85,-1.67859632697969,-1.71252943581001,3.46999999834906,12.1509556748406,1.88198598572453,0.00270576739584827,0.199999995153817,-1.69403291253993,-1.71938905254828,3.47000000000013,12.1500119683371,0.681389174260312,0.511952713374016,0.545000003509399,0.0233674836166989,-7.0046838277614,7.51005743522642,0.272972172814549,0.0038233
14.9,-1.59143525053811,-1.74935425729341,3.47999999818571,12.1794008533913,1.90288664755371,0.00257810269578295,0.199999998312276,-1.60640475455161,-1.75665544510137,3.48000000000014,12.1783817209419,0.678115001850353,0.506383814242784,0.545000002741293,0.0229802802577283,-7.16820213218825,7.33694603934092,0.277027571829341,0.0040791
14.95,-1.50232147035557,-1.7840914518541,3.489999998163,12.2072419115832,1.92294280823455,0.00244136809079624,0.20000000077944,-1.51680788519518,-1.79182425916415,3.49000000000014,12.2061482395574,0.673916967429591,0.50115542868903,0.545000002009691,0.0226283985960749,-7.32290578888831,7.16025617730723,0.281124289311359,0.0036875
15,-1.41136472997386,-1.81669850093042,3.49999999824719,12.2345219266668,1.94208410625458,0.00229694455885548,0.200000002588161,-1.42535205100509,-1.82485241961834,3.50000000000014,12.23335498745,0.668827936210466,0.496269621970104,0.545000000934996,0.0223107434600655,-7.46860499557326,6.98019875963487,0.285242830744452,0.0035194
15.05,-1.31867699283478,-1.84713553312984,3.50999999839764,12.2612829797695,1.96024519266385,0.00214614986273618,0.200000003429658,-1.33214927566112,-1.8556994734542,3.51000000000014,12.260044324959,0.662880924092238,0.491727234063692,0.54500000006388,0.0220263025942575,-7.60512103647517,6.79698881667074,0.289364730792941,0.0034247
15.1,-1.22437230131037,-1.87536536362002,3.51999999857056,12.2875661179408,1.97736561629642,0.00199022437629256,0.200000003487149,-1.2373137227424,-1.88432763929335,3.52000000000014,12.2862574818781,0.656109104538464,0.487528130556288,0.544999999772867,0.0217741504729322,-7.7322864972954,6.61084523189128,0.29347256273656,0.0034073
15.15,-1.12856663479421,-1.90135353100036,3.5299999987398,12.3134113454406,1.99338971302791,0.00183032081307659,0.200000003282729,-1.14096155586412,-1.91070185363995,3.53000000000014,12.3120345591314,0.648545819408528,0.483671426268463,0.54499999969428,0.0215534516403429,-7.84994546601044,6.42199047138201,0.297549946234342,0.0033668
15.2,-1.0313777667971,-1.92506833168338,3.53999999889706,12.3388576386752,2.00826649939225,0.00166749811641094,0.200000003007582,-1.04321079636793,-1.93478981380404,3.54000000000015,12.3374145540589,0.6402246156531,0.480155665372493,0.544999999687928,0.0213634638251297,-7.95795371943722,6.23065030975448,0.301581550228069,0.00345
15.25,-0.932925121025497,-1.94648085180956,3.54999999904042,12.3639429803439,2.02194957299811,0.0015027172146204,0.200000002726716,-0.944181178740247,-1.95656201744435,3.55000000000015,12.3624354045469,0.631179291762952,0.476978986231132,0.544999999664803,0.0212035391011126,-8.05617889545734,6.03705355274879,0.305553093665067,0.0040346
15.3,-0.833329626415706,-1.96556499671276,3.55999999916921,12.3887044090593,2.03439702050436,0.00133683912691116,0.200000002425039,-0.843994003935126,-1.97599179868249,3.56000000000015,12.3871340480571,0.621443951852186,0.474139262087205,0.544999999591207,0.0210731247784055,-8.14450065079713,5.84143175676696,0.309451343203597,0.0040648
15.35,-0.732713571110996,-1.98229751790871,3.56999999928127,12.4131780812713,2.04557133368714,0.00117062491092832,0.200000002057125,-0.742771990781294,-1.99305536074406,3.57000000000015,12.4115464923116,0.611053068839515,0.471634228854548,0.544999999633197,0.0209717638436641,-8.22281080425831,5.64401894558337,0.313264107802158,0.005157
15.4,-0.631200455377649,-1.99665803754793,3.57999999937587,12.437399342933,2.0554393342628,0.00100473780200563,0.200000001727003,-0.64063912565495,-2.00773180508698,3.58000000000015,12.4357078950011,0.600041546671701,0.469461588999605,0.544999999630442,0.0208990948865929,-8.29101346529334,5.44505132448239,0.31698023196733,0.0041944
15.45,-0.528914843479642,-2.00862907025718,3.58999999945391,12.4614028087958,2.06397210711783,0.000839746612048886,0.2000000013944,-0.537720510602269,-2.02000315698119,3.59000000000015,12.4596526503972,0.588444790049046,0.467619099820065,0.54499999967592,0.0208548522890427,-8.34902514781996,5.24476699208075,0.320589584665805,0.0039145
15.5,-0.425982214554153,-2.01819604229926,3.59999999951634,12.4852224476629,2.07114494243311,0.000676130091093853,0.200000001102728,-0.434142210097383,-2.02985438750857,3.60000000000016,12.4834144811789,0.576298772126869,0.466104652896635,0.544999999753672,0.0208388658083204,-8.39677486917285,5.04340565009928,0.324083047082664,0.0036042
15.55,-0.322528812544333,-2.02534730796106,3.60999999956593,12.5088916722512,2.07693728624285,0.000514282541442547,0.200000000881033,-0.330031096623296,-2.03727343195588,3.61000000000016,12.5070265341439,0.563640105139645,0.464916337075569,0.544999999836293,0.0208510603355867,-8.43420423409516,4.84120831135633,0.327452497466192,0.0035213
15.6,-0.218681495269435,-2.03007416307287,3.6199999996063,12.5324434325626,2.08133269947264,0.000354520104396771,0.200000000733697,-0.225514695264655,-2.04225120457836,3.62000000000016,12.5305214787624,0.550506111693849,0.46405249050106,0.544999999899821,0.0208914554720339,-8.4612675036794,4.63841700626514,0.330690793544558,0.004083
15.65,-0.114567582727187,-2.03237085557199,3.62999999964073,12.5559103119056,2.08431882527629,0.000197087583957573,0.200000000643535,-0.120721027502521,-2.04478160971591,3.63000000000016,12.5539316077677,0.53693489768908,0.463511741642285,0.544999999951919,0.0209601650197189,-8.47793164917617,4.43527448812629,0.333791752356691,0.0038792
15.7,-0.0103147047371303,-2.03223459302644,3.63999999967182,12.5793246248662,2.0858873645934,4.21656214100939e-05,0.200000000600262,-0.0157784544022663,-2.04486154924797,3.64000000000016,12.5772889391595,0.522965424632857,0.463293041162316,0.544999999983724,0.0210573963161954,-8.48417639059917,4.23202393751515,0.336750127584491,0.003942
15.75,0.0939493519510704,-2.02966554703975,3.64999999970147,12.6027185166522,2.08603405963587,-0.000110121815963904,0.200000000585613,0.0891844806135201,-2.04249092637825,3.65000000000016,12.6006253191326,0.508637584054521,0.463395683682711,0.545000000007952,0.0211834493977865,-8.47999422006666,4.02890866607231,0.339561583686004,0.0041839
15.8,0.198096796947705,-2.02466685446554,3.65999999973093,12.6261240633212,2.08475868528981,-0.000259699796404667,0.20000000059277,0.194039209214715,-2.03767264574447,3.66000000000016,12.623972525541,0.493992272093411,0.463819321188707,0.545000000020635,0.0213387158638881,-8.46539040983276,3.82617182001237,0.342222666925458,0.0040795
15.85,0.30199998976507,-2.01724461536989,3.66999999976103,12.6495733724533,2.08206504823433,-0.000406534624845491,0.200000000611341,0.298657295643255,-2.03041260985299,3.67000000000017,12.647362371566,0.47907146607884,0.464563967302616,0.545000000007464,0.0215236773611992,-8.44038300497577,3.62405608367354,0.344730772529984,0.0045112
15.9,0.405531593455869,-2.00740788768905,3.67999999979177,12.6730986838433,2.07796099376856,-0.000550625941409909,0.200000000618059,0.402910594029929,-2.02071971184279,3.68000000000017,12.6708268092798,0.46391830285881,0.465629992109462,0.54499999998448,0.0217389035377894,-8.4050028007262,3.42280338343576,0.34708410675929,0.0042764
15.95,0.508564728187778,-1.99516867854229,3.68999999982232,12.696732469767,2.07245842031859,-0.000691998782943388,0.200000000604091,0.506671405355829,-2.00860582458753,3.69000000000017,12.6943980327836,0.44857715878449,0.467018108674796,0.544999999950013,0.0219850492652096,-8.35929330443283,3.22265459234004,0.34928164419649,0.0045782
16,0.610973124589139,-1.98054193217002,3.6999999998514,12.7205075343213,2.0655733015939,-0.00083069550144025,0.200000000559103,0.609812633866406,-1.99408578614927,3.70000000000017,12.7181085805536,0.433093732423508,0.468729348889423,0.544999999937538,0.0222628509452292,-8.30331068218127,3.02384923574506,0.351323077637222,0.0047458
16.05,0.71263127669919,-1.96354551447793,3.70999999987795,12.7444571112427,2.05732571647536,-0.000966767615951273,0.200000000502887,0.712207942746688,-1.97717738160139,3.71000000000017,12.7419914365417,0.417515129162059,0.47076503048097,0.544999999932765,0.0225731215947075,-8.23712369009645,2.82662519835948,0.353208762282353,0.0037683
16.1,0.813414594355929,-1.94420019417706,3.71999999990158,12.7686149594778,2.04773988663923,-0.00110026739524344,0.200000000442376,0.813731908867183,-1.95790132124336,3.72000000000017,12.7660801294574,0.401889948769531,0.473126711487758,0.544999999930782,0.0229167444375727,-8.16081359037675,2.63121843299006,0.354939650383569,0.0036658
16.15,0.913199554856499,-1.92252962051792,3.72999999992215,12.7930154556061,2.0368442220354,-0.0012312392553314,0.20000000038008,0.914260176411116,-1.93628121523383,3.73000000000017,12.7904088294852,0.386268375142481,0.475816132737009,0.544999999929331,0.0232946645868786,-8.07447405212437,2.43786267134607,0.356517217092754,0.0035439
16.2,1.01186385372996,-1.89856029762673,3.73999999993956,12.8176936819932,2.02467137426446,-0.00135971087821151,0.200000000316478,1.01366960919502,-1.91234354467337,3.74000000000018,12.8150124414789,0.370702263377438,0.478835156306776,0.54499999941218,0.0237078781253116,-7.97821103705274,2.24678913724025,0.357943417594077,0.00332
16.25,1.10928655444964,-1.87232155543484,3.74999999994216,12.842685509244,2.011258297441,-0.00148568291343706,0.19999999978744,1.11183844149634,-1.88611762917219,3.75000000000018,12.8399266934007,0.355245256238238,0.482185628695171,0.545000000263458,0.0241574200871833,-7.87214267016813,2.05822626252627,0.359220406340838,0.0031101
16.3,1.20534823700949,-1.84384551730746,3.75999999993746,12.8680276713948,1.99664631925051,-0.00160912383291818,0.200000000024551,1.20864642720354,-1.85763559094283,3.76000000000018,12.8651882184376,0.339952830039257,0.485869378384629,0.545000000079525,0.0246443440261745,-7.75639909553708,1.87239940611032,0.360350769837916,0.0030795
16.35,1.29993114513106,-1.81316706427076,3.76999999994048,12.8937578314245,1.98088121509287,-0.0017299534197076,0.200000000096124,1.30397498710632,-1.82693231546177,3.77000000000018,12.8908346288219,0.32488242015366,0.489888025406021,0.544999998339808,0.0251697044997434,-7.63112231726057,1.68953057636614,0.361337219831089,0.0030572
16.4,1.39291933190806,-1.78032379578022,3.77999999990793,12.9199146345815,1.96401329322486,-0.00184803283318937,0.199999998601951,1.3977073541457,-1.79404540874837,3.78000000000018,12.9169045788949,0.310093558302702,0.494242695182426,0.545000001436912,0.0257345328302083,-7.49646602580646,1.50983815730306,0.362182087885632,0.0036688
16.45,1.48419880413237,-1.74535598748717,3.78999999987035,12.9465377470624,1.94609749157236,-0.00196317027743037,0.199999999895171,1.48972871644655,-1.75901515131351,3.79000000000018,12.9434378143786,0.29564780379596,0.498934249571262,0.545000000464795,0.026339794870796,-7.35259540984663,1.33353663881213,0.36288827681169,0.0045566
16.5,1.57365766472429,-1.70830654542574,3.79999999987557,12.9736678750286,1.92719346600164,-0.00207508318850982,0.200000000313486,1.57992635795747,-1.72188444883447,3.80000000000018,12.9704752041413,0.281608978202253,0.503962651384387,0.545000000031897,0.0269863678997331,-7.19968695374353,1.16083635130018,0.363458034609095,0.0050888
16.55,1.66118625322113,-1.66922095669814,3.80999999989196,13.0013467603873,1.9073657003118,-0.00218340708058971,0.200000000342193,1.66818979652629,-1.68269877961667,3.81000000000018,12.998058749968,0.268043132407307,0.509326972821113,0.544999999771742,0.027674983582621,-7.03792822090274,0.99194320509577,0.363893454550377,0.0042348
16.6,1.74667728457401,-1.62814723704288,3.81999999990394,13.0296171484644,1.88668361075499,-0.00228768116802424,0.200000000136762,1.7544109192423,-1.64150613890664,3.82000000000018,13.0262315689533,0.255018597666982,0.515025084330723,0.544999999594162,0.028406177660514,-6.8675176231535,0.827058434933487,0.364196302194837,0.004215
16.65,1.83002598581081,-1.58513587482353,3.82999999990164,13.0585227206415,1.86522165387981,-0.00238733982279745,0.199999999771507,1.83848411487979,-1.59835698012458,3.83000000000019,13.0550378421433,0.242605986752104,0.521053359915359,0.544999999567927,0.0291802252006608,-6.6886641763567,0.666378349861568,0.364368010168208,0.0040364
16.7,1.91113023053032,-1.54023977145068,3.8399999998805,13.088107985509,1.84305943270745,-0.00248170607283379,0.199999999382641,1.92030640328111,-1.55330415308859,3.84000000000019,13.0845227219614,0.230878152640109,0.527406350104164,0.544999999640198,0.029997065752743,-6.50158724245395,0.510094088928002,0.364409732769477,0.003682
16.75,1.98989067107016,-1.49351417809386,3.84999999984154,13.1184181205204,1.82028179716908,-0.00256998719583351,0.199999999058819,1.99977756152095,-1.50640283930618,3.85000000000019,13.1147321897934,0.219910094403756,0.534076411621369,0.544999999746249,0.0308562171916135,-6.30651625818205,0.35839138300848,0.364322463249424,0.0039713
16.8,2.06621086815512,-1.44501662850606,3.85999999978877,13.149498755277,1.79697893378812,-0.00265127374257862,0.199999998830443,2.07680024669759,-1.45771048441242,3.86000000000019,13.1457128539196,0.209778814159584,0.54105324637439,0.545000001632412,0.0317566797816817,-6.10369045069489,0.211450323155968,0.364107217326281,0.0040215
16.85,2.13999741790667,-1.39480686784533,3.86999999976702,13.1813956869458,1.77324643995744,-0.00272454878281917,0.200000000299614,2.15128011520091,-1.4072867278372,3.87000000000019,13.1775116768331,0.200562990276639,0.548323661931736,0.54500000048832,0.032696815970249,-5.89335854035225,0.0694451358675301,0.363765331544517,0.0039951
16.9,2.21116007556638,-1.34294677700335,3.87999999979299,13.2141545161674,1.74918536525888,-0.00278867910942238,0.200000000739102,2.22312593831098,-1.35519332978782,3.88000000000019,13.2101756199763,0.192342734052147,0.555870779118103,0.545000000043165,0.0336742466931165,-5.67577843096139,-0.0674560343140859,0.363298737321882,0.0040879
16.95,2.2796118757721,-1.28950029239237,3.88999999983091,13.2478201936358,1.72490222864623,-0.00284244583327607,0.20000000077795,2.2922497139855,-1.30149409563568,3.89000000000019,13.2437511932005,0.185199030502894,0.563673727469976,0.544999999890693,0.0346857039564799,-5.45121688782657,-0.199091334397943,0.362710359807437,0.0049899
17,2.34526924913666,-1.23453332111904,3.89999999986735,13.2824364660599,1.70050898044429,-0.00288456035245602,0.200000000679574,2.35856677469852,-1.24625479779959,3.90000000000019,13.2782838959948,0.179213117155477,0.571707059828206,0.544999999856063,0.0357268996042645,-5.2199492039437,-0.32530540429828,0.362004477396968,0.0047066
17.05,2.40805213419917,-1.17811365109306,3.90999999989809,13.3180452096354,1.67612290438796,-0.00291369143189072,0.20000000055003,2.42199589119772,-1.18954309522047,3.91000000000019,13.3138175379892,0.174465665212529,0.579940211426705,0.544999999865105,0.0367923843431574,-4.98225885476511,-0.445949569451866,0.361187054816149,0.0045132
17.1,2.46788408416267,-1.12031085604685,3.91999999992256,13.3546856424447,1.65186644115609,-0.00292849927504767,0.200000000428625,2.48245937205161,-1.13142845052546,3.92000000000019,13.3503934277017,0.171035756230087,0.588336970253787,0.544999999886899,0.0378754131839752,-4.73843714202354,-0.56088202419238,0.360265995978338,0.004757
17.15,2.52469236761231,-1.0611961954697,3.92999999994144,13.3923934087704,1.62786691459116,-0.00292767574294158,0.200000000326835,2.53988315886306,-1.07198204498181,3.93000000000019,13.3880494213338,0.168999632001428,0.596854984541712,0.544999999909783,0.0389678264121286,-4.48878282717612,-0.669968005371913,0.359251274504342,0.0048914
17.2,2.57840806231861,-1.00084250962461,3.93999999995576,13.4311995326033,1.60425613993864,-0.00290998964342563,0.200000000245639,2.59419691702997,-1.01127669134372,3.9400000000002,13.4268188279882,0.168429201016623,0.605445341043326,0.544999999929779,0.0400599590583451,-4.23360175511458,-0.773079955727859,0.358154908724363,0.0043119
17.25,2.62896614117298,-0.93932411002651,3.94999999996646,13.4711292436988,1.58116989220027,-0.00287433548612993,0.20000000018244,2.64533412193879,-0.949386744697351,3.9500000000002,13.4667291743672,0.169390294532929,0.614052255890601,0.544999999560085,0.0411405947198693,-3.97320646888031,-0.870097676520472,0.356990760938425,0.0049836
17.3,2.67630554929381,-0.876716666011402,3.95999999996568,13.5122006878152,1.55874721247171,-0.00281978355934965,0.199999999786517,2.69323214048161,-0.886388011412108,3.9600000000002,13.5078008411216,0.171940677830182,0.622612928552271,0.545000000271889,0.0421969834028876,-3.70791581621935,-0.960908469016413,0.355774173821007,0.0040539
17.35,2.72036927139381,-0.813097088305634,3.96999999996113,13.5544235436046,1.53712953120267,-0.00274562885455144,0.200000000031217,2.73783230779244,-0.822357656308039,3.9700000000002,13.5500455946945,0.176127846512815,0.631057613622983,0.545000000081659,0.0432149390600269,-3.43805454890652,-1.04540726447042,0.354521427317337,0.0043347
17.4,2.76110438863827,-0.748543410789773,3.97999999996452,13.5977975813727,1.51645959082352,-0.00265143575702415,0.200000000104709,2.7790799991039,-0.757374108151952,3.9800000000002,13.5934650526482,0.181986650301962,0.639309973547715,0.545000000007889,0.0441790438503955,-3.16395291585247,-1.12349674236247,0.353249119120582,0.0044759
17.45,2.7984621244449,-0.683134671923202,3.98999999996994,13.6423112141658,1.49688015494991,-0.0025370754167824,0.20000000011181,2.81692469663126,-0.691516963596809,3.9900000000002,13.6380491365496,0.189536829907947,0.647287767842607,0.544999999983002,0.0450729652006719,-2.88594625107429,-1.19508743678087,0.351973463148616,0.0050591
17.5,2.83239787899139,-0.616950797517364,3.99999999997515,13.6879401074551,1.47853250035858,-0.0024027529861799,0.200000000096512,2.85132005139711,-0.624866889681399,4.0000000000002,13.6837745835009,0.198780570299968,0.654903930700998,0.544999999977727,0.0458799014970739,-2.60437455765018,-1.26009783100043,0.350709612393667,0.0050224
17.55,2.86287125260817,-0.550072486679643,4.00999999997947,13.7346459287571,1.46155469857834,-0.00224902171089974,0.200000000076466,2.88222393991694,-0.557505525009548,4.0100000000002,13.7306036036996,0.209700210437643,0.662068069472989,0.54499999997973,0.0465831507377225,-2.3195820887825,-1.31845444048054,0.349471067635546,0.0048657
17.6,2.88984605870959,-0.482581102768793,4.01999999998284,13.7823753313881,1.44607970803919,-0.00207678193992207,0.200000000058223,2.90959851567372,-0.489515379730385,4.0200000000002,13.7784827847524,0.222256272454043,0.668688390439555,0.544999999983785,0.0471667861725826,-2.03191692705187,-1.37009188469295,0.348269245681877,0.0045572
17.65,2.91329032743921,-0.414558571070097,4.02999999998539,13.8310592738687,1.43223331380788,-0.00188726395013594,0.200000000043629,2.93341025531793,-0.420979734443395,4.03000000000019,13.8273423511365,0.236385988850417,0.674674022172197,0.544999999987933,0.0476164052129828,-1.74173056285457,-1.41495294836745,0.347113268004723,0.0042867
17.7,2.9331763017263,-0.346087284596835,4.0399999999873,13.8806127759894,1.42013196918034,-0.00168199483024583,0.200000000032769,2.9536299995392,-0.351982538154042,4.04000000000019,13.877095886346,0.252002505985989,0.67993766433984,0.54499999999141,0.0479199010180184,-1.44937747287096,-1.45298863290084,0.346010010153289,0.0040567
17.75,2.94948042791922,-0.277250018950035,4.04999999998874,13.9309352017319,1.40988061013508,-0.00146275119647939,0.200000000025038,2.97023298856493,-0.282608305407463,4.05000000000019,13.9276406133528,0.268994922318744,0.684398444433233,0.544999999993982,0.0480681922565168,-1.15521469921917,-1.48415819879332,0.344964422641211,0.0041057
17.8,2.96218334351603,-0.208129856538433,4.05999999998986,13.9819111366034,1.40157052788115,-0.00123150111850207,0.200000000019622,2.98319889225202,-0.212942012729168,4.06000000000018,13.9788583045323,0.287229277589323,0.687984823698041,0.544999999995887,0.0480558391711867,-0.859601429712913,-1.50842920003886,0.343980097332561,0.0038575
17.85,2.97126986469383,-0.138810119716651,4.06999999999075,14.0334118925423,1.39527739423302,-0.000990340033274252,0.20000000001592,2.99251183474696,-0.143068994502506,4.07000000000018,14.030616855267,0.306550545555728,0.690637363501362,0.544999999996947,0.047881476266869,-0.562898579379085,-1.52577751139034,0.343060014369959,0.003986
17.9,2.97672897629571,-0.0693743116072053,4.07999999999148,14.0852976293895,1.39105953728124,-0.000741426335101902,0.200000000013172,2.99816041369917,-0.0730748384130555,4.08000000000018,14.082772508274,0.326785603432279,0.692311150550826,0.544999999997547,0.0475480052754922,-0.265468373121259,-1.53618734933605,0.342207370337207,0.0038158
17.95,2.97855382663826,9.39373856351355e-05,4.08999999999208,14.137420032126,1.38895655939857,-0.000486922570982571,0.200000000010964,3.00013771401979,-0.00304528058985444,4.09000000000018,14.1351726627878,0.347747063878776,0.69297769063668,0.54499999999782,0.0470625158819876,0.0323260708384736,-1.53965128746262,0.341426366524047,0.0038628
