Time,X,Y,Z,Psi,Vx_B,Vy_B,Vz_B,Ref_X,Ref_Y,Ref_Z,Ref_Psi,Ux,Uy,Uz,Upsi,Int_X,Int_Y,Cost,CalcTime
0,1,0,0.5,1.5707963267949,1,6.12323399573677e-17,0.2,1,0,0.5,1.5707963267949,0.245935714060122,0.571402783960269,0.544999990841866,0.0604834968443912,0,0,50.3273201614989,0.007054
0.02,0.99976013184003,0.0199967667826811,0.503999999967031,1.5911279159635,0.999876600534277,0.00365365167943751,0.199999996703072,0.999800006666578,0.0199986666933331,0.504,1.5907963267949,0.245030886626732,0.575639443080978,0.544999993919531,0.0494362448991348,0.039996801347098,0.000399962274404615,58.8606021548103,0.00389
0.04,0.999039282291393,0.0399801382463279,0.507999999879203,1.61184298421312,0.999790983520346,0.00707599100251236,0.199999994514103,0.999200106660978,0.0399893341866342,0.508,1.6107963267949,0.245271715116469,0.577198288519911,0.5449999963114,0.04743176064238,0.079974397373973,0.00159956285036447,68.2544868036304,0.0038141
0.06,0.997835954754606,0.0599398470800418,0.511999999756206,1.6326324899309,0.999786440012376,0.0104631359568055,0.199999993186207,0.998200539935204,0.0599640064794446,0.512,1.6307963267949,0.245571388703425,0.578402360306322,0.544999998062569,0.0470664108524686,0.119913510800566,0.00359805785634494,78.5148297289842,0.0043594
0.08,0.996150114761426,0.0798660503392222,0.515999999612955,1.65343986116588,0.999864168310161,0.013855121772754,0.199999992488732,0.996801706302619,0.0799146939691727,0.516,1.6507963267949,0.245870187976369,0.57934979963553,0.544999999322215,0.0469729741488952,0.159794840162693,0.00639430388245622,89.6355681989897,0.0041262
0.1,0.993982185534347,0.0997489106682643,0.51999999946029,1.67425380114817,1.00002337462014,0.0172507171170934,0.199999992244729,0.995004165278026,0.0998334166468282,0.52,1.6707963267949,0.246161860093112,0.580065340226846,0.545000000209489,0.0469230539688761,0.199599092032909,0.00998676397756156,101.609247242951,0.0040233
0.12,0.991332997904992,0.119578592052835,0.523999999305938,1.6950706715276,1.00026293875901,0.0206421353361018,0.199999992320145,0.992808635853866,0.119712207288919,0.524,1.6907963267949,0.24644051452721,0.580562333085336,0.54500000081678,0.0468784689201512,0.239306998135265,0.0143735076781691,114.427705263671,0.0040119
0.14,0.988203773615026,0.139345272135916,0.527999999155282,1.71588819879195,1.00058133837095,0.0240208804034482,0.199999992614186,0.990215996212637,0.139543114644236,0.528,1.7107963267949,0.246700673880704,0.580851889540248,0.545000001215176,0.0468329531873122,0.278899331285827,0.019552211314741,128.082194523246,0.0038765
0.16,0.984596113967943,0.15903915344953,0.53199999901194,1.7367044166252,1.00097665924743,0.0273787201849965,0.199999993051649,0.987227283375627,0.159318206614246,0.532,1.7307963267949,0.246937326282026,0.580944730086812,0.545000001459129,0.0467856332008777,0.318356920796611,0.0255201587847319,142.563411377305,0.0036916
0.18,0.980511989391079,0.178650474144571,0.535999998878226,1.75751748774497,1.00144662465947,0.0307078538335214,0.199999993576936,0.983843692788121,0.179029573425824,0.536,1.7507963267949,0.247145916958901,0.580851482979723,0.545000001590178,0.0467365437438239,0.357660667448779,0.0322742427641911,157.861510904828,0.0040876
0.2,0.975953729033742,0.198169518298952,0.539999998755489,1.77832567422281,1.00198862759674,0.0340009418675715,0.1999999941494,0.980066577841242,0.198669330795061,0.54,1.7707963267949,0.247322339000996,0.580582711476122,0.545000001639875,0.0466858689083755,0.396791558049834,0.0398109663400827,173.96611942402,0.0038746
0.22,0.970924010271748,0.217586625803837,0.543999998644381,1.799127332706,1.00259976310168,0.0372511115863377,0.199999994739755,0.975897449330606,0.218229623080869,0.544,1.7907963267949,0.247462923291236,0.580148896537524,0.545000001632062,0.0466338133835786,0.435730679572938,0.0481264450465073,190.866347191913,0.0039324
0.24,0.965425848118295,0.236892201823057,0.547999998545052,1.81992091363815,1.00327686007406,0.0404519569530832,0.199999995327298,0.97133797485203,0.237702626427135,0.548,1.8107963267949,0.247564427308989,0.579560413207702,0.545000001584649,0.0465805803927103,0.474459232874467,0.0572164092878497,208.550801638769,0.003632
0.26,0.959462584562441,0.256076725822086,0.551999998457302,1.84070496095034,1.00401651234353,0.0435975362510693,0.199999995897771,0.966389978134513,0.257080551892155,0.552,1.8307963267949,0.247624022850481,0.578827507134079,0.545000001510986,0.0465263676957386,0.512958545986478,0.0670762071317051,227.007601159169,0.0039622
0.28,0.953037877859614,0.275130760164675,0.555999998380697,1.86147811163396,1.00481510889657,0.0466823681407755,0.199999996441727,0.961055438310771,0.276355648564114,0.556,1.8507963267949,0.247639282771389,0.577960272343535,0.54500000142094,0.0464713666746057,0.551210086981674,0.0777008074543195,246.224389426524,0.0055736
0.3,0.946155691798475,0.29404495827689,0.559999998314647,1.88223909510361,1.00566886316944,0.0497014262974829,0.199999996953265,0.955336489125606,0.29552020666134,0.56,1.8707963267949,0.247608166862938,0.576968630472432,0.545000001321722,0.0464157619673453,0.589195476409433,0.0890848034212424,266.188350188627,0.0036989
0.32,0.938820284967825,0.312810072379893,0.563999998258471,1.90298673234333,1.00657384133071,0.0526501327344331,0.199999997429085,0.949235418082441,0.314566560616118,0.564,1.8907963267949,0.247529006975898,0.575862311489151,0.545000001218537,0.0463597312222027,0.626896499302436,0.101222416285909,286.886222500689,0.0036587
0.34,0.931036200046391,0.331416960794327,0.567999998211439,1.92371993484388,1.00752598948733,0.055524349905835,0.199999997867758,0.942754665528346,0.333487092140814,0.568,1.9107963267949,0.247400491501727,0.574650835915067,0.545000001115058,0.0463034448988285,0.664295116754357,0.114107499488953,308.30431635232,0.0037141
0.36,0.922808253137455,0.349856594820571,0.571999998172809,1.94443770334146,1.0085211597575,0.0583203716831446,0.199999998269179,0.935896823677935,0.35227423327509,0.572,1.9307963267949,0.247221649317093,0.573343498538757,0.545000001013826,0.0462470661036743,0.701373477069967,0.127733543041198,330.4285286454,0.003832
0.38,0.914141523169274,0.36812006520049,0.575999998141842,1.9651391263693,1.0095551351627,0.0610349132983333,0.199999998634156,0.92866463557651,0.370920469412983,0.576,1.9507963267949,0.246991833295504,0.57194935361041,0.545000000916531,0.0461907504567722,0.738113926489868,0.142093678173464,353.24435948024,0.0035862
0.4,0.905041341381243,0.38619858816755,0.579999998117824,1.98582337863345,1.01062365330034,0.0636651003477956,0.199999998964108,0.921060994002885,0.389418342308651,0.58,1.9707963267949,0.246710703483177,0.570477201498264,0.54500000082424,0.0461346459887034,0.774499019492901,0.157180682236588,376.736928708085,0.0035709
0.42,0.895513280914665,0.404083511093332,0.583999998100074,2.00648971922463,1.01172242876667,0.06620845694997,0.199999999260834,0.913088940312308,0.40776045305957,0.584,1.9907963267949,0.246378210033975,0.568935576782374,0.54500000073756,0.0460788930667336,0.810511528680026,0.172986983835353,400.890992708696,0.0036121
0.44,0.885563146525852,0.421766317739539,0.587999998087946,2.02713748967801,1.01284717430816,0.0686628931485876,0.199999999526356,0.904751663219963,0.425939465066,0.588,2.0107963267949,0.245994575991823,0.56733273775665,0.545000000656775,0.046023624349035,0.846134454244225,0.189504668180349,425.69096135255,0.0038915
0.46,0.87519696443816,0.439238633125585,0.591999998080837,2.0477661118928,1.01399362068689,0.0710266916518299,0.199999999762794,0.896052497525525,0.44394810696552,0.592,2.0307963267949,0.245560280004489,0.565676657305303,0.545000000581934,0.0459689647658753,0.881351033031652,0.206725482642192,451.120915108052,0.0037845
0.48,0.864420972348368,0.456492228022696,0.595999998078188,2.06837508592374,1.01515753525328,0.0732984939955809,0.199999999972291,0.886994922779284,0.461779175541483,0.596,2.0507963267949,0.245076039048158,0.563975015115308,0.545000000512932,0.0459150315265651,0.916144747199905,0.224640842492944,477.16462225518,0.0037809
0.5,0.853241609601597,0.47351902308626,0.59999999807948,2.08896398765635,1.01633473922592,0.0754772862164384,0.200000000156946,0.877582561890373,0.479425538604203,0.6,2.0707963267949,0.24454279123512,0.562235191183868,0.545000000449552,0.0458619341508823,0.950499332479874,0.243241836820014,503.805556167962,0.0036593
0.52,0.841665507547786,0.490311092638849,0.603999998084238,2.10953246637788,1.01752112368495,0.077562384117324,0.200000000318785,0.86781917967765,0.496880137843737,0.604,2.0907963267949,0.243961678774257,0.560464260575071,0.545000000391517,0.0458097745236736,0.984398786048182,0.262519234598331,531.026912629396,0.0036144
0.54,0.829699480091498,0.506860668116897,0.607999998092023,2.13008024225566,1.01871266429123,0.0795534182053242,0.200000000459731,0.857708681363824,0.514135991653113,0.608,2.1107963267949,0.243334031145578,0.558668989379195,0.54500000033851,0.0457586469712789,1.01782737401771,0.282463490907064,558.811627143601,0.0037525
0.56,0.817350514445621,0.523160141194554,0.611999998102436,2.15060710373452,1.01990543474897,0.0814503183780256,0.200000000581594,0.847255111013416,0.531186197920883,0.612,2.1307963267949,0.242661348547836,0.556855831823777,0.545000000290195,0.0457086383583991,1.05076963855416,0.303064753277702,587.142392211276,0.0036662
0.58,0.804625762098341,0.53920206659862,0.615999998115113,2.17111290486452,1.02109561903432,0.0832532984309361,0.200000000686065,0.836462649915187,0.548023936791874,0.616,2.1507963267949,0.241945285670426,0.555030928485428,0.545000000246239,0.0456598282040084,1.08321040462699,0.324312868160876,616.001674535935,0.0036645
0.6,0.791532530001525,0.554979164628772,0.619999998129721,2.19159756257025,1.022279522417,0.0849628404548207,0.200000000774711,0.825335614909678,0.564642473395035,0.62,2.1707963267949,0.241187635837282,0.5532001055488,0.545000000206307,0.0456122888149188,1.11513478640347,0.346197387499817,645.371732129772,0.0036285
0.62,0.778078271987527,0.570484323397563,0.623999998145958,2.21206105387249,1.02345358130589,0.0865796791878552,0.200000000848981,0.813878456662534,0.581035160537305,0.624,2.1907963267949,0.240390315565255,0.551368875058147,0.545000000170084,0.0455660854355663,1.14652819329478,0.368707575398993,675.234631289504,0.0036898
0.64,0.764270580420231,0.585710600804805,0.62799999816355,2.23250341307272,1.02461437195285,0.0881047863834868,0.200000000910211,0.802095757884293,0.597195441362392,0.628,2.2107963267949,0.23955534957302,0.549542436107295,0.545000000137269,0.0455212764126516,1.17737633566344,0.391832414876962,705.572263414059,0.0048485
0.66,0.750117178085056,0.600651226261002,0.631999998182248,2.2529247289107,1.02575861805232,0.0895393552508896,0.200000000959628,0.789992231497365,0.613116851973434,0.632,2.2307963267949,0.238684856275022,0.547725676911147,0.545000000107581,0.0454779133732354,1.2076652302016,0.415560614693148,736.366361637551,0.004061
0.68,0.735625910321519,0.615299602174549,0.635999998201828,2.27332514170497,1.0268831972765,0.0908847850207835,0.200000000998357,0.777572718750928,0.628793024018469,0.636,2.2507963267949,0.237781033786876,0.545923177704407,0.545000000080757,0.0454360414149287,1.23738120498971,0.439880616238777,767.598517252555,0.0041356
0.7,0.720804737400937,0.629649305217292,0.639999998222086,2.29370484048555,1.02798514678827,0.0921426656854002,0.200000001027429,0.764842187284488,0.644217687237691,0.64,2.2707963267949,0.236846146466646,0.54413921441163,0.545000000056556,0.0453956993068475,1.26651090424547,0.464780600482814,799.250195900357,0.0041358
0.72,0.70566172715079,0.643694087382948,0.643999998242838,2.31406406012802,1.02906166777563,0.0933147629573651,0.200000001047789,0.751805729140895,0.659384671971473,0.644,2.2907963267949,0.235882512012163,0.542377763033196,0.545000000034753,0.0453569197000288,1.29504129277268,0.49024849496434,831.302753506452,0.0039171
0.74,0.69020504782633,0.657427876852652,0.647999998263919,2.33440307849737,1.03011012905281,0.0944030034883237,0.2000000010603,0.738468558729588,0.674287911628145,0.648,2.3107963267949,0.234892489129483,0.540642504693512,0.545000000015143,0.0453197293460505,1.32295966012018,0.516271980823354,863.737451941266,0.0040792
0.76,0.674442961229057,0.670844778681678,0.65199999828518,2.35472221360993,1.03112806977422,0.0954094603843327,0.200000001065752,0.724836010740905,0.688921445110551,0.652,2.3307963267949,0.233878465784727,0.538936831297889,0.544999999997539,0.0452841493226214,1.35025362446046,0.542838499862581,896.535474387678,0.0036469
0.78,0.658383816070841,0.683939075321055,0.655999998306486,2.37502182082088,1.03211320130812,0.0963363390513075,0.200000001064866,0.710913538012277,0.70327941920041,0.656,2.3507963267949,0.232842848048669,0.537263851745162,0.544999999981769,0.0452501952649727,1.37691113619798,0.569935261633391,929.677940398611,0.003784
0.8,0.642036041581604,0.696705226987447,0.659999998327717,2.3953022900447,1.03306340831708,0.0971859634001984,0.200000001058303,0.696706709347165,0.717356090899523,0.66,2.3707963267949,0.231788049538982,0.535626398645399,0.544999999967672,0.045217877601916,1.40292048131696,0.597549250539519,963.145920629588,0.0037166
0.82,0.625408141357707,0.70913787189428,0.663999998348767,2.41556404301519,1.03397674909269,0.0979607624381281,0.200000001046665,0.682221207287613,0.731145829726896,0.664,2.3907963267949,0.230716481463012,0.534027035492594,0.544999999955107,0.0451872017954875,1.42827028447823,0.625667232952748,996.920451232755,0.0038209
0.84,0.608508687447473,0.721231826356657,0.667999998369539,2.43580753059142,1.03485145519145,0.0986632572683968,0.200000001030503,0.667462825841308,0.744643119970859,0.668,2.4107963267949,0.229630543260914,0.532468064244018,0.544999999943938,0.0451581685831518,1.45294951187484,0.654275764335279,1030.98254790051,0.0035646
0.86,0.591346314669573,0.732982084782131,0.671999998389947,2.45603323011546,1.03568593041867,0.0992960485191094,0.20000000101032,0.652437468164052,0.757842562895277,0.672,2.4307963267949,0.228532613846456,0.530951533259392,0.544999999934045,0.0451307742215888,1.47694747385576,0.683361196363977,1065.31321954837,0.0035679
0.88,0.573929715159419,0.74438381955892,0.675999998409916,2.47624164282704,1.03647874920652,0.0998618042171756,0.200000000986576,0.63715114419858,0.770738878898969,0.676,2.4507963267949,0.227425043440813,0.52947924555454,0.544999999925316,0.0451050107311414,1.50025382732681,0.712909684052156,1099.89348162838,0.0036918
0.9,0.556267633138084,0.755432380852612,0.679999998429379,2.49643329134026,1.03722865443143,0.1003632481216,0.20000000095969,0.621609968270664,0.783326909627483,0.68,2.4707963267949,0.226310145992018,0.528052767326305,0.544999999917648,0.0450808661400595,1.52285857793803,0.742907192865022,1134.70436906566,0.0036329
0.92,0.538368859897823,0.766123296321871,0.683999998448276,2.51660871718666,1.0379345547153,0.100803148527316,0.200000000930044,0.605820156643463,0.795601620036366,0.684,2.4907963267949,0.225190192171421,0.526673436706882,0.544999999910947,0.0450583247277219,1.54475208206608,0.773339505825341,1169.7269488123,0.0035709
0.94,0.520242228997736,0.776452270763098,0.687999998466556,2.53676847842864,1.03859552125388,0.101184307548321,0.200000000897985,0.589788025031098,0.807558100405114,0.688,2.5107963267949,0.22406740293654,0.525342372707676,0.544999999905127,0.0450373672660943,1.56592504860032,0.804192230606274,1204.94233201415,0.0035571
0.96,0.501896611662769,0.786415185693404,0.691999998484175,2.55691314734675,1.03921078421431,0.101509550886526,0.200000000863831,0.573519986072457,0.819191568300998,0.692,2.5307963267949,0.22294394364829,0.524060484314629,0.544999999900108,0.0450179712586912,1.58636854054079,0.835450806608734,1240.33168578735,0.003946
0.98,0.483340912378832,0.79600809888071,0.695999998501092,2.57704330820405,1.03977972874265,0.101781718090567,0.200000000827869,0.557022546766217,0.83049737049197,0.696,2.5507963267949,0.221821918729267,0.52282847969879,0.544999999895816,0.0450001111764307,1.60607397641613,0.867100512020981,1275.87624460281,0.003812
1,0.464584064676546,0.805227243829145,0.699999998517274,2.59715955509016,1.04030189062088,0.102003653306816,0.200000000790363,0.54030230586814,0.841470984807897,0.7,2.5707963267949,0.220703366848552,0.521646875507706,0.544999999892184,0.0449837586897538,1.62503313152902,0.8991264708585,1311.55732127799,0.0037759
1.02,0.445635027095857,0.814069029227373,0.703999998532693,2.61726248984731,1.04077695161129,0.102178196522967,0.200000000751549,0.52336595125165,0.852108021949363,0.704,2.5907963267949,0.219590256601436,0.520516006124588,0.54499999988526,0.0449688828982043,1.64323813903673,0.931513659982523,1347.35631757639,0.0040872
1.04,0.42650277932356,0.822530038366876,0.707999998547311,2.63735272008041,1.04120473452403,0.102308175299465,0.200000000710243,0.506220257232778,0.862404227243338,0.708,2.6107963267949,0.21848448270881,0.51943603305578,0.544999999869733,0.044955450551806,1.66068149087367,0.964246916095868,1383.25473441674,0.0041587
1.06,0.4071963184956,0.830607028536629,0.711999998561047,2.65743085725257,1.04158519804384,0.102396396990558,0.200000000663346,0.488872081860527,0.872355482344986,0.712,2.6307963267949,0.217387862770608,0.518406954701726,0.544999999860058,0.044943426260129,1.67735603852274,0.997310942715013,1419.23418169525,0.0040267
1.08,0.387724655655768,0.838296930399876,0.71599999857381,2.67749751486708,1.04191843135244,0.102445641467344,0.200000000612967,0.47132836417374,0.881957806884948,0.716,2.6507963267949,0.216302134256715,0.517428615044166,0.544999999854674,0.0449327727236459,1.693254993642,1.03069031711758,1455.27638772155,0.0039584
1.1,0.368096812362512,0.845596847358314,0.719999998585546,2.69755330673694,1.04220464856954,0.102458654293118,0.200000000560649,0.453596121425577,0.891207360061435,0.72,2.6707963267949,0.215228952144012,0.516500713134094,0.544999999852395,0.0449234509266463,1.70837192855263,1.06436949726463,1491.3632082765,0.0039944
1.12,0.348321817435574,0.852504054908518,0.723999998596228,2.71759884534254,1.04244418305062,0.102438140380503,0.200000000507512,0.435682446276712,0.900100442176505,0.724,2.6907963267949,0.214169886905014,0.515622812248735,0.544999999852329,0.0449154203401308,1.72270077659397,1.09833282869734,1527.47663529541,0.0042609
1.14,0.328408703834006,0.859015999994666,0.727999998605847,2.73763474027746,1.04263748156751,0.102386758112511,0.20000000045435,0.417594503958358,0.908633496115883,0.728,2.7107963267949,0.213126422907557,0.514794348937598,0.544999999853802,0.0449086391154114,1.73623583235115,1.13256455140786,1563.59880518296,0.0039656
1.16,0.308366505657208,0.865130300361196,0.731999998614407,2.75766159678244,1.04278509839897,0.102307113918597,0.200000000401719,0.399339529406273,0.916803108771767,0.732,2.7307963267949,0.212099957200909,0.514014641938599,0.544999999856309,0.0449030642708211,1.74897175176027,1.16704880668427,1599.71200676665,0.0039673
1.18,0.288204255260717,0.87084474390845,0.735999998621924,2.77768001436703,1.04288768935696,0.102201757296115,0.20000000034999,0.380924824366882,0.92460601240802,0.736,2.7507963267949,0.211091798669404,0.513282900945296,0.544999999859483,0.0448986518714325,1.76090355209595,1.20176964392968,1635.79868889631,0.0038236
1.2,0.267930980478564,0.876157288053929,0.739999998628418,2.79769058551846,1.04294600577273,0.102073176266778,0.200000000299404,0.362357754476674,0.932039085967226,0.74,2.7707963267949,0.210103167534738,0.512598235207905,0.544999999863052,0.0448953572016179,1.7720266118457,1.23671102745569,1671.84146769745,0.0038579
1.22,0.247555701944157,0.881066059101229,0.743999998633914,2.8176938944968,1.04296088846522,0.101923793257128,0.200000000250102,0.343645746316047,0.939099356319068,0.744,2.7907963267949,0.209135195188162,0.511959661952354,0.544999999866822,0.0448931349303802,1.78233667047514,1.27185684325038,1707.82313348705,0.0040042
1.24,0.227087430501792,0.885569351618315,0.747999998638436,2.83769051621532,1.0429332617131,0.10175596139141,0.200000000202158,0.324796284438776,0.945783999449539,0.748,2.8107963267949,0.208188924333892,0.511366114602911,0.544999999870653,0.044891939269312,1.79182982808792,1.30719090572135,1743.72665736054,0.004034
1.26,0.2065351647011,0.889665627826326,0.751999998642014,2.85768101520477,1.04286412725007,0.10157196118478,0.200000000155593,0.305816908378289,0.952090341590516,0.752,2.8307963267949,0.207265309425293,0.510816450795454,0.544999999874452,0.0448917241231661,1.80050254498383,1.34269696441398,1779.53519745927,0.0040694
1.28,0.185907888366924,0.893353516999691,0.755999998644674,2.8776659446602,1.04275455830196,0.101373997624335,0.200000000110396,0.286715209631956,0.958015860289225,0.756,2.8507963267949,0.206365217375601,0.510309460169635,0.544999999878155,0.044892443232964,1.80835164111808,1.37835871070555,1815.23210492801,0.0040431
1.3,0.165214568237369,0.896631814877923,0.759999998646443,2.89764584556854,1.04260569368272,0.101164197625122,0.200000000066532,0.267498828624587,0.963558185417193,0.76,2.8707963267949,0.205489428525116,0.509843871929715,0.544999999881724,0.0448940503116699,1.81537429546494,1.41415978447556,1850.80092957213,0.0041124
1.32,0.144464151662984,0.899499483089118,0.763999998647348,2.91762124591518,1.04241873196495,0.100944607847966,0.200000000023953,0.248175451652373,0.968715100118265,0.764,2.8907963267949,0.204638637847406,0.509418362164656,0.544999999885136,0.0448964991724173,1.82156804528801,1.45008378075275,1886.22542522459,0.0039923
1.34,0.12366556436035,0.901955648584801,0.767999998647413,2.9375926599677,1.04219492573986,0.100717192865733,0.199999999982602,0.228752807808459,0.973484541695319,0.768,2.9107963267949,0.203813456377066,0.509031560919702,0.544999999888382,0.0448997438493424,1.82693078531965,1.48611425633933,1921.48955483271,0.0038962
1.36,0.102827708213565,0.903999603085461,0.771999998646664,2.9575605876345,1.04193557597973,0.100483833664463,0.199999999942419,0.209238665891419,0.977864602435316,0.772,2.9307963267949,0.203014412842097,0.508682059012543,0.544999999891461,0.0449037387110873,1.83146076685146,1.52223473641279,1956.57749527489,0.0039057
1.38,0.0819594591174732,0.9056308025358,0.775999998645121,2.97752551389632,1.04164202651547,0.100246326465648,0.199999999903345,0.189640831297834,0.98185353037236,0.776,2.9507963267949,0.202241955484408,0.508368414588292,0.544999999894378,0.0449084385670343,1.83515659673779,1.5584287211057,1991.47364191762,0.0039885
1.4,0.0610696648567265,0.906848866568454,0.779999998642808,2.99748790830821,1.04131565864013,0.100006381855867,0.199999999865321,0.169967142900241,0.98544972998846,0.78,2.9707963267949,0.201496454052328,0.508089159408542,0.544999999897142,0.0449137987663926,1.83801723631354,1.59467969206398,2026.16261292282,0.0039831
1.42,0.0401671430151395,0.907653577974683,0.783999998639744,3.01744822456968,1.04095788584879,0.099765624209903,0.199999999828292,0.150225469911686,0.98865176285172,0.784,2.9907963267949,0.200778201949303,0.507842804870846,0.544999999899762,0.0449197752902315,1.84004200022796,1.63097111898376,2060.62925331572,0.0038831
1.44,0.0192606789100663,0.908044882180316,0.787999998635949,3.03740690016053,1.04057014872365,0.0995255913934757,0.199999999792207,0.130423708738146,0.991458348191686,0.788,3.0107963267949,0.200087418523683,0.507627847755726,0.544999999902255,0.0449263248365824,1.84123055519511,1.66728646612726,2094.85863882342,0.0037966
1.46,-0.00164097645311206,0.908022886724997,0.791999998631441,3.05736435603988,1.04015390997274,0.0992877347317232,0.199999999757019,0.11056977982007,0.993868363411645,0.792,3.0307963267949,0.199424251484833,0.5074427756993,0.544999999904633,0.0449334048987857,1.84158291866235,1.70360919881774,2128.83607949391,0.0040264
1.48,-0.0225291084109882,0.907587860742642,0.795999998626238,3.07732099640575,1.03971064962928,0.0990534192296126,0.199999999722686,0.0906716244643097,0.99588084453764,0.796,3.0507963267949,0.198788779431095,0.507286072390601,0.54499999990691,0.0449409738371843,1.84109945739713,1.73992278991366,2162.54712310542,0.0039408
1.5,-0.043395040660879,0.906740234440813,0.799999998620357,3.09727720851278,1.03924186041819,0.0988239240305471,0.199999999689174,0.0707372016677029,0.997494986604054,0.8,3.0707963267949,0.198181014475897,0.507156222493292,0.544999999909098,0.0449489909443769,1.83978088599294,1.77621072626206,2195.97755837569,0.0038625
1.52,-0.0642301372722569,0.905480598576616,0.803999998613813,3.11723336254521,1.03874904329508,0.0986004430995297,0.199999999656449,0.0507744849335792,0.998710143975583,0.804,3.0907963267949,0.197600904958674,0.507051716292236,0.544999999911209,0.0449574165041656,1.83762826529464,1.81245651513102,2229.11341798037,0.0037893
1.54,-0.0850258046944606,0.90380970392659,0.807999998606623,3.13718981154268,1.03823370316267,0.0983840861173703,0.199999999624484,0.0307914590824661,0.999525830605479,0.808,3.1107963267949,0.197048338227507,0.506971054066456,0.544999999913254,0.0449662118444002,1.83464300074338,1.84864369062106,2261.94098138994,0.0041106
1.56,-0.105773493763954,0.901728460747961,0.8119999985988,3.15714689137607,1.03769734476835,0.0981758795725846,0.199999999593256,0.0107961170582674,0.999941720229966,0.812,3.1307963267949,0.196523143481642,0.506912750189912,0.544999999915249,0.044975339383905,1.83082684064132,1.88475582005521,2294.44677753358,0.0038466
1.58,-0.126464701714077,0.899237938228586,0.815999998590361,3.17710492077078,1.03714146878625,0.0979767680377802,0.199999999562746,-0.00920354326880834,0.99995764649874,0.816,3.1507963267949,0.196025094661508,0.506875336963216,0.544999999917199,0.0449847626736816,1.8261818743359,1.92077651034725,2326.61758729901,0.0038605
1.6,-0.147090974189904,0.896339363922822,0.819999998581317,3.19706420137477,1.03656756808625,0.0977876156175414,0.199999999532937,-0.0291995223012888,0.999573603041505,0.82,3.1707963267949,0.19555391337512,0.506857368179187,0.544999999919116,0.044994446432578,1.82071053032374,1.95668941434771,2358.44044587614,0.0039189
1.62,-0.167643907270521,0.893034123170539,0.823999998571685,3.21702501786872,1.03597712419183,0.0976092075550168,0.199999999503819,-0.0491838219141706,0.998789743470524,0.824,3.1907963267949,0.195109271850031,0.50685742242602,0.544999999921006,0.0450043565776555,1.81441557427371,1.99247823716696,2389.90264495275,0.0039254
1.64,-0.188115149500708,0.889323758496488,0.827999998561477,3.23698763811572,1.03537160392805,0.0974422519846442,0.199999999475381,-0.0691484486540622,0.997606381319174,0.828,3.2107963267949,0.194690795900159,0.506874106132643,0.544999999922875,0.0450144602494259,1.80730010696902,2.02812674247471,2420.9917347696,0.0038543
1.66,-0.208496403933719,0.885209968987203,0.831999998550707,3.25695231334785,1.03475245626009,0.0972873818187002,0.199999999447616,-0.0890854169364592,0.996023989916537,0.832,3.2307963267949,0.194298067898226,0.506906056360473,0.544999999924734,0.0450247258322018,1.79936756216772,2.06361875877502,2451.69552604235,0.0039183
1.68,-0.228779430186554,0.880694609642655,0.835999998539389,3.2769192783872,1.03412110932275,0.0971451567555934,0.19999999942052,-0.108986752239871,0.994043202198076,0.836,3.2507963267949,0.193930629743866,0.506951943347391,0.544999999926587,0.0450351229697632,1.79062170438134,2.09893818565588,2482.00209175705,0.0039846
1.7,-0.248956046508836,0.875779690699905,0.839999998527535,3.29688875189867,1.03347896764011,0.0970160653981197,0.199999999394092,-0.128844494295525,0.991664810452469,0.84,3.2707963267949,0.193587985818759,0.507010472809304,0.544999999928439,0.0450456225765403,1.78106662657101,2.13406900001231,2511.89976884598,0.0038465
1.72,-0.269018131866127,0.870467376926031,0.843999998515159,3.31686093667221,1.03282740953462,0.096900527470166,0.19999999936833,-0.148650700271364,0.988889766004701,0.844,3.2907963267949,0.19326960592045,0.507080388005363,0.544999999930294,0.0450561968445524,1.77070674776051,2.16899526224185,2541.37715974969,0.0038071
1.74,-0.288957628038243,0.864759986877673,0.847999998502274,3.33683601993206,1.03216778472409,0.0967988961206513,0.199999999343236,-0.168397447949077,0.985719178835553,0.848,3.3107963267949,0.19297492816664,0.507160471573472,0.544999999932153,0.0450668192462969,1.75954681056573,2.20370112241102,2570.42313387142,0.0037788
1.76,-0.308766541732899,0.858659992124611,0.851999998488895,3.35681417367053,1.0315014121046,0.0967114603038084,0.199999999318811,-0.18807683889288,0.982154317137618,0.852,3.3307963267949,0.192703361863033,0.507249547142403,0.544999999934025,0.0450774645338265,1.74759187863988,2.23817082639152,2599.02682892903,0.0038555
1.78,-0.328436946714732,0.85217001643486,0.855999998475033,3.3767955550042,1.03082957771717,0.0966384472252142,0.19999999929506,-0.207681001608784,0.978196606808045,0.856,3.3507963267949,0.192454290327379,0.507346480727877,0.54499999993591,0.0450881087341973,1.73484733403387,2.2723887219646,2627.17765220978,0.0040528
1.8,-0.347960985949563,0.845292834918865,0.859999998460704,3.3967803065501,1.03015353289538,0.0965800248433201,0.199999999271988,-0.227202094693087,0.973847630878195,0.86,3.3707963267949,0.192227073663314,0.507450181919793,0.544999999937809,0.0450987291415332,1.72131887447113,2.306339264892,2654.86528173257,0.0040248
1.82,-0.367330873763499,0.838031373130482,0.86399999844592,3.41676855681984,1.02947449259077,0.0965363044165681,0.199999999249599,-0.246632309968834,0.969109128880456,0.864,3.3907963267949,0.192021051478062,0.507559604868052,0.544999999939722,0.0451093043058911,1.70701251053651,2.34000702495181,2682.07966732208,0.0040473
1.84,-0.386538898016296,0.830388706122526,0.867999998430695,3.43676042062952,1.02879363387275,0.096507343086524,0.199999999227899,-0.26596387560898,0.963982996152448,0.868,3.4107963267949,0.19183554553827,0.507673749074791,0.544999999941656,0.0451198140191505,1.6919345627784,2.37337669193748,2708.81103159879,0.0039763
1.86,-0.405577422288199,0.822368057454795,0.871999998415043,3.45675599952339,1.02811209459914,0.0964931464878194,0.199999999206895,-0.285189059245021,0.958471283078914,0.872,3.4307963267949,0.191669862358963,0.507791660000816,0.544999999943608,0.0451302392981261,1.67609165872369,2.4064330816181,2735.04987088863,0.0039471
1.88,-0.424438888079286,0.813972798152598,0.875999998398978,3.47675538220933,1.02743097225325,0.0964936713760496,0.199999999186594,-0.304300171059833,0.952576194271595,0.876,3.4507963267949,0.191523295721091,0.507912429494131,0.544999999945579,0.0451405623651059,1.65949072980502,2.43916114165803,2760.78695605563,0.0038654
1.9,-0.443115817020186,0.805206445613938,0.879999998382514,3.49675864500417,1.02675132294326,0.0965088282651441,0.199999999167002,-0.323289566863504,0.946300087687414,0.88,3.4707963267949,0.191395129113087,0.508035196048942,0.544999999947572,0.0451507666260081,1.64213900819981,2.47154595749382,2786.01333326053,0.0049922
1.92,-0.461600813092879,0.79607266246364,0.883999998365665,3.51676585228714,1.0260741605592,0.0965384840661017,0.199999999148128,-0.342149651150898,0.939645473685325,0.884,3.4907963267949,0.191284638092801,0.508159144903153,0.544999999949586,0.0451608366463682,1.62404402358064,2.50357275816636,2810.72032464814,0.0044465
1.94,-0.479886564860132,0.786575255352851,0.887999998348446,3.53677705695966,1.02540045608284,0.0965824647193609,0.199999999129979,-0.360872880139767,0.9326150140222,0.888,3.5107963267949,0.191191092566472,0.508283507982623,0.544999999951615,0.045170758125316,1.60521359977664,2.5352269221062,2834.89952896591,0.0040041
1.96,-0.497965847702004,0.776718173702464,0.891999998330871,3.55679230090982,1.02473113704523,0.0966405578134504,0.199999999112561,-0.379451764788155,0.925211520788168,0.892,3.5307963267949,0.191113758981349,0.508407563700703,0.544999999953664,0.0451805178677661,1.58565585134555,2.56649398286958,2858.54282211568,0.0040921
1.98,-0.515831526057739,0.766505508389192,0.895999998312956,3.57681161547989,1.02406708712693,0.0967125151829625,0.19999999909588,-0.397878873789916,0.91743795528181,0.896,3.5507963267949,0.191051902429952,0.508530636620959,0.544999999955731,0.0451901037549586,1.56537918005619,2.59735963482318,2881.64235764064,0.0038852
2,-0.533476555671225,0.755941490373116,0.899999998294714,3.59683502193556,1.02340914589539,0.0967980554792587,0.199999999079943,-0.416146836547142,0.909297426825682,0.9,3.5707963267949,0.191004788663294,0.5086520969917,0.544999999957815,0.0451995047135764,1.54439227128124,2.62780973877509,2904.19056714896,0.0037378
2.02,-0.550893985838158,0.745030489265732,0.903999998276161,3.61686253193518,1.02275810867391,0.0968968667077175,0.199999999064756,-0.4342483461183,0.900793191522627,0.904,3.5907963267949,0.1909716860113,0.508771360160465,0.544999999959915,0.0452087106835587,1.52270409030003,2.65783032754971,2926.18016067548,0.0037238
2.04,-0.568076961652899,0.733777011837608,0.907999998257311,3.63689414799799,1.02211472653669,0.0970086087257182,0.199999999050326,-0.452176162140912,0.89192865095338,0.908,3.6107963267949,0.190951867208974,0.508887885876667,0.544999999962032,0.0452177125848138,1.50032387851163,2.68740761150413,2947.60412698249,0.0039994
2.06,-0.585018726252996,0.722185700464956,0.911999998238181,3.65692986396976,1.02147970642405,0.0971329156959386,0.199999999036658,-0.469923113727602,0.882707350815974,0.912,3.6307963267949,0.190944611127209,0.509001177490468,0.54499999996416,0.0452265022829673,1.47726114955791,2.7165279839837,2968.45573380049,0.0040637
2.08,-0.601712623059244,0.710261331514535,0.915999998218785,3.67696966548485,1.02085371137208,0.0972693984899282,0.199999999023755,-0.487482102334359,0.873132979507516,0.916,3.6507963267949,0.190949204407253,0.509110781056038,0.544999999966298,0.0452350725543241,1.45352568535704,2.74517802671408,2988.72852800956,0.0037942
2.1,-0.618152098009131,0.698008813666467,0.919999998199139,3.69701353042348,1.02023736085078,0.0974176470373063,0.199999999011622,-0.504846104599858,0.863209366648874,0.92,3.6707963267949,0.190964942998512,0.509216284346973,0.544999999968448,0.0452434170501547,1.42912753204746,2.77334451512758,3008.41633576173,0.0036185
2.12,-0.634330701781445,0.685433186174659,0.923999998179258,3.71706142936326,1.01963123120468,0.0975772326163069,0.199999999000263,-0.522008175154707,0.852940481552876,0.924,3.6907963267949,0.190991133599648,0.509317315791598,0.544999999970604,0.0452515302604932,1.40407699584268,2.80101442362108,3027.51326254475,0.0036762
2.14,-0.650242092009826,0.672539617064709,0.927999998159158,3.73711332602382,1.0190358561901,0.0977477100817635,0.199999998989681,-0.538961449399512,0.842330431636646,0.928,3.7107963267949,0.191027095002729,0.50941354333597,0.544999999972768,0.0452594074775495,1.37838463879732,2.82817493074318,3046.01369318707,0.0036001
2.16,-0.665880035482985,0.65933340126924,0.931999998138853,3.75716917770392,1.01845172760293,0.0979286200270071,0.199999998979877,-0.555699146250613,0.831383460778683,0.932,3.7307963267949,0.191072159341136,0.509504673241887,0.544999999974936,0.0452670447588747,1.35206127448487,2.85481342430795,3063.91229180425,0.0036192
2.18,-0.681238410329331,0.645819958700816,0.935999998118361,3.77722893570996,1.017879295991,0.0981194908765053,0.199999998970854,-0.572214570852437,0.820103947621374,0.936,3.7507963267949,0.191125673241793,0.509590448827217,0.544999999977106,0.0452744388904166,1.32511796358771,2.8809175064329,3081.20400168631,0.0036774
2.2,-0.69631120818372,0.632004832262657,0.939999998097695,3.7972925457753,1.0173189714451,0.0983198409064309,0.199999998962612,-0.588501117255346,0.80849640381959,0.94,3.7707963267949,0.19118699888274,0.509670649155622,0.544999999979277,0.0452815873495653,1.29756600940017,2.90647499849857,3097.88404512581,0.0037735
2.22,-0.711092536334061,0.617893685797523,0.943999998076873,3.81735994846967,1.01677112446266,0.0985291801906961,0.199999998955152,-0.60455227105793,0.796565472236087,0.944,3.7907963267949,0.191255514957139,0.50974508768258,0.544999999981444,0.0452884882683133,1.26941695324523,2.93147394602739,3113.94792318611,0.0041813
2.24,-0.725576619845506,0.603492301975266,0.947999998055909,3.83743107959803,1.01623608687837,0.0987470124703309,0.199999998948472,-0.62036161201268,0.78431592508442,0.948,3.8107963267949,0.19133061754508,0.5098136108644,0.544999999983609,0.0452951403966242,1.24068256980585,2.95590262347916,3129.39141540924,0.003714
2.26,-0.739757803659988,0.588806580119632,0.951999998034819,3.85750587058832,1.01571415285577,0.0989728369444209,0.199999998942571,-0.635922816594003,0.771752662020126,0.952,3.8307963267949,0.191411720895203,0.509876096736455,0.544999999985767,0.0453015430661329,1.2113748623718,2.97974953896091,3144.21057946267,0.0037106
2.28,-0.753630554668891,0.57384253397503,0.95599999801362,3.87758424886768,1.01520557993422,0.0992061499811298,0.199999998937447,-0.651229660527546,0.758880708180922,0.956,3.8507963267949,0.191498258117451,0.509932453467135,0.544999999987918,0.0453076961542298,1.18150605800307,3.00300343884858,3158.40175072416,0.0040677
2.3,-0.767189463756647,0.558606289414095,0.959999997992325,3.89766613822667,1.01471059012559,0.0994464467476628,0.199999998933097,-0.666276021279824,0.74570521217672,0.96,3.8707963267949,0.191589681789263,0.509982617893282,0.544999999990061,0.0453136000486695,1.15108860261086,3.02565331231817,3171.961541804,0.0036526
2.32,-0.78042924781313,0.543104082086934,0.963999997970951,3.91775145917109,1.01422937105519,0.0996932227583167,0.199999998929519,-0.681055880507152,0.732231444030251,0.964,3.8907963267949,0.191685464477329,0.510026554042898,0.54499999999219,0.0453192556127309,1.12013515595756,3.04768839578408,3184.88684200356,0.0035709
2.34,-0.793344751712714,0.527342255013086,0.967999997949513,3.93784012926119,1.01376207714154,0.099945975340062,0.199999998926708,-0.695563326462902,0.718464793069126,0.968,3.9107963267949,0.191785099177277,0.510064251650534,0.544999999994308,0.045324664151052,1.08865858657681,3.06909817724223,3197.17481670924,0.0035598
2.36,-0.805930950257954,0.511327256117287,0.971999997928027,3.95793206343791,1.01330883080974,0.100204205015378,0.199999998924659,-0.70979255636212,0.704410765770176,0.972,3.9307963267949,0.191888099673749,0.510095724670601,0.544999999996409,0.0453298273761734,1.05667196661512,3.08987240051573,3208.82290672099,0.0036734
2.38,-0.818182950085856,0.495065635710221,0.975999997906507,3.97802717433604,1.01286972373326,0.100467416802334,0.199999998923366,-0.723737878702569,0.690074983556936,0.976,3.9507963267949,0.191994000823583,0.510121009793475,0.544999999998494,0.0453347473758695,1.02418856659652,3.11000106940088,3219.82882751411,0.0034936
2.4,-0.83009599153479,0.478564043915509,0.97999999788497,3.99812537258409,1.01244481809933,0.100735121432155,0.199999998922824,-0.737393715541245,0.675463180551151,0.98,3.9707963267949,0.192102358764493,0.510140164969233,0.545000000000558,0.0453394265813295,0.991221850111663,3.12947445171133,3230.19056843347,0.0035127
2.42,-0.841665450470139,0.461829228044295,0.983999997863428,4.0182265670908,1.01203414789301,0.101006836484787,0.199999998923025,-0.750754604725491,0.660581201279201,0.984,3.9907963267949,0.192212751052693,0.510153267943152,0.545000000002604,0.0453438677362347,0.95778546843316,3.14828308321827,3239.90639181917,0.003489
2.44,-0.852886840066848,0.444868029918796,0.987999997841898,4.03833066531824,1.01163772019527,0.101282087443147,0.199999998923962,-0.763815202077774,0.645434998334371,0.988,4.0107963267949,0.192324776731866,0.510160414807319,0.545000000004628,0.0453480738667702,0.923893255058675,3.16641777148455,3248.97483206235,0.0040908
2.46,-0.86375581254709,0.427687383146306,0.991999997820394,4.05843757354148,1.01125551649082,0.101560408667032,0.199999998925628,-0.776570283533293,0.630030629995892,0.992,4.0307963267949,0.192438056336652,0.510161718572189,0.545000000006632,0.0453520482526323,0.889559220183647,3.1838695995908,3257.39469459034,0.0042618
2.48,-0.874268160871342,0.410294310345161,0.99599999779893,4.07854719709481,1.01088749398116,0.101841344287811,0.199999998928016,-0.789014747229531,0.614374257805712,0.996,4.0507963267949,0.192552231833731,0.510157307761639,0.545000000008609,0.0453557943990564,0.854797545105418,3.20062992975146,3265.1650547801,0.0039913
2.5,-0.884419820381224,0.39269592032424,0.999999997777521,4.09865944060476,1.0105335868989,0.102124449025241,0.199999998931115,-0.801143615546934,0.598472144103956,1,4.0707963267949,0.192666966503609,0.510147325034896,0.545000000010562,0.0453593160098899,0.819622576560687,3.21669040681902,3272.28525679879,0.0039086
2.52,-0.89420687039253,0.374899405217618,1.00399999775618,4.11877420820976,1.01019370781945,0.102409288927926,0.199999998934917,-0.81295203709989,0.582330649524082,1.004,4.0907963267949,0.192781944766238,0.510131925838409,0.545000000012489,0.0453626169617484,0.784048820998225,3.23204296167444,3278.75491237076,0.0039871
2.54,-0.903625535736936,0.356912037576042,1.00799999773493,4.13889140376682,1.00986774896618,0.10269544203909,0.199999998939413,-0.824435288677222,0.565956230448703,1.008,4.1107963267949,0.192896871953642,0.510111277090478,0.545000000014384,0.0453657012792824,0.748090938788908,3.24667981450213,3284.57389946986,0.0036297
2.56,-0.912672188250957,0.338741167416912,1.01199999771377,4.15901093104528,1.00955558350586,0.102982498989501,0.199999998944591,-0.835588777131408,0.549355436427127,1.012,4.1307963267949,0.193011474032765,0.51008555590123,0.545000000016259,0.0453685731115499,0.711763738375122,3.26059347794778,3289.74236093622,0.0037116
2.58,-0.921343348210786,0.320394219234508,1.01599999769272,4.17913269390789,1.00925706683066,0.103270063519508,0.199999998950445,-0.846408041215776,0.532534907555621,1.016,4.1507963267949,0.193125497281703,0.510054948330209,0.5450000000181,0.0453712367095196,0.67508217036169,3.27377676015734,3294.26070301675,0.0037695
2.6,-0.929635685711724,0.301878688972222,1.01999999767179,4.19925659647939,1.00897203782393,0.103557752932297,0.19999999895696,-0.856888753368947,0.515501371821464,1.02,4.1707963267949,0.193238707922546,0.510019648183715,0.545000000019914,0.0453736964047365,0.638061321550509,3.28622276769566,3298.12959382852,0.0038228
2.62,-0.937546021990967,0.283202140958568,1.023999997651,4.21938254330296,1.00870032010658,0.103845198480561,0.199999998964129,-0.867026721445802,0.498261642411839,1.024,4.1907963267949,0.193350891713925,0.509979855853671,0.545000000021694,0.0453759565890902,0.600716408921141,3.29792490834333,3301.34996174435,0.0036137
2.64,-0.945071330692624,0.264372204808785,1.02799999763036,4.23951043948465,1.00844172326152,0.104132045688895,0.199999998971939,-0.876817890394281,0.480822614988648,1.028,4.2107963267949,0.193461853506421,0.509935777199691,0.545000000023447,0.0453780216957792,0.563062773559639,3.30887689377015,3303.92299369988,0.0037625
2.66,-0.952208739073851,0.245396572293833,1.03199999760988,4.25964019082636,1.00819604403348,0.104417954614314,0.19999999898038,-0.886258343877352,0.463191264930345,1.032,4.2307963267949,0.193571416764157,0.509887622475571,0.545000000025168,0.0453798961813705,0.525115874537954,3.31907274208417,3305.85013342175,0.0037331
2.68,-0.958955529151119,0.226282994178634,1.03599999758958,4.27977170394734,1.00796306750198,0.104702600047363,0.19999999898944,-0.895344305839492,0.445374644541871,1.036,4.2507963267949,0.193679423055295,0.509835605301553,0.54500000002686,0.0453815845090379,0.486891282746284,3.32850678025473,3307.1330795761,0.0039353
2.7,-0.96530913878566,0.207039277031378,1.03999999756947,4.29990488639493,1.00774256822525,0.104985671656346,0.19999999899911,-0.904072142017061,0.42737988023383,1.04,4.2707963267949,0.193785731514686,0.509779941683171,0.545000000028519,0.0453830911328824,0.448404674680788,3.33717364640852,3307.77378383719,0.0036914
2.72,-0.97126716270721,0.187673280005743,1.04399999754955,4.32003964674456,1.00753431135324,0.105266874077269,0.199999999009377,-0.912438361391958,0.409214169672017,1.044,4.2907963267949,0.19389021828155,0.509720849077485,0.545000000030147,0.0453844204834047,0.409671826189116,3.34506829199745,3307.77444887577,0.0036147
2.74,-0.976827353475254,0.168192911597885,1.04799999752985,4.34017589468966,1.00733805370786,0.105545926952116,0.199999999020229,-0.920439617587981,0.390884778898452,1.048,4.3107963267949,0.193992775915118,0.509658545507214,0.54500000003174,0.0453855769540636,0.370708606176232,3.35218598383724,3307.13752626675,0.0037567
2.76,-0.981987622377024,0.148606126380029,1.05199999751037,4.36031354112163,1.00715354482895,0.105822564918126,0.199999999031656,-0.928072710209333,0.372399039425055,1.052,4.3307963267949,0.194093312791024,0.509593248723145,0.545000000033308,0.0453865648888968,0.331530970273051,3.35852230601594,3305.86571431625,0.0043144
2.78,-0.986746040261557,0.128920921712511,1.05599999749112,4.38045249820043,1.0069805279846,0.106096537550735,0.199999999043646,-0.935334586120739,0.353764345301143,1.056,4.3507963267949,0.194191752481213,0.50952517541499,0.54500000003484,0.045387388571225,0.29215495447044,3.36407316167123,3303.96195580774,0.0050106
2.8,-0.99110083830922,0.109145334436116,1.05999999747212,4.40059267941608,1.00681874114455,0.10636760926288,0.199999999056189,-0.942222340668658,0.334988150155905,1.06,4.3707963267949,0.194288033120024,0.509454540470737,0.545000000036346,0.0453880522133923,0.25259666872113,3.36883477463586,3301.42943566731,0.0041941
2.82,-0.995050408736121,0.0892874375465217,1.06399999745337,4.42073399964159,1.00666791791576,0.10663555916336,0.199999999069274,-0.948733218843107,0.316077964217054,1.064,4.3907963267949,0.194382106759028,0.509381556284266,0.545000000037819,0.0453885599474865,0.212872290512164,3.37280369095044,3298.27157854822,0.0039735
2.84,-0.998593305432924,0.0693553368526885,1.06799999743489,4.44087637517754,1.00652778843916,0.106900180876914,0.199999999082889,-0.954864616379626,0.297041351306832,1.068,4.4107963267949,0.19447393871311,0.509306432111038,0.545000000039262,0.0453889158170828,0.172998058410469,3.37597678024283,3294.49204633475,0.0045915
2.86,-1.00172824453761,0.0493571676209889,1.07199999741669,4.46101972378899,1.00639808024691,0.107161282328707,0.199999999097023,-0.960614080800952,0.277885925816587,1.072,4.4307963267949,0.194563506900185,0.509229373471305,0.545000000040676,0.0453891237699156,0.132990265584198,3.37835123697359,3290.09473556579,0.0045573
2.88,-1.00445410494183,0.0293010912068777,1.07599999739878,4.48116396473485,1.00627851907971,0.107418685495845,0.199999999111666,-0.965979312397975,0.258619349661111,1.076,4.4507963267949,0.194650801176846,0.509150581600347,0.54500000004206,0.0453891876514911,0.0928652533024873,3.379924581547,3285.08377477833,0.0040945
2.9,-1.00676992873045,0.00919529167588026,1.07999999738117,4.50130901879034,1.00616882966369,0.107672226128535,0.199999999126808,-0.970958165149591,0.239249329213982,1.08,4.4707963267949,0.194735822672149,0.509070252944986,0.545000000043414,0.0453891111995787,0.0526394044162967,3.38069466128699,3279.46352177138,0.0041994
2.92,-1.00867492155411,-0.0109520275843384,1.08399999736386,4.5214548082629,1.00606873644657,0.107921753443467,0.199999999142437,-0.975548647581083,0.219783612225117,1.084,4.4907963267949,0.194818583121617,0.508988578705584,0.545000000044744,0.0453888980395788,0.012329136823006,3.3806596512779,3273.23856079092,0.0038927
2.94,-1.01016845293449,-0.0311326472590761,1.08799999734687,4.54160125700185,1.00597796429323,0.108167129791923,0.199999999158545,-0.979748923560684,0.200229984721771,1.088,4.5107963267949,0.194899104203481,0.508905744422558,0.545000000046046,0.0453885516806891,-0.0280491030825461,3.37981805506943,3266.41369963621,0.0038789
2.96,-1.01125005650205,-0.0513383355071419,1.0919999973302,4.56174829040234,1.00589623914037,0.108408230305112,0.199999999175122,-0.983557313034006,0.180596267894233,1.092,4.5307963267949,0.194977416878999,0.50882192960647,0.545000000047315,0.0453880755129093,-0.0684788469678842,3.37816870524573,3258.99396668857,0.0038507
2.98,-1.01191943016634,-0.071560851365141,1.09599999731388,4.581895835404,1.00582328861069,0.108644942519126,0.199999999192155,-0.986972292696038,0.160890314967456,1.096,4.5507963267949,0.195053560738698,0.508737307410466,0.545000000048558,0.0453874728047357,-0.108943611130878,3.37571076385841,3250.98460786296,0.0038848
3,-1.01217643621847,-0.0917919481538086,1.09999999729789,4.60204382048457,1.00575884258676,0.10887716598188,0.199999999209636,-0.989992496600445,0.141120008059867,1.1,4.5707963267949,0.195127583356155,0.508652044343966,0.545000000049779,0.0453867467016407,-0.149426903073182,3.37244372272329,3242.39108348368,0.0040113
3.02,-1.0120211013659,-0.112023376884725,1.10399999728227,4.62219217564897,1.00570263374491,0.109104811844334,0.199999999227556,-0.992616716705937,0.12129325503063,1.104,4.5907963267949,0.195199539650915,0.508566300026303,0.545000000050973,0.0453859002251834,-0.189912228076417,3.36836740358088,3233.21906508472,0.0038212
3.04,-1.0114536166996,-0.132246889665764,1.107999997267,4.64234083241422,1.00565439804972,0.109327802438189,0.199999999245907,-0.994843903359459,0.101417986316602,1.108,4.6107963267949,0.195269491262032,0.50848022697894,0.545000000052143,0.045384936272798,-0.230383095778399,3.36348195812067,3223.47443213613,0.0038406
3.06,-1.01047433759333,-0.152454243103653,1.11199999725211,4.66248972379057,1.00561387520961,0.109546070842235,0.199999999264678,-0.996673165716047,0.0815021517602691,1.112,4.6307963267949,0.19533750593353,0.508393970454927,0.545000000053287,0.0453838576181624,-0.270823026746682,3.35778786786918,3213.16326869734,0.0038524
3.08,-1.00908378353549,-0.172637201702035,1.11599999723759,4.68263878425913,1.00558080909433,0.109759560439382,0.199999999283861,-0.998103772095146,0.0615537174299131,1.116,4.6507963267949,0.195403656913105,0.508307668304153,0.545000000054406,0.0453826669121784,-0.311215559046741,3.35128594394204,3202.29185999867,0.0038556
3.1,-1.00728263789332,-0.19278754125346,1.11999999722347,4.70278794974648,1.0055549481149,0.109968224466387,0.199999999303447,-0.999135150273279,0.0415806624332905,1.12,4.6707963267949,0.195468022365165,0.508221450872864,0.545000000055504,0.0453813666844306,-0.351544254802058,3.34397732666026,3190.86668895232,0.0039827
3.12,-1.00507174760979,-0.212897052223732,1.12399999720973,4.72293715759651,1.00553604556714,0.110172025558165,0.199999999323429,-0.999766887712928,0.021590975726096,1.124,4.6907963267949,0.195530684799302,0.508135440935988,0.545000000056579,0.0453799593451876,-0.391792706743445,3.33586348503094,3178.89443259418,0.0038074
3.14,-1.00245212283334,-0.232957543127096,1.12799999719641,4.74308634653985,1.00552385993935,0.110370935288511,0.199999999343797,-0.99999873172754,0.00159265291648683,1.128,4.7107963267949,0.195591730515104,0.508049753660672,0.54500000005763,0.0453784471878442,-0.431944544744886,3.32694621609282,3166.38195845787,0.0038985
3.16,-0.999424936480617,-0.25296084389072,1.13199999718349,4.76323545666125,1.00551815518545,0.110564933708957,0.199999999364544,-0.999830589582598,-0.0184063069330538,1.132,4.7307963267949,0.195651249064192,0.507964496599503,0.54500000005866,0.0453768323917821,-0.471983442343237,3.31722764412701,3153.33632088245,0.0038882
3.18,-0.995991523732524,-0.272898809207007,1.13599999717099,4.78338442936518,1.0055187009644,0.110754008887416,0.199999999385661,-0.999262528532721,-0.0383979045052354,1.136,4.7507963267949,0.195709332730222,0.507879769711823,0.545000000059672,0.0453751170256399,-0.511893123239094,3.30671021973337,3139.76475725556,0.0038374
3.2,-0.992153381463813,-0.292763321872245,1.13999999715892,4.8035332073399,1.00552527284701,0.110938156448176,0.199999999407143,-0.998294775794753,-0.0583741434275801,1.14,4.7707963267949,0.195766076027509,0.5077956654115,0.545000000060661,0.0453733030509013,-0.55165736777618,3.29539671877309,3125.67468419325,0.0039234
3.22,-0.987912167606583,-0.312546296110153,1.14399999714728,4.82368173452047,1.00553765249142,0.111117379114692,0.199999999428981,-0.996927718456887,-0.0783270334708653,1.144,4.7907963267949,0.195821575218859,0.507712268639654,0.545000000061627,0.045371392325842,-0.591260019396586,3.28329024117804,3111.07369365857,0.0039636
3.24,-0.98326970044798,-0.332239680878888,1.14799999713608,4.84382995605067,1.00555562778821,0.111291686256584,0.199999999451167,-0.99516190332383,-0.0982485937451087,1.148,4.8107963267949,0.195875927853092,0.507629656960644,0.545000000062574,0.0453693866097305,-0.630684991069235,3.2703942096274,3095.96954902042,0.0042776
3.26,-0.978227957862487,-0.351835463160117,1.15199999712533,4.86397781824445,1.00557899297651,0.111461093442104,0.199999999473694,-0.992998036698093,-0.118130855891818,1.152,4.8307963267949,0.195929232322644,0.507547900679795,0.545000000063502,0.045367287567285,-0.669916271688956,3.25671236809253,3080.37018105456,0.0042159
3.28,-0.972789076479207,-0.371325671228747,1.15599999711503,4.88412526854683,1.00560754873227,0.111625621997303,0.199999999496554,-0.990436984097473,-0.137965867271227,1.156,4.8507963267949,0.195981587441573,0.507467062981293,0.545000000064412,0.0453650967733784,-0.708937932443528,3.24224878025049,3064.28368388856,0.0040484
3.3,-0.966955350784537,-0.390702377901968,1.1599999971052,4.90427225549466,1.00564110222999,0.111785298572988,0.199999999519743,-0.987479769908865,-0.157745694143249,1.16,4.8707963267949,0.196033092044209,0.507387200084633,0.545000000065304,0.0453628157178859,-0.747734133146142,3.22700782776732,3047.71831089275,0.0042861
3.32,-0.960729232160715,-0.409957703766242,1.16399999709583,4.92441872867748,1.00567946717914,0.111940154720521,0.199999999543252,-0.984127576978514,-0.177462424840861,1.164,4.8907963267949,0.196083844604613,0.507308361418162,0.545000000066174,0.0453604458107274,-0.78628912853067,3.21099420845168,3030.68247051891,0.0044711
3.34,-0.954113327860692,-0.429083820380926,1.16799999708693,4.94456463869854,1.0057224638366,0.112090226477384,0.199999999567075,-0.980381746138899,-0.19710817293467,1.168,4.9107963267949,0.19613394287694,0.507230589808148,0.545000000067024,0.0453579883870279,-0.824587274507213,3.19421293427997,3013.18472208894,0.0044076
3.36,-0.947110399919835,-0.448072953457221,1.17199999707851,4.96470993713633,1.00576991899637,0.112235553963385,0.199999999591204,-0.97624377567241,-0.21667508038738,1.172,4.9307963267949,0.196183483556705,0.507153921681912,0.545000000067856,0.0453554447123766,-0.862613034375369,3.17666932929374,2995.23377153538,0.0041544
3.38,-0.939723364005001,-0.466917386011149,1.17599999707058,4.98485457650664,1.00582166595796,0.112376180988281,0.199999999615632,-0.971715320712062,-0.236155320696897,1.176,4.9507963267949,0.196232561962939,0.507078387283592,0.545000000068671,0.0453528159881644,-0.900350984992721,3.15836902737042,2976.83846709592,0.0048004
3.4,-0.93195528820151,-0.485609461489306,1.17999999706314,5.00499851022553,1.00587754447459,0.112512154671507,0.199999999640354,-0.966798192579461,-0.255541102026831,1.18,4.9707963267949,0.196281271741132,0.507004010901084,0.545000000069466,0.0453501033569706,-0.937785822896043,3.13931796986862,2958.00779496408,0.0043844
3.42,-0.923809391738605,-0.504141586866128,1.1839999970562,5.02514169257309,1.00593740068265,0.112643525074637,0.199999999665361,-0.961494358060299,-0.274824670323124,1.184,4.9907963267949,0.196329704586763,0.506930811102807,0.545000000070242,0.0453473079079715,-0.97490237037275,3.11952240314875,2938.75087489818,0.0037833
3.44,-0.915289043653998,-0.522506235711452,1.18799999704976,5.04528407865838,1.00600108701364,0.112770344847124,0.199999999690648,-0.955805938617666,-0.293998312415568,1.188,5.0107963267949,0.196377949989254,0.506858800982959,0.545000000070998,0.0453444306823542,-1.01168558148015,3.09898887597054,2919.07695579071,0.0038596
3.46,-0.906397761398106,-0.540695951227154,1.19199999704383,5.06542562438555,1.00606846208987,0.112892668885778,0.199999999716208,-0.949735209543496,-0.31305435910297,1.192,5.0307963267949,0.196426094996035,0.506787988413954,0.545000000071736,0.045341472678711,-1.04812054801006,3.07772423676835,2898.99541120052,0.0036527
3.48,-0.897139209378645,-0.558703349251676,1.19599999703841,5.08556628642119,1.00613939060517,0.113010554008386,0.199999999742033,-0.943284599048476,-0.331985188220734,1.196,5.0507963267949,0.196474223996418,0.506718376304797,0.545000000072453,0.0453384348583906,-1.08419250539641,3.05573563080569,2878.5157348499,0.0035542
3.5,-0.887517197446224,-0.576521121231269,1.19999999703351,5.10570602216325,1.00621374319187,0.113124058641806,0.199999999768116,-0.936456687290796,-0.35078322768962,1.2,5.0707963267949,0.196522418524935,0.506649962864185,0.545000000073148,0.0453353181507767,-1.11988683856346,3.03303049721022,2857.64753608884,0.0035787
3.52,-0.877535679321646,-0.594142037156789,1.20399999702914,5.12584478971131,1.00629139627525,0.113233242524785,0.199999999794449,-0.929254205344123,-0.369440958544477,1.204,5.0907963267949,0.196570757083729,0.50658274186718,0.545000000073827,0.0453321234585131,-1.15518908771221,3.00961656589059,2836.4005353289,0.0036433
3.54,-0.867198750965609,-0.611558948464925,1.20799999702529,5.14598254783854,1.00637223191671,0.113338166425715,0.199999999821027,-0.921680034105203,-0.38795091794173,1.208,5.1107963267949,0.196619314983538,0.506516702924372,0.545000000074487,0.0453288516626079,-1.19008495404284,2.98550185433653,2814.78455944883,0.0036071
3.56,-0.856510648891558,-0.628764790902727,1.21199999702198,5.16611925596525,1.00645613764671,0.113438891875448,0.199999999847843,-0.913737203141545,-0.406305702144417,1.212,5.1307963267949,0.196668164202836,0.506451831752423,0.545000000075125,0.045325503627435,-1.22456030541072,2.96069466430355,2792.80953717438,0.003551
3.58,-0.845475748422427,-0.645752587354339,1.21599999701921,5.1862548741342,1.00654300628873,0.113535480915268,0.199999999874888,-0.90542888947963,-0.424497969483583,1.216,5.1507963267949,0.196717373264604,0.506388110445017,0.54500000007574,0.0453220802056107,-1.25860118191385,2.93520357838391,2770.48549443458,0.0035182
3.6,-0.834098561892052,-0.662515450628865,1.21999999701698,5.20638936298761,1.00663273577529,0.113627995860019,0.199999999902154,-0.896758416334147,-0.442520443294852,1.22,5.1707963267949,0.196767007130194,0.506325517743279,0.545000000076337,0.0453185822427273,-1.29219380140947,2.90903745646523,2747.82254969685,0.0036587
3.62,-0.822383736792052,-0.67904658620829,1.2239999970153,5.226522683746,1.00672522895718,0.113716499076391,0.199999999929635,-0.88772925177875,-0.460365914828998,1.224,5.1907963267949,0.196817127109765,0.506264029304709,0.545000000076911,0.045315010581919,-1.32532456495757,2.8822054320784,2724.83090928333,0.0036706
3.64,-0.810336053864995,-0.695339294954429,1.22799999701417,5.24665479818884,1.00682039340675,0.113801052776252,0.199999999957323,-0.878345007358874,-0.478027246135343,1.228,5.2107963267949,0.196867790788653,0.506203617969823,0.545000000077461,0.0453113660682953,-1.35798006218929,2.8547169086364,2701.52086267073,0.003603
3.66,-0.797960425144686,-0.711386975773866,1.23199999701359,5.26678566863701,1.00691814121656,0.113881718824938,0.199999999985209,-0.868609436647165,-0.495497372916845,1.232,5.2307963267949,0.196919051969141,0.506144254025679,0.54500000007799,0.0453076495531657,-1.3901470765979,2.82658155556563,2677.90277777612,0.0035603
3.68,-0.785261891944439,-0.727183128239891,1.23599999701358,5.28691525793712,1.00701838879406,0.113958558564293,0.200000000013286,-0.858526433742102,-0.512769307355724,1.236,5.2507963267949,0.196970960626979,0.506085905465557,0.545000000078494,0.0453038618981021,-1.42181259075041,2.79780930433157,2653.98709623096,0.0036082
3.7,-0.772245622794211,-0.742721355170436,1.23999999701412,5.3070435294477,1.00712105665338,0.114031632650284,0.200000000041544,-0.848100031710408,-0.529836140908493,1.24,5.2707963267949,0.19702356288202,0.506028538244063,0.545000000078975,0.0453000039787959,-1.45296379141767,2.7684103443604,2629.78432864586,0.003679
3.72,-0.758916911327498,-0.757995365161063,1.24399999701524,5.32717044702713,1.00722606920507,0.11410100090492,0.200000000069975,-0.83733440097388,-0.546691047069287,1.244,5.2907963267949,0.197076900982373,0.505972116527069,0.545000000079433,0.0452960766887366,-1.48358807462091,2.73839511885841,2605.30504986817,0.0036856
3.74,-0.745281174118911,-0.77299897507203,1.24799999701692,5.34729597502353,1.00733335454471,0.114166722182209,0.200000000098571,-0.826233847641272,-0.56332728410037,1.248,5.3107963267949,0.1971310133014,0.505916602935842,0.545000000079866,0.0452920809426536,-1.51367305059281,2.70777432053094,2580.55989423512,0.0038474
3.76,-0.731343948473379,-0.787726112468543,1.25199999701918,5.3674200782663,1.00744284424099,0.114228854247818,0.200000000127322,-0.814802811785912,-0.579738197728743,1.252,5.3307963267949,0.1971859343469,0.505861958784834,0.545000000080271,0.0452880176797824,-1.54320654865109,2.67655888720293,2555.55955082442,0.0035752
3.78,-0.717110890167924,-0.802170818013259,1.25599999702202,5.38754272205955,1.00755447312433,0.114287453672116,0.20000000015622,-0.803045865669731,-0.595917223807764,1.256,5.3507963267949,0.197241694781857,0.505808144312663,0.545000000080653,0.0452838878668929,-1.57217662198273,2.64475999734263,2530.31475870511,0.0035445
3.8,-0.702587771146998,-0.816327247810177,1.25999999702543,5.40766387217713,1.0076681790764,0.114342575736208,0.200000000185255,-0.790967711914417,-0.611857890942719,1.26,5.3707963267949,0.197298321456057,0.505755118905797,0.545000000081006,0.0452796925011236,-1.60057155233688,2.61238906549068,2504.8363021905,0.0035033
3.82,-0.687780477172381,-0.830189675699038,1.26399999702943,5.42778349485951,1.00778390282156,0.114394274350571,0.200000000214417,-0.778573181620432,-0.627553823079294,1.264,5.3907963267949,0.197355837447963,0.505702841314577,0.545000000081331,0.045275432612566,-1.62837985462474,2.57945773759643,2479.13500609591,0.0035195
3.84,-0.67269500542864,-0.843752495499406,1.26799999703401,5.44790155681215,1.00790158772058,0.11444260198588,0.200000000243696,-0.765867232434637,-0.642998742053909,1.268,5.4107963267949,0.197414262116159,0.505651269861202,0.54500000008163,0.0452711092666694,-1.65559028142447,2.54597788626342,2453.22173100326,0.0038394
3.86,-0.657337462085197,-0.857010223203605,1.27199999703918,5.46801802520559,1.00802117956746,0.114487609615578,0.200000000273083,-0.752854946567295,-0.658186470104905,1.272,5.4307963267949,0.197473611159769,0.505600362639362,0.545000000081899,0.0452667235663874,-1.68219182738952,2.5119616059062,2427.10736853481,0.0038722
3.88,-0.641714059816053,-0.869957499117706,1.27599999704494,5.48813286767695,1.00814262638968,0.114529346669742,0.200000000302567,-0.739541528759258,-0.673110932343562,1.276,5.4507963267949,0.197533896687037,0.505550077705316,0.545000000082136,0.0452622766541276,-1.70817373355855,2.47742120782038,2400.80283663838,0.004271
3.9,-0.625831115278227,-0.882589089949808,1.27999999705128,5.50824605233303,1.00826587825257,0.114567860999778,0.200000000332135,-0.72593230420014,-0.687766159183974,1.28,5.4707963267949,0.197595127291792,0.505500373260069,0.545000000082346,0.0452577697134838,-1.73352549156531,2.44236921516818,2374.31907488614,0.003911
3.92,-0.609695046550014,-0.894899890844845,1.28399999705822,5.52835754775475,1.00839088706823,0.114603198853465,0.20000000036178,-0.71203271639831,-0.702146288730805,1.284,5.4907963267949,0.197657308136795,0.505451207822585,0.545000000082523,0.0452532039707335,-1.75823684774685,2.40681835788141,2347.66703978931,0.0038958
3.94,-0.593312370530144,-0.906884927365196,1.28799999706575,5.54846732300297,1.00851760640934,0.114635404859848,0.200000000391488,-0.697848325003564,-0.716245569123971,1.288,5.5107963267949,0.19772044104358,0.505402540393828,0.545000000082669,0.0452485806961439,-1.78229780714851,2.3707815674843,2320.85770013081,0.0037544
3.96,-0.576689700298973,-0.918539357416404,1.29199999707388,5.56857534762553,1.00864599132835,0.114664522023506,0.200000000421249,-0.683384803583336,-0.7300583608393,1.292,5.5307963267949,0.19778452458811,0.505354330611544,0.545000000082782,0.0452439012050414,-1.80569863742407,2.33427197183801,2293.90203231812,0.0037248
3.98,-0.559833742442824,-0.929858473117304,1.2959999970826,5.58868159166561,1.00877599818244,0.114690591727663,0.200000000451051,-0.668647937353351,-0.743579138944275,1.296,5.5507963267949,0.19784955420169,0.5053065388957,0.545000000082863,0.0452391668586963,-1.8284298726296,2.29730288980937,2266.81101575835,0.0037123
4,-0.542751294342644,-0.940837702613919,1.29999999709192,5.60878602567113,1.00890758446435,0.114713653745666,0.200000000480882,-0.653643620863612,-0.756802495307928,1.3,5.5707963267949,0.197915522276561,0.505259126584551,0.545000000082909,0.0452343790649892,-1.85048231690963,2.25988782586586,2239.5956282577,0.0041797
4.02,-0.525449241428121,-0.951472611836498,1.30399999710184,5.6288886207052,1.00904070863968,0.114733746260293,0.200000000510729,-0.638377855640659,-0.769723140764024,1.304,5.5907963267949,0.197982418275625,0.505212056061339,0.545000000082924,0.0452295392788856,-1.87184704807412,2.22204046459919,2212.26684144737,0.0035813
4.04,-0.507934554398441,-0.961758906199071,1.30799999711235,5.64898934835765,1.00917532999064,0.114750905890404,0.200000000540582,-0.622856747787041,-0.782335907226653,1.308,5.6107963267949,0.198050228845731,0.505165290871631,0.545000000082899,0.0452246490027156,-1.89251542106491,2.18377466517976,2184.83561623783,0.0037141
4.06,-0.490214286410882,-0.97169243224096,1.31199999712346,5.66908818075736,1.00931140846655,0.114765167724417,0.200000000570426,-0.607086505538954,-0.794635749757397,1.312,5.6307963267949,0.198118937934069,0.505118795831376,0.545000000082841,0.0452197097862603,-1.91247907131039,2.14510445574427,2157.31289830356,0.0036169
4.08,-0.472295570238421,-0.981269179209682,1.31599999713517,5.68918509058546,1.00944890454134,0.114776565360111,0.200000000600248,-0.591073436783031,-0.806617748583241,1.316,5.6507963267949,0.198188526907094,0.505072537125712,0.545000000082744,0.0452147232266511,-1.9317299179671,2.10604402771888,2129.70961360019,0.003807
4.1,-0.4541856153976,-0.990485280584724,1.31999999714747,5.7092800510893,1.00958777907811,0.114785130950251,0.200000000630036,-0.574823946533269,-0.81827711106441,1.32,5.6707963267949,0.198258974671551,0.505026482398733,0.545000000082609,0.0452096909681259,-1.95026016704698,2.06660773008017,2102.03666391589,0.0036277
4.12,-0.435891705247832,-0.999337015541678,1.32399999716037,5.72937303609703,1.00972799320081,0.114790895253551,0.200000000659775,-0.55834453436911,-0.829609173611371,1.324,5.6907963267949,0.198330257797109,0.504980600834224,0.545000000082438,0.0452046147015591,-1.96806231442919,2.0268100635564,2074.30492245894,0.0035901
4.14,-0.417421194063418,-1.00782081035628,1.32799999717386,5.74946402003283,1.00986950817333,0.114793887690483,0.200000000689453,-0.541641791835699,-0.840609403550195,1.328,5.7107963267949,0.198402350640156,0.504934863227617,0.545000000082228,0.0451994961638764,-1.9851291487554,1.9866656747714,2046.52522948341,0.0036406
4.16,-0.398781504079488,-1.01593323974786,1.33199999718795,5.7695529779326,1.01001228528586,0.114794136403453,0.200000000719055,-0.524722399807346,-0.851273400935574,1.332,5.7307963267949,0.198475225468372,0.504889242049303,0.545000000081978,0.0451943371373059,-2.00145375420733,1.94618935033346,2018.70838795459,0.0039804
4.18,-0.37998012251313,-1.02367102816188,1.33599999720262,5.78963988546013,1.01015628574856,0.114791668320888,0.200000000748567,-0.507593125815277,-0.861596900310741,1.336,5.7507963267949,0.198548852585608,0.504843711499488,0.545000000081686,0.0451891394484395,-2.01702951316573,1.90539601087175,1990.865159256,0.0037785
4.2,-0.361024598560961,-1.03103105099101,1.33999999721789,5.80972471892359,1.01030147059276,0.114786509224768,0.200000000777974,-0.490260821340699,-0.871575772413588,1.34,5.7707963267949,0.198623200456754,0.504798247554842,0.545000000081356,0.0451839049672218,-2.03185010874967,1.86430070502265,1963.00625893985,0.0037181
4.22,-0.341922540374405,-1.03801033573458,1.34399999723374,5.82980745529232,1.01044780057932,0.114778683821156,0.200000000807262,-0.47273241907431,-0.881206025828325,1.344,5.7907963267949,0.198698235832173,0.504752828007124,0.545000000080983,0.0451786356057426,-2.04590952723528,1.82291860336845,1935.14235252239,0.0036351
4.24,-0.322681612013956,-1.04460606309584,1.34799999725018,5.84988807221383,1.01059523611451,0.114768215813309,0.200000000836416,-0.455014930143305,-0.890483808581989,1.348,5.8107963267949,0.198773923871417,0.504707432494075,0.545000000080571,0.0451733333169398,-2.05920206035314,1.78126499233097,1907.28405132601,0.0042556
4.26,-0.303309530383686,-1.05081556801692,1.3519999972672,5.86996654803093,1.01074373717292,0.114755127976931,0.200000000865422,-0.437115441307028,-0.899405409685178,1.352,5.8307963267949,0.198850228265877,0.504662042522772,0.545000000080113,0.0451680000931667,-2.07172230746336,1.73935526802242,1879.44190836954,0.0038532
4.28,-0.283814062147301,-1.05663634065109,1.35599999728479,5.89004286179892,1.01089326322771,0.114739442237184,0.200000000894262,-0.419041112122356,-0.907967260616405,1.356,5.8507963267949,0.198927111359968,0.504616641485823,0.545000000079612,0.0451626379646624,-2.08346517760771,1.69720493005629,1851.62641430844,0.0036664
4.3,-0.264203020627019,-1.0620660272721,1.35999999730297,5.91011699330279,1.01104377318782,0.114721179747047,0.200000000922923,-0.400799172079975,-0.916165936749455,1.36,5.8707963267949,0.199004534270775,0.504571214670512,0.545000000079067,0.045157248997901,-2.09442589143805,1.65482957532042,1823.84799342631,0.0036539
4.32,-0.244484262686557,-1.06710243112037,1.36399999732171,5.93018892307435,1.01119522534214,0.114700360966663,0.200000000951387,-0.38239691771268,-0.923998158723188,1.364,5.8907963267949,0.199082457005763,0.504525749261368,0.54500000007848,0.0451518352938727,-2.10459998302037,1.6122448917151,1796.11699967923,0.0039374
4.34,-0.224665685599527,-1.07174351318578,1.36799999734102,5.95025863240919,1.01134757731048,0.11467700574331,0.200000000979639,-0.363841709676858,-0.931460793753243,1.368,5.9107963267949,0.19916083857827,0.50448023433628,0.545000000077844,0.0451463989862354,-2.11398330151386,1.5694666518585,1768.4437127944,0.0039308
4.36,-0.204755223904526,-1.07598739292706,1.37199999736089,5.97032610338348,1.01150078600118,0.114651133391644,0.200000001007663,-0.345140969808323,-0.938550856885108,1.372,5.9307963267949,0.199239637120673,0.504434660856603,0.545000000077166,0.045140942239443,-2.12257201272449,1.52651070676214,1740.83833442436,0.0036498
4.38,-0.184760846248228,-1.07983234892735,1.37599999738132,5.99039131887051,1.01165480757522,0.114622762773903,0.200000001035443,-0.326302178153684,-0.945265512188063,1.376,5.9507963267949,0.199318809994935,0.504389021651463,0.545000000076438,0.0451354672467482,-2.13036260053243,1.48339297947875,1713.31098435833,0.0036004
4.4,-0.164690552217747,-1.08327681948609,1.37999999740231,6.01045426255691,1.01180959741661,0.114591912379748,0.200000001062961,-0.307332869978419,-0.951602073889516,1.38,5.9707963267949,0.199398313900413,0.504343311396602,0.545000000075665,0.0451299762281729,-2.13735186819315,1.44012945872528,1685.87169679174,0.0038863
4.42,-0.144552369163595,-1.08631940314697,1.38399999742384,6.03051491895846,1.01196511010887,0.114558600405452,0.2000000010902,-0.288240632752882,-0.957558007449271,1.384,5.9907963267949,0.199478104978703,0.504297526588088,0.545000000074844,0.0451244714284073,-2.14353693951143,1.39673619248349,1658.5304166554,0.0036701
4.44,-0.124354349014507,-1.08895885916196,1.38799999744591,6.05057327343557,1.01212129941745,0.114522844832155,0.200000001117144,-0.269033103117399,-0.963130930573317,1.388,6.0107963267949,0.199558138915434,0.50425166551115,0.545000000073978,0.0451189551146755,-2.1489152598883,1.35322928158066,1631.29699600545,0.003657
4.46,-0.104104565085427,-1.09119410789137,1.39199999746852,6.07062931220819,1.01227811827785,0.114484663502939,0.200000001143776,-0.249717963827731,-0.968318614166707,1.392,6.0307963267949,0.199638371038816,0.504205728204545,0.545000000073058,0.0451134295745324,-2.15348459724029,1.30962487325303,1604.18119047527,0.0042668
4.48,-0.0838111088799531,-1.09302423113986,1.39599999749166,6.09068302237026,1.01243551878922,0.114444074198453,0.200000001170077,-0.230302940682059,-0.973118983225174,1.396,6.0507963267949,0.199718756414889,0.504159716420646,0.545000000072093,0.0451078971136567,-2.15724304279099,1.26593915469458,1577.19265579043,0.0036587
4.5,-0.0634820868885102,-1.09444847242856,1.39999999751532,6.11073439190356,1.01259345221318,0.114401094710889,0.200000001196031,-0.21079579943078,-0.977530117665097,1.4,6.0707963267949,0.199799249939323,0.504113633581653,0.545000000071075,0.0451023600535788,-2.16018901173453,1.22218834659357,1550.34094434789,0.0036167
4.52,-0.0431256173835441,-1.09546623720322,1.4039999975395,6.13078340969102,1.01275186897771,0.114355742916084,0.200000001221617,-0.191204342670301,-0.981550253091516,1.404,6.0907963267949,0.199879806425732,0.504067484732214,0.545000000070006,0.0450968207294318,-2.16232124377099,1.17838869665949,1523.6355018604,0.0035633
4.54,-0.0227498272130042,-1.09607709297843,1.40799999756418,6.15083006552933,1.01291071868582,0.114308036843545,0.20000000124682,-0.171536406722112,-0.985177781503859,1.408,6.1107963267949,0.199960380690395,0.504021276488708,0.545000000068886,0.0450912814876275,-2.16363880351356,1.13455647314302,1497.08566406702,0.0036769
4.56,-0.00236284859338838,-1.0962807694182,1.41199999758937,6.17087435014089,1.01306995012879,0.114257994744245,0.200000001271619,-0.151799858498355,-0.988411251939131,1.412,6.1307963267949,0.20004092763337,0.503975016985571,0.545000000067718,0.045085744683593,-2.16414108076738,1.09070795835143,1470.70065351098,0.0035986
4.58,0.0180271840963866,-1.09607715835276,1.41599999761504,6.19091625518503,1.0132295113037,0.114205635156007,0.200000001295997,-0.13200259235517,-0.991249371052267,1.416,6.1507963267949,0.200121402315918,0.503928715818885,0.545000000066493,0.04508021267944,-2.1638277906802,1.04685944216204,1444.48957638546,0.0037383
4.6,0.0384121375190326,-1.09546631373193,1.4199999976412,6.21095577326854,1.01338934943503,0.114150976966328,0.200000001319934,-0.112152526935054,-0.993691003633465,1.42,6.1707963267949,0.200201760034298,0.503882383987552,0.545000000065217,0.0450746878416787,-2.16269897376478,1.00302721553631,1418.46141944841,0.0035391
4.62,0.0587838825796047,-1.09444845151511,1.42399999766784,6.23099289795542,1.01354941100013,0.114094039472538,0.200000001343413,-0.0922576019995117,-0.995735173062245,1.424,6.1907963267949,0.200281956389709,0.503836033832384,0.545000000063889,0.0450691725389185,-2.16075499579317,0.959227564037061,1392.62504700715,0.0036051
4.64,0.0791342976216396,-1.09302394949812,1.42799999769493,6.25102762377579,1.01370964175825,0.114034842439143,0.200000001366413,-0.0723257752532545,-0.997381061698093,1.428,6.2107963267949,0.200361947354727,0.503789678973219,0.545000000062507,0.0450636691395874,-2.1579965475631,0.915476761351308,1366.98919797346,0.003592
4.66,0.0994552716174863,-1.09119334707712,1.43199999772249,6.27105994623404,1.01386998678288,0.113973406152282,0.200000001388915,-0.0523650191612259,-0.998628011207499,1.432,6.2307963267949,0.20044168933593,0.503743334244566,0.54500000006107,0.0450581800096734,-2.1544246445366,0.871791062821345,1341.56248299004,0.003756
4.68,0.1197387073516,-1.08895734494981,1.43599999775049,6.29108986181614,1.01403039049726,0.113909751471188,0.2000000014109,-0.0323833177597247,-0.999475522827284,1.436,6.2507963267949,0.200521139232867,0.503697015629811,0.545000000059576,0.0450527075104794,-2.15004062635117,0.828186698986485,1316.35338162898,0.003536
4.7,0.139976524595586,-1.0863168047542,1.43999999777892,6.3111173679961,1.01419079671271,0.113843899876602,0.200000001432348,-0.0123886634628906,-0.999923257564101,1.44,6.2707963267949,0.200600254493408,0.503650740194426,0.545000000058029,0.0450472539964214,-2.14484615620375,0.784679869138021,1291.3702396628,0.0035782
4.72,0.160160663273786,-1.08327274864524,1.44399999780777,6.33114246324155,1.01435114866957,0.113775873516051,0.200000001453238,0.0076109461341479,-0.999971036330024,1.444,6.2907963267949,0.200678993165465,0.50360452601826,0.545000000056422,0.045041821812832,-2.1388432201079,0.74128673488987,1266.6212664089,0.0041847
4.74,0.180283086618212,-1.07982635880955,1.44799999783704,6.3511651470185,1.01451138908058,0.11370569524598,0.20000000147355,0.0276075114542115,-0.999618840014185,1.448,6.3107963267949,0.200757313945204,0.503558392127286,0.545000000054763,0.045036413293832,-2.13203412602455,0.698023413767399,1242.11453214774,0.0039928
4.76,0.200335784311633,-1.0759789769187,1.45199999786671,6.37118541979515,1.01467146017638,0.113633388670669,0.200000001493265,0.0475930341377878,-0.998866809490414,1.452,6.3307963267949,0.200835176221716,0.50351235842492,0.545000000053045,0.0450310307602189,-2.12442150286679,0.654905972816886,1217.85796561553,0.0038097
4.78,0.22031077561766,-1.07173210352123,1.45599999789677,6.39120328304488,1.01483130375297,0.113558978177932,0.200000001512361,0.0675595202422752,-0.997715245560893,1.456,6.3507963267949,0.200912540118306,0.503466445623194,0.545000000051269,0.0450256765173943,-2.1160082993792,0.611950422238079,1193.85935157171,0.0038175
4.8,0.24020011249664,-1.06708739737396,1.4599999979272,6.41121873924832,1.0149908612209,0.113482488971588,0.200000001530818,0.0874989834394464,-0.996164608835841,1.46,6.3707963267949,0.200989366530397,0.503420675173961,0.545000000049434,0.0450203528533684,-2.10679778289222,0.569172709042288,1170.12632844188,0.0037849
4.82,0.259995882706223,-1.06204667471277,1.46399999795799,6.4312317918945,1.01515007365591,0.113403947100686,0.200000001548615,0.10740344820988,-0.994215519549271,1.464,6.3907963267949,0.201065617160171,0.503375069200321,0.54500000004754,0.0450150620367704,-2.09679353795227,0.526588710738438,1146.66638603639,0.0038178
4.84,0.279690212885464,-1.05661190846342,1.46799999798913,6.45124244548121,1.01530888185091,0.113323379485517,0.200000001565729,0.127264953033056,-0.991868757310913,1.468,6.4107963267949,0.201141254547991,0.50332965042848,0.545000000045588,0.0450098063149503,-2.08599946482806,0.484214229049493,1123.4868633452,0.0040075
4.86,0.299275271621312,-1.05078522739285,1.47199999802061,6.47125070551434,1.01546722636907,0.113240813940412,0.200000001582141,0.147075553571863,-0.98912526079437,1.472,6.4307963267949,0.201216242100772,0.503284442120204,0.545000000043576,0.0450045879121131,-2.07441977789399,0.442064983661632,1100.59494640915,0.0038652
4.88,0.318743272496398,-1.04456891520117,1.47599999805241,6.49125657850643,1.01562504759771,0.113156279193367,0.200000001597828,0.166827325850222,-0.98598612736167,1.476,6.4507963267949,0.201290544117271,0.503239468006005,0.545000000041505,0.0449994090275031,-2.06205900389118,0.400156606008571,1077.99766626809,0.003669
4.9,0.338086477116995,-1.03796540955515,1.47999999808452,6.51126007197432,1.01578228580301,0.113069804902531,0.200000001612769,0.186512369422576,-0.982452612624332,1.48,6.4707963267949,0.201364125810525,0.503194752219269,0.545000000039373,0.0449942718336779,-2.04892198006705,0.358504633093368,1055.70189698603,0.0035786
4.92,0.357297198120073,-1.03097730106342,1.48399999811692,6.53126119443592,1.01593888118516,0.112981421669594,0.200000001626944,0.206122810533958,-0.978526129941139,1.484,6.4907963267949,0.201436953327422,0.503150319231433,0.545000000037177,0.0449891784748091,-2.03501385219412,0.31712450135006,1033.71435375368,0.0035485
4.94,0.376367802158362,-1.02360733219395,1.48799999814959,6.55125995540613,1.01609477393386,0.112891161050139,0.200000001640327,0.225650805269396,-0.974208249852809,1.488,6.5107963267949,0.201508993765585,0.503106193788356,0.545000000034923,0.0449841310650594,-2.02034007246904,0.27603154054745,1012.04159106841,0.0039255
4.96,0.395290712862373,-1.01585839613444,1.49199999818252,6.57125636539192,1.01624990428408,0.112799055561012,0.200000001652899,0.245088542691362,-0.969500699453809,1.492,6.5307963267949,0.201580215187662,0.503062400848,0.545000000032608,0.0449791316870292,-2.00490639729263,0.235240967737331,990.690000991969,0.0035319
4.98,0.414058413778307,-1.00773353559598,1.4959999982157,6.59125043588657,1.01640421257166,0.112705138684776,0.200000001664638,0.264428247964056,-0.96440536170153,1.496,6.5507963267949,0.201650586633123,0.503018965519562,0.545000000030232,0.0449741823902555,-1.98871888493194,0.194767881249443,969.665811485914,0.0035202
5,0.432663451280833,-0.999235941560638,1.4999999982491,6.61124217936311,1.016557639289,0.112609444871319,0.200000001675522,0.283662185463226,-0.958924274663138,1.5,6.5707963267949,0.201720078127632,0.502975913004139,0.545000000027795,0.0449692851897867,-1.97178389306524,0.15462725473539,948.975084825026,0.0035383
5.02,0.451098437459698,-0.990368951973499,1.50399999828271,6.6312316092669,1.01671012514025,0.112512009536707,0.200000001685528,0.302782661870324,-0.953059630700367,1.504,6.5907963267949,0.201788660690182,0.502933268537032,0.545000000025299,0.0449644420648117,-1.95410807621111,0.114833931263786,928.623716088632,0.0035905
5.04,0.469356052979163,-0.981136050379787,1.50799999831651,6.65121874000751,1.0168616110962,0.112412869059343,0.200000001694636,0.321782029249722,-0.946813775592609,1.508,6.6107963267949,0.201856306338031,0.502891057331765,0.545000000022739,0.0449596549573662,-1.93569838304252,0.075402617468802,908.617431729938,0.0035604
5.06,0.487429049909272,-0.971540864507569,1.51199999835048,6.67120358694978,1.01701203844859,0.112312060773542,0.200000001702822,0.34065268810779,-0.940189207598628,1.512,6.6307963267949,0.201922988089628,0.502849304525936,0.545000000020119,0.0449549257711,-1.91656205358717,0.0363478777543292,888.96178822334,0.0035381
5.08,0.505310254527966,-0.96158716479674,1.51599999838461,6.69118616640415,1.01716134886372,0.112209622960591,0.200000001710065,0.35938709043259,-0.933188576457298,1.516,6.6507963267949,0.201988679965533,0.502808035128894,0.545000000017437,0.0449502563701173,-1.89670661631505,-0.00231587144409209,869.662170789697,0.0035282
5.1,0.522992570093072,-0.951278862874864,1.51999999841888,6.71116649561623,1.01730948443528,0.112105594837409,0.200000001716343,0.377977742712981,-0.925814682327732,1.52,6.6707963267949,0.20205335698758,0.502767273971394,0.545000000014699,0.0449456485778738,-1.87613988511467,-0.0405743673374394,850.723792199481,0.0037505
5.12,0.540468979583224,-0.940620009980526,1.52399999845325,6.73114459275572,1.0174563877363,0.112000016542887,0.200000001721634,0.396417208935922,-0.918070474669267,1.524,6.6907963267949,0.202116995176239,0.50272704565721,0.5450000000119,0.0449411041761485,-1.85486995615886,-0.0784135063993556,832.151691653735,0.0039992
5.14,0.557732548406754,-0.929614795334842,1.52799999848773,6.75112047690464,1.01760200187003,0.111892929122021,0.200000001725918,0.414698113560782,-0.909959051061711,1.528,6.7107963267949,0.202179571546443,0.502687374516773,0.545000000009043,0.0449366249040843,-1.8329052046617,-0.115819349918192,813.950733742682,0.0037125
5.16,0.574776427077652,-0.918267544461782,1.53199999852228,6.77109416804483,1.01774627051982,0.111784374507936,0.200000001729174,0.432813144469452,-0.901483655966355,1.532,6.7307963267949,0.202241064101849,0.502648284562891,0.54500000000613,0.0449322124572839,-1.81025428152768,-0.152778129482883,796.125607481851,0.0036305
5.18,0.591593853857653,-0.906582717458004,1.53599999855689,6.79106568704491,1.01788913799774,0.111674395501895,0.200000001731381,0.450755055891099,-0.892647679428235,1.536,6.7507963267949,0.202301451827717,0.502609799448551,0.545000000003161,0.0449278684869806,-1.78692610989454,-0.18927625240063,778.680825425528,0.0036999
5.2,0.608178157363579,-0.894564907212862,1.53999999859153,6.81103505564657,1.01803054929198,0.111563035751416,0.200000001732518,0.468516671300377,-0.883454655720153,1.54,6.7707963267949,0.202360714682519,0.502571942426836,0.54500000000014,0.0449235945992739,-1.76292988157106,-0.225300307044367,761.620722857323,0.0035889
5.22,0.624522759139035,-0.882218837579315,1.54399999862618,6.83100229645027,1.01817045011292,0.111450339726593,0.200000001732569,0.48609088628794,-0.873908261929022,1.544,6.7907963267949,0.202418833588309,0.502534736312966,0.544999999997066,0.0449193923544197,-1.73827505337134,-0.260837068128053,744.949457057613,0.0035503
5.24,0.640621176189586,-0.86954936149643,1.54799999866082,6.85096743290041,1.01830878693779,0.111336352694724,0.200000001731512,0.503470671402114,-0.864012316485074,1.548,6.8107963267949,0.202475790420047,0.502498203448479,0.544999999993944,0.0449152632661946,-1.71297134334688,-0.295873501907828,728.671006647574,0.0035627
5.26,0.65646702348057,-0.85656145906422,1.55199999869542,6.87093048926995,1.01844550705391,0.11122112069336,0.200000001729332,0.520649074960579,-0.853770777634543,1.552,6.8307963267949,0.202531567993859,0.502462365667556,0.544999999990772,0.0449112088013123,-1.68702872691803,-0.330396771307106,712.789171009552,0.003615
5.28,0.672054016396698,-0.843260235571548,1.55599999872998,6.89089149064449,1.01858055860036,0.111104690501882,0.20000000172601,0.537619225830956,-0.843187741856417,1.556,6.8507963267949,0.202586150054482,0.502427244265454,0.544999999987552,0.0449072303789069,-1.66045743290625,-0.364394240963731,697.307569783399,0.0035808
5.3,0.687375973162603,-0.829650919477847,1.55999999876445,6.91085046290591,1.01871389060821,0.110987109611708,0.200000001721528,0.554374336179161,-0.832267442223901,1.56,6.8707963267949,0.202639521261826,0.502392859969086,0.544999999984295,0.0449033293700741,-1.63326793946885,-0.397853482197318,682.229642438465,0.0034865
5.32,0.702426817223541,-0.815738860349415,1.56399999879883,6.93080743271551,1.01884545303908,0.110868426195233,0.200000001715875,0.570907704184454,-0.821014246711247,1.564,6.8907963267949,0.202691667176837,0.502359232909683,0.544999999980996,0.0448995070974729,-1.60547096993759,-0.430762277894949,667.558647920866,0.0035212
5.34,0.71720057958542,-0.801529526751058,1.56799999883307,6.95076242749672,1.01897519682209,0.110748689073622,0.200000001709033,0.587212716720073,-0.809432656446619,1.568,6.9107963267949,0.202742574246725,0.502326382597551,0.544999999977662,0.0448957648349651,-1.57707748856294,-0.46310862731343,653.297664375613,0.00365
5.36,0.731691401113395,-0.787028504093866,1.57199999886717,6.97071547541744,1.01910307388923,0.110627947683537,0.200000001700991,0.603282851998404,-0.797527303911704,1.572,6.9307963267949,0.202792229789634,0.502294327898895,0.544999999974296,0.0448921038073539,-1.54809869616554,-0.494880750796332,639.449588943212,0.0035977
5.38,0.74589353478823,-0.772241492439904,1.5759999989011,6.99066660537195,1.01922903720898,0.110506252042918,0.200000001691738,0.619111682179599,-0.785302951088781,1.576,6.9507963267949,0.202840621978826,0.502263087014638,0.544999999970905,0.0448885251901103,-1.51854602569658,-0.526067094404075,626.017137630266,0.0035598
5.4,0.759801347919689,-0.757174304264641,1.57999999893483,7.01061584696245,1.01935304081834,0.110383652715912,0.200000001681264,0.634692875942635,-0.772764487555987,1.58,6.9707963267949,0.202887739826472,0.502232677461267,0.54499999996749,0.0448850301092266,-1.48843113770871,-0.556656334455362,613.002845253618,0.00355
5.42,0.773409324316192,-0.741832862177904,1.58399999896834,7.03056323048036,1.01947503985309,0.110260200777044,0.20000000166956,0.650020201017752,-0.759916928531561,1.584,6.9907963267949,0.202933573151701,0.502203115652993,0.544999999945316,0.0448816196508986,-1.4577659157394,-0.586637381978263,600.409065457135,0.0044214
5.44,0.786712066410131,-0.726223196604334,1.58799999900153,7.05050878688737,1.01959499057564,0.110135947757772,0.200000001649874,0.665087526679283,-0.746765412867812,1.588,7.0107963267949,0.20297811262562,0.502174418109867,0.544999999929722,0.0448782948243338,-1.42656246160831,-0.615999387069339,588.237970802646,0.0038721
5.46,0.799704297337896,-0.710351443423892,1.59199999903428,7.07045254779596,1.01971285040377,0.110010945644176,0.200000001624574,0.679888826197857,-0.733315200995657,1.592,7.0307963267949,0.203021349665533,0.502146600222051,0.544999999920098,0.044875056613573,-1.39483309063059,-0.644731743159171,576.491552930692,0.0037582
5.48,0.8123808629739,-0.694223841573278,1.59599999906648,7.09039454544957,1.01982857793433,0.109885246822802,0.200000001595809,0.694418179251016,-0.719571672820507,1.596,7.0507963267949,0.203063276470808,0.50211967661361,0.544999999914743,0.0448719059461228,-1.36259032674785,-0.672824091182735,565.171622793795,0.0036113
5.5,0.824736733918147,-0.677846730609389,1.59999999909809,7.11033481270286,1.01994213296719,0.109758904041559,0.200000001565117,0.70866977429126,-0.705540325570392,1.6,7.0707963267949,0.203103885995702,0.502093661156633,0.54499999991236,0.0448688436994272,-1.32984689757878,-0.700266323653061,554.279810960639,0.0037501
5.52,0.836767007436552,-0.661226548235547,1.60399999912908,7.13027338300173,1.0200534765271,0.109631970371512,0.200000001533566,0.722637910870592,-0.691226771597126,1.604,7.0907963267949,0.203143171920767,0.50206856690516,0.544999999907694,0.0448658707029828,-1.29661572939114,-0.727048588636693,543.817567990106,0.0036545
5.54,0.848466909353379,-0.644369827791368,1.60799999915942,7.15021029036305,1.02016257088348,0.109504499166003,0.200000001500336,0.736317001920619,-0.676636736131457,1.608,7.1107963267949,0.203181128653448,0.502044406170952,0.544999999898645,0.0448629877348088,-1.26290994199711,-0.753161293629458,533.786164875668,0.0035579
5.56,0.859831795895128,-0.62728319570717,1.61199999918906,7.17014556935428,1.02026937956917,0.109376544023115,0.200000001463848,0.749701575987308,-0.661776054993037,1.612,7.1307963267949,0.203217751328281,0.50202119063154,0.544999999894038,0.0448601955202452,-1.2287428435739,-0.778595109331126,524.186693558998,0.0035433
5.58,0.870857155485189,-0.609973368923721,1.61599999921795,7.19007925507285,1.02037386739835,0.109248158752907,0.200000001425702,0.762786279419489,-0.646650672256183,1.616,7.1507963267949,0.203253035740789,0.501998931086133,0.544999999892529,0.0448574947415752,-1.19412792541166,-0.803340973317547,515.020067510143,0.0044214
5.6,0.881538610488675,-0.592447152278307,1.61999999924608,7.21001138312539,1.02047600048095,0.109119397334469,0.200000001387012,0.77556587851025,-0.631266637872321,1.62,7.1707963267949,0.203286978358869,0.501977637557768,0.544999999893155,0.0448548860297902,-1.15907885659048,-0.827390093608899,506.28702237701,0.0036077
5.62,0.891871918906859,-0.574711435858041,1.62399999927344,7.22994198960705,1.02057574623649,0.108990313877394,0.200000001348548,0.788035261590348,-0.615630105250086,1.624,7.1907963267949,0.20331957630246,0.501957319291216,0.544999999895124,0.0448523699673661,-1.12360947858867,-0.850733952132725,497.988116701415,0.0035943
5.64,0.901852976020615,-0.556773192321328,1.62799999930003,7.2498711110806,1.02067307340634,0.108860962583382,0.200000001310793,0.800189441072806,-0.599747328794044,1.628,7.2107963267949,0.203350827327201,0.501937984755546,0.54499999989789,0.0448499470884744,-1.08773379982433,-0.87336430808046,490.123732701391,0.0035725
5.66,0.911477815982264,-0.538639474188396,1.63199999932588,7.26979878455551,1.02076795206443,0.108731397708136,0.200000001274033,0.812023555447886,-0.583624661403007,1.632,7.2307963267949,0.20338072980822,0.501919641646008,0.544999999901074,0.0448476178793365,-1.05146599013209,-0.89527320115619,482.694077119027,0.0037994
5.68,0.920742613355277,-0.520317411101838,1.635999999351,7.289725047467,1.02086035362641,0.108601673523534,0.20000000123842,0.823532871227622,-0.567268551928969,1.636,7.2507963267949,0.203409282724277,0.501902296887378,0.544999999904405,0.0448453827785862,-1.0148203751773,-0.916452954716442,475.699182133106,0.0038766
5.7,0.929643684601283,-0.501814207058124,1.63999999937543,7.30964993765501,1.02095025085752,0.108471844280123,0.200000001204005,0.83471278483916,-0.550685542597638,1.64,7.2707963267949,0.203436485642215,0.50188595663859,0.544999999907692,0.0448432421776575,-0.97781143080969,-0.936896178799797,469.138906335763,0.0039424
5.72,0.938177489513848,-0.483137137611019,1.64399999939917,7.32957349334325,1.0210376178789,0.108341964170027,0.200000001170775,0.845558824466117,-0.533882266391644,1.644,7.2907963267949,0.203462338701753,0.50187062629847,0.544999999910812,0.0448411964211954,-0.940453777358584,-0.956595773045211,463.012935772396,0.0036852
5.74,0.946340632598507,-0.464293547047889,1.64799999942227,7.34949575311817,1.02112243017266,0.108212087290289,0.200000001138667,0.856066651837255,-0.516865444397429,1.648,7.3107963267949,0.203486842600627,0.50185631051252,0.544999999913693,0.0448392458074919,-0.90276217387182,-0.975544929497917,457.320785044016,0.0036332
5.76,0.954129864398541,-0.445290845539873,1.65199999944473,7.36941675590803,1.02120466458554,0.108082267606717,0.200000001107596,0.866232063961728,-0.499641883116902,1.652,7.3307963267949,0.20350999858012,0.501843013180677,0.544999999916296,0.0448373905889392,-0.864751512300593,-0.993737135301861,452.061798471238,0.003815
5.78,0.961542082766023,-0.426136506266882,1.65599999946658,7.38933654096199,1.02128429933131,0.107952558918267,0.200000001077463,0.876050994810224,-0.482218471744932,1.656,7.3507963267949,0.203531808410964,0.501830737466011,0.544999999918601,0.0448356309725188,-0.826436811632336,-1.01116617527763,447.235151319057,0.0037547
5.8,0.968574334077646,-0.406838062518451,1.65999999948784,7.40925514782927,1.021361313992,0.10782301482202,0.200000001048159,0.885519516941319,-0.464602179413757,1.66,7.3707963267949,0.203552274379647,0.501819485804249,0.544999999920612,0.0448339671202777,-0.787833211973866,-1.02782613438492,442.839851081595,0.0036983
5.82,0.975223814394884,-0.38740310477141,1.66399999950851,7.42917261633834,1.02143568951778,0.107693688678765,0.200000001019579,0.894633843072407,-0.44680005240543,1.664,7.3907963267949,0.203571399275145,0.501809259914136,0.54499999992235,0.0448323991498548,-0.748955968587011,-1.0437114000685,438.874738825932,0.003781
5.84,0.981487870568035,-0.367839277745414,1.66799999952863,7.44908898657628,1.02150740822583,0.107564633579259,0.200000000991626,0.903390327594559,-0.428819211333396,1.668,7.4107963267949,0.203589186376039,0.501800060808504,0.544999999923831,0.0448309271350118,-0.70982044587895,-1.05881666448696,435.338490594154,0.0035569
5.86,0.987364001283737,-0.348154277437325,1.67199999954819,7.46900429886817,1.021576453798,0.107435902311168,0.200000000964205,0.911785468030717,-0.410666848294341,1.672,7.4307963267949,0.203605639438079,0.501791888806039,0.544999999925087,0.0448295511061552,-0.670442111349522,-1.0731369266231,432.229618862737,0.0036228
5.88,0.992849858055519,-0.328355848135499,1.6759999995672,7.48891859375665,1.02164281127745,0.107307547326732,0.200000000937236,0.919815906436639,-0.392350223991454,1.676,7.4507963267949,0.203620762682155,0.501784743543659,0.544999999926147,0.0448282710509164,-0.630836529497766,-1.08666749427544,429.546474058342,0.0038262
5.9,0.997943246157025,-0.308451779414978,1.67999999958568,7.50883191198155,1.02170646706423,0.107179620711181,0.200000000910649,0.927478430744036,-0.373876664830236,1.68,7.4707963267949,0.203634560782698,0.501778623989475,0.544999999927044,0.0448270869147079,-0.591019355689993,-1.0994039859298,427.287246129133,0.0037474
5.92,1.0026421254975,-0.288449903114669,1.68399999960363,7.52874429445973,1.0217674089099,0.107052174151923,0.200000000884385,0.934769976045349,-0.355253559988043,1.684,7.4907963267949,0.203647038856495,0.501773528456245,0.54499999992781,0.0448259986012922,-0.55100632999168,-1.11134233251038,425.449966170652,0.0035647
5.94,1.00694461143922,-0.268358090297524,1.68799999962106,7.54865578226503,1.02182562591118,0.106925258908528,0.200000000858396,0.941687625819678,-0.336488358458504,1.688,7.5107963267949,0.203658202451931,0.501769454615304,0.544999999928474,0.0448250059733908,-0.5108132709655,-1.1224787790096,424.03250810534,0.0034987
5.96,1.01084897555644,-0.24818424819481,1.69199999963797,7.56856641660834,1.02188110850276,0.106798925783523,0.200000000832647,0.948228613099346,-0.317588566072035,1.692,7.5307963267949,0.203668057538642,0.501766399510886,0.544999999929062,0.0448241088532626,-0.470456069437827,-1.13280988599595,423.032590414722,0.0035771
5.98,1.01435364633565,-0.227936317135514,1.69599999965436,7.58847623881795,1.02193384844916,0.106673225094019,0.200000000807109,0.954390321576654,-0.298561742493594,1.696,7.5507963267949,0.203676610497573,0.501764359574815,0.54499999992961,0.0448233070233103,-0.429950682236056,-1.14233253099939,422.447777923297,0.0035757
6,1.01745720981673,-0.207622267461966,1.69999999967025,7.60838529031995,1.02198383883587,0.106548206644188,0.200000000781769,0.960170286650366,-0.279415498198926,1.7,7.5707963267949,0.203683868111426,0.501763330641504,0.544999999930137,0.0448226002267033,-0.389313125899094,-1.15104390977362,422.275483633165,0.0035771
6.02,1.02015841017474,-0.187250096432763,1.70399999968564,7.62829361261895,1.02203107405966,0.106423919698582,0.200000000756618,0.965566196411518,-0.260157491430468,1.704,7.5907963267949,0.203689837555533,0.501763307963213,0.544999999930663,0.0448219881679739,-0.348559470363388,-1.15894153743469,422.512970608363,0.0035449
6.04,1.0224561502421,-0.166827825114073,1.70799999970052,7.64820124727888,1.02207554981817,0.10630041295633,0.200000000731656,0.970575892568149,-0.240795425134159,1.708,7.6107963267949,0.203694526389057,0.501764286225521,0.544999999931212,0.0448214705136534,-0.307705832626878,-1.16602324947553,423.157353907941,0.003643
6.06,1.02434949197083,-0.146363495260431,1.7119999997149,7.66810823590406,1.02211726309884,0.106177734526201,0.200000000706893,0.975197371308593,-0.221337043878359,1.712,7.6307963267949,0.203697942546618,0.501766259562984,0.544999999931804,0.0448210468928893,-0.266768370393255,-1.17228720265591,424.205602566746,0.0040525
6.08,1.02583765683474,-0.125865166186108,1.7159999997288,7.68801462012046,1.02215621216712,0.106055931902546,0.200000000682342,0.979428784102971,-0.201790130756129,1.716,7.6507963267949,0.203700094330228,0.501769221574919,0.544999999932447,0.0448207168980741,-0.225763275698933,-1.17773187576739,425.65454162289,0.004083
6.1,1.02692002617115,-0.105340911628181,1.7199999997422,7.70792044155719,1.02219239655413,0.105935051942118,0.200000000658023,0.983268438442585,-0.182162504272095,1.72,7.6707963267949,0.203700990401613,0.501773165341291,0.544999999933159,0.0448204800854778,-0.184706768525142,-1.18235607027306,427.500854190857,0.0039379
6.12,1.02759614146217,-0.0847988166024142,1.72399999975512,7.7278257418282,1.02222581704374,0.105815140841773,0.20000000063396,0.986714798516892,-0.162462015215154,1.724,7.6907963267949,0.203700639774823,0.501778083438785,0.544999999933957,0.0448203359758678,-0.143615090397561,-1.18615891082154,429.74108357922,0.0045022
6.14,1.02786570455514,-0.0642469742530591,1.72799999976756,7.74773056251419,1.02225647565903,0.105696244117062,0.200000000610185,0.989766485827815,-0.142696543518258,1.728,7.7107963267949,0.203699051809192,0.50178396795641,0.544999999934837,0.0448202840551635,-0.102504497975912,-1.18913984563515,432.37163545189,0.0040891
6.16,1.02772857782225,-0.0436934826977279,1.73199999977953,7.76763494514482,1.02228437564835,0.105578406581679,0.200000000586726,0.992422279741117,-0.12287399510655,1.732,7.7307963267949,0.203696236202576,0.501790810511672,0.544999999935801,0.04482032377505,-0.0613912566359573,-1.191298646772,435.388780031852,0.0040426
6.18,1.02718478425904,-0.0231464418684495,1.73599999979103,7.78753893118107,1.02230952147082,0.105461672327797,0.200000000563614,0.994681117974643,-0.103002298735098,1.736,7.7507963267949,0.203692202984905,0.501798602266589,0.54499999993685,0.0448204545536187,-0.0202916340463315,-1.19263541026169,438.788654346293,0.0040327
6.2,1.02623450752173,-0.00261395035006024,1.73999999980208,7.80744256199791,1.02233191878148,0.105346084707278,0.20000000054088,0.996542097023217,-0.0830894028174964,1.74,7.7707963267949,0.203686962512087,0.501807333947078,0.544999999938198,0.0448206757759435,0.020778106257344,-1.19315055611474,442.567264512064,0.0040464
6.22,1.02487809190335,0.0178958977829305,1.74399999981267,7.82734587886718,1.02235157441592,0.105231686313889,0.200000000518631,0.998004472520033,-0.0631432722466128,1.744,7.7907963267949,0.203680525459629,0.50181699584774,0.544999999939575,0.0448209867949119,0.0618017112986149,-1.19284482820538,446.720488060299,0.0039753
6.24,1.02311604224835,0.03837501612985,1.74799999982283,7.84724892294073,1.02236849637464,0.105118518965916,0.200000000496879,0.99906765953439,-0.0431718852087287,1.748,7.8107963267949,0.203672902817481,0.501827577857625,0.544999999940947,0.0448213869315988,0.102762945084163,-1.19171929402788,451.244076299246,0.0039763
6.26,1.02094902380594,0.0588153291265931,1.75199999983255,7.86715173523382,1.02238269380699,0.105006623690044,0.20000000047562,0.999731232805658,-0.0231832299923794,1.752,7.8307963267949,0.203664105884293,0.501839069473848,0.544999999942337,0.0448218754760282,0.143645595023135,-1.18977534432636,456.133656714062,0.0039841
6.28,1.01837786202181,0.0792087752064169,1.75599999984186,7.88705435660876,1.02239417699483,0.104896040706003,0.200000000454861,0.999994926913375,-0.00318530179313799,1.756,7.8507963267949,0.203654146262143,0.501851459815928,0.544999999943761,0.0448224516877779,0.184433478339372,-1.18701469259809,461.384735402509,0.0039898
6.3,1.01540354226843,0.0995473099576366,1.75999999985075,7.90695682775882,1.02240295733587,0.104786809411981,0.200000000434615,0.999858636383415,0.0168139004843497,1.76,7.8707963267949,0.203643035851427,0.501864737640898,0.544999999945226,0.0448231147966103,0.22511044847408,-1.18343937447042,466.992699545414,0.0039919
6.32,1.01202720951383,0.119822909277057,1.76399999985925,7.92685918919237,1.02240904732675,0.104678968370867,0.200000000414896,0.999322415730172,0.0368063774258269,1.764,7.8907963267949,0.203630786846263,0.501878891361489,0.54499999994681,0.0448238640030302,0.265660401476481,-1.1790517469515,472.95281991082,0.0039194
6.34,1.00825016792882,0.140027572517968,1.76799999986735,7.94676148121734,1.02241246054594,0.104572555297411,0.200000000395748,0.998386479434759,0.0567841323070781,1.768,7.9107963267949,0.203617411729201,0.501893909055892,0.544999999948523,0.0448246984790257,0.306067282379987,-1.17385448755497,479.260253390545,0.0044149
6.36,1.00407388043286,0.16015332563154,1.77199999987508,7.96666374392587,1.0224132116363,0.104467607045973,0.200000000377216,0.997051201859214,0.0767391742925189,1.772,7.9307963267949,0.20360292326592,0.5019097784751,0.544999999950175,0.0448256173687605,0.34631509156143,-1.16785059329883,485.91004556805,0.004034
6.38,0.999499968178466,0.180192224300432,1.77599999988245,7.98656601717927,1.0224113162875,0.104364159598734,0.200000000359279,0.995317117096764,0.0966635216314172,1.776,7.9507963267949,0.203587334502421,0.501926487073478,0.544999999951796,0.044826619788805,0.386387891080902,-1.16104337957883,492.897133316806,0.0040032
6.4,0.994530209974334,0.200136357063443,1.77999999988946,8.00646834059324,1.0224067912183,0.104262248055353,0.200000000341926,0.993184918758193,0.116549204850494,1.78,7.9707963267949,0.203570658759597,0.501944022015052,0.5449999999534,0.044827704829082,0.426269810999747,-1.15343647891672,500.21634742745,0.0040874
6.42,0.989166541647259,0.219977848430032,1.78399999989613,8.02637075352334,1.0223996541586,0.104161906623049,0.20000000032515,0.990655459694407,0.136388269941598,1.784,7.9907963267949,0.203552909629022,0.50196237018718,0.544999999954998,0.0448288715533689,0.465945055674244,-1.1450338395836,507.86241526291,0.0042637
6.44,0.983411055342973,0.239708861983517,1.78799999990247,8.04627329505072,1.02238992383146,0.104063168607394,0.200000000308949,0.987729751655308,0.156172781543212,1.788,8.0107963267949,0.203534100968702,0.501981518213945,0.544999999956591,0.0448301189999117,0.505397910022557,-1.13583972409909,515.829963440268,0.0042421
6.46,0.977265998766051,0.259321603471777,1.79199999990849,8.06617600396815,1.02237761993486,0.103966066403822,0.200000000293322,0.984408964885101,0.175894826114484,1.792,8.0307963267949,0.203514246898878,0.502001452469494,0.544999999958197,0.0448314461820221,0.544612745762491,-1.12585870760643,524.113520538177,0.0039917
6.48,0.970733774359065,0.278808323884273,1.79599999991421,8.08607891876629,1.02236276312344,0.103870631489835,0.200000000278273,0.980694427654217,0.195546515100544,1.796,8.0507963267949,0.203493361797827,0.502022159090261,0.544999999959804,0.0448328520886633,0.58357402761763,-1.11509567612436,532.707519828661,0.0040805
6.5,0.963816938421174,0.298161322514209,1.79999999991963,8.10598207762018,1.02234537499016,0.103776894417858,0.200000000263803,0.976587625728023,0.215119988087816,1.8,8.0707963267949,0.203471460297715,0.502043623987601,0.544999999961377,0.044834335685062,0.622266319489433,-1.10355582467614,541.60630203214,0.0040601
6.52,0.956518200166374,0.317372950004647,1.80399999992477,8.12588551837612,1.02232547804783,0.103684884808756,0.200000000249898,0.972090201772533,0.234607415948081,1.804,8.0907963267949,0.203448557280548,0.50206583286046,0.544999999962918,0.0448358959132678,0.66067429059286,-1.09124465529644,550.804118094476,0.0039904
6.54,0.948840420721637,0.336435611377399,1.80799999992963,8.14578927853867,1.02230309571058,0.103594631346011,0.200000000236549,0.967203954697364,0.254001003970023,1.808,8.1107963267949,0.203424667873979,0.502088771206957,0.544999999964422,0.0448375316927566,0.69878272155313,-1.0781679749167,560.295131984871,0.0040506
6.56,0.940786612065216,0.355341769043511,1.81199999993424,8.16569339525804,1.02227825227536,0.10350616177051,0.200000000223741,0.961930838936196,0.273292994977013,1.812,8.1307963267949,0.203399807446748,0.502112424333638,0.544999999965834,0.0448392419210634,0.736576510461206,-1.0643318931297,570.073423513363,0.0039643
6.58,0.932359935905396,0.37408394579417,1.81599999993859,8.18559790531764,1.02225097290324,0.10341950287584,0.200000000211441,0.956272963665028,0.29247567242987,1.816,8.1507963267949,0.203373991605963,0.502136777373884,0.544999999967221,0.0448410254741601,0.774040678885618,-1.0497428198341,580.132991167031,0.0038959
6.6,0.923563702500004,0.392654727770846,1.8199999999427,8.20550284512196,1.02222128360087,0.103334680504466,0.20000000019964,0.950232591958529,0.311541363513379,1.82,8.1707963267949,0.203347236191419,0.502161815291819,0.544999999968583,0.044842881207299,0.81116037783825,-1.0344074627598,590.467754963153,0.0039298
6.62,0.914401369417004,0.411046767413503,1.82399999994658,8.2254082506847,1.02218921120178,0.103251719544191,0.20000000018833,0.943812139884847,0.330482442205311,1.824,8.1907963267949,0.203319557271827,0.50218752289475,0.544999999969912,0.0448448079554245,0.847920893691733,-1.01833282487483,601.071559318652,0.0038995
6.64,0.904876540236551,0.429252786385705,1.82799999995024,8.24531415761713,1.02215478334772,0.103170643925243,0.200000000177499,0.937014175539204,0.349291332326736,1.828,8.2107963267949,0.203290886094621,0.502212312905406,0.544999872034898,0.0448468353760026,0.884307654046083,-1.00152620167488,611.938171203039,0.003611
6.66,0.894992963815001,0.447265578699363,1.83199999949311,8.26522060177919,1.02211802449569,0.103091410222159,0.199999954110062,0.929841418016701,0.367960510572385,1.832,8.2307963267949,0.203261467813832,0.502239540699409,0.544999927509549,0.0448488760492625,0.920306233550538,-0.983995178353266,623.061302438781,0.0034811
6.68,0.884754532141856,0.46507801336284,1.83599999831435,8.28512761799433,1.02207896904084,0.103014116204635,0.1999999280135,0.922296736324713,0.386482509519879,1.836,8.2507963267949,0.203231134974684,0.50226736532614,0.544999966502016,0.0448510084425553,0.955902359685018,-0.96574762684936,634.434583259783,0.00347
6.7,0.874165278273301,0.482683036984222,1.83999999675402,8.30503524001738,1.02203764543158,0.102938782320361,0.199999915954225,0.914383148235319,0.404849920616598,1.84,8.2707963267949,0.203199944074796,0.502295776168626,0.544999993191038,0.0448532071520098,0.991081918430402,-0.946791702801135,646.051584349467,0.0036606
6.72,0.86322937553657,0.500073676828089,1.8439999950486,8.32494350172072,1.02199408447991,0.102865427711424,0.199999913502999,0.906103819078245,0.423055397142997,1.844,8.2907963267949,0.203167912333103,0.50232475943923,0.545000010776963,0.0448554708394479,1.02583095990048,-0.927135842378557,657.905815648598,0.0033224
6.74,0.851951135936059,0.517243043622142,1.84799999335745,8.3448524365266,1.02194831769718,0.102794070639431,0.199999917382706,0.897462060474762,0.441091657151202,1.848,8.3107963267949,0.203135057148836,0.502354301164116,0.545000021701473,0.0448577981512702,1.06013570392107,-0.906788759001005,669.990728990076,0.0032451
6.76,0.840335008511034,0.534184334319589,1.85199999178323,8.36476207739313,1.02190037727607,0.102724728485619,0.199999925195236,0.888461329013091,0.45895148637769,1.852,8.3307963267949,0.203101396113115,0.502384387040918,0.545000027819035,0.0448601877833481,1.0939825455444,-0.885759439943397,682.299721042885,0.0031797
6.78,0.828385577638116,0.550890834830286,1.85599999038729,8.38467245680229,1.02185029607324,0.102657417743214,0.199999935210088,0.879105224865808,0.476627741128899,1.856,8.3507963267949,0.203066947006395,0.502415002486634,0.545000030530554,0.0448626384275238,1.1273580604968,-0.864057142832441,694.826136267097,0.0032033
6.8,0.816107561279135,0.567355922719559,1.8599999892014,8.40458360675007,1.02179810759219,0.102592154010061,0.199999946201088,0.869397490349825,0.494113351138608,1.86,8.3707963267949,0.203031727793304,0.502446132673234,0.54500003088743,0.0448651487624422,1.16024901055727,-0.84169139203428,707.563269874299,0.0033069
6.82,0.803505809174892,0.583573069873588,1.86399998823661,8.42449555873714,1.02174384596593,0.102528951982534,0.199999957320563,0.859342008429514,0.511401322395952,1.864,8.3907963267949,0.202995756617639,0.502477762558791,0.545000029672491,0.0448677174524284,1.19264234886501,-0.818671974934857,720.504370792234,0.0032136
6.84,0.790585300985408,0.599535845130246,1.86799998748985,8.44440834375986,1.02168754593964,0.102467825450803,0.19999996800266,0.848942801163572,0.528484739942931,1.868,8.4107963267949,0.202959051797233,0.502509876915014,0.545000027462841,0.0448703431477607,1.22452522515347,-0.795008938114344,733.642644632496,0.0034718
6.86,0.777351144377253,0.615237916874289,1.87199998694877,8.46432199230155,1.02162924285313,0.10240878729535,0.199999977889282,0.838204028096251,0.545356770640302,1.872,8.4307963267949,0.202921631818799,0.502542460351486,0.545000024678595,0.044873024485137,1.25588499090916,-0.77071258341705,746.971256660076,0.0033615
6.88,0.763808573058591,0.630673055595826,1.87599998659539,8.48423653432397,1.02156897262329,0.102351849484597,0.199999986773577,0.827129984593597,0.562010665900743,1.876,8.4507963267949,0.20288351533261,0.50257549733697,0.545000021620614,0.044875760088226,1.28670920445266,-0.745793463918252,760.483334763602,0.00356
6.9,0.749962944762593,0.645835136410961,1.8799999864087,8.50415199925908,1.02150677172649,0.102297023073511,0.199999994556998,0.815725100125357,0.5784397643882,1.88,8.4707963267949,0.202844721147128,0.502608972218058,0.545000018499672,0.0448785485681907,1.31698563594022,-0.720262379789442,774.171972425079,0.0035692
6.92,0.735819739179893,0.660718141543567,1.88399998636644,8.52406841600104,1.02144267718091,0.10224431820308,0.200000001216879,0.803993936493257,0.594637494682329,1.884,8.4907963267949,0.202805268046732,0.502642868609421,0.545000015430066,0.0448813885421702,1.34670227228354,-0.69413037406352,788.030231659519,0.0035867
6.94,0.721384555841046,0.675316162767216,1.88799998644632,8.54398581289881,1.02137672652157,0.102193744074037,0.200000006771703,0.791941186006336,0.610597377906979,1.888,8.5107963267949,0.202765175287237,0.502677171097885,0.545000012532146,0.0448842785721388,1.37584732198587,-0.667408728301507,802.051146054752,0.0034375
6.96,0.70666311194928,0.689623403806077,1.89199998662687,8.56390421774847,1.02130895779552,0.102145308992719,0.200000011283276,0.779571669604088,0.626313030321656,1.892,8.5307963267949,0.202724462194913,0.502711864067407,0.545000009877071,0.0448872172355742,1.40440921989245,-0.640108958162404,816.227723683126,0.003663
6.98,0.691661240164109,0.703634182693615,1.8959999868881,8.58382365778535,1.02123940954149,0.102099020367702,0.200000014839021,0.766890334928147,0.641778165874934,1.896,8.5507963267949,0.202683148141754,0.50274693151136,0.545000007489846,0.0448902031060556,1.43237663185324,-0.61224280887785,830.552950047406,0.003675
7,0.676384886337162,0.717342934088303,1.89999998721184,8.60374415967722,1.02116812076868,0.102054884698005,0.200000017535366,0.753902254343305,0.656986598718789,1.9,8.5707963267949,0.202641252639656,0.50278235736807,0.545000005377234,0.0448932347401972,1.45973845929607,-0.583822250633291,845.019791044532,0.0037597
7.02,0.660840107200947,0.73074421154535,1.90399998758191,8.62366574951771,1.02109513093948,0.102012907575564,0.20000001947117,0.74061262290862,0.671932245682862,1.904,8.5907963267949,0.202598795324133,0.502818125530109,0.545000003533382,0.0448963106853167,1.4864838437082,-0.554859473857399,859.62119590825,0.0037245
7.04,0.645033068011253,0.74383268974338,1.90799998798405,8.6435884528197,1.0210204799517,0.101973093688334,0.200000020743188,0.727026756299476,0.686609128707638,1.908,8.6107963267949,0.202555795947936,0.502854219852801,0.545000001944007,0.0448994294799699,1.51260217102462,-0.525366884421515,874.350100143115,0.0036017
7.06,0.628970040144036,0.756603166665096,1.91199998840591,8.66351229450906,1.02094420812084,0.101935446823782,0.20000002144303,0.713150088681372,0.701011377235599,1.912,8.6307963267949,0.202512274374617,0.502890624162062,0.545000000589548,0.0449025896544659,1.53808307592102,-0.495357098750944,889.199428448862,0.0035127
7.08,0.612657398647671,0.769050565730955,1.9159999888369,8.68343729891856,1.02086635616234,0.101899969872784,0.200000021655267,0.698988170536338,0.715133230559358,1.916,8.6507963267949,0.202468250571926,0.502927322261781,0.544999999447429,0.0449057897314382,1.56291644600982,-0.464842938849959,904.162097633993,0.0034244
7.1,0.596101619751435,0.781169937884908,1.91999998926801,8.70336348978206,1.02078696517385,0.101866664833871,0.200000021456342,0.684546666442806,0.728969040125876,1.92,8.6707963267949,0.202423744605088,0.502964297940866,0.544999998493739,0.0449090282263606,1.58709242593737,-0.433837427242421,919.231019517518,0.0034347
7.12,0.579309278331174,0.792956463631273,1.92399998969172,8.72329089022892,1.02070607661749,0.101835532817819,0.200000020914088,0.669831352809865,0.742513271795802,1.924,8.6907963267949,0.20237877662993,0.503001534979924,0.544999997704399,0.044912303648092,1.61060142138063,-0.402353781829929,934.399103817721,0.0036254
7.14,0.562287045333056,0.804405455021828,1.92799999010173,8.74321952277869,1.02062373230214,0.101806574052573,0.200000020087671,0.654848115566765,0.755760508057054,1.928,8.7107963267949,0.202333366885918,0.503039017157724,0.544999997055959,0.0449156144994265,1.63343410294167,-0.370405410669502,949.659261026865,0.0035395
7.16,0.545041685156382,0.815512357592215,1.93199999049289,8.76314940933597,1.02053997436569,0.10177978788848,0.200000019027816,0.639602947808631,0.768705450191756,1.932,8.7307963267949,0.202287535689015,0.503076728257394,0.544999996526137,0.0449189592776175,1.65558140993826,-0.338005906672777,965.004405270794,0.0034273
7.18,0.527580052996442,0.826272752246793,1.93599999086094,8.78308057118555,1.02045484525733,0.10175517280383,0.200000017777225,0.624101947399299,0.78134292039565,1.936,8.7507963267949,0.202241303424487,0.503114652072437,0.544999996094131,0.0449223364749351,1.67703455408897,-0.30516904222879,980.427457152307,0.0034545
7.2,0.509909092148388,0.836682357091063,1.93999999120242,8.80301302898781,1.02036838771985,0.101732726410685,0.200000016371112,0.608351314532255,0.793667863849153,1.94,8.7707963267949,0.202194690539553,0.503152772412528,0.544999995740804,0.0449257445791829,1.69778502309125,-0.271908763752399,995.921346577305,0.0037702
7.22,0.492035831273172,0.846737029210815,1.94399999151451,8.82294680277435,1.02028064477194,0.101712445460994,0.200000014837802,0.592357349250641,0.805675350739213,1.944,8.7907963267949,0.202147717535984,0.503191073109154,0.54499999544873,0.0449291820742709,1.71782458409084,-0.238239186160476,1011.47901556262,0.0035162
7.24,0.473967381626572,0.856432766397204,1.94799999179488,8.84288191194383,1.02019165969052,0.101694325852978,0.200000013199345,0.576126448927319,0.817360578231173,1.948,8.8107963267949,0.202100404962484,0.503229538021126,0.544999995202209,0.0449326474407309,1.73714528704109,-0.204174587278014,1027.09342102452,0.0034883
7.26,0.45571093425236,0.865765708816908,1.9519999920416,8.86281837525806,1.02010147599298,0.101678362637787,0.20000001147214,0.55966510570601,0.828718872389835,1.952,8.8307963267949,0.202052773407156,0.503268151039848,0.544999994987182,0.044936139156274,1.7557394679508,-0.169729402176324,1042.75753754684,0.003426
7.28,0.437273757140704,0.874732140626619,1.95599999225299,8.88275621083837,1.02001013741963,0.101664550026406,0.200000009667525,0.542979903904521,0.83974569004898,1.956,8.8507963267949,0.202004843489789,0.503306896094465,0.544999994791172,0.0449396556963164,1.77359975201893,-0.134918217445537,1058.46436012777,0.0035424
7.3,0.418663192352885,0.883328491531087,1.95999999242759,8.90269543616217,1.01991768791593,0.101652881396811,0.200000007792347,0.526077517381105,0.850436620628564,1.96,8.8707963267949,0.201956635854097,0.503345757156826,0.544999994603155,0.0449431955345421,1.79071905665514,-0.0997557654036561,1074.2069069042,0.0034916
7.32,0.399886653113457,0.891551338283978,1.96399999256401,8.92263606805981,1.01982417161493,0.101643349301368,0.200000005849483,0.50896470686501,0.860787387898902,1.964,8.8907963267949,0.2019081711599,0.503384718246261,0.544999994413492,0.0449467571434251,1.80709059438455,-0.0642569182444205,1089.97822185285,0.0034178
7.34,0.38095162087097,0.899397406130827,1.96799999266089,8.94257812271157,1.01972963281961,0.10163594547445,0.20000000383834,0.491648317252275,0.870793851691091,1.968,8.9107963267949,0.201859470075243,0.50342376343413,0.544999994213774,0.044950338994785,1.82270787563557,-0.0284366821262988,1105.77137746687,0.0033023
7.36,0.36186564232841,0.906863570193388,1.97199999271682,8.96252161564504,1.01963411598528,0.10163066084029,0.200000001755299,0.474135274867862,0.880452009553034,1.972,8.9307963267949,0.201810553268519,0.503462876848098,0.544999993996777,0.0449539395603176,1.83756471140962,0.00768980879506984,1121.57947740736,0.0034774
7.38,0.342636326444528,0.913946856794714,1.97599999273032,8.9824665617326,1.01953766570201,0.101627485521021,0.199999999594138,0.456432584695223,0.88975799835036,1.976,8.9507963267949,0.20176144140051,0.503502042676136,0.544999993756362,0.0449575573121492,1.85165521583136,0.0441072983886253,1137.39565912843,0.0034828
7.4,0.323271341407231,0.920644444724294,1.97999999269972,9.00241297518926,1.01944032667706,0.101626408844924,0.199999997346428,0.43854732757439,0.898708095811627,1.98,8.9707963267949,0.201712155116477,0.503541245170137,0.544999993487403,0.0449611907233717,1.86497380857855,0.0808004146214415,1153.21309647531,0.0033842
7.42,0.303778411580241,0.926953666442655,1.98399999262321,9.02236086957065,1.01934214371734,0.101627419354839,0.199999995001893,0.420486657369749,0.907298722017184,1.984,8.9907963267949,0.201662714918163,0.503580468223074,0.544999993166742,0.0449648382804333,1.87751521719019,0.117753675681679,1169.02500223103,0.0033101
7.44,0.284165314424353,0.932872009224937,1.98799999249865,9.04231025777153,1.01924316170703,0.101630504798711,0.19999999254192,0.402257798108573,0.91552644083109,1.988,9.0107963267949,0.201613141377074,0.503619696100487,0.544999992792656,0.0449684984541394,1.88927447925208,0.154951496148502,1184.82463069577,0.003345
7.46,0.264439877394408,0.93839711624279,1.99199999232354,9.06226115202444,1.0191434255939,0.101635652151071,0.199999989947276,0.38386804109152,0.923387961275519,1.992,9.0307963267949,0.201563455194333,0.5036589137663,0.544999992391491,0.0449721697075794,1.9002469444587,0.192378193206507,1200.6052802167,0.0037144
7.48,0.244609974812976,0.943526787583672,1.99599999209509,9.08221356389789,1.01904298037877,0.101642847648558,0.199999987208213,0.365324741976202,0.930880138847114,1.996,9.0507963267949,0.201513676858546,0.50369810574603,0.544999991958906,0.0449758505345944,1.91042827655054,0.230017992902181,1216.36029560805,0.0035817
7.5,0.22468352472224,0.948258981207273,1.99999999181031,9.10216750429529,1.01894187109165,0.10165207677727,0.19999998431342,0.346635317835026,0.937999976774739,2,9.0707963267949,0.201463826818894,0.503737256637404,0.54499999149202,0.0449795394212896,1.91981445512594,0.267855036439871,1232.08307062575,0.0035496
7.52,0.204668485715503,0.952591813838807,2.00399999146595,9.12212298345445,1.0188401427751,0.101663324281374,0.199999981250547,0.327807244188458,0.944744627218154,2.004,9.0907963267949,0.201413925461998,0.50377635110967,0.544999990989232,0.0449832348582343,1.92840177732652,0.30587338651475,1247.76705038383,0.0036356
7.54,0.184572853749459,0.956523561798524,2.00799999105852,9.14208001094706,1.01873784046684,0.101676574171964,0.199999978006671,0.30884805201492,0.951111392407109,2.008,9.1107963267949,0.201363993104314,0.503815373902792,0.544999990450067,0.0449869353408857,1.93618685939555,0.344057033680241,1263.40573373729,0.0037187
7.56,0.16440465893853,0.960052661766983,2.01199999058427,9.16203859567836,1.01863500918258,0.101691809735903,0.199999974568695,0.289765324738494,0.957097725720417,2.012,9.1307963267949,0.201314049984691,0.503854309825593,0.54499998987507,0.0449906393701763,1.94316663810846,0.382389902747341,1278.99267563099,0.0034832
7.58,0.144171962332571,0.963177711485685,2.0159999900392,9.18199874588715,1.01853169389875,0.101709013544597,0.19999997092372,0.27056669519566,0.96270123270457,2.016,9.1507963267949,0.201264116257033,0.503893143753146,0.544999989265649,0.0449943454530817,1.94933837207472,0.420855859213261,1294.52148941355,0.0035871
7.6,0.123882852679265,0.965897470392665,2.01999998941903,9.201960469146,1.01842793953543,0.101728167462674,0.199999967059354,0.251259842582255,0.967919672031487,2.02,9.1707963267949,0.201214211983141,0.50393186062351,0.54499998862399,0.044998052103232,1.95469964291055,0.459438715716791,1309.98584911573,0.0037102
7.62,0.103545443172539,0.968210860192677,2.02399998871926,9.2219237723617,1.01832379093918,0.101749252656543,0.19999996296399,0.231852489381904,0.972750956395014,2.024,9.1907963267949,0.201164357125684,0.503970445433941,0.544999987952877,0.0450017578415025,1.9592483562819,0.498122238517788,1325.37949169222,0.0035554
7.64,0.0831678681883268,0.970116965361648,2.02799998793517,9.24188866177595,1.01821929286611,0.101772249602804,0.199999958627026,0.212352398277125,0.977193153345823,2.028,9.2107963267949,0.201114571541379,0.504008883236822,0.544999987255618,0.04500546119662,1.96298274281699,0.53689015399815,1340.69621922651,0.0033899
7.66,0.0627582800090424,0.971615033585094,2.03199998706183,9.26185514296638,1.01811448996488,0.101797138096498,0.199999954039048,0.192767369044364,0.981244486064362,2.032,9.2307963267949,0.201064874974317,0.504047159135544,0.544999986535868,0.0450091607057885,1.96590135888815,0.575726155181652,1355.92990109765,0.0033383
7.68,0.0423248455380971,0.972704476130208,2.03599998609414,9.28182322084768,1.01800942675985,0.101823897259196,0.199999949191961,0.173105235434182,0.984903334071561,2.036,9.2507963267949,0.201015287049524,0.504085258280674,0.544999985797526,0.045012854915301,1.96800308726239,0.614613908269995,1371.07447610862,0.0035878
7.7,0.0218757430058365,0.973384868151389,2.03999998502685,9.30179289967317,1.01790414763428,0.101852505546934,0.19999994407907,0.153373862037864,0.988168233877,2.04,9.2707963267949,0.200965827266715,0.504123165866714,0.544999985044547,0.0450165423811528,1.9692871376204,0.653537059192403,1386.1239545754,0.0038322
7.72,0.00141915866825855,0.973655948928979,2.04399998385459,9.32176418303644,1.0177986968136,0.101882940758025,0.199999938695107,0.13358114114169,0.99103787956429,2.044,9.2907963267949,0.200916613483163,0.504162691704136,0.545000121522549,0.0450201899718122,1.9697530469436,0.692479240166113,1401.07242791448,0.0038546
7.74,-0.0190367166127437,0.973517621284074,2.04799998306598,9.34173707319259,1.01769312296463,0.101915257014476,0.199999982443224,0.113734989570117,0.993511123313416,2.048,9.3107963267949,0.200867425872284,0.504200239926983,0.545000084143487,0.0450238801750121,1.96940067976753,0.73142407625497,1415.91404116956,0.0040803
7.76,-0.0394836905325577,0.972969952415701,2.05199998301776,9.36171157226897,1.01758746508767,0.101949356835436,0.20000001273488,0.0938433455191623,0.995586975859855,2.052,9.3307963267949,0.20081845576704,0.504237566713963,0.545000056262177,0.045027536297682,1.96823022830046,0.770355191913071,1430.6430375531,0.004163
7.78,-0.0599135725685931,0.97201317468865,2.055999983475,9.38168768234376,1.01748176820297,0.101985216201162,0.200000032989263,0.0739141653812273,0.997264606890266,2.056,9.3507963267949,0.200769688422025,0.504274654504404,0.545000035653025,0.0450311805431871,1.96624221241924,0.809256217590678,1445.25373379295,0.0039105
7.8,-0.0803181774325531,0.970647684868955,2.05999998426314,9.40166540433425,1.01737607570888,0.102022810845834,0.200000045824353,0.0539554205626498,0.998543345374605,2.06,9.3707963267949,0.200721142505575,0.504311490840062,0.545000020590612,0.0450348109383665,1.96343747952792,0.848110796320882,1459.74052761247,0.0040473
7.82,-0.100689328372986,0.968874044025697,2.06399998525375,9.42164473852626,1.01727043077138,0.102062115954786,0.200000053236973,0.0339750942952423,0.999422679834528,2.064,9.3907963267949,0.200672836426843,0.504348062675313,0.545000009739885,0.0450384260192817,1.95981720428239,0.886902590293916,1474.09789991406,0.003861
7.84,-0.121018860490195,0.966692977364675,2.06799998635355,9.44162568456173,1.01716487630372,0.102103106161078,0.200000056743331,0.0139811784431128,0.999902258547975,2.068,9.4107963267949,0.200624788428166,0.504384357109467,0.545000002070204,0.0450420243949224,1.95538288818262,0.92561528742618,1488.3204165759,0.0038004
7.86,-0.141298624048505,0.9641053739948,2.07199998749587,9.46160824143976,1.01705945495127,0.1021457555596,0.200000057488605,-0.0060183296939816,0.999981889689856,2.072,9.4307963267949,0.200577016558208,0.504420361404439,0.544999996787978,0.0450456046997142,1.95013635903231,0.964232607921259,1502.40273020418,0.0037272
7.88,-0.161520487784541,0.961112286626934,2.07599998863408,9.4815924075195,1.01695420907592,0.102190037720113,0.200000056332277,-0.0260154305794408,0.999661541408774,2.076,9.4507963267949,0.20052953866398,0.504456062986654,0.544999993283874,0.0450491655835311,1.94407977026618,1.00273831082025,1516.33958184062,0.0036073
7.9,-0.181676342210096,0.957714931205187,2.07999998973655,9.50157818052377,1.01684918074063,0.102235925700003,0.200000053914472,-0.0460021256395369,0.998941341839772,2.08,9.4707963267949,0.200482372384204,0.504491449452101,0.544999991091652,0.0450527057103176,1.93721560014495,1.04111620053868,1530.12580262493,0.0037235
7.92,-0.20175810290818,0.953914686470769,2.08399999078277,9.52156555754277,1.01674441169418,0.102283392057159,0.200000050707466,-0.0659704204627299,0.997821579053074,2.084,9.4907963267949,0.200435535142527,0.504526508570296,0.544999989855979,0.0450562237582582,1.92954665081844,1.07935013338738,1543.75631541178,0.0040579
7.94,-0.221757713820835,0.949713093458494,2.0879999917604,9.5415545350382,1.01663994335594,0.102332408862988,0.200000047055618,-0.0859123279973325,0.996302700938866,2.088,9.5107963267949,0.200389044140803,0.504561228287068,0.544999989307258,0.0450597184202134,1.92107604725691,1.11742402407445,1557.22613634168,0.0040472
7.96,-0.241667150527319,0.945111854926075,2.09199999266302,9.56154510884752,1.01653581680097,0.102382947715522,0.200000043206231,-0.105819871746218,0.99438531502814,2.092,9.5307963267949,0.20034291635263,0.504595596728529,0.54499998924209,0.0450631884041629,1.9118072360511,1.15532185218589,1570.53037636559,0.0037838
7.98,-0.261478423511237,0.940112834716377,2.09599999348841,9.58153727418846,1.01643207274514,0.102434979752669,0.200000039333384,-0.125685088957318,0.992070188249698,2.096,9.5507963267949,0.200297168516997,0.504629602204825,0.544999989508023,0.0450666324336613,1.90174398408137,1.19302766864192,1583.66424272253,0.0037872
8,-0.281183581415221,0.934718057052829,2.09999999423731,9.60153102566371,1.01632875153049,0.102488475665591,0.200000035556272,-0.145500033808614,0.989358246623382,2.1,9.5707963267949,0.200251817132031,0.504663233213495,0.544999989991684,0.0450700492483033,1.89089037705637,1.23052560212657,1596.62304037015,0.0036246
8.02,-0.300774714281767,0.928929705768223,2.1039999949124,9.62152635726587,1.01622589311078,0.102543405712193,0.200000031953278,-0.16525678058636,0.986250574889684,2.104,9.5907963267949,0.200206878448948,0.504696478442982,0.544999990609599,0.0450734376041841,1.87925081792184,1.26779986548766,1609.40217336761,0.0037163
8.04,-0.320243956778805,0.922750123467161,2.10799999551766,9.64152326238267,1.01612353703715,0.102599739730738,0.200000028572734,-0.184947426855268,0.982748416075862,2.108,9.6107963267949,0.200162368466127,0.504729326776081,0.544999991301058,0.0450767962742979,1.86683002514003,1.30483476210467,1621.99714621061,0.0036587
8.06,-0.339583491408637,0.916181810622438,2.1119999960578,9.66152173380221,1.01602172244408,0.102657447153559,0.200000025441115,-0.204564096619365,0.978853170998747,2.112,9.6307963267949,0.200118302923339,0.5047617672934,0.544999992022587,0.0450801240490261,1.85363303084044,1.34161469222175,1634.40356511821,0.003816
8.08,-0.358785551698834,0.909227424605689,2.11599999653791,9.68152176371867,1.01592048803543,0.102716497020892,0.200000022569246,-0.2240989434723,0.974566397704435,2.116,9.6507963267949,0.200074697296167,0.504793789276747,0.54499999274373,0.0450834197365316,1.83966517884259,1.37812415924327,1646.61713927107,0.0036077
8.1,-0.377842425373722,0.901889778652645,2.11999999696317,9.70152334373804,1.01581987207081,0.102776857994811,0.200000019956989,-0.243544153735791,0.969889810845086,2.12,9.6707963267949,0.200031566791122,0.504825382219943,0.544999993443896,0.0450866821630857,1.82493212255151,1.4143477759893,1658.63368200103,0.003522
8.12,-0.396746457505071,0.894171840763385,2.12399999733871,9.72152646488415,1.01571991235206,0.102838498373578,0.200000017596792,-0.262891949585002,0.964825280993091,2.124,9.6907963267949,0.199988926338703,0.504856535813527,0.544999994109477,0.045089910173814,1.80943982272676,1.45027027090842,1670.44911193127,0.0034809
8.14,-0.415490053640626,0.886076732537992,2.12799999766944,9.74153111760486,1.01562064621001,0.102901386105304,0.200000015476204,-0.282134592159557,0.959374833892864,2.128,9.7107963267949,0.199946790589715,0.504887239960646,0.544999994732206,0.0450931026327335,1.7931945451259,1.4858764942452,1682.0594540676,0.0037211
8.16,-0.43406568290912,0.877607727948069,2.13199999796,9.7615372917785,1.0155221104914,0.102965488802235,0.200000013579797,-0.301264384658992,0.953540649650574,2.132,9.7307963267949,0.199905173910186,0.504917484781195,0.54499999530777,0.0450962584232881,1.77620285802328,1.52115142415981,1693.4608408401,0.0036362
8.18,-0.452465881100415,0.868768252044577,2.1359999982147,9.78154497672049,1.01542434154611,0.103030773755174,0.200000011890595,-0.320273675421368,0.94732506186213,2.136,9.7507963267949,0.199864090376348,0.504947260612613,0.544999995834575,0.0450993764487625,1.75847162960508,1.55608017279734,1704.64951309509,0.0035379
8.2,-0.470683253719423,0.859561879602492,2.13999999843752,9.80155416119015,1.01532737521462,0.103097207947874,0.200000010391042,-0.339154860983835,0.940730556679773,2.14,9.7707963267949,0.199823553770078,0.504976558012972,0.544999996312945,0.0451024556326402,1.74000802524175,1.59064799230397,1715.62182103711,0.0035495
8.22,-0.488710479012491,0.849992333702834,2.14399999863207,9.82156483339767,1.01523124681565,0.103164758071522,0.200000009063702,-0.357900389123914,0.933759771817651,2.144,9.7907963267949,0.199783577574461,0.505005367764031,0.544999996744514,0.0451054949189827,1.72081950463874,1.62484028078786,1726.3742251211,0.0035617
8.24,-0.506540310964914,0.840063484252605,2.14799999880162,9.84157698101144,1.01513599113412,0.103233390539291,0.200000007891727,-0.376502761880283,0.926415495496766,2.148,9.8107963267949,0.199744174969527,0.505033680874211,0.544999997131725,0.0451084932727875,1.7009138188668,1.65864258822195,1736.90329689435,0.0035549
8.26,-0.524165582268273,0.829779346443249,2.15199999894913,9.86159059116529,1.01504164240935,0.103303071500963,0.200000006859148,-0.394954538551871,0.918700665329725,2.152,9.8307963267949,0.199705358828203,0.505061488582739,0.544999997477604,0.0451114496803365,1.68029900727299,1.69204062228642,1747.20571978822,0.0035535
8.28,-0.541579207256301,0.819144079148242,2.15599999907723,9.88160565046624,1.01494823432351,0.103373766857666,0.200000005951085,-0.413248338674028,0.91061836714573,2.156,9.8507963267949,0.199667141712385,0.505088782362274,0.544999997785458,0.0451143631495353,1.65898339427361,1.72502025414815,1757.2782898596,0.0035255
8.3,-0.558774184808001,0.808161983260458,2.15999999918828,9.90162214500214,1.01485579999039,0.103445442276665,0.20000000515385,-0.431376844970621,0.902171833756293,2.16,9.8707963267949,0.19962953586899,0.505115553915129,0.544999998058365,0.0451172327103548,1.6369755860303,1.75756752417501,1767.11791648198,0.0036028
8.32,-0.575743601216727,0.796837499970007,2.16399999928437,9.92164006034971,1.01476437194432,0.103518063205928,0.200000004454862,-0.449332806280839,0.893364443662152,2.164,9.8907963267949,0.199592553226773,0.505141795184676,0.544999998299599,0.0451200574149782,1.61428446701078,1.78966864758237,1776.72162298613,0.0039751
8.34,-0.592480633023994,0.785175208983225,2.16799999936734,9.94165938158262,1.01467398212956,0.103591594889108,0.200000003842717,-0.467109040459569,0.884199719701913,2.168,9.9107963267949,0.199556205392732,0.505167498354711,0.544999998512295,0.0451228363382432,1.59091919643545,1.82131002000955,1786.08654725041,0.0037693
8.36,-0.608978549816763,0.77317982668357,2.17199999943884,9.96168009327985,1.01458466188982,0.103666002380429,0.200000003307144,-0.484698437250152,0.874681327642965,2.172,9.9307963267949,0.199520503648932,0.50519265585207,0.544999998699421,0.045125568577909,1.56688920461141,1.85247822302392,1795.20994224062,0.0035613
8.38,-0.62523071698698,0.760856204235174,2.1759999995003,9.98170217953414,1.01449644195815,0.103741250559613,0.200000002838935,-0.502093961128397,0.864813074715222,2.176,9.9507963267949,0.199485458949472,0.505217260348894,0.544999998863741,0.0451282532549547,1.5422041891553,1.88316002955018,1804.08917649949,0.0042542
8.4,-0.641230598452166,0.748209325629836,2.17999999955299,10.0017256239606,1.01440935244712,0.103817304146835,0.200000002429882,-0.519288654116686,0.854598908088281,2.18,9.9707963267949,0.199451081917618,0.505241304764866,0.544999999007775,0.0451308895138797,1.51687411110658,1.91334240922278,1812.72173458587,0.0043789
8.42,-0.656971759335853,0.735244305678283,2.18399999959802,10.0217504097057,1.01432342283926,0.103894127717684,0.200000002072681,-0.536275638567084,0.844042913292604,2.184,9.9907963267949,0.19941738284316,0.505264782269726,0.544999999133853,0.0451334765229617,1.49090919093277,1.94301253365899,1821.10521746361,0.0042131
8.44,-0.672447868606712,0.721966387946523,2.18799999963635,10.0417765194558,1.0142386819779,0.10397168571817,0.200000001760868,-0.553048119912302,0.833149312585366,2.188,10.0107963267949,0.199384371679876,0.5052876862853,0.54499999924407,0.0451360134745332,1.46431990442825,1.97215778165061,1829.23734284037,0.0036709
8.46,-0.687652701675195,0.708380942638172,2.19199999966885,10.0618039354471,1.01415515805818,0.104049942479724,0.200000001488733,-0.569599389383433,0.821922463261602,2.192,10.0307963267949,0.199352058043215,0.505310010487536,0.544999999340314,0.0451384995852317,1.43711697850842,2.00076574427196,1837.11594545628,0.0037223
8.48,-0.702580142946578,0.694493464423631,2.19599999969625,10.0818326394738,1.01407287861855,0.104128862234211,0.200000001251247,-0.585922826693367,0.810366855911355,2.196,10.0507963267949,0.199320451208137,0.505331748808451,0.544999999424277,0.0451409340962295,1.40931138690079,2.02882422990216,1844.73897732278,0.0036859
8.5,-0.71722418832927,0.68030957021705,2.1999999997192,10.1018626128987,1.01399187053244,0.104208409128931,0.200000001043986,-0.602011902684824,0.79848711262349,2.2,10.0707963267949,0.199289560107135,0.505352895437973,0.544999999497473,0.0451433162734956,1.38091434573489,2.05632126915953,1852.10450791162,0.0035871
8.52,-0.731578947697297,0.665834996902003,2.20399999973827,10.1218938366619,1.01391216000032,0.104288547241626,0.200000000863077,-0.617860181941925,0.786287985136929,2.204,10.0907963267949,0.199259393328425,0.505373444825674,0.544999999561245,0.0451456454079914,1.35193730903272,2.08324511974601,1859.21072429436,0.0036088
8.54,-0.745638647305894,0.651075599006838,2.20799999975395,10.1419262912908,1.01383377254213,0.104369240595458,0.200000000705125,-0.633461325364276,0.773774352940012,2.208,10.1107963267949,0.199229959114313,0.505393391682402,0.544999999616773,0.045147920815883,1.32239196410168,2.1095842711996,1866.0559312324,0.0037207
8.56,-0.75939763215913,0.636037346330716,2.21199999976668,10.1619599569103,1.01375673298991,0.104450453173974,0.200000000567163,-0.648809092702519,0.760951221318774,2.212,10.1307963267949,0.199201265359701,0.505412730981798,0.544999999665105,0.0451501418387508,1.29229022683179,2.13532744955285,1872.63855121792,0.0037482
8.58,-0.772850368328557,0.620726321521319,2.21599999977681,10.1819948132522,1.01368106548094,0.104532148936041,0.200000000446601,-0.663897345054353,0.74782371935489,2.216,10.1507963267949,0.199173319610823,0.505431457961692,0.544999999707175,0.0451523078437508,1.26164423689921,2.1604636218954,1878.95712446587,0.0038523
8.6,-0.785991445221846,0.605148717605282,2.21999999978469,10.2020308396657,1.01360679345105,0.104614291830742,0.200000000341184,-0.678720047320012,0.734397097874113,2.22,10.1707963267949,0.199146129064093,0.505449568125413,0.544999999743783,0.0451544182238309,1.23046635287798,2.18498200083869,1885.01030885724,0.0038938
8.62,-0.798815577800454,0.589310835472405,2.22399999979059,10.2220680151274,1.01353393962839,0.104696845812235,0.200000000248946,-0.693271270616225,0.720676727346017,2.224,10.1907963267949,0.199119700565145,0.505467057242961,0.544999999775651,0.0451564723978305,1.19876914726207,2.20887204888095,1890.79687983399,0.0039657
8.64,-0.81131760874532,0.573219081314711,2.22799999979476,10.242106318252,1.01346252602749,0.104779774854562,0.20000000016818,-0.707545194647683,0.706668095735878,2.228,10.2107963267949,0.199094040608018,0.505483921352073,0.544999999803394,0.0451584698107046,1.16656540139974,2.23212348267065,1896.31573024587,0.0036992
8.66,-0.823492510569683,0.556879964021463,2.23199999979742,10.2621457273023,1.01339257394364,0.104863042966402,0.200000000097402,-0.721536110035093,0.69237680630956,2.232,10.2307963267949,0.199069155334549,0.505500156759159,0.544999999827562,0.0451604099335857,1.13386810034231,2.25472627716665,1901.56587014943,0.0046262
8.68,-0.835335387678086,0.540300092531254,2.23599999979875,10.2821862202002,1.01332410394769,0.104946614205762,0.200000000035324,-0.735238420598841,0.677808575392287,2.236,10.2507963267949,0.19904505053387,0.505515760040144,0.544999999848634,0.0451622922639766,1.10069042760952,2.27667066969325,1906.54642655962,0.0038934
8.7,-0.846841478370682,0.523486173142305,2.23999999979891,10.3022277745372,1.01325713588112,0.105030452694597,0.199999999980832,-0.7486466455974,0.662969230082182,2.24,10.2707963267949,0.199021731642105,0.505530728041161,0.544999999867015,0.0451641163258122,1.0670457598736,2.29794716388854,1911.25664315424,0.003854
8.72,-0.85800615679197,0.50644500678214,2.24399999979804,10.3222703675849,1.01319168885152,0.105114522633358,0.199999999932958,-0.76175542191954,0.647864705919518,2.244,10.2907963267949,0.198999203742199,0.50554505787914,0.544999999883071,0.0451658816695906,1.03294766156432,2.31854653354428,1915.69587993176,0.0038231
8.74,-0.868824934823128,0.489183486237809,2.24799999979628,10.3423139763064,1.01312778122836,0.105198788315459,0.199999999890863,-0.774559506229517,0.632501044512566,2.248,10.3107963267949,0.198977471563939,0.505558746942279,0.544999999897122,0.0451675878724555,0.998409879397098,2.33845982633582,1919.86361282271,0.0037658
8.76,-0.879293463917123,0.471708593347848,2.25199999979373,10.3623585773671,1.01306543063918,0.105283214141643,0.199999999853827,-0.787053777064324,0.616884391121045,2.252,10.3307963267949,0.198956539484089,0.505571792890371,0.544999999909433,0.0451692345382553,0.963446336826733,2.35767836744044,1923.75943325519,0.0039767
8.78,-0.889407536875815,0.454027396157207,2.25599999979048,10.3824041471454,1.0130046539661,0.105367764634269,0.199999999821223,-0.799233236882215,0.60102099219809,2.256,10.3507963267949,0.198936411526705,0.505584193655029,0.544999999920242,0.0451708212976446,0.928071128428732,2.37619376304265,1927.38304767491,0.0038638
8.8,-0.899163089568287,0.436147046036352,2.25999999978662,10.4024506617442,1.01294546734262,0.105452404451483,0.19999999979251,-0.811093014061656,0.584917192891762,2.26,10.3707963267949,0.198917091363592,0.50559594743978,0.544999999929764,0.0451723478080909,0.892298514210819,2.39399790372491,1930.73427702016,0.0040051
8.82,-0.908556202589671,0.418074774765808,2.26399999978221,10.4224980970019,1.01288788615089,0.105537098401283,0.199999999767225,-0.8226283648499,0.56857943450707,2.264,10.3907963267949,0.198898582314891,0.505607052720026,0.544999999938159,0.0451738137539391,0.856142913856862,2.41108296774248,1933.81305615214,0.004162
8.84,-0.917583102859773,0.399817891587392,2.26799999977734,10.4425464285038,1.01283192501928,0.105621811455475,0.199999999744962,-0.833834675260437,0.552014251929533,2.268,10.4107963267949,0.198880887349862,0.505617508242886,0.544999999945602,0.0451752188464434,0.819618900905657,2.42744142418096,1936.6194332413,0.0040583
8.86,-0.926240165160798,0.381383780223409,2.27199999977204,10.4625956315935,1.01277759782022,0.105706508763493,0.199999999725378,-0.844707462918517,0.535228271011316,2.272,10.4307963267949,0.198864009087765,0.505627313026918,0.54499999995221,0.0451765628237623,0.782741196866985,2.44306603599522,1939.15356910993,0.0038848
8.88,-0.934523913613551,0.36277989586511,2.27599999976637,10.482645681384,1.01272491766854,0.105791155666107,0.199999999708174,-0.855242378854046,0.518228205920975,2.276,10.4507963267949,0.198847949798903,0.505636466361712,0.544999999958103,0.0451778454509711,0.745524665277383,2.45794986292847,1941.41573653176,0.004015
8.9,-0.942431023091468,0.344013762131712,2.27999999976039,10.5026965527694,1.01267389692007,0.105875717708976,0.199999999693091,-0.865435209241112,0.501020856457885,2.28,10.4707963267949,0.198832711405788,0.505644967807339,0.544999999963381,0.045179066520043,0.707984305698113,2.47208626431034,1943.40631948889,0.003971
8.92,-0.949958320571907,0.325092968001292,2.28399999975412,10.5227482204362,1.01262454717058,0.105960160656079,0.199999999679908,-0.875281877083464,0.4836131053324,2.284,10.4907963267949,0.198818295484486,0.505652817193711,0.544999999968131,0.0451802258498385,0.670135247657821,2.48546890173266,1945.1258123868,0.0039302
8.94,-0.957102786424116,0.306025164714887,2.2879999997476,10.5428006588749,1.01257687925511,0.106044450502984,0.199999999668435,-0.884778443845253,0.466011915412871,2.288,10.5107963267949,0.198804703266057,0.505660014619779,0.544999999972419,0.0451813232860527,0.631992744542406,2.49809174160201,1946.57481922777,0.0038455
8.96,-0.963861555633366,0.286818062655134,2.29199999974087,10.5628538423919,1.01253090324763,0.106128553489967,0.199999999658506,-0.893921111026392,0.448224326940585,2.292,10.5307963267949,0.198791935638144,0.505666560452642,0.544999999976316,0.0451823587011961,0.593572167434652,2.5099490575679,1947.7540527435,0.0038103
8.98,-0.970231918960723,0.267479428200812,2.29599999973395,10.5829077451205,1.01248662846105,0.106212436114977,0.19999999964998,-0.90270622168191,0.430257454713769,2.296,10.5507963267949,0.198779993146695,0.505672455326492,0.544999999979873,0.0451833319944859,0.554888998906173,2.52103543282558,1948.66433348737,0.0039485
9,-0.976211324037999,0.248017080558628,2.29999999972688,10.6029623410331,1.01244406344756,0.106296065146423,0.199999999642735,-0.911130261884677,0.412118485241757,2.3,10.5707963267949,0.198768875997819,0.505677700141458,0.54499999998314,0.0451842430918197,0.515958826764268,2.53134576229262,1949.30658888701,0.0039752
9.02,-0.981797376397439,0.228438888573631,2.30399999971968,10.6230176039522,1.01240321599933,0.106379407635799,0.199999999636665,-0.919189862130932,0.393814673870488,2.304,10.5907963267949,0.198758584059765,0.505682296062331,0.54499999998615,0.0451850919456626,0.476797337756277,2.54087525465828,1949.68185225781,0.0039571
9.04,-0.986987840435714,0.208752767519627,2.30799999971236,10.6430735075629,1.01236409314952,0.10646243093013,0.199999999631679,-0.926881798688036,0.375353341880461,2.308,10.6107963267949,0.198749116865023,0.505686244517159,0.544999999988947,0.0451858785349691,0.437420311234065,2.54961943430492,1949.79126177791,0.0038346
9.06,-0.991780640311861,0.188966675870972,2.31199999970495,10.6631300254239,1.01232670117364,0.10654510268423,0.1999999996277,-0.934202994883924,0.356741873558329,2.312,10.6307963267949,0.198740473612543,0.505689547195709,0.544999999991552,0.0451866028650527,0.397843612781267,2.55757414310068,1949.63605942547,0.0040793
9.08,-0.996173860778797,0.169088612057153,2.31599999969748,10.6831871309794,1.01229104559128,0.106627390872772,0.199999999624659,-0.941150522337732,0.337987713243268,2.316,10.6507963267949,0.198732653170105,0.50569220604782,0.544999999993988,0.045187264967475,0.358083187805937,2.5647355420626,1949.2175898787,0.0037742
9.1,-1.00016574794809,0.149126611201536,2.31999999968995,10.703244797571,1.01225713116811,0.106709263802172,0.199999999622494,-0.947721602131112,0.319098362349352,2.32,10.6707963267949,0.198725654076765,0.505694223281648,0.544999999996274,0.0451878648999232,0.318155055101279,2.57110011288967,1948.5372993795,0.0037489
9.12,-1.0037547099877,0.129088741845705,2.32399999968238,10.7233029984489,1.01222496191825,0.106790690122264,0.199999999621153,-0.953913605919759,0.300081376365083,2.324,10.6907963267949,0.198719474545458,0.505695601361755,0.54499999999845,0.0451884027460421,0.27807530037712,2.57666465936514,1947.59673456121,0.0038608
9.14,-1.00693931775242,0.108983102660775,2.3279999996748,10.743361706784,1.01219454110691,0.106871638837774,0.199999999620595,-0.959724056984716,0.280944361831302,2.328,10.7107963267949,0.198714112465668,0.505696343007127,0.545000000000509,0.045188878615296,0.237860069764821,2.58142630862749,1946.39754124133,0.004275
9.16,-1.00971830534683,0.0888178191471301,2.33199999966722,10.7634208956795,1.01216587125343,0.106952079319584,0.199999999620778,-0.965150631223029,0.261694973298663,2.332,10.7307963267949,0.19870956540627,0.505696451189037,0.545000000002475,0.0451892926427946,0.197525563298318,2.58538251230963,1944.9414631798,0.0042972
9.18,-1.01209057062044,0.0686010403239609,2.33599999965964,10.7834805381822,1.01213895413458,0.107031981315789,0.19999999962167,-0.970191158077357,0.242340910265924,2.336,10.7507963267949,0.198705830618431,0.505695929128819,0.545000000004346,0.0451896449891143,0.157088028374004,2.58853104754593,1943.2303408036,0.0043294
9.2,-1.01405517559506,0.0483409354100575,2.33999999965209,10.8035406072945,1.0121137907882,0.10711131496252,0.199999999623234,-0.974843621404164,0.222889914100246,2.34,10.7707963267949,0.198702905038647,0.505694780295505,0.545000000006146,0.0451899358401015,0.116563753192157,2.59087001784661,1941.26610989845,0.0041349
9.22,-1.01561134682403,0.0280456904972565,2.34399999964458,10.8236010759857,1.01209038151709,0.107190050794558,0.199999999625447,-0.97910616028015,0.203349764940756,2.344,10.7907963267949,0.198700785291857,0.505693008403382,0.545000000007873,0.0451901654066777,0.075969060182634,2.59239785383916,1939.05080026822,0.0039589
9.24,-1.01675847568339,0.00772350521797453,2.34799999963711,10.8436619172037,1.01206872589331,0.107268159755716,0.199999999628281,-0.982977069746599,0.183728278586583,2.348,10.8107963267949,0.198699467694707,0.505690617409405,0.54500000000954,0.0451903339246243,0.0353202994175637,2.59311331387672,1936.58653436295,0.003897
9.26,-1.01749611859482,-0.0126174105917488,2.35199999962971,10.8637231038862,1.01204882276268,0.107345613208984,0.199999999631716,-0.986454801491336,0.164033303370653,2.352,10.8307963267949,0.198698948258868,0.505687611510521,0.545000000011152,0.0451904416543573,-0.0053661579862518,2.59301548451289,1933.87552587606,0.0037671
9.28,-1.01782399718031,-0.0329688402322774,2.35599999962239,10.8837846089728,1.01203067024964,0.107422382946444,0.19999999963573,-0.989537964468031,0.144272717020457,2.356,10.8507963267949,0.198699222694482,0.50568399514088,0.545000000012703,0.0451904888806905,-0.0460739264724813,2.59210378084314,1930.92007831174,0.0042789
9.3,-1.01774199834857,-0.0533225634820498,2.35999999961515,10.9038464054155,1.01201426576236,0.107498441198944,0.199999999640303,-0.992225325452603,0.124454423507062,2.36,10.8707963267949,0.19870028641369,0.505679772968951,0.545000000014214,0.0451904759125979,-0.0867866126552334,2.5903779467125,1927.7225835231,0.0038969
9.32,-1.01725017431316,-0.0736703599394753,2.363999999608,10.9239084661906,1.01199960599817,0.107573760645528,0.199999999645421,-0.994515809536489,0.104586349883635,2.364,10.8907963267949,0.198702134534245,0.505674949894521,0.545000000015669,0.045190403082956,-0.127487821931116,2.58783805478959,1924.28552022193,0.0038173
9.34,-1.01634874254252,-0.0940040123636346,2.36799999960097,10.9439707643101,1.01198668694924,0.107648314422617,0.199999999651062,-0.996408500556594,0.0846764431147214,2.368,10.9107963267949,0.198704761883262,0.505669531045599,0.545000000017083,0.045190270748264,-0.168161165090656,2.58448450650705,1920.61145246092,0.004416
9.36,-1.01503808564171,-0.114315310012371,2.37199999959405,10.9640332728322,1.01197550390856,0.107722076132944,0.199999999657212,-0.997902641461745,0.0647326668975659,2.372,10.9307963267949,0.198708163001012,0.505663521775443,0.545000000018468,0.0451900792883927,-0.208790264926359,2.58031803186825,1916.70302808904,0.0042681
9.38,-1.01331875116627,-0.134596051976359,2.37599999958726,10.9840959648733,1.0119660514762,0.107795019854237,0.19999999966386,-0.998997634615504,0.0447629984767403,2.376,10.9507963267949,0.198712332144807,0.505656927658607,0.545000000019807,0.0451898291062913,-0.249358762834676,2.57533968912073,1912.56297718094,0.0040508
9.4,-1.01119145136812,-0.154838050507739,2.37999999958061,11.0041588136183,1.0119583235658,0.107867120147632,0.199999999670991,-0.999693042035206,0.0247754254533578,2.38,10.9707963267949,0.198717263292994,0.505649754488217,0.545000000021104,0.0451895206276601,-0.289850325409167,2.56955086429626,1908.19411044123,0.0039682
9.42,-1.00865706287376,-0.175033134341924,2.3839999995741,11.024221792332,1.01195231341134,0.107938352065832,0.199999999678588,-0.999988585567158,0.00477794259012851,2.384,10.9907963267949,0.19872295014903,0.505642008272289,0.545000000022361,0.0451891543007025,-0.330248651022147,2.56295327061789,1903.5993175843,0.0041927
9.44,-1.00571662629502,-0.195173152011166,2.38799999956776,11.04428487437,1.01194801357419,0.10800869116102,0.199999999686638,-0.999884146997886,-0.0152214513864317,2.388,11.0107963267949,0.198729386145624,0.505633695230151,0.545000000023577,0.0451887305957715,-0.370537476392104,2.55554894777438,1898.78156569075,0.0039635
9.46,-1.00237134577238,-0.215249975148511,2.39199999956157,11.0643480331891,1.01194541595037,0.108078113492488,0.199999999695126,-0.999379768101426,-0.0352147569853874,2.392,11.0307963267949,0.198736564448955,0.505624821788779,0.545000000024754,0.0451882500050474,-0.410700583134211,2.54734026106216,1893.74389754096,0.0039246
9.48,-0.998622588451422,-0.235255501780736,2.39599999955556,11.0844112423584,1.01194451177807,0.108146595634007,0.199999999704037,-0.998475650622611,-0.0551939771510745,2.396,11.0507963267949,0.198744477962992,0.50561539457907,0.545000000025904,0.0451877130422409,-0.450721804291215,2.53832990039543,1888.48942992694,0.0038446
9.5,-0.994471883892428,-0.255181659608909,2.39999999954974,11.1044744755696,1.01194529164544,0.108214114680927,0.199999999713363,-0.997172156196378,-0.0751511204618093,2.4,11.0707963267949,0.198753119333853,0.505605420432016,0.545000000027007,0.0451871202422003,-0.490585030842061,2.52852087918473,1883.02135194306,0.0045033
9.52,-0.989920923413573,-0.275020409275196,2.4039999995441,11.1245377066478,1.01194774549854,0.108280648257006,0.199999999723085,-0.995469806203119,-0.095078204326361,2.404,11.0907963267949,0.198762480954281,0.505594906374795,0.545000000028076,0.0451864721606138,-0.530274218185563,2.51791653308462,1877.34292325663,0.0037744
9.54,-0.984971559368046,-0.294763747614558,2.40799999953866,11.1446009095614,1.0119518626496,0.108346174520965,0.199999999733192,-0.993369281560131,-0.114967258176875,2.408,11.1107963267949,0.198772554968153,0.505583859626795,0.545000000029107,0.0451857693736182,-0.569773392596481,2.50652051861093,1871.45747235917,0.0037117
9.56,-0.979625804355443,-0.314403710889978,2.41199999953343,11.1646640584328,1.01195763178546,0.108410672172767,0.199999999743671,-0.990871422449267,-0.134810326656995,2.412,11.1307963267949,0.198783333275075,0.505572287595566,0.545000000030105,0.0451850124774613,-0.609066657651368,2.49433681162826,1865.3683947991,0.004323
9.58,-0.973885830367848,-0.3339323780099,2.41599999952841,11.1847271275485,1.01196504097621,0.108474120459625,0.199999999754509,-0.987977227980866,-0.154599472803899,2.416,11.1507963267949,0.198794807535036,0.505560197872683,0.545000000031068,0.045184202088102,-0.648138200621568,2.4813697057085,1859.07915139697,0.0041713
9.6,-0.967753967871019,-0.353341873726527,2.41999999952362,11.2047900913686,1.01197407768408,0.108536499181726,0.199999999765693,-0.984687855794127,-0.17432678122298,2.42,11.1707963267949,0.198806969173143,0.505547598229544,0.545000000031992,0.0451833388408468,-0.686972298830748,2.46762381036095,1852.59326644371,0.0037929
9.62,-0.961232704821148,-0.372624371813671,2.42399999951905,11.2248529245375,1.0119847287725,0.108597788697681,0.19999999977721,-0.981004621594066,-0.193984361253897,2.424,11.1907963267949,0.198819809384397,0.505534496613105,0.545000000032882,0.0451824233899662,-0.725553325974403,2.45310404913495,1845.91432588314,0.0040185
9.64,-0.954324685617664,-0.391772098222853,2.42799999951471,11.2449156018928,1.01199698051538,0.108657969929696,0.199999999789048,-0.976928998625256,-0.213564350126737,2.428,11.2107963267949,0.19883331913854,0.505520901141568,0.545000000033733,0.0451814564083049,-0.763865758398733,2.4378156575958,1839.04597547929,0.004601
9.66,-0.947032709992593,-0.410777334216349,2.43199999951061,11.2649780984756,1.01201081860659,0.108717024368458,0.199999999801192,-0.97246261708254,-0.233058916107014,2.432,11.2307963267949,0.198847489184962,0.505506820099969,0.545000000034553,0.0451804385868593,-0.801894181336378,2.42176418117495,1831.99191896965,0.0045681
9.68,-0.93935973183701,-0.429632419475904,2.43599999950676,11.2850403895397,1.01202622816957,0.108774934077743,0.199999999813631,-0.967607263458988,-0.252460261628258,2.436,11.2507963267949,0.19886231005765,0.505492261935731,0.545000000035331,0.0451793706343928,-0.839623295096454,2.40495547289528,1824.75591620493,0.0041595
9.7,-0.931308857965148,-0.448329755185859,2.43999999950316,11.3051024505608,1.01204319376719,0.108831681698746,0.19999999982635,-0.96236487983131,-0.271760626410942,2.44,11.2707963267949,0.19887777208022,0.505477235254159,0.545000000036071,0.0451782532770107,-0.877037921206406,2.38739569097256,1817.34178127652,0.0044853
9.72,-0.922883346816733,-0.466861807089414,2.44399999949981,11.325164257246,1.01206169941174,0.108887250454124,0.199999999839336,-0.956737563083061,-0.290952290566489,2.444,11.2907963267949,0.198893865370972,0.505461748813876,0.545000000036776,0.0451770872577604,-0.914123008503187,2.36909129629419,1809.75338063218,0.0043979
9.74,-0.914086607098185,-0.485221108516808,2.44799999949673,11.3452257855426,1.01208172857511,0.108941624151757,0.199999999852575,-0.950727564065908,-0.310027577685123,2.448,11.3107963267949,0.198910579848014,0.505445811522212,0.545000000037439,0.0451758733361776,-0.950863639171302,2.35004904977613,1801.99463118111,0.0040586
9.76,-0.904922196363295,-0.503400263384189,2.45199999949392,11.365287011647,1.01210326419909,0.108994787188235,0.199999999866053,-0.944337286699328,-0.328978857906327,2.452,11.3307963267949,0.1989279052344,0.505429432430543,0.545000000038063,0.0451746122878861,-0.987245034725295,2.33027600959934,1794.06949838903,0.0044362
9.78,-0.895393819534058,-0.521391949161953,2.45599999949138,11.3853479120137,1.01212628870591,0.109046724552054,0.199999999879756,-0.937569287009064,-0.347798550970695,2.456,11.3507963267949,0.198945831063383,0.505412620729574,0.545000000038657,0.045173304904139,-1.02325256193425,2.30977952832692,1785.98199436433,0.004341
9.8,-0.885505327362333,-0.539188919811375,2.45999999948911,11.4054084633633,1.01215078400881,0.109097421826535,0.199999999893672,-0.930426272104754,-0.366479129251927,2.46,11.3707963267949,0.198964346683629,0.505395385744602,0.545000000039208,0.0451719519913997,-1.05887173868596,2.28856724990306,1777.73617593595,0.0039237
9.82,-0.875260714833047,-0.556784008688352,2.46399999948713,11.4254686426915,1.01217673152288,0.109146865192464,0.199999999907788,-0.922911099097119,-0.385013120767783,2.464,11.3907963267949,0.198983441264538,0.505377736930725,0.545000000039718,0.0451705543708929,-1.09408823978837,2.26664710653522,1769.33614272402,0.0037932
9.84,-0.864664119509678,-0.574170131413091,2.46799999948543,11.4455284272772,1.01220411217589,0.109195041430453,0.199999999922086,-0.915026773955164,-0.40339311216877,2.468,11.4107963267949,0.199003103801553,0.505359683868009,0.545000000040189,0.0451691128781361,-1.128887902706,2.24402731546086,1760.78603520403,0.0038111
9.86,-0.853719819822754,-0.591340288704611,2.47199999948401,11.4655877946902,1.01223290641944,0.109241937923011,0.199999999936554,-0.906776450303821,-0.421611751703392,2.472,11.4307963267949,0.199023323121559,0.505341236256627,0.545000000040624,0.0451676283625157,-1.16325673322905,2.22071637560004,1752.09003276535,0.0037946
9.88,-0.842432233302167,-0.608287569178931,2.47599999948289,11.4856467227995,1.01226309424002,0.109287542656354,0.199999999951178,-0.898163428162547,-0.439661752158748,2.476,11.4507963267949,0.199044087888276,0.505322403911965,0.545000000041012,0.045166101686814,-1.19718091107292,2.19672306409538,1743.25235176506,0.0038509
9.9,-0.830805914754085,-0.625005152109836,2.47999999948206,11.5057051897808,1.01229465517036,0.109331844221925,0.199999999965943,-0.889191152625361,-0.457535893775321,2.48,11.4707963267949,0.1990653866077,0.505303196759713,0.54500000004136,0.0451645337267663,-1.2306467954059,2.17205643274084,1734.2772435778,0.0037619
9.92,-0.818845554383289,-0.641486310151144,2.48399999948153,11.5257631741241,1.01232756830082,0.109374831817639,0.199999999980832,-0.879863212482849,-0.47522702713478,2.484,11.4907963267949,0.199087207633566,0.505283624830904,0.545000000041663,0.045162925370568,-1.26364093030283,2.14672580430085,1725.16899264259,0.0038684
9.94,-0.806555975861766,-0.657724412019386,2.48799999948129,11.5458206546411,1.01236181229085,0.109416495248865,0.199999999995831,-0.870183338786697,-0.49272807601966,2.488,11.5107963267949,0.199109539172873,0.505263698256941,0.545000000041931,0.0451612775184368,-1.29615005012265,2.12074076872131,1715.93191450741,0.0038043
9.96,-0.793942134344437,-0.673712925135881,2.49199999948136,11.5658776104725,1.01239736538064,0.109456824929118,0.200000000010926,-0.860155403357321,-0.510032040243753,2.492,11.5307963267949,0.199132369291386,0.505243427264619,0.545000000042145,0.045159591082135,-1.32816108480749,2.09411117923408,1706.57035387234,0.0037619
9.98,-0.781009114432876,-0.689445418227142,2.49599999948173,11.5859340210944,1.01243420540278,0.109495811880493,0.200000000026098,-0.849783417235186,-0.527131998452086,2.496,11.5507963267949,0.199155685919215,0.505222822171098,0.545000000042319,0.0451578669844913,-1.35966116510152,2.06684714835667,1697.0886826322,0.0037789
10,-0.767762128087945,-0.704915563882636,2.49999999948241,11.6059898663261,1.01247230979405,0.109533447733824,0.200000000041333,-0.839071529076452,-0.54402111088937,2.5,11.5707963267949,0.199179476856354,0.505201893378893,0.545000000042449,0.0451561061589363,-1.39063762768719,2.03895904378874,1687.49129791938,0.0040504
10.02,-0.754206512492243,-0.720117141068891,2.50399999948339,11.6260451263357,1.01251165560732,0.109569724728579,0.200000000056615,-0.82802402349356,-0.560692622135816,2.504,11.5907963267949,0.199203729778322,0.505180651370824,0.545000000042531,0.04515430954903,-1.42107802023702,2.01045748420711,1677.78262014774,0.003972
10.04,-0.74034772786332,-0.735044037598986,2.50799999948467,11.6460997816471,1.01255221952339,0.109604635712481,0.200000000071926,-0.816645319341443,-0.57713986380921,2.508,11.6107963267949,0.199228432241745,0.50515910670499,0.545000000042564,0.0451524781079807,-1.45097010637892,1.98135333496118,1667.96709105841,0.0037699
10.06,-0.726191355218605,-0.749690252556481,2.51199999948626,11.6661538131462,1.01259397786313,0.109638174140878,0.200000000087249,-0.804939967950047,-0.593356257232177,2.512,11.6307963267949,0.199253571690004,0.505137270009689,0.545000000042558,0.0451506127981518,-1.48030187057301,1.95165770367043,1658.04917176828,0.0038567
10.08,-0.711743094093023,-0.764049898672865,2.51599999948816,11.6862072020868,1.01263690659944,0.109670334075842,0.20000000010257,-0.792912651303862,-0.609335316063561,2.516,11.6507963267949,0.199279135458871,0.505115151978375,0.545000000042501,0.045148714590609,-1.50906152289816,1.92138193572587,1648.03334082193,0.0039689
10.1,-0.697008760210286,-0.778117204657602,2.51999999949037,11.7062599300964,1.01268098136942,0.109701110185011,0.20000000011787,-0.780568180169184,-0.625070648892882,2.52,11.6707963267949,0.199305110782186,0.50509276336474,0.5450000000424,0.0451467844646279,-1.53723750374624,1.89053760969737,1637.92409224789,0.0038285
10.12,-0.681994283108868,-0.791886517479918,2.52399999949288,11.7263119791819,1.01272617748659,0.109730497740188,0.200000000133134,-0.767911492169875,-0.64055596179681,2.524,11.6907963267949,0.199331484797507,0.505070114977319,0.545000000042258,0.0451448234072081,-1.56481848842235,1.85913653264878,1627.7259336199,0.0037535
10.14,-0.666705703723687,-0.805352304601449,2.52799999949569,11.7463633317351,1.01277246995304,0.109758492615664,0.200000000148347,-0.754947649812381,-0.655785060856652,2.528,11.7107963267949,0.199358244551799,0.505047217674591,0.545000000042055,0.0451428324126131,-1.5917933916492,1.82719073536265,1617.44338412408,0.0043141
10.16,-0.651149171924523,-0.818509156158927,2.53199999949881,11.7664139705378,1.01281983347177,0.109785091286296,0.200000000163487,-0.741681838460795,-0.670751854635837,2.532,11.7307963267949,0.199385377007126,0.50502408236006,0.545000000041801,0.0451408124818483,-1.61815137197386,1.7947124674768,1607.08097263265,0.0039809
10.18,-0.63533094401223,-0.831351787096073,2.53599999950223,11.7864638787671,1.01286824245895,0.109810290825354,0.200000000178535,-0.728119364262786,-0.685450356616405,2.536,11.7507963267949,0.199412869046313,0.505000719977121,0.545000000041493,0.0451387646222237,-1.64388183607525,1.76171419253443,1596.64323578504,0.003787
10.2,-0.619257380173811,-0.843875039243929,2.53999999950595,11.8065130399998,1.01291767105628,0.109834088902104,0.200000000193473,-0.7142656520272,-0.699874687593542,2.54,11.7707963267949,0.19944070747867,0.504977141504034,0.545000000041129,0.0451366898468483,-1.66897444297057,1.72820858295011,1586.1347160771,0.0038521
10.22,-0.602934941897421,-0.856073883348836,2.54399999950997,11.8265614382174,1.01296809314332,0.109856483779159,0.200000000208279,-0.700126243054219,-0.714019078027181,2.544,11.7907963267949,0.199468879045666,0.504953357948911,0.545000000040709,0.0451345891741531,-1.69341910811921,1.69420851489352,1575.55995995927,0.0040037
10.24,-0.586370189348409,-0.867943421047334,2.54799999951428,11.8466090578103,1.01301948234989,0.10987747430959,0.200000000222934,-0.685706792918906,-0.727877870349737,2.548,11.8107963267949,0.199497370426619,0.50492938034472,0.545000000040231,0.0451324636274278,-1.71720600742247,1.65972706309318,1564.92351594423,0.0038964
10.26,-0.569569778707494,-0.87947888678724,2.55199999951888,11.8666558835823,1.01307181206847,0.109897059933795,0.200000000237418,-0.671013069209063,-0.74144552122906,2.552,11.8307963267949,0.199526168244373,0.504905219744304,0.545000000039697,0.045130314234316,-1.74032558111747,1.62477749556224,1554.22993272498,0.0038514
10.28,-0.552540459472189,-0.890675649694229,2.55599999952377,11.8867019007542,1.01312505546656,0.109915240676144,0.200000000251709,-0.656050949218258,-0.754716603785701,2.556,11.8507963267949,0.199555259070995,0.50488088721542,0.5450000000391,0.0451281420263651,-1.76276853756397,1.58937326824852,1543.48375730393,0.003823
10.3,-0.53528907172262,-0.901529215383223,2.55999999952895,11.9067470949679,1.01317918549912,0.109932017141389,0.200000000265785,-0.640826417594995,-0.767685809763581,2.56,11.8707963267949,0.199584629433436,0.504856393835808,0.545000000038447,0.0451259480385251,-1.78452585692244,1.55352801961095,1532.68953313378,0.0044118
10.32,-0.517822543352851,-0.912035227713952,2.5639999995344,11.92679145229,1.01323417492094,0.109947390510852,0.200000000279625,-0.62534556394893,-0.780347951653232,2.564,11.8907963267949,0.19961426581919,0.504831750688279,0.545000000037736,0.0451237333087082,-1.80558879472213,1.51725556512474,1521.85179827081,0.0040831
10.34,-0.500147887268904,-0.922189470490048,2.56799999954013,11.9468349592148,1.01328999629907,0.109961362538384,0.20000000029321,-0.609614580415118,-0.79269796476672,2.568,11.9107963267949,0.199644154681934,0.504806968855846,0.545000000036957,0.045121498877283,-1.8259488853177,1.48056989171741,1510.97508354142,0.0041633
10.36,-0.482272198554599,-0.93198786910108,2.57199999954613,11.966877602668,1.01334662202515,0.109973935546118,0.200000000306514,-0.593639759177225,-0.804730909263467,2.572,11.9307963267949,0.199674282447186,0.504782059416858,0.54500000003612,0.0451192457866276,-1.84559794523306,1.44348515213797,1500.06391072239,0.004212
10.38,-0.464202651606408,-0.941426492106943,2.57599999955239,11.9869193700096,1.01340402432781,0.109985112419996,0.200000000319517,-0.577427489950752,-0.816441972126111,2.576,11.9507963267949,0.199704635517893,0.504757033440205,0.545000000035211,0.0451169750806637,-1.86452807639138,1.40601565926165,1489.1227907357,0.0042179
10.4,-0.445946497238492,-0.950501552764053,2.57999999955891,12.0069602490361,1.01346217528501,0.109994896605087,0.200000000332193,-0.560984257427229,-0.827826469085654,2.58,11.9707963267949,0.199735200280055,0.504731901980513,0.545000000034249,0.0451146878043758,-1.88273166922972,1.36817588033232,1478.15622185851,0.0041257
10.42,-0.427511059759121,-0.959209410492809,2.58399999956567,12.0270002279837,1.01352104683633,0.110003292100702,0.200000000344523,-0.544316638680426,-0.8388798464951,2.584,11.9907963267949,0.199765963108275,0.504706676073417,0.545000000033214,0.045112385003367,-1.90020140569736,1.32998043114512,1467.16868794891,0.0041185
10.44,-0.408903734019653,-0.96754657228583,2.58799999957268,12.0470392955305,1.01358061079528,0.110010303455306,0.20000000035648,-0.52743130053561,-0.849597683150864,2.588,12.0107963267949,0.19979691037134,0.504681366730859,0.545000000032113,0.0451100677233998,-1.91693026213669,1.29144407017153,1456.16465668819,0.0040243
10.46,-0.390131982437305,-0.975509694056471,2.59199999957993,12.0670774407982,1.01364083886153,0.110015935761219,0.200000000368041,-0.510334996902903,-0.859975692061185,2.592,12.0307963267949,0.199828028437742,0.504655984936408,0.545000000030942,0.0451077370099309,-1.93291151204541,1.2525816926293,1445.14857784005,0.0038438
10.48,-0.371203331992896,-0.983095581927173,2.5959999995874,12.0871146533547,1.0137017026331,0.110020194649139,0.20000000037918,-0.493034566075809,-0.870009722160873,2.596,12.0507963267949,0.19985930368118,0.504630541640661,0.545000000029705,0.0451053939076714,-1.94813872871923,1.21340832449966,1434.12488152761,0.003882
10.5,-0.352125371204805,-0.990301193457209,2.59999999959509,12.1071509232154,1.01376317361856,0.110023086282461,0.200000000389873,-0.475536927995993,-0.87969575997167,2.6,12.0707963267949,0.199890722486026,0.504605047756661,0.545000000028399,0.0451030394601388,-1.962605787774,1.17393911649418,1423.09797652864,0.004041
10.52,-0.332905747080357,-0.997123638809422,2.60399999960299,12.1271862408447,1.01382522324912,0.11002461735141,0.200000000400097,-0.457849081485386,-0.889029931207599,2.604,12.0907963267949,0.19992227125279,0.50457951415537,0.545000000027015,0.0451006747092062,-1.97630686954625,1.13418933797379,1412.07224858967,0.0042541
10.54,-0.313552162045863,-1.00356018185556,2.60799999961109,12.1472205971576,1.01388782289066,0.110024795066999,0.200000000409822,-0.439978101446758,-0.89800850232462,2.608,12.1107963267949,0.199953936403518,0.5045539516612,0.545000000025563,0.0450983006946687,-1.98923646137145,1.09417437082232,1401.05205875959,0.0039514
10.56,-0.294072370856558,-1.00960824121989,2.61199999961938,12.1672539835207,1.01395094385579,0.110023627154795,0.200000000419025,-0.421931136033846,-0.906627882013998,2.612,12.1307963267949,0.199985704387176,0.504528371047589,0.545000000024044,0.0450959184538214,-2.00138935973906,1.05390970327704,1390.0417417432,0.0040973
10.58,-0.274474177487673,-1.01526539126069,2.61599999962784,12.1872863917527,1.01401455741571,0.110021121848523,0.200000000427681,-0.403715403792196,-0.914884622638781,2.616,12.1507963267949,0.200017561684975,0.50450278303263,0.54500000002246,0.0450935290209937,-2.01276067232351,1.01341092371873,1379.04560427539,0.0039851
10.6,-0.254765432007872,-1.02052936298934,2.61999999963648,12.2073178141259,1.01407863481213,0.110017287883491,0.200000000435767,-0.38533819077183,-0.922775421612807,2.62,12.1707963267949,0.200049494815695,0.504477198274758,0.545000000020794,0.0450911334271684,-2.02334581989059,0.972693714423751,1368.06792351642,0.0053554
10.62,-0.234954027436329,-1.02539804492685,2.62399999964527,12.227348243366,1.01414314726907,0.110012134489851,0.200000000443253,-0.366806847612928,-0.930297122721696,2.624,12.1907963267949,0.20008149034093,0.504451627368498,0.545000000019066,0.0450887326995312,-2.03314053807833,0.931773845280566,1357.11294546883,0.0040792
10.64,-0.215047896584659,-1.02986948389724,2.6279999996542,12.2473776726528,1.01420806600453,0.110005671385703,0.200000000450116,-0.348128786605673,-0.937446717385293,2.628,12.2107963267949,0.200113534870318,0.504426080840257,0.545000000017274,0.0450863278610537,-2.04214087905192,0.890667167473271,1346.18488341652,0.0043
10.66,-0.195055008884995,-1.03394188575798,2.63199999966327,12.2674060956202,1.01427336224219,0.109997908770028,0.200000000456335,-0.329311478725432,-0.944221345861059,2.632,12.2307963267949,0.200145615066697,0.504400569144206,0.545000000015411,0.0450839199301072,-2.05034321303204,0.849389607134662,1335.2879163865,0.0040146
10.68,-0.174983367205427,-1.03761361606688,2.63599999967245,12.287433506356,1.01433900722295,0.109988857315488,0.200000000461883,-0.310362450644462,-0.95061829838793,2.636,12.2507963267949,0.200177717651255,0.504375102658192,0.545000000013488,0.0450815099200356,-2.05774422969599,0.807957158971348,1324.42618763377,0.0040164
10.7,-0.154841004654094,-1.04088320068548,2.63999999968174,12.3074598994018,1.01440497221641,0.109978528161058,0.200000000466738,-0.291289281721345,-0.956635016270188,2.64,12.2707963267949,0.200209829408599,0.50434969167974,0.545000000011503,0.045079098838762,-2.06434093945128,0.766385879863456,1313.60380314988,0.0040123
10.72,-0.134635981373161,-1.04374932631873,2.64399999969111,12.3274852697523,1.01447122853222,0.109966932904524,0.200000000470879,-0.272099600969346,-0.962269092900901,2.644,12.2907963267949,0.200241937191787,0.504324346422109,0.545000000009465,0.0450766876883917,-2.07013067458112,0.724691882441475,1302.82483019558,0.0038347
10.74,-0.114376381323963,-1.04621084099074,2.64799999970056,12.347509612855,1.01453774753142,0.109954083594843,0.200000000474287,-0.252801084004902,-0.967518274724538,2.648,12.3107963267949,0.200274027927302,0.504299077010413,0.545000000007381,0.0450742774648326,-2.07511109026153,0.682891328642794,1292.09329585794,0.0038402
10.76,-0.0940703090645538,-1.04826675445661,2.65199999971007,12.367532924609,1.01460450063762,0.109939992724358,0.200000000476944,-0.233401449977495,-0.972380462138356,2.652,12.3307963267949,0.200306088619975,0.504273893477827,0.54500000000524,0.045071869157397,-2.07928016544965,0.641000423250481,1281.41318563261,0.003871
10.78,-0.0737258865209363,-1.04991623855016,2.65599999971963,12.3875552013639,1.01467145934808,0.109924673220894,0.20000000047883,-0.213908458482075,-0.976853710332219,2.656,12.3507963267949,0.200338106357862,0.504248805761841,0.545000000003065,0.0450694637484408,-2.0826362036431,0.599035407416881,1270.78844203135,0.0041636
10.8,-0.0533512497532232,-1.05115862746756,2.65999999972922,12.407576439919,1.01473859524468,0.109908138439719,0.200000000479934,-0.194329906455337,-0.980936230066491,2.66,12.3707963267949,0.200370068317048,0.504223823700609,0.545000000000856,0.045067062212986,-2.08517783350998,0.557012552174574,1260.22296321551,0.0040479
10.82,-0.0329545457179927,-1.05199341798672,2.66399999973882,12.4275966375215,1.01480588000487,0.109890402155389,0.200000000480242,-0.174673625057045,-0.984626388387713,2.664,12.3907963267949,0.200401961766406,0.504198957029357,0.544999999998624,0.0450646655183464,-2.08690400938954,0.514948151937286,1249.72060165563,0.0038794
10.84,-0.0125439290280922,-1.05242026962258,2.66799999974842,12.447615791865,1.01487328541235,0.109871478553469,0.200000000479746,-0.154947476537683,-0.987922709281756,2.668,12.4107963267949,0.200433774072274,0.504174215376861,0.54499999999637,0.0450622746237829,-2.08781401166323,0.472858517993295,1239.28516281774,0.0038228
10.86,0.00787244128885297,-1.05243900471815,2.671999999758,12.4676339010876,1.01494078336782,0.109851382222153,0.200000000478439,-0.135159351093645,-0.990823874264213,2.672,12.4307963267949,0.200465492703097,0.504149608262023,0.54499999999412,0.0450598904801491,-2.08790744699608,0.430759971993918,1228.92040387663,0.00396
10.88,0.0282864050319721,-1.05204960847143,2.67599999976755,12.4876509637702,1.01500834589944,0.109830128143763,0.200000000476323,-0.11531716371127,-0.993328722907773,2.676,12.4507963267949,0.200497105233991,0.504125145090496,0.544999999991877,0.0450575140295367,-2.08718424844854,0.388668839439631,1218.63003245641,0.0039669
10.9,0.0486898040674741,-1.05125222889823,2.67999999977705,12.5076669789342,1.01507594517329,0.109807731686155,0.200000000473398,-0.0954288510009524,-0.995436253306377,2.68,12.4707963267949,0.200528599351239,0.504100835151493,0.544999999989656,0.0450551462049473,-2.08564467545851,0.346601443166408,1208.4177053988,0.003927
10.92,0.069074485566515,-1.05004717673097,2.68399999978648,12.5276819460393,1.01514355350368,0.109784208594023,0.200000000469675,-0.0755023680226002,-0.997145622475965,2.684,12.4907963267949,0.200559962856713,0.504076687614451,0.544999999987477,0.045052787929954,-2.08328931369396,0.304574096834812,1198.28702755947,0.004061
10.94,0.0894323052393657,-1.04843492525357,2.68799999979583,12.5476958649808,1.01521114336327,0.109759574980106,0.200000000465167,-0.0555456851037256,-0.99845614669166,2.688,12.5107963267949,0.200591183672235,0.504052711525707,0.544999999985339,0.0450504401183794,-2.08011907477598,0.262603098424421,1188.24155063265,0.0040691
10.96,0.109755130564637,-1.04641611007251,2.69199999980508,12.567708736087,1.01527868739317,0.109733847316299,0.200000000459889,-0.0355667846514069,-0.99936730176125,2.692,12.5307963267949,0.200622249843968,0.50402891580781,0.544999999983366,0.0450481036739437,-2.07613519587266,0.220704723736139,1178.28477200447,0.0040486
10.98,0.13003484401233,-1.04399152882436,2.69599999981422,12.5877205601168,1.01534615841282,0.109707042424776,0.200000000453901,-0.015573657959447,-0.999878723234854,2.696,12.5507963267949,0.200653149546444,0.504005309253368,0.544999999981612,0.045045779490013,-2.07133923916383,0.178895219904926,1168.42013363514,0.0039906
11,0.150263346259469,-1.04116214081968,2.69999999982323,12.6077313382559,1.01541352942977,0.109679177468893,0.200000000447281,0.00442569798805079,-0.999990206550703,2.7,12.5707963267949,0.200683871086657,0.503981900518175,0.544999999979817,0.0450434684493595,-2.06573309117711,0.137190798925506,1158.65102097028,0.0039961
11.02,0.170432559397109,-1.03792906662377,2.7039999998321,12.6277410721146,1.01548077364933,0.109650269943859,0.200000000440015,0.0244232837153618,-0.999701707116957,2.704,12.5907963267949,0.200714402908542,0.503958698127606,0.544999999978028,0.045041171423624,-2.05931896199539,0.0956076311935859,1148.98076188198,0.0039533
11.04,0.190534430127476,-1.03429358757429,2.70799999984082,12.6477497637236,1.01554786448405,0.109620337667707,0.200000000432105,0.0444111004548262,-0.999013340329543,2.708,12.6107963267949,0.200744733596634,0.503935710469633,0.544999999976297,0.0450388892732291,-2.05209938433638,0.0541618390650984,1139.41262563932,0.0039109
11.06,0.210560932950033,-1.03025714523613,2.71199999984938,12.6677574155315,1.01561477556312,0.109589398772033,0.200000000423572,0.0643811533462487,-0.997925381525997,2.712,12.6307963267949,0.200774851880288,0.503912945794508,0.544999999974704,0.0450366228469994,-2.04407721250433,0.0128694904360042,1129.94982190909,0.0038646
11.08,0.230504073335268,-1.02582134079362,2.71599999985776,12.6877640304001,1.01568148074154,0.10955747169276,0.200000000414466,0.0843254546347384,-0.996438265875335,2.716,12.6507963267949,0.200804746637778,0.503890412213945,0.544999999973427,0.04503437298186,-2.03525562121466,-0.02825340765485,1120.59549978662,0.0039653
11.1,0.250355890884989,-1.02098793438054,2.71999999986595,12.7077696116015,1.01574795410927,0.109524575160923,0.2000000004049,0.104236026865697,-0.994552588203989,2.72,12.6707963267949,0.200834406897409,0.503868117674994,0.54499999997211,0.0450321405031131,-2.02563810429184,-0.0691909153973167,1111.35274685596,0.0038572
11.12,0.27010846247793,-1.01575884434815,2.72399999987395,12.7277741628139,1.01581417,0.109490728192397,0.200000000394859,0.124104906075706,-0.992269102757886,2.724,12.6907963267949,0.200863821845149,0.503846069990617,0.544999999970836,0.0450299262231109,-2.01522847324121,-0.109927166553492,1102.22458828276,0.0039213
11.14,0.289753905399495,-1.01013614647157,2.72799999988174,12.7477776881175,1.01588010300005,0.109455950078959,0.200000000384361,0.143924144977993,-0.989588722900758,2.728,12.7107963267949,0.200892980826097,0.503824276823479,0.544999999969651,0.0450277309418255,-2.00403085569522,-0.150446374770748,1093.2139859363,0.004541
11.16,0.309284380454433,-1.00412207309485,2.73199999988932,12.7677801919902,1.01594572795694,0.109420260378742,0.200000000373435,0.163685816141252,-0.98651252074881,2.732,12.7307963267949,0.20092187334836,0.503802745683588,0.544999999968564,0.0450255554463552,-1.99204969373485,-0.19073283986179,1084.32383754289,0.0040799
11.18,0.328692095061286,-0.997719012215171,2.73599999989668,12.7877816793036,1.01601101998784,0.109383678906613,0.200000000362118,0.183382015160503,-0.983041726741888,2.736,12.7507963267949,0.200950489086513,0.503781483926581,0.544999999967644,0.0450234005107005,-1.97928974208692,-0.230770954049304,1075.55697587039,0.0040125
11.2,0.347969306327446,-0.990929506506472,2.7399999999038,12.8077821553183,1.01607595448791,0.109346225724554,0.20000000035047,0.20300486381875,-0.979177729151317,2.74,12.7707963267949,0.200978817884466,0.503760498747913,0.544999999966752,0.0450212668955969,-1.96575606619794,-0.270545208172751,1066.91616794362,0.0039541
11.22,0.367108324103649,-0.983756252282973,2.74399999991069,12.8277816256793,1.0161405071384,0.109307921131837,0.200000000338501,0.222546513238166,-0.974922073524615,2.744,12.7907963267949,0.201006849759107,0.503739797183944,0.54499999996582,0.0450191553482025,-1.9514540401854,-0.310040197854913,1058.4041142916,0.0041273
11.24,0.386101514016767,-0.976202098403043,2.74799999991734,12.8477800964111,1.01620465391466,0.109268785655304,0.200000000326196,0.241999147019533,-0.97027646206729,2.748,12.8107963267949,0.201034483232794,0.503717905562443,0.544999871027525,0.0450171013695899,-1.93638934466732,-0.349240629625773,1050.02343250754,0.0036725
11.26,0.404941300620897,-0.968270045718821,2.75199999945956,12.8677775746601,1.01626836690382,0.109228777387892,0.199999953896105,0.261354984368707,-0.965242752961986,2.752,12.8307963267949,0.201061970383397,0.503698186725297,0.544999942019512,0.0450150011839728,-1.92056796446902,-0.388131327009452,1041.77672273175,0.0035647
11.28,0.423620170236205,-0.959963245079606,2.75599999832875,12.887774067096,1.01633162902833,0.109187996366841,0.199999933023129,0.280606283208818,-0.959822959625228,2.756,12.8507963267949,0.20108907460602,0.503678699692479,0.54499998923922,0.0450129613977708,-1.90399618620632,-0.426697236577455,1033.66646308951,0.0034807
11.3,0.442130673741648,-0.951284995498108,2.75999999695048,12.9077695800912,1.01639441512038,0.109146461350623,0.199999929149248,0.299745343277015,-0.954019249902089,2.76,12.8707963267949,0.201115839688234,0.503659467414104,0.545000018746135,0.0450109451984308,-1.88668059576173,-0.464923433897425,1025.69508064999,0.003545
11.32,0.460465429666942,-0.942238743621959,2.76399999560095,12.9277641211728,1.01645670250354,0.109104191213726,0.199999935897857,0.31876450920445,-0.947833945199076,2.764,12.8907963267949,0.201142256742245,0.503640502498862,0.545000035205362,0.045008954545282,-1.86862807563949,-0.502795129454829,1017.8649332404,0.0035733
11.34,0.478617127120161,-0.932828082330213,2.76799999444564,12.9477576981907,1.01651846879002,0.109061205327184,0.199999948571787,0.337656173578341,-0.941269519555602,2.768,12.9107963267949,0.201168316066968,0.503621812294223,0.545000042005399,0.0450069903356014,-1.84984580220073,-0.540297674530406,1010.17830766339,0.0034756
11.36,0.496578528667873,-0.923056749285674,2.7719999935683,12.967750319346,1.01657969185568,0.109017523299245,0.199999963693731,0.356412779984822,-0.934328598654398,2.772,12.9307963267949,0.201194009972023,0.503603402593942,0.54500004114395,0.0450050532249853,-1.83034124278262,-0.577416567020645,1002.63742064849,0.0034504
11.38,0.514342473186889,-0.912928625433564,2.77599999299029,12.987741993191,1.01664034992114,0.108973164903032,0.199999978505553,0.375026826031416,-0.927013958771281,2.776,12.9507963267949,0.201219332264049,0.503585293895632,0.545000036770863,0.0450031434705018,-1.81012215270295,-0.61413745719929,995.244418049574,0.0036087
11.4,0.531901878684179,-0.902447733439019,2.77999999269278,13.0077327286146,1.01670042161563,0.108928150697148,0.199999991743063,0.393490866347889,-0.919328525664676,2.78,12.9707963267949,0.201244275393911,0.503567499306909,0.545000030891213,0.0450012618076437,-1.78919657215114,-0.650446153417615,988.001373663762,0.003509
11.42,0.549249745083274,-0.891618236066944,2.78399999263885,13.0277225348315,1.01675988593023,0.108882501713493,0.2000000028639,0.4117975155643,-0.911275373405356,2.784,12.9907963267949,0.201268831300211,0.503550025351866,0.545000024176013,0.0449994089651678,-1.76757282296727,-0.686328627740973,980.91028862149,0.0034613
11.44,0.566379156979029,-0.880444434513403,2.78799999278316,13.047711421382,1.01681872220019,0.108836239170997,0.200000011567265,0.429939451265043,-0.90285772314685,2.788,13.0107963267949,0.201292992346306,0.503532880056389,0.545000017328978,0.0449975854867909,-1.74525950531016,-0.721771021519581,973.973091361822,0.0034478
11.46,0.583283286359161,-0.868930766685384,2.79199999307689,13.067699398128,1.01687691012212,0.108789384534046,0.200000017805697,0.447909416917731,-0.894078941837027,2.792,13.0307963267949,0.201316750619456,0.503516065003126,0.545000010512416,0.0449957920728899,-1.72226549421599,-0.756759650891541,967.191636938026,0.0036055
11.48,0.59995539529181,-0.857081805429439,2.79599999347085,13.0876864752485,1.01693442974092,0.108741959238116,0.200000021590167,0.465700224775697,-0.884942540871364,2.796,13.0507963267949,0.201340099570797,0.503499607475202,0.54500000542487,0.0449940287856351,-1.69859993604875,-0.79128101221601,960.5677075426,0.0035555
11.5,0.616388838573473,-0.844902256700842,2.79999999392218,13.1076726632258,1.01699126150905,0.108693985772026,0.20000002354312,0.483304758753006,-0.875452174688429,2.8,13.0707963267949,0.201363031488713,0.503483514331918,0.545000001804227,0.0449922964750146,-1.67427224484386,-0.825321787434404,954.103011494491,0.0035251
11.52,0.632577066338545,-0.832396957679583,2.80399999439954,13.1276579728355,1.01704738624741,0.108645486816702,0.200000024192642,0.500715977270791,-0.865611639308158,2.804,13.0907963267949,0.201385539263846,0.503467790055643,0.544999999286943,0.0449905956870115,-1.64929209854677,-0.858868849357181,947.799183078754,0.0035108
11.54,0.648513626635145,-0.819570874844232,2.80799999488082,13.1476424151485,1.01710278516838,0.108596485135107,0.200000023935941,0.517926916073792,-0.855424870813499,2.808,13.1107963267949,0.201407616052635,0.503452438944224,0.544999997593616,0.0449889269263265,-1.62366943514784,-0.891909266874472,941.657782350769,0.003811
11.56,0.664192167962921,-0.806429101996517,2.81199999535088,13.1676260015249,1.01715743988322,0.108547003561897,0.200000023069643,0.534930691015964,-0.844895943776027,2.812,13.1307963267949,0.201429255226838,0.503437465113364,0.544999996510222,0.0449872906831685,-1.59741444871482,-0.924430310088683,935.680294923331,0.0035445
11.58,0.679606441771324,-0.792976858236629,2.81599999579971,13.1876087436074,1.01721133240707,0.108497064993757,0.200000021813323,0.551720500814045,-0.834029069626173,2.816,13.1507963267949,0.201450450143821,0.503422866316928,0.544999995460266,0.044985687559553,-1.57053758532476,-0.956419455367088,929.868131674105,0.0034267
11.6,0.694750304918824,-0.779219485892212,2.81999999621963,13.2075906533178,1.01726444515238,0.108446692118557,0.200000020179019,0.568289629767974,-0.822828594968709,2.82,13.1707963267949,0.201471194311233,0.50340862929212,0.544999993164127,0.0449841182812068,-1.5430495388967,-0.987864390312493,924.222628756527,0.0032736
11.62,0.709617722095042,-0.765162448405288,2.8239999965986,13.2275717428581,1.01731676092213,0.108395906946672,0.200000017718104,0.584631450447091,-0.811298999844158,2.824,13.1907963267949,0.201491482541689,0.503394762406384,0.544999990104575,0.0449825829668047,-1.51496124692672,-1.01875301865021,918.745047721811,0.0034042
11.64,0.724202768198555,-0.750811328167963,2.82799999691734,13.2475520247019,1.01736826295228,0.108344731722196,0.200000014155751,0.60073942634101,-0.799444895936846,2.828,13.2107963267949,0.201511309024075,0.50338126867731,0.544999986406518,0.0449810821445946,-1.48628388612696,-1.04907346502955,913.436574901541,0.0034555
11.66,0.738499630667503,-0.736171824306276,2.83199999715152,13.2675315115821,1.01741893488367,0.108293188701054,0.200000009262098,0.616607114474145,-0.787271024730282,2.832,13.2307963267949,0.201530668332362,0.503368152489117,0.544999982389287,0.0449796161967394,-1.45702886797054,-1.07881407973764,908.298321578811,0.0033588
11.68,0.752502611766712,-0.721249750420251,2.83599999727336,13.2875102164855,1.01746876077336,0.108241300205446,0.200000002922241,0.632228167982809,-0.774782255610634,2.836,13.2507963267949,0.201549553590172,0.50335540542162,0.544999976680183,0.0449781858481833,-1.42720783414406,-1.10796344332374,903.331323323739,0.0033165
11.7,0.766206130832462,-0.706051032283467,2.83999999724786,13.3074881526522,1.01751772502844,0.108189088080654,0.199999994527107,0.647596338653876,-0.761983583919033,2.84,13.2707963267949,0.201567959239953,0.503343026143596,0.544999969323719,0.0449767913504831,-1.39683265190954,-1.13651037113231,898.53654105668,0.0034519
11.72,0.77960472647299,-0.690581705500762,2.84399999702796,13.3274653335718,1.01756581244795,0.10813657399168,0.199999983483646,0.662705479423984,-0.748880128953511,2.844,13.2907963267949,0.201585880887117,0.503331020137096,0.544999961708768,0.0449754328888611,-1.36591540937732,-1.16444391774327,893.914861049983,0.0034945
11.74,0.792693058719204,-0.674847913118099,2.84799999655979,13.3474417729689,1.01761300826291,0.108083779716228,0.199999969698802,0.677549546838278,-0.735477131921342,2.848,13.3107963267949,0.20160331494155,0.503319389930342,0.54499995437157,0.0449741108294194,-1.33446841069208,-1.1917533813176,889.467094950216,0.0034702
11.76,0.805465911127165,-0.658855903189025,2.8519999957895,13.3674174847927,1.01765929816378,0.108030727022151,0.199999953272567,0.692122603467712,-0.721779953842635,2.852,13.3307963267949,0.201620257243041,0.503308132751765,0.544999947570648,0.044972825631617,-1.30250417113367,-1.21842830784643,885.193979109816,0.0033148
11.78,0.817918192834505,-0.642612026302747,2.85599999466621,13.3873924832127,1.0177046682702,0.1079774374409,0.199999934398,0.706418820283935,-0.707794073405996,2.856,13.3507963267949,0.201636804687996,0.503298892392313,0.545000082120081,0.0449715404940415,-1.27003541213485,-1.24445849530208,881.096190205178,0.0038472
11.8,0.830044940088507,-0.62612273257761,2.8599999936498,13.4073667818171,1.01774910974938,0.107924001910443,0.19999996396123,0.720432478990839,-0.693525084777122,2.86,13.3707963267949,0.201652721443487,0.503288690448925,0.545000058789186,0.0449703503267796,-1.23707505622409,-1.26983399768272,877.174288617428,0.003865
11.82,0.841841318570203,-0.609394569547037,2.86399999314066,13.4273403949421,1.01779260510895,0.107870385544175,0.199999985125336,0.734157974311783,-0.678978695361217,2.864,13.3907963267949,0.201668170444855,0.503278906411755,0.545000041204223,0.0449691732091614,-1.20363622190339,-1.29454512894197,873.428798132039,0.0038828
11.84,0.853302625777603,-0.592434180039692,2.86799999299151,13.4473133378128,1.01783514348098,0.107816610821615,0.199999999958856,0.747589816231644,-0.664160723520095,2.868,13.4107963267949,0.201683112081925,0.503269537292347,0.545000028039443,0.0449680343525028,-1.16973221841495,-1.31858246685239,869.860157420596,0.0037765
11.86,0.864424292493566,-0.575248299119132,2.87199999309162,13.4672856252983,1.01787671294042,0.107762700501357,0.200000010053056,0.760722632192745,-0.649077096244924,2.872,13.4307963267949,0.201697543167831,0.503260585179193,0.545000018264677,0.0449669334012927,-1.13537654044136,-1.3419368567531,866.468730853501,0.0040016
11.88,0.875201884578667,-0.557843751434496,2.87599999335844,13.4872572724618,1.01791730202432,0.107708677280208,0.200000016628339,0.773551169243801,-0.6337338467855,2.876,13.4507963267949,0.2017114606377,0.50325205127377,0.545000011080455,0.0449658705643266,-1.10058286273828,-1.3645994151864,863.254809105051,0.0039094
11.9,0.885631104719758,-0.54022744852427,2.87999999373089,13.5072282945389,1.01795689972828,0.10765456376909,0.200000020617303,0.786070296141038,-0.618137112237035,2.88,13.4707963267949,0.201724861674799,0.503243936611588,0.545000005867528,0.0449648460455275,-1.06536503469614,-1.38656153342741,860.218609453005,0.0038831
11.92,0.89570779412546,-0.522406386086377,2.88399999416436,13.5271987069302,1.01799549550905,0.107600382485482,0.200000022729614,0.798275005400617,-0.602293131085391,2.884,13.4907963267949,0.201737743690634,0.503236242050365,0.545000002147348,0.0449638600353635,-1.02973707483305,-1.4078148809051,857.360276103924,0.0040005
11.94,0.905427934167719,-0.504387641215396,2.88799999462669,13.5471685251941,1.0180330792862,0.107546155845047,0.200000023502659,0.81016041530156,-0.586208240711783,2.888,13.5107963267949,0.201750104324988,0.503228968270613,0.544999999550961,0.0449629127080589,-0.993713165220876,-1.42835140851359,854.679880545947,0.0041207
11.96,0.914787647968809,-0.486178369607957,2.89199999509512,13.5671377650389,1.01806964144362,0.107491906153253,0.200000023341005,0.821721771838378,-0.569888874857894,2.892,13.5307963267949,0.201761941446578,0.503222115787822,0.544999997794949,0.04496200422104,-0.957307645846792,-1.44816335181216,852.177421929224,0.0039373
11.98,0.923783201933166,-0.467785802737369,2.895999995554,13.5871064423161,1.01810517283087,0.107437655597547,0.200000022547186,0.832954450622604,-0.55334156105248,2.896,13.5507963267949,0.201773253149903,0.50321568492941,0.544999996661765,0.0449611347155335,-0.920535008912459,-1.46724323411297,849.85282747244,0.0038724
12,0.932411007223455,-0.449217244998546,2.89999999599293,13.6070745730128,1.01813966476424,0.107383426238616,0.200000021345422,0.843853958732492,-0.536572918000435,2.9,13.5707963267949,0.201784037756594,0.503209675845851,0.544999995985267,0.044960304316084,-0.883409893073021,-1.48558386945511,847.70595289717,0.0039524
12.02,0.940667621180316,-0.430480070824325,2.90399999640539,13.6270421732443,1.0181731090277,0.107329240002167,0.200000019900118,0.854415936510123,-0.5195896529354,2.904,13.5907963267949,0.201794293815161,0.503204088519536,0.544999995639226,0.0449595131305996,-0.845947077618194,-1.5031783654639,845.736582888408,0.0039695
12.04,0.948549748685216,-0.411581721774237,2.90799999678769,13.6470092592472,1.01820549787365,0.107275118671139,0.200000018330239,0.864636159305211,-0.50239855893696,2.908,13.6107963267949,0.201804020099579,0.503198922760854,0.544999995528179,0.0449587612506373,-0.8081614765977,-1.52002012609421,843.944431580876,0.0039839
12.06,0.956054243465892,-0.392529703596851,2.9119999971382,13.6669758473716,1.0182368240235,0.107221083877807,0.200000016720384,0.874510539164905,-0.485006512213503,2.912,13.6307963267949,0.2018132156088,0.503194178215741,0.544999995580681,0.04495804875129,-0.770068132893332,-1.53610285425696,842.329143071273,0.0042865
12.08,0.963178109343858,-0.373331583266796,2.91599999745669,13.6869419540743,1.01826708066798,0.10716715709626,0.200000015129429,0.884035126468919,-0.467420469351827,2.916,13.6507963267949,0.201821879565118,0.503189854349183,0.544999995742774,0.0449573756916126,-0.731682212239957,-1.55142055432742,840.890291955637,0.0041684
12.1,0.969918501423487,-0.353994985997569,2.91999999774396,13.706907595911,1.0182962614674,0.10711335963424,0.200000013596828,0.893206111509322,-0.449647464534601,2.92,13.6707963267949,0.2018300114141,0.503185950462138,0.544999995974792,0.0449567421142675,-0.693018997197793,-1.56596753453462,839.627383892109,0.0039921
12.12,0.97627272722222,-0.334527592231284,2.9239999980014,13.7268727895293,1.01832436055158,0.107059712625737,0.200000012147753,0.902019826014379,-0.43169460672678,2.924,13.6907963267949,0.201837610823105,0.503182465689331,0.54499999624776,0.0449561480458323,-0.654093881078289,-1.57973840923079,838.539856188117,0.0039287
12.14,0.982238247741415,-0.314937134606474,2.92799999823085,13.7468375516613,1.01835137251968,0.107006237023563,0.200000010796946,0.9104727446158,-0.413569076832121,2.928,13.7107963267949,0.201844677680112,0.50317939899922,0.544999996540745,0.0449555934969045,-0.614922361825988,-1.59272810103991,837.627078411881,0.0043808
12.16,0.98781267847744,-0.295231394905106,2.93199999843434,13.7668018991166,1.01837729243987,0.106952953591971,0.200000009551614,0.918561486258849,-0.39527812482091,2.932,13.7307963267949,0.201851212092565,0.503176749196285,0.544999996838941,0.0449550784621394,-0.57552003585875,-1.60493184288456,836.888353027809,0.0041443
12.18,0.992993790372584,-0.275418200979971,2.93599999861399,13.7867658487747,1.0184021158487,0.106899882899417,0.200000008413633,0.926282815554718,-0.376829066830075,2.936,13.7507963267949,0.20185721438602,0.503174514922263,0.544999997132117,0.0449546029203839,-0.535902591868729,-1.61634517989032,836.322916055413,0.0039842
12.2,0.997779510705407,-0.255505423663596,2.93999999877194,13.8067294175777,1.01842583875043,0.106847045311443,0.200000007381195,0.933633644074637,-0.358229282236829,2.94,13.7707963267949,0.201862685102751,0.503172694657707,0.544999997413458,0.0449541668347876,-0.49608580458653,-1.62696397116678,835.929937751319,0.0039722
12.22,1.00216792392017,-0.235500973659873,2.94399999891025,13.8266926225238,1.01844845761608,0.106794460983666,0.20000000645004,0.94061103158521,-0.339486210707014,2.944,13.7907963267949,0.201867625000267,0.503171286723627,0.544999997678692,0.0449537701529014,-0.456085528510964,-1.63678439146468,835.708523313987,0.0044223
12.24,1.00615727239497,-0.215412798419561,2.94799999903089,13.8466554806591,1.01846996938233,0.106742149854897,0.200000005614369,0.947212187224461,-0.32060734921934,2.948,13.8107963267949,0.20187203504975,0.503170289283174,0.544999997925354,0.0449534128068263,-0.415917691606852,-1.64580293270826,835.657713610729,0.004097
12.26,1.00974595714834,-0.195248879000867,2.95199999913571,13.8666180090712,1.01849037145026,0.106690131640377,0.200000004867497,0.953434470618151,-0.301600249066684,2.952,13.8307963267949,0.201875916434433,0.503169700343386,0.544999998152318,0.0449530947133032,-0.375598288973337,-1.65401640540245,835.776485926596,0.0040343
12.28,1.01293253848392,-0.175017226916289,2.95599999922641,13.886580224882,1.01850966168391,0.106638425825148,0.200000004202331,0.959275392935883,-0.282472512835685,2.956,13.8507963267949,0.201879270547858,0.503169517756995,0.544999998359395,0.0449528157738641,-0.33514337648516,-1.66142193991412,836.063754734735,0.0041769
12.3,1.01571573657297,-0.154725880966925,2.95999999930455,13.9065421452401,1.01852783840862,0.106587051657542,0.200000003611713,0.96473261788661,-0.263231791365801,2.96,13.8707963267949,0.201882098992116,0.5031697392243,0.544999998547016,0.0449525758749845,-0.294569064409407,-1.66801698762697,836.518372487758,0.0040703
12.32,1.01809443197446,-0.134382904065453,2.96399999937155,13.9265037873143,1.01854490040925,0.106536028142811,0.200000003088639,0.969803962653111,-0.243885780689082,2.964,13.8907963267949,0.201884403575949,0.503170362295082,0.544999998716052,0.0449523748881772,-0.253891511000186,-1.67379932196962,837.139130429721,0.0039719
12.34,1.02006766609259,-0.113996380048995,2.9679999994287,13.9464651682863,1.01856084692821,0.106485374036879,0.200000002626418,0.974487398765098,-0.224442218951855,2.968,13.9107963267949,0.201886186312844,0.503171384370564,0.54499999886763,0.04495221267017,-0.21312691607376,-1.67876703931628,837.924759428241,0.0039566
12.36,1.02163464157132,-0.0935744104830741,2.97199999947716,13.9664263053439,1.01857567766333,0.106435107840233,0.200000002218764,0.978781052910571,-0.204908883319571,2.972,13.9307963267949,0.201887449419005,0.503172802705444,0.544999999003027,0.0449520890630529,-0.172291514566644,-1.68291855975991,838.87393082634,0.0040779
12.38,1.02279472262602,-0.0731251114578995,2.97599999951794,13.9863872156737,1.0185893927655,0.106385247791955,0.200000001859854,0.98268320768512,-0.18529358686604,2.976,13.9507963267949,0.201888195311263,0.503174614409971,0.54499999912357,0.0449520038944217,-0.131401570079161,-1.68625262775727,839.985257313531,0.0039533
12.4,1.02354743531176,-0.0526566103781944,2.97999999955198,14.0063479164548,1.01860199283626,0.106335811863878,0.200000001544339,0.986192302278863,-0.165604175448311,2.98,13.9707963267949,0.201888426604944,0.503176816452049,0.544999999230603,0.0449519569775365,-0.0904733684070186,-1.68876831264572,841.25729381572,0.0039061
12.42,1.02389246772842,-0.0321770427477996,2.9839999995801,14.0263084248512,1.01861347892509,0.106286817754896,0.200000001267356,0.98930693310075,-0.145848524568428,2.984,13.9907963267949,0.201888146111633,0.503179405659402,0.544999999325426,0.0449519481114811,-0.0495232110634011,-1.69046500903152,842.688538403447,0.0039479
12.44,1.02382967016222,-0.011694548950287,2.98799999960302,14.0462687580059,1.01862385252666,0.106238282885406,0.20000000102451,0.99202585433998,-0.126034536223339,2.988,14.0107963267949,0.201887356836879,0.503182378721789,0.54499999940927,0.0449519770813431,-0.0085674087941374,-1.69134243704942,844.277433218003,0.0039994
12.46,1.02335905516376,0.00878272897318027,2.99199999962138,14.0662289330331,1.0186331155778,0.106190224391891,0.200000000811847,0.994347978464309,-0.106170135744198,2.992,14.0307963267949,0.201886061977875,0.50318573219325,0.544999999483308,0.0449520436583705,0.032377724911526,-1.69140064249341,846.022365414964,0.0041247
12.48,1.02248079756247,0.0292466505475044,2.99599999963576,14.0861889670126,1.01864127045443,0.106142659121655,0.200000000625838,0.996272376655049,-0.0862632686263439,2.996,14.0507963267949,0.201884264920992,0.503189462494382,0.544999999548584,0.0449521476001467,0.0732958803120012,-1.69063999681854,847.921668124659,0.004118
12.5,1.02119523441736,0.049689080087582,2.99999999964665,14.1061488769824,1.01864831996824,0.106095603627692,0.200000000463328,0.997798279178581,-0.0663218973512007,3,14.0707963267949,0.201881969239341,0.503193565914673,0.544999999606106,0.0449522886507698,0.114170757903739,-1.68906119701382,849.973621429097,0.0040045
12.52,1.01950286490408,0.0701018899212642,3.0039999996545,14.1261086799323,1.01865426736324,0.106049074163707,0.200000000321526,0.998925075694241,-0.0463539982013972,3.004,14.0907963267949,0.201879178690201,0.503198038614862,0.544999999656752,0.044952466541042,0.154986074908367,-1.68666526534614,852.176453354869,0.0040404
12.54,1.01740435013838,0.0904769636101023,3.00799999965969,14.1460683927976,1.01865911631219,0.106003086679287,0.200000000197957,0.999652315498447,-0.0263675580703583,3.008,14.1107963267949,0.201875897212431,0.503202876629327,0.544999999701322,0.044952680988638,0.195725571754034,-1.68345354897534,854.528340881554,0.0040586
12.56,1.01490051293583,0.110806199166634,3.01199999966258,14.1660280324523,1.01866287091284,0.10595765681521,0.200000000090433,0.999979707704973,-0.00637057126765391,3.012,14.1307963267949,0.201872128923791,0.503208075868531,0.544999999740539,0.0449529316983207,0.236373018548423,-1.67942771944049,857.027410965122,0.0040782
12.58,1.011992337508,0.131081512266964,3.01599999966345,14.1859876157032,1.018665535684,0.105912799898913,0.199999999997027,0.999907121361303,0.0136289636786195,3.016,14.1507963267949,0.20186787811824,0.503213632121454,0.544999999775051,0.0449532183620943,0.276912221540878,-1.67458977201758,859.67174157585,0.0039631
12.6,1.0086809690951,0.151294839457392,3.01999999966258,14.205947159283,1.01866711556157,0.105868530940103,0.199999999916045,0.999434585501005,0.0336230472211367,3.02,14.1707963267949,0.201863149263133,0.503219541058105,0.544999999805424,0.0449535406594406,0.31732702957111,-1.66894202494884,862.459362750274,0.0038829
12.62,1.00496771353518,0.171438141353841,3.0239999996602,14.2259066798444,1.01866761589425,0.105824864626523,0.199999999845998,0.998562289132123,0.0536036819930686,3.024,14.1907963267949,0.201857946996418,0.503225798232026,0.544999999832164,0.0449538982574986,0.357601340501935,-1.6624871185439,865.388257656639,0.0038487
12.64,1.00085403677005,0.191503405832848,3.02799999965652,14.2458661939538,1.0186670424393,0.105781815319864,0.199999999785577,0.997290581161575,0.0735628760069077,3.028,14.2107963267949,0.201852276123721,0.503232399082844,0.544999999855715,0.0449542908112562,0.397719107633519,-1.65522801415318,868.456363673396,0.005383
12.66,0.996341564288038,0.211482651212861,3.03199999965171,14.2658257180855,1.018665401358,0.105739397051839,0.199999999733634,0.995619970255593,0.0934926458511693,3.032,14.2307963267949,0.201846141615437,0.503239338938832,0.544999999876477,0.0449547179637855,0.437664346096595,-1.64716799301375,871.661573480202,0.0064063
12.68,0.991432080503768,0.231367929424612,3.03599999964594,14.2857852686149,1.01866269921108,0.105697623520395,0.199999999689166,0.993551124636264,0.113385019883642,3.036,14.2507963267949,0.201839548603723,0.503246613019514,0.544999999894791,0.0449551793464244,0.477421139222126,-1.63831065496829,875.001736160953,0.0050489
12.7,0.98612752807512,0.251151329169322,3.03999999963934,14.3057448618133,1.01865894295393,0.105656508086094,0.19999999965129,0.991084871814253,0.133232041419942,3.04,14.2707963267949,0.201832502379461,0.503254216438264,0.544999999910966,0.044955674579,0.516973644884905,-1.62865991705731,878.47465831831,0.0042016
12.72,0.980430007157659,0.270824979063494,3.04399999963205,14.3257045138417,1.01865413993176,0.105616063768632,0.199999999619238,0.988222198257805,0.153025771916078,3.044,14.2907963267949,0.201825008389186,0.503262144204956,0.544999999925273,0.0449562032700419,0.556306101818586,-1.61822001198544,882.078105199243,0.003901
12.74,0.97434177459672,0.290381050769076,3.04799999962417,14.345664240745,1.01864829787457,0.105576303243527,0.199999999592336,0.984964248998174,0.172758294143763,3.048,14.3107963267949,0.201817072231942,0.503270391228967,0.544999999937963,0.0449567650169966,0.595402835899635,-1.60699548646215,885.809801831054,0.003861
12.76,0.967865243057436,0.309811762107744,3.05199999961579,14.3656240584462,1.01864142489201,0.105537238838966,0.199999999570003,0.981312327171625,0.192421715357206,3.052,14.3307963267949,0.201808699656107,0.503278952320885,0.544999999949222,0.0449573594064661,0.634248266397731,-1.59499119941758,889.667434167387,0.0041987
12.78,0.961002980093002,0.329109380158096,3.05599999960701,14.3855839827408,1.01863352946809,0.105498882532765,0.199999999551723,0.977267893498198,0.212008170450093,3.056,14.3507963267949,0.20179989655618,0.503287822195991,0.544999999959211,0.0449579860143969,0.67282691219013,-1.58221232009419,893.648650243711,0.0042939
12.8,0.953757707151488,0.348266224334522,3.05999999959789,14.4055440292915,1.01862462045585,0.105461245949528,0.199999999537039,0.972832565697435,0.231509825101539,3.06,14.3707963267949,0.201790668959412,0.503296995420253,0.544999999963994,0.0449586444078244,0.711123397937523,-1.56866432601477,897.751061341453,0.003988
12.82,0.946132298521572,0.36727466944655,3.0639999995885,14.4255042136223,1.01861470707137,0.105424340355549,0.199999999524077,0.968008117841322,0.2509188789097,3.064,14.3907963267949,0.201781023049444,0.503306466552308,0.544999999966868,0.0449593341402761,0.749122460218953,-1.55435300082781,901.972243161579,0.0039
12.84,0.938129780217507,0.386127148737433,3.06799999957887,14.4454645511133,1.01860379888882,0.10538817665976,0.199999999512149,0.962796479644676,0.270227568511837,3.068,14.4107963267949,0.201770965145456,0.503316230074286,0.544999999970946,0.0449600547567973,0.78680895362334,-1.53928443203086,906.309737005055,0.0039389
12.86,0.929753328803703,0.404816156900795,3.071999999569,14.4654250569954,1.01859190583471,0.105352765411829,0.199999999501689,0.957199735693287,0.289428170689555,3.072,14.4307963267949,0.20176050169234,0.503326280346907,0.544999999975764,0.044960805793819,0.824167856795195,-1.52346500857271,910.761050960793,0.0038566
12.88,0.92100627015937,0.423334253074116,3.07599999955895,14.4853857463451,1.01857903818179,0.105318116798358,0.199999999492964,0.951220124610113,0.308513005457989,3.076,14.4507963267949,0.201749639265578,0.503336611649056,0.544999999980987,0.0449615867775107,0.861184278432117,-1.50690141833551,915.323661100923,0.0038572
12.9,0.911892078183673,0.441674063807878,3.07999999954874,14.5053466340794,1.01856520654308,0.105284240640784,0.19999999948612,0.944860038159861,0.327474439137691,3.08,14.4707963267949,0.201738384566649,0.503347218180582,0.544999999986369,0.0449623972248176,0.897843463231691,-1.48960064549746,919.995012682282,0.0039071
12.92,0.902414373441834,0.459828286009186,3.08399999953842,14.5253077349504,1.01855042186583,0.10525114639346,0.199999999481212,0.938122020292311,0.346304887408008,3.084,14.4907963267949,0.201726744419557,0.503358094065093,0.544999999991743,0.0449632366436795,0.934130797785396,-1.47156996777742,924.772521353753,0.0039228
12.94,0.892576921752681,0.477789689858686,3.08799999952801,14.5452690635411,1.01853469542537,0.105218843141876,0.19999999947824,0.931008766124771,0.364996818340697,3.088,14.5107963267949,0.201714725767302,0.503369233352766,0.544999999996982,0.0449641045332571,0.970031816417201,-1.45281695356215,929.653574368949,0.0038111
12.96,0.882383632718131,0.495551121699611,3.09199999951756,14.5652306342597,1.01851803881876,0.105187339601057,0.199999999477153,0.923523120864065,0.38354275541261,3.092,14.5307963267949,0.20170233566839,0.503380630023134,0.545000000002009,0.0449650003841956,1.00553220696449,-1.4333494589175,934.635531803738,0.0037647
12.98,0.871838558195152,0.513105506897798,3.09599999950711,14.5851924613356,1.01850046395847,0.105156644114092,0.199999999477876,0.915668078668492,0.401935280496192,3.096,14.5507963267949,0.201689581293232,0.503392277987913,0.545000000006771,0.0449659236788479,1.040617816499,-1.41317562448466,939.715727778076,0.0038465
13,0.860945890710758,0.530445852671522,3.0999999994967,14.6051545588142,1.01848198306592,0.105126764650839,0.199999999480314,0.907446781450196,0.420167036826641,3.1,14.5707963267949,0.201676469920584,0.503404171093805,0.545000000011243,0.0449668738915421,1.07527465698554,-1.3923038722625,944.89147168165,0.0038307
13.02,0.849709961820603,0.547565250890011,3.10399999948634,14.6251169405527,1.01846260866485,0.105097708806767,0.199999999484362,0.898862517618449,0.438230731944512,3.104,14.5907963267949,0.201663008933933,0.503416303125332,0.545000000015409,0.0449678504888149,1.10948891087614,-1.3707429022774,950.160049402813,0.003791
13.04,0.838135240411791,0.564456880839513,3.10799999947608,14.6450796202155,1.01844235357472,0.105069483801963,0.199999999489909,0.889918720764329,0.456119140612603,3.108,14.6107963267949,0.201649205817857,0.503428667807644,0.545000000019266,0.0449688529296565,1.14324693663742,-1.34850168914181,955.518724560303,0.003743
13.06,0.826226330950513,0.581114011955788,3.11199999946595,14.6650426112697,1.01842123090396,0.105042096480284,0.199999999496845,0.880618968287328,0.473825107705957,3.112,14.6307963267949,0.201635068154383,0.503441258809361,0.545000000022823,0.044969880665778,1.17653527420901,-1.3255894785028,960.964739737229,0.0038245
13.08,0.81398797167516,0.597530006521934,3.11599999945597,14.6850059269811,1.01839925404314,0.105015553308672,0.199999999505061,0.870966979964441,0.491341551073814,3.116,14.6507963267949,0.20162060361932,0.503454069745392,0.545000000026095,0.0449709331418519,1.20934065039073,-1.30201578338198,966.49531771683,0.0038807
13.1,0.801425032735588,0.613698322330427,3.11999999944616,14.70496958041,1.01837643665806,0.104989860376607,0.199999999514455,0.860966616462307,0.508661464372374,3.12,14.6707963267949,0.201605819978547,0.503467094179765,0.545000000029081,0.0449720097957653,1.24164998415647,-1.27779038040828,972.107662719486,0.0037436
13.12,0.788542514279216,0.629612515308315,3.12399999943656,14.724933584407,1.01835279268279,0.104965023395727,0.199999999524925,0.850621877792988,0.525777919867248,3.124,14.6907963267949,0.201590725084349,0.503480325628472,0.54500000003181,0.0449731100588857,1.27345039189254,-1.2529233059449,977.798961640495,0.0038416
13.14,0.77534554448468,0.645266242104484,3.12799999942717,14.7448979516092,1.01832833631257,0.104941047699585,0.199999999536377,0.839936901714028,0.542684071204453,3.128,14.7107963267949,0.201575326871658,0.503493757562271,0.545000000034296,0.0449742333562974,1.3047291925584,-1.2274248521121,983.56638528809,0.0040045
13.16,0.761839377543768,0.660653262637934,3.13199999941802,14.7648626944364,1.01830308199674,0.104917938243569,0.199999999548723,0.828915962073391,0.559373156148867,3.132,14.7307963267949,0.201559633354353,0.503507383409543,0.545000000036549,0.044975379107079,1.33547391276772,-1.20130556270722,989.407089621227,0.0037868
13.18,0.748029391592408,0.675767442606033,3.13599999940913,14.7848278250871,1.01827704443151,0.10489569960496,0.199999999561881,0.817563467099991,0.575838499289031,3.136,14.7507963267949,0.201543652621511,0.503521196559089,0.545000000038594,0.0449765467245431,1.36567229178773,-1.17457622902354,995.318216986618,0.0038383
13.2,0.733921086591472,0.690602755951706,3.13999999940051,14.8047933555351,1.01825023855269,0.104874335983147,0.199999999575774,0.805883957640451,0.592073514707223,3.14,14.7707963267949,0.201527392833654,0.503535190362976,0.545000000040446,0.0449777356165127,1.39531228645472,-1.14724788556971,1001.29689735454,0.0038153
13.22,0.719520082158209,0.705153287288556,3.14399999939217,14.8247592975261,1.01822267952839,0.104853851199986,0.199999999590335,0.793882105342831,0.608071708613741,3.144,14.7907963267949,0.201510862218991,0.503549358139326,0.545000000042118,0.0449789451855499,1.42438207600387,-1.11933180569125,1007.34024955292,0.0038878
13.24,0.704832115349117,0.719413234282911,3.14799999938412,14.844725662574,1.01819438275163,0.104834248700307,0.199999999605497,0.781562710788028,0.623826681944328,3.148,14.8107963267949,0.20149406906966,0.503563693175147,0.545000000043624,0.0449801748292553,1.4528700668113,-1.09083949709595,1013.44538249918,0.0037433
13.26,0.689863038395109,0.733376909991804,3.15199999937639,14.8646924619576,1.01816536383292,0.104815531552569,0.199999999621202,0.768930701569605,0.639332132919717,3.152,14.8307963267949,0.201477021737959,0.503578188729131,0.545000000044977,0.0449814239405025,1.48076489704651,-1.06178269728486,1019.60939642944,0.0037576
13.28,0.674618816389824,0.747038745155939,3.15599999936898,14.8846597067177,1.01813563859274,0.104797702449655,0.199999999637394,0.755991130322829,0.654581859566251,3.156,14.8507963267949,0.201459728632561,0.503592838034453,0.545000000046188,0.0449826919077023,1.50805544123325,-1.03217336889063,1025.82938412447,0.0037679
13.3,0.659105524931971,0.760393290446663,3.15999999936189,14.9046274076538,1.01810522305401,0.104780763709819,0.199999999654021,0.742749172703669,0.669569762196602,3.16,14.8707963267949,0.201442198214773,0.503607634301558,0.545000000047268,0.0449839781150715,1.53473081471709,-1.0020236949251,1032.10243213206,0.003934
13.32,0.643329347722611,0.773435218666036,3.16399999935514,14.9245955753212,1.01807413343453,0.104764717277766,0.199999999671037,0.72921012531862,0.684289845849551,3.164,14.8907963267949,0.201424438994727,0.503622570720942,0.545000000048228,0.0449852819428794,1.56078037803764,-0.971346073937867,1038.4256219852,0.0038769
13.34,0.627296574118289,0.786159326899059,3.16799999934874,14.944564220028,1.01804238613933,0.104749564725887,0.199999999688399,0.715379403606115,0.698736222687903,3.168,14.9107963267949,0.201406459527646,0.503637640465926,0.545000000049079,0.0449866027677343,1.58619374120392,-0.940153115087911,1044.7960314157,0.0037772
13.36,0.611013596640977,0.798560538617171,3.17199999934268,14.9645333518326,1.01800999775302,0.10473530725562,0.199999999706068,0.701262539670433,0.712903114353539,3.172,14.9307963267949,0.201388268410056,0.50365283669541,0.545000000049827,0.0449879399628135,1.61096076787089,-0.908457633129993,1051.21073556276,0.0037844
13.38,0.594486908445761,0.810633905732129,3.17599999933698,14.9845029805409,1.01797698503207,0.104721945698964,0.199999999724006,0.686865180068925,0.726784854278681,3.176,14.9507963267949,0.201369874276027,0.503668152556632,0.545000000050479,0.0449892928981532,1.63507157941553,-0.876272643317981,1057.66680817594,0.0037893
13.4,0.577723100747284,0.822374610599413,3.17999999933164,15.0044731157036,1.01794336489708,0.104709480520123,0.199999999742179,0.672193083553469,0.740375889952447,3.18,14.9707963267949,0.201351285793425,0.503683581187902,0.545000000051039,0.044990660940899,1.65851655891091,-0.843611356226987,1064.16132281223,0.0037532
13.42,0.560728860205912,0.8337779679703,3.18399999932667,15.0244437666143,1.01790915442503,0.104697911817291,0.199999999760553,0.657252118767046,0.753670785141781,3.184,14.9907963267949,0.201332511660168,0.503699115721326,0.545000000051521,0.0449920434555675,1.68128635499633,-0.810487172496412,1070.69135402667,0.0037712
13.44,0.543510966274658,0.844839426891796,3.18799999932207,15.0444149423066,1.01787437084149,0.104687239324571,0.1999999997791,0.642048261896362,0.766664222065866,3.188,15.0107963267949,0.201313560600464,0.503714749285513,0.545000000051921,0.0449934398042944,1.70337188564229,-0.776913677495935,1077.25397855605,0.0039238
13.46,0.52607628850789,0.855554572553606,3.19199999931784,15.0643866515524,1.01783903151276,0.104677462414029,0.199999999797792,0.626587594281448,0.77935100352318,3.192,15.0307963267949,0.201294441361133,0.503730475008273,0.545000000052252,0.044994849347124,1.72476434180849,-0.742904635916567,1083.84627649532,0.0039231
13.48,0.508431783832877,0.86591912808137,3.19599999931398,15.0843589028595,1.01780315393812,0.104668580097885,0.199999999816602,0.610876299983212,0.791726054970291,3.196,15.0507963267949,0.201275162707839,0.503746286019313,0.545000000052512,0.0449962714422553,1.74545519099337,-0.708473986288901,1090.46533246628,0.0038712
13.5,0.490584493785228,0.875928956275392,3.1999999993105,15.1043317044698,1.0177667557419,0.104660591030826,0.199999999835507,0.594920663309892,0.803784426551621,3.2,15.0707963267949,0.201255733421432,0.503762175452878,0.545000000052707,0.0449977054462836,1.76543618067395,-0.673635835430715,1097.10823677799,0.0038534
13.52,0.472541541709331,0.885580061294123,3.2039999993074,15.1243050643575,1.01772985466565,0.104653493512461,0.199999999854481,0.578727066303418,0.815521295079313,3.204,15.0907963267949,0.201236162294248,0.503778136450426,0.545000000052841,0.0449991507145092,1.78469934163421,-0.638404452826131,1103.77208657861,0.0041825
13.54,0.454310129924862,0.89486859028167,3.20799999930468,15.1442789902272,1.01769246856027,0.104647285489895,0.199999999873504,0.56230198618668,0.826931965962445,3.208,15.1107963267949,0.201216458126438,0.503794162163238,0.545000000052912,0.0450006066011312,1.80323699118092,-0.602794264938549,1110.45398699825,0.0038351
13.56,0.435897536860507,0.903790834938644,3.21199999930234,15.1642534895124,1.01765461537815,0.104641964560437,0.199999999892552,0.545651992772727,0.838011875084806,3.212,15.1307963267949,0.201196629722325,0.503810245755052,0.545000000052929,0.0450020724595698,1.82104173624543,-0.566819849459619,1117.15105228227,0.0037972
13.58,0.417311114156004,0.912343233035647,3.21599999930038,15.1842285693739,1.01761631316524,0.104637527974427,0.199999999911606,0.528783745836927,0.848756590630475,3.216,15.1507963267949,0.201176685886783,0.503826380404632,0.545000000052897,0.0450035476426722,1.83810647637016,-0.530495929496511,1123.86040691479,0.0039607
13.6,0.398558283733665,0.920522369868765,3.21999999929881,15.2042042366987,1.01757758005318,0.104633972638195,0.199999999930649,0.511703992453149,0.859161814856496,3.22,15.1707963267949,0.201156635421607,0.503842559308366,0.545000000052806,0.0450050315030008,1.85442440657858,-0.493837367699819,1130.57918673195,0.0039326
13.62,0.379646534840535,0.92832497965642,3.22399999929761,15.2241804980982,1.01753843425145,0.104631295117134,0.199999999949659,0.494419564295017,0.869223385811913,3.224,15.1907963267949,0.201136487121954,0.503858775682812,0.545000000052673,0.0450065233930803,1.86998902012747,-0.456859160334403,1137.30454002439,0.0038208
13.64,0.360583421062347,0.935747946876977,3.22799999929679,15.2441573599076,1.01749889403948,0.104629491638898,0.199999999968621,0.476937374903342,0.878937279002494,3.228,15.2107963267949,0.201116249772757,0.503875022767233,0.545000000052487,0.0450080226656506,1.88479411114026,-0.419576431295548,1144.03362862884,0.0037983
13.66,0.341376557310484,0.942788307546514,3.23199999929635,15.2641348281845,1.01745897775875,0.104628558096716,0.199999999987516,0.459264416920786,0.888299609000483,3.232,15.2307963267949,0.201095932145206,0.503891293826107,0.545000000052261,0.0450095286739166,1.8988337771204,-0.382004426072807,1150.76362900814,0.0038988
13.68,0.322033616783119,0.949443250436199,3.23599999929629,15.2841129087082,1.01741870380502,0.104628490052828,0.20000000000633,0.441407759294906,0.897306630998707,3.236,15.2507963267949,0.201075542993241,0.503907582151614,0.545000000051983,0.0450110407718035,1.91210242134371,-0.344158505663946,1157.49173331951,0.0038836
13.7,0.302562327901771,0.955710118228736,3.2399999992966,15.3040916069785,1.01737809062039,0.10462928274203,0.200000000025044,0.423374544450665,0.905954742308462,3.24,15.2707963267949,0.201055091050051,0.50392388106611,0.545000000051661,0.0450125583142185,1.92459475512865,-0.306054140441408,1164.21515047064,0.0038437
13.72,0.282970471224478,0.961586408613354,3.24399999929729,15.3240709282155,1.01733715668558,0.104630931075334,0.200000000043642,0.405171985433564,0.914240483800528,3.244,15.2907963267949,0.201034585024636,0.50394018392456,0.545000000051297,0.0450140806572743,1.9363057999836,-0.26770690397374,1170.93110716314,0.0038809
13.74,0.26326587633684,0.967069775318868,3.24799999929835,15.3440508773587,1.01729592051207,0.104633429643743,0.200000000062109,0.38680736302451,0.922160541288785,3.248,15.3107963267949,0.201014033598378,0.503956484116963,0.545000000050892,0.0450156071585621,1.94723088963022,-0.229132466804473,1177.63684892324,0.0044285
13.76,0.243456418722157,0.972158029084334,3.25199999929977,15.3640314590665,1.01725440063437,0.104636772722129,0.200000000080431,0.368288022827607,0.929711746855837,3.252,15.3307963267949,0.200993445421655,0.503972775070741,0.545000000050452,0.0450171371773906,1.95736567190201,-0.190346590190907,1184.32964111902,0.0039124
13.78,0.223550016611944,0.976849138566863,3.25599999930156,15.384012677716,1.01721261560227,0.104640954273222,0.200000000098593,0.349621372332016,0.936891080120137,3.256,15.3507963267949,0.200972829110471,0.503989050253105,0.545000000049964,0.0450186700750222,1.96670611051728,-0.151365119805342,1191.00676996427,0.0038951
13.8,0.203554627818066,0.981141231186176,3.25999999930371,15.4039945374027,1.01717058397311,0.104645967951705,0.20000000011658,0.330814877949047,0.943695669444105,3.26,15.3707963267949,0.200952193243152,0.5040053031734,0.545000000049439,0.0450202052149218,1.97524848672581,-0.112203979401252,1197.66554350816,0.0037389
13.82,0.183478246547777,0.985032593905526,3.26399999930622,15.4239770419402,1.01712832430414,0.104651807108411,0.200000000134378,0.311876062025706,0.950122793082735,3.264,15.3907963267949,0.200931546357031,0.504021527385411,0.545000000048872,0.0450217419630008,1.98298940082842,-0.072879164446945,1204.30329261088,0.0038391
13.84,0.163328900202951,0.988521673948606,3.26799999930909,15.4439601948605,1.01708585514487,0.10465846479462,0.200000000151972,0.292812499835847,0.956169880272267,3.268,15.4107963267949,0.200910896945222,0.50403771648964,0.54500000004827,0.0450232796878481,1.98992577356879,-0.0334067357292747,1210.91737190449,0.0037594
13.86,0.14311464616479,0.991607079452121,3.2719999993123,15.4639439994137,1.01704319502946,0.104665933766457,0.200000000169349,0.273631816550168,0.961834512258452,3.272,15.4307963267949,0.200890253453384,0.504053864135584,0.545000000047626,0.0450248177609827,1.99605484739699,0.00619718707004598,1217.50516073899,0.0035834
13.88,0.122843568565315,0.99428758005371,3.27599999931586,15.4839284585684,1.01700036246921,0.104674206489387,0.200000000186495,0.254341684186245,0.967114423264023,3.276,15.4507963267949,0.200869624276553,0.50406996402395,0.545000000046945,0.0450263555570659,2.00137418760417,0.0459164318229393,1224.06406411308,0.0035377
13.9,0.102523775046936,0.996562107414929,3.27999999931976,15.5039135750121,1.01695737594502,0.1046832751428,0.200000000203395,0.234949818539825,0.972007501394976,3.28,15.4707963267949,0.200849017756,0.504086009908842,0.545000000046229,0.0450278924541518,2.00588168332775,0.0857347804256766,1230.59151358953,0.0036443
13.92,0.0821633935114349,0.998429755679054,3.28399999932399,15.5238993511514,1.01691425389995,0.104693131624697,0.200000000220037,0.215463976098609,0.976511789485297,3.284,15.4907963267949,0.200828442176141,0.504101995599948,0.545000000045476,0.0450294278339165,2.00957554842693,0.125635975289209,1237.0849681946,0.0036206
13.94,0.0617705688596583,0.999889781863458,3.28799999932856,15.5438857891126,1.01687101473181,0.104703767556462,0.200000000236409,0.19589195093977,0.980625485879809,3.288,15.5107963267949,0.200807905761463,0.504117914964658,0.545000000044683,0.0450309610818691,2.0124543222278,0.165603725846501,1243.54191530148,0.0036363
13.96,0.0413534597232615,1.00094160618637,3.29199999933345,15.5638728907424,1.01682767678585,0.104715174287715,0.200000000252495,0.176241571612412,0.9843469451548,3.292,15.5307963267949,0.200787416673544,0.504133761930178,0.545000000043858,0.04503249158761,2.01451687013803,0.205621715074251,1249.9598714973,0.0035882
13.98,0.0209202351898254,1.00158481232784,3.29599999933865,15.5838606576087,1.01678425834743,0.104727342901264,0.200000000268284,0.156520698006267,0.98767467877618,3.296,15.5507963267949,0.200766983008044,0.504149530485597,0.545000000042987,0.0450340187450122,2.01576238413061,0.245673606026361,1256.33638343356,0.0037166
14,0.000479071522685354,1.00181914762475,3.29999999934417,15.603849091001,1.01674077763482,0.104740264218133,0.200000000283759,0.136737218207834,0.99060735569487,3.3,15.5707963267949,0.200746612791818,0.504165214683925,0.545000000042086,0.0450355419524847,2.01619038309647,0.285743048376534,1262.66902865963,0.0036786
14.02,-0.0199618511231935,1.0016445231998,3.30399999935,15.6238381919319,1.01669725279202,0.104753928802668,0.20000000029891,0.116899045345256,0.993143802879204,3.304,15.5907963267949,0.200726313980012,0.504180808644107,0.545000000041149,0.045037060613163,2.01580071306587,0.325813684967343,1268.95541643911,0.0035133
14.04,-0.0403943519879505,1.00106101402426,3.30799999935613,15.6438279611379,1.01665370188172,0.104768326967728,0.200000000313724,0.0970141144231735,0.995283005784127,3.308,15.6107963267949,0.200706094453239,0.504196306552985,0.545000000040173,0.0450385741351311,2.01459354729831,0.365869158363142,1275.19318854884,0.0035055
14.06,-0.0608102529948306,1.00006885891459,3.31199999936255,15.6638183990807,1.01661014287819,0.104783448779951,0.200000000328186,0.0770903791488259,0.997024108757,3.312,15.6307963267949,0.200685962014792,0.504211702667231,0.545000000039164,0.0450400819316312,2.01256938624101,0.405893117404162,1281.38002006024,0.0036556
14.08,-0.0812013820381069,0.998668460462776,3.31599999936925,15.683809505948,1.01656659366042,0.10479928406509,0.200000000342285,0.0571358087506751,0.998366415379847,3.316,15.6507963267949,0.200665924387913,0.504226991315266,0.54500000003812,0.0450415834212922,2.00972905735577,0.445869223759145,1287.51362010283,0.0035679
14.1,-0.101559576269576,0.996860384900332,3.31999999937623,15.7038012816557,1.01652307200517,0.104815822413423,0.200000000356009,0.0371583847908264,0.999309388747918,3.32,15.6707963267949,0.200645989213085,0.50424216689911,0.545000000037041,0.0450430780283063,2.00607371481443,0.485781158473866,1293.59173260966,0.003479
14.12,-0.12187668538228,0.994645361896159,3.32399999938349,15.7237937258484,1.01647959558022,0.104833053185235,0.200000000369343,0.0171660979724981,0.999852651684436,3.324,15.6907963267949,0.200626164045425,0.50425722389622,0.545000000035922,0.0450445651826567,2.00160483906288,0.525612628512895,1299.61213704453,0.0035127
14.14,-0.142144574890105,0.992024284288135,3.32799999939101,15.7437868379018,1.01643618193764,0.10485096551636,0.200000000382275,-0.00283305505613911,0.999995986891472,3.328,15.7107963267949,0.200606456352058,0.504272156861272,0.545000000034773,0.0450460443203063,1.99632423625379,0.565347373291939,1305.57264911064,0.0037873
14.16,-0.162355129401909,0.9889982077486,3.33199999939878,15.7637806169239,1.01639284850714,0.104869548323791,0.200000000394793,-0.0228310749005275,0.999739337036853,3.332,15.7307963267949,0.200586873505971,0.504286960407431,0.545000000032115,0.0450475148839328,1.99023403754828,0.604969171198138,1311.47112144059,0.0036424
14.18,-0.182500255888836,0.985568350383826,3.33599999940679,15.7837750617568,1.01634961258939,0.104888790310485,0.200000000406355,-0.0428199626193659,0.9990828047771,3.336,15.7507963267949,0.200567422784733,0.504301629210408,0.545000000025573,0.0450489763226177,1.98333669828674,0.644461846095646,1317.30544426751,0.0035131
14.2,-0.202571886943458,0.981736092267605,3.33999999941501,15.8037701709788,1.01630649134941,0.104908679970319,0.200000000415561,-0.0627917229240818,0.998026652716362,3.34,15.7707963267949,0.20054811138934,0.504316158129819,0.5450000000208,0.0450504280891281,1.97563499702914,0.683809273813884,1323.07354607768,0.0035766
14.22,-0.222561984029429,0.977502974909074,3.34399999942339,15.8237659429062,1.016263501811,0.10492920559818,0.200000000423049,-0.0827383673768398,0.996571303301382,3.344,15.7907963267949,0.200528946408348,0.504330542046578,0.545000000017337,0.0450518696466416,1.96713203446515,0.722995388615817,1328.77339424293,0.0036755
14.24,-0.242462540720282,0.972870700654973,3.34799999943192,15.8437623755953,1.01622066084985,0.104950355293169,0.20000000042929,-0.102651917585811,0.994717338652522,3.348,15.8107963267949,0.200509934832079,0.504344775927402,0.545000000014836,0.0450533004638749,1.95783123219446,0.762004189643626,1334.40299563442,0.0036132
14.26,-0.26226558592605,0.967841132026596,3.35199999944055,15.8637594668445,1.01617798518749,0.104972116964475,0.200000000434631,-0.122524408396423,0.992465500330922,3.352,15.8307963267949,0.200491083548443,0.504358854825579,0.545000000013007,0.0450547200167338,1.94773633137782,0.800819747339173,1339.96039721672,0.0035737
14.28,-0.281963187106362,0.962416290991649,3.35599999944929,15.8837572141968,1.01613549138513,0.104994478337288,0.200000000439313,-0.142347891077312,0.989816689041886,3.356,15.8507963267949,0.200472399340735,0.50437277388343,0.545000000011647,0.0450561277884062,1.93685139125928,0.839426209836635,1345.44368662234,0.0035164
14.3,-0.301547453468709,0.956598358171298,3.35999999945812,15.9037556149419,1.01609319583774,0.105017426958795,0.200000000443506,-0.162114436499718,0.986771964274613,3.36,15.8707963267949,0.200453888885481,0.50438652833346,0.545000000010598,0.045057523269566,1.92518078756019,0.877807809324716,1350.85099270632,0.0036577
14.32,-0.321010539150537,0.950389671982681,3.36399999946703,15.9237546661187,1.01605111476811,0.105040950204216,0.200000000447321,-0.18181613830902,0.983332543878415,3.364,15.8907963267949,0.200435558750306,0.504400113499798,0.545000000009763,0.0450589059585209,1.91272921074557,0.915948868375855,1356.18048608115,0.003608
14.34,-0.340344646383855,0.943792727717229,3.36799999947601,15.9437543645178,1.0160092642211,0.105065035282865,0.200000000450836,-0.201445116087181,0.979499803575591,3.368,15.9107963267949,0.200417415391921,0.504413524799604,0.545000000009044,0.0450602753613902,1.89950166416356,0.953833806239838,1361.43037963143,0.0035064
14.36,-0.359542028641064,0.936810176555149,3.37199999948506,15.9637547066841,1.01596766005793,0.105089669244259,0.200000000454092,-0.220993518504806,0.975275276411161,3.372,15.9307963267949,0.200399465154108,0.504426757744418,0.545000000008394,0.045061630992266,1.88550346205869,0.991447145099276,1366.59892900863,0.0035319
14.38,-0.378594993760672,0.929444824516426,3.37599999949417,15.9837556889196,1.01592631795065,0.105114838984263,0.200000000457114,-0.24045352646157,0.970660652139663,3.376,15.9507963267949,0.200381714265802,0.504439807941492,0.545000000007758,0.0450629723733643,1.87074022745964,1.02877351628439,1371.68443310549,0.0036898
14.4,-0.397495907051632,0.921699631348788,3.37999999950334,16.0037573072859,1.0158852533766,0.105140531251262,0.200000000459907,-0.259817356213754,0.965657776549278,3.38,15.9707963267949,0.200364168839209,0.504452671095041,0.545000000007123,0.0450642990351883,1.85521788994244,1.06579766644455,1376.68523451021,0.0037412
14.42,-0.416237194374992,0.913577709353035,3.38399999951257,16.0237595576074,1.01584448161314,0.105166732652367,0.200000000462471,-0.279077262487639,0.960268650723539,3.384,15.9907963267949,0.200346834868005,0.504465343007487,0.545000000006452,0.0450656105166608,1.83894268326998,1.10250446367414,1381.59971994026,0.0038078
14.44,-0.434811345201592,0.905082322146213,3.38799999952184,16.0437624354738,1.01580401773236,0.105193429659644,0.200000000464794,-0.298225541577508,0.954495430240921,3.388,16.0107963267949,0.200329718225553,0.504477819580648,0.545000000005739,0.0450669063653071,1.82192114290865,1.13887890359012,1386.42632065565,0.0035814
14.46,-0.453210915644528,0.896216883363117,3.39199999953116,16.0637659362435,1.01576387659596,0.105220608616377,0.20000000046686,-0.317254534427036,0.948340424312644,3.392,16.0307963267949,0.200312824663241,0.504490096816879,0.545000000004975,0.045068186137373,1.80416010342322,1.1749061153589,1391.16351285182,0.0037582
14.48,-0.471428531465137,0.886984955296631,3.39599999954051,16.0837700550467,1.01572407285026,0.105248255743341,0.200000000468651,-0.336156629692795,0.941806094859011,3.396,16.0507963267949,0.20029615980881,0.50450217082018,0.545000000004166,0.0450694493979529,1.78566669575095,1.21057136767009,1395.80981803191,0.0035434
14.5,-0.489456891051239,0.877390247477457,3.3999999995499,16.1037747867882,1.01568462092128,0.105276357145101,0.200000000470151,-0.354924266788705,0.934895055524683,3.4,16.0707963267949,0.200279729164808,0.504514037797227,0.545000000003308,0.0450706957211491,1.766448344356,1.24586007465462,1400.36380335839,0.0035571
14.52,-0.507288768366408,0.867436615193793,3.40399999955931,16.1237801261509,1.01564553500997,0.105304898816329,0.200000000471341,-0.37354993891016,0.927610070633246,3.404,16.0907963267949,0.200263538107048,0.504525694058423,0.545000000002399,0.0450719246901908,1.74651276426529,1.2807578017448,1404.82408198413,0.0035246
14.54,-0.524917015869049,0.857128057951554,3.40799999956875,16.1437860675991,1.01560682908756,0.105333866648132,0.200000000472205,-0.392026196036651,0.919954054081525,3.408,16.1107963267949,0.200247591883166,0.504537136018825,0.545000000001437,0.0450731358975568,1.72586795798696,1.31525027147409,1409.18931336278,0.0036438
14.56,-0.542334567400056,0.846468717875754,3.4119999995782,16.1637926053821,1.01556851689106,0.105363246434386,0.200000000472722,-0.410345647911673,0.911930068174062,3.412,16.1307963267949,0.200231895611212,0.5045483601991,0.545000000000442,0.045074328945111,1.70452221231275,1.34932336921397,1413.45820353844,0.0035516
14.58,-0.559534441037857,0.835462878053698,3.41599999958766,16.1837997335371,1.0155306119188,0.105393023878094,0.200000000472881,-0.428500966998735,0.903541322398234,3.416,16.1507963267949,0.200216454278338,0.504559363226371,0.544999999999412,0.0450755034441899,1.68248409500548,1.38296314884578,1417.62950541464,0.0035958
14.6,-0.57650974191966,0.824114960820643,3.41999999959711,16.2038074458934,1.01549312742617,0.105423184597729,0.20000000047267,-0.446484891412266,0.894791172140504,3.42,16.1707963267949,0.200201272739477,0.504570141835065,0.544999999998348,0.0450766590157531,1.65976245137298,1.41615583836514,1421.70201900274,0.0035706
14.62,-0.593253665027726,0.812429525988637,3.42399999960656,16.2238157360753,1.01545607642145,0.1054537141336,0.200000000472075,-0.464290227822285,0.885683117344307,3.424,16.1907963267949,0.200186355716187,0.504580692867705,0.544999999997265,0.0450777952904778,1.63636640072995,1.44888784541661,1425.67459164948,0.0040656
14.64,-0.609759497939504,0.800411269019239,3.42799999961599,16.2438245975067,1.01541947166182,0.105484597954205,0.20000000047109,-0.481909854331628,0.876220801110125,3.428,16.2107963267949,0.200171707795447,0.504591013275632,0.544999999996158,0.0450789119088465,1.61230533274898,1.4811457627564,1429.54611824398,0.0039543
14.66,-0.626020623540489,0.788065019140868,3.4319999996254,16.2638340234136,1.0153833256494,0.105515821462585,0.200000000469707,-0.499336723324618,0.866408008238286,3.432,16.2307963267949,0.200157333428594,0.50460110011972,0.544999999995037,0.0450800085212768,1.58758890370238,1.51291637364089,1433.31554140414,0.0035826
14.68,-0.642030522698681,0.775395737411559,3.43599999963477,16.2838440068292,1.01534765062751,0.10554737000268,0.200000000467921,-0.516563864286012,0.856248663715105,3.436,16.2507963267949,0.200143236930295,0.504610950570987,0.544999999993908,0.0450810847881765,1.56222703259626,1.54418665713873,1436.98185164227,0.0035354
14.7,-0.657782776899509,0.762408514727889,3.43999999964411,16.3038545405967,1.01531245857702,0.105579228865667,0.200000000465728,-0.533584386589118,0.845746831142934,3.44,16.2707963267949,0.200129422477557,0.504620561911228,0.544999999992784,0.0450821403800745,1.53622989719835,1.5749437933644,1440.54408751037,0.003578
14.72,-0.67327107084016,0.749108569780918,3.4439999996534,16.3238656173738,1.01527776121282,0.105611383296292,0.20000000046313,-0.550391482251952,0.834906711114781,3.444,16.2907963267949,0.200115894108844,0.504629931533551,0.544999999991656,0.045083174977693,1.50960792996133,1.60517516863103,1444.00133572476,0.0035646
14.74,-0.6884891949822,0.735501246959958,3.44799999966263,16.3438772296364,1.01524356998048,0.105643818499196,0.200000000460126,-0.566978428660341,0.823732639534121,3.448,16.3107963267949,0.200102655723203,0.504639056942899,0.544999999990543,0.0450841882720173,1.48237181384312,1.63486838052041,1447.35273127028,0.0035299
14.76,-0.703431048061443,0.721592014205035,3.4519999996718,16.3638893696828,1.01520989605295,0.105676519645213,0.200000000456721,-0.583338591256877,0.812229085880604,3.452,16.3307963267949,0.200089711079495,0.504647935756498,0.544999999989429,0.0450851799644015,1.45453247802602,1.6640112428682,1450.5974574842,0.0035702
14.78,-0.718090639554025,0.707386460808931,3.4559999996809,16.3839020296377,1.01517675032748,0.105709471877661,0.200000000452916,-0.599465426194654,0.800400651422312,3.456,16.3507963267949,0.200077063795679,0.504656565704269,0.544999999988346,0.0450861497665926,1.4261010935362,1.69259179066209,1453.73474611968,0.0039235
14.8,-0.732462092097654,0.692890295169698,3.45999999968991,16.4039152014562,1.01514414342261,0.105742660318607,0.200000000448721,-0.615352482954721,0.788252067375316,3.46,16.3707963267949,0.200064717348132,0.504664944629201,0.544999999987282,0.0450870974008604,1.39708906876557,1.72059828485118,1456.76387738916,0.003906
14.82,-0.746539643867024,0.678109342494572,3.46399999969884,16.4239288769282,1.01511208567536,0.105776070075109,0.200000000444142,-0.630993406926194,0.775788193011259,3.464,16.3907963267949,0.200052675071056,0.504673070487652,0.544999999986244,0.0450880225999825,1.36750804489763,1.7480192170644,1459.6841799875,0.0036387
14.84,-0.760317650902423,0.663049542456235,3.46799999970767,16.4439430476825,1.01508058713849,0.105809686245435,0.200000000439191,-0.646381941948031,0.763014013713701,3.468,16.4107963267949,0.200040940155931,0.504680941349643,0.544999999985237,0.0450889251074019,1.33736989123926,1.77484331423617,1462.49503109517,0.0036047
14.86,-0.773790589390555,0.647716946802382,3.4719999997164,16.4639577051911,1.01504965757791,0.105843493925248,0.200000000433876,-0.661511932811399,0.749934638984043,3.472,16.4307963267949,0.200029515651054,0.504688555399064,0.544999999984266,0.0450898046771896,1.30668670046032,1.80105954313737,1465.19585636145,0.0037842
14.88,-0.786953057896629,0.632117716919581,3.47599999972502,16.4839728407734,1.01501930647028,0.105877478213772,0.200000000428212,-0.676377327721684,0.736555300397787,3.476,16.4507963267949,0.200018404461082,0.504695910933868,0.544999999983336,0.0450906610741585,1.27547078374299,1.82665711480975,1467.7861298679,0.0036172
14.9,-0.799799779546799,0.616258121352438,3.47999999973353,16.5039884456008,1.01498954300066,0.105911624219908,0.200000000422213,-0.690972180719126,0.722881349511976,3.48,16.4707963267949,0.200007609346718,0.504703006366185,0.544999999982443,0.0450914940738551,1.24373466584283,1.85162548890203,1470.26537407209,0.0036194
14.92,-0.812325604160046,0.600144533279072,3.48399999974191,16.5240045107008,1.01496037606038,0.105945917068332,0.200000000415892,-0.705290654057118,0.708918255724651,3.484,16.4907963267949,0.199997132924369,0.504709840222391,0.544999999981596,0.0450923034626214,1.21149108006349,1.87595437790589,1472.63315973178,0.0035491
14.94,-0.824525510328617,0.58378342794396,3.48799999975016,16.5440210269615,1.01493181424496,0.105980341905539,0.200000000409267,-0.719327020537238,0.694671604087154,3.488,16.5107963267949,0.199986977665939,0.50471641114317,0.5449999999808,0.0450930890376712,1.17875296314727,1.89963375129005,1474.88910580974,0.0036825
14.96,-0.836394607446159,0.567181380049207,3.49199999975828,16.5640379851364,1.01490386585228,0.106014883905857,0.200000000402355,-0.733075665800043,0.680147093070186,3.492,16.5307963267949,0.199977145898638,0.504722717883505,0.544999999980057,0.045093850607055,1.14553345008341,1.92265383953096,1477.0328793592,0.003745
14.98,-0.847928137682721,0.55034506110531,3.49599999976625,16.5840553758484,1.01487653888075,0.106049528277419,0.200000000395175,-0.746531090570739,0.665350532284497,3.496,16.5507963267949,0.199967639804847,0.504728759312584,0.544999999979359,0.0450945879897039,1.11184586883637,1.94500513803821,1479.0641953903,0.0037077
15,-0.85912147790579,0.533281236742521,3.49999999977408,16.6040731895946,1.01484984102772,0.106084260268075,0.200000000387744,-0.759687912858821,0.650287840157117,3.5,16.5707963267949,0.199958461422086,0.504734534413722,0.544999999978725,0.0450953010154926,1.07770373499618,1.96667841097321,1480.9828167175,0.0037715
15.02,-0.869970141546583,0.515996763983916,3.50399999978176,16.624091416751,1.01482377968801,0.106119065171278,0.200000000380085,-0.772540870110797,0.634965041564063,3.504,16.5907963267949,0.199949612642988,0.5047400422842,0.54499999997814,0.045095989525188,1.04312074635302,1.98766469495963,1482.7885537882,0.0039825
15.04,-0.880469780410821,0.498498588481306,3.50799999978928,16.6441100475766,1.01479836195251,0.106153928331902,0.200000000372216,-0.785084821315137,0.619388265420471,3.508,16.6107963267949,0.199941095215367,0.504745282135065,0.544999999977617,0.0450966533705244,1.00811077739826,2.00795530268388,1484.48126449285,0.003755
15.06,-0.890616186433239,0.480793741715111,3.51199999979665,16.6641290722186,1.01477359460702,0.106188835152016,0.200000000364158,-0.797314749058608,0.603563742229111,3.512,16.6307963267949,0.199932910742327,0.504750253290884,0.544999999977156,0.0450972924141629,0.97268787375425,2.02754182638442,1486.06085395643,0.0036196
15.08,-0.900405293375107,0.462889338159387,3.51599999980385,16.6841484807166,1.01474948413112,0.106223771096604,0.200000000355934,-0.809225761533179,0.587497801588267,3.516,16.6507963267949,0.199925060682439,0.504754955189449,0.544999999976752,0.0450979065297152,0.936866246534949,2.0464161412283,1487.52727431192,0.0035108
15.1,-0.909833178464074,0.444792572413155,3.51999999981088,16.7041682630074,1.01472603669729,0.106258721699224,0.200000000347565,-0.820813094492668,0.571196869659989,3.52,16.6707963267949,0.199917546349963,0.504759387381595,0.54499999997642,0.0450984956017422,0.900660266639921,2.06457040857365,1488.88052445551,0.0037803
15.12,-0.918896063975653,0.426510716299224,3.52399999981775,16.7241884089299,1.01470325817002,0.106293672567618,0.200000000339076,-0.832072113158389,0.554667466599703,3.524,16.6907963267949,0.199910368915125,0.504763549530378,0.544999999976141,0.0450990595257637,0.864084458983838,2.08199707911676,1490.12064978407,0.0036094
15.14,-0.927590318755707,0.408051115931723,3.52799999982444,16.7442089082293,1.01468115410521,0.106328609389244,0.200000000330487,-0.842998314072995,0.537916203948244,3.528,16.7107963267949,0.199903529404498,0.504767441411057,0.544999999975915,0.04509959820818,0.827153496663923,2.09868889592249,1491.24774191496,0.0035733
15.16,-0.93591245968331,0.389421188753529,3.53199999983097,16.7642297505622,1.01465972974959,0.106363517936755,0.200000000321816,-0.853587326901798,0.520949781987327,3.532,16.7307963267949,0.199897028701341,0.504771062910522,0.544999999975754,0.0451001115663413,0.789882195067673,2.11463889733677,1492.26193838838,0.0035278
15.18,-0.943859153073385,0.37062842054485,3.53599999983732,16.7842509255013,1.01463899004032,0.106398384073415,0.200000000313087,-0.863834916180852,0.50377498705952,3.536,16.7507963267949,0.199890867546118,0.50477441402677,0.544999999975643,0.0451005995284785,0.75228550592328,2.12984041977999,1493.16342235254,0.0041803
15.2,-0.951427216018551,0.351680362404168,3.53999999984349,16.8042724225399,1.01461893960472,0.10643319375845,0.200000000304318,-0.87373698301108,0.4863986888538,3.54,16.7707963267949,0.199885046537021,0.504777494870528,0.544999999975699,0.0451010620336456,0.714378511295159,2.14428710042023,1493.95242223184,0.0035814
15.22,-0.958613617669639,0.332584627702819,3.54399999984949,16.824294231097,1.01459958276015,0.106467933052411,0.20000000029557,-0.883289566697775,0.468827837657767,3.544,16.7907963267949,0.199879566130343,0.504780305658895,0.544999999975832,0.0451014990318167,0.676176417527018,2.15797287972517,1494.62921137823,0.0035432
15.24,-0.965415480454346,0.313348889014448,3.54799999985531,16.8443163405217,1.01458092351396,0.106502588122237,0.200000000286869,-0.892488846334828,0.451069461577624,3.548,16.8107963267949,0.199874426641288,0.504782846718244,0.544999999975942,0.0451019104837286,0.637694549134956,2.17089200389166,1495.19410770614,0.003535
15.26,-0.971830081233542,0.293980875020629,3.55199999986096,16.864338740098,1.01456296556364,0.106537145246382,0.200000000278208,-0.901331142333039,0.433130663727031,3.552,16.8307963267949,0.199869628244643,0.504785118484977,0.54499999997606,0.04510229636084,0.598948342653048,2.18303902715199,1495.64747331113,0.0036234
15.28,-0.977854852394774,0.274488367393912,3.55599999986644,16.8843614190498,1.01454571229705,0.106571590819938,0.20000000026959,-0.909812917891906,0.415018619385946,3.556,16.8507963267949,0.199865170975436,0.50478712150337,0.544999999976198,0.0451026566453679,0.559953340433942,2.194408813956,1495.98971407244,0.0035035
15.3,-0.983487382882508,0.254879197659597,3.55999999987175,16.9043843665455,1.01452916679283,0.106605911359617,0.200000000261021,-0.917930780414293,0.396740573130612,3.56,16.8707963267949,0.199861054729725,0.504788856424807,0.54499999997636,0.0451029913301988,0.520725184406974,2.20499654102793,1496.22127923986,0.0034761
15.32,-0.988725419164711,0.235161244037533,3.56399999987688,16.9244075717027,1.01451333182089,0.106640093508655,0.20000000025251,-0.925681482863428,0.378303835935832,3.564,16.8907963267949,0.199857279265418,0.504790324006963,0.544999999976555,0.045103300418824,0.481279609796347,2.21479769929753,1496.34266100499,0.0034797
15.34,-0.99356686613539,0.215342428265232,3.56799999988185,16.9444310235932,1.01449820984303,0.106674124041636,0.20000000024407,-0.933061925061673,0.359715782250661,3.568,16.9107963267949,0.199853844203161,0.504791525112958,0.544999999976778,0.0451035839253103,0.441632438801924,2.22380809570428,1496.35439405735,0.0042919
15.36,-0.998009787952719,0.195430712403634,3.57199999988665,16.9644547112473,1.01448380301373,0.106707989869237,0.20000000023571,-0.940069154930553,0.340983847048736,3.572,16.9307963267949,0.199850749027273,0.504792460710464,0.544999999977039,0.0451038418742249,0.401799574245213,2.23202385487433,1496.25705512542,0.0046479
15.38,-1.00205240881244,0.175434095626817,3.57599999989128,16.9844786236591,1.01447011318102,0.106741678042884,0.200000000227444,-0.946700369671549,0.322115522854383,3.576,16.9507963267949,0.199847993086705,0.504793131870775,0.544999999977331,0.0451040743005548,0.361796993183112,2.23944142066924,1496.05126250307,0.0036703
15.4,-1.0056931136562,0.155360610997003,3.57999999989574,17.0045027497906,1.01445714188748,0.106775175759333,0.200000000219283,-0.95295291688718,0.303118356745702,3.58,16.9707963267949,0.199845575596243,0.50479353976957,0.544999999977688,0.045104281249655,0.321640740492024,2.24605755760607,1495.73767556146,0.0035277
15.42,-1.00893044881464,0.13521832222616,3.58399999990005,17.0245270785772,1.0144448903714,0.106808470365227,0.200000000211251,-0.958824295641926,0.283999947335849,3.584,16.9907963267949,0.199843495637435,0.504793685684779,0.54499999997815,0.0451044627771687,0.281346922424939,2.25186935214819,1495.31699424694,0.0036884
15.44,-1.01176312258483,0.115015320425566,3.5879999999042,17.0445515989316,1.01443335956803,0.106841549361525,0.200000000203385,-0.964312157462568,0.264767941733678,3.588,17.0107963267949,0.199841752158992,0.504793570987362,0.544999999978576,0.0451046189490913,0.240931700144112,2.25687421386628,1494.7899585647,0.0037707
15.46,-1.01419000574203,0.0947597208446562,3.59199999990819,17.0645762997492,1.01442255011091,0.106874400407493,0.200000000195672,-0.969414307277549,0.245430032485003,3.592,17.0307963267949,0.199840343979301,0.504793197153256,0.544999999978994,0.0451047498413821,0.200411283231944,2.26106987646913,1494.15734804948,0.003556
15.48,-1.01621013198538,0.0744596596004966,3.59599999991202,17.0846011699123,1.01441246233339,0.10690701132516,0.20000000018811,-0.974128704294971,0.225993954495693,3.596,17.0507963267949,0.199839269786884,0.504792565756794,0.544999999979396,0.0451048555401132,0.159801923182725,2.26445439870377,1493.41998122257,0.00348
15.5,-1.01782269831756,0.0541232903992431,3.59999999991571,17.1046261982948,1.01440309627024,0.106939370103442,0.200000000180693,-0.978453462818884,0.206467481937797,3.6,17.0707963267949,0.199838528141802,0.504791678469572,0.544999999979803,0.0451049361413252,0.119119906877863,2.26702616512462,1492.57871503595,0.0035774
15.52,-1.01902706535809,0.0337587812509201,3.60399999991925,17.1246513737671,1.01439445165939,0.106971464902185,0.200000000173422,-0.982386853003542,0.186858425139989,3.604,17.0907963267949,0.199838117476918,0.504790537059278,0.544999999980217,0.0451049917509312,0.0783815500472568,2.26878388673141,1491.63444430373,0.0034876
15.54,-1.0198227575903,0.0133743111788788,3.60799999992265,17.1446766852007,1.01438652794371,0.107003284056108,0.2000000001663,-0.985927301545316,0.167174627463537,3.608,17.1107963267949,0.199838036099284,0.504789143388458,0.544999999980638,0.0451050224846075,0.0376031907194592,2.26972660147551,1490.58810112131,0.0035102
15.56,-1.02020946354187,-0.00702193307471617,3.61199999992591,17.1647021214724,1.01437932427304,0.107034816078651,0.20000000015933,-0.989073392311993,0.147423962165065,3.612,17.1307963267949,0.199838282191499,0.504787499413288,0.544999999981061,0.0451050284677243,-0.00319881733670515,2.26985367463456,1489.44065427241,0.0034536
15.58,-1.02018703589878,-0.0274217603460186,3.61599999992903,17.1847276714692,1.01437283950618,0.107066049665725,0.200000000152512,-0.991823866909215,0.127614329247352,3.616,17.1507963267949,0.199838853813181,0.50478560718227,0.544999999981496,0.045105009835191,-0.0440081111764159,2.26916479905535,1488.19310862438,0.004172
15.6,-1.01975549155281,-0.0478169783478974,3.61999999993201,17.204753324093,1.01436707221312,0.107096973699373,0.200000000145851,-0.994177625183815,0.107753652299444,3.62,17.1707963267949,0.199839748902402,0.504783468834931,0.544999999981928,0.0451049667314001,-0.0848083252463607,2.26765999526465,1486.84650451218,0.0036951
15.62,-1.01891501158249,-0.0681993969682464,3.62399999993486,17.2247790682645,1.01436202067728,0.107127577251321,0.200000000139345,-0.996133725663867,0.0878498753273122,3.624,17.1907963267949,0.199840965277247,0.504781086600473,0.544999999982376,0.0451048993100842,-0.125583097952808,2.26533961144825,1485.40191711109,0.0045119
15.64,-1.01766594116751,-0.0885608315668563,3.62799999993759,17.2448048929284,1.0143576828979,0.107157849586439,0.200000000133,-0.997691385935259,0.0679109595763636,3.628,17.2107963267949,0.199842500637347,0.504778462796405,0.544999999982815,0.0451048077342317,-0.166316078227585,2.26220432329792,1483.86045579879,0.0041807
15.66,-1.01600878943678,-0.108893106269499,3.63199999994018,17.2648307870572,1.01435405659255,0.107187780166098,0.200000000126813,-0.998849982954651,0.0479448803470537,3.632,17.2307963267949,0.199844352565474,0.504775599827117,0.544999999983257,0.0451046921759027,-0.206990932089312,2.25825513372674,1482.22326350696,0.0039204
15.68,-1.01394422925006,-0.129188057257873,3.63599999994266,17.2848567396562,1.0143511391997,0.107217358651425,0.200000000120786,-0.999609053298684,0.0279596238048615,3.636,17.2507963267949,0.199846518529194,0.504772500182461,0.544999999983698,0.0451045528162083,-0.247591349197217,2.25349337245258,1480.49151606266,0.0037386
15.7,-1.01147309691341,-0.149437536054079,3.63999999994502,17.3048827397674,1.01434892788144,0.107246574906462,0.200000000114917,-0.99996829334934,0.00796318378593734,3.64,17.2707963267949,0.199848995882514,0.504769166436282,0.544999999984133,0.0451043898451003,-0.288101049394904,2.24792069545015,1478.66642152008,0.0037116
15.72,-1.00859639182852,-0.169633412798258,3.64399999994726,17.324908776474,1.01434741952624,0.107275419001212,0.200000000109205,-0.999927559415389,-0.0120364414003268,3.644,17.2907963267949,0.199851781867625,0.504765601245015,0.544999999984567,0.0451042034612711,-0.328503789241412,2.24153908427187,1476.74921948265,0.0037315
15.74,-1.00531527607614,-0.189767579518089,3.64799999994939,17.3449348389048,1.01434661075187,0.107303881214596,0.200000000103649,-0.999486867789862,-0.0320312521705163,3.648,17.3107963267949,0.199854873616601,0.504761807345926,0.544999999985004,0.0451039938720315,-0.368783368526927,2.23435084523766,1474.74118041619,0.0042117
15.76,-1.00163107393381,-0.209831953388783,3.6519999999514,17.3649609162382,1.01434649790836,0.10733195203729,0.200000000098251,-0.998646394743533,-0.0520132508669136,3.652,17.3307963267949,0.199858268153191,0.50475778755564,0.544999999985413,0.0451037612931722,-0.408923636770517,2.22635860849423,1472.64360495311,0.0042452
15.78,-0.997545271328012,-0.229818479982262,3.65599999995332,17.3849869977066,1.0143470770811,0.107359622174463,0.200000000092999,-0.997406476454414,-0.0719744449564648,3.656,17.3507963267949,0.199861962394661,0.504753544768734,0.544999999985816,0.0451035059488243,-0.448908499697266,2.21756532694418,1470.45782318832,0.0041753
15.8,-0.993059515221172,-0.249719136504203,3.65999999995513,17.4050130726008,1.014348344094,0.107386882548416,0.200000000087893,-0.995767608873289,-0.0919068502276816,3.66,17.3707963267949,0.199865953153616,0.504749081956015,0.544999999986206,0.0451032280713162,-0.488721925692187,2.20797427504529,1468.1851939669,0.0040253
15.82,-0.988175612933635,-0.269525935017621,3.66399999995683,17.4250391302734,1.01435029451275,0.107413724301109,0.200000000082927,-0.993730447525339,-0.111802493984214,3.664,17.3907963267949,0.199870237139862,0.504744402162896,0.544999999986576,0.0451029279010228,-0.528347952228318,2.19758904748073,1465.82710416404,0.003926
15.84,-0.982895531400999,-0.289230925651685,3.66799999995844,17.4450651601435,1.01435292364817,0.107440138796586,0.200000000078095,-0.991295807247941,-0.131653418233833,3.668,17.4107963267949,0.199874810962337,0.504739508507753,0.544999999986934,0.0451026056862513,-0.567770692266397,2.18641355770047,1463.38496795758,0.0039098
15.86,-0.977221396367119,-0.308826199794477,3.67199999995996,17.4650911517007,1.01435622655965,0.107466117623285,0.200000000073391,-0.988464661864746,-0.151451682871513,3.672,17.4307963267949,0.199879671131046,0.504734404180245,0.544999999987278,0.0451022616830671,-0.606974340623551,2.17445203633476,1460.86022609343,0.0036866
15.88,-0.971155491513133,-0.32830389326838,3.67599999996138,17.4851170945086,1.01436019805865,0.107491652596253,0.200000000068811,-0.985238143796158,-0.171189368855374,3.676,17.4507963267949,0.199884814059012,0.504729092439616,0.544999999987604,0.0451018961551351,-0.645943180308412,2.16170902948018,1458.25434514425,0.0039696
15.9,-0.964700257522906,-0.347656189486832,3.67999999996271,17.505142978209,1.01436483271231,0.107516735759242,0.200000000064348,-0.981617543606384,-0.190858581374189,3.68,17.4707963267949,0.199890236064293,0.504723576612963,0.544999999987918,0.0451015093735917,-0.684661588820136,2.1481893968591,1455.56881676177,0.003742
15.92,-0.957858291085294,-0.366875322591152,3.68399999996395,17.5251687925261,1.01437012484713,0.107541359386701,0.200000000059999,-0.977604309487228,-0.2104514530052,3.684,17.4907963267949,0.199895933371968,0.504717860093513,0.544999999988219,0.0451011016168658,-0.723114044408763,2.13389830985321,1452.805156923,0.0036655
15.94,-0.95063234383367,-0.38595358056618,3.68799999996511,17.5451945272696,1.01437606855274,0.107565515985666,0.200000000055757,-0.973200046678827,-0.229960146860991,3.688,17.5107963267949,0.199901902116234,0.50471194633885,0.544999999988492,0.0451006731705506,-0.761285132294416,2.11884124941203,1449.96490517079,0.0036741
15.96,-0.943025321223164,-0.404883308333473,3.69199999996619,17.5652201723389,1.01438265768568,0.107589198297527,0.200000000051614,-0.968406516827582,-0.249376859724133,3.692,17.5307963267949,0.199908138342441,0.504705838869139,0.544999999988748,0.045100224327215,-0.799159550842836,2.10302400383722,1447.04962384902,0.0037876
15.98,-0.935040281346116,-0.423656910820812,3.69599999996718,17.5852457177269,1.01438988587337,0.107612399299707,0.200000000047564,-0.963225637281521,-0.268693825168365,3.696,17.5507963267949,0.199914638009197,0.504699541265324,0.544999999988985,0.0450997553862346,-0.836722117694762,2.08645266644364,1444.06089733275,0.0036641
16,-0.926680433686243,-0.442266856006777,3.69999999996809,17.6052711535231,1.01439774651805,0.107635112207212,0.200000000043598,-0.957659480323385,-0.287903316665065,3.7,17.5707963267949,0.199921396990511,0.504693057167298,0.544999999989202,0.0450992666536637,-0.87395777584671,2.06913363309813,1441.00033125378,0.0036345
16.02,-0.917949137812059,-0.460705677939182,3.70399999996892,17.6252964699177,1.0144062328008,0.107657330474085,0.200000000039711,-0.951710272341742,-0.30699765067376,3.704,17.5907963267949,0.199928411077901,0.504686390272102,0.544999999989398,0.045098758442044,-0.910851599680695,2.05107359963703,1437.8695517218,0.0035997
16.04,-0.908849902010117,-0.478965979726138,3.70799999996968,17.6453216572049,1.01441533768572,0.107679047794749,0.200000000035894,-0.945380392940463,-0.325969189715432,3.708,17.6107963267949,0.199935675982602,0.504679544332047,0.54499999998957,0.0450982310702413,-0.947388800940491,2.03227955916348,1434.67020454164,0.0038267
16.06,-0.89938638185864,-0.497040436498564,3.71199999997036,17.6653467057864,1.01442505392402,0.107700258105237,0.200000000032139,-0.938672373986913,-0.344810345427416,3.712,17.6307963267949,0.199943187337703,0.504672523152858,0.544999999989727,0.0450976848632588,-0.983554734652019,2.01275879922565,1431.40395442688,0.0036071
16.08,-0.88956237874217,-0.514921798342946,3.71599999997096,17.6853716061744,1.01443537405834,0.107720955584323,0.200000000028441,-0.931588898599232,-0.363513581598639,3.716,17.6507963267949,0.199950940700399,0.504665330591802,0.544999999989853,0.0450971201521106,-1.01933490498551,1.9925188988771,1428.07248421017,0.0035249
16.1,-0.879381838307847,-0.532602893203178,3.7199999999715,17.7053963489958,1.014446290427,0.10774113465453,0.200000000024788,-0.92413280007313,-0.382071417184009,3.72,17.6707963267949,0.199958931554187,0.504657970555796,0.544999999989962,0.0450965372735935,-1.05471497105705,1.97156772562042,1424.67749405067,0.0036243
16.12,-0.868848848863993,-0.550076629750324,3.72399999997196,17.7254209249944,1.01445779516835,0.107760789983048,0.200000000021174,-0.916307060748606,-0.40047642929672,3.724,17.6907963267949,0.199967155311091,0.50465044699949,0.544999999990042,0.0450959365701379,-1.0896807526673,1.94991343223537,1421.2207006388,0.0037161
16.14,-0.857967639721661,-0.567336000219156,3.72799999997234,17.7454453250347,1.0144698802252,0.107779916482525,0.200000000017589,-0.908114810817047,-0.418721256177326,3.728,17.7107963267949,0.199975607313973,0.504642763923377,0.544999999990097,0.0450953183896544,-1.12421823597491,1.92756445349303,1417.70383639886,0.0035296
16.16,-0.846742579479865,-0.584374083210341,3.73199999997266,17.765469540105,1.0144825373493,0.10779850931177,0.200000000014025,-0.899559327069198,-0.436798600138338,3.732,17.7307963267949,0.199984282838758,0.504634925371852,0.544999999990128,0.0450946830853055,-1.15831357910254,1.90452950275703,1414.12864868967,0.0035404
16.18,-0.835178174255199,-0.601184046457159,3.7359999999729,17.7854935613203,1.01449575810583,0.107816563876329,0.200000000010471,-0.890644031584486,-0.454701230483197,3.736,17.7507963267949,0.199993177096746,0.504626935431276,0.54499999999013,0.0450940310153675,-1.19195311767317,1.8808175684735,1410.49689900373,0.0035549
16.2,-0.823279065856606,-0.617759149555652,3.73999999997308,17.8055173799252,1.01450953387796,0.107834075828972,0.200000000006917,-0.881372490362235,-0.472421986398466,3.74,17.7707963267949,0.200002285236898,0.504618798228054,0.544999999990105,0.0450933625430295,-1.22512337027445,1.85643791055101,1406.81036216504,0.0036314
16.22,-0.811050029906048,-0.634092746657127,3.74399999997318,17.825540987297,1.01452385587149,0.107851041070062,0.200000000003355,-0.871748411895315,-0.489953779818051,3.744,17.7907963267949,0.200011602348173,0.504610517926663,0.54499999999005,0.0450926780362253,-1.257811043849,1.8314000566321,1403.07082552615,0.0041301
16.24,-0.798495973905874,-0.650178289121938,3.74799999997321,17.8455643749483,1.01453871511948,0.10786745574782,0.199999999999773,-0.861775645686795,-0.507289598258339,3.748,17.8107963267949,0.20002112346182,0.504602098727709,0.544999999989968,0.0450919778674328,-1.29000303900847,1.80571379825785,1399.28008816462,0.0039439
16.26,-0.78562193525369,-0.666009328133511,3.75199999997317,17.8655875345301,1.01455410248696,0.107883316258492,0.199999999996162,-0.851458180710189,-0.524422507623095,3.752,17.8307963267949,0.200030843553756,0.504593544865961,0.544999999989855,0.0450912624135189,-1.32168645526922,1.77938918692712,1395.43996007925,0.0037896
16.28,-0.772433079205563,-0.681579517271561,3.75599999997306,17.8856104578339,1.01457000867569,0.107898619246399,0.19999999999251,-0.840800143813921,-0.541345654977011,3.756,17.8507963267949,0.200040757546879,0.504584860608394,0.544999999989718,0.0450905320555277,-1.35284859620752,1.75243653005201,1391.55226138647,0.0040009
16.3,-0.758934696788405,-0.696882615043505,3.75999999997287,17.9056331367952,1.01458642422888,0.107913361603893,0.199999999988808,-0.829805798070649,-0.558052271286779,3.76,17.8707963267949,0.200050860313424,0.504576050252298,0.544999999989553,0.0450897871785045,-1.38347697453239,1.72486638681125,1387.61882151716,0.0037448
16.32,-0.745132202662402,-0.711912487373057,3.76399999997261,17.925655563495,1.01460333953606,0.107927540471209,0.199999999985047,-0.818479541072078,-0.574535674128631,3.764,17.8907963267949,0.200061146677366,0.504567118123166,0.544999999989358,0.0450890281713188,-1.41355931707376,1.69668956390316,1383.64147841425,0.003672
16.34,-0.731031132934382,-0.726663110045047,3.76799999997227,17.945677730163,1.01462074483791,0.107941153236208,0.199999999981216,-0.806825903169994,-0.590789270361204,3.768,17.9107963267949,0.200071611416716,0.50455806857264,0.544999999989134,0.0450882554264847,-1.44308356968429,1.66791711119998,1379.62207773144,0.0037466
16.36,-0.716637142923024,-0.741128571105482,3.77199999997186,17.9656996291798,1.01463863023109,0.107954197534015,0.199999999977304,-0.794849545664176,-0.606806558762718,3.772,17.9307963267949,0.200082249265976,0.504548905976771,0.544999999988875,0.0450874693399405,-1.47203790205267,1.63856031730523,1375.56247203331,0.0038925
16.38,-0.701956004876836,-0.755303073215931,3.77599999997136,17.9857212530791,1.01465698567323,0.107966671246566,0.199999999973299,-0.782555258937946,-0.622581132631374,3.776,17.9507963267949,0.200093054918466,0.504539634733952,0.544999999988579,0.0450866703108945,-1.50041071242664,1.60863070501608,1371.46451999726,0.0037831
16.4,-0.68699360564584,-0.76918093596129,3.77999999997079,18.0057425945498,1.01467580098777,0.107978572502048,0.199999999969187,-0.769947960542072,-0.638106682347947,3.78,17.9707963267949,0.200104023028737,0.504530259262934,0.544999999988245,0.0450858587416261,-1.52819063224372,1.57814002669238,1367.33008561745,0.0037391
16.42,-0.671755944307925,-0.782756598110051,3.78399999997013,18.0257636464386,1.014695065869,0.107989899674247,0.199999999964955,-0.757032693227814,-0.65337699789956,3.784,17.9907963267949,0.200115148214941,0.504520784000859,0.544999999987877,0.0450850350372988,-1.55536653066799,1.54710025953435,1363.16103741116,0.0037638
16.44,-0.656249129750849,-0.796024619826168,3.78799999996938,18.0457844017515,1.01471476988697,0.108000651381784,0.199999999960591,-0.743814622929902,-0.668385971363588,3.788,18.0107963267949,0.200126425061208,0.504511213401301,0.544999999987465,0.045084199605783,-1.58192751903096,1.51552360077085,1358.95924762782,0.0038026
16.46,-0.640479378210885,-0.808979684831688,3.79199999996855,18.0658048536564,1.01473490249253,0.108010826487267,0.199999999956079,-0.730299036700215,-0.683127599350765,3.792,18.0307963267949,0.200137848120078,0.504501551932294,0.544999999987019,0.0450833528574501,-1.60786295517492,1.48342246276018,1354.72659146109,0.0037409
16.48,-0.624453010769111,-0.821616602519272,3.79599999996763,18.0858249954844,1.01475545302233,0.108020424096337,0.199999999951406,-0.716491340593037,-0.697595985406447,3.796,18.0507963267949,0.200149411914853,0.504491804074375,0.544999999986531,0.045082495205001,-1.63316244769691,1.45080946800527,1350.46494626425,0.0037053
16.5,-0.608176450806382,-0.833930310013825,3.79999999996661,18.1058448207322,1.01477641070387,0.108029443556624,0.199999999946557,-0.702397057502714,-0.711785342369123,3.8,18.0707963267949,0.200161110942004,0.504481974318635,0.544999999986003,0.0450816270632628,-1.65781586009175,1.41769744408548,1346.17619076913,0.0039074
16.52,-0.59165622141802,-0.845915874182407,3.80399999996549,18.1258643230632,1.01479776466049,0.108037884456604,0.199999999941518,-0.688021824954558,-0.725689994685196,3.804,18.0907963267949,0.20017293967354,0.504472067164778,0.544999999985426,0.0450807488490322,-1.68181331479249,1.38409941850699,1341.86220430911,0.0039649
16.54,-0.574898942789282,-0.857568493591668,3.80799999996426,18.1458834963099,1.0148195039165,0.108045746624364,0.199999999936271,-0.673371392849922,-0.739304380679132,3.808,18.1107963267949,0.200184892559421,0.504462087119182,0.544999999984803,0.0450798609808545,-1.70514519710658,1.35002861347368,1337.52486604618,0.0037019
16.56,-0.557911329532667,-0.868883500412035,3.81199999996294,18.165902334475,1.01484161740221,0.108053030126278,0.1999999999308,-0.658451621166313,-0.752623054778057,3.812,18.1307963267949,0.200196964029902,0.504452038692975,0.544999999984132,0.0450789638788461,-1.72780215904639,1.315498440581,1333.1660542026,0.003658
16.58,-0.54070018798816,-0.879856362267941,3.81599999996149,18.1859208317329,1.01486409395899,0.10805973526559,0.199999999925088,-0.643268477613474,-0.765640689689912,3.816,18.1507963267949,0.200209148497944,0.50444192640011,0.544999999983406,0.0450780579645281,-1.74977512305237,1.28052249543454,1328.78764529738,0.0038096
16.6,-0.523272413487508,-0.890482684033369,3.81999999995994,18.2059389824316,1.01488692234437,0.1080658625809,0.199999999919114,-0.627828035246386,-0.778352078534298,3.82,18.1707963267949,0.20022144036224,0.504431754763221,0.544999999982806,0.0450771436604914,-1.7710552856076,1.24511455219584,1324.39151338798,0.0036969
16.62,-0.505634987583631,-0.900758209572021,3.82399999995826,18.2259567810934,1.01491009123713,0.108071412844904,0.199999999912924,-0.612136470036131,-0.790752136925159,3.824,18.1907963267949,0.20023383400736,0.504421528289783,0.544999999982116,0.0450762213906925,-1.79163412074214,1.20928855805738,1319.97952931652,0.0036666
16.64,-0.4877949752463,-0.910678823421465,3.82799999995645,18.2459742224167,1.01493358924233,0.108076387062103,0.199999999906486,-0.596200058399572,-0.80283590500447,3.828,18.2107963267949,0.200246323808631,0.504411251490851,0.544999999981349,0.045075291579617,-1.81150338342592,1.17305862764915,1315.55355996302,0.0036186
16.66,-0.469759522025225,-0.920240552420602,3.83199999995451,18.2659913012767,1.01495740489645,0.108080786467309,0.199999999899771,-0.580025174688882,-0.814598549426116,3.832,18.2307963267949,0.200258904133364,0.504400928872962,0.544999999980506,0.0450743546525035,-1.83065511284875,1.13643903737893,1311.1154675036,0.0040895
16.68,-0.451535851181689,-0.929439567279845,3.83599999995244,18.2860080127271,1.01498152667241,0.108084612523802,0.199999999892753,-0.563618288641882,-0.82603536528916,3.836,18.2507963267949,0.200271569343334,0.504390564936116,0.544999999979597,0.0450734110350699,-1.84908163558628,1.09944421970864,1306.66710867512,0.0038363
16.7,-0.43313126078989,-0.938272184093404,3.83999999995022,18.3060243520006,1.01500594298468,0.108087866921388,0.199999999885408,-0.546985962794236,-0.837141778019747,3.84,18.2707963267949,0.200284313797089,0.50438016417193,0.544999999978624,0.0450724611533129,-1.86677556865058,1.06208875736907,1302.21033404633,0.0036374
16.72,-0.414553120809169,-0.946734865793116,3.84399999994785,18.3260403145101,1.01503064219433,0.108090551574387,0.199999999877713,-0.530134849854521,-0.847913345200867,3.844,18.2907963267949,0.200297131852288,0.504369731061813,0.544999999977583,0.045071505433336,-1.8837298224242,1.02438737751523,1297.74698729559,0.0035474
16.74,-0.395808870128293,-0.95482422354326,3.84799999994532,18.3460558958493,1.01505561261408,0.108092668619532,0.199999999869643,-0.513071690043234,-0.858345758349268,3.848,18.3107963267949,0.200310017867981,0.504359270075166,0.544999999976478,0.0450705443011919,-1.89993760347656,0.986354945824754,1293.27890449575,0.0039245
16.76,-0.376906013582995,-0.962537018075846,3.85199999994263,18.366071091794,1.01508084251336,0.108094220413794,0.199999999861175,-0.495803308396795,-0.868434844638786,3.852,18.3307963267949,0.200322966206928,0.504348785667927,0.544999999975329,0.0450695781826731,-1.91539241726153,0.948006460541713,1288.80791340609,0.0040917
16.78,-0.357852118947959,-0.969870160965864,3.85599999993977,18.3860858983023,1.01510632012331,0.10809520953214,0.199999999852293,-0.478336612037616,-0.878176568569428,3.856,18.3507963267949,0.200335971237957,0.504338282283916,0.544999999974344,0.0450686075030984,-1.93008807069527,0.909357046468178,1284.33583277185,0.0037847
16.8,-0.33865481390447,-0.976820715846032,3.85999999993672,18.4061003115154,1.01513203364182,0.10809563876535,0.199999999843057,-0.460678587411363,-0.887567033581505,3.86,18.3707963267949,0.200349027337774,0.504327764342133,0.544999999973241,0.0450676326873328,-1.94401867461321,0.870421948906017,1279.86447163134,0.003601
16.82,-0.319321782984938,-0.983385899560573,3.86399999993348,18.426114327758,1.0151579712385,0.108095511117296,0.199999999833424,-0.442836297492443,-0.896602483614218,3.864,18.3907963267949,0.200362128893866,0.504317236246261,0.544999999972041,0.0450666541593558,-1.95717864610527,0.831216527551302,1275.39562863117,0.0037351
16.84,-0.299860764495523,-0.989563083257615,3.86799999993005,18.4461279435391,1.0151841210597,0.108094829802624,0.199999999823358,-0.424816878958933,-0.905279304608026,3.868,18.4107963267949,0.200375270306338,0.504306702379196,0.544999999970768,0.0450656723422266,-1.96956271072845,0.791756250343799,1270.93109134957,0.0035118
16.86,-0.280279547418093,-0.99534979341979,3.87199999992641,18.466141155552,1.01521047123342,0.108093598244199,0.199999999812835,-0.406627539337988,-0.913594025950221,3.872,18.4307963267949,0.200388445990229,0.50429616710152,0.544999999969431,0.0450646876578765,-1.98116590459584,0.752056687273987,1266.47263562818,0.0034621
16.88,-0.260585968292756,-1.00074371283267,3.87599999992256,18.4861539606749,1.01523700987425,0.108091820070501,0.19999999980183,-0.388275554122936,-0.921543321863127,3.876,18.4507963267949,0.200401650377656,0.504285634749354,0.544999999968045,0.0450637005269864,-1.99198357634141,0.712133504150109,1262.02202491241,0.0034173
16.9,-0.240787908082208,-1.00574268149069,3.87999999991848,18.5061663559708,1.01526372508832,0.108089499112923,0.199999999790326,-0.369768263863173,-0.929124012734368,3.88,18.4707963267949,0.20041487792004,0.504275109633083,0.5449999999666,0.045062711368752,-2.00201138895968,0.67200245632772,1257.58100960072,0.0040211
16.92,-0.22089328901915,-1.01034469744017,3.88399999991417,18.526178338688,1.01529060497813,0.108086639403016,0.199999999778302,-0.35111307122804,-0.936333066388672,3.884,18.4907963267949,0.200428123090238,0.504264596035658,0.544999999965116,0.0450617206007771,-2.01124532151959,0.631679382404268,1253.15132640296,0.0035928
16.94,-0.200910071438029,-1.01454791755926,3.88799999990961,18.5461899062599,1.01531763764744,0.108083245169678,0.199999999765744,-0.332317438045864,-0.943167599300694,3.888,18.5107963267949,0.200441380384655,0.504254098210938,0.544999999963601,0.0450607286388474,-2.01968167075202,0.591180197881201,1248.73469770804,0.0039587
16.96,-0.18084625059237,-1.0183506582744,3.89199999990479,18.5662010563049,1.01534481120606,0.108079320836268,0.19999999975264,-0.313388882319309,-0.949624877748395,3.892,18.5307963267949,0.200454644325411,0.504243620382076,0.544999999962067,0.0450597358968383,-2.02731705251025,0.550520888796163,1244.33283096096,0.0036814
16.98,-0.160709853458958,-1.02175139621307,3.89599999989971,18.5862117866268,1.0153721137747,0.108074871017656,0.199999999738984,-0.29433497521829,-0.955702318906493,3.896,18.5507963267949,0.200467909462382,0.50423316673997,0.544999999960507,0.0450587427864938,-2.03414840310281,0.509717505327784,1239.94741804971,0.0040371
17,-0.140508935530145,-1.02474876879271,3.89999999989434,18.6062220952139,1.01539953348965,0.108069900517227,0.199999999724766,-0.275163338051597,-0.961397491879557,3.9,18.5707963267949,0.200481170375298,0.504222741441663,0.544999999958954,0.045057749717311,-2.04017298049836,0.468786155375657,1235.58013470192,0.0036618
17.02,-0.120251577595554,-1.02734157474541,3.90399999988869,18.6262319802396,1.01542705850757,0.108064414323804,0.19999999970999,-0.255881639218479,-0.966708118674331,3.904,18.5907963267949,0.200494421675764,0.504212348608837,0.544999999957403,0.0450567570963516,-2.04538836540192,0.427742998118021,1231.23263989163,0.0035904
17.04,-0.0999458825144585,-1.02952877457837,3.90799999988274,18.6462414400612,1.01545467701014,0.108058417608534,0.199999999694655,-0.236497591141384,-0.971632075110905,3.908,18.6107963267949,0.20050765800931,0.504201992326277,0.544999999955863,0.0450557653281128,-2.04979246220227,0.386604237549761,1226.90657525629,0.0036214
17.06,-0.0795999719801109,-1.03130949096993,3.91199999987647,18.6662504732202,1.01548237720874,0.108051915721705,0.199999999678766,-0.217018947181091,-0.976167391672356,3.912,18.6307963267949,0.200520874057354,0.504191676640392,0.544999999954336,0.0450547748143489,-2.05338349979003,0.345386116003261,1222.60356452427,0.0039481
17.08,-0.0592219832773077,-1.03268300910093,3.91599999986988,18.6862590784414,1.01551014734902,0.108044914189511,0.199999999662327,-0.197453498535473,-0.98031225429253,3.916,18.6507963267949,0.2005340645392,0.504181405557734,0.544999999952852,0.0450537859539567,-2.0561600322462,0.30410490765472,1218.32521295288,0.004015
17.1,-0.0388200660344715,-1.03364877692147,3.91999999986296,18.7062672546328,1.01553797571549,0.108037418710771,0.199999999645354,-0.177809071123116,-0.984065005081643,3.92,18.6707963267949,0.200547224213976,0.504171183043554,0.544999999951406,0.0450527991427734,-2.0581209394009,0.262776912018499,1214.07310677721,0.0036537
17.12,-0.018402378971532,-1.03420640535286,3.92399999985569,18.7262750008843,1.01556585063603,0.108029435153586,0.19999999962786,-0.158093522453069,-0.987424142989415,3.924,18.6907963267949,0.200560347882519,0.504161013020388,0.544999999950007,0.0450518147734901,-2.05926542726203,0.221418447432095,1209.84881266994,0.0036567
17.14,0.00202291335510687,-1.03435566842483,3.92799999984807,18.7462823164677,1.0155937604864,0.108020969551957,0.199999999609862,-0.138314738481926,-0.990388324405471,3.928,18.7107963267949,0.200573430389327,0.504150899366653,0.544999999948658,0.0450508332354709,-2.05959302831389,0.180045844534335,1205.65387721213,0.0037055
17.16,0.0224476438092324,-1.03409650334775,3.93199999984008,18.7662892008355,1.01562169369464,0.108012028102346,0.199999999591379,-0.118480630459562,-0.992956363696766,3.932,18.7307963267949,0.200586466624362,0.504140845915297,0.544999999947378,0.0450498549146387,-2.05910360168549,0.138675439739374,1201.48982637544,0.0035527
17.18,0.0428636459318339,-1.03342901052019,3.93599999983172,18.7862956536203,1.01564963874546,0.108002617160198,0.199999999572435,-0.0985991317647353,-0.995127233681824,3.936,18.7507963267949,0.200599451524928,0.504130856452427,0.544999999946174,0.0450488801932842,-2.0577973331886,0.0973235687091097,1197.35816501553,0.0035054
17.2,0.063262757197178,-1.03235345347152,3.93999999982297,18.8063016746337,1.01567758418458,0.107992743236414,0.199999999553058,-0.0786781947318402,-0.996900066041596,3.94,18.7707963267949,0.200612380077433,0.50412093471601,0.544999999945046,0.0450479094500052,-2.05567473522552,0.0560065598265774,1193.26037637715,0.0035199
17.22,0.0836368222666661,-1.03087025873984,3.94399999981384,18.8263072638656,1.01570551862304,0.107982412993783,0.199999999533274,-0.0587257874700809,-0.998274151666775,3.944,18.7907963267949,0.200625247319205,0.504111084394587,0.544999999944008,0.0450469430595121,-2.05273664656669,0.0147407276729506,1189.1979216108,0.0042127
17.24,0.103977696239193,-1.02898001568509,3.9479999998043,18.8463124214829,1.01573343074138,0.107971633243372,0.199999999513117,-0.0387498906763337,-0.999248940941431,3.948,18.8107963267949,0.200638048340202,0.504101309126004,0.544999999943062,0.045045981392514,-2.04898423199818,-0.0264576334892891,1185.17223930124,0.0035713
17.26,0.124277247896732,-1.02668347623769,3.95199999979436,18.8663171478284,1.01576130929388,0.107960410940879,0.19999999949262,-0.0187584944429742,-0.999824043962853,3.952,18.8307963267949,0.200650778284752,0.504091612496185,0.544999999942214,0.0450450248156077,-2.04441898183923,-0.0675722562244133,1181.18474500789,0.0035324
17.28,0.144527362943865,-1.02398155458263,3.955999999784,18.8863214434199,1.01578914311263,0.107948753182944,0.199999999471817,0.00124040493805602,-0.999999230697499,3.956,18.8507963267949,0.200663432353214,0.504081998037925,0.544999999941477,0.0450440736911345,-2.03904271133017,-0.108586906420162,1177.23683081726,0.0035217
17.3,0.164719947239995,-1.02087532677923,3.95999999977323,18.9063253089487,1.01581692111164,0.107936667203428,0.199999999450749,0.021238808173646,-0.999774431073011,3.96,18.8707963267949,0.200676005803627,0.504072469229729,0.544999999940844,0.0450431283770397,-2.03285755989076,-0.149485389770535,1173.32986490753,0.0039617
17.32,0.184846930022965,-1.01736603031673,3.96399999976203,18.9263287452784,1.01584463229085,0.107924160369654,0.199999999429452,0.0412287161691469,-0.999149735006242,3.964,18.8907963267949,0.200688493953355,0.504063029494662,0.544999999940318,0.0450421892268154,-2.0258659902496,-0.190251558242092,1169.46519112539,0.0035649
17.34,0.204900267122823,-1.013455063606,3.9679999997504,18.9463317534435,1.01587226574006,0.107911240178624,0.199999999407967,0.061202133227889,-0.99812539236729,3.968,18.9107963267949,0.20070089218064,0.504053682199238,0.544999999939915,0.0450412565892913,-2.01807078744458,-0.230869316521196,1165.64412857524,0.0035625
17.36,0.224871944164476,-1.00914398540738,3.97199999973835,18.966334334648,1.01589981064285,0.107897914253189,0.199999999386336,0.0811510702493575,-0.996701812879551,3.972,18.9307963267949,0.200713195926174,0.504044430652342,0.544999999939624,0.0450403308086007,-2.00947505769519,-0.271322628439648,1161.86797122079,0.0035771
17.38,0.244753979757972,-1.00443451419515,3.97599999972586,18.9863364902638,1.01592725628038,0.107884190338212,0.199999999364601,0.101067547924726,-0.994879565955841,3.976,18.9507963267949,0.200725400694601,0.504035278104193,0.544999999939458,0.0450394122240232,-2.00008222714679,-0.311595523376163,1158.13798749929,0.0037406
17.4,0.264538428675168,-0.999328527458668,3.97999999971293,19.0063382218293,1.01595459203521,0.107870076296684,0.199999999342806,0.120943599928474,-0.992659380470633,3.98,18.9707963267949,0.200737502056016,0.504026227745304,0.5449999999394,0.0450385011698802,-1.9898960404877,-0.351672102631165,1154.45541994827,0.0035644
17.42,0.284217385011538,-0.993828060940664,3.98399999969957,19.0263395310479,1.01598180739498,0.107855580105826,0.19999999932099,0.140771276104814,-0.990042144468518,3.984,18.9907963267949,0.200749495647405,0.504017282705519,0.544999999939471,0.0450375979754356,-1.97892055943939,-0.391536545772363,1150.82148484506,0.0035428
17.44,0.303782985331886,-0.987935307812866,3.98799999968577,19.0463404197858,1.01600889195604,0.107840709853164,0.1999999992992,0.160542645647634,-0.987028904809002,3.988,19.0107963267949,0.200761377174047,0.504008446053658,0.544999999939689,0.0450367029647887,-1.96716016112059,-0.431173116948608,1147.2373718591,0.0035338
17.46,0.323227411798733,-0.981652617789369,3.99199999967154,19.0663408900711,1.01603583542709,0.107825473732609,0.199999999277488,0.180249800272735,-0.983620866747772,3.992,19.0307963267949,0.200773142410895,0.503999720794951,0.544999999940026,0.0450358164567973,-1.95461953628587,-0.470566171169526,1143.70424371695,0.0037056
17.48,0.342542895282156,-0.974982496178105,3.99599999965687,19.0863409440911,1.01606262763261,0.107809880040448,0.199999999255897,0.199884857381025,-0.979819393454614,3.996,19.0507963267949,0.200784787198884,0.503991109843772,0.54499999993846,0.0450349387656757,-1.94130368743949,-0.509700160548446,1140.22323588013,0.003572
17.5,0.361721718449869,-0.967927602870803,3.99999999964177,19.1063405841912,1.01608925851618,0.107793937170193,0.199999999233742,0.219439963211459,-0.975626005468158,4,19.0707963267949,0.200796307436587,0.503982615965049,0.544999999927577,0.0450340702019038,-1.92721792682523,-0.548559640506161,1136.79545623553,0.003539
17.52,0.380756218836341,-0.960490751271887,4.00399999962618,19.1263398128728,1.01611571814314,0.107777653604975,0.19999999920767,0.238907295982436,-0.971042380087687,4.004,19.0907963267949,0.200807699146843,0.50397424211656,0.544999999920729,0.0450332110616399,-1.91236787429301,-0.587129275933059,1133.42198480249,0.0035188
17.54,0.399638791889743,-0.95267490716664,4.00799999961005,19.1463386327912,1.01614199670602,0.107761037924447,0.199999999179132,0.258279069020408,-0.966070350702241,4.008,19.1107963267949,0.200818958391892,0.50396599104552,0.544999999916911,0.0450323616450669,-1.8967594550432,-0.625393847307195,1130.1038734463,0.0035505
17.56,0.418361893995536,-0.944483187529105,4.01199999959333,19.1663370467536,1.01616808452634,0.107744098794701,0.19999999914922,0.277547533874446,-0.960711906057281,4.012,19.1307963267949,0.200830081314669,0.503957865432622,0.544999999915319,0.0450315222431034,-1.88039889724957,-0.663338256765885,1126.84214560947,0.0035179
17.58,0.436918045475527,-0.935918859270324,4.01599999957601,19.1863350577173,1.016193972058,0.107726844964162,0.199999999118735,0.296704983415519,-0.954969189459218,4.016,19.1507963267949,0.200841064135304,0.503949867891082,0.544999999915389,0.0450306931410391,-1.86329272956167,-0.700947534128415,1123.63779605499,0.0035423
17.6,0.455299833561229,-0.926985337927346,4.01999999955808,19.2063326687873,1.01621964989039,0.10770928525954,0.199999999088276,0.315743754919243,-0.948844497918124,4.02,19.1707963267949,0.200851903152224,0.503942000966054,0.544999999916638,0.0450298746182244,-1.84544777848786,-0.738206842867506,1120.4917906228,0.0035206
17.62,0.473499915340348,-0.917686186293547,4.02399999953955,19.2263298832144,1.01624510875142,0.107691428581769,0.199999999058265,0.334656233130857,-0.942340281228955,4.024,19.1907963267949,0.200862594741286,0.503934267080165,0.544999999916483,0.0450290669491761,-1.8268711656599,-0.775101486027146,1117.40506599919,0.0036973
17.64,0.491511020675283,-0.908025112990814,4.02799999952041,19.2463267043929,1.01627033951033,0.107673283899676,0.199999999028199,0.353434853311242,-0.935459140991663,4.028,19.2107963267949,0.200873135349956,0.503926668298509,0.544999999900991,0.0450282704073068,-1.80757030498023,-0.811616912084486,1114.37852949925,0.0038358
17.66,0.509325955092524,-0.89800597098429,4.03199999950062,19.2663231358585,1.01629533318014,0.107654860233723,0.199999998992556,0.372072104262704,-0.928203829570598,4.032,19.2307963267949,0.200883521542703,0.503919207357383,0.544999999891304,0.0450274852411544,-1.78755289965306,-0.847738720753463,1111.41305886437,0.0038712
17.68,0.526937602641719,-0.887632756039954,4.03599999948008,19.2863191812861,1.01632008092181,0.107636166683223,0.199999998953425,0.390560531333356,-0.92057724899359,4.036,19.2507963267949,0.200893749932935,0.503911886523621,0.544999999885929,0.0450267117119145,-1.7668269391006,-0.883452668727873,1108.50950206988,0.0037697
17.7,0.544338928723307,-0.876909605125686,4.03999999945874,19.3063148444869,1.01634457404584,0.107617212405575,0.19999999891236,0.40889273939888,-0.912582449791185,4.04,19.2707963267949,0.200903817226433,0.503904707994417,0.544999999883738,0.0450259500681555,-1.74540069576541,-0.918744675361612,1105.66867714777,0.0038559
17.72,0.561522982883706,-0.865840794756782,4.04399999943656,19.3263101294066,1.01636880401526,0.107598006612112,0.199999998870505,0.427061395820474,-0.904222629776466,4.044,19.2907963267949,0.200913720213167,0.503897673895263,0.544999999883897,0.0450252005523346,-1.72328272180037,-0.953600828283846,1102.89137202238,0.0037104
17.74,0.578482901576932,-0.854430739286362,4.04799999941356,19.3463050401228,1.01639276244827,0.107578558564031,0.199999998828708,0.445059233377816,-0.895501132765978,4.048,19.3107963267949,0.200923455768146,0.503890786279778,0.544999999885732,0.045024463400577,-1.7004818456475,-0.988007388946901,1100.17834435918,0.0035926
17.76,0.59521191089157,-0.842683989141407,4.05199999938972,19.3662995808425,1.01641644112065,0.107558877568332,0.199999998787572,0.462879053175851,-0.88642144724224,4.052,19.3307963267949,0.200933020852249,0.503884047129251,0.544999999888748,0.0450237388425541,-1.67700716850702,-1.02195079810467,1097.53032142674,0.003527
17.78,0.611703329242028,-0.830605229005067,4.05599999936507,19.3862937558998,1.01643983196827,0.10753897297376,0.199999998747521,0.480513727524258,-0.876987204958398,4.056,19.3507963267949,0.200942412512981,0.503877458352279,0.544999999892596,0.0450230271014399,-1.65286806069798,-1.0554176812194,1094.94799997186,0.0035536
17.8,0.627950570023039,-0.818199275946011,4.05999999933963,19.4062875697532,1.0164629270894,0.107518854166751,0.199999998708856,0.497956202788415,-0.867202179485581,4.06,19.3707963267949,0.200951627885176,0.503871021784436,0.54499999989698,0.0450223283939149,-1.62807415791203,-1.08839485379471,1092.43204610788,0.0035657
17.82,0.643947144226357,-0.805471077495517,4.06399999931344,19.4262810269831,1.01648571874695,0.107498530567397,0.199999998671769,0.515199502210785,-0.857070284703512,4.064,19.3907963267949,0.200960664191738,0.503864739187926,0.544999999901702,0.0450216429300075,-1.60263535736177,-1.12086932663268,1089.98309521595,0.0035445
17.84,0.659686663018653,-0.792425709673082,4.06799999928652,19.4462741322892,1.01650819937073,0.10747801162541,0.199999998636381,0.532236728701506,-0.846595573235013,4.068,19.4107963267949,0.200969518744254,0.50385861225133,0.544999999906606,0.0450209709131585,-1.57656181382513,-1.15282831101311,1087.6017518596,0.0035269
17.86,0.67516284027958,-0.779068374961328,4.07199999925891,19.466266890488,1.01653036155947,0.107457306816107,0.199999998602759,0.549061067597141,-0.83578223482501,4.072,19.4307963267949,0.200978188943611,0.503852642589367,0.544999999911615,0.0450203125401408,-1.54986393558753,-1.18425922379264,1085.28858971209,0.003599
17.88,0.69036949509905,-0.765404400230996,4.07599999923065,19.48625930651,1.01655219808294,0.107436425636406,0.199999998570941,0.565665789386454,-0.824634594664691,4.076,19.4507963267949,0.200986672280567,0.503846831742658,0.544999999916615,0.0450196680009652,-1.52255238028325,-1.21514969242202,1083.04415149695,0.0035082
17.9,0.705300554232711,-0.751439234616845,4.07999999920177,19.5062513853969,1.01657370188383,0.107415377600833,0.199999998540922,0.582044252402122,-0.813157111661489,4.08,19.4707963267949,0.200994966336288,0.50384118117756,0.544999999921592,0.0450190374789421,-1.49463805063776,-1.24548755987923,1080.86894894133,0.0035311
17.92,0.719950054514707,-0.737178447345297,4.0839999991723,19.5262431322994,1.01659486607968,0.107394172237555,0.199999998512695,0.598189905477316,-0.801354376655571,4.084,19.4907963267949,0.201003068782821,0.503835692286029,0.544999999926486,0.0450184211505809,-1.46613209011272,-1.27526088951682,1078.76346274226,0.0035571
17.94,0.734312145226752,-0.722627725514673,4.08799999914229,19.5462345524739,1.01661568396461,0.107372819084426,0.19999999848623,0.614096290566081,-0.789231110583572,4.088,19.5107963267949,0.201010977383574,0.503830366385489,0.544999999931266,0.0450178191855709,-1.43704587845528,-1.30445796982129,1076.72814254573,0.0037638
17.96,0.748381090422605,-0.707792871828897,4.09199999911177,19.5662256512799,1.01663614901107,0.107351327685049,0.199999998461485,0.629757045326459,-0.776792162590283,4.092,19.5307963267949,0.201018689993678,0.503825204718744,0.544999999935945,0.0450172317467594,-1.40739102715358,-1.33306731908284,1074.76340693854,0.0040146
17.98,0.762151271207041,-0.69267980228556,4.09599999908077,19.5862164341773,1.01665625487146,0.107329707584867,0.199999998438425,0.645165905665354,-0.764042508089049,4.096,19.5507963267949,0.201026204560404,0.503820208453955,0.544999999940511,0.0450166589901523,-1.37717937480007,-1.36107768997347,1072.8696434528,0.0037232
18,0.775617187968421,-0.677294543819236,4.09999999904932,19.6062069067236,1.01667599537969,0.107307968327276,0.199999998417009,0.66031670824408,-0.750987246771676,4.1,19.5707963267949,0.201033519123483,0.503815378684603,0.544999999944944,0.0450161010648532,-1.34642298236474,-1.38847807403176,1071.04720858303,0.0039457
18.02,0.788773462564004,-0.661643231900996,4.10399999901746,19.6261970745708,1.01669536455261,0.107286119449755,0.199999998397189,0.675203392943614,-0.737631600568625,4.104,19.5907963267949,0.20104063181537,0.503810716429504,0.544999999949245,0.0450155581130689,-1.31513412837984,-1.41525770605245,1069.29642781584,0.0043201
18.04,0.801614840457127,-0.645732108095039,4.10799999898523,19.6461869434631,1.01671435659144,0.107264170480027,0.199999998378917,0.689820005288563,-0.723980911560303,4.108,19.6107963267949,0.201047540861537,0.503806222632842,0.544999999953436,0.0450150302700626,-1.28332530403828,-1.44140606837924,1067.61759567198,0.0037877
18.06,0.81413619280544,-0.629567517573407,4.11199999895264,19.6661765192334,1.01673296588303,0.10724213093225,0.199999998362154,0.704160698828874,-0.710040639840307,4.112,19.6307963267949,0.201054244580648,0.503801898164256,0.54499999995751,0.045014517664202,-1.25100920820741,-1.46691289509888,1066.01097576082,0.0038268
18.08,0.826332518499356,-0.613155906589761,4.11599999891973,19.6861658078005,1.01675118700115,0.10722001030323,0.199999998346858,0.718219737478337,-0.695816361331457,4.116,19.6507963267949,0.201060741384754,0.503797743818946,0.544999999961466,0.0450140204168887,-1.21819874236033,-1.49176817613513,1064.47680084703,0.0038689
18.1,0.838198946149943,-0.596503819913195,4.11999999888652,19.7061548151668,1.01676901470753,0.107197818068668,0.199999998332985,0.731991497808947,-0.6813137655555,4.12,19.6707963267949,0.201067029779417,0.503793760317797,0.544999999965312,0.0450135386425859,-1.18490700542666,-1.51596216124083,1063.01527292948,0.003969
18.12,0.849730736025466,-0.579617898223101,4.12399999885306,19.7261435474144,1.01678644395304,0.107175563679433,0.199999998320498,0.745470471300187,-0.666538653357386,4.124,19.6907963267949,0.201073108363788,0.503789948307547,0.544999999969058,0.0450130724487902,-1.15114728856479,-1.53948536388652,1061.62656333213,0.0039029
18.14,0.860923281935813,-0.562504875466098,4.12799999881936,19.7461320107032,1.01680346987857,0.107153256557875,0.199999998309359,0.758651266542381,-0.651496934584992,4.128,19.7107963267949,0.201078975830705,0.503786308360971,0.544999999972696,0.0450126219360566,-1.11693306985776,-1.56232856504416,1060.31081280697,0.0037278
18.16,0.87177211306409,-0.545171576176065,4.13199999878545,19.7661202112668,1.01682008781599,0.107130906094165,0.199999998299529,0.771528611393173,-0.636194625725274,4.132,19.7307963267949,0.201084630966668,0.503782840977124,0.544999999976252,0.0450121871979895,-1.08227800893475,-1.5844828168643,1059.06813164872,0.0037549
18.18,0.882272895744641,-0.527624912758317,4.13599999875135,19.7861081554107,1.01683629328892,0.107108521642673,0.19999999829098,0.78409735508632,-0.620637847497748,4.136,19.7507963267949,0.20109007265184,0.503779546581568,0.544999999979703,0.0450117683212254,-1.04719594152044,-1.60593944624536,1057.89859982132,0.0041089
18.2,0.892421435186814,-0.509871882738995,4.1399999987171,19.8060958495084,1.01685208201352,0.10708611251838,0.199999998283673,0.796352470291923,-0.604832822406284,4.14,19.7707963267949,0.20109529985996,0.503776425526669,0.544999999983086,0.0450113653854861,-1.01170087391427,-1.62669005829367,1056.80226709603,0.0041256
18.22,0.902213677143782,-0.491919565980737,4.14399999868271,19.8260832999989,1.01686744989909,0.107063687993327,0.199999998277583,0.808289055127301,-0.588785872250188,4.144,19.7907963267949,0.201100311658283,0.503773478091904,0.544999999986369,0.045010978463542,-0.975806977401918,-1.64672653967261,1055.77915320099,0.0038923
18.24,0.911645709525772,-0.473775121865722,4.14799999864821,19.8460705133835,1.0168823930487,0.107041257293107,0.199999998272677,0.819902335117672,-0.572503415595565,4.148,19.8107963267949,0.201105107207399,0.50377070448417,0.544999999989573,0.0450106076212377,-0.93952858260108,-1.66604106183995,1054.82924798219,0.0039066
18.26,0.92071376395706,-0.455445786447189,4.15199999861363,19.8660574962229,1.01689690775963,0.10701882959339,0.199999998268923,0.831187665105884,-0.555991965207978,4.152,19.8307963267949,0.201109685761103,0.50376810483817,0.54499999999269,0.0450102529175345,-0.902880173743848,-1.68462608417169,1053.95251157563,0.0038128
18.28,0.929414217276125,-0.436938869570541,4.15599999857898,19.8860442551341,1.01691099052382,0.106996414016493,0.199999998266291,0.842140531110405,-0.539258125447438,4.156,19.8507963267949,0.201114046666129,0.503765679216803,0.544999999995732,0.0450099144044938,-0.865876382897969,-1.70247435697145,1053.14887459064,0.0036031
18.3,0.937743592978359,-0.418261751965162,4.15999999854429,19.9060307967874,1.01692463802819,0.106974019627991,0.199999998264755,0.852756552130873,-0.522308589626732,4.16,19.8707963267949,0.201118189361949,0.503763427611563,0.5449999999987,0.0450095921273041,-0.828531984129222,-1.71957892436409,1052.41823830412,0.0036951
18.32,0.945698562600773,-0.39942188230808,4.16399999850958,19.9260171279034,1.01693784715491,0.106951655433365,0.199999998264287,0.863031481900425,-0.505150137334196,4.164,19.8907963267949,0.201122113380468,0.503761349942995,0.545000000001597,0.0450092861243296,-0.790861887607259,-1.73593312707243,1051.76047486561,0.003673
18.34,0.95327594704815,-0.380426774260627,4.16799999847488,19.9460032552501,1.01695061498156,0.106929330374708,0.199999998264861,0.872961210584149,-0.487789631721972,4.168,19.9107963267949,0.201125818345696,0.503759446061154,0.545000000004421,0.045008996427093,-0.752881133657218,-1.75153060507599,1051.17542751311,0.0036245
18.36,0.960472717860108,-0.361284003479254,4.17199999844019,19.9659891856395,1.01696293878121,0.106907053327459,0.199999998266453,0.882541766422967,-0.470234016760835,4.172,19.9307963267949,0.201129303973399,0.5037577157461,0.545000000007178,0.0450087230603508,-0.714604886759473,-1.76636530015063,1050.66291079929,0.0036435
18.38,0.967285998418583,-0.34200120460167,4.17599999840554,19.9859749259251,1.01697481602249,0.106884833097194,0.199999998269037,0.891769317322283,-0.452490314462696,4.176,19.9507963267949,0.201132570070682,0.503756158708423,0.545000000009856,0.0450084660420813,-0.676048429499892,-1.78043145828821,1050.22271082826,0.0035478
18.4,0.973713065095243,-0.32258606820948,4.17999999837096,20.0059604829984,1.01698624436948,0.106862678416459,0.199999998272585,0.900640172384768,-0.434565622071897,4.18,19.9707963267949,0.2011356165356,0.503754774589766,0.545000000012471,0.0450082253835421,-0.637227156472995,-1.79372363199509,1049.85458550241,0.003623
18.42,0.97975134833838,-0.303046337768512,4.18399999833646,20.0259458637861,1.01699722168159,0.106840597941654,0.199999998277075,0.909150783386676,-0.416467109226399,4.184,19.9907963267949,0.201138443356643,0.503753562963408,0.545000000015015,0.0450080010892919,-0.598156568140425,-1.80623668246887,1049.55826477941,0.0035823
18.44,0.985398433698842,-0.28338980654803,4.18799999830205,20.0459310752472,1.01700774601336,0.106818600249965,0.19999999828248,0.917297746197079,-0.398202015090029,4.188,20.0107963267949,0.201141050612285,0.503752523334851,0.545000000017507,0.0450077931572583,-0.558852264647161,-1.81796578165212,1049.33345093912,0.0035341
18.46,0.990652062794595,-0.263624314520047,4.19199999826777,20.0659161243697,1.01701781561413,0.10679669383634,0.199999998288783,0.925077802139475,-0.379777645456915,4.192,20.0307963267949,0.20114343847039,0.503751655142426,0.545000000019927,0.0450076015787289,-0.519329939597914,-1.82890641416261,1049.17981886017,0.0034971
18.48,0.995510134213526,-0.243757745239928,4.19599999823361,20.0859010181679,1.01702742892772,0.106774887110525,0.199999998295957,0.932487839295222,-0.361201369829252,4.196,20.0507963267949,0.201145607187702,0.503750957757938,0.545000000022276,0.0450074263384311,-0.479605373796189,-1.83905437909909,1049.09701630623,0.0035332
18.5,0.999970704354125,-0.22379802270953,4.19999999819961,20.105885763679,1.01703658459194,0.106753188394144,0.199999998303976,0.939524893748256,-0.342480618469613,4.2,20.0707963267949,0.201147557109216,0.503750430487314,0.545000000024567,0.0450072674145719,-0.43969442894846,-1.84840579172194,1049.08466422156,0.0037037
18.52,1.00403198820371,-0.203753108224098,4.20399999816578,20.1258703679608,1.01704528143811,0.106731605917836,0.19999999831282,0.946186150770622,-0.323622879428932,4.204,20.0907963267949,0.201149288667533,0.503750072571306,0.54500000002678,0.0450071247788813,-0.399613041335972,-1.856957085008,1049.14235703593,0.0036048
18.54,1.00769236005385,-0.183630997204142,4.20799999813214,20.1458548380878,1.01705351849045,0.106710147818441,0.199999998322461,0.952468945948328,-0.304635695551394,4.208,20.1107963267949,0.201150802382214,0.503749883186163,0.545000000028952,0.0450069983966465,-0.359377215456676,-1.86470501107904,1049.26966297849,0.0035799
18.56,1.01095035415276,-0.163439716013551,4.21199999809869,20.165839181149,1.01706129496539,0.10668882213624,0.199999998332884,0.95837076624707,-0.285526661457391,4.212,20.1307963267949,0.20115209885906,0.503749861444384,0.545000000031063,0.045006888226794,-0.319003017639794,-1.87164664250311,1049.46612440056,0.0034909
18.58,1.01380466529432,-0.143187318765187,4.21599999806546,20.1858234042446,1.01706861027087,0.106667636812258,0.199999998344066,0.96388925101742,-0.266303420505776,4.216,20.1507963267949,0.201153178789394,0.503750006395452,0.545000000033111,0.0450067942219243,-0.278506569635565,-1.8777793734685,1049.73125810717,0.0043147
18.6,1.01625414934351,-0.122881884115207,4.21999999803246,20.2058075144831,1.01707546400551,0.106646599685607,0.199999998355987,0.96902219293905,-0.246973661736621,4.22,20.1707963267949,0.201154042949295,0.503750317026585,0.5450000000351,0.0450067163283565,-0.237904042182695,-1.88310092082955,1050.06455569703,0.0043435
18.62,1.01829782369807,-0.102531512047375,4.22399999799971,20.2257915189784,1.01708185595772,0.106625718490899,0.199999998368623,0.973767538903626,-0.227545116795712,4.224,20.1907963267949,0.20115469219878,0.50375079226354,0.545000000037042,0.0450066544862106,-0.197211648556068,-1.88760932502416,1050.46548391091,0.0043
18.64,1.01993486768613,-0.0821443206486246,4.22799999796721,20.2457754248469,1.01708778610472,0.106605000855708,0.199999998381958,0.978123390836036,-0.20802555684198,4.228,20.2107963267949,0.201155127481031,0.503751430971406,0.545000000038911,0.0450066086294599,-0.156445638097271,-1.89130295086238,1050.93348498811,0.0036109
18.66,1.02116462289972,-0.0617284428771405,4.23199999793499,20.2657592392046,1.01709325461159,0.106584454298095,0.199999998395966,0.982088006453582,-0.188422789439148,4.232,20.2307963267949,0.20115534982149,0.503752231955439,0.545000000040724,0.0450065786860026,-0.115622289730489,-1.89418048818597,1051.46797703092,0.0035122
18.68,1.02198659346391,-0.0412920233242248,4.23599999790306,20.2857429691641,1.01709826183007,0.106564086224183,0.199999998410626,0.985659799962879,-0.168744655432811,4.236,20.2507963267949,0.201155360327009,0.503753193961894,0.545000000042487,0.0450065645776865,-0.0747579054663589,-1.89624095239847,1052.06835437687,0.0036238
18.7,1.02240044624154,-0.0208432149712234,4.23999999787142,20.3057266218318,1.01710280829748,0.106543903925796,0.199999998425922,0.988837342694146,-0.148999025814199,4.24,20.2707963267949,0.201155160184916,0.503754315678889,0.545000000044204,0.0450065662204231,-0.0338688038963306,-1.8974836848657,1052.73398797843,0.0035127
18.72,1.02240601097347,-0.000390175942787258,4.2439999978401,20.3257102043053,1.01710689473543,0.10652391457816,0.199999998441835,0.991619363672658,-0.129193798571889,4.244,20.2907963267949,0.201154750662093,0.503755595737292,0.54500000004585,0.0450065835242525,0.00702868631985811,-1.8979083531864,1053.46422579024,0.0036229
18.74,1.02200328035413,0.020058933742255,4.2479999978091,20.3456937236701,1.01711052204857,0.106504125237659,0.199999998458341,0.994004750127115,-0.109336895532711,4.248,20.3107963267949,0.201154133103989,0.503757032711601,0.545000000047461,0.0450066163933609,0.0479182329710312,-1.89751495133304,1054.25839316344,0.0036716
18.76,1.02119241004251,0.0404959554211329,4.25199999777844,20.3656771869974,1.01711369132317,0.106484542839647,0.199999998475427,0.995992547934743,-0.0894362591931219,4.252,20.3307963267949,0.20115330893366,0.503758625120864,0.545000000049008,0.0450066647262224,0.0887835068131526,-1.89630379966256,1055.11579324691,0.0035734
18.78,1.01997371860847,0.0609127350371998,4.25599999774813,20.3856606013407,1.01711640382571,0.106465174196335,0.19999999849307,0.997581962002919,-0.0694998495423269,4.256,20.3507963267949,0.201152279650688,0.503760371429599,0.545000000050501,0.0450067284155989,0.12960818808705,-1.89427554479709,1056.03570739544,0.0035427
18.8,1.01834768741436,0.0813011263885467,4.25999999771817,20.4056439737335,1.01711866100139,0.106446025994724,0.19999999851125,0.99877235658721,-0.0495356408783674,4.26,20.3707963267949,0.201151046830193,0.503762270048755,0.545000000051953,0.0450068073487195,0.170375973032698,-1.89143115937479,1057.01739558433,0.003985
18.82,1.01631496043203,0.101652994373883,4.26399999768858,20.4256273111862,1.01712046447255,0.106427104794609,0.199999998529953,0.999563255545654,-0.0295516186185229,4.264,20.3907963267949,0.201149612121745,0.503764319336662,0.545000000053352,0.0450069014072394,0.211070580397471,-1.88777194167068,1058.06009683042,0.0036173
18.84,1.01387634399525,0.121960218234406,4.26799999765938,20.445610620684,1.01712181603707,0.106408417026641,0.19999999854916,0.999954342529211,-0.00955577610524739,4.268,20.4107963267949,0.201147977248242,0.503766517599999,0.545000000054712,0.0450070104673987,0.251675757935791,-1.88329951508778,1059.16302961928,0.0035129
