Time,X,Y,Z,Psi,Vx_B,Vy_B,Vz_B,Ref_X,Ref_Y,Ref_Z,Ref_Psi,Ux,Uy,Uz,Upsi,Int_X,Int_Y,Cost,CalcTime
0,1,0,1,1.5707963267949,1,6.12323399573677e-17,0,1,0,1,1.5707963267949,0.238955043281479,0.572650734251646,0.54499999317905,0.0476613726511292,0,0,50.3364391283372,0.0050313
0.02,0.999759631203535,0.0199939915822045,0.999999999975445,1.59085252063525,0.99960047525334,0.00398326508010836,-2.45554204525433e-09,0.999800006666578,0.0199986666933331,1,1.5907963267949,0.239558841604659,0.574097642554665,0.5449999955705,0.046163276661584,0.0399967945869056,0.000399925192595476,58.8559980182938,0.0042329
0.04,0.999038547759298,0.0399698175468424,0.999999999910388,1.61098173617681,0.999308368350854,0.00792957902304712,-4.05016219673371e-09,0.999200106660978,0.0399893341866342,1,1.6107963267949,0.240169462411169,0.575287545478443,0.544999997334672,0.0459372145500691,0.0799743608886656,0.00159927714310926,68.2501017449303,0.0036989
0.06,0.997836715421614,0.0599183328649063,0.999999999819789,1.63114104757171,0.999122717055509,0.0118690670787548,-5.00968027949966e-09,0.998200539935204,0.0599640064794446,1,1.6307963267949,0.240780832390419,0.576247903039926,0.544999998619607,0.0459208955392146,0.119913468340839,0.00359714646600716,78.5123040829484,0.0037613
0.08,0.996154478261937,0.0798303616439091,0.999999999714626,1.65132254409322,0.999042463904856,0.0157979308249185,-5.50662178966377e-09,0.996801706302619,0.0799146939691727,1,1.6507963267949,0.241385911614052,0.576991625127356,0.544999999540607,0.0459370219875034,0.15979489264306,0.00639225729126397,89.6356058286641,0.0032939
0.1,0.993992542991657,0.0996967113671142,0.99999999960284,1.6715241219015,0.99906614538568,0.0197071843229114,-5.67200316936578e-09,0.995004165278026,0.0998334166468282,1,1.6707963267949,0.241977719327583,0.577529290586854,0.545000000186735,0.0459563514794034,0.19959943054556,0.0099829663454695,101.612430235542,0.0037282
0.12,0.991351969232429,0.119508182377271,0.999999999490072,1.69174462018257,0.999191841924113,0.0235874458260524,-5.60477857902697e-09,0.992808635853866,0.119712207288919,1,1.6907963267949,0.242549730857069,0.577871116560976,0.545000000626568,0.0459741048456304,0.239307914154838,0.0143672624826458,114.434635787113,0.0034852
0.14,0.988234160751308,0.139255576354969,0.999999999380232,1.71198302127644,0.999417196746428,0.0274297309754296,-5.37921430066035e-09,0.990215996212637,0.139543114644236,1,1.7107963267949,0.243095939281073,0.578027259036777,0.54500000091276,0.0459895454772446,0.278901224873944,0.0195427665696727,128.09352726446,0.003634
0.16,0.984640856841045,0.158929704486454,0.999999999275934,1.73223832195052,0.999739448541786,0.0312255843047685,-5.05062079270146e-09,0.987227283375627,0.159318206614246,1,1.7307963267949,0.243610858383483,0.578007839158733,0.5450000010856,0.0460026081539409,0.318360306995806,0.0255067317038969,142.579866748648,0.0032882
0.18,0.980574123715588,0.178521395428766,0.999999999178829,1.75250951532353,1.0001554664294,0.0349671001197489,-4.65980480868211e-09,0.983843692788121,0.179029573425824,1,1.7507963267949,0.244089514483544,0.577822925336502,0.545000001175795,0.0460133421812115,0.357666180952167,0.0322560437532972,157.883885129326,0.0037983
0.2,0.976036345906389,0.19802150308465,0.999999999089866,1.77279559091681,1.0006617848721,0.0386469237413635,-4.23651847825112e-09,0.980066577841242,0.198669330795061,1,1.7707963267949,0.244527435378242,0.577482509119876,0.54500000120665,0.0460218190878276,0.396799956218352,0.0397872222114509,173.995294204946,0.0036334
0.22,0.971030217664426,0.217420914184597,0.999999999009479,1.79309553755724,1.00125463801019,0.0422582481878193,-3.80212444639482e-09,0.975897449330606,0.218229623080869,1,1.7907963267949,0.244920637878093,0.576996481131718,0.545000001195752,0.046028117016257,0.435742843873982,0.0480964213596526,190.903299356439,0.0035709
0.24,0.965558734375978,0.236710555671388,0.999999998937742,1.81340834660759,1.00192999324882,0.045794808843869,-3.37165385388971e-09,0.97133797485203,0.237702626427135,1,1.8107963267949,0.245265614262381,0.57637460812075,0.545000001156294,0.0460323177811648,0.474476168820004,0.0571794317283813,208.59661275643,0.0058332
0.26,0.959625184000615,0.255881401882692,0.999999998874471,1.83373301510581,1.00268358400425,0.0492508766016948,-2.9553880409594e-09,0.966389978134513,0.257080551892155,1,1.8307963267949,0.245559317783588,0.575626511329369,0.545000001098095,0.0460345060280339,0.51298138165278,0.0670316818501244,227.063467072792,0.0033361
0.28,0.953233138539816,0.274924481527765,0.999999998819317,1.85406854874259,1.00351094153227,0.0526212496190032,-2.56007400167845e-09,0.961055438310771,0.276355648564114,1,1.8507963267949,0.245799147318051,0.574761646224193,0.545000001028396,0.0460347687482272,0.551240070196271,0.0776482402953988,246.291629625225,0.003817
0.3,0.946386445544479,0.29383088445491,0.999999998771818,1.87441396466478,1.00440742577001,0.0559012437861907,-2.18985157118822e-09,0.955336489125606,0.29552020666134,1,1.8707963267949,0.245982931253624,0.573789283608426,0.545000000952475,0.0460331948634431,0.58923397069372,0.0890238179836666,266.26841695397,0.0032739
0.32,0.939089219669385,0.312591768206904,0.99999999873145,1.89476829410224,1.00536825512895,0.0590866819873248,-1.84696073546319e-09,0.949235418082441,0.314566560616118,1,1.8907963267949,0.246108910705928,0.572718492125103,0.545000000874123,0.0460298748328942,0.626944978660554,0.101152770760716,286.980709760388,0.0040447
0.34,0.931345834282478,0.331198364362226,0.999999998697657,1.9151305848178,1.00638853518264,0.0621738822399174,-1.53227659893673e-09,0.942754665528346,0.333487092140814,1,1.9107963267949,0.246175722152314,0.571558122155057,0.545000000796008,0.0460249002761716,0.664355159400521,0.114029102233982,308.414968179756,0.0034941
0.36,0.923160913136588,0.349641984660475,0.999999998669877,1.93549990338101,1.00746328619945,0.0651596447995998,-1.24571368331771e-09,0.935896823677935,0.35227423327509,1,1.9307963267949,0.246182379571166,0.570316791106889,0.545000000719961,0.046018363611162,0.701446758187437,0.127646466857205,330.557247347351,0.0033606
0.38,0.914539322110968,0.367914026910934,0.999999998647555,1.95587533726665,1.0085874694764,0.0680412383166948,-9.86527837198987e-10,0.92866463557651,0.370920469412983,1,1.9507963267949,0.246128256176123,0.569002870092894,0.545000000647185,0.0460103577074883,0.738202210115162,0.14199817325577,353.393213219601,0.0032844
0.4,0.905486161029721,0.386005980683817,0.999999998630154,1.97625599677996,1.00975601243713,0.0708163851322542,-7.53541087306071e-10,0.921060994002885,0.389418342308651,1,1.9707963267949,0.246013065828341,0.567624471976672,0.545000000578427,0.0460009755558627,0.774604149618764,0.157077187784042,376.908158612895,0.0034016
0.42,0.896006755563927,0.403909432784255,0.999999998617166,1.99664101681055,1.01096383246269,0.0734832458011542,-5.45307266008872e-10,0.913088940312308,0.40776045305957,1,1.9907963267949,0.245836844211614,0.566189440776938,0.5450000005141,0.0459903099538635,0.810635419670059,0.172876138306011,401.087019423453,0.0032783
0.44,0.886106649223923,0.421616072509614,0.99999999860811,2.01702955841779,1.01220585943086,0.0760404029296119,-3.60231240392745e-10,0.904751663219963,0.425939465066,1,2.0107963267949,0.245599929850571,0.564705342404193,0.545000000454373,0.0459784532084183,0.846279080651027,0.18938731819055,425.914390992565,0.003247
0.46,0.875791595447905,0.439117696691242,0.999999998602542,2.03742081025081,1.01347705694531,0.0784868444137085,-1.96656806394907e-10,0.896052497525525,0.44394810696552,1,2.0307963267949,0.245302945050032,0.563179456704801,0.545000000399257,0.0459654968552678,0.881518418908824,0.206602690512661,451.374544582434,0.0032804
0.48,0.865067549792601,0.456406214522208,0.999999998600046,2.05781398980659,1.01477244224237,0.0808219461644404,-5.29243493474442e-11,0.886994922779284,0.461779175541483,1,2.0507963267949,0.244946776830485,0.561618770781139,0.545000000348634,0.0459515313955801,0.916336954996361,0.224513892452097,477.451443928853,0.0032504
0.5,0.853940662231479,0.473473652173095,0.999999998600242,2.07820834453006,1.01608710476882,0.0830454544033053,7.2584072086107e-11,0.877582561890373,0.479425538604203,1,2.0707963267949,0.244532557931269,0.560029973554694,0.545000000302326,0.0459366460498115,0.950718451602639,0.243112239880846,504.128761837997,0.0034564
0.52,0.842417269565505,0.490312157198289,0.999999998602783,2.09860315276061,1.01741622343016,0.0851574676106521,1.81421491163297e-10,0.86781917967765,0.496880137843737,1,2.0907963267949,0.244061647949176,0.558419451532246,0.545000000260092,0.0459209285287913,0.984646921177255,0.262388732131057,531.389896795686,0.0032761
0.54,0.830503887951126,0.506914002735647,0.999999998607347,2.11899772452934,1.0187550825137,0.0871584182067789,2.75054645726419e-10,0.857708681363824,0.514135991653113,1,2.1107963267949,0.243535614677257,0.556793285737143,0.545000000221683,0.0459044648220468,1.01810663325366,0.282334056935066,559.21798955864,0.0033151
0.56,0.818207205549729,0.523271591502807,0.999999998613647,2.13939140221227,1.02009908629676,0.0890490540434349,3.54860709705923e-10,0.847255111013416,0.531186197920883,1,2.1307963267949,0.242956215703375,0.555157249757815,0.545000000186826,0.045887339003121,1.05108212147595,0.302938595529334,587.5959396984,0.0032874
0.58,0.805534075302431,0.539377459593725,0.999999998621416,2.15978356104437,1.0214437723545,0.0908304197804773,4.22117913956305e-10,0.836462649915187,0.548023936791874,1,2.1507963267949,0.242325380325612,0.553516808871507,0.545000000155252,0.0458696330518308,1.08355819033415,0.324192427914226,616.506422069852,0.0036798
0.6,0.792491507833655,0.555224280079364,0.999999998630418,2.18017360949994,1.02278482358699,0.0925038382196404,4.78008495008459e-10,0.825335614909678,0.564642473395035,1,2.1707963267949,0.241645191836019,0.551877120190836,0.545000000126702,0.0458514266930879,1.11551992161304,0.346085338261726,645.93190317752,0.0037538
0.62,0.779086664486511,0.570804866416755,0.999999998640434,2.2005609895449,1.02411807898926,0.0940708916640112,5.23621146442117e-10,0.813878456662534,0.581035160537305,1,2.1907963267949,0.240917870220978,0.550243033784621,0.545000000100919,0.0458327972520389,1.14695268055972,0.36860682046333,675.85465741412,0.0033065
0.64,0.765326850492624,0.586112175670886,0.99999999865127,2.22094517676661,1.02543954319204,0.0955334033685065,5.59951836009992e-10,0.802095757884293,0.597195441362392,1,2.2107963267949,0.240145755322296,0.548619094723016,0.54500000007768,0.0458138195251998,1.17784212177535,0.391746083810542,706.256783147176,0.003268
0.66,0.751219508278595,0.601139311554113,0.999999998662748,2.24132568038722,1.0267453948046,0.096893419143176,5.87916559879892e-10,0.789992231497365,0.613116851973434,1,2.2307963267949,0.239331290497356,0.547009545986592,0.545000000056747,0.0457945656670114,1.20817419483631,0.415492058800581,737.120218630862,0.0034677
0.68,0.736772210910913,0.615879527288011,0.999999998674711,2.2617020431665,1.02803199359439,0.0981531891671906,6.08345303021457e-10,0.777572718750928,0.628793024018469,1,2.2507963267949,0.238477006815605,0.545418332197326,0.545000000037925,0.0457751050916729,1.23793514965048,0.439833403060095,768.426757721596,0.0032817
0.7,0.721992655680715,0.630326228292696,0.999999998687014,2.28207384120008,1.02929588654111,0.0993151500680995,6.21998346161951e-10,0.764842187284488,0.644217687237691,1,2.2707963267949,0.237585507820663,0.543849104104764,0.545000000021029,0.0457555043894265,1.26711154155404,0.464758507379885,800.1580653773,0.003322
0.72,0.706888657829373,0.64447297470885,0.99999999869953,2.30244068361943,1.03053381280548,0.100381907316591,6.29568930321517e-10,0.751805729140895,0.659384671971473,1,2.2907963267949,0.236659454886271,0.542305223779639,0.545000000005873,0.0457358272570185,1.29569023615449,0.490255501853833,832.29569292165,0.0032856
0.74,0.691468144415545,0.658313483757743,0.999999998712143,2.3228022121995,1.03174270765533,0.101356217983404,6.31683185758908e-10,0.738468558729588,0.674287911628145,1,2.3107963267949,0.235701553189295,0.540789770460586,0.544999999992303,0.0457161344417531,1.32365841392555,0.516312262115459,864.821093056009,0.0032536
0.76,0.675739148323897,0.671841631944657,0.999999998724749,2.34315810088024,1.03291970539338,0.102240973901158,6.28912140143717e-10,0.724836010740905,0.688921445110551,1,2.3307963267949,0.234714538318462,0.539305546995512,0.544999999980184,0.0456964836984903,1.35100357455951,0.542916415665723,897.715634603166,0.0034391
0.78,0.659709802415367,0.685051457111158,0.999999998737255,2.36350805520818,1.03406214133291,0.103039185269799,6.21778362130959e-10,0.710913538012277,0.70327941920041,1,2.3507963267949,0.233701163534561,0.537855086824403,0.54499999996937,0.0456769297590496,1.37771354108287,0.570055348285931,930.96061696838,0.0033327
0.8,0.643388333818478,0.697937160341705,0.999999998749581,2.38385181170393,1.03516755286872,0.103753964740553,6.10751591523246e-10,0.696706709347165,0.717356090899523,1,2.3707963267949,0.232664187694679,0.536440661455686,0.544999999959741,0.045657524313526,1.4037764637407,0.597716210529788,964.537284304616,0.0033217
0.82,0.626783058360848,0.710493107730062,0.999999998761651,2.40418913716189,1.03623367969176,0.104388512009647,5.96258473706263e-10,0.682221207287613,0.731145829726896,1,2.3907963267949,0.231606363848132,0.535064288376875,0.544999999951187,0.0456383160027318,1.42918082365551,0.625885924288903,998.426839370206,0.0033343
0.84,0.609902375139747,0.722713832011007,0.9999999987734,2.42451982788782,1.0372584631966,0.104946098949079,5.7868593472677e-10,0.667462825841308,0.744643119970859,1,2.4107963267949,0.230530428509787,0.533727739352834,0.544999999943622,0.0456193504212785,1.45391543626619,0.654551189426239,1032.61045706856,0.0033481
0.86,0.592754761230211,0.734594034062742,0.999999998784771,2.44484370888017,1.03824004513123,0.105430055298196,5.5838974333256e-10,0.652437468164052,0.757842562895277,1,2.4307963267949,0.229439091612554,0.532432549058398,0.54499999993694,0.0456006701305991,1.47796945455248,0.683698490472216,1067.0692976608,0.0032747
0.88,0.575348766528944,0.746128584285366,0.999999998795712,2.46516063296103,1.03917676553901,0.105843754936183,5.35688009506435e-10,0.63715114419858,0.770738878898969,1,2.4507963267949,0.228335027138821,0.531180024002245,0.544999999931057,0.0455823146813959,1.50133237205053,0.71331410337843,1101.78451964361,0.0032829
0.9,0.557693008731957,0.757312523860717,0.999999998806177,2.4854704798619,1.04006716004228,0.106190602752332,5.10868432002104e-10,0.621609968270664,0.783326909627483,1,2.4707963267949,0.227220864426673,0.52997125169049,0.544999999925898,0.0455643206447916,1.52399402566483,0.743384102324107,1136.7372922856,0.0032689
0.92,0.539796168443629,0.768141065898735,0.999999998816128,2.50577315527013,1.04090995651717,0.106474022127469,4.84191851057863e-10,0.605820156643463,0.795601620036366,1,2.4907963267949,0.226099180145094,0.528807109986949,0.544999999921395,0.0455467216515989,1.54594459828201,0.773894366570669,1171.90880781709,0.0033604
0.94,0.521666984414635,0.778609596475431,0.999999998825529,2.52606858984087,1.04170407120827,0.106697443036818,4.55894131334849e-10,0.589788025031098,0.807558100405114,1,2.5107963267949,0.224972490929594,0.527688276626858,0.544999999917486,0.0455295484391405,1.56717462119142,0.804830587359977,1207.28029326901,0.0033027
0.96,0.50331424890597,0.788713675567387,0.999999998834349,2.54635673817995,1.04244860433141,0.106864290781587,4.26189252777936e-10,0.573519986072457,0.819191568300998,1,2.5307963267949,0.223843246667657,0.526615238842683,0.544999999914115,0.045512828904976,1.58767497631791,0.836178274851992,1242.83302195795,0.0032986
0.98,0.484746803176083,0.798449037887586,0.999999998842564,2.56663757780238,1.04314283521181,0.106977975353664,3.95270589592661e-10,0.557022546766217,0.83049737049197,1,2.5507963267949,0.22271382442136,0.525588303062677,0.544999999911225,0.0454965881669836,1.60743689827157,0.867922765097842,1278.54832461553,0.0033243
1,0.465973533087964,0.807811593627194,0.99999999885015,2.58691110807129,1.04378621700375,0.107041881435158,3.63311620787959e-10,0.54030230586814,0.841470984807897,1,2.5707963267949,0.221586522972734,0.524607604644932,0.544999999908773,0.0454808486291916,1.62645197621932,0.900049227044416,1314.40760016118,0.0032908
1.02,0.44700336483284,0.81679742910776,0.999999998857088,2.60717734912178,1.04437837103687,0.107059359031917,3.30469767106938e-10,0.52336595125165,0.852108021949363,1,2.5907963267949,0.220463557975839,0.523673117611786,0.544999999906716,0.0454656300528381,1.64471215558329,0.932542669566829,1350.39232611842,0.0056458
1.04,0.427845260767023,0.825402807348127,0.999999998863361,2.62743634077409,1.04491908083286,0.107033714737861,2.96887492368119e-10,0.506220257232778,0.862404227243338,1,2.6107963267949,0.219347057697978,0.522784664350751,0.544999999905011,0.0454509496320714,1.66220973957019,0.965387948525251,1386.48406867579,0.0057216
1.06,0.408508215358297,0.83362416855015,0.999999998868957,2.64768814144013,1.04540828583476,0.106968203624669,2.62691592922698e-10,0.488872081860527,0.872355482344986,1,2.6307963267949,0.218239059331492,0.521941925252373,0.544999999903622,0.0454368220738156,1.67893739053659,0.998569773842778,1422.66449239432,0.0051801
1.08,0.389001251238134,0.841458130507133,0.999999998873863,2.6679328270273,1.04584607488989,0.106866021749427,2.27995400337027e-10,0.47132836417374,0.881957806884948,1,2.6507963267949,0.217141505847785,0.52114444821932,0.54499999990098,0.0454232596796989,1.694888131194,1.03207271660117,1458.9153695643,0.0034628
1.1,0.369333415355957,0.848901488938703,0.999999998878067,2.68817048984332,1.04623267952509,0.106730299269444,1.92348146299542e-10,0.453596121425577,0.891207360061435,1,2.6707963267949,0.216056243376955,0.520391658037527,0.544999999892092,0.0454102724312096,1.71005534565823,1.06588121615146,1495.21858921487,0.0034587
1.12,0.349513775231597,0.855951217755676,0.999999998881525,2.70840123750548,1.04656846705182,0.106564094152538,1.53501424904339e-10,0.435682446276712,0.900100442176505,1,2.6907963267949,0.214985019200538,0.51968286604622,0.544999999886721,0.0453978680979276,1.72443278034678,1.0999795872365,1531.55616578212,0.0034562
1.14,0.329551415301938,0.862604469258092,0.999999998884187,2.72862519185796,1.04685393354136,0.106370386488342,1.12720961453765e-10,0.417594503958358,0.908633496115883,1,2.7107963267949,0.213929480024028,0.519017278767499,0.544999999883914,0.0453860522977801,1.73801454472832,1.13435202712282,1567.91024743688,0.0033888
1.16,0.309455433357808,0.868858574269573,0.999999998886024,2.74884248790005,1.04708969669585,0.106152073350324,7.09301417600776e-11,0.399339529406273,0.916803108771767,1,2.7307963267949,0.212891170868919,0.518394007009662,0.544999999882955,0.0453748286087568,1.75079511192781,1.16898262273908,1604.26312408199,0.0036226
1.18,0.289234937067241,0.874711042210972,0.999999998887021,2.76905327272781,1.04727648865383,0.105911964221462,2.87939272425367e-11,0.380924824366882,0.92460601240802,1,2.7507963267949,0.211871534362812,0.517812074582852,0.544999999883297,0.0453641986613205,1.76276931919082,1.20385535781868,1640.59723502302,0.0035182
1.2,0.268899040581066,0.880159561115973,0.999999998887177,2.78925770449227,1.04741514875924,0.10565277695922,-1.32192568003072e-11,0.362357754476674,0.932039085967226,1,2.7707963267949,0.21087191044635,0.517270426790272,0.54499999988453,0.0453541622334392,1.77393236821049,1.23895412004414,1676.89517631924,0.0033694
1.22,0.248456861216856,0.885201997591117,0.999999998886497,2.8094559513765,1.04750661632271,0.105377134282632,-5.47885292689851e-11,0.343645746316047,0.939099356319068,1,2.7907963267949,0.209893536473537,0.516767938679233,0.544999999886358,0.0453447173467803,1.78427982532025,1.27426270819103,1713.13970782219,0.0033291
1.24,0.227917516217317,0.88983639672253,0.999999998884992,2.82964819059386,1.04755192340224,0.105087560763347,-9.5699697055802e-11,0.324796284438776,0.945783999449539,1,2.8107963267949,0.208937547681999,0.516303423038902,0.544999999888556,0.0453358603632766,1.79380762155542,1.30976483926915,1749.31375990902,0.0034304
1.26,0.207290119579194,0.89406098193146,0.999999998882677,2.8498346074094,1.04755218762853,0.104786480301821,-1.35819426816392e-10,0.305816908378289,0.952090341590516,1,2.8307963267949,0.208004978009755,0.515875638132837,0.544999999890965,0.0453275860816469,1.80251205258657,1.34544415565902,1785.40043991859,0.0033152
1.28,0.186583778948876,0.8978741547805,0.999999998879568,2.87001539418633,1.04750860509853,0.104476214069238,-1.75072116803672e-10,0.286715209631956,0.958015860289225,1,2.8507963267949,0.207096761235198,0.515483295156234,0.54499999989347,0.0453198878335676,1.81038977852737,1.38128423224157,1821.38303829814,0.0033044
1.3,0.165807592580915,0.901274494732219,0.999999998875683,2.89019074945931,1.04742244335894,0.104158978895271,-2.13422843842177e-10,0.267498828624587,0.963558185417193,1,2.8707963267949,0.206213732417301,0.515125065409217,0.544999999895993,0.0453127575791958,1.81743782361954,1.41726858351911,1857.24503446901,0.0032665
1.32,0.144970646355756,0.904260758861695,0.99999999887104,2.91036087703591,1.04729503449994,0.103836886081463,-2.50865497264381e-10,0.248175451652373,0.968715100118265,1,2.8907963267949,0.205356629613297,0.514799587179132,0.544999999898478,0.0453061860017806,1.82365357579735,1.45338067072573,1892.97010241984,0.0033768
1.34,0.124082010853099,0.906831881524322,0.999999998865657,2.93052598512771,1.04712776837746,0.103511940619713,-2.87413435273716e-10,0.228752807808459,0.973484541695319,1,2.9107963267949,0.204526095851519,0.514505472326136,0.544999999900892,0.0453001626011013,1.82903478613395,1.48960390892532,1928.54211603574,0.0033028
1.36,0.103150738477352,0.90898697398005,0.999999998859552,2.95068628551215,1.04692208598088,0.103186040795214,-3.23092343990079e-10,0.209238665891419,0.977864602435316,1,2.9307963267949,0.203722681337561,0.514241312568157,0.544999999903225,0.0452946757855358,1.83357956817164,1.5259216740954,1963.94515417228,0.0032782
1.38,0.08218586063181,0.910725323975052,0.999999998852742,2.97084199272608,1.04667947296154,0.10286097815313,-3.57931391192774e-10,0.189640831297834,0.98185353037236,1,2.9507963267949,0.20294684587216,0.514005685460539,0.544999999905458,0.0452897129624758,1.83728639713825,1.56231731019506,1999.16350548307,0.0032687
1.4,0.0611963849382638,0.912046395281705,0.999999998845243,2.99099332329188,1.04640145333561,0.102538437808231,-3.9196642376282e-10,0.169967142900241,0.98544972998846,1,2.9707963267949,0.202198961460322,0.513797160071192,0.544999999907587,0.0452852606269958,1.84015410905128,1.59877413621538,2034.18167300958,0.0032837
1.42,0.040191292498893,0.912949827197547,0.999999998837071,3.0111404949769,1.04608958337388,0.102219999076889,-4.25235171519485e-10,0.150225469911686,0.98865176285172,1,2.9907963267949,0.201479315091191,0.513614302348822,0.544999999909613,0.0452813044485279,1.84218189971178,1.63527545321057,2068.98437854215,0.003417
1.44,0.0191795351974166,0.913435434003806,0.999999998828241,3.03128372608659,1.04574544568901,0.101907136410944,-4.57774405049345e-10,0.130423708738146,0.991458348191686,1,3.0107963267949,0.200788111669058,0.513455680184529,0.544999999911543,0.0452778293553869,1.84336932358946,1.6718045513083,2103.55656676069,0.0032577
1.46,-0.00182996696337765,0.913503204383905,0.999999998818767,3.05142323479189,1.04537064353008,0.101601220613133,-4.89618834365043e-10,0.11056977982007,0.993868363411645,1,3.0307963267949,0.200125477076589,0.51331986816868,0.544999999913387,0.04527481961702,1.84371629260055,1.70834471669752,2137.88340916396,0.003308
1.48,-0.0228283284904699,0.913153300802274,0.999999998808662,3.07155923849108,1.04496679529236,0.101303520314083,-5.2079961676554e-10,0.0906716244643097,0.99588084453764,1,3.0507963267949,0.19949146135198,0.513205452045154,0.544999999915151,0.0452722589238565,1.84322307477994,1.74487923859227,2171.95030779566,0.0033637
1.5,-0.0438067009984013,0.912386058843634,0.999999998797941,3.09169195320623,1.0445355292494,0.101015203691189,-5.51345387123088e-10,0.0707372016677029,0.997494986604054,1,3.0707963267949,0.198886041962541,0.513111032866717,0.544999999916867,0.0452701304646457,1.84189029284868,1.78139141616986,2205.7428987759,0.0033679
1.52,-0.0647562757784681,0.911201986512863,0.999999998786615,3.11182159301424,1.04407847851319,0.10073734041008,-5.81273127409073e-10,0.0507744849335792,0.998710143975583,1,3.0907963267949,0.198309127157375,0.513035230852208,0.544999999918522,0.0452684170010943,1.83971892267821,1.81786456548179,2239.24705564614,0.0033104
1.54,-0.0856682863416043,0.909601763495411,0.999999998774696,3.1319483695125,1.04359727622687,0.100470903769683,-6.10605290773943e-10,0.0307914590824661,0.999525830605479,1,3.1107963267949,0.197760559383974,0.512976688956685,0.544999999920126,0.045267100939933,1.83671029165238,1.85428202633587,2272.44889253567,0.0033203
1.56,-0.106534010937086,0.907586240378181,0.999999998762196,3.15207249131883,1.0430935509938,0.100216773032579,-6.39360067111735e-10,0.0107961170582674,0.999941720229966,1,3.1307963267949,0.197240118752375,0.512934076153317,0.544999999921691,0.0452661644020892,1.8328660769282,1.89062716914805,2305.33476715727,0.0032824
1.58,-0.127344775049033,0.905156437830682,0.999999998749127,3.17219416360557,1.04256892254521,0.0999757359225803,-6.67551205424385e-10,-0.00920354326880834,0.99995764649874,1,3.1507963267949,0.196747526532762,0.512906090436226,0.544999999923226,0.0452655892890633,1.82818830359626,1.9268834017622,2337.89128363978,0.0034168
1.6,-0.148091953872523,0.902313545746205,0.9999999987355,3.19231358766728,1.04202499764823,0.0997484912721125,-6.95189790178571e-10,-0.0291995223012888,0.999573603041505,1,3.1707963267949,0.196282448672458,0.512891461550109,0.544999999924743,0.045265357346414,1.82267934274182,1.96303417623635,2370.10529520477,0.0032755
1.62,-0.168766974770979,0.899058922342715,0.999999998721325,3.21243096052174,1.04146336625484,0.0995356518024734,-7.22282180731779e-10,-0.0491838219141706,0.998789743470524,1,3.1907963267949,0.195844499319331,0.512888953454082,0.544999999926264,0.0452654502243323,1.81634190940713,1.99906299559386,2401.96390669438,0.0034607
1.64,-0.189361319716332,0.895394093223082,0.999999998706614,3.23254647454358,1.04088559789162,0.0993377470206357,-7.48827027052809e-10,-0.0691484486540622,0.997606381319174,1,3.2107963267949,0.195433244338682,0.512897366524281,0.544999999927774,0.0452658495351995,1.80917906045583,2.03495342053767,2433.45447695698,0.0033293
1.66,-0.209866527713293,0.891320750394235,0.999999998691377,3.25266031713002,1.04029323828924,0.0991552262167133,-7.7482834370812e-10,-0.0890854169364592,0.996023989916537,1,3.2307963267949,0.195048204813007,0.512915539509175,0.544999999929283,0.0452665369083044,1.80119419234008,2.07068907612627,2464.56462109738,0.0033044
1.68,-0.230274197208938,0.886840751244799,0.999999998675626,3.27277267039797,1.03968780624999,0.0989884615470581,-8.0028648596908e-10,-0.108986752239871,0.994043202198076,1,3.2507963267949,0.194688860512683,0.512942351239362,0.544999999930794,0.0452674940414863,1.79239103877102,2.10625365840955,2495.28221259742,0.0035597
1.7,-0.250575988488625,0.881956117480717,0.999999998659371,3.29288371091177,1.03907079075095,0.09883775118829,-8.25200636711541e-10,-0.128844494295525,0.991664810452469,1,3.2707963267949,0.194354653327905,0.51297672210355,0.544999999932315,0.0452687027498511,1.78277366829311,2.1416309410229,2525.59538531306,0.0034116
1.72,-0.270763626059133,0.876669034018359,0.999999998642624,3.31299360944084,1.0384436482798,0.0987033225483139,-8.49567243221825e-10,-0.148650700271364,0.988889766004701,1,3.2907963267949,0.194044990652331,0.513017615298939,0.544999999933855,0.0452701450115375,1.77234648176287,2.1768047817379,2555.49253535343,0.0034216
1.74,-0.290828901019766,0.870981847834604,0.999999998625394,3.33310253074626,1.03780780039939,0.098585335520974,-8.73379519816806e-10,-0.168397447949077,0.985719178835553,1,3.3107963267949,0.193759248709608,0.513064037864601,0.544999999935426,0.0452718030105418,1.7611142097326,2.21175912896792,2584.96232284709,0.003382
1.76,-0.310763673421992,0.86489706677335,0.999999998607694,3.35321063339549,1.03716463153718,0.0984838857716072,-8.96626097812712e-10,-0.18807683889288,0.982154317137618,1,3.3307963267949,0.193496775814532,0.513115041505984,0.544999999937012,0.0452736591766221,1.74908190973943,2.2464780282268,2613.99367360049,0.0034598
1.78,-0.330559874618093,0.858417358307936,0.999999998589535,3.37331806960431,1.03651548699459,0.0983990080413422,-9.19301683666161e-10,-0.207681001608784,0.978196606808045,1,3.3507963267949,0.193256895562073,0.51316972322335,0.54499999993862,0.0452756962223935,1.73625496350022,2.28094562853892,2642.57578065311,0.0033244
1.8,-0.350209509599117,0.851545548258947,0.999999998570928,3.39342498510495,1.03586167117131,0.0983306794587658,-9.41398390352786e-10,-0.227202094693087,0.973847630878195,1,3.3707963267949,0.193038909936688,0.513227225749037,0.544999999940249,0.0452778971775473,1.72263907401275,2.31514618879887,2670.69810573383,0.0032975
1.82,-0.369704659322326,0.844284619466875,0.999999998551885,3.41353151903945,1.03520444599885,0.0982788228480157,-9.62908650592453e-10,-0.246632309968834,0.969109128880456,1,3.3907963267949,0.192842102336316,0.513286737805409,0.544999999941907,0.0452802454202953,1.70824026256355,2.34906408407899,2698.3503806223,0.0032804
1.84,-0.389037483028185,0.836637710419163,0.999999998532418,3.43363780387726,1.03454502957759,0.0982433100230847,-9.83822268096901e-10,-0.26596387560898,0.963982996152448,1,3.4107963267949,0.192665740505417,0.513347494192485,0.544999999943593,0.0452827247061197,1.69306486564293,2.38268381188281,2725.52260841908,0.0033648
1.86,-0.408200220546827,0.828608113831119,0.999999998512538,3.45374396535601,1.0338845950108,0.0982239650587172,-1.00412865577937e-09,-0.285189059245021,0.958471283078914,1,3.4307963267949,0.192509079372199,0.513408775714571,0.544999999945319,0.0452853191938341,1.67711953176744,2.41598999834273,2752.20506472807,0.0035141
1.88,-0.427185194593811,0.820199275180286,0.999999998492259,3.47385012244444,1.03322426942943,0.0982205675288842,-1.02381374489369e-09,-0.304300171059833,0.952576194271595,1,3.4507963267949,0.192371363785442,0.513469908954031,0.544999999947072,0.045288013469032,1.66041121821036,2.44896740435997,2778.38829875412,0.0033111
1.9,-0.445984813054852,0.811414791193817,0.999999998471592,3.49395638732637,1.03256513320056,0.0982328557043708,-1.04286790758579e-09,-0.323289566863504,0.946300087687414,1,3.4707963267949,0.192251831147938,0.513530265905319,0.544999999948847,0.0452907925650705,1.64294718764053,2.48160093168496,2804.06313431881,0.0032826
1.92,-0.46459157125915,0.8022584082885,0.99999999845055,3.5140628654047,1.03190821931269,0.0982605297017628,-1.06128290155994e-09,-0.342149651150898,0.939645473685325,1,3.4907963267949,0.192149713942469,0.513589263474123,0.54499999995065,0.0452936419815345,1.62473500467006,2.51387562893631,2829.22067079684,0.0032823
1.94,-0.482998054240777,0.792734020963056,0.999999998429148,3.53416965532435,1.03125451293054,0.0983032545765115,-1.07904881474497e-09,-0.360872880139767,0.9326150140222,1,3.5107963267949,0.192064242148119,0.513646362853185,0.544999999952477,0.0452965477003315,1.60578253231132,2.54577669755635,2853.85228397537,0.0033949
1.96,-0.501196938987544,0.782845670142441,0.999999998407396,3.55427684901304,1.03060495111214,0.0983606633534318,-1.09615719168232e-09,-0.379451764788155,0.925211520788168,1,3.5307963267949,0.191994645544623,0.513701068783363,0.544999999954331,0.0452994961995031,1.58609792834369,2.57728949770149,2877.9496268382,0.0033558
1.98,-0.519180996676636,0.77259754147387,0.999999998385308,3.57438453173888,1.02996042268059,0.0984323599885265,-1.11259815582798e-09,-0.397878873789916,0.91743795528181,1,3.5507963267949,0.191940155903177,0.513752928709178,0.54499999995622,0.0453024744648024,1.5656896415907,2.60839955406537,2901.50463027669,0.0033239
2,-0.536943094896253,0.761993963574364,0.999999998362898,3.59449278218369,1.02932176824304,0.0985179222565899,-1.12835898846697e-09,-0.416146836547142,0.909297426825682,1,3.5707963267949,0.19190000906205,0.513801531836007,0.544999999958136,0.0453054699991211,1.54456640810795,2.63909256163279,2924.50950372884,0.0033095
2.02,-0.554476199852397,0.751039406229674,0.99999999834018,3.614601672531,1.02868978034919,0.0986169045595113,-1.14343009727236e-09,-0.4342483461183,0.900793191522627,1,3.5907963267949,0.191873446886858,0.513846508100183,0.544999999960069,0.0453084708299034,1.52273724728249,2.66935439136274,2946.95673574778,0.0033638
2.04,-0.571773378559872,0.739738478544458,0.999999998317168,3.63471126856765,1.02806520378165,0.0987288406508325,-1.15780540710375e-09,-0.452176162140912,0.89192865095338,1,3.6107963267949,0.191859719114672,0.513887527058551,0.54499999996202,0.0453114655145778,1.50021145784422,2.69917109579823,2968.83909450089,0.0032798
2.06,-0.588827801016516,0.728095927043684,0.999999998293875,3.65482162979809,1.02744873597054,0.0988532462725364,-1.17147813227803e-09,-0.469923113727602,0.882707350815974,1,3.6307963267949,0.191858085081984,0.513924296705689,0.54499999996399,0.0453144431441191,1.47699861379,2.72852891460128,2990.14962820021,0.0032709
2.08,-0.6056327423596,0.716116633725252,0.999999998270316,3.67493280957017,1.02684102752457,0.0989896217005412,-1.18444177132915e-09,-0.487482102334359,0.873132979507516,1,3.6507963267949,0.191867815337018,0.513956562227257,0.544999999965975,0.0453173933448201,1.45310856022118,2.75741428001096,3010.88166546494,0.0034553
2.1,-0.622181585003298,0.703805614063908,0.999999998246505,3.69504485521158,1.02624268287106,0.0991374541958648,-1.19669071096951e-09,-0.504846104599858,0.863209366648874,1,3.6707963267949,0.191888193137095,0.513984104697032,0.544999999967975,0.0453203062783951,1.42855140909512,2.7858138222225,3031.02881561651,0.0034675
2.12,-0.63846782075606,0.691168014966577,0.999999998222456,3.71515780817596,1.02565426099725,0.0992962203588762,-1.20821955107431e-09,-0.522008175154707,0.852940481552876,1,3.6907963267949,0.191918515832145,0.514006739725201,0.544999999969991,0.0453231726404643,1.4033375348918,2.81371437468568,3050.58496890641,0.003642
2.14,-0.654485052916688,0.678209112679292,0.999999998198183,3.73527170419767,1.02507627628546,0.0994653883844982,-1.21902260730167e-09,-0.538961449399512,0.842330431636646,1,3.7107963267949,0.191958096135666,0.514024316064926,0.544999999972028,0.045325983657547,1.37747757019598,2.84110297932038,3069.5442966771,0.0032906
2.16,-0.670226998347893,0.664934310645966,0.999999998173702,3.75538657345428,1.02450919943464,0.0996444202166358,-1.22909263211568e-09,-0.555699146250613,0.831383460778683,1,3.7307963267949,0.192006263284648,0.514036714183596,0.54499999997407,0.0453287310826051,1.35098240119606,2.8679668916475,3087.90125145584,0.0034225
2.18,-0.685687489526034,0.651349137319312,0.999999998149027,3.77550244073604,1.02395345846109,0.0998327736004948,-1.23842756494242e-09,-0.572214570852437,0.820103947621374,1,3.7507963267949,0.192062364091029,0.514043844807625,0.544999999976114,0.0453314071893325,1.32386316310046,2.89429358583328,3105.65056698146,0.0032802
2.2,-0.700860476565765,0.637459243924272,0.999999998124173,3.79561932562122,1.02340943977114,0.10002990403193,-1.24702641102204e-09,-0.588501117255346,0.80849640381959,1,3.7707963267949,0.192125763886063,0.514045647444492,0.544999999978164,0.045334004765137,1.29613123547248,2.92007075964499,3122.78725816369,0.0037382
2.22,-0.715740029218254,0.62327040217437,0.999999998099153,3.81573724265671,1.02287748929872,0.100235266603224,-1.25488742952485e-09,-0.60455227105793,0.796565472236087,1,3.7907963267949,0.192195847360459,0.514042088889701,0.544999999980216,0.0453365171030185,1.26779823748473,2.94528633931641,3139.30662097479,0.0033496
2.24,-0.730320338841641,0.60878850194148,0.999999998073985,3.83585620154294,1.02235791370116,0.100448317745112,-1.26200980332669e-09,-0.62036161201268,0.78431592508442,1,3.8107963267949,0.192272019302817,0.514033161724172,0.544999999982266,0.045338937992374,1.23887602309413,2.96992848432084,3155.20423227299,0.0032926
2.26,-0.744595720342379,0.594019548879534,0.99999999804868,3.85597620732232,1.02185098160627,0.100668516865204,-1.26839388769895e-09,-0.635922816594003,0.771752662020126,1,3.8307963267949,0.192353705239175,0.514018882807652,0.544999999984319,0.0453412617088459,1.20937667613876,2.99398559205012,3170.47594955715,0.0033089
2.28,-0.7585606140861,0.578969662002775,0.999999998023256,3.87609726057058,1.02135692490437,0.10089532788324,-1.27403911420743e-09,-0.651229660527546,0.758880708180922,1,3.8507963267949,0.192440351976668,0.513999291773412,0.544999999986363,0.0453434830032723,1.17931250535755,3.01744630239758,3185.11791065207,0.0033542
2.3,-0.772209587776638,0.563645071219187,0.999999997997726,3.89621935759012,1.02087594007895,0.101128220663973,-1.27894853818589e-09,-0.666276021279824,0.74570521217672,1,3.8707963267949,0.192531428054409,0.513974449529269,0.544999999988407,0.0453455970898513,1.14869603933426,3.0402995022433,3199.12653332378,0.0033352
2.32,-0.785537338301847,0.548052114819832,0.999999997972106,3.91634249060492,1.0204081895698,0.101366672348697,-1.28312215963433e-09,-0.681055880507152,0.732231444030251,1,3.8907963267949,0.192626424104903,0.513944436769578,0.544999999990448,0.045347599633574,1.11754002136693,3.06253432983978,3212.49851482404,0.0032952
2.34,-0.79853869354485,0.532197236924811,0.999999997946409,3.93646664795603,1.01995380316267,0.101610168586736,-1.28656093778546e-09,-0.695563326462902,0.718464793069126,1,3.9107963267949,0.19272485312914,0.513909352502115,0.544999999992479,0.0453494867370188,1.08585740426411,3.08414017909632,3225.23083136321,0.0033239
2.36,-0.811208614159364,0.516086984886693,0.99999999792065,3.95659181429736,1.01951287939997,0.10185820466844,-1.28926860298862e-09,-0.70979255636212,0.704410765770176,1,3.9307963267949,0.192826250689539,0.513869312595514,0.544999999994498,0.0453512549265972,1.05366134506953,3.10510670376042,3237.32073751089,0.0032903
2.38,-0.823542195307757,0.499728006652244,0.999999997894845,3.97671797079101,1.01908548700683,0.102110286561509,-1.29124924086455e-09,-0.723737878702569,0.690074983556936,1,3.9507963267949,0.192930175023515,0.513824448349255,0.544999999996504,0.0453529011383039,1.02096519971628,3.12542382149441,3248.76576552319,0.0036227
2.4,-0.835534668360513,0.483127048083357,0.999999997869008,3.99684509530155,1.01867166632749,0.102365931852603,-1.29250800284808e-09,-0.737393715541245,0.675463180551151,1,3.9707963267949,0.193036207081786,0.513774905090768,0.544999999998494,0.0453544227030526,0.987782517612414,3.1450817178458,3259.56372459606,0.003362
2.42,-0.847181402555788,0.46629095023815,0.999999997843152,4.01697316258884,1.01827143076689,0.102624670596471,-1.29305018248261e-09,-0.750754604725491,0.660581201279201,1,3.9907963267949,0.193143950495037,0.513720840802694,0.545000000000468,0.0453558173316647,0.95412703615928,3.16407085010963,3269.71270004364,0.0033527
2.44,-0.858477906617765,0.449226646613203,0.999999997817293,4.0371021444989,1.0178847682329,0.102886046074935,-1.29288167727282e-09,-0.763815202077774,0.645434998334371,1,4.0107963267949,0.193253031472645,0.513662424783344,0.545000000002428,0.045357083099589,0.920012675204296,3.18238195108128,3279.21105240088,0.0033252
2.46,-0.869419830332537,0.431941160347976,0.999999997791444,4.05723201015229,1.01751164257443,0.103149615468298,-1.29200753207215e-09,-0.776570283533293,0.630030629995892,1,4.0307963267949,0.193363098637306,0.513599836343029,0.54500000000437,0.0453582184314033,0.885453531429856,3.20000603269823,3288.05741644956,0.0033508
2.48,-0.88000296608029,0.414441601392478,0.99999999776562,4.07736272612965,1.01715199501142,0.103414950441842,-1.29043435492804e-09,-0.789014747229531,0.614374257805712,1,4.0507963267949,0.193473822799294,0.513533263538764,0.545000000006292,0.0453592220851726,0.850463872680063,3.21693438956928,3296.25070016683,0.0033411
2.5,-0.890223250322543,0.396735163639298,0.999999997739834,4.097494256654,1.01680574555261,0.103681637650236,-1.28816907363216e-09,-0.801143615546934,0.598472144103956,1,4.0707963267949,0.19358489667419,0.513462901949529,0.545000000008197,0.0453600931367131,0.815058132227068,3.23315860238966,3303.79008359565,0.0040765
2.52,-0.900076765043281,0.378829122021144,0.9999999977141,4.11762656376947,1.01647279439719,0.103949279162779,-1.28521826070482e-09,-0.81295203709989,0.582330649524082,1,4.0907963267949,0.193696034547831,0.51338895349403,0.545000000010078,0.0453608309638136,0.779250902978837,3.24867054124086,3310.67501763617,0.0033797
2.54,-0.909559739142817,0.360730829575057,0.999999997688432,4.13775960751607,1.01615302331707,0.104217492812502,-1.28159022949603e-09,-0.824435288677222,0.565956230448703,1,4.1107963267949,0.193806971892227,0.513311625292676,0.545000000011939,0.0453614352304921,0.743056931630215,3.2634623687736,3316.90522275744,0.0034553
2.56,-0.918668549783262,0.342447714474525,0.999999997662843,4.15789334610024,1.01584629701624,0.104485912472257,-1.27729222754169e-09,-0.835588777131408,0.549355436427127,1,4.1307963267949,0.19391746493627,0.513231128575323,0.545000000013781,0.0453619058713188,0.706491112759203,3.27752654327276,3322.48068762879,0.0033353
2.58,-0.927399723684518,0.32398727703072,0.999999997637347,4.17802773606101,1.01555246446443,0.104754188260957,-1.27233114710634e-09,-0.846408041215776,0.532534907555621,1,4.1507963267949,0.194027290194603,0.513147677635603,0.545000000015599,0.0453622430758201,0.669568482870398,3.29085582160296,3327.40166767021,0.0033344
2.6,-0.935749938369739,0.305357086664127,0.999999997611956,4.19816273243134,1.01527136020198,0.105021986683214,-1.2667154081214e-09,-0.856888753368947,0.515501371821464,1,4.1707963267949,0.194136243958744,0.513061488833527,0.545000000017395,0.0453624472731001,0.632304214387602,3.30344326203358,3331.66868352117,0.0033258
2.62,-0.943716023359254,0.286564778847859,0.999999997586685,4.21829828889462,1.01500280561372,0.105288990705661,-1.26045303971978e-09,-0.867026721445802,0.498261642411839,1,4.1907963267949,0.194244141753708,0.512972779646723,0.545000000019165,0.045362519116626,0.59471360959764,3.31528222694212,3335.28251942744,0.0033167
2.64,-0.951294961311974,0.26761805202396,0.999999997561545,4.23843435793601,1.01474661016921,0.105554899773272,-1.25355363422841e-09,-0.876817890394281,0.480822614988648,1,4.2107963267949,0.194350817763625,0.512881767770868,0.545000000020911,0.0453624594692657,0.556812094547469,3.32636638539471,3338.24422154535,0.00344
2.66,-0.95848388911334,0.248524664494028,0.999999997536549,4.25857089098863,1.01450257262746,0.105819429769019,-1.24602557605158e-09,-0.886258343877352,0.463191264930345,1,4.2307963267949,0.194456124229886,0.51278867026985,0.545000000022633,0.0453622693885912,0.518615212896695,3.33668971560276,3340.55509616329,0.0033616
2.68,-0.965280098908936,0.229292431285522,0.99999999751171,4.27870783857427,1.01427048220416,0.106082312920186,-1.23787781802776e-09,-0.895344305839492,0.445374644541871,1,4.2507963267949,0.194559930825058,0.512693702775834,0.545000000024329,0.0453619501125048,0.480138619727656,3.34624650725472,3342.21670783996,0.0033202
2.7,-0.971681039082888,0.209929220995097,0.99999999748704,4.29884515043871,1.01405011969975,0.106343297654695,-1.22911938404968e-09,-0.904072142017061,0.42737988023383,1,4.2707963267949,0.19466212400584,0.512597078739246,0.545000000026001,0.0453615030451973,0.441398075315267,3.35503136372212,3343.23087745936,0.0033215
2.72,-0.977684315180257,0.19044295261037,0.999999997462551,4.31898277568141,1.01384125858703,0.106602148410757,-1.21975897826587e-09,-0.912438361391958,0.409214169672017,1,4.2907963267949,0.194762606348194,0.512499008728517,0.545000000027648,0.0453609297434634,0.402409438858838,3.36303920413877,3343.59968020213,0.0034554
2.74,-0.983287690772643,0.170841592311498,0.999999997438255,4.33912066287961,1.01364366605684,0.106858645403138,-1.20980569562335e-09,-0.920439617587981,0.390884778898452,1,4.3107963267949,0.194861295867665,0.5123996997793,0.545000000029271,0.0453602319034282,0.363188662178137,3.37026526535254,3343.32544343349,0.0033802
2.76,-0.988489088266274,0.151133150253982,0.999999997414164,4.35925876020687,1.01345710402101,0.107112584349313,-1.19926820474348e-09,-0.928072710209333,0.372399039425055,1,4.3307963267949,0.194958125327828,0.512299354792687,0.545000000030868,0.0453594113476509,0.32375178337597,3.37670510374879,3342.41074450746,0.0033397
2.78,-0.993286589651888,0.131325677334103,0.99999999739029,4.37939701554579,1.01328133007159,0.10736377615871,-1.18815574268183e-09,-0.935334586120739,0.353764345301143,1,4.3507963267949,0.195053041539671,0.512198171981854,0.545000000032442,0.0453584700127053,0.284114920469608,3.38235459694469,3340.85840848775,0.0033122
2.8,-0.997678437195772,0.111427261938425,0.999999997366644,4.39953537659518,1.01311609839575,0.107612046588224,-1.17647665831555e-09,-0.942222340668658,0.334988150155905,1,4.3707963267949,0.195146004654611,0.512096344366363,0.545000000033989,0.0453574099371573,0.244294264993386,3.38720994535394,3338.6715057853,0.0035966
2.82,-1.00166303407134,0.0914460266787831,0.999999997343237,4.41967379097157,1.01296116064585,0.107857235867097,-1.16424072160726e-09,-0.948733218843107,0.316077964217054,1,4.3907963267949,0.195236987453731,0.511994059313296,0.545000000035513,0.045356233250037,0.204306075574849,3.39126767362113,3335.85334971298,0.0035203
2.84,-1.00523894493072,0.0713901251142045,0.99999999732008,4.43981220630512,1.01281626676442,0.108099198294207,-1.151455997217e-09,-0.954864616379626,0.297041351306832,1,4.4107963267949,0.195325974635671,0.511891498124273,0.545000000037014,0.0453549421597781,0.164166671486837,3.39452463192518,3332.40749395748,0.0033039
2.86,-1.00840489641577,0.0512677384611844,0.999999997297184,4.45995057032997,1.01268116576388,0.108337801810732,-1.13813079849479e-09,-0.960614080800952,0.277885925816587,1,4.4307963267949,0.195412962105537,0.511788835667216,0.545000000038494,0.0453535389436257,0.123892426177914,3.39697799715155,3328.33772996922,0.003307
2.88,-1.01115977760809,0.0310870722937722,0.99999999727456,4.48008883096915,1.01255560646097,0.108572927551081,-1.12427290588358e-09,-0.965979312397975,0.258619349661111,1,4.4507963267949,0.195497956267028,0.511686240051785,0.545000000039949,0.0453520259375465,0.0834997607835694,3.39862527393249,3323.64808427046,0.0033156
2.9,-1.01350264041767,0.0108563532349003,0.999999997252219,4.50022693641408,1.01243933816609,0.108804469374884,-1.10989137880324e-09,-0.970958165149591,0.239249329213982,1,4.4707963267949,0.19558097331985,0.511583872347156,0.545000000041381,0.0453504055266304,0.0430051376206553,3.39946429555524,3318.34281568254,0.0033674
2.92,-1.01543269990952,-0.00941617435959986,0.99999999723017,4.52036483519877,1.01233211132786,0.109032333382764,-1.09499424638671e-09,-0.975548647581083,0.219783612225117,1,4.4907963267949,0.195662038564422,0.511481886340876,0.545000000042791,0.0453486801359902,0.00242505366750935,3.39949322473768,3312.42641247273,0.0032861
2.94,-1.01694933456828,-0.0297222517228561,0.999999997208424,4.54050247626887,1.01223367813332,0.109256437418508,-1.07958943118547e-09,-0.979748923560684,0.200229984721771,1,4.5107963267949,0.195741185715661,0.511380428337332,0.545000000044178,0.0453468522221496,-0.0382239659677467,3.39871055427123,3305.90358942164,0.0032974
2.96,-1.01805208650024,-0.0500536090032502,0.999999997186991,4.56063980904563,1.01214379306423,0.109476710560156,-1.06368531760382e-09,-0.983557313034006,0.180596267894233,1,4.5307963267949,0.195818456227587,0.51127963699445,0.545000000045544,0.0453449242649523,-0.0789253745882403,3.39711510753078,3298.77928481191,0.0033071
2.98,-1.01874066157252,-0.0704019685937156,0.999999997165881,4.58077678348494,1.01206221341028,0.109693092602432,-1.04728936634047e-09,-0.986972292696038,0.160890314967456,1,4.5507963267949,0.195893898630323,0.511179643197064,0.545000000046889,0.0453428987599441,-0.119662610456208,3.39470603885147,3291.05865733933,0.003582
3,-1.01901492948931,-0.0907590484626084,0.999999997145104,4.60091335013156,1.01198869973989,0.109905533532834,-1.03040935783838e-09,-0.989992496600445,0.141120008059867,1,4.5707963267949,0.195967567880965,0.511080569965415,0.545000000048211,0.0453407782112592,-0.160419103345162,3.39148283377234,3282.74708294729,0.0034392
3.02,-1.01887492380484,-0.111116565484728,0.99999999712467,4.62104946016873,1.01192301632947,0.110113993003592,-1.01305356992043e-09,-0.992616716705937,0.12129325503063,1,4.5907963267949,0.196039524729649,0.510982532397203,0.545000000049513,0.0453385651249925,-0.20117828109385,3.38744530914666,3273.85015158571,0.0033318
3.04,-1.01832084187299,-0.131466238771066,0.999999997104587,4.64118506546322,1.01186493155214,0.110318439801609,-9.95228859324017e-10,-0.994843903359459,0.101417986316602,1,4.6107963267949,0.196109835102055,0.510885637641573,0.545000000050794,0.0453362620030516,-0.24192357615945,3.38259361311909,3264.37366389573,0.0034191
3.06,-1.01735304473336,-0.151799792995884,0.999999997084865,4.66132011860612,1.01181421822686,0.110518851318356,-9.76943006492094e-10,-0.996673165716047,0.0815021517602691,1,4.6307963267949,0.196178569499436,0.510789984903356,0.545000000052055,0.0453338713374787,-0.282638432167499,3.37692822496966,3254.32362782128,0.0036147
3.08,-1.01597205693379,-0.17210896171969,0.999999997065514,4.68145457294939,1.01177065392927,0.110715213021638,-9.5820311685202e-10,-0.998103772095146,0.0615537174299131,1,4.6507963267949,0.196245802417192,0.510695665475985,0.545000000053297,0.0453313956052341,-0.323306310455978,3.37044995482477,3243.70625514909,0.0040825
3.1,-1.01417856628919,-0.192385490706754,0.999999997046542,4.70158838263843,1.01173402126515,0.110907517930977,-9.39016189249742e-10,-0.999135150273279,0.0415806624332905,1,4.6707963267949,0.196311611782818,0.510602762801333,0.545000000054519,0.0453288372634403,-0.363910696611036,3.36315994323537,3232.52795797836,0.0041044
3.12,-1.01197342357675,-0.212621141235743,0.999999997027958,4.72172150264079,1.01170410810801,0.111095766098296,-9.1938954227544e-10,-0.999766887712928,0.021590975726096,1,4.6907963267949,0.196376078414064,0.51051135255488,0.545000000055721,0.045326198745062,-0.404435106991782,3.3550596606226,3220.79534512173,0.0050562
3.14,-1.00935764216754,-0.232807693402119,0.999999997009771,4.74185388877127,1.01168070780193,0.111279964095445,-8.99329997139376e-10,-0.99999873172754,0.00159265291648683,1,4.7107963267949,0.196439285497909,0.510421502754502,0.545000000056904,0.045323482455007,-0.444863095241628,3.34615090659107,3208.515218439,0.0037528
3.16,-1.00633239759444,-0.252936949410919,0.999999996991989,4.76198549771345,1.01166361933102,0.111460124510019,-8.7884441057895e-10,-0.999830589582598,-0.0184063069330538,1,4.7307963267949,0.196501318090945,0.510333273891249,0.545000000058069,0.0453206907666661,-0.485178258783608,3.33643580911038,3195.69456910531,0.0041992
3.18,-1.00289902705672,-0.273000736858569,0.999999996974621,4.78211628703797,1.01165264745696,0.111636265450808,-8.57939461695879e-10,-0.999262528532721,-0.0383979045052354,1,4.7507963267949,0.196562262641622,0.510246719080442,0.545000000059215,0.0453178260188236,-0.525364245297159,3.32591682356498,3182.34057381544,0.0035803
3.2,-0.999059028861106,-0.29299091200238,0.999999996957675,4.80224621521763,1.0116476028259,0.111808410064097,-8.36622113808972e-10,-0.998294775794753,-0.0583741434275801,1,4.7707963267949,0.19662220653473,0.510161884231503,0.545000000060341,0.0453148905129863,-0.565404759173804,3.31459673167315,3168.46059092588,0.0034919
3.22,-0.994814061799777,-0.31289936301639,0.99999999694116,4.8223752416396,1.01164830204625,0.111976586061948,-8.14899365764177e-10,-0.996927718456887,-0.0783270334708653,1,4.7907963267949,0.196681237658382,0.510078808234893,0.545000000061448,0.0453118865110581,-0.605283567949225,3.30247864027537,3154.06215653673,0.003315
3.24,-0.990165944465236,-0.332718013232232,0.999999996925084,4.84250332661476,1.01165456773876,0.112140825263477,-7.92778145353169e-10,-0.99516190332383,-0.0982485937451087,1,4.8107963267949,0.196739443993691,0.50999752316459,0.545000000062537,0.0453088162333942,-0.644984508709182,3.28956597999277,3139.15298051488,0.0034864
3.26,-0.985116654502448,-0.352438824363709,0.999999996909453,4.86263043138449,1.0116662285604,0.11230116315005,-7.70264882987705e-10,-0.992998036698093,-0.118130855891818,1,4.8307963267949,0.19679691322724,0.509918054494574,0.545000000063606,0.0453056818571859,-0.684491494466786,3.27586250375629,3123.7409424608,0.00347
3.28,-0.979668327798397,-0.372053799713786,0.999999996894277,4.88275651812501,1.01168311920342,0.112457638435207,-7.47366648568005e-10,-0.990436984097473,-0.137965867271227,1,4.8507963267949,0.196853732386395,0.509840421327802,0.545000000064657,0.0453024855151615,-0.723788520508591,3.26137228520722,3107.83408762061,0.0034313
3.3,-0.973823257609391,-0.3915549873627,0.999999996879562,4.90288154994945,1.01170508037124,0.112610292650046,-7.2408997908724e-10,-0.987479769908865,-0.157745694143249,1,4.8707963267949,0.196909987497366,0.509764636636216,0.54500000006569,0.0452992292946207,-0.762859670707028,3.24609971696974,3091.44062274549,0.0032909
3.32,-0.967583893626408,-0.410934483335922,0.999999996865317,4.92300549090783,1.01173195873242,0.112759169744688,-7.00441731282809e-10,-0.984127576978514,-0.177462424840861,1,4.8907963267949,0.196965763265928,0.509690707510357,0.545000000066703,0.0452959152367307,-0.801689123796693,3.23004950879647,3074.56891190058,0.003271
3.34,-0.960952840978829,-0.430184434750705,0.999999996851548,4.94312830598511,1.0117636068543,0.112904315706353,-6.76428726364975e-10,-0.980381746138899,-0.19710817293467,1,4.9107963267949,0.19702114278061,0.509618635417173,0.545000000067697,0.0452925453361257,-0.840261159612014,3.21322668558763,3057.22747222524,0.0033129
3.36,-0.953932859176929,-0.449297042939976,0.999999996838263,4.96324996109744,1.01179988311787,0.113045778194516,-6.52057892125413e-10,-0.97624377567241,-0.21667508038738,1,4.9307963267949,0.197076207238081,0.509548416464742,0.54500000006867,0.0452891215407441,-0.878560165283836,3.19563658528479,3039.42496964707,0.0034343
3.38,-0.946526860993522,-0.468264566552322,0.999999996825469,4.98337042308686,1.01184065161498,0.113183606193486,-6.27336653735711e-10,-0.971715320712062,-0.236155320696897,1,4.9507963267949,0.197131035690445,0.509480041672557,0.545000000069624,0.0452856457519178,-0.916570641392496,3.1772848566402,3021.17021455147,0.0032964
3.4,-0.938737911285189,-0.487079324626876,0.999999996813173,5.00348965971446,1.0118857820297,0.1133178496827,-6.02272010041816e-10,-0.966798192579461,-0.255541102026832,1,4.9707963267949,0.197185704814062,0.509413497246188,0.545000000070559,0.0452821198246849,-0.954277208074947,3.15817745686254,3002.47215740934,0.0033717
3.42,-0.93056922575355,-0.505733699641864,0.999999996801382,5.02360763965228,1.01193514950492,0.113448559324938,-5.76870924362538e-10,-0.961494358060299,-0.274824670323124,1,4.9907963267949,0.197240288699482,0.509348764855105,0.545000000071473,0.0452785455683142,-0.991664611083538,3.13832064914028,2983.33988436468,0.0034184
3.44,-0.922024169647049,-0.524220140535653,0.999999996790102,5.04372433247402,1.01198863449568,0.113575786172584,-5.51140644233783e-10,-0.955805938617666,-0.293998312415568,1,5.0107963267949,0.197294858662059,0.509285821912513,0.545000000072365,0.045274924747015,-1.02871772779404,3.11772100004358,2963.78261278473,0.0034324
3.46,-0.913106256403766,-0.542531165699097,0.99999999677934,5.06383970864468,1.01204612261058,0.113699581392002,-5.25089127734191e-10,-0.949735209543496,-0.313054359102971,1,5.0307963267949,0.197349483072681,0.509224641856177,0.545000000073236,0.0452712590808234,-1.06542157316058,3.09638537680593,2943.80968677463,0.0038045
3.48,-0.903819146235798,-0.560659365938033,0.999999996769102,5.08395373950938,1.01210750444253,0.11381999600601,-4.98724190833854e-10,-0.943284599048476,-0.331985188220734,1,5.0507963267949,0.197404227208132,0.509165194429143,0.545000000074085,0.0452675502466683,-1.10176130561511,3.07432094448671,2923.43057265892,0.0036283
3.5,-0.89416664465576,-0.578597407404774,0.999999996759394,5.10406639728133,1.01217267539009,0.113937080654381,-4.72053578448594e-10,-0.936456687290796,-0.35078322768962,1,5.0707963267949,0.197459153120489,0.509107445959418,0.545000000074913,0.045263799879544,-1.13772223290906,3.05153516301587,2902.65485443224,0.0036938
3.52,-0.884152700945997,-0.596338034497466,0.999999996750223,5.12417765502918,1.0122415354707,0.114050885372255,-4.45084751277135e-10,-0.929254205344123,-0.369440958544477,1,5.0907963267949,0.197514319524914,0.509051359637713,0.545000000075719,0.0452600095738623,-1.17328981789499,3.02803578412196,2881.49222918151,0.0036906
3.54,-0.873781406571116,-0.613874072726202,0.999999996741594,5.14428748666383,1.0123139891269,0.11416145938626,-4.17825916088076e-10,-0.921680034105203,-0.38795091794173,1,5.1107963267949,0.197569781705264,0.508996895792341,0.545000000076502,0.0452561808848731,-1.20844968424576,3.00383084814483,2859.95250248177,0.0034972
3.56,-0.863056993534478,-0.631198431544771,0.999999996733512,5.16439586692477,1.01238994502671,0.114268850928106,-3.90285315177152e-10,-0.913737203141545,-0.406305702144417,1,5.1307963267949,0.19762559143682,0.508944012160511,0.545000000077259,0.0452523153302175,-1.24318762210918,2.97892868073448,2838.04558376823,0.0033618
3.58,-0.851983832679302,-0.648304107146984,0.999999996725985,5.1845027713662,1.01246931585937,0.11437310706537,-3.62471972437105e-10,-0.90542888947963,-0.424497969483583,1,5.1507963267949,0.197681796925445,0.508892664155227,0.545000000077994,0.0452484143915527,-1.27748959369571,2.95333788943718,2815.7814816866,0.0034036
3.6,-0.840566431935074,-0.665184185226487,0.999999996719016,5.20460817634279,1.01255201812731,0.114474273549142,-3.34394059109399e-10,-0.896758416334147,-0.442520443294852,1,5.1707963267949,0.197738442762532,0.508842805127151,0.545000000078703,0.0452444795162617,-1.31134173879725,2.92706736017062,2793.17029942421,0.0032842
3.62,-0.828809434509967,-0.681831843699014,0.999999996712612,5.2247120589954,1.01263797193553,0.114572394678143,-3.06060847776733e-10,-0.88772925177875,-0.460365914828998,1,5.1907963267949,0.197795569894974,0.508794386620751,0.545000000079387,0.0452405121192096,-1.34473038023452,2.90012625358929,2770.22223002415,0.0033998
3.64,-0.816717617029993,-0.698240355386058,0.999999996706777,5.24481439723673,1.01272710077927,0.114667513178922,-2.77481575494675e-10,-0.878345007358874,-0.478027246135343,1,5.2107963267949,0.197853215609442,0.508747358624127,0.545000000080045,0.0452365135845604,-1.37764202923125,2.87252400134182,2746.9475516848,0.0033003
3.66,-0.804295887625652,-0.714403090658922,0.999999996701515,5.26491516973696,1.0128193313309,0.11475967010167,-2.48665408264513e-10,-0.868609436647165,-0.495497372916845,1,5.2307963267949,0.197911413530307,0.508701669812062,0.545000000080677,0.0452324852676259,-1.41006339071276,2.84427030222174,2723.35662304703,0.0033459
3.68,-0.791549283966849,-0.730313520042158,0.999999996696832,5.28501435590956,1.01291459322689,0.114848904731189,-2.19621831831772e-10,-0.858526433742102,-0.512769307355724,1,5.2507963267949,0.197970193630375,0.508657267781739,0.545000000081281,0.045228428496741,-1.44198136852698,2.81537511821325,2699.45987847139,0.0032765
3.7,-0.778482971246869,-0.74596521677542,0.999999996692733,5.30511193589722,1.01301281885571,0.114935254512493,-1.90360651686204e-10,-0.848100031710408,-0.529836140908493,1,5.2707963267949,0.198029582253775,0.508614099280707,0.545000000081856,0.0452243445751529,-1.47338307058595,2.78584867043378,2675.26782330768,0.0034557
3.72,-0.765102240116244,-0.761351859332743,0.99999999668922,5.32520789055806,1.01311394314741,0.11501875499053,-1.60892419387436e-10,-0.83733440097388,-0.546691047069287,1,5.2907963267949,0.198089602150241,0.508572110426757,0.545000000082404,0.0452202347829158,-1.50425581392553,2.75570143497476,2650.791029159,0.0033569
3.74,-0.751412504567335,-0.776467233898329,0.999999996686299,5.34530220145212,1.01321790336561,0.115099439763464,-1.31226869370947e-10,-0.826233847641272,-0.56332728410037,1,5.3107963267949,0.198150272520064,0.508531246919317,0.545000000082923,0.0452161003787728,-1.53458712968159,2.72494413864266,2626.04012914278,0.0032969
3.76,-0.737419299770503,-0.79130523679788,0.999999996683973,5.36539485082816,1.0133246389025,0.11517734044894,-1.01374659777774e-10,-0.814802811785912,-0.579738197728743,1,5.3307963267949,0.198211609068948,0.508491454242113,0.545000000083411,0.0452119426020406,-1.56436476798053,2.69358775460179,2601.02581315092,0.003334
3.78,-0.723128279862736,-0.805859876884599,0.999999996682245,5.3854858216109,1.01343409107767,0.115252486662777,-7.13468750745944e-11,-0.803045865669731,-0.595917223807764,1,5.3507963267949,0.198273624072128,0.508452677856851,0.545000000083869,0.0452077626744511,-1.59357670274235,2.66164349792073,2575.75882311134,0.0033602
3.8,-0.708545215689646,-0.820125277878941,0.99999999668112,5.40557509738871,1.01354620294113,0.11532490600945,-4.11540312938979e-11,-0.790967711914417,-0.611857890942719,1,5.3707963267949,0.19833632644696,0.508414863387684,0.545000000084295,0.0452035618019805,-1.62221113639432,2.62912282102434,2550.24994825312,0.0033954
3.82,-0.693675992501747,-0.834095680661261,0.999999996680601,5.42566266240169,1.01366091908114,0.115394624083796,-1.08077458094141e-11,-0.778573181620432,-0.627553823079294,1,5.3907963267949,0.198399721833336,0.50837795679637,0.545000000084689,0.0451993411766227,-1.65025650449335,2.596037409053,2524.51002037755,0.0033714
3.84,-0.678526607605948,-0.847765445516496,0.99999999668069,5.44574850153034,1.01377818543741,0.115461664483301,1.96802218965803e-11,-0.765867232434637,-0.642998742053909,1,5.4107963267949,0.198463812681208,0.508341904547934,0.545000000085051,0.0451951019781328,-1.67770148025546,2.56239917513121,2498.54990913718,0.0034137
3.86,-0.663103167973234,-0.861129054330051,0.999999996681389,5.46583260028471,1.01389794911998,0.115526048830361,5.02983965589027e-11,-0.752854946567295,-0.658186470104905,1,5.4307963267949,0.198528598344582,0.508306653766802,0.545000000085379,0.0451908453757069,-1.70453497899021,2.52822025554728,2472.38051732507,0.0033036
3.88,-0.647411887803492,-0.874181112734081,0.999999996682703,5.48591494479409,1.01402015823425,0.115587796803898,8.10348055324556e-11,-0.739541528759258,-0.673110932343562,1,5.4507963267949,0.198594075181276,0.508272152383346,0.545000000085674,0.0451865725296257,-1.73074616243881,2.49351300484625,2446.01277617641,0.0034308
3.9,-0.63145908604848,-0.886916352203369,0.999999996684632,5.50599552179732,1.01414476171255,0.115646926179707,1.11877334063594e-10,-0.72593230420014,-0.687766159183974,1,5.4707963267949,0.198660236657858,0.508238349270821,0.545000000085933,0.0451822845928047,-1.7563244430138,2.45828999083792,2419.45764068459,0.0032914
3.92,-0.615251183893961,-0.899329632100037,0.999999996687179,5.52607431863365,1.01427170915243,0.115703452878912,1.42813263437349e-10,-0.71203271639831,-0.702146288730806,1,5.4907963267949,0.198727073459098,0.508205194372733,0.545000000086158,0.0451779827123006,-1.78125948793896,2.42256398952208,2392.72608493388,0.0033064
3.94,-0.598794702202002,-0.911415941666335,0.999999996690345,5.54615132323416,1.01440095066206,0.11575739102393,1.73830123628706e-10,-0.697848325003563,-0.716245569123971,1,5.5107963267949,0.198794573601352,0.508172638820698,0.545000000086346,0.0451736680307459,-1.8055412232876,2.38634797993299,2365.82909745068,0.00326
3.96,-0.582096258914503,-0.923170401964777,0.999999996694132,5.56622652411383,1.014532436713,0.115808753001309,2.04914591961371e-10,-0.683384803583336,-0.7300583608393,1,5.5307963267949,0.198862722549349,0.508140635042889,0.545000000086503,0.0451693416877006,-1.82915983791782,2.3496551389052,2338.77767657549,0.0037084
3.98,-0.565162566419004,-0.934588267764926,0.999999996698542,5.58629991036422,1.01466611800033,0.115857549530877,2.36055619495803e-10,-0.668647937353351,-0.743579138944275,1,5.5507963267949,0.198931503335548,0.508109136862951,0.54500000008662,0.0451650048209195,-1.85210578730316,2.31249883576279,2311.5828258575,0.0034198
4,-0.54800042887784,-0.945664929376128,0.999999996703575,5.60637147164663,1.01480194531055,0.11590378974056,2.67238959850149e-10,-0.653643620863612,-0.756802495307928,1,5.5707963267949,0.199000896682084,0.508078099590085,0.545000000086699,0.0451606585675676,-1.87436979725712,2.27489262693433,2284.25554947389,0.0033301
4.02,-0.530616739521733,-0.95639591442555,0.999999996709232,5.62644119818603,1.01493986939719,0.115947481246345,2.98450579805378e-10,-0.63837785564066,-0.769723140764024,1,5.5907963267949,0.199070881124184,0.508047480099841,0.545000000086739,0.0451563040653251,-1.89594286755014,2.23685025049544,2256.80684767564,0.0032681
4.04,-0.51301847790893,-0.96677688958086,0.999999996715513,5.64650908076542,1.01507984086433,0.115988630236775,3.29676552723869e-10,-0.622856747787041,-0.782335907226653,1,5.6107963267949,0.199141433134926,0.508017236906127,0.54500000008674,0.0451519424534109,-1.91681627541764,2.19838562064154,2229.24771226193,0.0033448
4.06,-0.495212707150978,-0.976803662216949,0.999999996722419,5.66657511072086,1.01522181005795,0.116027241561442,3.60902774332317e-10,-0.607086505538954,-0.794635749757397,1,5.6307963267949,0.199212527250709,0.507987330224586,0.545000000086702,0.0451475748735446,-1.93698157895773,2.15951282209262,2201.58912208485,0.0034082
4.08,-0.477206571106298,-0.986472182026087,0.999999996729949,5.68663927993699,1.01536572696532,0.116063318822938,3.92115602210196e-10,-0.591073436783031,-0.806617748583241,1,5.6507963267949,0.199284136197082,0.50795772202753,0.545000000086624,0.0451432024707843,-1.95643062041732,2.12024610443264,2173.84203858633,0.0032656
4.1,-0.459007291542658,-0.995778542570947,0.999999996738103,5.7067015808432,1.01551154112226,0.116096864471734,4.23300257068603e-10,-0.574823946533269,-0.81827711106441,1,5.6707963267949,0.199356231014451,0.50792837609068,0.545000000086507,0.0451388263943139,-1.97515552936536,2.08059987638549,2146.01740136914,0.0032801
4.12,-0.440622165269732,-1.00471898277994,0.999999996746881,5.7267620064102,1.01565920152832,0.116127879903474,4.54442670161368e-10,-0.55834453436911,-0.829609173611371,1,5.6907963267949,0.199428781183269,0.507899258031995,0.545000000086348,0.0451344477981193,-1.99314872575196,2.04058870003019,2118.12612380362,0.0032722
4.14,-0.42205856124288,-1.01328988838435,0.999999996756281,5.74682055014719,1.01580865656981,0.116156365558221,4.85528026672452e-10,-0.541641791835698,-0.840609403550195,1,5.7107963267949,0.199501754748347,0.50787033534278,0.545000000086149,0.0451300678415817,-2.01040292285222,2.0002272849572,2090.17908867202,0.0034328
4.16,-0.403323917639336,-1.02148779329676,0.999999996766301,5.76687720609949,1.01595985395054,0.116182321021142,5.1654154731295e-10,-0.524722399807346,-0.851273400935574,1,5.7307963267949,0.199575118441931,0.50784157741143,0.545000000085909,0.0451256876899902,-2.0269111300937,1.95953048236863,2062.18714385194,0.0034582
4.18,-0.384425738907986,-1.02930938093023,0.999999996776941,5.78693196884665,1.01611274063034,0.11620574512422,5.47468701483918e-10,-0.507593125815277,-0.861596900310741,1,5.7507963267949,0.199648837805211,0.507812955540062,0.545000000085627,0.0451213085149694,-2.04266665576634,1.91851327912438,2034.16109804079,0.0035478
4.2,-0.365371592793923,-1.03675148545795,0.999999996788199,5.80698483350094,1.01626726277094,0.116226636048533,5.78294461206492e-10,-0.490260821340699,-0.871575772413588,1,5.7707963267949,0.199722877307951,0.507784442954313,0.545000000085302,0.0451169314948149,-2.05766310961393,1.8771907917367,2006.11171652269,0.0032212
4.22,-0.346169107338981,-1.0438110930127,0.999999996800072,5.82703579570634,1.01642336568936,0.116244991426701,6.09003336649034e-10,-0.472732419074309,-0.881206025828326,1,5.7907963267949,0.199797200465963,0.507756014806628,0.545000000084936,0.0451125578147444,-2.07189440530604,1.83557826031564,1978.04971697942,0.0033405
4.24,-0.326825967859462,-1.05048534282585,0.999999996812558,5.84708485163787,1.0165809938185,0.116260808445097,6.39580406414092e-10,-0.455014930143305,-0.890483808581989,1,5.8107963267949,0.199871769956158,0.507727648173355,0.545000000084527,0.0451081886670743,-2.08535476278949,1.79369104246766,1949.98576534711,0.003472
4.26,-0.307349913902269,-1.05677152830557,0.999999996825654,5.86713199800128,1.01674009067468,0.116274083945466,6.70010216197164e-10,-0.437115441307028,-0.899405409685178,1,5.8307963267949,0.199946547728971,0.507699322045919,0.545000000084075,0.0451038252513178,-2.09803871051857,1.7515446071499,1921.93047171995,0.0033473
4.28,-0.287748736180669,-1.06266709805373,0.999999996839357,5.88717723203307,1.01690059883216,0.116284814525579,7.00277382748021e-10,-0.419041112122356,-0.907967260616405,1,5.8507963267949,0.200021495117866,0.50767101731646,0.54500000008358,0.0450994687741928,-2.10994108756302,1.70915452848261,1893.89438630264,0.0033392
4.3,-0.268030273490921,-1.0681696568213,0.999999996853663,5.90722055150082,1.01706245990416,0.116292996638616,7.30366238599338e-10,-0.400799172079975,-0.916165936749455,1,5.8707963267949,0.200096572945813,0.507642716758163,0.545000000083043,0.0450951204495641,-2.12105704559305,1.66653647952206,1865.88799541278,0.0034028
4.32,-0.248202409610992,-1.07327696640185,0.99999999686857,5.92726195470381,1.01722561453037,0.11629862669094,7.60261791299392e-10,-0.38239691771268,-0.923998158723188,1,5.8907963267949,0.200171741628502,0.50761440500069,0.545000000082461,0.0450907814983104,-2.13138205074076,1.62370622599649,1837.92171753472,0.0036444
4.34,-0.228273070182625,-1.07798694646292,0.999999996884072,5.94730144047384,1.01739000237066,0.116301701138004,7.89947591783849e-10,-0.363841709676858,-0.931460793753243,1,5.9107963267949,0.200246961274181,0.507586068500958,0.545000000081837,0.0450864531481234,-2.14091188533704,1.58067962000761,1810.00589942621,0.003426
4.36,-0.208250219577986,-1.08229767531501,0.999999996900165,5.9673390081763,1.01755556210463,0.116302216578092,8.1940893181808e-10,-0.345140969808323,-0.938550856885108,1,5.9307963267949,0.200322191779949,0.507557695509636,0.545000000081168,0.0450821366332283,-2.14964264952353,1.53747259370001,1782.15081227912,0.0033315
4.38,-0.188141857752141,-1.08620739061787,0.999999996916845,5.9873746577114,1.01772223143692,0.116300169843669,8.48629433392025e-10,-0.326302178153684,-0.945265512188063,1,5.9507963267949,0.200397392924422,0.507529276033651,0.545000000080457,0.0450778331940527,-2.15757076273892,1.49410115290112,1754.36664793554,0.003453
4.4,-0.167956017082634,-1.08971449002401,0.999999996934108,6.00740838951552,1.01788994710798,0.116295558090106,8.77593855364002e-10,-0.307332869978419,-0.951602073889516,1,5.9707963267949,0.200472524456653,0.507500801795018,0.545000000079703,0.0450735440768304,-2.16469296507914,1.45058137073419,1726.66351516047,0.0036316
4.42,-0.147700759197404,-1.09281753175912,0.999999996951947,6.02744020456282,1.01805864490992,0.11628837888156,9.06286921065192e-10,-0.288240632752882,-0.957558007449271,1,5.9907963267949,0.200547546181125,0.507472266186105,0.545000000078904,0.045069270533121,-2.17100631853079,1.40692938120671,1699.05143597227,0.0033211
4.44,-0.127384171792305,-1.09551523513934,0.999999996970356,6.04747010436672,1.01822825970733,0.116278630273836,9.3469253670263e-10,-0.269033103117399,-0.963130930573317,1,6.0107963267949,0.200622418039106,0.507443664222245,0.545000000078061,0.0450650138193269,-2.17650820807757,1.36316137277696,1671.54034203212,0.0032617
4.46,-0.107014365439499,-1.09780648102517,0.999999996989331,6.06749809098164,1.01839872546273,0.116266310894061,9.62794466374804e-10,-0.249717963827731,-0.968318614166707,1,6.0307963267949,0.200697100185862,0.50741499249125,0.545000000077172,0.0450607751961093,-2.18119634267921,1.3192935819011,1644.14007109347,0.0033897
4.48,-0.08659947038797,-1.09969031221194,0.999999997008865,6.08752416700467,1.01856997526634,0.116251420017011,9.90576332071656e-10,-0.230302940682059,-0.973118983225174,1,6.0507963267949,0.200771553064004,0.507386249100529,0.54500000007624,0.0450565559277801,-2.18506875612254,1.27534228656337,1616.86036351269,0.0034199
4.5,-0.0661476333574319,-1.1011659337568,0.999999997028951,6.10754833557727,1.01874194136998,0.116233957637966,1.01802275054295e-09,-0.21079579943078,-0.977530117665097,1,6.0707963267949,0.200845737472824,0.507357433622029,0.545000000075262,0.0450523572816253,-2.18812380774443,1.23132379979193,1589.71085882185,0.0034254
4.52,-0.0456670143268854,-1.10223271324208,0.999999997049582,6.12757060038698,1.01891455522479,0.116213924541975,1.04511709508868e-09,-0.191204342670301,-0.981550253091516,1,6.0907963267949,0.200919614633681,0.507328547035219,0.54500000007424,0.0450481805272206,-2.19036018302648,1.18725446316293,1562.70109236465,0.0033727
4.54,-0.0251657833190924,-1.10289018097503,0.999999997070752,6.14759096566899,1.01908774752244,0.116191322369443,1.07184330744302e-09,-0.171536406722112,-0.985177781503859,1,6.1107963267949,0.200993146251401,0.507299591668459,0.545000000073174,0.0450440269356691,-2.19177689406102,1.1431506402953,1535.84049199657,0.0034322
4.56,-0.00465211718222413,-1.10313803012396,0.999999997092452,6.16760943620775,1.01926144823969,0.116166153677942,1.09818600435572e-09,-0.151799858498355,-0.988411251939131,1,6.1307963267949,0.201066294571751,0.507270571138959,0.545000000072064,0.0450398977788335,-2.19237327988854,1.0990287103388,1509.13837484998,0.0035005
4.58,0.0158658036300562,-1.1029761167907,0.999999997114675,6.18762601733841,1.01943558668588,0.116138422000205,1.12412894992529e-09,-0.13200259235517,-0.991249371052267,1,6.1507963267949,0.201139022434998,0.507241490291594,0.54500000007091,0.0450357943285174,-2.1921490067063,1.05490506145791,1482.60394416524,0.0034652
4.6,0.0363797982788184,-1.10240446001953,0.999999997137413,6.20764071494816,1.01961009155318,0.116108131898233,1.14965665432008e-09,-0.112152526935054,-0.993691003633465,1,6.1707963267949,0.20121129332562,0.507212355136832,0.545000000069715,0.0450317178556293,-2.19110406794814,1.01079608431412,1456.24628618857,0.0033763
4.62,0.0568816887591444,-1.10142324174256,0.999999997160657,6.22765353547737,1.01978489096936,0.116075289013502,1.17475405403409e-09,-0.0922576019995117,-0.995735173062245,1,6.1907963267949,0.201283071418187,0.507183172787983,0.545000000068475,0.045027669629301,-2.18923878423551,0.966718165549109,1430.0743671375,0.0034229
4.64,0.0773633031172095,-1.10003280666166,0.999999997184398,6.24766448592067,1.01995991255272,0.116039900113224,1.19940516185578e-09,-0.0723257752532536,-0.997381061698093,1,6.2107963267949,0.20135432161954,0.507153951398014,0.54500000006719,0.0450236509160189,-2.18655380319976,0.922687681271374,1404.09703023472,0.0034491
4.66,0.0978164786639179,-1.09823366206704,0.999999997208628,6.26767357382774,1.02013508346902,0.116001973132689,1.22359356424793e-09,-0.0523650191612259,-0.998628011207499,1,6.2307963267949,0.20142500960727,0.507124700096112,0.545000000065864,0.0450196629786843,-2.18305009917579,0.878720990548861,1378.32299281101,0.0033356
4.68,0.118233065183849,-1.09602647759266,0.999999997233337,6.28768080730392,1.02031033049011,0.115961517213668,1.24730448192166e-09,-0.0323833177597247,-0.999475522827284,1,6.2507963267949,0.201495101864647,0.507095428924261,0.545000000064495,0.0450157070757162,-2.17872897276728,0.834834428910108,1352.76084347791,0.0041493
4.7,0.138604928138275,-1.09341208490858,0.999999997258516,6.30768619501061,1.02048558005406,0.115918542738904,1.27052274478954e-09,-0.0123886634628906,-0.999923257564101,1,6.2707963267949,0.201564565712028,0.507066148773923,0.545000000063084,0.0450117844600887,-2.17359205028367,0.791044301856447,1327.41903937097,0.0034941
4.72,0.158923951861016,-1.09039147735039,0.999999997284153,6.3276897461654,1.02066075832654,0.115873061362729,1.29323286301995e-09,0.00761094613414879,-0.999971036330024,1,6.2907963267949,0.201633369334889,0.507036871323114,0.545000000061631,0.0450078963783866,-2.16764128304912,0.747366878387755,1302.30590346396,0.0035278
4.74,0.179182042745907,-1.08696580948605,0.99999999731024,6.34769147054195,1.0208357912632,0.115825086037841,1.31542002179683e-09,0.0276075114542115,-0.999618840014185,1,6.3107963267949,0.20170148180857,0.507007608974038,0.545000000060138,0.0450040440698532,-2.16087894658387,0.703818384544289,1277.42962195482,0.0034932
4.76,0.199371132424644,-1.08313639662018,0.999999997336765,6.36769137846958,1.02101060467284,0.115774631038292,1.33706954841271e-09,0.0475930341377878,-0.998866809490414,1,6.3307963267949,0.201768873119768,0.506978374791183,0.545000000058606,0.045000228765412,-2.15330763965821,0.6604149969671,1252.79824172384,0.0034139
4.78,0.219483180933808,-1.07890471423624,0.999999997363718,6.38768948083258,1.02118512428123,0.11572171197875,1.35816755175708e-09,0.0675595202422752,-0.997715245560893,1,6.3507963267949,0.201835514184993,0.50694918244043,0.545000000057029,0.0449964516867072,-2.14493028321959,0.617172836479515,1228.41966786456,0.00336
4.8,0.239510179869843,-1.07427239737669,0.999999997391087,6.4076857890692,1.02135927579528,0.115666345830101,1.37869797356414e-09,0.0874989834394473,-0.996164608835841,1,6.3707963267949,0.201901376866123,0.506920046129218,0.545000000055415,0.0449927140451455,-2.13575011919332,0.574107961692171,1204.30166128789,0.0034217
4.82,0.259444155530799,-1.06924123996156,0.99999999741886,6.42768031517035,1.02153298496736,0.115608550931478,1.39864742010329e-09,0.10740344820988,-0.994215519549271,1,6.3907963267949,0.201966433983014,0.506890980547608,0.545000000053759,0.0449890170409261,-2.12577070915725,0.531236362634084,1180.45183639996,0.0037754
4.84,0.279277172043631,-1.06381319404562,0.999999997447026,6.44767307167793,1.02170617765971,0.115548346998793,1.41800072128715e-09,0.127264953033056,-0.991868757310913,1,6.4107963267949,0.202030659323448,0.506862000810649,0.545000000052062,0.0449853618620826,-2.11499593289115,0.488573954412194,1156.87765885402,0.0036355
4.86,0.299001334475879,-1.05799036901467,0.999999997475574,6.46766407168285,1.02187877990863,0.115485755129866,1.43674316888107e-09,0.147075553571863,-0.98912526079437,1,6.4307963267949,0.202094027650444,0.506833122402067,0.545000000050326,0.0449817496835376,-2.10342998680122,0.446136570901851,1133.58644337684,0.0036094
4.88,0.318608791930546,-1.05177503072098,0.99999999750449,6.4876533288227,1.02205071798834,0.115420797806253,1.45486051650321e-09,0.166827325850222,-0.98598612736167,1,6.4507963267949,0.202156514707095,0.506804361119372,0.545000000048552,0.0449781816661607,-2.09107738222054,0.403939958470659,1110.58535166995,0.0037077
4.9,0.338091740623002,-1.04516960055868,0.999999997533762,6.50764085727909,1.0222219184743,0.115353498891864,1.47233937042299e-09,0.186512369422576,-0.982452612624332,1,6.4707963267949,0.202218097219089,0.50677573302049,0.545000000046737,0.0449746589558379,-2.07794294358607,0.361999769738114,1087.88139038602,0.0037744
4.92,0.357442426938758,-1.0381766544791,0.999999997563377,6.52762667177457,1.02239230830601,0.115283883628498,1.48916480924297e-09,0.206122810533958,-0.978526129941139,1,6.4907963267949,0.202278752894945,0.506747254371996,0.545000000044889,0.0449711826825687,-2.0640318064929,0.32033155737342,1065.48140918065,0.0037894
4.94,0.376653150470957,-1.03079892194672,0.999999997593322,6.54761078756925,1.02256181484881,0.115211978628392,1.50532478926377e-09,0.225650805269396,-0.974208249852809,1,6.5107963267949,0.202338460424215,0.506718941599015,0.545000000043,0.0449677539595585,-2.04934941562661,0.278950767933887,1043.39209883986,0.0037999
4.96,0.395716267036434,-1.02303928483613,0.999999997623583,6.56759322045704,1.02273036595496,0.115137811863905,1.520804921995e-09,0.245088542691362,-0.969500699453809,1,6.5307963267949,0.202397199473653,0.506690811236856,0.545000000041079,0.0449643738823397,-2.03390152257465,0.237872735746268,1021.6199894835,0.0037892
4.98,0.414624191669227,-1.01490077627034,0.999999997654147,6.58757398676148,1.02289789002351,0.11506141265446,1.53559327031869e-09,0.264428247964056,-0.96440536170153,1,6.5507963267949,0.202454950681577,0.506662879884432,0.54500000003912,0.0449610435279199,-2.01769418351734,0.197112676833393,1000.1714488447,0.0039737
5,0.433369401590405,-1.00638657940111,0.999999997685,6.60755310333123,1.02306431605913,0.114982811650862,1.54967640497714e-09,0.283662185463226,-0.958924274663138,1,6.5707963267949,0.202511695650481,0.506635164159519,0.545000000037127,0.0449577639539252,-2.0007337567998,0.156685682888439,979.052680625626,0.0035547
5.02,0.451944439153107,-0.997500026131551,0.999999997716127,6.62753058753524,1.02322957372954,0.114902040817115,1.56304228227097e-09,0.302782661870324,-0.953059630700367,1,6.5907963267949,0.20256741693807,0.506607680655898,0.545000000035101,0.0449545361978082,-1.9830269003854,0.116606715299129,958.269722929593,0.0034445
5.04,0.470341914761695,-0.988244595781821,0.999999997747514,6.64750645725741,1.02339359342169,0.114819133409869,1.57567868086514e-09,0.321782029249722,-0.946813775592609,1,6.6107963267949,0.202622098046773,0.506580445902363,0.545000000033042,0.0449513612760231,-1.96458056919208,0.0768905992241786,937.828446769612,0.0034005
5.06,0.48855450976393,-0.978623913698137,0.999999997779147,6.66748073089104,1.02355630629638,0.114734123955617,1.58757377022309e-09,0.34065268810779,-0.940189207598628,1,6.6307963267949,0.202675723411945,0.506553476323705,0.545000000030953,0.0449482401832885,-1.94540201231232,0.0375520177242464,917.734554653531,0.0034617
5.08,0.50657497931509,-0.96864174980589,0.99999999781101,6.68745342733279,1.02371764434141,0.114647048225776,1.5987167145681e-09,0.35938709043259,-0.933188576457298,1,6.6507963267949,0.202728278388796,0.506526788203655,0.545000000028833,0.0449451738918206,-1.92549877011802,-0.00139449405035719,897.993579245718,0.0035403
5.1,0.524396155212977,-0.958302017107325,0.999999997843088,6.70742456597635,1.02387754042305,0.114557943209776,1.60909664259631e-09,0.377977742712981,-0.925814682327732,1,6.6707963267949,0.20277974923816,0.506500397649609,0.545000000026687,0.0449421633506218,-1.90487867125145,-0.0399345546129737,878.610882105339,0.0034814
5.12,0.542010948702744,-0.947608770124401,0.999999997875366,6.72739416670572,1.0240359283359,0.114466847086282,1.61870406856221e-09,0.396417208935922,-0.918070474669267,1,6.6907963267949,0.202830123111256,0.506474320559455,0.54500000002451,0.0449392094848009,-1.8835498295033,-0.07805394183271,859.591652501195,0.0033996
5.14,0.55941235325051,-0.936566203287455,0.999999997907828,6.7473622498881,1.02419274285092,0.114373799192677,1.62752769483629e-09,0.414698113560783,-0.90995905106171,1,6.7107963267949,0.202879388033614,0.506448572590426,0.545000000022305,0.0449363131949043,-1.86152064057923,-0.11573859856318,840.940906303068,0.0034148
5.16,0.576593447284741,-0.92517864927028,0.999999997940459,6.76732883636654,1.02434791976175,0.114278839992942,1.63555746723884e-09,0.432813144469452,-0.901483655966355,1,6.7307963267949,0.202927532888073,0.506423169129737,0.545000000020073,0.0449334753562899,-1.83879977875609,-0.152974638205718,822.66348494951,0.0034059
5.18,0.593547396904368,-0.913450577272273,0.999999997973242,6.78729394745207,1.02450139592915,0.114182011044045,1.64278361580725e-09,0.450755055891099,-0.892647679428235,1,6.7507963267949,0.202974547397146,0.506398125267199,0.545000000017816,0.0449306968185245,-1.81539619342916,-0.189748350204936,804.764054491947,0.0034157
5.2,0.610267458552641,-0.901386591248312,0.999999998006162,6.80725760491569,1.02465310932359,0.114083354960964,1.64919725875731e-09,0.468516671300377,-0.883454655720153,1,6.7707963267949,0.203020422104735,0.506373455769738,0.545000000015535,0.0449279784048114,-1.79131910555173,-0.226046205474519,787.247104714994,0.0034112
5.22,0.626746981655747,-0.88899142808704,0.999999998039202,6.82721983097987,1.02480299906593,0.113982915380473,1.65478983404907e-09,0.486090886287941,-0.873908261929022,1,6.7907963267949,0.203065148357346,0.506349175057804,0.54500000001323,0.044925320911452,-1.76657800396842,-0.261854861751179,770.116948332787,0.0035647
5.24,0.64297941122519,-0.876269955738264,0.999999998072345,6.8471806483098,1.0249510054662,0.113880736923801,1.65955274411542e-09,0.503470671402114,-0.864012316485074,1,6.8107963267949,0.203108718284871,0.506325297183609,0.545000000010907,0.0449227251073341,-1.74118264164373,-0.297161168874723,753.377720261175,0.0036652
5.26,0.658958290422991,-0.863227171290168,0.999999998105576,6.86714008000435,1.02509707006039,0.113776865158283,1.66347930985464e-09,0.520649074960579,-0.853770777634543,1,6.8307963267949,0.203151124781026,0.506301835811206,0.545000000008564,0.0449201917334603,-1.71514303178717,-0.331952173992211,737.033376965542,0.003976
5.28,0.674677263088754,-0.849868198997081,0.999999998138876,6.88709814958662,1.02524113564536,0.113671346558128,1.66656217714942e-09,0.537619225830956,-0.843187741856417,1,6.8507963267949,0.203192361483533,0.506278804198351,0.545000000006204,0.0449177215024926,-1.68846944387658,-0.366215126684209,721.087695884013,0.0040004
5.3,0.690130076227657,-0.836198288258537,0.999999998172229,6.90705488099437,1.02538314631174,0.11356422846439,1.66879555507646e-09,0.554374336179162,-0.832267442223901,1,6.8707963267949,0.203232422754104,0.506256215180062,0.54500000000383,0.0449153150983382,-1.66117239958112,-0.399937484011176,705.544274925801,0.0040916
5.32,0.705310582458456,-0.822222811550406,0.999999998205619,6.92701029856994,1.02552304747492,0.113455559044278,1.67017432772806e-09,0.570907704184454,-0.821014246711247,1,6.8907963267949,0.203271303658329,0.506234081153945,0.54500000000144,0.0449129731757768,-1.63326266858558,-0.433106915478055,690.406532044383,0.0037703
5.34,0.720212742420594,-0.807947262308852,0.999999998239028,6.94696442705011,1.02566078590403,0.113345387249893,1.67069281076235e-09,0.587212716720073,-0.809432656446619,1,6.9107963267949,0.203308999945533,0.506212414067101,0.54499999999904,0.0449106963600883,-1.60475126431752,-0.465711307915161,675.67770488519,0.003749
5.36,0.734830627139526,-0.793377252767931,0.999999998272438,6.96691729155555,1.02579630974905,0.1132337627765,1.67034738041136e-09,0.603282851998404,-0.797527303911704,1,6.9307963267949,0.203345508028625,0.506191225404687,0.544999999996632,0.0449084852467526,-1.57564943957903,-0.497738770273498,661.360850507486,0.0037159
5.38,0.74915842034938,-0.778518511751622,0.999999998305833,6.98686891758008,1.02592956856594,0.113120736020421,1.66913476817851e-09,0.619111682179599,-0.785302951088781,1,6.9507963267949,0.203380824964058,0.506170526179999,0.544999999994216,0.0449063404011401,-1.54596868208469,-0.529177638332664,647.458845180053,0.0037747
5.4,0.763190420772095,-0.763376882421134,0.999999998339195,7.00681933097969,1.02606051333994,0.113006358036669,1.66705234505568e-09,0.634692875942635,-0.772764487555987,1,6.9707963267949,0.203414948431937,0.506150326926054,0.544999999991793,0.0449042623582649,-1.51572070990746,-0.560016479319546,633.974384250293,0.0035777
5.42,0.776921044352198,-0.747958319978307,0.999999998372506,7.02676855796126,1.02618909650686,0.112890680496387,1.66409780177898e-09,0.650020201017752,-0.759916928531561,1,6.9907963267949,0.203447876716295,0.506130637688633,0.544999999989369,0.0449022516225469,-1.48491746683435,-0.590244096436018,620.909982086357,0.0035183
5.44,0.790344826446371,-0.732268889325977,0.99999999840575,7.04671662507118,1.02631527197266,0.112773755644186,1.66027049885994e-09,0.665087526679283,-0.746765412867812,1,7.0107963267949,0.203479608685658,0.506111468020686,0.544999999986945,0.0449003086676173,-1.45357111763357,-0.619849533293917,608.267972091815,0.0035133
5.46,0.803456423967021,-0.71631476268616,0.999999998438908,7.06666355918365,1.02643899513109,0.112655636255481,1.65557061393426e-09,0.679888826197857,-0.733315200995657,1,7.0307963267949,0.203510143773843,0.506092826978082,0.544999999984523,0.0448984339361445,-1.42169404323503,-0.648822078255586,596.050506792471,0.0040064
5.48,0.816250617479032,-0.700102217176947,0.999999998471964,7.08660938748887,1.02656022287962,0.112536375593883,1.64999885754466e-09,0.694418179251016,-0.719571672820507,1,7.0507963267949,0.203539481961163,0.50607472311667,0.544999999982108,0.0448966278396957,-1.38929883582598,-0.677151268678317,584.259557994775,0.0039178
5.5,0.828722313248923,-0.683637632349006,0.9999999985049,7.10655413748094,1.02667891363352,0.112416027368728,1.64355761000931e-09,0.70866977429126,-0.705540325570392,1,7.0707963267949,0.203567623755898,0.506057164490395,0.5449999999797,0.0448948907586205,-1.35639829386382,-0.704826895061052,572.896917015376,0.0036647
5.52,0.840866545245656,-0.666927487682583,0.999999998537698,7.12649783694573,1.02679502733834,0.112294645692825,1.63624964244488e-09,0.722637910870592,-0.691226771597126,1,7.0907963267949,0.203594570176275,0.506040158650739,0.544999999977303,0.0448932230419685,-1.3230054170078,-0.73183900509176,561.964194981256,0.0034663
5.54,0.85267847709233,-0.649978360045955,0.999999998570341,7.14644051394848,1.02690852548056,0.112172285040475,1.62807854309219e-09,0.736317001920619,-0.676636736131457,1,7.1107963267949,0.20362032273282,0.506023712647232,0.544999999974919,0.0448916250074316,-1.28913340097176,-0.758177907593919,551.462823199914,0.0035601
5.56,0.864153403968039,-0.632796921116243,0.999999998602813,7.16638219682127,1.02701937109678,0.112049000205832,1.61904942785892e-09,0.749701575987308,-0.661776054993037,1,7.1307963267949,0.203644883411195,0.506007833028922,0.544999999972552,0.0448900969413137,-1.25479563229977,-0.783834176370569,541.394053599011,0.0034995
5.58,0.875286754459169,-0.61538993476355,0.999999998635095,7.18632291415043,1.02712752878114,0.11192484626167,1.60916805214126e-09,0.762786279419489,-0.646650672256183,1,7.1507963267949,0.203668254655493,0.505992525846858,0.544999999970203,0.0448886390985237,-1.22000568306666,-0.808798653944477,531.758959234905,0.0035172
5.6,0.886074092359453,-0.59776425439938,0.999999998667171,7.2062626947637,1.02723296469133,0.111799878518602,1.59844120162231e-09,0.77556587851025,-0.631266637872321,1,7.1707963267949,0.203690439352055,0.505977796657495,0.544999999967877,0.0448872517026002,-1.18477730550558,-0.83306245519294,522.558434869437,0.0035213
5.62,0.896511118418069,-0.579926820290316,0.999999998699024,7.22620156771742,1.02733564655303,0.111674152484807,1.58687686990785e-09,0.788035261590348,-0.615630105250086,1,7.1907963267949,0.203711440813808,0.505963650526926,0.544999999965579,0.0448859349457507,-1.14912442656454,-0.856616970875826,513.79319761435,0.0036093
5.64,0.906593672035162,-0.56188465683794,0.999999998730638,7.24613956228348,1.02743554366291,0.111547723826314,1.57448543092184e-09,0.800189441072806,-0.599747328794043,1,7.2107963267949,0.203731262765118,0.50595009203594,0.54499999996331,0.0448846889889254,-1.11306114239416,-0.879453871055488,505.463787642683,0.0036225
5.66,0.916317732904096,-0.543644869825997,0.999999998761996,7.26607670793634,1.02753262689025,0.111420648327882,1.56127683226257e-09,0.812023555447886,-0.583624661403007,1,7.2307963267949,0.203749909327209,0.505937125285811,0.544999999961073,0.0448835139619091,-1.07660171276854,-0.901565108407219,497.570568966462,0.003541
5.68,0.92567942259985,-0.525214643635812,0.999999998793081,7.28601303433979,1.02762686867717,0.11129298185453,1.54726301104799e-09,0.823532871227622,-0.567268551928968,1,7.2507963267949,0.203767385004121,0.50592475390477,0.544999999958875,0.0448824099634365,-1.03976055544166,-0.922942921418942,490.113730279985,0.0034542
5.7,0.934675006112915,-0.50660123843098,0.999999998823878,7.30594857133383,1.0277182430376,0.111164780313729,1.53245817813283e-09,0.83471278483916,-0.550685542597638,1,7.2707963267949,0.203783694669216,0.505912981055106,0.544999999956717,0.0448813770613242,-1.00255224044116,-0.943579837478917,483.093285868011,0.0036205
5.72,0.943300893328117,-0.487811987312369,0.999999998854372,7.32588334892137,1.02780672555496,0.111036099618324,1.51687611804616e-09,0.845558824466117,-0.533882266391643,1,7.2907963267949,0.203798843552277,0.505901809440846,0.544999999954602,0.0448804152926374,-0.964991484302062,-0.963468675850222,476.509076578089,0.0037044
5.74,0.951553640447792,-0.468854293444472,0.999999998884546,7.34581739725493,1.02789229337868,0.110906995650179,1.50053271141812e-09,0.856066651837255,-0.516865444397429,1,7.3107963267949,0.203812837227117,0.505891241315956,0.544999999952535,0.0448795246638567,-0.927093144242256,-0.982602550530871,470.360770856299,0.0037147
5.76,0.959429951358744,-0.449735627154173,0.999999998914386,7.36575074662331,1.02797492521953,0.1107775242246,1.4834453310186e-09,0.866232063961728,-0.499641883116902,1,7.3307963267949,0.203825681599804,0.505881278493015,0.54499999995052,0.0448787051510882,-0.888872212282332,-1.00097487299842,464.64786584562,0.0036794
5.78,0.966926678942466,-0.43046352300298,0.999999998943876,7.38568342743829,1.02805460134388,0.110647741055551,1.46563248648588e-09,0.876050994810224,-0.482218471744932,1,7.3507963267949,0.203837382897386,0.505871922352304,0.54499999994856,0.0448779567002664,-0.850343809311781,-1.01857935483799,459.369688546143,0.0036004
5.8,0.974040826328096,-0.411045576833817,0.999999998973004,7.4056154702212,1.0281313035669,0.11051770172167,1.44711410854368e-09,0.885519516941319,-0.464602179413757,1,7.3707963267949,0.203847947657198,0.505863173851284,0.544999999946658,0.0448772792273964,-0.811523179103962,-1.03541001025268,454.52539703632,0.0036702
5.82,0.980769548087612,-0.391489442793449,0.999999999001754,7.4255469055896,1.02820501524478,0.110387461633132,1.42791108714843e-09,0.894633843072407,-0.44680005240543,1,7.3907963267949,0.203857382716701,0.50585503353438,0.54499999994482,0.044876672618801,-0.772425682282098,-1.05146115845535,450.11398175443,0.0035281
5.84,0.987110151372793,-0.371802830331643,0.999999999030114,7.44547776424397,1.02827572126594,0.110257075999342,1.40804626624911e-09,0.903390327594559,-0.428819211333396,1,7.4107963267949,0.20386569520385,0.505847501543066,0.544999999943048,0.0448761367313907,-0.733066790238632,-1.06672742594084,446.134266839408,0.0035649
5.86,0.993060096993471,-0.35199350117816,0.99999999905807,7.4654080769543,1.02834340804145,0.110126599797491,1.38754366219016e-09,0.911785468030717,-0.410666848294341,1,7.4307963267949,0.203872892527979,0.505840577626186,0.544999999941346,0.0448756713929475,-0.693462079010267,-1.08120374863766,442.584911530195,0.0041153
5.88,0.998617000436655,-0.332069266298716,0.99999999908561,7.48533787454689,1.02840806349448,0.109996087741975,1.36642810844021e-09,0.919815906436639,-0.392350223991454,1,7.4507963267949,0.203878982371193,0.50583426115045,0.544999999939715,0.0448752764024067,-0.65362722311107,-1.09488537393844,439.464411622727,0.0041843
5.9,1.00377863282609,-0.312037982831003,0.999999999112721,7.50526718789105,1.02846967704901,0.109865594254694,1.34472546875484e-09,0.927478430744036,-0.373876664830236,1,7.4707963267949,0.203883972656696,0.505828550802445,0.544999999925883,0.0448749515178411,-0.613577989325992,-1.10776786260813,436.771100983432,0.0054794
5.92,1.008542921822,-0.291907551001986,0.999999999139349,7.52519604788565,1.02852823961671,0.109735173423585,1.31804316794157e-09,0.934769976045349,-0.355253559988043,1,7.4907963267949,0.203887871610229,0.50582344549725,0.544999999914734,0.0448746964998766,-0.5733302304672,-1.11984709056925,434.503153119561,0.0040359
5.94,1.01290795246032,-0.271685911027489,0.999999999165403,7.54512448544611,1.02858374358595,0.109604878999262,1.28734747306678e-09,0.941687625819678,-0.336488358458504,1,7.5107963267949,0.203890687690919,0.505818943584742,0.544999999908232,0.0448745110607503,-0.532899879095639,-1.13111925056355,432.658582802996,0.0038807
5.96,1.01687196793118,-0.25138103999522,0.999999999190819,7.56505253149173,1.02863618280789,0.109474764358472,1.25431107278471e-09,0.948228613099346,-0.317588566072035,1,7.5307963267949,0.20389242959569,0.505815043009311,0.544999999905054,0.0448743948843554,-0.492302941210222,-1.14158085368928,431.235247748861,0.0036573
5.98,1.02043337029644,-0.231000948732508,0.999999999215563,7.58498021693248,1.02868555258222,0.109344882475228,1.22013045000811e-09,0.954390321576654,-0.298561742493594,1,7.5507963267949,0.203893106258197,0.505811741387397,0.544999999904209,0.0448743476297596,-0.451555489907115,-1.15122873081344,430.23085034711,0.003779
6,1.02359072114581,-0.210553678659869,0.999999999239621,7.60490757265607,1.02873184964245,0.109215285895583,1.18564575046774e-09,0.960170286650366,-0.279415498198926,1,7.5707963267949,0.203892726842965,0.505809036018471,0.544999999904954,0.0448743689297846,-0.410673659011534,-1.16006003385851,429.642939446112,0.0036778
6.02,1.02634274219145,-0.190047298631566,0.999999999262992,7.62483462951504,1.0287750721407,0.109086026713199,1.15142928081012e-09,0.965566196411518,-0.260157491430468,1,7.5907963267949,0.203891300723302,0.505806923824066,0.544999999902059,0.044874458387079,-0.36967363668454,-1.168072236963,429.468912187045,0.0035168
6.04,1.02868831580064,-0.169489901764347,0.999999999285668,7.64476141831399,1.02881521963131,0.108957156542857,1.11617044495913e-09,0.970575892568149,-0.240795425134159,1,7.6107963267949,0.2038888375182,0.505805401539834,0.544999999898859,0.044874615586429,-0.328571659007275,-1.17526313751545,429.706015889403,0.0033792
6.06,1.03062648546618,-0.148889602255529,0.999999999307627,7.66468796979694,1.02885229305561,0.108828726502307,1.07975960617066e-09,0.975197371308593,-0.221337043878359,1,7.6307963267949,0.203885347063373,0.505804465622534,0.544999999898195,0.044874840084468,-0.287384003545145,-1.18163085706128,430.351349984449,0.0040359
6.08,1.0321564562145,-0.128254532191608,0.999999999328856,7.68461431463497,1.02888629472544,0.108700787190466,1.04310981186016e-09,0.979428784102971,-0.201790130756129,1,7.6507963267949,0.203880839395466,0.505804112211762,0.544999999899273,0.0448751314093127,-0.246126982894425,-1.18717384208227,431.401867996956,0.0038054
6.1,1.033277594951,-0.107592838348612,0.999999999349355,7.70454048341377,1.02891722830567,0.108573388664544,1.0068481870462e-09,0.983268438442585,-0.182162504272095,1,7.6707963267949,0.203875324757905,0.505804337183712,0.544999999901502,0.0448754890654731,-0.204816938213803,-1.19189086464811,432.854379574354,0.0038182
6.12,1.03398943074275,-0.0869126789854065,0.999999999369138,7.7244665066214,1.02894509879688,0.108446580419862,9.71389084725145e-10,0.986714798516892,-0.162462015215154,1,7.6907963267949,0.203868813597043,0.505805136161549,0.544999999904448,0.0448759125334373,-0.163470232743354,-1.19578102293988,434.705552561705,0.0035784
6.14,1.03429165503812,-0.0662222206311498,0.999999999388221,7.74439241463604,1.02896991251752,0.108320411370444,9.36990396382938e-10,0.989766485827815,-0.142696543518258,1,7.7107963267949,0.203861316558576,0.505806504525585,0.5449999999078,0.0448764012698125,-0.122103245313471,-1.19884374164515,436.951915121613,0.0039761
6.16,1.03418412182339,-0.0455296348681034,0.999999999406629,7.76431823771405,1.02899167708596,0.108194929830396,9.03798564877419e-10,0.992422279741117,-0.12287399510655,1,7.7307963267949,0.203852844484154,0.505808437423264,0.544999999911332,0.0448769547077134,-0.0807323638462696,-1.20107877222445,439.589857898014,0.0038353
6.18,1.03366684771604,-0.0248430951110215,0.999999999424386,7.78424400597808,1.02901040140211,0.108070183496058,8.7187796538045e-10,0.994681117974643,-0.103002298735097,1,7.7507963267949,0.203843408408279,0.50581092977948,0.544999999914914,0.0448775722572079,-0.0393739788519982,-1.20248619304898,442.615636222756,0.0036053
6.2,1.0327400119948,-0.00417077338433311,0.999999999441517,7.80416974940531,1.02902609562887,0.10794621942894,8.41247000948884e-10,0.996542097023217,-0.0830894028174964,1,7.7707963267949,0.203833019555274,0.50581397630448,0.544999999918408,0.0448782533056935,0.00195552307702641,-1.20306640940947,446.025372363887,0.0036929
6.22,1.03140395656625,0.016479162901657,0.999999999458049,7.82409549781593,1.02903877117332,0.107823084039345,8.11873910322434e-10,0.998004472520033,-0.0631432722466119,1,7.7907963267949,0.203821689336616,0.505817571504887,0.544999999921745,0.0448789972184395,0.04323976577241,-1.20282015339611,449.81505781456,0.0040047
6.24,1.02965918586796,0.0370985541743233,0.999999999474004,7.84402128086172,1.02904844066772,0.107700823070785,7.83701992190787e-10,0.99906765953439,-0.0431718852087287,1,7.8107963267949,0.203809429348285,0.505821709692261,0.544999999924886,0.0448798033389834,0.0844623899930698,-1.20174848364946,453.980555621431,0.0039291
6.26,1.02750636670819,0.057679251920801,0.999999999489408,7.86394712801474,1.02905511795032,0.107579481585089,7.56661115985923e-10,0.999731232805658,-0.0231832299923786,1,7.8307963267949,0.203796251368334,0.505826384991948,0.544999999927814,0.0448806709896001,0.12560705992348,-1.19985278498255,458.517602751442,0.0037043
6.28,1.02494632804208,0.0782131219073632,0.999999999504282,7.88387306855629,1.02905881804604,0.107459103948204,7.30674152293875e-10,0.999994926913375,-0.00318530179313799,1,7.8507963267949,0.203782167354532,0.505831591351671,0.544999999930525,0.0448815994717537,0.166657469664235,-1.19713476787407,463.421812495867,0.0036974
