Time,X,Y,Z,Psi,Vx_B,Vy_B,Vz_B,Ref_X,Ref_Y,Ref_Z,Ref_Psi,Ux,Uy,Uz,Upsi,Int_X,Int_Y,Cost,CalcTime
0,1,0,0.5,1.5707963267949,1,6.12323399573677e-17,0.2,1,0,0.5,1.5707963267949,-0.999999999640895,0.999999999987459,0.545000000003413,0.0987325510945446,0,0,1131.34248156477,0.0078599
0.02,0.999584005317705,0.0194988007028133,0.504000000000012,1.59194943435561,0.950480019598169,0.0212956398563693,0.200000000001228,0.999800006666578,0.0199986666933331,0.504,1.5907963267949,-0.999999999941575,0.999999999998863,0.544999999997449,0.0647997730730812,0.0399944398837735,0.00039332146862806,1254.49204681977,0.0067463
0.04,0.998352657521762,0.0379899711308672,0.508000000000028,1.61453241091218,0.901935328667526,0.0421299876275118,0.20000000000031,0.999200106660978,0.0399893341866342,0.508,1.6107963267949,-0.999999995492873,0.999999999848225,0.544999999977984,0.0763129648644155,0.0799558484611212,0.00154646931139339,1383.4536821051,0.0060102
0.06,0.996331783508256,0.0554652442439982,0.511999999999955,1.63795154710124,0.854389113543493,0.0631492290409573,0.199999999992384,0.998200539935204,0.0599640064794446,0.512,1.6307963267949,-0.276800774922011,0.999999999911757,0.545000000038596,0.0645728824541282,0.11985212508797,0.0034189739455456,1517.87443252123,0.0063793
0.08,0.993526447643146,0.0722036326435163,0.515999999999941,1.66211429235117,0.836642911552558,0.0841321469329901,0.200000000006279,0.996801706302619,0.0799146939691727,0.516,1.6507963267949,0.347125409516038,0.999999999999638,0.544999999986982,0.0522880163672899,0.159651938773055,0.00597386753104669,1657.80916341287,0.0062229
0.1,0.989908807984121,0.0887270195099871,0.52000000000002,1.68644213781557,0.844423001869308,0.104928293226543,0.200000000001592,0.995004165278026,0.0998334166468282,0.52,1.6707963267949,0.708785195150746,0.999999999866742,0.545000000025444,0.0455838150549512,0.199323416440389,0.00919240122926784,1802.9969590097,0.0061974
0.12,0.985443153412102,0.105406609170019,0.524000000000143,1.71052017195748,0.866990608835329,0.125404142864756,0.200000000010752,0.992808635853866,0.119712207288919,0.524,1.6907963267949,0.756557599211477,0.999999999998969,0.544999999974816,0.0455700662629122,0.238833339951492,0.0130741137402204,1953.22889430655,0.0061884
0.14,0.980107992563433,0.122380662880998,0.528000000000268,1.73423259875357,0.891671586800247,0.145470352270207,0.200000000001686,0.990215996212637,0.139543114644236,0.528,1.7107963267949,0.750858011507868,0.999999999999944,0.544999999993048,0.0443824502982182,0.278147275437263,0.0176288563042343,2108.31443185731,0.0061007
0.16,0.973897976223137,0.139640835845364,0.532000000000276,1.75758841694744,0.916293391836267,0.165115542113786,0.199999999999183,0.987227283375627,0.159318206614246,0.532,1.7307963267949,0.725537907841565,0.999999999995022,0.544999999999355,0.0437993985883069,0.317230314237372,0.0228683815284647,2268.07353525591,0.0063669
0.18,0.966813020666731,0.157150209801431,0.536000000000258,1.78058436787667,0.940051866262081,0.184374101057166,0.199999999998951,0.983843692788121,0.179029573425824,0.536,1.7507963267949,0.721373152368976,0.999999999939642,0.545000000000977,0.0429578259966142,0.356047447133326,0.0288034455489884,2432.31007362765,0.0062668
0.2,0.958854026080224,0.174873018488782,0.54000000000024,1.80322450968312,0.963776040443797,0.203272748521324,0.199999999999303,0.980066577841242,0.198669330795061,0.54,1.7707963267949,0.719408560637919,0.999999999999391,0.544999999998624,0.0425279299567766,0.394563701704773,0.0354432439294883,2600.83821100897,0.0063983
0.22,0.950020977129201,0.192783109333187,0.544000000000221,1.8255159858446,0.987534052834066,0.221824206308361,0.199999999998808,0.975897449330606,0.218229623080869,0.544,1.7907963267949,0.699729204900771,0.999999999999878,0.544999999999952,0.0416615435986254,0.432744114862637,0.0427957839524439,2773.45766865326,0.0057614
0.24,0.940316210266198,0.210848760819789,0.548000000000198,1.84746443723807,1.01060136158423,0.240049345386103,0.19999999999879,0.97133797485203,0.237702626427135,0.548,1.8107963267949,0.645702255082876,0.999999999790012,0.544999999999853,0.0414035313213874,0.470553756536888,0.050867966520555,2949.98034514221,0.0053632
0.26,0.929748719295066,0.229018872313614,0.552000000000173,1.86907896700953,1.03160093252341,0.257987140557506,0.199999999998737,0.966389978134513,0.257080551892155,0.552,1.8307963267949,0.580312468383638,0.999999999999919,0.545000000000689,0.0415631191306948,0.507957908011513,0.0596650770747279,3130.19950164277,0.0058582
0.28,0.918334483346101,0.247225966832399,0.55600000000015,1.89038941969137,1.05009132855922,0.275672088253545,0.199999999998985,0.961055438310771,0.276355648564114,0.556,1.8507963267949,0.500611270617328,0.99999999997365,0.545000000000417,0.0419699316192408,0.544922363416754,0.0691899687850375,3313.91382616131,0.0053026
0.3,0.906095014210073,0.265394301019155,0.560000000000131,1.91143678490371,1.06552376718187,0.293133229479511,0.199999999999135,0.955336489125606,0.29552020666134,0.56,1.8707963267949,0.424866455184055,0.999999999999648,0.545000000000344,0.0422966164033039,0.581413662776695,0.0794426368865017,3500.90163426627,0.0059196
0.32,0.893055732987563,0.283445922448425,0.564000000000115,1.93226156645279,1.07808476303573,0.310399401872128,0.199999999999259,0.949235418082441,0.314566560616118,0.564,1.8907963267949,0.343848528025053,0.999999984705289,0.544999999890745,0.0426366006159696,0.61739929967291,0.090419955993742,3690.94601931711,0.00522
0.34,0.879244897099483,0.301304184821805,0.567999999999707,1.95289903476803,1.08759282356429,0.327501134045557,0.199999999959927,0.942754665528346,0.333487092140814,0.568,1.9107963267949,0.273748744240164,0.99999999993598,0.545000000097139,0.0429066963689056,0.652847833302939,0.102115731817767,3883.81199316021,0.0061873
0.36,0.864692421184403,0.318896348551738,0.571999999999255,1.97337987906288,1.09451368497333,0.344467960322139,0.199999999994897,0.935896823677935,0.35227423327509,0.572,1.9307963267949,0.201004625007614,0.999999999999994,0.545000000020277,0.0430586988427783,0.687729002300672,0.114520742132187,4079.2662271464,0.0086686
0.38,0.849429338253457,0.33615450607789,0.575999999999226,1.99372787979609,1.09876844391335,0.361330734315942,0.200000000002197,0.92866463557651,0.370920469412983,0.576,1.9507963267949,0.141374610109728,0.999999999978031,0.545000000006011,0.0432074131529144,0.722013751643923,0.127622985595765,4277.06303493625,0.0064859
0.4,0.833487105069649,0.353016283447669,0.579999999999292,2.01396203051721,1.10090631506034,0.378119108249593,0.200000000004361,0.921060994002885,0.389418342308651,0.58,1.9707963267949,0.0801606456775349,0.999999999957795,0.544999999995147,0.043161714514714,0.755674293542879,0.14140781695536,4476.95091220775,0.0057172
0.42,0.816897218225747,0.369425121065833,0.583999999999362,2.03409527336435,1.10088526153091,0.394863062364838,0.200000000002614,0.913088940312308,0.40776045305957,0.584,1.9907963267949,0.0304339485336892,0.999999999992228,0.545000000002243,0.0431649345543312,0.788684084200007,0.155858248462139,4678.67692501892,0.0063133
0.44,0.799691131142316,0.385329546989702,0.587999999999422,2.05413633080597,1.0991835284368,0.411591904695061,0.200000000003421,0.904751663219963,0.425939465066,0.588,2.0107963267949,-0.0186222516489857,0.999999999646604,0.545000000013795,0.0429783572167471,0.821017854622358,0.170955100623203,4881.97086615222,0.0057518
0.46,0.781899647868495,0.400683870558182,0.59199999999954,2.0740900350031,1.09584342015734,0.428333289503327,0.200000000008387,0.896052497525525,0.44394810696552,0.592,2.0307963267949,-0.0599349719468473,0.999999999369206,0.545000000007958,0.0428194474119308,0.852651569057311,0.186677276994183,5086.57433382935,0.0057593
0.48,0.76355330460373,0.415446714028809,0.595999999999736,2.09395740966261,1.0911875068616,0.445114784343555,0.200000000011252,0.886994922779284,0.461779175541483,0.596,2.0507963267949,-0.0982198421834773,0.999999999945177,0.544999999979892,0.0425483382424586,0.883562428030211,0.203001923393986,5292.20045895523,0.0057342
0.5,0.74468172271548,0.429581731439597,0.599999999999889,2.1137375460063,1.08534712169038,0.461960992885101,0.200000000004014,0.877582561890373,0.479425538604203,0.6,2.0707963267949,-0.132452196519545,0.999999999286365,0.545000000006897,0.0422263000543801,0.913728829989687,0.219904642649006,5498.58354204588,0.005697
0.52,0.725314105428798,0.443056204116129,0.603999999999994,2.13342619704199,1.07849194663502,0.478896626991629,0.200000000006496,0.86781917967765,0.496880137843737,0.604,2.0907963267949,-0.161379423086015,0.999999998817356,0.545000000002875,0.0419143470477659,0.943130351826498,0.237359654220748,5705.42580898673,0.0056861
0.54,0.705478580419849,0.455841716600059,0.608000000000134,2.15301867854115,1.07083983779251,0.495942507619597,0.200000000007531,0.857708681363824,0.514135991653113,0.608,2.1107963267949,-0.189415093970861,0.999999999884021,0.544999999982934,0.0414301143802115,0.971747719481602,0.255339952457096,5912.44662551568,0.0064016
0.56,0.685202697704931,0.467912978931808,0.612000000000223,2.1725072613026,1.06242939789199,0.513119671327024,0.200000000001388,0.847255111013416,0.531186197920883,0.612,2.1307963267949,-0.211129392674985,0.999999997558105,0.545000000006948,0.0410550331041189,0.99956276667131,0.273817467831313,6119.34791144956,0.006431
0.58,0.664513027360483,0.479248066610036,0.616000000000276,2.191883717078,1.05351469360087,0.530446266709009,0.200000000003889,0.836462649915187,0.548023936791874,0.616,2.1507963267949,-0.23083608194882,0.999999999948879,0.5449999999882,0.0405455501725351,1.02655841802144,0.292763174778009,6325.82310964454,0.0061981
0.6,0.643434765003619,0.489828684420436,0.620000000000311,2.21113998145981,1.04417545570518,0.547936496155849,0.199999999999641,0.825335614909678,0.564642473395035,0.62,2.1707963267949,-0.245961941317692,0.694075432532306,0.545000000004239,0.0403204831216927,1.0527186275476,0.312147253245174,6531.57898245988,0.0061046
0.62,0.622094222397393,0.49971669329006,0.624000000000319,2.23027207412658,1.03447305158377,0.552800546989,0.200000000001167,0.813878456662534,0.581035160537305,0.624,2.1907963267949,-0.254571439663685,0.237603021954564,0.544999999993497,0.0402754422844263,1.07802970465539,0.331940232974495,6736.4101523081,0.0060752
0.64,0.600762617795713,0.509098083671934,0.628000000000319,2.24928616863184,1.02437351282016,0.538839588256618,0.199999999998826,0.802095757884293,0.597195441362392,0.628,2.2107963267949,-0.255483733683372,-0.0223065168939234,0.545000000058703,0.0404571109544253,1.1024862883449,0.352117831483349,6940.13714363682,0.0056232
0.66,0.579683699971852,0.518158857294149,0.632000000000507,2.26819646020912,1.01392046935962,0.51441692395522,0.200000000019959,0.789992231497365,0.613116851973434,0.632,2.2307963267949,-0.248524936882442,-0.157661664409891,0.544999999957762,0.0406927185404276,1.12609408547358,0.372663803568801,7142.61560917,0.0064923
0.68,0.558985156268941,0.527011222515738,0.636000000000754,2.28702166141893,1.00329768370179,0.484810463724443,0.200000000004754,0.777572718750928,0.628793024018469,0.636,2.2507963267949,-0.234064698333777,-0.226984059800259,0.544999999983174,0.0409677487991877,1.14886605722199,0.393567760766647,7343.7650994269,0.0056902
0.7,0.53872525463535,0.535723665232056,0.640000000000789,2.30578067134152,0.992748146970075,0.452804227761019,0.199999999998696,0.764842187284488,0.644217687237691,0.64,2.2707963267949,-0.214771256797556,-0.240604514438161,0.544999999997359,0.0412647427135877,1.17081874722683,0.414822835594276,7543.54127659646,0.0057305
0.72,0.518918258077893,0.544335865021801,0.644000000000753,2.32449188127882,0.98245260247473,0.420725013060517,0.199999999997746,0.751805729140895,0.659384671971473,0.644,2.2907963267949,-0.19236483019975,-0.214872262077221,0.545000000019732,0.0415561169343386,1.19197011655222,0.436424317552602,7741.92551326969,0.0060024
0.74,0.499545787772688,0.552862930672469,0.648000000000779,2.34317226794253,0.972556080471684,0.390196068570079,0.200000000004849,0.738468558729588,0.674287911628145,0.648,2.3107963267949,-0.168108943907162,-0.165528069623538,0.544999999992659,0.0418339964610187,1.21233800144244,0.458368569993446,7938.91304273568,0.0056198
0.76,0.480568929445367,0.561302337548597,0.65200000000085,2.36183678591196,0.963173369658198,0.362169291679837,0.200000000002206,0.724836010740905,0.688921445110551,0.652,2.3307963267949,-0.143092786238196,-0.103697938712434,0.544999999986821,0.042093988602165,1.23193905407438,0.480652183636682,8134.50546574762,0.0057623
0.78,0.461937951402827,0.569640255881076,0.656000000000846,2.38049830212289,0.954385916253798,0.337124177049019,0.199999999997462,0.710913538012277,0.70327941920041,0.656,2.3507963267949,-0.118208342441097,-0.0370335004351718,0.544999999995755,0.0423332664093456,1.250788127088,0.503271404267873,8328.70586248002,0.0057754
0.8,0.443598989792672,0.577856154915794,0.66000000000078,2.39916764256153,0.946243047901338,0.315217374809075,0.199999999995934,0.696706709347165,0.717356090899523,0.66,2.3707963267949,-0.0941443722722995,0.0293719052336172,0.544999999999559,0.0425508951941294,1.26889798323427,0.526221777633735,8521.51525783156,0.0061577
0.82,0.42549849082107,0.585926085549362,0.664000000000697,2.41785370768403,0.93876584100425,0.296392627345947,0.199999999995775,0.682221207287613,0.731145829726896,0.664,2.3907963267949,-0.0714047572195629,0.0923024629111288,0.545000000000842,0.0427472371198346,1.28627922525436,0.549497950842021,8712.93014260168,0.0055559
0.84,0.407586018281893,0.593824962474108,0.668000000000616,2.43656364401621,0.931951932246879,0.280461232214336,0.199999999996078,0.667462825841308,0.744643119970859,0.668,2.4107963267949,-0.0503331390804056,0.149896956219842,0.545000000001144,0.0429234135179625,1.30294036901455,0.573093584149666,8902.940875796,0.0056161
0.86,0.389815885861301,0.601528089873601,0.672000000000542,2.45530304266982,0.925780504870948,0.267159890961237,0.199999999996489,0.652437468164052,0.757842562895277,0.672,2.4307963267949,-0.0311353959616609,0.201238102657489,0.545000000023815,0.0430810062848569,1.31888800411268,0.597001338189268,9091.53083059212,0.0049628
0.88,0.372147964784128,0.609012128431429,0.676000000000557,2.47407614463054,0.920217159641476,0.256190839317601,0.200000000005063,0.63715114419858,0.770738878898969,0.676,2.4507963267949,-0.0139145086131344,0.24607810960587,0.544999999998203,0.0432217573600225,1.33412700227079,0.621212910450541,9278.67610820312,0.005272
0.9,0.354547926107443,0.616255649222212,0.680000000000652,2.49288603951545,0.915217916031905,0.247250118379957,0.200000000004416,0.621609968270664,0.783326909627483,0.68,2.4707963267949,0.001323425811844,0.284561903390373,0.544999999994986,0.0433475203158969,1.34866074600964,0.645719101809015,9464.34575308571,0.0051745
0.92,0.336987115590847,0.623239403267264,0.684000000000722,2.51173485113869,0.910733296521675,0.240043994403046,0.200000000002611,0.605820156643463,0.795601620036366,0.684,2.4907963267949,0.0146331945796074,0.317107793719546,0.544999999995295,0.0434601539773819,1.36249135906403,0.670509899036364,9648.50223225183,0.0051532
0.94,0.31944220313789,0.629946400675002,0.688000000000758,2.53062390785003,0.906711157378202,0.234300217208525,0.200000000000917,0.589788025031098,0.807558100405114,0.688,2.5107963267949,0.0261168952919535,0.344276250877523,0.544999999996657,0.0435613383653892,1.37561992693883,0.69557456414611,9831.10215313021,0.0051807
0.96,0.301894702631518,0.636361855012539,0.692000000000764,2.54955389293239,0.903099082785146,0.229773677896408,0.199999999999714,0.573519986072457,0.819191568300998,0.692,2.5307963267949,0.0359078732116497,0.366690442027325,0.544999999997819,0.0436526325946872,1.3880467005575,0.720901723977418,10012.0970864581,0.0055316
0.98,0.284330434228621,0.642473048027943,0.696000000000751,2.56852497437576,0.899846173604551,0.226248683267622,0.199999999998929,0.557022546766217,0.83049737049197,0.696,2.5507963267949,0.0441580278926117,0.384981894194326,0.544999999998661,0.0437354294681446,1.39977127936535,0.746479455825618,10191.4344317883,0.0054239
1,0.266738975985917,0.648269149806355,0.700000000000724,2.58753691621773,0.896904325136016,0.223538931200898,0.199999999998447,0.54030230586814,0.841470984807897,0.7,2.5707963267949,0.0510277068511093,0.399755861310153,0.544999999999229,0.0438109530861473,1.41079277258642,0.772295366671693,10369.0582725817,0.0061971
1.02,0.24911313515089,0.653741019270851,0.704000000000691,2.60658917221024,0.894229071338994,0.221486035984937,0.199999999998169,0.52336595125165,0.852108021949363,0.704,2.5907963267949,0.0566779711237635,0.411570771319156,0.544999999999611,0.0438802634022442,1.4211099388611,0.798336664757534,10544.9101855874,0.0056033
1.04,0.231448457364157,0.658881001807269,0.708000000000653,2.62568096354247,0.891780075602191,0.219957208706707,0.199999999998029,0.506220257232778,0.862404227243338,0.708,2.6107963267949,0.0612649408402942,0.420927515023426,0.544999999999932,0.0439442672084222,1.43072130544945,0.824590223079281,10718.929982764,0.0056501
1.06,0.213742783505174,0.66368273486815,0.712000000000613,2.64481134246787,0.889521344070871,0.218842514515001,0.199999999998004,0.488872081860527,0.872355482344986,0.712,2.6307963267949,0.0649358624864157,0.428265544246201,0.545000000000117,0.0440037325735388,1.4396252687347,0.851042634917353,10891.056374196,0.0056668
1.08,0.195995858050071,0.668140968118267,0.716000000000574,2.66397924371493,0.887421228369011,0.218051997316276,0.199999999998047,0.47132836417374,0.881957806884948,0.716,2.6507963267949,0.0678265790334154,0.433963475015452,0.545000000000246,0.0440593045503136,1.44782017802577,0.877680261865633,11061.2275481025,0.0056203
1.1,0.178208988901005,0.672251401602814,0.720000000000536,2.68318352548162,0.885452275200922,0.217512862894313,0.199999999998135,0.453596121425577,0.891207360061435,0.72,2.6707963267949,0.0700601121413603,0.438342512083881,0.545000000000332,0.0441115210386387,1.45530440472876,0.904489275019576,11229.381669255,0.0056548
1.12,0.160384756170724,0.6760105432817,0.7240000000005,2.70242300167162,0.883590970785316,0.21716683879662,0.199999999998254,0.435682446276712,0.900100442176505,0.724,2.6907963267949,0.0717461001854038,0.441671488157578,0.545000000000395,0.0441608279912508,1.46207639890228,0.931455690076778,11395.4573005599,0.0056205
1.14,0.142526765958859,0.679415585842884,0.728000000000466,2.72169646686215,0.881817418994645,0.216967777359676,0.199999999998396,0.417594503958358,0.908633496115883,0.728,2.7107963267949,0.072980872652944,0.444172673102334,0.54500000000041,0.0442075934678587,1.46813473507886,0.958565397126669,11559.3937544922,0.0083907
1.16,0.124639444431201,0.682464301798662,0.732000000000436,2.74100271531254,0.880114983811518,0.216879531957449,0.199999999998544,0.399339529406273,0.916803108771767,0.732,2.7307963267949,0.0738479777100013,0.446027779953767,0.545000000000425,0.0442521202751945,1.47347814905981,0.985804185882873,11721.1313820791,0.0065984
1.18,0.106727867280497,0.685154955337116,0.736000000000408,2.76034055514432,0.878469919459481,0.216874112032605,0.199999999998697,0.380924824366882,0.92460601240802,0.736,2.7507963267949,0.0744190138587308,0.447383794877311,0.545000000000424,0.0442946570943611,1.47810556719738,1.01315776706024,11880.6118073573,0.0056955
1.2,0.0887976197380075,0.687486229136065,0.740000000000384,2.7797088186538,0.876871005387727,0.216930106616382,0.199999999998849,0.362357754476674,0.932039085967226,0.74,2.7707963267949,0.0747546472439742,0.448358403799488,0.545000000000417,0.0443354081029561,1.48201612948205,1.0406117905314,12037.7781149904,0.0059222
1.22,0.0708546825962218,0.689457164265283,0.744000000000362,2.79910636956299,0.875309198162954,0.21703135648533,0.199999999998999,0.343645746316047,0.939099356319068,0.744,2.7907963267949,0.0749057230020367,0.4490448920063,0.545000000000421,0.0443745411744934,1.4852092075651,1.06815186082395,12192.5749982296,0.0054786
1.24,0.0529053401073247,0.691067111342058,0.748000000000344,2.81853210787626,0.873777308176417,0.217165850018036,0.199999999999151,0.324796284438776,0.945783999449539,0.748,2.8107963267949,0.0749144019429652,0.449516464677788,0.545000000000449,0.0444121947716029,1.48768441867261,1.09576355044468,12344.9488736966,0.0053933
1.26,0.0349561060781831,0.692315691219797,0.752000000000328,2.83798497288892,0.87226970581001,0.217324815818259,0.199999999999313,0.305816908378289,0.952090341590516,0.752,2.8307963267949,0.0748152728549546,0.449829984443094,0.545000000000496,0.0444484836739647,1.48944163621078,1.12343241144628,12494.847968718,0.0053265
1.28,0.0170136649497633,0.693202763646356,0.756000000000316,2.85746394478993,0.870782059204434,0.217501985239983,0.199999999999491,0.286715209631956,0.958015860289225,0.756,2.8507963267949,0.0746364058898466,0.450029152506801,0.545000000000629,0.0444835036844659,1.49048099772478,1.15114398558584,12642.2223861919,0.0053101
1.3,-0.000915174899478543,0.693728402505213,0.760000000000308,2.87696804521243,0.869311103906671,0.217692999319508,0.199999999999717,0.267498828624587,0.963558185417193,0.76,2.8707963267949,0.0744003244775628,0.450147177777662,0.545000000000872,0.0445173354457972,1.49080291075358,1.17888381336565,12787.0241512001,0.0051745
1.32,-0.0188235179663389,0.693892876432881,0.764000000000306,2.89649633701205,0.86785444333014,0.217894936744606,0.200000000000031,0.248175451652373,0.968715100118265,0.764,2.8907963267949,0.0741248815888021,0.450208987445829,0.545000000001344,0.044550047484457,1.49040805702187,1.20663744219498,12929.2072429826,0.0057399
1.34,-0.0367044105108288,0.693696633780018,0.768000000000311,2.91604792349122,0.866410378001516,0.218105941987787,0.200000000000515,0.228752807808459,0.973484541695319,0.768,2.9107963267949,0.0738240316271451,0.450233034605173,0.54500000000219,0.0445816985636788,1.4892973953238,1.23439043386649,13068.7276151832,0.0052924
1.36,-0.0545508631390712,0.693140291045833,0.772000000000329,2.93562194723582,0.864977760878853,0.218324935305845,0.200000000001304,0.209238665891419,0.977864602435316,0.772,2.9307963267949,0.0735084918146759,0.450232757069377,0.545000000003824,0.0446123393866358,1.48747216338219,1.26212837150321,13205.5432068665,0.0054759
1.38,-0.072355868401482,0.692224624062802,0.776000000000369,2.95521758868661,0.863555875489973,0.218551388808219,0.20000000000268,0.189640831297834,0.98185353037236,0.776,2.9507963267949,0.0731862890409704,0.450217737200163,0.545000000006777,0.0446420136666349,1.48493387890812,1.28983686610018,13339.613946251,0.0058017
1.4,-0.0901124144635799,0.690950561341157,0.780000000000447,2.97483406452907,0.862144333235904,0.218785155101481,0.20000000000512,0.169967142900241,0.98544972998846,0.78,2.9707963267949,0.072863195152531,0.450194609317944,0.545000000011872,0.0446707586144896,1.48168434003815,1.31750156275827,13470.9017487997,0.0057727
1.42,-0.107813495678352,0.689319179100811,0.784000000000592,2.99447062595159,0.860742986122728,0.219026337169129,0.200000000009394,0.150225469911686,0.98865176285172,0.784,2.9907963267949,0.0725430751852318,0.450167762825754,0.545000000019766,0.0446986051054759,1.47772562528916,1.34510814668707,13599.37051096,0.0054844
1.44,-0.125452120701921,0.687331697621809,0.788000000000851,3.01412655679822,0.859351852002355,0.219275190331032,0.200000000016509,0.130423708738146,0.991458348191686,0.788,3.0107963267949,0.0722385079694954,0.450151951354696,0.544999999953347,0.0447256764673677,1.47306009314128,1.37264234903636,13724.986094878,0.0058206
1.46,-0.143021323351808,0.684989474110397,0.792000000001013,3.03380117375135,0.857971466970557,0.219532547965196,0.199999999999714,0.11056977982007,0.993868363411645,0.792,3.0307963267949,0.0719365937563375,0.450125774586265,0.544999999988643,0.0447518559364164,1.46769038127401,1.40008995254305,13847.7163356085,0.0061514
1.48,-0.160514165118053,0.682294005078039,0.796000000000967,3.05349382326088,0.856601861909855,0.219798307175668,0.199999999995626,0.0906716244643097,0.99588084453764,0.796,3.0507963267949,0.0716434832851534,0.450102339034556,0.545000000000536,0.0447772194445526,1.46161940542902,1.42743679696502,13967.5309965059,0.0060884
1.5,-0.177923735122936,0.67924692894421,0.800000000000881,3.07320387791666,0.85524332097519,0.22007288553096,0.199999999995819,0.0707372016677029,0.997494986604054,0.8,3.0707963267949,0.0713531218320612,0.450079696900735,0.545000000008251,0.0448017340985685,1.45485035836675,1.45466878479488,14084.4017741132,0.0061459
1.52,-0.195243153720967,0.675850020961871,0.804000000000827,3.09293073483191,0.853895896905608,0.220356588487023,0.199999999998789,0.0507744849335792,0.998710143975583,0.804,3.0907963267949,0.0710561383173111,0.450054488555649,0.545000000005794,0.0448253127264695,1.44738670865128,1.48177188679633,14198.3022789269,0.0059401
1.54,-0.212465569179566,0.672105194616325,0.808000000000824,3.11267381075387,0.852559277597469,0.220649561401688,0.200000000000875,0.0307914590824661,0.999525830605479,0.808,3.1107963267949,0.0707578169884961,0.45002797063547,0.54499999999593,0.0448480465648384,1.43923219945897,1.50873214750084,14309.2080215814,0.0060635
1.56,-0.229584159108951,0.668014502168563,0.812000000000827,3.13243254034405,0.85123337148448,0.220951986938843,0.19999999999941,0.0107961170582674,0.999941720229966,0.812,3.1307963267949,0.0704773142702877,0.450005684032262,0.544999999995408,0.0448701881634861,1.43039084747333,1.53553569075831,14417.0963943113,0.0060127
1.58,-0.246592143355387,0.663580131626747,0.816000000000798,3.15220638179315,0.849918861086176,0.221264249573025,0.199999999997757,-0.00920354326880834,0.99995764649874,0.816,3.1507963267949,0.0702248013028061,0.449989693814103,0.544999999999324,0.0448918526992588,1.42086694148991,1.56216872524081,14521.9466515285,0.0063477
1.6,-0.263482798511765,0.658804402595555,0.820000000000751,3.17199482230218,0.848616841247205,0.221586772399489,0.199999999997513,-0.0291995223012888,0.999573603041505,0.82,3.1707963267949,0.0699993282092436,0.44997804265819,0.54500000000286,0.0449129946744961,1.4106650404111,1.58861754978346,14623.7398915832,0.0061079
1.62,-0.280249464110667,0.653689764549651,0.824000000000711,3.19179737673729,0.847328371188379,0.221919846125948,0.199999999998543,-0.0491838219141706,0.998789743470524,0.824,3.1907963267949,0.0697967617631031,0.449967731520469,0.545000000004874,0.0449335722046969,1.39978997082251,1.61486855860362,14722.4590341739,0.0062048
1.64,-0.296885543128446,0.648238797144627,0.8280000000007,3.21161358315227,0.846054344222132,0.222263592436682,0.200000000000297,-0.0691484486540622,0.997606381319174,0.828,3.2107963267949,0.0696130030692834,0.449956925250795,0.545000000002901,0.0449535843950506,1.38824682445724,1.6409082464985,14818.0887962388,0.0072461
1.66,-0.313384501360791,0.642454210640239,0.832000000000716,3.23144299969267,0.844795487320299,0.222618020020996,0.200000000001342,-0.0890854169364592,0.996023989916537,0.832,3.2307963267949,0.0694441921923823,0.449946161786099,0.544999999997864,0.0449730364586357,1.37604095567111,1.66672321406354,14910.6156689735,0.0060235
1.68,-0.329739866922452,0.636338845016278,0.836000000000735,3.25128520277716,0.843552370689433,0.222983129568213,0.200000000000573,-0.108986752239871,0.994043202198076,0.836,3.2507963267949,0.069286713412484,0.449937913480601,0.544999999994875,0.044991924599619,1.36317797894022,1.69230017290495,15000.0278953452,0.0059609
1.7,-0.345945229786456,0.62989566745973,0.840000000000728,3.27113978538541,0.842325419358591,0.223358999275417,0.199999999998728,-0.128844494295525,0.991664810452469,0.84,3.2707963267949,0.0691376363509821,0.449934674510723,0.544999999995831,0.0450102448580718,1.34966376637733,1.71762595078303,15086.3154470286,0.0059919
1.72,-0.361994241500926,0.623127769187867,0.844000000000688,3.29100635531816,0.841114943091116,0.223745789273199,0.199999999997227,-0.148650700271364,0.988889766004701,0.844,3.2907963267949,0.0689950668543236,0.449937452313493,0.544999999998264,0.045028004213921,1.33550444526447,1.74268749663659,15169.4700006109,0.0060562
1.74,-0.37788061553019,0.616038362959961,0.848000000000626,3.3108845338545,0.839921179507324,0.224143681847726,0.199999999996602,-0.168397447949077,0.985719178835553,0.848,3.3107963267949,0.0688580271681407,0.44994576275911,0.544999999999984,0.0450452197976202,1.32070639558601,1.76747188549017,15249.4849136082,0.006045
1.76,-0.393598128466067,0.608630781812186,0.852000000000558,3.33077395498213,0.838744330944941,0.224552820662329,0.199999999996596,-0.18807683889288,0.982154317137618,0.852,3.3307963267949,0.0687260967198792,0.449958405325332,0.545000000000726,0.0450619112324574,1.3052762475307,1.79196632328646,15326.3552004881,0.0059082
1.78,-0.409140621966029,0.600908478633232,0.856000000000493,3.35067426496536,0.837584585843765,0.224973282030461,0.199999999996858,-0.207681001608784,0.978196606808045,0.856,3.3507963267949,0.0686017090245202,0.449966681286788,0.545000000016546,0.0450781399385918,1.28922087892973,1.81615815168723,15400.0775090139,0.0051903
1.8,-0.424502006791015,0.59287502879001,0.860000000000489,3.37058512290363,0.836442228153511,0.225404760580278,0.200000000002814,-0.227202094693087,0.973847630878195,0.86,3.3707963267949,0.0684777601953295,0.449990147851112,0.544999999997864,0.0450938252258504,1.27254741258544,1.84003485290136,15470.6500976786,0.0054743
1.82,-0.439676262442813,0.58453412472161,0.864000000000538,3.390506199053,0.835317260632399,0.225847757685857,0.200000000002046,-0.246632309968834,0.969109128880456,0.864,3.3907963267949,0.0683596188710438,0.450011957684017,0.544999999995051,0.0451089837296748,1.2552632134728,1.86358405454765,15538.072808915,0.0057736
1.84,-0.454657438632864,0.575889573689608,0.868000000000561,3.41043717244548,0.834209904363012,0.226302054764435,0.200000000000264,-0.26596387560898,0.963982996152448,0.868,3.4107963267949,0.0682468889598783,0.450032687156561,0.544999999996138,0.0451237328173091,1.23737588601468,1.8867935342004,15602.3470462692,0.0053002
1.86,-0.469439661186696,0.566945302561554,0.872000000000552,3.43037773292028,0.833120360586041,0.226767444331,0.199999999998874,-0.285189059245021,0.958471283078914,0.872,3.4307963267949,0.0681393273871129,0.450052748601166,0.544999999997723,0.0451380246488582,1.21889327113028,1.90965122412299,15663.4757502533,0.0052391
1.88,-0.484017134220252,0.557705355898933,0.876000000000522,3.4503275815061,0.832048817205095,0.227243723132925,0.199999999998054,-0.304300171059833,0.952576194271595,0.876,3.4507963267949,0.0680367695708183,0.450072404372123,0.544999999998983,0.0451518689150184,1.19982344314739,1.93214521601364,15721.4633742124,0.0054516
1.9,-0.498384142382537,0.548173894117159,0.880000000000479,3.47028642857056,0.830995451662065,0.2277306876842,0.199999999997688,-0.323289566863504,0.946300087687414,0.88,3.4707963267949,0.0679391134220983,0.4500918102705,0.54499999999979,0.0451652761529706,1.18017470662606,1.9542637656761,15776.3158598346,0.0055586
1.92,-0.512535053131899,0.538355191694809,0.884000000000432,3.49025399335917,0.829960433372978,0.228228130439452,0.199999999997612,-0.342149651150898,0.939645473685325,0.884,3.4907963267949,0.0678462946670496,0.450111055631688,0.545000000000251,0.0451782564762262,1.15995559309181,1.97599529761795,15828.0406123554,0.0054086
1.94,-0.526464319026278,0.528253635397152,0.888000000000385,3.51023000358657,0.828943925109664,0.228735837591128,0.199999999997702,-0.360872880139767,0.9326150140222,0.888,3.5107963267949,0.0677582682524854,0.450130176007774,0.544999999999266,0.0451908195248506,1.13917485767747,1.99732840957755,15876.6464754291,0.0055563
1.96,-0.540166480007919,0.517873722494397,0.892000000000336,3.53021419504777,0.827946083593611,0.229253587375805,0.199999999997438,-0.379451764788155,0.925211520788168,0.892,3.5307963267949,0.0676749981851609,0.450149251538584,0.545000000000444,0.0452029743558286,1.11784147567347,2.01825187697993,15922.1437056661,0.0054506
1.98,-0.553636165656988,0.507220058933066,0.896000000000287,3.55020631124393,0.82696705969025,0.229781152486551,0.199999999997598,-0.397878873789916,0.91743795528181,0.896,3.5507963267949,0.0675964498938002,0.45016827405138,0.545000000000746,0.0452147295617647,1.09596463898721,2.03875465732069,15964.5439470139,0.0053532
2,-0.566868097413054,0.496297357476475,0.900000000000241,3.57020610302182,0.826006998292695,0.230318296891777,0.199999999997866,-0.416146836547142,0.909297426825682,0.9,3.5707963267949,0.0675225856023205,0.450187265858712,0.545000000000757,0.0452260935933741,1.07355375251308,2.05882589447579,16003.8602047458,0.0053121
2.02,-0.57985709076239,0.485110435821771,0.904000000000201,3.5902133282347,0.825066038013933,0.230864777633099,0.199999999998139,-0.4342483461183,0.900793191522627,0.904,3.5907963267949,0.0674533627967596,0.450206248094168,0.545000000000713,0.0452370742757611,1.05061843041416,2.07845492293679,16040.1068192747,0.0053027
2.04,-0.592598057374842,0.47366421466167,0.908000000000167,3.61022775141927,0.824144310847072,0.23142034527529,0.199999999998395,-0.452176162140912,0.89192865095338,0.908,3.6107963267949,0.0673887355741597,0.450225249027679,0.54500000000151,0.0452476791654233,1.02716849231744,2.09763127196958,16073.2994397082,0.0052274
2.06,-0.60508600719283,0.461963715701636,0.91200000000014,3.63024914348448,0.823241941897868,0.23198474469447,0.199999999998939,-0.469923113727602,0.882707350815974,0.912,3.6307963267949,0.0673286458427087,0.450244267778023,0.545000000000625,0.0452579154917314,1.00321395942457,2.11634466969469,16103.4549972532,0.0054775
2.08,-0.617316050474664,0.450014059645696,0.916000000000121,3.65027728141735,0.822359048774084,0.232557714334697,0.199999999999164,-0.487482102334359,0.873132979507516,0.916,3.6507963267949,0.0672730380873747,0.450263336016316,0.545000000000363,0.045267790271561,0.978765050539893,2.13458504708759,16130.5916782953,0.0055092
2.1,-0.629283399789223,0.437820464141611,0.920000000000106,3.67031194800554,0.821495741583512,0.233138988042255,0.199999999999295,-0.504846104599858,0.863209366648874,0.92,3.6707963267949,0.0672218466316035,0.450282464005179,0.544999999999665,0.0452773101140481,0.95383217801779,2.15234254189775,16154.7288974467,0.0056913
2.12,-0.640983371960791,0.425388241683627,0.92400000000009,3.69035293157299,0.820652122441957,0.233728294620208,0.199999999999174,-0.522008175154707,0.852940481552876,0.924,3.6907963267949,0.0671750125597225,0.450301676819656,0.545000000000169,0.0452864815352304,0.928425943631178,2.16960750248448,16175.8872703009,0.0053191
2.14,-0.652411389968217,0.412722797479845,0.928000000000075,3.71040002573036,0.819828285669402,0.234325358890953,0.199999999999235,-0.538961449399512,0.842330431636646,0.928,3.7107963267949,0.0671324663302439,0.450320979903049,0.545000000000786,0.045295310718935,0.902557134363165,2.18637049156836,16194.0885861369,0.0054249
2.16,-0.663562984797743,0.399829627284733,0.932000000000062,3.73045302914012,0.819024317302331,0.23492990129867,0.199999999999518,-0.555699146250613,0.831383460778683,0.932,3.7307963267949,0.0670941234675298,0.450340368462645,0.54499999999975,0.045303803594434,0.876236718123655,2.20262228989647,16209.3557804496,0.0052731
2.18,-0.674433797247664,0.386714315211357,0.936000000000052,3.75051174529158,0.818240294437939,0.235541637909757,0.199999999999428,-0.572214570852437,0.820103947621374,0.936,3.7507963267949,0.0670599260602394,0.450359862385863,0.545000000000003,0.0453119660905773,0.849475839392795,2.21835389982054,16221.7129072888,0.0057435
2.2,-0.685019579687305,0.373382531500624,0.94000000000004,3.77057598229213,0.817476286254953,0.236160281855648,0.199999999999429,-0.588501117255346,0.80849640381959,0.94,3.7707963267949,0.0670297937977147,0.450379458734457,0.545000000000044,0.0453198037523609,0.822285814793173,2.23355654878695,16231.1851116425,0.0052809
2.22,-0.695316197769964,0.359840030254728,0.944000000000029,3.79064555266999,0.816732353086975,0.2367855427651,0.199999999999445,-0.60455227105793,0.796565472236087,0.944,3.7907963267949,0.0670036514359457,0.450399158166657,0.545000000000093,0.0453273220297464,0.79467812859255,2.24822169273652,16237.7986016023,0.0054911
2.24,-0.705319632097348,0.346092647147846,0.948000000000018,3.81072027318576,0.816008546600256,0.237417127305385,0.199999999999478,-0.62036161201268,0.78431592508442,0.948,3.8107963267949,0.0669814291728954,0.450418962198429,0.545000000000924,0.0453345262596717,0.766664428139058,2.26234101941326,16241.5806205273,0.0053694
2.26,-0.715025979838678,0.332146297100468,0.952000000000011,3.83079996465753,0.815304909997443,0.238054739588573,0.19999999999981,-0.635922816594003,0.771752662020126,0.952,3.8307963267949,0.0669630370904146,0.450438861185179,0.545000000000301,0.0453414214675617,0.738256519230731,2.27590645158091,16242.5594191119,0.0053023
2.28,-0.724431456299769,0.318006971929395,0.956000000000008,3.85088445179353,0.814621477207033,0.238698081070581,0.199999999999919,-0.651229660527546,0.758880708180922,0.956,3.8507963267949,0.0669484074965216,0.450458855019256,0.545000000000081,0.0453480127309131,0.709466361421244,2.28891015014579,16240.7642274196,0.0052127
2.3,-0.733532396444834,0.303680737967304,0.960000000000007,3.87097356303543,0.813958273775468,0.239346851306359,0.199999999999948,-0.666276021279824,0.74570521217672,0.96,3.8707963267949,0.0669374643199009,0.450478937973471,0.545000000000034,0.0453543049351048,0.680306063263875,2.30134451718524,16236.225226878,0.0055704
2.32,-0.742325256372614,0.289173733648057,0.964000000000006,3.89106713041341,0.813315316543694,0.240000748048701,0.19999999999996,-0.681055880507152,0.732231444030251,0.964,3.8907963267949,0.0669301318014189,0.450499103392522,0.544999999999999,0.0453603028261127,0.650787877495479,2.31320219888001,16228.9735222751,0.0054097
2.34,-0.750806614742342,0.274492167067604,0.968000000000005,3.91116498940816,0.81269261367861,0.240659467538946,0.19999999999996,-0.695563326462902,0.718464793069126,0.968,3.9107963267949,0.0669263345612372,0.450519343847592,0.545000000000026,0.0453660110560701,0.620924196162421,2.32447608834962,16219.0411137193,0.005836
2.36,-0.758973174150591,0.259642313517629,0.972000000000004,3.93126697882097,0.81209016471481,0.241322704793527,0.199999999999969,-0.70979255636212,0.704410765770176,0.972,3.9307963267949,0.0669259977373733,0.450539651296062,0.545000000000006,0.0453714341785095,0.590727545690459,2.3351593283896,16206.4608686236,0.0056014
2.38,-0.766821762458559,0.244630512992763,0.976000000000003,3.9513729406522,0.811507960609306,0.241990153886343,0.199999999999971,-0.723737878702569,0.690074983556936,0.976,3.9507963267949,0.0669290469831747,0.450560017218133,0.545000000000032,0.0453765766554932,0.560210581900537,2.34524531410958,16191.2664936945,0.0056815
2.4,-0.774349334069285,0.229463167672179,0.980000000000003,3.97148271998731,0.810945983803248,0.242661508226491,0.199999999999983,-0.737393715541245,0.675463180551151,0.98,3.9707963267949,0.0669354085555165,0.450580432732066,0.545000000000011,0.0453814428651165,0.529386084972486,2.35472769547109,16173.4925069701,0.005423
2.42,-0.781552971154323,0.214146739376449,0.984000000000003,3.99159616488996,0.810404208293971,0.243336460830683,0.199999999999987,-0.750754604725491,0.660581201279201,0.984,3.9907963267949,0.0669450093184978,0.450600888696281,0.544999999999997,0.0453860371082577,0.498266954358651,2.36360037972416,16153.174209885,0.0054096
2.44,-0.788429884829392,0.198687747000562,0.988000000000003,4.01171312630193,0.809882599713737,0.244014704590016,0.199999999999986,-0.763815202077774,0.645434998334371,0.988,4.0107963267949,0.0669577767465224,0.450621375776226,0.544999999999918,0.0453903636148272,0.466866203649463,2.37185753374176,16130.347659384,0.0053507
2.46,-0.794977416278529,0.183092763924037,0.992000000000002,4.03183345794947,0.809381115414863,0.244695932529871,0.199999999999956,-0.776570283533293,0.630030629995892,0.992,4.0307963267949,0.0669736389627075,0.450641884530992,0.545000000000073,0.0453944265500765,0.435196955393021,2.37949358625098,16105.0496401277,0.0055856
2.48,-0.8011930378263,0.167368415399095,0.996000000000002,4.05195701625558,0.808899704562377,0.245379838063979,0.199999999999983,-0.789014747229531,0.614374257805712,0.996,4.0507963267949,0.0669925247049141,0.450662405452433,0.545000000000032,0.0453982300197187,0.403272435870736,2.38650322996032,16077.3176367431,0.0055012
2.5,-0.807074353957613,0.151521375917868,1,4.07208366025817,0.808438308231044,0.246066115240906,0.199999999999994,-0.801143615546934,0.598472144103956,1,4.0707963267949,0.0670143633318352,0.450682929019664,0.545000000000014,0.0454017780754038,0.371105969831143,2.39288142358195,16047.1898061818,0.0054512
2.52,-0.812619102284719,0.135558366559657,1.004,4.09221325153348,0.80799685950809,0.246754458983832,0.199999999999999,-0.81295203709989,0.582330649524082,1.004,4.0907963267949,0.0670390848148186,0.450703445726991,0.544999999999992,0.0454050747192566,0.338710975183969,2.39862339374837,16014.7049501702,0.005101
2.54,-0.817825154461,0.119486152319265,1.008,4.1123456541247,0.807575283600797,0.247444565322731,0.199999999999996,-0.824435288677222,0.565956230448703,1.008,4.1107963267949,0.0670666197241734,0.450723946123374,0.545000000000002,0.0454081239086102,0.306100957656585,2.40372463682247,15979.9024877723,0.0050818
2.56,-0.822690517041152,0.103311539417446,1.012,4.13248073447528,0.807173497948486,0.248136131619652,0.199999999999997,-0.835588777131408,0.549355436427127,1.012,4.1307963267949,0.0670968991988975,0.450744420825449,0.544999999999998,0.0454109295599603,0.273289505414977,2.40818092060048,15942.8224280601,0.0052889
2.58,-0.827213332287397,0.0870413725945252,1.016,4.1526183613669,0.806791412337974,0.248828856786214,0.199999999999997,-0.846408041215776,0.532534907555621,1.016,4.1507963267949,0.0671298549569275,0.450764860553253,0.544999999999995,0.0454134955526935,0.24029028365139,2.41198828590685,15903.505342937,0.0051275
2.6,-0.831391878921395,0.0706825323882703,1.02,4.17275840586163,0.806428929023873,0.249522441494471,0.199999999999995,-0.856888753368947,0.515501371821464,1.02,4.1707963267949,0.0671654192634098,0.45078525613116,0.545000000000011,0.0454158257330233,0.207117029140807,2.41514304808075,15861.9923400781,0.005384
2.62,-0.835224572821518,0.0542419323970786,1.024,4.19290074124812,0.80608594285182,0.250216588379879,0.199999999999999,-0.867026721445802,0.498261642411839,1.024,4.1907963267949,0.0672035249081631,0.450805598495631,0.545000000000012,0.045417923916606,0.173783544768444,2.41764179835317,15818.3250360227,0.0053851
2.64,-0.838709967665203,0.0377265165295932,1.028,4.21304524299153,0.805762341384744,0.250911002236862,0.200000000000003,-0.876817890394281,0.480822614988648,1.028,4.2107963267949,0.0672441052198791,0.45082587872984,0.544999999999995,0.0454197938922998,0.140303694030449,2.41948140511445,15772.5455294502,0.0051183
2.66,-0.841846755516111,0.0211432562418339,1.032,4.23319178868711,0.80545800503343,0.251605390208288,0.200000000000001,-0.886258343877352,0.463191264930345,1.032,4.2307963267949,0.0672870940259123,0.450846088055683,0.545000000000006,0.0454214394242652,0.106691395510013,2.42065901507146,15724.6963745942,0.0054831
2.68,-0.844633767355823,0.00449914776294839,1.036,4.25334025801703,0.805172807188967,0.252299461967217,0.200000000000003,-0.895344305839492,0.445374644541871,1.036,4.2507963267949,0.0673324256474861,0.450866217834303,0.544999999999989,0.0454228642548484,0.0729606173311036,2.42117205429403,15674.8205548458,0.0051241
2.7,-0.847069973559859,-0.0121987906892874,1.04,4.27349053271035,0.804906614358273,0.252992929891496,0.199999999999999,-0.904072142017061,0.42737988023383,1.04,4.2707963267949,0.0673800348995252,0.450886259593491,0.544999999999991,0.0454240721068086,0.0391253715920378,2.42101822915022,15622.9614565557,0.0052005
2.72,-0.849154484317816,-0.0289435217021114,1.044,4.29364249650593,0.80465928630267,0.253685509232466,0.199999999999996,-0.912438361391958,0.409214169672017,1.044,4.2907963267949,0.0674298570803351,0.450906205010815,0.545000000000005,0.0454250666852292,0.00519970878113839,2.42019552713003,15569.1628430168,0.0051138
2.74,-0.85088654999743,-0.0457279914694363,1.048,4.31379603511811,0.804430676178886,0.254376918276083,0.199999999999998,-0.920439617587981,0.390884778898452,1.048,4.3107963267949,0.0674818279386391,0.450926045934805,0.545000000000013,0.0454258516797991,-0.0288022878232987,2.4187022175572,15513.4688286503,0.0053074
2.76,-0.852265561452418,-0.06254513260039,1.052,4.33395103620492,0.804220630681384,0.255066878498213,0.200000000000002,-0.928072710209333,0.372399039425055,1.052,4.3307963267949,0.0675358837141955,0.450945774378743,0.544999999999993,0.0454264307660423,-0.0628665077664743,2.41653685218878,15455.9238534258,0.0050832
2.78,-0.853291050273953,-0.0793878669336115,1.056,4.3541073893387,0.804028990188754,0.255755114713098,0.2,-0.935334586120739,0.353764345301143,1.056,4.3507963267949,0.0675919610808832,0.450965382525768,0.545000000000002,0.0454268076071699,-0.0969788190417429,2.41369826570223,15396.5726574698,0.005074
2.8,-0.85396268898567,-0.0962491083561644,1.06,4.37426498597899,0.803855588910065,0.256441355215603,0.200000000000001,-0.942222340668658,0.334988150155905,1.06,4.3707963267949,0.0676499971794775,0.450984862732093,0.544999999999997,0.0454269858552946,-0.131125073724199,2.41018557606992,15335.4602559323,0.0050371
2.82,-0.854280291182104,-0.113121765625923,1.064,4.39442371944745,0.803700255034592,0.257125331917312,0.2,-0.948733218843107,0.316077964217054,1.064,4.3907963267949,0.0677099296094631,0.451004207535644,0.544999999999978,0.0454269691526257,-0.165291113610935,2.40599818482073,15272.6319140815,0.0054962
2.84,-0.854243811610504,-0.129998745196304,1.068,4.41458348490477,0.803562810883084,0.25780678047683,0.199999999999992,-0.954864616379626,0.297041351306832,1.068,4.4107963267949,0.0677716964164727,0.451023409650082,0.545000000000022,0.0454267611327029,-0.199462775865698,2.40113577718873,15208.1331226342,0.0052761
2.86,-0.853853346195977,-0.146872954042198,1.072,4.43474417932937,0.803443073060217,0.258485440423783,0.2,-0.960614080800952,0.277885925816587,1.072,4.4307963267949,0.0678352360854062,0.451042461967945,0.544999999999997,0.0454263654208698,-0.233625898665695,2.39559832214886,15142.0095733419,0.0053621
2.88,-0.85310913200994,-0.163737302485946,1.076,4.45490570149774,0.803340852608293,0.259161055277075,0.199999999999999,-0.965979312397975,0.258619349661111,1.076,4.4507963267949,0.0679004875717004,0.451061357564848,0.545000000000009,0.0454257856354132,-0.267766326848263,2.3893860723395,15074.3071348516,0.0052025
2.9,-0.85201154718189,-0.180584707022236,1.08,4.47506795196642,0.803255955163537,0.259833372657517,0.200000000000002,-0.970958165149591,0.239249329213982,1.08,4.4707963267949,0.0679673902657026,0.451080089704418,0.544999999999982,0.0454250253881517,-0.301869917555144,2.38249956387214,15005.0718288083,0.0052758
2.92,-0.850561110754527,-0.197408093140769,1.084,4.49523083305526,0.803188181112142,0.260502144395003,0.199999999999995,-0.975548647581083,0.219783612225117,1.084,4.4907963267949,0.0680358840169053,0.451098651825759,0.545000000000017,0.0454240882846793,-0.335922545872104,2.37493961602795,14934.3498062461,0.0052278
2.94,-0.848758482482261,-0.214200398145546,1.088,4.51539424883219,0.803137325748318,0.261167126629608,0.200000000000001,-0.979748923560684,0.200229984721771,1.088,4.5107963267949,0.068105909131108,0.451117037564465,0.544999999999992,0.0454229779250722,-0.369910110461614,2.36670733084166,14862.1873242589,0.0052185
2.96,-0.846604462573203,-0.230954573969653,1.092,4.535558105099,0.803103179433079,0.261828079908131,0.199999999999999,-0.983557313034006,0.180596267894233,1.092,4.5307963267949,0.0681774063609136,0.451135240731499,0.544999999999985,0.0454216979039689,-0.403818539186353,2.35780409257259,14788.6307229421,0.0051135
2.98,-0.84409999137472,-0.24766358998438,1.096,4.55572230937842,0.803085527753366,0.262484769274415,0.199999999999993,-0.986972292696038,0.160890314967456,1.096,4.5507963267949,0.0682503169389286,0.451153255335845,0.545000000000001,0.0454202518110589,-0.437633794721249,2.34823156706335,14713.7264026545,0.005402
3,-0.841246149002687,-0.264320435801563,1.1,4.57588677090206,0.80308415168307,0.263136964355403,0.199999999999993,-0.989992496600445,0.141120008059867,1.1,4.5707963267949,0.068324582536438,0.45117107556456,0.544999999999992,0.0454186432306479,-0.471341880151825,2.33799170098621,14637.5208015382,0.0052178
3.02,-0.838044154914572,-0.280918124067997,1.104,4.59605140059938,0.803098827742815,0.263784439441227,0.19999999999999,-0.992616716705937,0.12129325503063,1.104,4.5907963267949,0.0684001453118014,0.4511886957979,0.545000000000006,0.0454168757421952,-0.504928844556589,2.32708672097757,14560.0603733837,0.0053733
3.04,-0.834495367426539,-0.297449693250785,1.108,4.61621611108745,0.80312932816196,0.264426973560936,0.199999999999992,-0.994843903359459,0.101417986316602,1.108,4.6107963267949,0.0684769478983808,0.451206110600428,0.544999999999998,0.0454149529199795,-0.538380788571221,2.31551913266081,14481.3915657776,0.0051747
3.06,-0.830601283174734,-0.313908210412522,1.112,4.63638081666148,0.80317542104027,0.265064350552913,0.199999999999991,-0.996673165716047,0.0815021517602691,1.112,4.6307963267949,0.0685549333968247,0.45122331472195,0.545000000000004,0.0454128783329306,-0.571683869932339,2.30329171955796,14401.5607985668,0.0051768
3.08,-0.826363536520999,-0.330286773975163,1.116,4.65654543328604,0.803236870509285,0.265696359130532,0.199999999999993,-0.998103772095146,0.0615537174299131,1.116,4.6507963267949,0.0686340453979842,0.451240303106944,0.545000000000008,0.0454106555446684,-0.604824308998593,2.29040754189055,14320.6144426547,0.005085
3.1,-0.82178389890323,-0.346578516471463,1.12,4.67670987858687,0.803313436894496,0.26632279294349,0.199999999999996,-0.999135150273279,0.0415806624332905,1.12,4.6707963267949,0.0687142279932103,0.451257070881622,0.544999999999983,0.0454082881127362,-0.637788394246884,2.27686993527016,14238.5987991142,0.0051095
3.12,-0.81686427813064,-0.362776607282886,1.124,4.69687407184323,0.803404876877707,0.266943450633966,0.19999999999999,-0.999766887712928,0.021590975726096,1.124,4.6907963267949,0.0687954257627543,0.451273613357554,0.544999999999992,0.045405779588805,-0.670562487741498,2.26268250927919,14155.5600786238,0.005129
3.14,-0.811606717624229,-0.378874255362872,1.128,4.71703793398076,0.803510943658557,0.267558135888409,0.199999999999987,-0.99999873172754,0.00159265291648683,1.128,4.7107963267949,0.0688775838094948,0.451289926038752,0.545000000000014,0.0454031335177779,-0.703133030573946,2.2478491459424,14071.5443812551,0.0056573
3.16,-0.806013395602741,-0.394864711944354,1.132,4.7372013875647,0.803631387116935,0.268166657485186,0.199999999999992,-0.999830589582598,-0.0184063069330538,1.132,4.7307963267949,0.0689606477311415,0.451306004614145,0.545000000000001,0.0454003534377777,-0.73548654827134,2.23237399808982,13986.597676572,0.0057382
3.18,-0.800086624214451,-0.410741273230436,1.136,4.75736435679352,0.803765953973691,0.268768829337567,0.199999999999992,-0.999262528532721,-0.0383979045052354,1.136,4.7507963267949,0.0690445636629897,0.4513218449403,0.544999999999989,0.045397442879119,-0.767609656171113,2.21626148761168,13900.7657840941,0.0052722
3.2,-0.793828848615136,-0.426497283067138,1.14,4.77752676749281,0.803914387952362,0.269364470531739,0.199999999999988,-0.998294775794753,-0.0583741434275801,1.14,4.7707963267949,0.0691292782703828,0.451337443085045,0.545000000000028,0.0453944053642772,-0.799489064759946,2.19951630360613,13814.0943541033,0.0052992
3.22,-0.787242645992587,-0.44212613559714,1.144,4.79768854710942,0.804076429939795,0.269953405362487,0.199999999999998,-0.996927718456887,-0.0783270334708653,1.144,4.7907963267949,0.0692147387504049,0.451352795276506,0.544999999999995,0.0453912444069289,-0.831111584974729,2.18214340042035,13726.6288487809,0.0055036
3.24,-0.780330724538061,-0.457621277893441,1.148,4.81784962470587,0.80425181814594,0.270535463362654,0.199999999999997,-0.99516190332383,-0.0982485937451087,1.148,4.8107963267949,0.0693008928625169,0.451367897941401,0.544999999999995,0.0453879635116229,-0.86246413346345,2.16414799558595,13638.4145237274,0.0053932
3.26,-0.773095922365102,-0.472976212571872,1.152,4.83800993095479,0.804440288263868,0.271110479330228,0.199999999999995,-0.992998036698093,-0.118130855891818,1.152,4.8307963267949,0.0693876889130315,0.451382747678114,0.544999999999995,0.0453845661726765,-0.893533737803884,2.14553556764943,13549.4964098086,0.0053323
3.28,-0.76554120637614,-0.488184500381416,1.156,4.85816939813362,0.804641573628074,0.271678293350393,0.199999999999993,-0.990436984097473,-0.137965867271227,1.156,4.8507963267949,0.0694750757838017,0.451397341264477,0.545000000000002,0.0453810558737516,-0.92430754167799,2.1263118538986,13459.9192953831,0.0057393
3.3,-0.757669671077357,-0.503239762771276,1.16,4.87832796011926,0.804855405372728,0.272238750814107,0.199999999999994,-0.987479769908865,-0.157745694143249,1.16,4.8707963267949,0.0695630029210938,0.451411675659305,0.544999999999997,0.0453774360875511,-0.954772809999936,2.10648284798582,13369.7277088767,0.0056914
3.32,-0.749484537342279,-0.518135684433663,1.164,4.89848555238285,0.805081512588222,0.272791702433005,0.199999999999992,-0.984127576978514,-0.177462424840861,1.164,4.8907963267949,0.0696514203683336,0.451425748003313,0.545000000000008,0.0453737102739867,-0.98491693399569,2.08605479744905,13278.9659017372,0.0052715
3.34,-0.740989151124595,-0.532866015821277,1.168,4.91864211198449,0.805319622477659,0.273337004250707,0.199999999999996,-0.980381746138899,-0.19710817293467,1.168,4.9107963267949,0.0697402787509817,0.451439555604964,0.544999999999982,0.0453698818803932,-1.01472743623214,2.0650342011317,13187.6778317363,0.0051581
3.36,-0.732186982120736,-0.547424575638464,1.172,4.93879757756797,0.805569460511297,0.273874517649976,0.199999999999989,-0.97624377567241,-0.21667508038738,1.172,4.9307963267949,0.0698295293063924,0.451453095947714,0.545000000000006,0.0453659543404669,-1.04419197559372,2.04342780650232,13095.9071466606,0.0053182
3.38,-0.723081622382741,-0.561805253305042,1.176,4.95895188935539,0.805830750580663,0.27440410935671,0.199999999999991,-0.971715320712062,-0.236155320696897,1.176,4.9507963267949,0.0699191238764991,0.451466366696254,0.545000000000006,0.0453619310731648,-1.07329835220452,2.0212426068751,13003.6971683624,0.005187
3.4,-0.713676784881982,-0.576002011391808,1.18,4.97910498914177,0.80610321515079,0.274925651440801,0.199999999999993,-0.966798192579461,-0.255541102026831,1.18,4.9707963267949,0.0700090149188286,0.451479365668019,0.545000000000004,0.0453578154821989,-1.10203451229401,1.99848583853254,12911.0908771807,0.0056529
3.42,-0.703976302024322,-0.590008888026737,1.184,4.99925682028949,0.806386575411214,0.275439021312511,0.199999999999995,-0.961494358060299,-0.274824670323124,1.184,4.9907963267949,0.0700991555247634,0.451492090872934,0.544999999999993,0.0453536109550726,-1.13038855300418,1.97516497775109,12818.130896756,0.0056115
3.44,-0.693984124117313,-0.603819999270905,1.188,5.01940732772257,0.806680551425979,0.275944101717285,0.199999999999992,-0.955805938617666,-0.293998312415568,1.188,5.0107963267949,0.0701894994151079,0.451504540467118,0.545000000000015,0.0453493208622499,-1.15834872713653,1.95128773773132,12724.8594791957,0.0055136
3.46,-0.683704317790043,-0.617429541463181,1.192,5.03955645792086,0.806984862281663,0.276440780725491,0.199999999999998,-0.949735209543496,-0.31305435910297,1.192,5.0307963267949,0.070280000956974,0.451516712780257,0.544999999999974,0.0453449485561607,-1.18590344783659,1.92686206543353,12631.3184906391,0.0055703
3.48,-0.673141064366295,-0.630831793532748,1.196,5.059704158914,0.807299226234201,0.27692895172026,0.199999999999988,-0.943284599048476,-0.331985188220734,1.196,5.0507963267949,0.0703706151681641,0.45152860630687,0.544999999999996,0.0453404973707918,-1.21304129321448,1.90189613832036,12537.5493971913,0.0055193
3.5,-0.662298658191642,-0.644021119278504,1.2,5.07985038027515,0.807623360853984,0.277408513381976,0.199999999999987,-0.936456687290796,-0.35078322768962,1.2,5.0707963267949,0.0704612977211635,0.451540219697757,0.545000000000008,0.0453359706204786,-1.23975101089936,1.87639836100738,12443.5932512354,0.0059985
3.52,-0.651181504915192,-0.656991969614445,1.204,5.09999507311461,0.807956983169124,0.277879369669527,0.199999999999989,-0.929254205344123,-0.369440958544477,1.204,5.0907963267949,0.0705519991924542,0.451551549752757,0.54499999999919,0.045331371555323,-1.26602152252606,1.85037736182335,12349.4906781449,0.0054275
3.54,-0.639794119728307,-0.669738884778321,1.208,5.12013819007217,0.808299809576729,0.278341429717846,0.199999999999698,-0.921680034105203,-0.38795091794173,1.208,5.1107963267949,0.0706426903096515,0.451562600183272,0.54499999999992,0.0453267035560634,-1.29184192815218,1.82384198928131,12255.2818633072,0.0058793
3.56,-0.628141125555453,-0.682256496508807,1.21199999999999,5.14027968531169,0.808651556761963,0.278794608092445,0.199999999999669,-0.913737203141545,-0.406305702144417,1.212,5.1307963267949,0.0707333201657635,0.451573367118569,0.545000000000096,0.0453219698036904,-1.31720151060376,1.79680130846197,12161.0065396639,0.0054634
3.58,-0.616227251202587,-0.694539530184982,1.21599999999998,5.16041951451461,0.809011940943307,0.279238824434584,0.199999999999704,-0.90542888947963,-0.424497969483583,1.216,5.1507963267949,0.070823847291706,0.451583849911813,0.545000000000154,0.0453171735131153,-1.34208973974765,1.76926459731072,12066.703975499,0.0054987
3.6,-0.604057329466968,-0.706582806924042,1.21999999999998,5.18055763487068,0.809380678358678,0.279674003565989,0.199999999999759,-0.896758416334147,-0.442520443294852,1.22,5.1707963267949,0.0709142308624846,0.451594048035226,0.545000000000142,0.0453123179032254,-1.36649627668916,1.74124134284999,11972.4129626673,0.005451
3.62,-0.59163629520277,-0.71838124564338,1.22399999999998,5.20069400507035,0.809757485397702,0.280100075455073,0.19999999999981,-0.88772925177875,-0.460365914828998,1.224,5.1907963267949,0.0710044307492146,0.451603961092123,0.545000000000127,0.0453074061533374,-1.39041097789315,1.7127412373083,11878.1718052139,0.0055588
3.64,-0.578969183345782,-0.729929865083425,1.22799999999997,5.2208285852971,0.810142078733863,0.280516975181083,0.199999999999856,-0.878345007358874,-0.478027246135343,1.228,5.2107963267949,0.0710944074816265,0.451613588819984,0.54500000000012,0.0453024414164357,-1.41382389922691,1.68377417416772,11784.0183083459,0.0056945
3.66,-0.566061126897988,-0.741223785790419,1.23199999999997,5.24096133721915,0.810534175452757,0.28092464289636,0.199999999999899,-0.868609436647165,-0.495497372916845,1.232,5.2307963267949,0.0711841222694033,0.451622931082494,0.545000000000083,0.0452974268187384,-1.43672529992329,1.65435024413109,11689.9897678114,0.0062142
3.68,-0.552917354872853,-0.752258232058345,1.23599999999997,5.26109222398079,0.810933493178873,0.281323023786074,0.199999999999929,-0.858526433742102,-0.512769307355724,1.236,5.2507963267949,0.0712735370469704,0.45163198788545,0.545000000000031,0.0452923654593981,-1.45910564646235,1.62447973101088,11596.1229596462,0.0058665
3.7,-0.539543190202131,-0.763028533829225,1.23999999999997,5.28122121019342,0.811339750201801,0.281712068026472,0.19999999999994,-0.848100031710408,-0.529836140908493,1.24,5.2707963267949,0.0713626144412098,0.451640759352868,0.545000000000051,0.0452872604098354,-1.4809556163701,1.5941731075411,11502.4541302935,0.0060872
3.72,-0.525944047605033,-0.773530128551048,1.24399999999997,5.30134826192632,0.811752665598774,0.282091730740017,0.199999999999958,-0.83733440097388,-0.546691047069287,1.244,5.2907963267949,0.0714513177885511,0.451649245747486,0.545000000000027,0.0452821147115536,-1.50226610193274,1.56344103111407,11409.0189871285,0.0057396
3.74,-0.512125431420643,-0.783758562992562,1.24799999999996,5.32147334669701,0.812171959355472,0.28246197194942,0.199999999999968,-0.826233847641272,-0.56332728410037,1.248,5.3107963267949,0.0715396111181754,0.451657447449464,0.545000000000024,0.0452769313775985,-1.5230282138249,1.53229433944376,11315.8526893293,0.0056508
3.76,-0.498092933404431,-0.793709495014209,1.25199999999996,5.34159643346134,0.812597352483743,0.282822756528837,0.199999999999977,-0.814802811785912,-0.579738197728743,1.252,5.3307963267949,0.0716274595443278,0.451665365093493,0.545000000000578,0.0452717133925138,-1.54323328465053,1.50074404615739,11222.9898391431,0.0063945
3.78,-0.483852230489648,-0.803378695294573,1.25599999999997,5.36171749260331,0.813028567152552,0.28317405415877,0.200000000000185,-0.803045865669731,-0.595917223807764,1.256,5.3507963267949,0.0717148276944333,0.451672998964366,0.545000000000088,0.0452664636997509,-1.56287287239487,1.46880133631706,11130.464473531,0.0057771
3.8,-0.469409082514941,-0.812762049011394,1.25999999999997,5.38183649592442,0.813465326753569,0.283515839254345,0.200000000000216,-0.790967711914417,-0.611857890942719,1.26,5.3707963267949,0.071801682205235,0.451680349983758,0.54499999999998,0.045261185222112,-1.58193876378621,1.43647756187329,11038.3100561714,0.0058181
3.82,-0.454769329918749,-0.821855557476684,1.26399999999997,5.40195341663264,0.81390735606414,0.283848090933238,0.200000000000209,-0.778573181620432,-0.627553823079294,1.264,5.3907963267949,0.0718879899087463,0.451687418956219,0.544999999999973,0.0452558808454533,-1.60042297756613,1.40378423705217,10946.5594698432,0.0057726
3.84,-0.439938891401181,-0.830655339725435,1.26799999999998,5.42206822933131,0.814354381335211,0.284170792949852,0.2000000000002,-0.765867232434637,-0.642998742053909,1.268,5.4107963267949,0.0719737183274214,0.451694206803425,0.54499999999996,0.0452505534209931,-1.61831776766685,1.37073303367807,10855.2450091921,0.0057911
3.86,-0.424923761554806,-0.839157634057002,1.27199999999998,5.44218091000751,0.814806130396536,0.28448393363812,0.200000000000185,-0.752854946567295,-0.658186470104905,1.272,5.4307963267949,0.0720588514621779,0.451700719984583,0.544999999999901,0.0452452058894286,-1.63561562629435,1.33733577643374,10764.3983737978,0.0056088
3.88,-0.409730008459209,-0.847358799531778,1.27599999999999,5.46229143602283,0.815262333390721,0.284787506071148,0.20000000000015,-0.739541528759258,-0.673110932343562,1.276,5.4507963267949,0.0721433031122091,0.451706940568579,0.544999999999558,0.0452398405865988,-1.65230928691618,1.30360443805963,10674.0506618605,0.0058153
3.9,-0.394363771266945,-0.855255317408508,1.27999999999999,5.48239978609375,0.815722720037689,0.285081506995968,0.19999999999999,-0.72593230420014,-0.687766159183974,1.28,5.4707963267949,0.0722271256997927,0.451712898378757,0.545000000000378,0.0452344609366886,-1.66839172715251,1.26955113449449,10584.2323636464,0.0056944
3.92,-0.378831257735682,-0.862843792545829,1.28399999999999,5.50250594028485,0.816187025250168,0.285365938755415,0.200000000000126,-0.71203271639831,-0.702146288730805,1.284,5.4907963267949,0.0723102192283008,0.451718570246056,0.545000000000156,0.0452290691084253,-1.68385617157018,1.2351881199594,10494.9733562227,0.0055764
3.94,-0.363138741739069,-0.870120954751362,1.28799999999999,5.52260987999817,0.816654983103939,0.285640806987518,0.200000000000182,-0.697848325003564,-0.716245569123971,1.288,5.5107963267949,0.0723925813517831,0.451723966798419,0.545000000000148,0.0452236679117229,-1.6986960943768,1.20052778198642,10406.3028976179,0.0065252
3.96,-0.347292560772427,-0.87708366007022,1.292,5.5427115879514,0.817126330808953,0.285906122003386,0.200000000000236,-0.683384803583336,-0.7300583608393,1.292,5.5307963267949,0.0724741825400409,0.45172908888727,0.545000000000186,0.0452182600681421,-1.71290522201582,1.16558263639484,10318.2496219442,0.0058388
3.98,-0.331299113406717,-0.883728892035832,1.296,5.56281104816944,0.817600807684615,0.286161898290915,0.200000000000303,-0.668647937353351,-0.743579138944275,1.296,5.5507963267949,0.0725549932456433,0.451733937206886,0.545000000000276,0.0452128481101083,-1.72647753566054,1.13036532221645,10230.8415346454,0.0058082
4,-0.315164856729205,-0.890053762864462,1.30000000000001,5.58290824597101,0.818078155219195,0.286408154438604,0.200000000000402,-0.653643620863612,-0.756802495307928,1.3,5.5707963267949,0.0726349847422459,0.451738512549213,0.545000000000377,0.0452074345832915,-1.73940727360597,1.09488859657192,10144.1060081436,0.006079
4.02,-0.29889630376107,-0.896055514598199,1.30400000000002,5.60300316795273,0.818558117159772,0.286644913071042,0.200000000000538,-0.638377855640659,-0.769723140764024,1.304,5.5907963267949,0.072714128250365,0.451742815457215,0.54500000000057,0.0452020219894802,-1.75168893355794,1.05916532950049,10058.0697778112,0.0055208
4.04,-0.282500020853041,-0.901731520196028,1.30800000000003,5.6230958019742,0.819040439565075,0.286872200768289,0.200000000000743,-0.622856747787041,-0.782335907226653,1.308,5.6107963267949,0.0727923948185212,0.451746846178261,0.545000000000762,0.0451966127827403,-1.76331727481845,1.02320849874494,9972.75893832113,0.0056188
4.06,-0.265982625060505,-0.907079284572468,1.31200000000005,5.64318613714244,0.819524870851106,0.287090047983372,0.200000000001018,-0.607086505538954,-0.794635749757397,1.312,5.6307963267949,0.0728697554822314,0.451750604682883,0.545000000001058,0.0451912093716817,-1.77428732036638,0.987031184493938,9888.19894030294,0.005556
4.08,-0.24935078149915,-0.912096445583456,1.31600000000007,5.66327416379594,0.820011161840676,0.287298488960684,0.200000000001398,-0.591073436783031,-0.806617748583241,1.316,5.6507963267949,0.072946180392656,0.451754090345723,0.54500000000143,0.0451858141120921,-1.7845943588329,0.950646564083942,9804.41458737176,0.006624
4.1,-0.232611200682492,-0.916780774959097,1.32000000000011,5.68335987348807,0.820499065775664,0.287497561641535,0.200000000001913,-0.574823946533269,-0.81827711106441,1.32,5.6707963267949,0.073021639319182,0.451757302072242,0.545000000001912,0.0451804293092275,-1.79423394637064,0.914067906662715,9721.43003347469,0.0080963
4.12,-0.215770635842517,-0.921130179183008,1.32400000000015,5.70344325896992,0.820988338346984,0.28768730757585,0.200000000002602,-0.55834453436911,-0.829609173611371,1.324,5.6907963267949,0.0730961013349665,0.451760238165294,0.545000000002554,0.0451750572162621,-1.80320190841614,0.877308567816586,9639.26878058044,0.0056385
4.14,-0.198835880234457,-0.925142700318056,1.32800000000021,5.72352431417264,0.821478737709593,0.287867771829015,0.200000000003521,-0.541641791835699,-0.840609403550195,1.328,5.7107963267949,0.0731695347068706,0.45176289622337,0.545000000003284,0.0451697000306689,-1.81149434134465,0.840381984163616,9557.95367668147,0.0056911
4.16,-0.181813764426923,-0.928816516778296,1.33200000000029,5.74360303418912,0.82197002449074,0.288039002885495,0.200000000004703,-0.524722399807346,-0.851273400935574,1.332,5.7307963267949,0.07324190698046,0.451765273143444,0.545000000004186,0.0451643598944766,-1.81910761401698,0.803301667914813,9477.50691415766,0.0055676
4.18,-0.164711153578514,-0.932149944046941,1.3360000000004,5.76367941525509,0.822461961799256,0.288201052553715,0.20000000000621,-0.507593125815277,-0.861596900310741,1.336,5.7507963267949,0.0733131851060677,0.451767365085018,0.545000000005233,0.045159038894032,-1.82603836921757,0.76608120140554,9397.95002841563,0.0056937
4.2,-0.147534944701862,-0.935141435340288,1.34000000000055,5.7837534547297,0.822954315237546,0.288353975870481,0.200000000008094,-0.490260821340699,-0.871575772413588,1.34,5.7707963267949,0.0733905040349316,0.451771647189427,0.544999999975549,0.0451537949359263,-1.83228352498344,0.728734231599295,9319.30389034505,0.0062079
4.22,-0.13029206090692,-0.937789582654221,1.34400000000062,5.80382515227565,0.82344713958432,0.288497930884174,0.199999999999291,-0.47273241907431,-0.881206025828325,1.344,5.7907963267949,0.0734586693571504,0.451772917184745,0.544999999994028,0.0451485046606234,-1.83784027578326,0.691274464560111,9241.5887304089,0.006151
4.24,-0.112989452017711,-0.940093116733262,1.34800000000058,5.82389450819341,0.823939885551211,0.288632861194297,0.199999999997141,-0.455014930143305,-0.890483808581989,1.348,5.8107963267949,0.0735261278002458,0.451774111201977,0.544999999999195,0.0451432415137889,-1.84270609351113,0.653715659892457,9164.82410099325,0.0068821
4.26,-0.0956340945835956,-0.942050907197608,1.35200000000052,5.84396152237534,0.824432345650556,0.288758841567929,0.199999999996851,-0.437115441307028,-0.899405409685178,1.352,5.8307963267949,0.073592780705198,0.451775177345187,0.545000000000596,0.0451380231429176,-1.84687872862173,0.616071625198866,9089.02890086519,0.0067364
4.28,-0.078232985559181,-0.943661963536377,1.35600000000046,5.86402619624931,0.824924312531483,0.288875946888217,0.199999999997066,-0.419041112122356,-0.907967260616405,1.356,5.8507963267949,0.0736585371455978,0.451776081524512,0.545000000000924,0.0451328353870915,-1.85035621104885,0.578356210501038,9014.22137004794,0.0071406
4.3,-0.0607931395794575,-0.944925435483425,1.36000000000041,5.88408853269504,0.825415579270344,0.288984252956674,0.199999999997398,-0.400799172079975,-0.916165936749455,1.36,5.8707963267949,0.0737233027353065,0.451776793171796,0.545000000001044,0.0451276794275994,-1.85313685096722,0.540583302637365,8940.41909021635,0.006065
4.32,-0.0433215862226828,-0.945840613335253,1.36400000000036,5.90414853563714,0.825905939135678,0.289083836956855,0.199999999997774,-0.38239691771268,-0.923998158723188,1.364,5.8907963267949,0.073786967658447,0.451777278387684,0.545000000001208,0.0451225567347588,-1.85521923944494,0.502766819646599,8867.6389854176,0.0059534
4.34,-0.02582536727441,-0.946406928215265,1.36800000000032,5.92420621000179,0.826395184985682,0.289174777337874,0.199999999998209,-0.363841709676858,-0.931460793753243,1.368,5.9107963267949,0.0738493871350654,0.45177749204625,0.545000000001621,0.0451174684523905,-1.85660224898651,0.464920705139889,8795.89732310224,0.006019
4.36,-0.00831153400761536,-0.946623952286412,1.37200000000029,5.94426156167652,0.826883107889456,0.289257153385932,0.199999999998793,-0.345140969808323,-0.938550856885108,1.372,5.9307963267949,0.0739103586244922,0.451777368714063,0.545000000002409,0.0451124152343573,-1.85728503396661,0.427058922663279,8725.20971546373,0.0062194
4.38,0.00921285550209343,-0.946491398915363,1.37600000000027,5.96431459745658,0.827369494838777,0.289331044467228,0.19999999999966,-0.326302178153684,-0.945265512188063,1.376,5.9507963267949,0.0739696060857662,0.451776815757883,0.545000000003615,0.0451073971562633,-1.85726703095578,0.389195450052694,8655.59112106791,0.0062635
4.4,0.026740739009249,-0.94600912279357,1.38000000000028,5.98436532497369,0.827854125833773,0.289396529055083,0.200000000000961,-0.307332869978419,-0.951602073889516,1.38,5.9707963267949,0.0740267926923132,0.451775715918723,0.545000000004923,0.0451024138344274,-1.85654795893965,0.351344273783233,8587.05584681036,0.0062973
4.42,0.0442650526778908,-0.945177120022033,1.38400000000032,6.00441375260986,0.828336771481637,0.289453683938153,0.200000000002734,-0.288240632752882,-0.957558007449271,1.384,5.9907963267949,0.0740815883813091,0.451773948552888,0.545000000005676,0.0450974649206846,-1.855127819434,0.313519383314372,8519.61755019793,0.0062303
4.44,0.0617787336417691,-0.943995528164359,1.38800000000039,6.02445988941048,0.828817193301018,0.289502584345009,0.200000000004777,-0.269033103117399,-0.963130930573317,1.388,6.0107963267949,0.0741338013787725,0.451771433122255,0.545000000004855,0.0450925509928933,-1.8530068964972,0.275734765432422,8453.28924199397,0.0062241
4.46,0.0792747226295741,-0.942464626264135,1.3920000000005,6.04450374502637,0.829295149286504,0.289543305804629,0.200000000006525,-0.249717963827731,-0.968318614166707,1.392,6.0307963267949,0.0741835346706162,0.451768182434077,0.545000000002029,0.0450876745120041,-1.85018575663933,0.238004398591541,8388.08328925437,0.0065037
4.48,0.0967459667753722,-0.940584834807982,1.39600000000064,6.06454532972106,0.829770405721353,0.28957592799188,0.200000000007255,-0.230302940682059,-0.973118983225174,1.396,6.0507963267949,0.0742312767075671,0.451764335612902,0.544999999997975,0.0450828401951286,-1.84666524862299,0.200342247255041,8324.01141870483,0.0064543
4.5,0.114185422714379,-0.938356715602247,1.40000000000078,6.08458465446491,0.830242752594624,0.289600539578061,0.200000000006526,-0.21079579943078,-0.977530117665097,1.4,6.0707963267949,0.0742778395040495,0.451760141639834,0.544999999994337,0.0450780543147248,-1.84244650314626,0.162762256239789,8261.08472032999,0.0062114
4.52,0.131586059969317,-0.935780971530856,1.40400000000089,6.10462173110053,0.830712016507524,0.289617242012629,0.200000000004488,-0.191204342670301,-0.981550253091516,1.404,6.0907963267949,0.0743241428893697,0.451755892335886,0.544999999992586,0.0450733231324915,-1.83753093239576,0.125278345067818,8199.31365105504,0.0062818
4.54,0.148940864502827,-0.932858446180446,1.40800000000095,6.12465657252461,0.83117806491375,0.289626150286869,0.200000000001819,-0.171536406722112,-0.985177781503859,1.408,6.1107963267949,0.0743709482022411,0.451751838033259,0.54499999999298,0.0450686513662803,-1.83192022946038,0.0879044023302783,8138.70803836472,0.0061934
4.56,0.166242842227994,-0.929590123348122,1.41200000000096,6.14468919281901,0.831640799683775,0.289627390227961,0.199999999999291,-0.151799858498355,-0.988411251939131,1.412,6.1307963267949,0.0744186731584025,0.451748128643338,0.544999999994813,0.0450640415218175,-1.82561636760293,0.0506542800688361,8079.27708388462,0.0061745
4.58,0.183485022286703,-0.925977126469443,1.41600000000093,6.16471960728979,0.832100143262211,0.289621093628195,0.199999999997424,-0.13200259235517,-0.991249371052267,1.416,6.1507963267949,0.0744673528311821,0.451744801013971,0.544999999996986,0.0450594942289115,-1.81862159939555,0.0135417881785038,8021.02936701056,0.0064578
4.6,0.200660460005351,-0.922020718007164,1.42000000000087,6.1847478324163,0.832556023285494,0.289607393250514,0.199999999996339,-0.112152526935054,-0.993691003633465,1.42,6.1707963267949,0.0745167210216048,0.451741804008614,0.544999999998775,0.0450550090984784,-1.81093845573029,-0.023419311165743,7963.97284863996,0.0063606
4.62,0.217762239550955,-0.917722298827441,1.42400000000079,6.20477388574426,0.83300836048971,0.289586419243683,0.199999999995898,-0.0922576019995117,-0.995735173062245,1.424,6.1907963267949,0.0745663421089357,0.451739038673343,0.544999999999986,0.0450505855258164,-1.80256974471774,-0.0602153090575924,7908.11487517561,0.0063042
4.64,0.234783476381436,-0.913083407571038,1.42800000000071,6.22479778576322,0.833457061929846,0.289558297467664,0.199999999995893,-0.0723257752532545,-0.997381061698093,1.428,6.2107963267949,0.0746157326851036,0.451736394236474,0.545000000000663,0.0450462231611816,-1.79351855048394,-0.0968325553829759,7853.4621828187,0.006189
4.66,0.251717319598219,-0.908105720012793,1.43200000000063,6.24481955179662,0.833902019094054,0.289523149414304,0.199999999996132,-0.0523650191612259,-0.998628011207499,1.432,6.2307963267949,0.0746644445914475,0.451733771437596,0.545000000000973,0.0450419220537217,-1.78378823187149,-0.133257464318302,7800.02090220918,0.0063191
4.68,0.268556954286546,-0.902791048396389,1.43600000000056,6.2648392039163,0.834343109356762,0.289481093088747,0.199999999996482,-0.0323833177597247,-0.999475522827284,1.436,6.2507963267949,0.0747121074831949,0.451731093186533,0.545000000001032,0.0450376826101631,-1.77338242104709,-0.16947651980262,7747.79656341986,0.006559
4.7,0.285295603894143,-0.89714134073156,1.44000000000049,6.28485676288097,0.834780199139723,0.28943224426372,0.199999999996853,-0.0123886634628906,-0.999923257564101,1.44,6.2707963267949,0.074758441355634,0.451728306339718,0.545000000000993,0.0450335054865321,-1.7623050220148,-0.205476280982462,7696.79410125974,0.0063133
4.72,0.301926532668719,-0.891158680043935,1.44400000000043,6.30487225009343,0.835213147570335,0.289376717714705,0.199999999997211,0.0076109461341479,-0.999971036330024,1.444,6.2907963267949,0.0748032514796908,0.451725378705855,0.545000000000936,0.0450293914833884,-1.75056020903302,-0.241243387627656,7647.01786088785,0.0068296
4.74,0.318443048154816,-0.884845283571333,1.44800000000038,6.32488568757007,0.83564180992799,0.289314628238965,0.199999999997548,0.0276075114542115,-0.999618840014185,1.448,6.3107963267949,0.0748464151801098,0.451722294264681,0.545000000000822,0.045025341469211,-1.73815242493271,-0.276764565516069,7598.47160368314,0.0062076
4.76,0.334838503739983,-0.878203501903263,1.45200000000033,6.34489709791777,0.836066040549489,0.289246091397091,0.199999999997844,0.0475930341377878,-0.998866809490414,1.452,6.3307963267949,0.0748817196966862,0.451716928472364,0.545000000026551,0.0450213075520548,-1.72508637933472,-0.31202663178508,7551.15851338621,0.0056867
4.78,0.351106298852287,-0.871235819115707,1.45600000000038,6.36490650326714,0.836485449296402,0.289171138639366,0.200000000007402,0.0675595202422752,-0.997715245560893,1.456,6.3507963267949,0.0749251342400182,0.451714759057265,0.54499999999962,0.0450174234495467,-1.71136704679644,-0.347016500261473,7505.08120234266,0.0057015
4.8,0.367239885431448,-0.863944850147068,1.46000000000053,6.38491392719493,0.836900288890231,0.289090030408549,0.200000000007266,0.0874989834394464,-0.996164608835841,1.46,6.3707963267949,0.0749653904013498,0.451711916931125,0.544999999993843,0.0450135936834077,-1.69699966489803,-0.381721186773874,7460.24171949477,0.0056737
4.82,0.383232772302838,-0.856333338903023,1.46400000000065,6.40491939531353,0.837310365167445,0.289002860889116,0.200000000005049,0.10740344820988,-0.994215519549271,1.464,6.3907963267949,0.075002953499604,0.451708600808252,0.544999999993749,0.0450098074005385,-1.68198973198358,-0.416127814318677,7416.64155474846,0.0057643
4.84,0.399078523563273,-0.848404159006705,1.46800000000073,6.42492293286076,0.837715506327052,0.288909735726887,0.200000000002798,0.127264953033056,-0.991868757310913,1.468,6.4107963267949,0.0750381842810711,0.451704941997385,0.544999999994964,0.0450060886531894,-1.66634300494866,-0.450223618247047,7374.28164600706,0.0056003
4.86,0.414770761497771,-0.840160312533533,1.47200000000077,6.44492456502657,0.838115558833017,0.288810768440317,0.200000000000985,0.147075553571863,-0.98912526079437,1.472,6.4307963267949,0.0750713624589322,0.451701031907896,0.544999999996288,0.0450024389574706,-1.65006549697071,-0.48399595142836,7333.16238643469,0.0056897
4.88,0.430303169391638,-0.831604928726399,1.47600000000077,6.46492431748989,0.838510384289642,0.288706077907477,0.199999999999649,0.166827325850222,-0.98598612736167,1.476,6.4507963267949,0.0751027017802498,0.45169693344904,0.544999999997416,0.0449988590220628,-1.63316347512501,-0.517432289362684,7293.28363173727,0.0054562
4.9,0.44566949425411,-0.82274126267993,1.48000000000076,6.48492221641873,0.838899856754946,0.288595786855099,0.199999999998719,0.186512369422576,-0.982452612624332,1.48,6.4707963267949,0.0751323645238684,0.451692688946488,0.544999999998295,0.0449953494681066,-1.61564345788988,-0.550520235241279,7254.64470752918,0.0057548
4.92,0.460863549466067,-0.81357269398965,1.48400000000072,6.50491828845181,0.83928386062647,0.28848002075442,0.199999999998105,0.206122810533958,-0.978526129941139,1.484,6.4907963267949,0.0751604732318871,0.451688326068101,0.54499999999897,0.0449919108642601,-1.59751221254454,-0.583247524953774,7217.24441676684,0.0054203
4.94,0.475879217362485,-0.804102725363033,1.48800000000068,6.52491256067878,0.83966228899568,0.288358907012335,0.199999999997734,0.225650805269396,-0.974208249852809,1.488,6.5107963267949,0.0751871200722753,0.451683862327374,0.544999999999453,0.0449885437336345,-1.57877675246241,-0.615602032040552,7181.0810472835,0.0056394
4.96,0.490710451757876,-0.794334981190166,1.49200000000064,6.54490506062042,0.840035042377489,0.288232574386756,0.199999999997537,0.245088542691362,-0.969500699453809,1.492,6.5307963267949,0.07521237423645,0.451679308341376,0.544999999999832,0.0449852485567875,-1.55944433430223,-0.647571772588779,7146.15237941083,0.0054091
4.98,0.505351280420943,-0.784273206072327,1.49600000000059,6.56489581620878,0.840402027736875,0.288101152565396,0.199999999997477,0.264428247964056,-0.96440536170153,1.496,6.5507963267949,0.0752362877350109,0.451674670235541,0.545000000000086,0.0449820257753364,-1.53952245509927,-0.679144910070426,7112.45569371101,0.0055806
5,0.519795807503062,-0.773921263307294,1.50000000000053,6.58488485576751,0.840763157748762,0.287964771865565,0.199999999997508,0.283662185463226,-0.958924274663138,1.5,6.5707963267949,0.0752588998877117,0.451669951324776,0.545000000000251,0.0449788757922935,-1.51901884925841,-0.710309760120565,7079.98777880639,0.0054645
5.02,0.534038215923918,-0.763283133330626,1.50400000000049,6.60487220799244,0.841118350238942,0.287823563019552,0.199999999997598,0.302782661870324,-0.953059630700367,1.504,6.5907963267949,0.0752802407703073,0.451665153306421,0.545000000000362,0.044975798974538,-1.49794148545098,-0.741054795254207,7048.74493931609,0.005661
5.04,0.54807276971661,-0.752362912112503,1.50800000000044,6.62485790193239,0.841467527764209,0.287677657021264,0.199999999997728,0.321782029249722,-0.946813775592609,1.508,6.6107963267949,0.075300333826459,0.451660277047664,0.545000000000421,0.0449727956531255,-1.47629856341702,-0.771368649519893,7018.72300388819,0.0054471
5.06,0.561893816333738,-0.741164809509988,1.5120000000004,6.64484196697032,0.841810617298103,0.287527185014203,0.19999999999788,0.34065268810779,-0.940189207598628,1.512,6.6307963267949,0.0753191978505006,0.451655323113141,0.545000000000456,0.0449698661231015,-1.45409851067448,-0.801240123088277,6989.91733333817,0.005569
5.08,0.575495788915393,-0.729693147574819,1.51600000000035,6.66482443280478,0.842147549996866,0.287372278207725,0.199999999998044,0.35938709043259,-0.933188576457298,1.516,6.6507963267949,0.0753368484396221,0.451650292081132,0.545000000000449,0.0449670106448162,-1.43134997913693,-0.830658186773901,6962.3228288743,0.0054398
5.1,0.588873208519507,-0.717952358816994,1.52000000000032,6.68480532943152,0.842478261024165,0.287213067811163,0.199999999998206,0.377977742712981,-0.925814682327732,1.52,6.6707963267949,0.0753532990922959,0.451645184747295,0.54500000000045,0.0449642294436483,-1.40806184164138,-0.859611986488408,6935.93394042777,0.0055198
5.12,0.602020686314651,-0.705946984424565,1.52400000000028,6.70478468712555,0.842802689420194,0.287049684979897,0.199999999998368,0.396417208935922,-0.918070474669267,1.524,6.6907963267949,0.0753685619749361,0.451640002199495,0.545000000000433,0.0449615227102784,-1.38424318838754,-0.888090847623403,6910.74467505687,0.0054742
5.14,0.614932925735149,-0.693681672440171,1.52800000000025,6.72476253642327,0.843120778001696,0.286882260767186,0.199999999998524,0.414698113560782,-0.909959051061711,1.528,6.7107963267949,0.0753826484860622,0.451634745859606,0.545000000000409,0.0449588906010124,-1.35990332329019,-0.916084279361258,6886.74860544263,0.0053744
5.16,0.627604724598145,-0.681161175894919,1.53200000000022,6.74473890810495,0.843432473284623,0.286710926079786,0.199999999998671,0.432813144469452,-0.901483655966355,1.532,6.7307963267949,0.0753955696655276,0.451629417487461,0.545000000000383,0.0449563332379963,-1.33505176024606,-0.943581978912109,6863.93887846881,0.0052145
5.18,0.64003097718216,-0.66839035090028,1.5360000000002,6.7647138331774,0.843737725423102,0.286535811635362,0.199999999998809,0.450755055891099,-0.892647679428235,1.536,6.7507963267949,0.0754073364463422,0.451624019134471,0.545000000000339,0.0449538507093501,-1.30969821931685,-0.970573835675373,6842.30822386268,0.0059479
5.2,0.652206676266563,-0.655374154698733,1.54000000000017,6.78468734285679,0.844036488158283,0.286357047919333,0.199999999998931,0.468516671300377,-0.883454655720153,1.54,6.7707963267949,0.0754179598505922,0.451618553115593,0.545000000000333,0.0449514430696666,-1.28385262282983,-0.997049935324114,6821.84896291798,0.0055002
5.22,0.664126915131309,-0.642117643673932,1.54400000000015,6.80465946855181,0.84432871877474,0.286174765141728,0.199999999999051,0.48609088628794,-0.873908261929022,1.544,6.7907963267949,0.0754274510955058,0.451613021970742,0.545000000000296,0.0449491103400897,-1.25752509139766,-1.02300056381062,6802.55301727654,0.0051874
5.24,0.675786889516287,-0.628625971321168,1.54800000000014,6.82463024184687,0.844614378060781,0.285989093193518,0.199999999999157,0.503470671402114,-0.864012316485074,1.548,6.8107963267949,0.0754358216819211,0.45160742841983,0.545000000000252,0.0449468525090101,-1.2307259398591,-1.04841621129157,6784.41191777636,0.0052809
5.26,0.687181899539552,-0.614904386178984,1.55200000000012,6.8445996944856,0.844893430271893,0.285800161602086,0.199999999999248,0.520649074960579,-0.853770777634543,1.552,6.8307963267949,0.0754430834119138,0.451601775311932,0.545000000000233,0.0449446695318318,-1.20346567314206,-1.07328757597131,6767.41681334341,0.0051549
5.28,0.698307351573749,-0.600958229722744,1.55600000000011,6.86456785835448,0.845165843094469,0.285608099485561,0.199999999999332,0.537619225830956,-0.843187741856417,1.556,6.8507963267949,0.0754492484245739,0.451596065611252,0.545000000000212,0.0449425613323371,-1.17575498205081,-1.09760556786152,6751.55847994929,0.0050722
5.3,0.709158760079993,-0.586792934221065,1.56000000000009,6.88453476546671,0.845431587610526,0.285413035507542,0.199999999999408,0.554374336179161,-0.832267442223901,1.56,6.8707963267949,0.0754543291968973,0.451590302352207,0.545000000000194,0.0449405278020804,-1.147604738979,-1.12136131245599,6736.82732960517,0.0051736
5.32,0.719731749398516,-0.572414020555937,1.56400000000008,6.90450044794621,0.845690638261997,0.28521509783092,0.199999999999478,0.570907704184454,-0.821014246711247,1.564,6.8907963267949,0.075458338529128,0.451584488619391,0.545000000000168,0.0449385688015959,-1.11902599355015,-1.14454615431882,6723.21341939761,0.0051403
5.34,0.730022055495354,-0.557827096007464,1.56800000000007,6.92446493801186,0.84594297281401,0.285014414071847,0.199999999999538,0.587212716720073,-0.809432656446619,1.568,6.9107963267949,0.0754612895488112,0.451578627529932,0.545000000000163,0.044936684160549,-1.09002996818739,-1.16715166058482,6710.7064605676,0.0050986
5.36,0.740025527664405,-0.54303785200409,1.57200000000006,6.94442826796189,0.846188572317869,0.284811111253961,0.199999999999597,0.603282851998404,-0.797527303911704,1.572,6.9307963267949,0.0754631956810039,0.451572722215652,0.545000000000135,0.0449348736782875,-1.06062805361427,-1.18916962437051,6699.29582761311,0.0050063
5.38,0.749738130184161,-0.528052061839253,1.57600000000006,6.96439047015848,0.846427421072441,0.284605315762869,0.199999999999646,0.619111682179599,-0.785302951088781,1.576,6.9507963267949,0.0754640706538186,0.451566775806443,0.545000000000171,0.044933137124272,-1.03083180428831,-1.21059206809451,6688.97056742839,0.0051024
5.4,0.759155943928474,-0.512875578355374,1.58000000000005,6.98435157701257,0.846659506585354,0.284397153300959,0.199999999999707,0.634692875942635,-0.772764487555987,1.58,6.9707963267949,0.0754639284620048,0.4515607914218,0.545000000000051,0.0449314742387686,-1.00065293376931,-1.23141124670596,6679.71940845654,0.0050564
5.42,0.768275167930708,-0.497514331596117,1.58400000000004,7.00431162096883,0.846884819532349,0.28418674884287,0.199999999999726,0.650020201017752,-0.759916928531561,1.584,6.9907963267949,0.0754627833637825,0.45155477216954,0.545000000000089,0.0449298847331294,-0.970103310024024,-1.25161965081957,6671.53076986989,0.0050946
5.44,0.77709212090064,-0.481974326427875,1.58800000000004,7.02427063449089,0.847103353716167,0.283974226591962,0.199999999999758,0.665087526679283,-0.746765412867812,1.588,7.0107963267949,0.075460649867868,0.451548721136637,0.545000000000073,0.0449283682906221,-0.939194950669352,-1.27121000975624,6664.39277076103,0.0050455
5.46,0.785603242693518,-0.466261640131431,1.59200000000003,7.04422865004669,0.847315106024569,0.283759709937431,0.199999999999784,0.679888826197857,-0.733315200995657,1.592,7.0307963267949,0.0754575427200715,0.451542641378705,0.54500000000007,0.0449269245666142,-0.907940018155693,-1.29017529448789,6658.29323934312,0.0050752
5.48,0.793805095730698,-0.450382419964761,1.59600000000003,7.06418570009413,0.847520076387529,0.28354332141203,0.199999999999809,0.694418179251016,-0.719571672820507,1.596,7.0507963267949,0.0754534768779243,0.451536535924656,0.545000000000071,0.0449255531894504,-0.876350814892572,-1.30850872048538,6653.21972215442,0.0049471
5.5,0.801694366371271,-0.434342880697956,1.60000000000002,7.08414181706685,0.847718267733126,0.283325182651039,0.199999999999835,0.70866977429126,-0.705540325570392,1.6,7.0707963267949,0.0754484675193507,0.451530407774405,0.545000000000114,0.0449242537607393,-0.844439778318394,-1.32620375046841,6649.15949327196,0.005194
5.52,0.809267866234152,-0.41814930212126,1.60400000000002,7.10409703336029,0.847909685943532,0.283105414352189,0.199999999999876,0.722637910870592,-0.691226771597126,1.604,7.0907963267949,0.0754425300132356,0.451524259891031,0.545000000000003,0.0449230258561458,-0.812219475916329,-1.34325409705622,6646.09956351212,0.0050894
5.54,0.816522533470098,-0.401808026527204,1.60800000000002,7.12405138131791,0.848094339809607,0.282884136236303,0.199999999999877,0.736317001920619,-0.676636736131457,1.608,7.1107963267949,0.0754356799282361,0.451518095203191,0.545000000000034,0.0449218690257086,-0.77970260017831,-1.35965372531814,6644.02668963518,0.0051715
5.56,0.823455433983148,-0.385325456167853,1.61200000000002,7.14400489321769,0.848272240985641,0.282661467009093,0.199999999999889,0.749701575987308,-0.661776054993037,1.612,7.1307963267949,0.0754279330035149,0.451511916612324,0.545000000000029,0.0449207827946236,-0.746901963519158,-1.37539685522293,6642.92738353112,0.0050331
5.58,0.830063762601005,-0.368708050688186,1.61600000000002,7.16395760125877,0.848443403942755,0.282437524324302,0.199999999999899,0.762786279419489,-0.646650672256183,1.616,7.1507963267949,0.0754193051455749,0.451505726972923,0.545000000000027,0.0449197666635818,-0.713830493142877,-1.39047796398586,6642.78792139145,0.0050851
5.6,0.836344844193889,-0.35196232453662,1.62000000000001,7.18390953754839,0.848607845922041,0.282212424747069,0.199999999999909,0.77556587851025,-0.631266637872321,1.62,7.1707963267949,0.0754098124309073,0.451499529113411,0.545000000000044,0.0449188201095782,-0.680501225863157,-1.40489178831275,6643.59435287144,0.0050056
5.62,0.842296134741407,-0.335094844353729,1.62400000000001,7.20386073408906,0.848765586887673,0.281986283719209,0.199999999999925,0.788035261590348,-0.615630105250086,1.624,7.1907963267949,0.0753994710792923,0.451493325817549,0.545000000000035,0.0449179425862497,-0.646927302880158,-1.41863332653993,6645.33251021623,0.0049576
5.64,0.847915222347047,-0.31811222634018,1.62800000000001,7.22381122276586,0.848916649478871,0.281759215524749,0.199999999999937,0.800189441072806,-0.599747328794044,1.628,7.2107963267949,0.0753882974534708,0.451487119839091,0.545000000000031,0.0449171335246541,-0.613121964515673,-1.43169784066938,6647.98801737193,0.0049865
5.66,0.85319982819985,-0.301021133604963,1.63200000000001,7.24376103533409,0.849061058961769,0.281531333257119,0.199999999999948,0.812023555447886,-0.583624661403007,1.632,7.2307963267949,0.0753763080534174,0.45148091388935,0.545000000000024,0.0449163923336675,-0.579098544908762,-1.44408085829812,6651.5462990616,0.0049759
5.68,0.858147807482915,-0.283828273494946,1.63600000000001,7.26371020340711,0.849198843181024,0.281302748786842,0.199999999999957,0.823532871227622,-0.567268551928969,1.636,7.2507963267949,0.0753635195017598,0.451474710642939,0.545000000000014,0.0449157184005991,-0.54487046667398,-1.45577817444123,6655.99258982842,0.0050395
5.7,0.862757150228356,-0.266540394906837,1.64000000000001,7.28365875844438,0.849330032510803,0.281073572730501,0.199999999999962,0.83471278483916,-0.550685542597638,1.64,7.2707963267949,0.0753499485450737,0.451468512743291,0.545,0.0449151110919138,-0.510451235524341,-1.46678585324766,6661.31194304591,0.0049796
5.72,0.86702598211837,-0.249164285582617,1.64400000000001,7.30360673173979,0.849454659805832,0.280843914420942,0.199999999999963,0.845558824466117,-0.533882266391644,1.644,7.2907963267949,0.0753356120227036,0.45146232278358,0.545000000000007,0.0449145697536006,-0.47585443486115,-1.47710022960816,6667.48923987462,0.0054724
5.74,0.870952565232116,-0.231706769389532,1.64800000000001,7.3235541544102,0.849572760351226,0.2806138818777,0.199999999999965,0.856066651837255,-0.516865444397429,1.648,7.3107963267949,0.0753205268922499,0.451456143330886,0.544999999999996,0.0449140937118254,-0.441093720332885,-1.48671791065476,6674.50919819615,0.0055786
5.76,0.874535298738082,-0.21417470358572,1.65200000000001,7.34350105738422,0.849684371813377,0.280383581779441,0.199999999999964,0.866232063961728,-0.499641883116902,1.652,7.3307963267949,0.0753047101685894,0.451449976894351,0.545000000000012,0.0449136822733372,-0.406182814365287,-1.49563577715114,6682.35638147612,0.0058098
5.78,0.877772719531689,-0.196574976072577,1.65600000000001,7.36344747139125,0.849789534188471,0.280153119436091,0.199999999999968,0.876050994810224,-0.482218471744932,1.656,7.3507963267949,0.0752881789834861,0.451443825961551,0.545,0.0449133347264888,-0.371135500664854,-1.50385098477335,6691.0152075941,0.005534
5.8,0.880663502817858,-0.17891450263495,1.66000000000001,7.38339342695076,0.849888289753484,0.279922598763474,0.199999999999968,0.885519516941319,-0.464602179413757,1.66,7.3707963267949,0.0752709505676268,0.451437692987233,0.545000000000003,0.0449130503417352,-0.335965618697927,-1.51136096528037,6700.46995761248,0.0054653
5.82,0.883206462638331,-0.161200224170225,1.66400000000001,7.40333895436178,0.849980683016564,0.279692122258433,0.199999999999969,0.894633843072407,-0.44680005240543,1.664,7.3907963267949,0.0752530421797229,0.451431580370462,0.545000000000003,0.0449128283716056,-0.300687058147578,-1.5181634275741,6710.70478448599,0.0054386
5.84,0.885400552343513,-0.14343910390746,1.66800000000001,7.4232840836927,0.850066760664711,0.279461790973995,0.19999999999997,0.903390327594559,-0.428819211333396,1.668,7.4107963267949,0.0752344711416873,0.451425490472858,0.545000000000035,0.0449126680517032,-0.265313753350516,-1.52425635864823,6721.70372171605,0.0055125
5.86,0.887244865008666,-0.125638124617676,1.67200000000001,7.44322884477127,0.850146571513012,0.279231704496288,0.199999999999983,0.911785468030717,-0.410666848294341,1.672,7.4307963267949,0.0752152548176432,0.451419425611491,0.544999999999984,0.0449125686013102,-0.229859677716232,-1.52963802442579,6733.45069193449,0.0058996
5.88,0.888738633794269,-0.107804285816393,1.676,7.46317326717481,0.850220166453204,0.279001960922138,0.199999999999977,0.919815906436639,-0.392350223991454,1.676,7.4507963267949,0.0751954106271763,0.451413388069935,0.545,0.0449125292239068,-0.194338838130611,-1.53430697048486,6745.929515433,0.0053185
5.9,0.889881232250428,-0.0899446009595457,1.68,7.48311738022079,0.850287598402962,0.27877265683808,0.199999999999977,0.927478430744036,-0.373876664830236,1.68,7.4707963267949,0.0751749560207305,0.451407380084737,0.544999999999998,0.0449125491076918,-0.158765269346246,-1.53826202267231,6759.12391860996,0.0056119
5.92,0.890672174565185,-0.0720660946338778,1.684,7.5030612129575,0.850348922254404,0.27854388729976,0.199999999999976,0.934769976045349,-0.355253559988043,1.684,7.4907963267949,0.0751539084702027,0.451401403851837,0.545,0.0449126274262674,-0.123153028361702,-1.54150228760523,6773.01754235145,0.005429
5.94,0.891111115756656,-0.0541757997429497,1.688,7.52300479415511,0.850404194822455,0.278315745812551,0.199999999999976,0.941687625819678,-0.336488358458504,1.688,7.5107963267949,0.0751322854720354,0.451395461527367,0.545000000000003,0.0449127633390174,-0.0875161887919662,-1.54402715305992,6787.59395033966,0.0054024
5.96,0.891197851808901,-0.0362807546898803,1.692,7.54294815229686,0.850453474793568,0.278088324313141,0.199999999999977,0.948228613099346,-0.317588566072035,1.692,7.5307963267949,0.075110104534502,0.45138955522038,0.545000000000005,0.0449129559917761,-0.0518688352323438,-1.54583628824819,6802.83663727902,0.005332
5.98,0.890932319751476,-0.0183880005579417,1.696,7.56289131557062,0.850496822674203,0.277861713151754,0.199999999999979,0.954390321576654,-0.298561742493594,1.696,7.5507963267949,0.0750873831610605,0.451383687000454,0.545000000000005,0.0449132045174592,-0.0162250576180372,-1.546929643981,6818.72903704294,0.0054274
6,0.890314597682651,-0.000504578290138073,1.7,7.58283431186056,0.850534300738919,0.277636001075605,0.199999999999981,0.960170286650366,-0.279415498198926,1.7,7.5707963267949,0.0750641388571101,0.45137785889821,0.545000000000005,0.0449135080364561,0.0194010544183239,-1.5473074527192,6835.25453074283,0.0053782
6.02,0.889344904736256,0.0173624741311091,1.704,7.60277716873921,0.85056597297903,0.277411275213305,0.199999999999983,0.965566196411518,-0.260157491430468,1.704,7.5907963267949,0.0750403891165539,0.451372072888298,0.544999999999998,0.0449138656572615,0.0549954171889562,-1.54697022851159,6852.39645470352,0.0056422
6.04,0.888023600992195,0.0352061245030457,1.708,7.62271991345966,0.850591905051036,0.277187621059443,0.199999999999982,0.970575892568149,-0.240795425134159,1.708,7.6107963267949,0.0750161514067954,0.451366330915706,0.544999999999999,0.0449142764770927,0.090543958590743,-1.54591876682005,6870.13810835859,0.0053853
6.06,0.886351187330653,0.05301934921931,1.712,7.64266257294804,0.850612164224774,0.276965122461194,0.199999999999982,0.975197371308593,-0.221337043878359,1.712,7.6307963267949,0.0749914431752035,0.451360634873191,0.545000000000016,0.0449147395823437,0.126032623740349,-1.54415414423201,6888.46276205193,0.0056096
6.08,0.884328305230048,0.0707951360831778,1.716,7.66260517379628,0.850626819332183,0.276743861604847,0.199999999999987,0.979428784102971,-0.201790130756129,1.716,7.6507963267949,0.0749662818312284,0.451354986612481,0.544999999999996,0.0449152540490775,0.16144738060238,-1.54167771806036,6907.35366474774,0.0053731
6.1,0.881955736508821,0.0885264871162047,1.72,7.6825477422551,0.8506359407157,0.276523919003706,0.199999999999986,0.983268438442585,-0.182162504272095,1.72,7.6707963267949,0.0749406847459761,0.451349387940356,0.544999999999998,0.0449158189438182,0.196774225608329,-1.53849112583083,6926.79405164701,0.0057684
6.12,0.879234403011159,0.106206421361144,1.724,7.7024903042272,0.850639600177016,0.276305373486685,0.199999999999985,0.986714798516892,-0.162462015215154,1.724,7.6907963267949,0.0749146692393603,0.451343840618452,0.544999999999999,0.0449164333237949,0.231999189264088,-1.53459628465721,6946.76715170564,0.0053782
6.14,0.876165366236775,0.123827977678021,1.728,7.72243288526075,0.850637870925706,0.276088302187768,0.199999999999985,0.989766485827815,-0.142696543518258,1.728,7.7107963267949,0.0748882525717532,0.451338346365184,0.545000000000012,0.0449170962376043,0.267108341743749,-1.52999539050452,6967.25619505473,0.0052715
6.16,0.872749826914901,0.141384217532248,1.732,7.74237551054314,0.850630827527921,0.275872780536403,0.199999999999989,0.992422279741117,-0.12287399510655,1.732,7.7307963267949,0.074861451951335,0.451332906857237,0.544999999999998,0.0449178067258262,0.302087798467499,-1.52469091734057,6988.2444203251,0.0052171
6.18,0.86898912452265,0.158868227773669,1.736,7.7623182048949,0.8506185458558,0.275658882248808,0.199999999999989,0.994681117974643,-0.103002298735098,1.736,7.7507963267949,0.0748342845106614,0.451327523714579,0.545000000000008,0.0449185638212423,0.336923725661349,-1.5186856161761,7009.71508185796,0.0054066
6.2,0.864884736747958,0.17627312340542,1.74,7.78226099276393,0.850601103036352,0.275446679319478,0.199999999999992,0.996542097023217,-0.0830894028174964,1.74,7.7707963267949,0.0748067673087725,0.451322198529444,0.544999999999996,0.0449193665499162,0.371602345896493,-1.51198251399401,7031.65145682614,0.005252
6.22,0.860438278897298,0.193592050341515,1.744,7.80220389821993,0.850578577400885,0.275236242014742,0.19999999999999,0.998004472520033,-0.0631432722466128,1.744,7.7907963267949,0.0747789173272401,0.451316932836535,0.544999999999997,0.0449202139310595,0.406109943606079,-1.50458491256802,7054.0368522371,0.0054524
6.24,0.855651503248423,0.210818188152032,1.748,7.82214694494912,0.850551048434716,0.275027638865881,0.199999999999989,0.99906765953439,-0.0431718852087287,1.748,7.8107963267949,0.0747507514493643,0.451311728131203,0.544999999999961,0.0449211049780395,0.440432870577189,-1.49649638717132,7076.85461183251,0.0053697
6.26,0.850526298348373,0.227944752794826,1.752,7.84209015624914,0.850518596726516,0.274820936663827,0.199999999999975,0.999731232805658,-0.0231832299923794,1.752,7.8307963267949,0.0747222864749238,0.451306585855307,0.54500000000004,0.0449220386985392,0.474557551415832,-1.48772078517559,7100.08812288085,0.005627
6.28,0.84506468825706,0.244964999332665,1.756,7.86203355502425,0.850481303918727,0.274616200454054,0.199999999999989,0.999994926913375,-0.00318530179313799,1.756,7.8507963267949,0.074693539098829,0.451301507420214,0.545000000000011,0.0449230140953072,0.508470488982767,-1.47826222454115,7123.72082285867,0.0055555
6.3,0.839268831736686,0.261872224634711,1.76,7.88197716378068,0.850439252657608,0.274413493533239,0.199999999999993,0.999858636383415,0.0168139004843497,1.76,7.8707963267949,0.0746645259093344,0.451296494179607,0.544999999999999,0.0449240301667344,0.542158269797988,-1.46812509219865,7147.73620601387,0.0056859
6.32,0.83314102138736,0.278659770061269,1.764,7.90192100462233,0.850392526543712,0.274212877445543,0.199999999999993,0.999322415730172,0.0368063774258269,1.764,7.8907963267949,0.0746352633852908,0.451291547449588,0.545000000000001,0.0449250859068887,0.575607569411705,-1.45731404232309,7172.11782982385,0.0054575
6.34,0.826683682729234,0.295321024130723,1.768,7.92186509924663,0.850341210082766,0.27401441198051,0.199999999999993,0.998386479434759,0.0567841323070781,1.768,7.9107963267949,0.0746057678871664,0.45128666849566,0.545,0.0449261803065229,0.608805157739682,-1.44583399450073,7196.8493213315,0.0054335
6.36,0.819899373231529,0.311849425167602,1.772,7.94180946894063,0.850285388636707,0.273818155171181,0.199999999999993,0.997051201859214,0.0767391742925189,1.772,7.9307963267949,0.0745760556534158,0.451281858534636,0.545000000000007,0.044927312352931,0.641737904360796,-1.43369013178978,7221.91438336786,0.0054252
6.38,0.812790781288848,0.328238463930721,1.776,7.96175413457734,0.850225148375102,0.273624163293037,0.199999999999995,0.995317117096764,0.0966635216314172,1.776,7.9507963267949,0.074546142790604,0.451277118752861,0.54499999999999,0.0449284810315455,0.674392783774698,-1.4208878986755,7247.29680066048,0.0055268
6.4,0.805360725145163,0.34448168622034,1.78,7.98169911661232,0.85016057622672,0.273432490864437,0.199999999999992,0.993184918758193,0.116549204850494,1.78,7.9707963267949,0.0745160452789909,0.451272450279466,0.545000000000012,0.0449296853251487,0.706756880617486,-1.40743299892063,7272.98044581727,0.0053621
6.42,0.79761215176593,0.360572695463304,1.784,8.00164443508046,0.850091759831878,0.273243190646655,0.199999999999996,0.990655459694407,0.136388269941598,1.784,7.9907963267949,0.0744857789521904,0.451267854199193,0.544999999999996,0.0449309242147768,0.738817394833291,-1.39333139331196,7298.94928519195,0.0054386
6.44,0.789548135658755,0.376505155275134,1.788,8.02159010959301,0.850018787494525,0.273056313645187,0.199999999999995,0.987729751655308,0.156172781543212,1.788,8.0107963267949,0.0744553595051934,0.45126333155713,0.545000000000007,0.0449321966808153,0.770561646799723,-1.3785892973039,7325.18738463437,0.0054579
6.46,0.781171877643111,0.39227279199804,1.792,8.04153615933483,0.849941748135217,0.272871909111949,0.199999999999997,0.984408964885101,0.175894826114484,1.792,8.0307963267949,0.0744248024791078,0.451258883349709,0.544999999999998,0.0449335017025466,0.801977082405117,-1.36321317856016,7351.67891511115,0.0055933
6.48,0.772486703569569,0.407869397213847,1.796,8.06148260306182,0.849860731244066,0.272690024547791,0.199999999999997,0.980694427654217,0.195546515100544,1.796,8.0507963267949,0.0743941232670168,0.451254510526298,0.545,0.0449348382588346,0.833051278075562,-1.34720975439428,7378.40815821022,0.0055585
6.5,0.76349606298907,0.423288830230828,1.8,8.08142945909867,0.849775826834496,0.272510705705777,0.199999999999997,0.976587625728023,0.215119988087816,1.8,8.0707963267949,0.0743633371007623,0.451250213999112,0.545000000000005,0.0449362053291735,0.863771945749699,-1.33058598911024,7405.3595115207,0.0054795
6.52,0.754203527772765,0.438525020543457,1.804,8.10137674533673,0.849687125397067,0.272333996595532,0.199999999999999,0.972090201772533,0.234607415948081,1.804,8.0907963267949,0.0743324590526495,0.451245994627621,0.545000000000005,0.0449376018931186,0.894126937799288,-1.31334909124415,7432.51749388598,0.005537
6.54,0.744612790682967,0.453571970264087,1.808,8.1213244792321,0.84959471785397,0.272159939487607,0.200000000000001,0.967203954697364,0.254001003970023,1.808,8.1107963267949,0.0743015040242397,0.451241853233378,0.544999999999994,0.0449390269318177,0.924104251893606,-1.29550651070801,7459.86675053599,0.005447
6.56,0.734727663895799,0.468423756525598,1.812,8.14127267780403,0.849498695513675,0.271988574919119,0.199999999999998,0.961930838936196,0.273292994977013,1.812,8.1307963267949,0.0742704867460556,0.451237790591324,0.544999999999997,0.0449404794273845,0.953692035805702,-1.27706593583687,7487.3920580917,0.005757
6.58,0.724552077476107,0.483074533854036,1.816,8.16122135763342,0.849399150026191,0.271819941699652,0.199999999999997,0.956272963665028,0.29247567242987,1.816,8.1507963267949,0.0742394217744303,0.451233807427783,0.544999999999998,0.044941958364057,0.982878592158609,-1.25803529034049,7515.07832944468,0.0054785
6.6,0.714090077805267,0.497518536510313,1.82,8.18117053486159,0.849296173338805,0.27165407691772,0.199999999999996,0.950232591958529,0.311541363513379,1.82,8.1707963267949,0.0742083234857168,0.451229904432717,0.545000000000015,0.0449434627281524,1.0116523831096,-1.23842273016062,7542.91061851287,0.0053416
6.62,0.7033458259625,0.511750080800024,1.824,8.20112022518923,0.84918985765223,0.271491015948348,0.200000000000002,0.943812139884847,0.330482442205311,1.824,8.1907963267949,0.0741772060713117,0.451226082247085,0.545000000000012,0.0449449915088439,1.04000203497063,-1.21823664023533,7570.87412486524,0.0052334
6.64,0.692323596060347,0.525763567350454,1.828,8.22107044387555,0.849080295377176,0.271330792460738,0.200000000000006,0.937014175539204,0.349291332326736,1.828,8.2107963267949,0.0741460835334769,0.451222341465468,0.545000000000006,0.0449465436984902,1.06791634276313,-1.19748563117158,7598.95419822171,0.0055115
6.66,0.681027773534961,0.539553483353875,1.832,8.2410212057377,0.848967579091402,0.271173438426626,0.200000000000008,0.929841418016701,0.367960510572385,1.832,8.2307963267949,0.0741149696935677,0.451218682651953,0.545000000000005,0.044948118292562,1.09538427470525,-1.17617853582734,7627.13634283353,0.0052908
6.68,0.669462853391905,0.553114404776234,1.836,8.26097252515027,0.848851801497734,0.271018984129896,0.20000000000001,0.922296736324713,0.386482509519879,1.836,8.2507963267949,0.0740838781622566,0.45121510630622,0.545000000000014,0.0449497142906376,1.12239497662991,-1.15432440580472,7655.40622171506,0.0054022
6.7,0.657633438408155,0.566440998530338,1.84,8.28092441604508,0.848733055381541,0.270867458175345,0.200000000000015,0.914383148235319,0.404849920616598,1.84,8.2707963267949,0.0740528223566356,0.451211612901177,0.545000000000012,0.0449513306964546,1.14893777633176,-1.13193250785547,7683.74966077395,0.0054035
6.72,0.645544237291026,0.579528024612685,1.844,8.30087689191114,0.84861143356955,0.270718887499588,0.200000000000019,0.906103819078245,0.423055397142997,1.844,8.2907963267949,0.0740218155004155,0.451208202863947,0.544999999999994,0.044952966518223,1.17500218784133,-1.10901232020016,7712.15265280001,0.0055067
6.74,0.633200062794744,0.592370338203074,1.848,8.32082996579477,0.84848702888933,0.270573297381709,0.200000000000017,0.897462060474762,0.441091657151202,1.848,8.3107963267949,0.0739908705995839,0.451204876571264,0.545000000000025,0.0449546207693482,1.20057791562472,-1.08557352876283,7740.60136132158,0.0054239
6.76,0.62060582979544,0.604962891726158,1.852,8.34078365029995,0.848359934128463,0.270430711454258,0.200000000000026,0.888461329013091,0.45895148637769,1.852,8.3307963267949,0.0739600004574808,0.451201634362166,0.545000000000019,0.0449562924682191,1.22565485870713,-1.0616260233222,7769.08212434742,0.0057004
6.78,0.607766553325306,0.617300736874122,1.856,8.36073795758882,0.848230241994979,0.270291151715311,0.200000000000033,0.879105224865808,0.476627741128899,1.856,8.3507963267949,0.0739292176665075,0.451198476535746,0.545000000000024,0.0449579806393032,1.25022311471856,-1.03717989358133,7797.58145797343,0.005558
6.8,0.594687346566723,0.629379026589666,1.86,8.38069289938241,0.848098045078139,0.270154638540942,0.200000000000041,0.869397490349825,0.494113351138608,1.86,8.3707963267949,0.0738985345988793,0.451195403337395,0.545000000000017,0.0449596843125637,1.27427298386003,-1.01224542515715,7826.08605985812,0.0056265
6.82,0.581373418807141,0.641193017008515,1.864,8.40064848696149,0.847963435809514,0.270021190697629,0.200000000000047,0.859342008429514,0.511401322395952,1.864,8.3907963267949,0.0738679634116749,0.451192414981006,0.545000000000039,0.0449614025245058,1.29779497278886,-0.9868330954914,7854.58281258202,0.0053466
6.84,0.567830073355548,0.652738069360663,1.868,8.42060473116763,0.847826506424946,0.269890825356087,0.200000000000061,0.848942801163572,0.528484739942931,1.868,8.4107963267949,0.0738375160391554,0.451189511631225,0.545000000000026,0.0449631343185267,1.3207797984213,-0.960953569684796,7883.05878686923,0.0053547
6.86,0.554062705421339,0.664009651829603,1.872,8.44056164240443,0.847687348926881,0.269763558104821,0.200000000000071,0.838204028096251,0.545356770640302,1.872,8.4307963267949,0.073807204190317,0.451186693411976,0.545000000000026,0.044964878744444,1.34321839165108,-0.9346176962559,7911.50124468812,0.0052117
6.88,0.540076799956447,0.675003341368794,1.87600000000001,8.46051923063891,0.847546055047288,0.269639402964526,0.20000000000008,0.827129984593597,0.562010665900743,1.876,8.4507963267949,0.0737770393516067,0.451183960403482,0.545000000000019,0.0449666348597163,1.36510190098243,-0.907836502826519,7939.8976422252,0.0054799
6.9,0.525877929461593,0.685714825474642,1.88000000000001,8.48047750540312,0.847402716211364,0.269518372402812,0.200000000000087,0.815725100125357,0.5784397643882,1.88,8.4707963267949,0.0737470327750191,0.451181312641292,0.545000000000034,0.0449684017292396,1.38642169607602,-0.8806211917353,7968.23563272934,0.0055868
6.92,0.511471751757534,0.696139903915281,1.88400000000001,8.50043647579579,0.847257423501459,0.26940047734933,0.200000000000099,0.803993936493257,0.594637494682329,1.884,8.4907963267949,0.0737171954826608,0.451178750124079,0.545000000000047,0.0449701784259005,1.4071693712064,-0.852983135581287,7996.50306923672,0.0055741
6.94,0.49686400772219,0.706274490414478,1.88800000000001,8.52039615048431,0.847110267621867,0.269285727211667,0.200000000000116,0.791941186006336,0.610597377906979,1.888,8.5107963267949,0.0736875382593361,0.451176272798693,0.545000000000072,0.0449719640303519,1.42733674862971,-0.824933872699225,8024.68800716233,0.005434
6.96,0.482060518994565,0.716114614289956,1.89200000000001,8.54035653770669,0.846961338864007,0.269174129891039,0.200000000000142,0.779571669604088,0.626313030321656,1.892,8.5307963267949,0.0736580716583009,0.451173880580049,0.545000000000063,0.0449737576319691,1.44691588186015,-0.796485102568411,8052.77870677837,0.0054574
6.98,0.467067185646372,0.725656422045524,1.89600000000002,8.56031764527383,0.846810727072535,0.269065691799231,0.200000000000165,0.766890334928147,0.641778165874934,1.896,8.5507963267949,0.0736288059907284,0.451171573329638,0.545000000000107,0.0449755583287859,1.46589905885392,-0.767648681156943,8080.76363555552,0.0052255
7,0.451889983822301,0.734896178916339,1.90000000000002,8.58027948057186,0.846658521611716,0.268960417875032,0.200000000000203,0.753902254343305,0.656986598718789,1.9,8.5707963267949,0.0735997513247866,0.451169350869485,0.54500000000009,0.0449773652276681,1.48427880509949,-0.738436616203211,8108.63147039022,0.0056776
7.02,0.436534963349854,0.743830270366706,1.90400000000003,8.60024205056459,0.846504811332457,0.26885831160165,0.200000000000236,0.74061262290862,0.671932245682862,1.904,8.5907963267949,0.0735709174933464,0.451167212982718,0.545000000000128,0.0449791774447555,1.50204788661277,-0.708861062436528,8136.3710997095,0.0051824
7.04,0.421008245319728,0.752455203539811,1.90800000000003,8.62020536179624,0.846349684540347,0.268759375024525,0.200000000000282,0.727026756299476,0.686609128707638,1.908,8.6107963267949,0.0735423140811806,0.451165159407491,0.545000000000158,0.044980994105304,1.51919931283617,-0.678934316738811,8163.97162544741,0.0051101
7.06,0.405316019637683,0.760767608658797,1.91200000000004,8.64016942039417,0.846193228963862,0.268663608769261,0.200000000000339,0.713150088681372,0.701011377235599,1.912,8.6307963267949,0.0735139504320628,0.451163189834972,0.545000000000163,0.0449828143451121,1.53572633944021,-0.648668813249237,8191.42236490517,0.0050437
7.08,0.389464542548901,0.768764240378649,1.91600000000004,8.66013423207185,0.846035531723571,0.268571012059814,0.200000000000397,0.698988170536338,0.715133230559358,1.916,8.6507963267949,0.073485835646573,0.451161303923638,0.545000000000197,0.0449846373087086,1.55162247102675,-0.618077118413844,8218.71285249311,0.005063
7.1,0.373460134135796,0.776441979088315,1.92000000000005,8.68009980213185,0.845876679301924,0.26848158273763,0.200000000000468,0.684546666442806,0.728969040125876,1.92,8.6707963267949,0.0734579785760524,0.451159501278827,0.545000000000213,0.0449864621517576,1.56688146373258,-0.587171925982051,8245.83284134404,0.0049389
7.12,0.357309175790299,0.78379783216257,1.92400000000006,8.70006613546913,0.845716757513504,0.268395317280255,0.200000000000545,0.669831352809865,0.742513271795802,1.924,8.6907963267949,0.0734303878387201,0.451157781478971,0.545000000000286,0.0449882880397108,1.58149732773242,-0.555966051952087,8272.77230482416,0.0055845
7.14,0.341018107661606,0.790828935163115,1.92800000000007,8.72003323657431,0.845555851476615,0.268312210821352,0.200000000000647,0.654848115566765,0.755760508057054,1.928,8.7107963267949,0.0734030717954051,0.451156144041588,0.545000000000311,0.0449901141490862,1.5954643296404,-0.524472429467373,8299.52143790237,0.005116
7.16,0.324593426080426,0.797532552988417,1.93200000000009,8.74000110953712,0.845394045584582,0.268232257169597,0.200000000000759,0.639602947808631,0.768705450191756,1.932,8.7307963267949,0.073376038583473,0.451154588470432,0.545000000000364,0.0449919396667713,1.60877699480885,-0.492704103665873,8326.07065843568,0.005411
7.18,0.308041680960734,0.803906080971852,1.9360000000001,8.75996975805,0.845231423479101,0.268155448829844,0.20000000000089,0.624101947399299,0.78134292039565,1.936,8.7507963267949,0.0733492960908521,0.451153114208889,0.545000000000395,0.0449937637910361,1.62143010952368,-0.460674226484488,8352.41060830395,0.0050747
7.2,0.291369473180078,0.809947045927705,1.94000000000012,8.7799391854118,0.845068068023242,0.268081777022596,0.200000000001032,0.608351314532255,0.793667863849153,1.94,8.7707963267949,0.0733228519723156,0.451151720673732,0.545000000000481,0.0449955857311047,1.63341872309541,-0.428396051420564,8378.53215445628,0.0053899
7.22,0.274583451939488,0.815653107144599,1.94400000000015,8.79990939453156,0.844904061275775,0.268011231705162,0.200000000001205,0.592357349250641,0.805675350739213,1.944,8.7907963267949,0.0732967136559701,0.451150407246994,0.545000000000537,0.0449974047080897,1.64473814984498,-0.395882928252613,8404.42638983446,0.0053473
7.24,0.257690312104021,0.821022057325965,1.94800000000017,8.81988038793248,0.844739484466456,0.267943801592705,0.200000000001399,0.576126448927319,0.817360578231173,1.948,8.8107963267949,0.0732708883391866,0.451149173277351,0.545000000000619,0.0449992199544179,1.65538397098352,-0.363148297722352,8430.08463418235,0.005166
7.26,0.240696791525013,0.826051823477178,1.9520000000002,8.83985216775597,0.844574417971813,0.267879474179573,0.200000000001621,0.55966510570601,0.828718872389835,1.952,8.8307963267949,0.0732453829962303,0.451148018079577,0.545000000000673,0.0450010307143529,1.66535203638546,-0.330205686180191,8455.49843474639,0.0050347
7.28,0.223609668345095,0.830740467738998,1.95600000000024,8.85982473576581,0.844408941291927,0.267818235760816,0.200000000001864,0.542979903904521,0.83974569004898,1.956,8.8507963267949,0.0732202043829187,0.451146940938769,0.545000000000755,0.0450028362447202,1.67463846625412,-0.297068700196303,8480.65956686616,0.0053128
7.3,0.206435758287062,0.835086188166978,1.96000000000028,8.87979809335238,0.84424313302807,0.267760071454077,0.200000000002136,0.526077517381105,0.850436620628564,1.96,8.8707963267949,0.0731953590530047,0.451145941124649,0.54500000000084,0.0450046358140364,1.68323965267918,-0.263751021139445,8505.56003446266,0.0051819
7.32,0.189181911927643,0.839087319456537,1.96400000000032,8.89977224153709,0.844077070861664,0.267704965222245,0.200000000002438,0.50896470686501,0.860787387898902,1.964,8.8907963267949,0.0731708533368329,0.451145017868099,0.545000000000942,0.0450064287037774,1.69115226108542,-0.230266399725679,8530.19207039977,0.0050749
7.34,0.171855011957284,0.842742333613394,1.96800000000037,8.91974718097686,0.843910831533062,0.267652899895284,0.200000000002777,0.491648317252275,0.870793851691091,1.968,8.9107963267949,0.0731466933769024,0.451144170391015,0.545000000001031,0.0450082142078796,1.69837323157215,-0.196628650539188,8554.5481367655,0.0050567
7.36,0.154461970427022,0.846049840569094,1.97200000000043,8.93972291196871,0.84374449082241,0.26760385719346,0.200000000003149,0.474135274867862,0.880452009553034,1.972,8.9307963267949,0.0731228851200332,0.451143397894045,0.545000000001131,0.0450099916332379,1.70489978014267,-0.16285164652737,8578.62092502964,0.0050465
7.38,0.137009725983539,0.849008588741379,1.9760000000005,8.95969943445442,0.843578123530859,0.267557817750155,0.200000000003556,0.456432584695223,0.88975799835036,1.976,8.9507963267949,0.0730994343309023,0.45114269957615,0.545000000001223,0.0450117602996797,1.7107293998235,-0.128949313472412,8602.40335611034,0.00513
7.4,0.119505241093501,0.851617465539173,1.98000000000057,8.97967674802537,0.84341180346297,0.267514761135622,0.200000000003996,0.43854732757439,0.898708095811627,1.98,8.9707963267949,0.0730763465748373,0.451142074608206,0.54500000000131,0.0450135195407174,1.71585986167267,-0.0949356244415599,8625.88858031921,0.0051782
7.42,0.101955499258289,0.853875497811965,1.98400000000066,8.99965485192745,0.843245603409089,0.267474665879695,0.200000000004468,0.420486657369749,0.907298722017184,1.984,8.9907963267949,0.0730536272504205,0.451141522164931,0.545000000001432,0.0450152687026457,1.72028921567687,-0.0608245942182955,8649.06997723135,0.0051939
7.44,0.0843675022202337,0.855781852243423,1.98800000000075,9.01963374506599,0.843079595129671,0.267437509495932,0.200000000004983,0.402257798108573,0.91552644083109,1.988,9.0107963267949,0.0730312815864917,0.451141041422804,0.545000000001514,0.0450170071462099,1.72401579153703,-0.0266302737166566,8671.94115544212,0.0050188
7.46,0.0667482671614561,0.857335835689047,1.99200000000086,9.03961342601092,0.842913849340126,0.267403268505702,0.200000000005528,0.38386804109152,0.923387961275519,1.992,9.0307963267949,0.0730093146398668,0.45114063155295,0.545000000001588,0.0450187342449061,1.72703819934187,0.00763325561907025,8694.4959522242,0.0052993
7.48,0.0491048238964347,0.858536895457747,1.99600000000097,9.05959389300192,0.842748435696215,0.267371918462015,0.2000000000061,0.365324741976202,0.930880138847114,1.996,9.0507963267949,0.0729877312904509,0.451140291732033,0.545000000001696,0.045020449387054,1.72935533012942,0.0419518874270419,8716.72843309102,0.0051884
7.5,0.0314442120594314,0.859384619537196,2.0000000000011,9.07957514395373,0.842583422779884,0.26734343397384,0.20000000000671,0.346635317835026,0.937999976774739,2,9.0707963267949,0.0729665362565191,0.451140021138825,0.545000000001735,0.0450221519744764,1.73096635633609,0.0763114960506894,8738.632891268,0.005252
7.52,0.0137734782878956,0.859878736762886,2.00400000000124,9.09955717646144,0.842418878086344,0.267317788730285,0.200000000007335,0.327807244188458,0.944744627218154,2.004,9.0907963267949,0.0729548485863327,0.451142952033262,0.544999999968754,0.0450239215584255,1.7318707321331,0.110697942169437,8760.20384698817,0.0056675
7.54,-0.0039003304588217,0.860019116822465,2.00800000000128,9.1195399895272,0.842255232506181,0.267295081510776,0.199999999996086,0.30884805201492,0.951111392407109,2.008,9.1107963267949,0.0729317769255296,0.451141953016663,0.544999999993107,0.0450255705373591,1.73206819359872,0.145097078433702,8781.4360469395,0.0058038
7.56,-0.0215701646816885,0.859805770348897,2.01200000000117,9.13952358104949,0.842092079813401,0.267275112677987,0.199999999993605,0.289765324738494,0.957097725720417,2.012,9.1307963267949,0.072909811435856,0.451141332748802,0.544999999999838,0.0450271982702931,1.73155875869062,0.179494755098872,8802.32446113519,0.0057578
7.58,-0.0392289716495541,0.85923884908655,2.01600000000104,9.15950794616503,0.841929512134808,0.267257869857468,0.199999999993546,0.27056669519566,0.96270123270457,2.016,9.1507963267949,0.0728888016203773,0.451140986697205,0.545000000001525,0.0450288448529525,1.73034272745606,0.213876825668538,8822.86428480741,0.0056691
7.6,-0.0568697034702282,0.85831864574051,2.02000000000092,9.17949308043682,0.84176761450328,0.267243334276069,0.199999999994095,0.251259842582255,0.967919672031487,2.02,9.1707963267949,0.0728686276299178,0.451140852643301,0.545000000001845,0.0450304773730933,1.72842068196367,0.248229152535507,8843.0509374434,0.0056202
7.62,-0.0744853197781705,0.857045593870764,2.02400000000081,9.19947897993964,0.841606466057018,0.267231482641008,0.199999999994759,0.231852489381904,0.972750956395014,2.024,9.1907963267949,0.0728491892934657,0.451140885537439,0.545000000001759,0.0450320942407517,1.72579348605625,0.282537612618366,8862.88006154214,0.0059838
7.64,-0.0920687904476573,0.85542026772029,2.02800000000071,9.21946564049349,0.841446140604971,0.26722228864831,0.199999999995393,0.212352398277125,0.977193153345823,2.028,9.2107963267949,0.0728304069917176,0.451141051830276,0.54500000000158,0.0450336948652078,1.72246228499548,0.316788102992428,8882.34752134511,0.0058287
7.66,-0.109613098322178,0.853443381986377,2.03200000000062,9.2394530576421,0.841286707438404,0.267215723603516,0.199999999995961,0.192767369044364,0.981244486064362,2.032,9.2307963267949,0.072812218127542,0.451141326791765,0.545000000001427,0.0450352787231033,1.71842850499783,0.35096654651267,8901.44940150963,0.0067195
7.68,-0.127111241956611,0.851115791536631,2.03600000000055,9.25944122665575,0.841128232011093,0.267211756890123,0.199999999996475,0.173105235434182,0.984903334071561,2.036,9.2507963267949,0.0727945739947207,0.451141692373125,0.545000000001272,0.0450368453140928,1.71369385266095,0.385058897426402,8920.18200572514,0.0059716
7.7,-0.144556238367694,0.848438491069594,2.04000000000048,9.27943014253561,0.84097077649679,0.267210356331206,0.199999999996933,0.153373862037864,0.988168233877,2.04,9.2707963267949,0.0727774371032286,0.451142135525108,0.545000000001147,0.0450383941568534,1.70826031428022,0.419051146973483,8938.54185527782,0.0059573
7.72,-0.161941125788795,0.845412614719996,2.04400000000043,9.29941980001865,0.840814400241155,0.267211488467379,0.199999999997345,0.13358114114169,0.99103787956429,2.044,9.2907963267949,0.0727607789005497,0.451142646857495,0.545000000001037,0.0450399247877807,1.70213015505524,0.452929328971845,8956.52568754047,0.0061024
7.74,-0.179258966425509,0.842039435608667,2.04800000000037,9.31941019358284,0.840659160123423,0.26721511876813,0.199999999997719,0.113734989570117,0.993511123313416,2.048,9.3107963267949,0.0727445779095141,0.451143219624627,0.545000000000977,0.0450414367589873,1.69530591818598,0.486679525386124,8974.13045441183,0.0064523
7.76,-0.196502849208997,0.838320365337219,2.05200000000033,9.33940131745253,0.840505110844115,0.267221211792413,0.19999999999807,0.0938433455191623,0.995586975859855,2.052,9.3307963267949,0.0727288181598297,0.451143848944423,0.545000000000892,0.0450429296376175,1.68779042385887,0.52028787187718,8991.35332067646,0.006693
7.78,-0.213665892544389,0.834256953427617,2.0560000000003,9.35939316560397,0.840352305150272,0.267229731310084,0.199999999998392,0.0739141653812273,0.997264606890266,2.056,9.3507963267949,0.0727134879660994,0.451144531225847,0.545000000000849,0.0450444030055771,1.67958676812276,0.553740563330305,9008.19166231243,0.0062427
7.8,-0.230741247051866,0.829850886706813,2.06000000000027,9.37938573177097,0.84020079401197,0.267240640394357,0.199999999998697,0.0539554205626498,0.998543345374605,2.06,9.3707963267949,0.0726985789346099,0.451145263744262,0.545000000000823,0.0450458564589543,1.6706983216551,0.587023859359913,9024.64306472481,0.0060921
7.82,-0.24772209829835,0.825103988636642,2.06400000000024,9.39937900945062,0.840050626759179,0.267253901492592,0.199999999998994,0.0339750942952423,0.999422679834528,2.064,9.3907963267949,0.0726840851967052,0.451146044347041,0.545000000000819,0.0450472896082894,1.6611287284187,0.620124089788517,9040.70532091526,0.0058169
7.84,-0.264601669517904,0.820018218589186,2.06800000000023,9.41937299190901,0.839901851188015,0.267269476481746,0.199999999999288,0.0139811784431128,0.999902258547975,2.068,9.4107963267949,0.0726700028339664,0.451146871261289,0.545000000000816,0.045048702078688,1.65088190420941,0.653027660097814,9056.3764295906,0.0057466
7.86,-0.28137322431919,0.814595671067847,2.07200000000022,9.43936767218713,0.839754513644064,0.26728732671342,0.199999999999582,-0.0060183296939816,0.999981889689856,2.072,9.4307963267949,0.0726563294668791,0.451147742958172,0.545000000000839,0.0450500935102826,1.6399620350952,0.685721056849699,9071.65459320793,0.0058818
7.88,-0.298030069378456,0.808838574874378,2.07600000000021,9.45936304310675,0.839608659089347,0.267307413051327,0.199999999999884,-0.0260154305794408,0.999661541408774,2.076,9.4507963267949,0.0726430639234084,0.451148658097738,0.54500000000086,0.045051463559369,1.6283735757473,0.718190853075036,9086.5382159525,0.0056653
7.9,-0.314565557116657,0.802749292222142,2.08000000000021,9.47935909727641,0.839464331156147,0.267329695904888,0.200000000000194,-0.0460021256395369,0.998941341839772,2.08,9.4707963267949,0.0726302060489352,0.451149615479734,0.545000000000896,0.0450528118977745,1.61612124766392,0.750423713628035,9101.02590165952,0.0061834
7.92,-0.330973088359397,0.796330317795877,2.08400000000022,9.49935582709753,0.839321572193404,0.26735413525944,0.200000000000516,-0.0659704204627299,0.997821579053074,2.084,9.4907963267949,0.072617756545736,0.451150614052422,0.545000000000916,0.0450541382152736,1.60321003728713,0.782406400504093,9115.11645167585,0.0063321
7.94,-0.347246114978467,0.789584277758264,2.08800000000023,9.51935322477065,0.839180423306873,0.267380690705612,0.200000000000846,-0.0859123279973325,0.996302700938866,2.088,9.5107963267949,0.0726057168666738,0.451151652921589,0.545000000000942,0.0450554422182968,1.58964519401387,0.814125778118954,9128.80886266355,0.0058921
7.96,-0.363378142513787,0.78251392870361,2.09200000000025,9.5393512823018,0.839040924395275,0.267409321467994,0.200000000001185,-0.105819871746218,0.99438531502814,2.092,9.5307963267949,0.0725940891268197,0.451152731353168,0.545000000000932,0.0450567236317048,1.57543222810152,0.845568818547078,9142.10232434409,0.0058664
7.98,-0.379362732774578,0.775122156559,2.09600000000028,9.55934999150897,0.838903114183154,0.267439986432892,0.200000000001521,-0.125685088957318,0.992070188249698,2.096,9.5507963267949,0.072582876010335,0.451153848802788,0.545000000000926,0.0450579821983514,1.56057690846912,0.876722606717101,9154.99621719172,0.0059305
8,-0.39519350641864,0.767411975433274,2.10000000000031,9.5793493440288,0.838767030250305,0.267472644176373,0.200000000001854,-0.145500033808614,0.989358246623382,2.1,9.5707963267949,0.072572038420601,0.451154990407443,0.545000000000945,0.0450592173104645,1.54508526039493,0.907574345562304,9167.4901100717,0.0057425
8.02,-0.410864145492904,0.759386526422946,2.10400000000035,9.59934933131544,0.838632707367926,0.267507252407996,0.200000000002194,-0.16525678058636,0.986250574889684,2.104,9.5907963267949,0.0725616258900225,0.451156171562644,0.545000000000921,0.0450604291656969,1.5289635631115,0.938111361124108,9179.58375782524,0.0059302
8.04,-0.426368395967466,0.751049076358029,2.1080000000004,9.6193499446495,0.838500181051975,0.267543769256389,0.200000000002526,-0.184947426855268,0.982748416075862,2.108,9.6107963267949,0.0725516483816356,0.451157394069144,0.545000000000832,0.0450616176780739,1.51221834729955,0.968321107606792,9191.2770988192,0.005739
8.06,-0.441700070261923,0.74240301648684,2.11200000000046,9.63935117515688,0.838369485988053,0.267582152682326,0.200000000002825,-0.204564096619365,0.978853170998747,2.112,9.6307963267949,0.0725421083368373,0.451158657485229,0.545000000000728,0.0450627825304135,1.49485639248034,0.998191172380644,9202.57025242748,0.0057762
8.08,-0.456853049727113,0.733451861119605,2.11600000000051,9.65935301381483,0.838240655737549,0.26762236040054,0.200000000003087,-0.2240989434723,0.974566397704435,2.116,9.6507963267949,0.072533008326509,0.451159961721407,0.545000000000596,0.0450639235305613,1.47688472430791,1.02770928093172,9213.46351647386,0.0057373
8.1,-0.471821287096458,0.724199246223785,2.12000000000058,9.67935545145544,0.838113722750149,0.267664349915775,0.200000000003302,-0.243544153735791,0.969889810845086,2.12,9.6707963267949,0.0725243507734373,0.451161306899447,0.545000000000433,0.045065040525013,1.45831061176277,1.0568633017564,9223.95736462167,0.0061663
8.12,-0.486598808908658,0.714648927970218,2.12400000000065,9.69935847877212,0.837988718366599,0.267708078549914,0.200000000003458,-0.262891949585002,0.964825280993091,2.124,9.6907963267949,0.072516137685552,0.451162693267281,0.545000000000281,0.0450661333754089,1.43914156424801,1.08564125119876,9234.05244372638,0.005842
8.14,-0.501179717900536,0.704804781230826,2.12800000000072,9.71936208632667,0.837865672811481,0.267753503464977,0.200000000003559,-0.282134592159557,0.959374833892864,2.128,9.7107963267949,0.0725083704105532,0.45116412110167,0.545000000000121,0.0450672019551813,1.41938532858912,1.11403129822879,9243.74957113762,0.0057571
8.16,-0.515558195368901,0.694670798028634,2.13200000000079,9.73936626455618,0.837744615176671,0.267800581682186,0.200000000003603,-0.301264384658992,0.953540649650574,2.132,9.7307963267949,0.0725010494721592,0.451165590647941,0.544999999999938,0.045068246149495,1.39904988593876,1.14202176915967,9253.04973197691,0.00576
8.18,-0.529728503500328,0.684251085940885,2.13600000000086,9.75937100377982,0.837625573398767,0.267849270098906,0.20000000000358,-0.320273675421368,0.94732506186213,2.136,9.7507963267949,0.0724941744164387,0.451167102044683,0.544999999999764,0.0450692658539836,1.3781434485876,1.16960115230195,9261.95407636037,0.0060608
8.2,-0.543684987667834,0.673549866456025,2.14000000000093,9.77937629420545,0.837508574230898,0.26789952550296,0.200000000003495,-0.339154860983835,0.940730556679773,2.14,9.7707963267949,0.0724877437354853,0.451168655296278,0.544999999999634,0.0450702609740982,1.35667445668275,1.19675810255307,9270.46391659803,0.0061489
8.22,-0.557422078693498,0.662571473285371,2.144000000001,9.79938212593597,0.837393643211999,0.267951304586449,0.200000000003364,-0.357900389123914,0.933759771817651,2.144,9.7907963267949,0.0724817548522732,0.451170250221778,0.544999999999479,0.0450712314243212,1.33465157485489,1.22348144592015,9278.58072435282,0.0063027
8.24,-0.570934295076113,0.651320350630224,2.14800000000106,9.81938848897556,0.837280804636,0.268004563958123,0.200000000003176,-0.376502761880283,0.926415495496766,2.148,9.8107963267949,0.0724762041433184,0.451171886454882,0.544999999999363,0.045072177128402,1.31208368875565,1.24976018397442,9286.30612777364,0.0062769
8.26,-0.584216245183037,0.639801051405227,2.15200000000113,9.83939537323561,0.837170081522428,0.268059260156429,0.200000000002947,-0.394954538551871,0.918700665329725,2.152,9.8307963267949,0.0724710869964957,0.45117356343121,0.544999999999254,0.0450730980185058,1.28897990150658,1.27558349823541,9293.64190858997,0.0060871
8.28,-0.59726262940546,0.628018235418714,2.15600000000118,9.85940276854055,0.837061495589816,0.26811534966266,0.200000000002679,-0.413248338674028,0.91061836714573,2.156,9.8507963267949,0.072466397939654,0.451175280384588,0.544999999999194,0.0450739940356581,1.26534953006118,1.30094075448328,9300.5899991888,0.0063688
8.3,-0.610068242276321,0.615976667510831,2.16000000000123,9.87941066463341,0.836955067234711,0.268172788914482,0.200000000002388,-0.431376844970621,0.902171833756293,2.16,9.8707963267949,0.0724621307345533,0.451177036378131,0.544999999999155,0.0450748651296001,1.24120210148147,1.32582150699741,9307.15247965549,0.0061047
8.32,-0.622627974550172,0.603681215650153,2.16400000000128,9.89941905118132,0.836850815514885,0.26823153432117,0.200000000002084,-0.449332806280839,0.893364443662152,2.164,9.8907963267949,0.0724582785434873,0.451178830289737,0.544999999999112,0.0450757112587972,1.21654734913059,1.35021550271975,9313.33157479379,0.0061477
8.34,-0.634936815244284,0.591136848989553,2.16800000000132,9.91942791778072,0.836748758139606,0.268291542278523,0.200000000001764,-0.467109040459569,0.884199719701913,2.168,9.9107963267949,0.0724548340700727,0.451180660871873,0.544999999999127,0.0450765323910111,1.19139520878297,1.37411268534127,9319.12965113151,0.0064779
8.36,-0.646989853640314,0.578348635882052,2.17200000000135,9.93943725396259,0.836648911465906,0.268352769186395,0.20000000000145,-0.484698437250152,0.874681327642965,2.172,9.9307963267949,0.0724517897028811,0.45118252674627,0.544999999999121,0.0450773285031281,1.16575581465367,1.39750319930971,9324.54921389317,0.0060196
8.38,-0.65878228124587,0.565321741857381,2.17600000000137,9.95944704919751,0.836551290500926,0.268415171465986,0.200000000001133,-0.502093961128397,0.864813074715222,2.176,9.9507963267949,0.0724491376415705,0.451184426431122,0.544999999999152,0.0450780995814884,1.13963949534846,1.42037739375727,9329.59290395629,0.006513
8.4,-0.670309393715287,0.552061427560011,2.18000000000139,9.9794572929006,0.836455908909596,0.268478705578106,0.200000000000828,-0.519288654116686,0.854598908088281,2.18,9.9707963267949,0.0724468700370512,0.45118635837869,0.544999999999187,0.0450788456222104,1.11305676973617,1.44272582634659,9334.26349480238,0.0060387
8.42,-0.681566592728956,0.538573046649389,2.18400000000141,9.99946797443645,0.836362779028182,0.268543328042721,0.200000000000535,-0.536275638567084,0.844042913292604,2.184,9.9907963267949,0.0724449790778263,0.451188320978525,0.544999999999241,0.0450795666312041,1.08601834274515,1.46453926703344,9338.56388943495,0.0060917
8.44,-0.692549387830526,0.524862043663149,2.18800000000141,10.019479083124,0.836271911881507,0.26860899545823,0.200000000000262,-0.553048119912302,0.833149312585366,2.188,10.0107963267949,0.0724434570770107,0.451190312581952,0.544999999999303,0.0450802626244133,1.05853510108532,1.4858087017447,9342.49711729287,0.0059797
8.46,-0.7032533982213,0.510933951844086,2.19200000000142,10.0394906082413,0.836183317203854,0.268675664521267,0.200000000000011,-0.569599389383433,0.821922463261602,2.192,10.0307963267949,0.0724422965450648,0.451192331517026,0.544999999999341,0.0450809336278089,1.03061810889761,1.5065253359702,9346.06633115145,0.0059509
8.48,-0.713674354511152,0.496794390931688,2.19600000000141,10.0595025390302,0.836097003462944,0.268743292046564,0.199999999999774,-0.585922826693367,0.810366855911355,2.196,10.0507963267949,0.0724414902365311,0.451194376107375,0.544999999999427,0.0450815796776779,1.00227860333248,1.5266805982668,9349.27480401316,0.0062736
8.5,-0.723808100425281,0.482449064919052,2.20000000000141,10.0795148647016,0.836012977885936,0.268811834986974,0.199999999999568,-0.602011902684824,0.79848711262349,2.2,10.0707963267949,0.0724410311598815,0.451196444669131,0.54499999999951,0.0450822008203516,0.973527990059324,1.54626614367356,9352.12592597708,0.0061689
8.52,-0.733650594466126,0.467903759776022,2.2040000000014,10.0995275744393,0.835931246485945,0.268881250452706,0.199999999999391,-0.617860181941925,0.786287985136929,2.204,10.0907963267949,0.0724409126160456,0.451198535544075,0.54499999999957,0.0450827971124615,0.944377838708423,1.56527385703644,9354.62320112172,0.0062342
8.54,-0.743197911529763,0.453164341139422,2.20800000000138,10.1195406574056,0.835851814090228,0.268951495731264,0.199999999999236,-0.633461325364276,0.773774352940012,2.208,10.1107963267949,0.0724411281764181,0.451200647068264,0.544999999999661,0.0450833686208005,0.914839878247416,1.58369585624128,9356.77024435381,0.006009
8.56,-0.752446244476129,0.438236751971272,2.21200000000137,10.1395541027453,0.835774684367585,0.269022528305393,0.199999999999114,-0.648809092702519,0.760951221318774,2.212,10.1307963267949,0.0724416716946097,0.451202777619658,0.544999999999684,0.0450839154221289,0.884925992293973,1.60152449535378,9358.57077828156,0.0057587
8.58,-0.761391905652402,0.423127010185895,2.21600000000135,10.1595678995909,0.835699859856337,0.269094305872335,0.199999999999001,-0.663897345054353,0.74782371935489,2.216,10.1507963267949,0.0724425372683321,0.451204925590596,0.544999999999753,0.0450844376033427,0.854648214366622,1.6187523676651,9360.02863005678,0.005648
8.6,-0.770031328368916,0.407841206246845,2.22000000000133,10.179582037067,0.835627341990862,0.26916678636126,0.199999999998912,-0.678720047320012,0.734397097874113,2.22,10.1707963267949,0.0724437192238335,0.451207089397922,0.544999999999812,0.0450849352611507,0.824018723075577,1.63537230864203,9361.14772822895,0.0058295
8.62,-0.77836106832696,0.392385500734612,2.2240000000013,10.1995965042948,0.835557131127607,0.269239927950479,0.199999999998844,-0.693271270616225,0.720676727346017,2.224,10.1907963267949,0.0724452120954919,0.451209267496086,0.544999999999923,0.0450854085020335,0.793049837255504,1.65137739878039,9361.93209960002,0.0057848
8.64,-0.786377804997867,0.376766121886059,2.22800000000128,10.2196112903971,0.835489226570357,0.269313689084589,0.199999999998816,-0.707545194647683,0.706668095735878,2.228,10.2107963267949,0.0724470105819359,0.45121145836563,0.544999999999865,0.0450858574420636,0.761754011042126,1.6667609663606,9362.38586606808,0.0063917
8.66,-0.7940783429528,0.360989363106596,2.23200000000126,10.2396263845023,0.835423626593847,0.26938802849053,0.199999999998768,-0.721536110035093,0.69237680630956,2.232,10.2307963267949,0.0724491095205414,0.451213660510064,0.544999999999941,0.0450862822067007,0.73014382889467,1.68151659010426,9362.51324147738,0.0092401
8.68,-0.801459613142659,0.345061580456067,2.23600000000123,10.2596417757498,0.835360328466426,0.269462905192965,0.199999999998747,-0.735238420598841,0.677808575392287,2.236,10.2507963267949,0.0724515038625115,0.451215872474113,0.544999999999983,0.0450866829307688,0.698232000566102,1.69563810173071,9362.3185284774,0.006224
8.7,-0.808518674127573,0.328989190109388,2.24000000000121,10.2796574532934,0.835299328471816,0.269538278529881,0.199999999998741,-0.7486466455974,0.662969230082182,2.24,10.2707963267949,0.0724541886442669,0.451218092830118,0.545000000000003,0.0450870597580944,0.666031356023183,1.70911958841247,9361.80611537779,0.006583
8.72,-0.815252713255437,0.31277866579294,2.24400000000118,10.2996734063067,0.835240621929801,0.269614108167116,0.199999999998742,-0.76175542191954,0.647864705919518,2.244,10.2907963267949,0.0724571589512728,0.451220320174342,0.545000000000038,0.0450874128414271,0.633554840318355,1.72195539512869,9360.98047300682,0.0068161
8.74,-0.821659047789013,0.296436536197768,2.24800000000116,10.3196896239872,0.835184203215564,0.269690354112254,0.199999999998755,-0.774559506229517,0.632501044512566,2.248,10.3107963267949,0.0724604099062313,0.451222553142855,0.545000000000065,0.0450877423422767,0.600815508415517,1.7341401269155,9359.8461515867,0.0064313
8.76,-0.827735125981096,0.279969382370628,2.25200000000114,10.3397060955604,0.835130065778616,0.269766976728731,0.199999999998779,-0.787053777064324,0.616884391121045,2.252,10.3307963267949,0.0724639366417792,0.451224790390506,0.5450000000001,0.0450880484305514,0.567826519971757,1.74566865101256,9358.40777760411,0.0065975
8.78,-0.833478528097313,0.263383835083945,2.25600000000111,10.3597228102845,0.835078202160726,0.269843936748635,0.199999999998815,-0.799233236882215,0.60102099219809,2.256,10.3507963267949,0.0724677342863145,0.451227030610723,0.545000000000108,0.0450883312846125,0.534601134077113,1.75653609890469,9356.670050701,0.0062104
8.8,-0.83888696738611,0.246686572185739,2.26000000000109,10.3797397574546,0.835028604013346,0.269921195285919,0.199999999998854,-0.811093014061656,0.584917192891762,2.26,10.3707963267949,0.0724717979452342,0.451229272524333,0.545000000000214,0.0450885910907736,0.501152703954487,1.76673786825797,9354.63774056719,0.0063058
8.82,-0.843958290995533,0.2298843159306,2.26400000000106,10.3997569264066,0.834981262114371,0.269998713848751,0.199999999998931,-0.8226283648499,0.56857943450707,2.264,10.3907963267949,0.0724761226902728,0.451231514877234,0.545000000000147,0.0450888280434857,0.467494671621818,1.77626962474949,9352.31568384745,0.006055
8.84,-0.84869048083642,0.212983830292782,2.26800000000104,10.4197743065218,0.834936166384534,0.27007645435139,0.199999999998984,-0.833834675260437,0.552014251929533,2.268,10.4107963267949,0.0724807035563584,0.451233756446349,0.54500000000016,0.0450890423446409,0.433640562518657,1.78512730378989,9349.70878106427,0.0065226
8.86,-0.853081654391643,0.195991918262516,2.27200000000102,10.4397918872305,0.834893305903739,0.270154379125944,0.199999999999042,-0.844707462918517,0.535228271011316,2.272,10.4307963267949,0.0724855355196724,0.45123599603651,0.545000000000154,0.04508923420382,0.399603980099285,1.79330711213813,9346.82199354714,0.0063637
8.88,-0.85713006547108,0.178915419126623,2.27600000000101,10.4598096580165,0.834852668926573,0.270232450933642,0.199999999999097,-0.855242378854046,0.518228205920975,2.276,10.4507963267949,0.0724906135101902,0.451238232482796,0.545000000000204,0.0450894038379171,0.365398600394555,1.80080552940782,9343.66034038662,0.0061449
8.9,-0.860834104911995,0.161761205734527,2.28000000000099,10.4798276084206,0.834814242898374,0.270310632975857,0.19999999999917,-0.865435209241112,0.501020856457885,2.28,10.4707963267949,0.0724959323924921,0.451240464642466,0.545000000000211,0.0450895514707504,0.331038166544621,1.8076193094644,9340.22889539333,0.006078
8.92,-0.864192301224551,0.144536181750777,2.28400000000097,10.4998457280447,0.834778014470576,0.270388888904438,0.199999999999246,-0.875281877083464,0.4836131053324,2.284,10.4907963267949,0.0725014869742346,0.45124269140002,0.545000000000173,0.0450896773331833,0.296536483304748,1.81374548171281,9336.53278408316,0.0059809
8.94,-0.867203321182194,0.127247278895175,2.28800000000096,10.5198640065558,0.834743969516428,0.270467182831942,0.199999999999309,-0.884778443845253,0.466011915412871,2.288,10.5107963267949,0.0725072720065909,0.451244911671248,0.545000000000195,0.045089781662695,0.261907411526404,1.81918135227486,9332.57718067976,0.0060416
8.96,-0.869865970356665,0.10990145417163,2.29200000000094,10.539882433689,0.834712093146762,0.270545479341681,0.199999999999379,-0.893921111026392,0.448224326940585,2.292,10.5307963267949,0.0725132821776494,0.451247124394139,0.545000000000224,0.0450898647032034,0.227164862615846,1.8239245050561,9328.36730513049,0.0059111
8.98,-0.872179193597429,0.0925056870868399,2.29600000000093,10.5599009992522,0.834682369725517,0.270623743497069,0.199999999999459,-0.90270622168191,0.430257454713769,2.296,10.5507963267949,0.0725195121140201,0.451249328529535,0.545000000000204,0.0450899267049904,0.19232279297241,1.8279728027016,9323.90842014658,0.0061412
9,-0.87414207545533,0.0750669768599405,2.30000000000092,10.5799196931287,0.834654782885343,0.270701940850673,0.199999999999533,-0.911130261884677,0.412118485241757,2.3,10.5707963267949,0.0725259564001091,0.451251523071983,0.545000000000212,0.0450899679243209,0.157395198408746,1.83132438744023,9319.20582827252,0.0059863
9.02,-0.875753840550299,0.0575923396242178,2.30400000000091,10.5999385052812,0.834629315543984,0.270780037453387,0.199999999999609,-0.919189862130932,0.393814673870488,2.304,10.5907963267949,0.0725326095566332,0.451253707030852,0.545000000000228,0.0450899886233263,0.122396108555221,1.83397768181726,9314.2648689603,0.0060099
9.04,-0.877013853882977,0.0400888056220221,2.30800000000091,10.6199574257551,0.834605949919791,0.270857999862494,0.199999999999691,-0.926881798688036,0.375353341880461,2.308,10.6107963267949,0.072539466065359,0.451255879445123,0.545000000000202,0.0450899890697952,0.0873395812507338,1.83593138931485,9309.09091568614,0.0060615
9.06,-0.877921621090123,0.0225634163940071,2.3120000000009,10.6399764446819,0.834584667548221,0.270935795150025,0.199999999999764,-0.934202994883924,0.356741873558329,2.312,10.6307963267949,0.0725465203544783,0.451258039372733,0.545000000000216,0.0450899695370131,0.0522396969221951,1.83718449486017,9303.68937307619,0.0059641
9.08,-0.878476788643705,0.00502322196381906,2.3160000000009,10.6599955522823,0.834565449297719,0.27101339091035,0.199999999999842,-0.941150522337732,0.337987713243268,2.316,10.6507963267949,0.0725537668208082,0.4512601858968,0.545000000000212,0.0450899303033842,0.0171105529549096,1.83773626522108,9298.06567407057,0.0059936
9.1,-0.878679143993607,-0.0125247219806332,2.32000000000089,10.6800147388695,0.834548275386474,0.271090755267707,0.199999999999918,-0.947721602131112,0.319098362349352,2.32,10.6707963267949,0.0725611998298916,0.451262318125656,0.545000000000215,0.045089871652575,-0.0180337419438731,1.83758624928908,9292.22527710812,0.0059728
9.12,-0.878528615653887,-0.0300733569082045,2.32400000000089,10.7000339948521,0.834533125399127,0.271167856883411,0.199999999999995,-0.953913605919759,0.300081376365083,2.324,10.6907963267949,0.072568813700963,0.451264435187987,0.545000000000221,0.0450897938727329,-0.053179073385989,1.83673427824945,9286.17366333144,0.0059669
9.14,-0.878025273232552,-0.0476156242666969,2.32800000000089,10.7200533107373,0.834519978302839,0.271244664962535,0.200000000000075,-0.959724056984716,0.280944361831302,2.328,10.7107963267949,0.0725766027437433,0.45126653622956,0.545000000000185,0.0450896972570516,-0.0883113269457103,1.83518046563853,9279.91633383503,0.0059717
9.16,-0.877169327404848,-0.0651444683050724,2.3320000000009,10.7400726771336,0.834508812464777,0.271321149260142,0.200000000000142,-0.965150631223029,0.261694973298663,2.332,10.7307963267949,0.0725845612401124,0.451268620421764,0.545000000000212,0.0450895821028296,-0.123416393803157,1.83292520728815,9273.45880693053,0.0060558
9.18,-0.875961129830081,-0.0826528388945705,2.3360000000009,10.760092084754,0.834499605668798,0.271397280087539,0.200000000000218,-0.970191158077357,0.242340910265924,2.336,10.7507963267949,0.0725926834516422,0.45127068695323,0.545000000000213,0.0450894487118616,-0.158480176385513,1.82996918115713,9266.80661544446,0.0060207
9.2,-0.874401173011987,-0.100133694347593,2.3400000000009,10.7801115244182,0.834492335132363,0.271473028317874,0.200000000000295,-0.974843621404164,0.222889914100246,2.34,10.7707963267949,0.0726009636308499,0.451272735042668,0.545000000000212,0.0450892973897424,-0.19348859400378,1.82631334705001,9259.96530405257,0.0060395
9.22,-0.872490090102719,-0.117580004233234,2.34400000000091,10.8001309870556,0.834486977523831,0.271548365391948,0.200000000000371,-0.97910616028015,0.203349764940756,2.344,10.7907963267949,0.0726093960213234,0.451274763914065,0.545000000000198,0.0450891284460611,-0.228427588482826,1.82195894622308,9252.94042663473,0.0061264
9.24,-0.870228654650541,-0.134984752188319,2.34800000000092,10.8201504637079,0.834483508979662,0.271623263322667,0.200000000000442,-0.982977069746599,0.183728278586583,2.348,10.8107963267949,0.0726179750011396,0.451276772867755,0.545000000000229,0.0450889421952522,-0.263283129782464,1.81690750087787,9245.73754367651,0.0063222
9.26,-0.867617780291299,-0.152340938722901,2.35200000000093,10.8401699455315,0.834481905127261,0.271697694702074,0.200000000000525,-0.986454801491336,0.164033303370653,2.352,10.8307963267949,0.0726266948878804,0.451278761203173,0.545000000000203,0.0450887389544069,-0.298041221607308,1.81116081354231,9238.36221968244,0.0061219
9.28,-0.864658520383812,-0.169641584019052,2.35600000000094,10.8601894237997,0.834482141099924,0.271771632704787,0.200000000000598,-0.989537964468031,0.144272717020457,2.356,10.8507963267949,0.0726355495675578,0.451280728093368,0.545000000000197,0.0450885190402698,-0.332687907003175,1.80472096633982,9230.82002065158,0.0059017
9.3,-0.861352067589369,-0.186879730721587,2.36000000000095,10.8802088899055,0.834484191536826,0.27184505108615,0.200000000000669,-0.992225325452603,0.124454423507062,2.36,10.8707963267949,0.0726445333408601,0.451282672860565,0.545000000000231,0.045088282776331,-0.367209273937781,1.79759032014654,9223.1165115588,0.0059221
9.32,-0.857699753395476,-0.204048446719822,2.36400000000097,10.9002283353633,0.834488030616752,0.271917924191657,0.200000000000752,-0.994515809536489,0.104586349883635,2.364,10.8907963267949,0.0726536405084848,0.451284594846534,0.54500000000019,0.0450880304893,-0.401591460863494,1.78977151363722,9215.25725388804,0.0060395
9.34,-0.853703047584005,-0.221140827919404,2.36800000000098,10.9202477518111,0.834493632075125,0.271990226960359,0.20000000000082,-0.996408500556594,0.0846764431147214,2.368,10.9107963267949,0.072662865380767,0.451286493410279,0.545000000000188,0.0450877625082646,-0.43582066225994,1.78126746221991,9207.24780319665,0.0061237
9.36,-0.849363557643987,-0.238150001002948,2.372000000001,10.9402671310129,0.834500969221282,0.272061934927876,0.200000000000888,-0.997902641461745,0.0647326668975659,2.372,10.9307963267949,0.0726722022866518,0.451288367930675,0.545000000000224,0.0450874791640284,-0.469883134154207,1.77208135686007,9199.09370671749,0.0062124
9.38,-0.844683028129287,-0.255069126178371,2.37600000000102,10.9602864648603,0.83451001495597,0.272133024229241,0.200000000000969,-0.998997634615504,0.0447629984767403,2.376,10.9507963267949,0.0726816455697268,0.451290217795854,0.545000000000192,0.0450871807901971,-0.503765199616477,1.76221666279452,9190.80050099062,0.0065461
9.4,-0.839663339961412,-0.271891399913823,2.38000000000104,10.9803057453747,0.83452074178853,0.272203471600997,0.200000000001038,-0.999693042035206,0.0247754254533578,2.38,10.9707963267949,0.0726911896057739,0.451292042421091,0.545000000000196,0.0450868677225212,-0.537453254228855,1.75167711813563,9182.37370954478,0.0060682
9.42,-0.83430650967774,-0.288610057658135,2.38400000000106,11.0003249647088,0.834533121854645,0.272273254383741,0.200000000001108,-0.999988585567158,0.00477794259012851,2.384,10.9907963267949,0.0727008287916101,0.451293841234674,0.54500000000019,0.0450865402984446,-0.570933771525217,1.74046673236646,9173.81884060151,0.0062964
9.44,-0.828614688625464,-0.305218376545674,2.38800000000108,11.0203441151485,0.834547126933481,0.272342350523771,0.200000000001177,-0.999884146997886,-0.0152214513864317,2.388,11.0107963267949,0.0727105575717159,0.45129561368958,0.545000000000186,0.0450861988576508,-0.604193308399912,1.72858978472743,9165.1413848341,0.006974
9.46,-0.822590162101572,-0.321709678084545,2.39200000000111,11.0403631891147,0.83456272846573,0.272410738574931,0.200000000001243,-0.999379768101426,-0.0352147569853874,2.392,11.0307963267949,0.0727203704166703,0.451297359260367,0.545000000000163,0.0450858437411663,-0.637218510483124,1.71605082249501,9156.34681314882,0.0062278
9.48,-0.816235348439218,-0.33807733082706,2.39600000000113,11.0603821791642,0.83457989757063,0.272478397700014,0.200000000001302,-0.998475650622611,-0.0551939771510745,2.396,11.0507963267949,0.0727302618472924,0.451299077437757,0.545000000000186,0.045085475291634,-0.669996117480778,1.70285465915334,9147.44057451665,0.0060711
9.5,-0.809552798040825,-0.35431475302139,2.40000000000116,11.0804010779922,0.834598605063775,0.272545307671649,0.200000000001369,-0.997172156196378,-0.0751511204618093,2.4,11.0707963267949,0.0727402264315567,0.451300767741566,0.545000000000138,0.0450850938531202,-0.702512968476821,1.68900637245939,9138.42809384226,0.0059349
9.52,-0.802545192358337,-0.370415415243365,2.40400000000119,11.1004198784326,0.834618821474631,0.272611448873429,0.200000000001419,-0.995469806203119,-0.095078204326361,2.404,11.0907963267949,0.0727502587862813,0.451302429709789,0.545000000000067,0.0450846997706177,-0.734756007195772,1.67451130240233,9129.31476986839,0.0062792
9.54,-0.795215342821005,-0.386372843007348,2.40800000000122,11.12043857346,0.834640517063925,0.272676802300292,0.200000000001443,-0.993369281560131,-0.114967258176875,2.408,11.1107963267949,0.0727603535834511,0.451304062903418,0.54500000000015,0.045084293390323,-0.766712287223438,1.65937504905824,9120.10597312539,0.0059172
9.56,-0.787566189711134,-0.402180619355147,2.41200000000124,11.140457156191,0.834663661841116,0.27274134955881,0.200000000001497,-0.990871422449267,-0.134810326656995,2.412,11.1307963267949,0.072770505554506,0.4513056669099,0.545000000000126,0.0450838750593618,-0.798368977183689,1.64360347034065,9110.80704392088,0.0060541
9.58,-0.779600800988266,-0.417832387421932,2.41600000000127,11.1604756198848,0.834688225581832,0.272805072867328,0.200000000001542,-0.987977227980866,-0.154599472803899,2.416,11.1507963267949,0.0727807094995139,0.451307241346744,0.545000000000108,0.0450834451253189,-0.829713365869238,1.62720267964807,9101.42329037282,0.0061944
9.6,-0.771322371062223,-0.433321852978121,2.4200000000013,11.1804939579445,0.834714177845487,0.272867955055973,0.200000000001581,-0.984687855794127,-0.17432678122298,2.42,11.1707963267949,0.0727909602613809,0.45130878583883,0.545000000000114,0.0450830039364493,-0.860732867324358,1.61017904340932,9091.95998646629,0.0060412
9.62,-0.762734219515552,-0.448642786946224,2.42400000000134,11.2005121639187,0.834741487991657,0.272929979565428,0.200000000001622,-0.981004621594066,-0.193984361253897,2.424,11.1907963267949,0.0728012527762247,0.45131030006072,0.545000000000016,0.0450825518417726,-0.891415025877514,1.59253917852772,9082.42237018865,0.0059723
9.64,-0.753839789775841,-0.463789027891631,2.42800000000137,11.2205302315013,0.83477012519828,0.272991130447194,0.200000000001628,-0.976928998625256,-0.213564350126737,2.428,11.2107963267949,0.0728115820376497,0.451311783697884,0.545000000000014,0.0450820891897483,-0.921747521121881,1.57428994972508,9072.8156416666,0.0059781
9.66,-0.744642647738448,-0.478754484486356,2.4320000000014,11.2405481545333,0.834800058478205,0.273051392361947,0.200000000001633,-0.97246261708254,-0.233058916107014,2.432,11.2307963267949,0.0728219431112677,0.45131323647388,0.544999999999974,0.0450816163299825,-0.951718172841766,1.55543846678664,9063.14496137121,0.0063024
9.68,-0.735146480340209,-0.493533137944734,2.43600000000144,11.2605659270033,0.834831256696116,0.273110750578769,0.200000000001623,-0.967607263458988,-0.252460261628258,2.436,11.2507963267949,0.0728323311404617,0.451314658129978,0.544999999999959,0.045081133611364,-0.981314945882955,1.53599208170797,9053.41544835409,0.0075553
9.7,-0.725355094084664,-0.508119044430112,2.44000000000147,11.2805835430481,0.834863688585475,0.273169190973234,0.200000000001608,-0.96236487983131,-0.271760626410942,2.44,11.2707963267949,0.0728427413406,0.451316048445962,0.544999999999934,0.0450806413826801,-1.01052595496504,1.51595838574507,9043.63217853113,0.0063496
9.72,-0.715272413519426,-0.522506337431552,2.4440000000015,11.3006009969532,0.834897322765004,0.273226700026125,0.200000000001585,-0.956737563083061,-0.290952290566489,2.444,11.2907963267949,0.0728531690103171,0.451317407222904,0.544999999999909,0.0450801399927713,-1.03933946943378,1.49534520636876,9033.80018300681,0.0063374
9.74,-0.704902479666269,-0.536689230109603,2.44800000000153,11.3206182831538,0.834932127755404,0.273283264821154,0.200000000001552,-0.950727564065908,-0.310027577685123,2.448,11.3107963267949,0.0728636095219079,0.451318734301401,0.5449999999999,0.0450796297899714,-1.06774391795166,1.47416060412464,9023.92444644251,0.0063708
9.76,-0.694249448404585,-0.550662017610203,2.45200000000156,11.340635396235,0.834968071995465,0.273338873043176,0.200000000001515,-0.944337286699328,-0.328978857906327,2.452,11.3307963267949,0.0728740583259599,0.451320029539119,0.544999999999869,0.0450791111216678,-1.09572789312461,1.45241286939982,9014.00990546354,0.0060925
9.78,-0.683317588808843,-0.564419079345764,2.45600000000159,11.3606523309322,0.835005123858129,0.273393512975232,0.200000000001469,-0.937569287009064,-0.347798550970695,2.456,11.3507963267949,0.0728845109523923,0.451321292837957,0.544999999999809,0.0450785843350481,-1.12328015606331,1.43011051909782,9004.0614471185,0.0064112
9.8,-0.672111281440731,-0.577954881242548,2.46000000000162,11.3806690821318,0.835043251666367,0.273447173496477,0.2000000000014,-0.930426272104754,-0.366479129251927,2.46,11.3707963267949,0.0728949630083192,0.45132252412224,0.544999999999798,0.0450780497760431,-1.15038964087687,1.4072622932228,8994.08390737194,0.0062323
9.82,-0.660635016596642,-0.591263977953411,2.46400000000165,11.400685644871,0.835082423708742,0.273499844078948,0.200000000001327,-0.922911099097119,-0.385013120767783,2.464,11.3907963267949,0.0729054101780039,0.451323723341557,0.544999999999733,0.0450775077899586,-1.17704545909753,1.38387715137465,8984.08206964495,0.0065176
9.84,-0.648893392511238,-0.604341015035039,2.46800000000168,11.4207020143383,0.835122608254726,0.273551514784229,0.200000000001231,-0.915026773955164,-0.40339311216877,2.468,11.4107963267949,0.0729158482233168,0.451324890488092,0.544999999999725,0.0450769587207852,-1.20323690403419,1.35996426915629,8974.06066340362,0.0063587
9.86,-0.636891113517783,-0.617180731088792,2.4720000000017,11.4407181858738,0.835163773569811,0.273602176260603,0.200000000001132,-0.906776450303821,-0.421611751703392,2.472,11.4307963267949,0.0729262729716571,0.451326025568968,0.54499999999967,0.0450764029112307,-1.2289534550533,1.33553303449453,8964.0243627772,0.0062779
9.88,-0.624632988166002,-0.6297779598643,2.47600000000172,11.4607341549691,0.835205887929884,0.273651819738845,0.200000000001013,-0.898163428162547,-0.439661752158748,2.476,11.4507963267949,0.0729366803276219,0.451327128631055,0.544999999999665,0.0450758407026259,-1.25418478178533,1.31059304387612,8953.97778523762,0.006338
9.9,-0.612123927298215,-0.642127632324962,2.48000000000174,11.4807499172673,0.835248919635846,0.273700437028833,0.200000000000893,-0.889191152625361,-0.457535893775321,2.48,11.4707963267949,0.0729470662658067,0.451328199742961,0.544999999999615,0.045075272434945,-1.27892074825506,1.28515409850038,8943.92549030926,0.0062735
9.92,-0.599368942084525,-0.654224778674522,2.48400000000176,11.500765468563,0.835292837027687,0.273748020515209,0.200000000000754,-0.879863212482849,-0.47522702713478,2.484,11.4907963267949,0.0729574268194074,0.451329238997155,0.54499999999959,0.0450746984462978,-1.30315141693417,1.25922620034996,8933.87197832412,0.0065659
9.94,-0.586373142017844,-0.666064530343905,2.48800000000177,11.5207808048023,0.835337608497871,0.27379456315293,0.200000000000606,-0.870183338786697,-0.49272807601966,2.488,11.5107963267949,0.0729677580850573,0.451330246512686,0.544999999999579,0.045074119072789,-1.32686705271429,1.23281954818138,8923.8216892248,0.0063224
9.96,-0.573141732869572,-0.677642121937513,2.49200000000178,11.5407959220827,0.835383202504666,0.273840058462769,0.200000000000455,-0.860155403357321,-0.510032040243753,2.492,11.5307963267949,0.0729780562234911,0.451331222439268,0.544999999999547,0.0450735346492554,-1.35005812679927,1.20594453343686,8913.77900141157,0.0063231
9.98,-0.559680014606741,-0.688952893138202,2.49600000000179,11.5608108166526,0.83542958758526,0.273884500526789,0.200000000000291,-0.849783417235186,-0.527131998452086,2.496,11.5507963267949,0.0729883174451912,0.451332166938998,0.544999999999521,0.0450729455072959,-1.3727153205147,1.17861173607918,8903.74823062285,0.0063624
10,-0.545993379271477,-0.699992290570167,2.50000000000179,11.5808254849111,0.835476732368057,0.27392788398291,0.200000000000119,-0.839071529076452,-0.54402111088937,2.5,11.5707963267949,0.0729985380116701,0.45133308019561,0.544999999999528,0.0450723519772909,-1.39482952903351,1.15083192035109,8893.73362886851,0.0062213
10.02,-0.532087308823624,-0.710755869619008,2.50400000000179,11.6008399234079,0.835524605584776,0.273970204019702,0.199999999999949,-0.82802402349356,-0.560692622135816,2.504,11.5907963267949,0.0730087142350504,0.451333962408325,0.544999999999499,0.0450717543868187,-1.4163918650159,1.12261603046117,8883.73938340253,0.0068747
10.04,-0.51796737294741,-0.721239296208225,2.50800000000179,11.6208541288425,0.835573176082283,0.274011456370769,0.199999999999769,-0.816645319341443,-0.57713986380921,2.508,11.6107963267949,0.0730188424726838,0.451334813804001,0.544999999999515,0.0450711530607214,-1.43739366216233,1.09397518619764,8873.769615742,0.0062215
10.06,-0.503639226823026,-0.731438348531438,2.51200000000178,11.640868098064,0.835622412833965,0.274051637309523,0.199999999999594,-0.804939967950047,-0.593356257232177,2.512,11.6307963267949,0.0730289191205808,0.451335634606845,0.544999999999475,0.0450705483212218,-1.45782647867803,1.06492067847208,8863.82838071855,0.0061906
10.08,-0.489108608864029,-0.741348918739648,2.51600000000177,11.6608818280704,0.835672284950595,0.274090743642554,0.199999999999405,-0.792912651303862,-0.609335316063561,2.516,11.6507963267949,0.0730389406213996,0.451336425074618,0.544999999999516,0.0450699404886039,-1.47768210064771,1.03546396479474,8853.91966559078,0.0063759
10.1,-0.474381338421467,-0.750967014582851,2.52000000000176,11.680895316008,0.835722761691263,0.274128772704393,0.199999999999231,-0.780568180169184,-0.625070648892882,2.52,11.6707963267949,0.0730489034461302,0.451337185452209,0.544999999999511,0.0450693298783675,-1.49695254531907,1.00561666468324,8844.04738917391,0.0061268
10.12,-0.459463313455668,-0.760288761005359,2.52400000000174,11.7009085591708,0.835773812473331,0.27416572235023,0.199999999999055,-0.767911492169875,-0.64055596179681,2.524,11.6907963267949,0.0730588041117509,0.451337916005082,0.544999999999513,0.0450687168045923,-1.51563006429387,0.97539055500654,8834.21540103777,0.0061311
10.14,-0.444360508176619,-0.769310401694192,2.52800000000172,11.7209215549996,0.83582540688283,0.274201590949947,0.199999999998879,-0.754947649812381,-0.655785060856652,2.528,11.7107963267949,0.0730686391641118,0.451338617005271,0.544999999999509,0.0450681015774741,-1.53370714662517,0.944797565266077,8824.42748072829,0.0060645
10.16,-0.429078970653883,-0.778028300579923,2.5320000000017,11.7409343010815,0.835877514683942,0.274236377381437,0.199999999998703,-0.741681838460795,-0.670751854635837,2.532,11.7307963267949,0.0730784051851495,0.451339288722549,0.544999999999559,0.045067484503883,-1.55117652181964,0.913849772815846,8814.68733703714,0.0065223
10.18,-0.413624820397022,-0.786438943289374,2.53600000000167,11.7609467951486,0.835930105828505,0.274270081023491,0.199999999998544,-0.728119364262786,-0.685450356616405,2.536,11.7507963267949,0.0730880987963823,0.451339931439394,0.544999999999591,0.0450668658872658,-1.56803116274367,0.882559398023459,8804.99860731745,0.0062453
10.2,-0.398004245907498,-0.794538938549595,2.54000000000164,11.7809590350775,0.835983150465416,0.27430270174922,0.199999999998397,-0.7142656520272,-0.699874687593542,2.54,11.7707963267949,0.0730977166514304,0.451340545427666,0.544999999999613,0.0450662460272616,-1.58426428843206,0.850938799374047,8795.36485682907,0.0059605
10.22,-0.382223502203021,-0.802325019542575,2.54400000000161,11.8009710188881,0.836036618949473,0.27433423991843,0.199999999998257,-0.700126243054219,-0.714019078027181,2.544,11.7907963267949,0.0731072554500211,0.451341130975722,0.544999999999619,0.0450656252203591,-1.59986936679827,0.819000468518996,8785.78957814168,0.0057441
10.24,-0.366288908315362,-0.809794045210119,2.54800000000157,11.8209827447423,0.836090481850537,0.274364696371052,0.19999999999812,-0.685706792918906,-0.727877870349737,2.548,11.8107963267949,0.0731167119160849,0.451341688347723,0.544999999999691,0.0450650037589126,-1.61484011724518,0.786757025271481,8776.27619055339,0.0056942
10.26,-0.350206844762606,-0.816943001508422,2.55200000000153,11.8409942109436,0.836144709961559,0.274394072418802,0.199999999998009,-0.671013069209063,-0.74144552122906,2.552,11.8307963267949,0.073126083096137,0.451342217918269,0.54499999999967,0.0450643819332809,-1.6291705131751,0.754221212550813,8766.82803958659,0.0057836
10.28,-0.333983750996781,-0.823769002611839,2.55600000000149,11.8610054159352,0.836199274318284,0.274422369842269,0.19999999999789,-0.656050949218258,-0.754716603785701,2.556,11.8507963267949,0.0731353655824281,0.45134271987881,0.544999999999743,0.0450637600263951,-1.64285478439829,0.721405891277621,8757.44839648436,0.0072392
10.3,-0.317626122828052,-0.830269292065319,2.56000000000145,11.8810163582992,0.836254146187636,0.27444959087576,0.199999999997798,-0.640826417594995,-0.767685809763581,2.56,11.8707963267949,0.0731445560786333,0.451343194441855,0.54499999999976,0.0450631383165834,-1.6558874194389,0.688324035221903,8748.1404577689,0.0100757
10.32,-0.301140509826603,-0.836441243885029,2.5640000000014,11.9010270367554,0.836309297078467,0.274475738200917,0.199999999997711,-0.62534556394893,-0.780347951653232,2.564,11.8907963267949,0.0731536515703928,0.451343641889454,0.544999999999817,0.0450625170815513,-1.66826316773736,0.654988725806018,8738.90734484498,0.0070864
10.34,-0.284533512702974,-0.842282363606831,2.56800000000135,11.9210374501594,0.836364698758897,0.274500814942123,0.199999999997645,-0.609614580415118,-0.79269796476672,2.568,11.9107963267949,0.0731626490796008,0.451344062498067,0.54499999999987,0.0450618965936792,-1.67997704174851,0.621413146864688,8729.75210362378,0.0060189
10.36,-0.267811780667897,-0.847790289282191,2.57200000000131,11.9410475975018,0.836420323263564,0.274524824658556,0.199999999997598,-0.593639759177225,-0.804730909263467,2.572,11.9307963267949,0.0731715456788408,0.451344456525469,0.544999999999887,0.0450612771210751,-1.69102431893441,0.587610579364124,8720.67770419234,0.0059559
10.38,-0.250982008772812,-0.85296279242109,2.57600000000126,11.9610574779066,0.836476142901191,0.274547771335668,0.199999999997558,-0.577427489950752,-0.816441972126111,2.576,11.9507963267949,0.0731803385171738,0.451344824235038,0.54499999999989,0.045060658927151,-1.70140054365129,0.553594396082362,8711.68704053405,0.006176
10.4,-0.234050935232093,-0.857797778881565,2.58000000000121,11.9810670906295,0.836532130262932,0.274569659377648,0.199999999997518,-0.560984257427229,-0.827826469085654,2.58,11.9707963267949,0.0731890248044966,0.451345165881169,0.544999999999987,0.0450600422710853,-1.71110152892964,0.519378056252951,8702.78293026857,0.0061699
10.42,-0.217025338728055,-0.862293289705527,2.58400000000116,12.001076435057,0.836588258229832,0.274590493599203,0.199999999997513,-0.544316638680426,-0.8388798464951,2.584,11.9907963267949,0.0731976018321295,0.451345481715211,0.545000000000006,0.0450594274077403,-1.7201233581469,0.484975100174139,8693.96811444256,0.0063317
10.44,-0.199912035699813,-0.866447501900536,2.58800000000111,12.0210855107041,0.836644499980866,0.274610279217544,0.199999999997516,-0.52743130053561,-0.849597683150864,2.588,12.0107963267949,0.0732060669583355,0.451345771979711,0.545000000000055,0.0450588145870064,-1.728462386592,0.450399143785701,8685.24525734506,0.0058865
10.46,-0.182717877617082,-0.870258729167209,2.59200000000106,12.0410943172132,0.83670082900014,0.27462902184407,0.199999999997535,-0.510334996902903,-0.859975692061185,2.592,12.0307963267949,0.073214417631394,0.451346036918269,0.545000000000062,0.0450582040547629,-1.73611524292115,0.415663873215579,8676.61694637355,0.0066222
10.48,-0.165449748239999,-0.873725422571991,2.59600000000101,12.0611028543524,0.836757219084764,0.274646727476427,0.199999999997558,-0.493034566075809,-0.870009722160873,2.596,12.0507963267949,0.0732226513982515,0.451346276778831,0.545000000000093,0.0450575960520345,-1.74307883050433,0.380783039298528,8668.08569193258,0.0064652
10.5,-0.148114560866049,-0.876846171165006,2.60000000000096,12.0811111220135,0.836813644352827,0.274663402490625,0.199999999997591,-0.475536927995993,-0.87969575997167,2.6,12.0707963267949,0.0732307658785357,0.451346491797089,0.545000000000118,0.0450569908153681,-1.74935032866184,0.345770452068938,8659.6539273535,0.0061039
10.52,-0.130719255565196,-0.879619702542752,2.60400000000091,12.1011191202107,0.836870079250073,0.274679053632414,0.199999999997634,-0.457849081485386,-0.889029931207599,2.604,12.0907963267949,0.073238758805559,0.451346682215897,0.545000000000115,0.0450563885765855,-1.7549271937906,0.310639975230051,8651.32400887474,0.0060024
10.54,-0.113270796404331,-0.882044883355417,2.60800000000086,12.1211268490788,0.836926498557981,0.274693688009424,0.199999999997675,-0.439978101446758,-0.89800850232462,2.608,12.1107963267949,0.0732466279996465,0.451346848278065,0.545000000000125,0.0450557895629767,-1.75980716037952,0.275405520601773,8643.0982156352,0.0058969
10.56,-0.0957761686621204,-0.884120719758606,2.61200000000082,12.1411343088712,0.83698287740052,0.274707313082942,0.19999999999772,-0.421931136033846,-0.906627882013998,2.612,12.1307963267949,0.0732543713781396,0.45134699022333,0.545000000000176,0.0450551939970594,-1.7639882419137,0.240081042549307,8634.97874971078,0.0059865
10.58,-0.0782423760353937,-0.885846357809306,2.61600000000077,12.1611414999582,0.837039191251067,0.274719936659515,0.199999999997783,-0.403715403792196,-0.914884622638781,2.616,12.1507963267949,0.0732619869683302,0.451347108297355,0.545000000000198,0.0450546020964041,-1.76746873166711,0.204680532394831,8626.96773618957,0.0058414
10.6,-0.0606764378381559,-0.887221083805927,2.62000000000073,12.1811484228252,0.837095415939595,0.27473156688289,0.199999999997855,-0.38533819077183,-0.922775421612807,2.62,12.1707963267949,0.0732694728920829,0.451347202745696,0.545000000000187,0.0450540140744953,-1.77024720338326,0.169218012814455,8619.06722326977,0.0059809
10.62,-0.0430853861943608,-0.888244324572281,2.62400000000069,12.2011550780711,0.837151527659007,0.274742212225637,0.199999999997922,-0.366806847612928,-0.930297122721696,2.624,12.1907963267949,0.0732768273861041,0.451347273821431,0.545000000000168,0.0450534301393423,-1.77232251184379,0.133707532222699,8611.27918240302,0.0057731
10.64,-0.0254762632255538,-0.888915647685382,2.62800000000065,12.2211614664059,0.83720750297204,0.274751881481063,0.199999999997982,-0.348128786605673,-0.937446717385293,2.628,12.2107963267949,0.0732840487737585,0.451347321773473,0.54500000000026,0.0450528504946215,-1.77369379332464,0.0981631591467301,8603.60550845297,0.0058774
10.66,-0.0078561182345139,-0.889234761646991,2.63200000000061,12.2411675886491,0.837263318816806,0.274760583754586,0.199999999998076,-0.329311478725432,-0.944221345861059,2.632,12.2307963267949,0.073291135493283,0.451347346863549,0.545000000000216,0.0450522753390455,-1.77436046593963,0.0625989765926192,8596.04801990663,0.0059594
10.68,0.00976799511398083,-0.889201515998804,2.63600000000057,12.2611734457278,0.837318952513225,0.274768328455798,0.199999999998154,-0.310362450644462,-0.95061829838793,2.636,12.2507963267949,0.0732980860799302,0.451347349352893,0.545000000000205,0.0450517048668187,-1.77432222987131,0.0270290764058576,8588.60845909951,0.0074311
10.7,0.0273890216141438,-0.888815901381263,2.64000000000053,12.2811790386749,0.837374381768521,0.274775125289925,0.199999999998228,-0.291289281721345,-0.956635016270188,2.64,12.2707963267949,0.0733048991711511,0.451347329505556,0.545000000000244,0.0450511392668691,-1.77357906748909,-0.00853244637160413,8581.28849248018,0.0058627
10.72,0.0449999073407931,-0.888078049535958,2.6440000000005,12.3011843686267,0.837429584682683,0.274780984249399,0.199999999998315,-0.272099600969346,-0.962269092900901,2.644,12.2907963267949,0.07331157350236,0.451347287596091,0.545000000000213,0.0450505787237181,-1.77213124335435,-0.0440714991455421,8574.089710904,0.0059133
10.74,0.062593602470462,-0.88698823325161,2.64800000000047,12.3211894368213,0.837484539753542,0.274785915605744,0.199999999998392,-0.252801084004902,-0.967518274724538,2.648,12.3107963267949,0.0733181079075872,0.451347223902576,0.545000000000219,0.0450500234168607,-1.76997930411289,-0.0795739974126127,8567.01362995508,0.0058985
10.76,0.0801630641008781,-0.885546866253651,2.65200000000043,12.3411942445965,0.837539225881648,0.274789929901133,0.199999999998471,-0.233401449977495,-0.972380462138356,2.652,12.3307963267949,0.0733245013214326,0.451347138705091,0.545000000000256,0.0450494735211408,-1.7671240782744,-0.115025870400217,8560.06169029889,0.0057232
10.78,0.0977012590676855,-0.883754503037467,2.6560000000004,12.3611987933877,0.837593622375004,0.274793037939875,0.199999999998563,-0.213908458482075,-0.976853710332219,2.656,12.3507963267949,0.0733307527696394,0.451347032296081,0.545000000000208,0.0450489292062065,-1.76356667587929,-0.150413066700823,8553.23525806261,0.0060825
10.8,0.115201166757282,-0.881611838645337,2.66000000000038,12.3812030847262,0.837647708953206,0.274795250780329,0.199999999998638,-0.194329906455337,-0.980936230066491,2.66,12.3707963267949,0.0733368613637099,0.451346904966163,0.545000000000198,0.0450483906373278,-1.75930848805288,-0.185721559898489,8546.53562523938,0.0057222
10.82,0.132655781914639,-0.879119708387178,2.66400000000035,12.4012071202366,0.83770146575116,0.274796579726219,0.199999999998709,-0.174673625057045,-0.984626388387713,2.664,12.3907963267949,0.0733428263194139,0.451346757021157,0.545000000000234,0.0450478579747703,-1.75435118644725,-0.220937354185341,8539.96401013336,0.0058244
10.84,0.150058117444994,-0.876279087505201,2.66800000000032,12.4212109016355,0.837754873323325,0.274797036318662,0.199999999998793,-0.154947476537683,-0.987922709281756,2.668,12.4107963267949,0.0733486469234706,0.451346588761796,0.545000000000188,0.0450473313737038,-1.74869672257076,-0.256046489965759,8533.52155780997,0.0058986
10.86,0.16740120720828,-0.873091090782599,2.6720000000003,12.4412144307287,0.837807912646419,0.27479663232735,0.199999999998861,-0.135159351093645,-0.990823874264213,2.672,12.4307963267949,0.073354322566153,0.451346400504803,0.545000000000207,0.0450468109847001,-1.7423473270058,-0.291035049446028,8527.20934059811,0.0057793
10.88,0.184678108805182,-0.869556972096445,2.67600000000028,12.4612177094096,0.837860565123224,0.274795379742641,0.199999999998936,-0.11531716371127,-0.993328722907773,2.676,12.4507963267949,0.073359852708052,0.451346192567222,0.545000000000191,0.0450462969537071,-1.73530550851481,-0.325889162207224,8521.02835859411,0.0056983
10.9,0.201881906353706,-0.865678123914951,2.68000000000026,12.4812207396572,0.837912812584866,0.274793290766987,0.199999999999005,-0.0954288510009524,-0.995436253306377,2.68,12.4707963267949,0.0733652368946399,0.451345965270979,0.54500000000017,0.0450457894212407,-1.72757405303509,-0.360595010759094,8514.97954020586,0.0067127
10.92,0.219005713255141,-0.861456076739311,2.68400000000024,12.5012235235337,0.837964637293479,0.274790377806594,0.199999999999066,-0.0755023680226002,-0.997145622475965,2.684,12.4907963267949,0.0733704747570836,0.451345718948542,0.54500000000018,0.0450452885237531,-1.71915602256276,-0.395138836072726,8509.06374271996,0.0059531
10.94,0.236042674948311,-0.856892498490339,2.68800000000022,12.5212260631824,0.838016021944706,0.274786653463331,0.19999999999913,-0.0555456851037256,-0.99845614669166,2.688,12.5107963267949,0.0733755659954478,0.451345453930627,0.545000000000169,0.0450447943921813,-1.71005475392629,-0.429506943089788,8503.28175288342,0.0060782
10.96,0.252985971651021,-0.851989193840147,2.6920000000002,12.5412283608261,0.838066949669349,0.27478213052616,0.199999999999191,-0.0355667846514069,-0.99936730176125,2.692,12.5307963267949,0.0733805103815763,0.451345170562572,0.545000000000144,0.0450443071531282,-1.70027385745015,-0.46368570620612,8497.63428751908,0.0061512
10.98,0.269828821087581,-0.846748103489129,2.69600000000019,12.5612304187645,0.838117404034937,0.274776821963295,0.199999999999243,-0.015573657959447,-0.999878723234854,2.696,12.5507963267949,0.0733853077747781,0.451344869187831,0.54500000000015,0.0450438269281862,-1.68981721550902,-0.497661574727519,8492.12199416245,0.0059984
11,0.28656448120134,-0.841171303388546,2.70000000000017,12.5812322393723,0.838167369047755,0.274770740913693,0.199999999999297,0.00442569798805079,-0.999990206550703,2.7,12.5707963267949,0.073389958090537,0.451344550154425,0.545000000000146,0.045043353834186,-1.67868898097324,-0.531421078295491,8486.745451711,0.0060748
11.02,0.30318625285112,-0.835261003909023,2.70400000000016,12.601233825097,0.838216829153424,0.274763900678871,0.19999999999935,0.0244232837153618,-0.999701707116957,2.704,12.5907963267949,0.0733944613227139,0.451344213819216,0.545000000000141,0.0450428879833206,-1.66689357554607,-0.564950832280846,8481.50517110957,0.0060345
11.04,0.319687482490494,-0.829019548955275,2.70800000000015,12.6212351784571,0.838265769238209,0.274756314714943,0.199999999999401,0.0444111004548262,-0.999013340329543,2.708,12.6107963267949,0.0733988175315184,0.451343860540746,0.545000000000105,0.0450424294828597,-1.65443568799345,-0.598237543142939,8476.40159604569,0.0062122
11.06,0.336061564828814,-0.822449415027442,2.71200000000014,12.6412363020397,0.83831417462967,0.27474799662441,0.199999999999438,0.0643811533462487,-0.997925381525997,2.712,12.6307963267949,0.0734030268432451,0.451343490680946,0.545000000000109,0.0450419784353818,-1.64132027226685,-0.631268013752438,8471.43510366944,0.0059325
11.08,0.352301945472942,-0.815553210229381,2.71600000000012,12.6612371984984,0.838362031097132,0.274738960148076,0.199999999999478,0.0843254546347384,-0.996438265875335,2.716,12.6507963267949,0.0734070894426872,0.451343104611825,0.545000000000099,0.0450415349389433,-1.62755254552023,-0.664029148675488,8466.60600533243,0.0061632
11.1,0.368402123548614,-0.808333673224335,2.72000000000011,12.6812378705513,0.838409324851692,0.274729219157305,0.199999999999513,0.104236026865697,-0.994552588203989,2.72,12.6707963267949,0.0734110055779912,0.451342702695684,0.545000000000122,0.0450410990866572,-1.61313798602159,-0.696507959417142,8461.91454734314,0.0063591
11.12,0.384355654300387,-0.800793672138383,2.7240000000001,12.701238320979,0.838456042546259,0.274718787645507,0.199999999999557,0.124104906075706,-0.992269102757886,2.724,12.6907963267949,0.073414775569408,0.451342285315042,0.545000000000106,0.0450406709670699,-1.59808233096013,-0.728691569621981,8457.36091175331,0.0061669
11.14,0.400156151669142,-0.792936203412113,2.72800000000009,12.7212385526222,0.838502171275783,0.27470767972095,0.199999999999595,0.143924144977993,-0.989588722900758,2.728,12.7107963267949,0.0734183997910404,0.451341852843132,0.545000000000098,0.0450402506641497,-1.58239157414994,-0.760567220229834,8452.945217143,0.006025
11.16,0.415797290846106,-0.784764390600982,2.73200000000009,12.74123856838,0.838547698576606,0.274695909598392,0.199999999999631,0.163685816141252,-0.98651252074881,2.732,12.7307963267949,0.0734218786739115,0.451341405658299,0.545000000000067,0.0450398382570543,-1.56607196363089,-0.792122274584535,8448.66751943588,0.0059707
11.18,0.431272810802362,-0.776281483124838,2.73600000000008,12.7612383712074,0.838592612425776,0.274683491591397,0.199999999999654,0.183382015160503,-0.983041726741888,2.736,12.7507963267949,0.0734252127002132,0.451340944145373,0.545000000000065,0.0450394338207237,-1.54912999916803,-0.823344223493675,8444.52781272719,0.0060768
11.2,0.446576516792843,-0.767490854967109,2.74000000000008,12.7812379641135,0.838636901239998,0.274670440104783,0.199999999999678,0.20300486381875,-0.979177729151317,2.74,12.7707963267949,0.0734284024278153,0.451340468691579,0.54500000000006,0.0450390374250636,-1.53157242965019,-0.854220690237332,8440.52603013581,0.0059224
11.22,0.461702282833808,-0.758396003324172,2.74400000000007,12.8012373501595,0.83868055387541,0.274656769626965,0.199999999999699,0.222546513238166,-0.974922073524615,2.744,12.7907963267949,0.0734314484494751,0.451339979680727,0.545000000000065,0.0450386491358225,-1.51340625038896,-0.884739435523763,8436.66204465319,0.0061332
11.24,0.476644054152812,-0.749000547205452,2.74800000000006,12.821236532456,0.838723559625595,0.274642494722147,0.199999999999722,0.241999147019533,-0.97027646206729,2.748,12.8107963267949,0.073434351422013,0.451339477502871,0.545000000000073,0.0450382690141191,-1.49463870031922,-0.91488836239009,8432.93567002833,0.0060512
11.26,0.491395849610181,-0.739308225984806,2.75200000000006,12.8412355141619,0.838765908220623,0.274627630022991,0.199999999999748,0.261354984368707,-0.965242752961986,2.752,12.8307963267949,0.0734371120529826,0.451338962547257,0.545000000000065,0.0450378971166177,-1.47527725910207,-0.944655521046008,8429.34666165383,0.0059142
11.28,0.505951764091033,-0.729322897903779,2.75600000000005,12.8612342984815,0.83880758982542,0.274612190223077,0.199999999999772,0.280606283208818,-0.959822959625228,2.756,12.8507963267949,0.0734397310998856,0.451338435203959,0.545000000000073,0.0450375334955759,-1.45532964413164,-0.974029113658592,8425.89471746994,0.0059579
11.3,0.520305970866877,-0.719048538527316,2.76000000000004,12.8812328886629,0.838848595037988,0.27459619006952,0.199999999999798,0.299745343277015,-0.954019249902089,2.76,12.8707963267949,0.0734422093756294,0.451337895869695,0.545000000000081,0.0450371781988107,-1.43480380744677,-1.00299749907627,8422.57947888469,0.0058516
11.32,0.534452723925866,-0.708489239152564,2.76400000000004,12.9012312879957,0.838888914887709,0.274579644355918,0.199999999999828,0.31876450920445,-0.947833945199076,2.764,12.8907963267949,0.0734445477380843,0.451337344933402,0.545000000000038,0.0450368312698806,-1.41370793254879,-1.03154919749009,8419.40053169851,0.0058186
11.34,0.548386360270747,-0.697649205171389,2.76800000000004,12.9212294998094,0.838928540833113,0.274562567914783,0.199999999999841,0.337656173578341,-0.941269519555602,2.768,12.9107963267949,0.0734467470932989,0.451336782794659,0.545000000000004,0.0450364927479822,-1.39205043112684,-1.05967289503043,8416.35740705021,0.0056564
11.36,0.562101302183606,-0.686532754387275,2.77200000000004,12.9412275274706,0.838967464759652,0.27454497561084,0.199999999999843,0.356412779984822,-0.934328598654398,2.772,12.9307963267949,0.0734488084009181,0.451336209841508,0.545000000000022,0.0450361626680088,-1.36983993969183,-1.08735744829724,8413.44958236788,0.0058099
11.38,0.575592059456497,-0.675144315287265,2.77600000000004,12.961225374382,0.839005678977582,0.27452688233349,0.199999999999851,0.375026826031416,-0.927013958771281,2.776,12.9507963267949,0.0734507326591981,0.451335626470451,0.54500000000002,0.0450358410607859,-1.3470853161206,-1.11459188882214,8410.67648233292,0.0064697
11.4,0.588853231587065,-0.663488425269651,2.78000000000003,12.9812230439795,0.839043176219129,0.274508302990203,0.199999999999858,0.393490866347889,-0.919328525664676,2.78,12.9707963267949,0.073452520912569,0.451335033072415,0.545000000000011,0.0450355279528037,-1.32379563611142,-1.1413654274604,8408.03747985352,0.006007
11.42,0.601879509938283,-0.651569728828108,2.78400000000003,13.0012205397307,0.839079949635845,0.274489252499431,0.199999999999862,0.4117975155643,-0.911275373405356,2.784,12.9907963267949,0.0734541742576188,0.451334430047158,0.545000000000014,0.0450352233664311,-1.29998018955251,-1.16766745871129,8405.53189705403,0.006644
11.44,0.614665679861438,-0.639392975693006,2.78800000000003,13.0212178651327,0.839115992796113,0.274469745784212,0.199999999999867,0.429939451265043,-0.90285772314685,2.788,13.0107963267949,0.0734556938304188,0.451333817784563,0.545000000000018,0.0450349273200714,-1.27564847680481,-1.19348756496482,8403.15900626173,0.0058636
11.46,0.627206622781526,-0.626963018930639,2.79200000000003,13.0412150237105,0.839151299682028,0.274449797765098,0.199999999999874,0.447909416917731,-0.894078941837027,2.792,13.0307963267949,0.0734570808053912,0.451333196673885,0.545000000000031,0.045034639827972,-1.25081020490062,-1.21881552067332,8400.9180310093,0.0060095
11.48,0.639497318244211,-0.614284813001138,2.79600000000003,13.0612120190145,0.839185864686143,0.274429423353565,0.199999999999885,0.465700224775697,-0.884942540871364,2.796,13.0507963267949,0.0734583364006849,0.451332567111806,0.54500000000002,0.045034360900409,-1.2254752836596,-1.24364129644621,8398.80814704837,0.005886
11.5,0.651532845923533,-0.601363411775842,2.80000000000002,13.0812088546192,0.839219682608332,0.274408637445879,0.199999999999892,0.483304758753006,-0.875452174688429,2.8,13.0707963267949,0.0734594618759676,0.451331929485527,0.545000000000005,0.0450340905438211,-1.19965382172361,-1.2679550630662,8396.82848336304,0.0057705
11.52,0.663308387589571,-0.588203966514918,2.80400000000002,13.1012055341207,0.839252748652484,0.274387454916345,0.199999999999894,0.500715977270791,-0.865611639308158,2.804,13.0907963267949,0.0734604585299379,0.451331284182107,0.545000000000021,0.0450338287605285,-1.17335612251216,-1.29174719542545,8394.97812319534,0.0056965
11.54,0.674819229035259,-0.574811723806041,2.80800000000002,13.1212020611351,0.83928505842299,0.27436589061106,0.199999999999902,0.517926916073792,-0.855424870813499,2.808,13.1107963267949,0.0734613277005289,0.451330631591994,0.545000000000018,0.0450335755493284,-1.14659268009983,-1.31500827638,8393.25610507703,0.0056715
11.56,0.686060761961599,-0.561192023464957,2.81200000000002,13.1411984392968,0.839316607921174,0.274343959341919,0.199999999999908,0.534930691015964,-0.844895943776027,2.812,13.1307963267949,0.0734620707605393,0.451329972096273,0.545000000000028,0.0450333309050346,-1.11937417501753,-1.33772910052103,8391.6614238622,0.0056859
11.58,0.697028485820514,-0.547350296398773,2.81600000000002,13.1611946722561,0.839347393541459,0.274321675880194,0.199999999999918,0.551720500814045,-0.834029069626173,2.816,13.1507963267949,0.0734626891160265,0.451329306082564,0.54500000000002,0.0450330948186922,-1.09171146997919,-1.35990067786136,8390.1930317715,0.0056473
11.6,0.707718009614591,-0.533292062432822,2.82000000000002,13.1811907636781,0.83937741206739,0.274299054950896,0.199999999999926,0.568289629767974,-0.822828594968709,2.82,13.1707963267949,0.0734631842194874,0.45132863392949,0.545000000000014,0.0450328672778351,-1.06361560553559,-1.38151423743575,8388.84983943982,0.0058963
11.62,0.718125053653015,-0.51902292810198,2.82400000000001,13.2011867172401,0.839406660668116,0.274276111226589,0.199999999999931,0.584631450447091,-0.811298999844158,2.824,13.1907963267949,0.0734635575407718,0.451327956017134,0.54500000000003,0.0450326482663146,-1.03509779565703,-1.4025612308136,8387.63071696063,0.005618
11.64,0.728245451262981,-0.504548584407311,2.82800000000001,13.2211825366303,0.839435136893638,0.274252859321757,0.199999999999942,0.60073942634101,-0.799444895936846,2.828,13.2107963267949,0.0734638106014513,0.451327272722679,0.545000000000025,0.0450324377642758,-1.00616942324674,-1.42303333552255,8386.53449494921,0.0064394
11.66,0.738075150455899,-0.48987480453894,2.83200000000001,13.241178225546,0.839462838671358,0.274229313787103,0.199999999999951,0.616607114474145,-0.787271024730282,2.832,13.2307963267949,0.0734639449383598,0.451326584419189,0.545000000000019,0.0450322357486252,-0.976842035586614,-1.44292245838172,8385.5599655901,0.0058026
11.68,0.747610215547726,-0.475007441566072,2.83600000000001,13.2611737876915,0.839489764301111,0.274205489103904,0.199999999999958,0.632228167982809,-0.774782255610634,2.836,13.2507963267949,0.0734639621272136,0.451325891476416,0.545000000000028,0.0450320421926142,-0.947127339717367,-1.46222073874317,8384.70588370322,0.0056668
11.7,0.756846828732789,-0.459952426095065,2.84000000000001,13.2811692267766,0.839515912451083,0.274181399678526,0.199999999999968,0.647596338653876,-0.761983583919033,2.84,13.2707963267949,0.0734638637763717,0.451325194266953,0.545000000000008,0.0450318570662265,-0.917037197754653,-1.48092055164032,8383.97096780657,0.0057027
11.72,0.765781291610447,-0.44471576389651,2.84400000000001,13.3011645465151,0.839541282153418,0.274157059837296,0.199999999999971,0.662705479423984,-0.748880128953511,2.844,13.2907963267949,0.0734636515172237,0.451324493152328,0.545000000000034,0.0450316803360389,-0.886583622143266,-1.49901451084209,8383.35390117473,0.0070008
11.74,0.774410026664011,-0.429303533502255,2.848,13.3211597506226,0.839565872799391,0.274132483820916,0.199999999999983,0.677549546838278,-0.735477131921342,2.848,13.3107963267949,0.0734633270080358,0.451323788494665,0.545000000000027,0.0450315119654286,-0.855778770851196,-1.51649547181153,8382.85333290667,0.005865
11.76,0.782729578691299,-0.413721883773345,2.852,13.3411548428151,0.839589684134678,0.274107685779485,0.199999999999993,0.692122603467712,-0.721779953842635,2.852,13.3307963267949,0.0734628919385435,0.451323080655851,0.545000000000023,0.0450313519144969,-0.824634942505499,-1.53335653456767,8382.46787899302,0.0056752
11.78,0.79073661618628,-0.397977031439838,2.856,13.3611498268075,0.839612716254771,0.274082679767597,0.200000000000001,0.706418820283935,-0.707794073405996,2.856,13.3507963267949,0.0734623480231745,0.451322369991806,0.545000000000032,0.0450312001403267,-0.793164571471918,-1.54959104644964,8382.19612337954,0.0056975
11.8,0.798427932671245,-0.382075258613491,2.86,13.3811447063116,0.839634969600073,0.274057479739315,0.200000000000012,0.720432478990839,-0.693525084777122,2.86,13.3707963267949,0.0734616970005048,0.451321656854159,0.545000000000012,0.0450310565967693,-0.761380222880227,-1.56519260478171,8382.03661903242,0.0056804
11.82,0.805800447978965,-0.366022910274303,2.864,13.4011394850347,0.839656444950931,0.274032099543333,0.200000000000017,0.734157974311783,-0.678978695361217,2.864,13.3907963267949,0.0734609406204335,0.45132094158609,0.545000000000031,0.0450309212347132,-0.729294587597291,-1.58015505943842,8381.98788899832,0.0055741
11.84,0.812851209484341,-0.349826391731933,2.868,13.4211341666782,0.839677143422119,0.274006552918091,0.200000000000028,0.747589816231644,-0.664160723520095,2.868,13.4107963267949,0.0734600806775975,0.451320224538674,0.544999999999997,0.0450307940021222,-0.696920477149841,-1.59447251530863,8382.04842748044,0.005582
11.86,0.819577393285032,-0.333492166062996,2.872,13.4411287549356,0.83969706645862,0.273980853487688,0.200000000000027,0.760722632192745,-0.649077096244924,2.872,13.4307963267949,0.0734591187924444,0.451319505989236,0.544999999999992,0.0450306748425664,-0.664270818599006,-1.60813933465746,8382.21670088807,0.0055689
11.88,0.825976305330587,-0.317026751525329,2.876,13.4611232534914,0.839716215822628,0.273955014754585,0.200000000000024,0.773551169243801,-0.6337338467855,2.876,13.4507963267949,0.0734580566243482,0.45131878621889,0.544999999999957,0.0450305636969021,-0.631358649368651,-1.62115013938541,8382.49114890108,0.0056749
11.9,0.832045382499616,-0.300436718950272,2.88,13.4811176660192,0.839734593589049,0.273929050095789,0.200000000000009,0.786070296141038,-0.618137112237035,2.88,13.4707963267949,0.0734568966078615,0.451318065755304,0.54500000000001,0.0450304605100669,-0.598197112029578,-1.63349981318349,8382.87018552103,0.0056197
11.92,0.837782193624715,-0.283728689113625,2.884,13.5011119961803,0.839752202170421,0.273902972768871,0.200000000000012,0.798275005400617,-0.602293131085391,2.884,13.4907963267949,0.0734556405383747,0.451317344905907,0.545000000000011,0.0450303652181045,-0.564799449041697,-1.64518350358362,8383.35220013826,0.0055217
11.94,0.843184440464613,-0.266909330086594,2.888,13.5211062476228,0.839769044285228,0.273876795898446,0.200000000000016,0.81016041530156,-0.586208240711783,2.888,13.5107963267949,0.0734542902269744,0.451316623970901,0.545000000000041,0.0450302777533142,-0.531178997456241,-1.65619662390356,8383.93555856631,0.0054581
11.96,0.848249958623065,-0.249985354568099,2.892,13.5411004239795,0.839785122952384,0.273850532472169,0.200000000000031,0.821721771838378,-0.569888874857894,2.892,13.5307963267949,0.0734528475275064,0.451315903258302,0.544999999999993,0.0450301980472097,-0.497349183580167,-1.66653485508538,8384.61860409932,0.0057976
11.98,0.852976718414219,-0.232963517199226,2.896,13.5610945288668,0.839800441486787,0.273824195337436,0.200000000000028,0.832954450622604,-0.55334156105248,2.896,13.5507963267949,0.0734513143206668,0.451315183075722,0.54499999999998,0.0450301260288861,-0.463323517604872,-1.67619414742693,8385.39965855121,0.005714
12,0.857362825674115,-0.215850611860901,2.9,13.5810885658833,0.839815003494239,0.273797797197819,0.200000000000021,0.843853958732492,-0.536572918000435,2.9,13.5707963267949,0.0734496925062911,0.451314463726323,0.544999999999972,0.0450300616248658,-0.429115588201362,-1.68517072220552,8386.27702329097,0.0058681
12.02,0.861406522517984,-0.198653468955876,2.904,13.6010825386084,0.839828812866041,0.273771350609432,0.200000000000011,0.854415936510123,-0.5195896529354,2.904,13.5907963267949,0.0734479840047968,0.451313745517362,0.545000000000006,0.0450300047595104,-0.39473905708405,-1.69346107319326,8387.2489802784,0.0056636
12.04,0.865106188043054,-0.181378952676106,2.908,13.6210764506009,0.839841873773648,0.273744867977774,0.200000000000013,0.864636159305211,-0.50239855893696,2.908,13.6107963267949,0.0734461907533489,0.451313028747021,0.545000000000018,0.0450299553547242,-0.360207653545353,-1.70106196806323,8388.31379308837,0.0055937
12.06,0.868460338976568,-0.164033958256617,2.912,13.6410703053979,0.839854190663155,0.273718361554124,0.200000000000019,0.874510539164905,-0.485006512213503,2.912,13.6307963267949,0.0734443147092651,0.451312313713085,0.545000000000027,0.0450299133302061,-0.325535168963268,-1.70797044968627,8389.46970793546,0.005708
12.08,0.871467630268758,-0.146625409216963,2.916,13.6610641065132,0.839865768249925,0.273691843432419,0.200000000000029,0.884035126468919,-0.467420469351827,2.916,13.6507963267949,0.073442357830598,0.451311600702501,0.54500000000001,0.0450298786035194,-0.290735451284125,-1.71418383731751,8390.71495468188,0.0056108
12.1,0.874126855630555,-0.129160254591376,2.92,13.6810578574365,0.839876611512432,0.273665325545811,0.200000000000032,0.893206111509322,-0.449647464534601,2.92,13.6707963267949,0.0734403220995533,0.451310890009458,0.544999999999975,0.0450298510901258,-0.255822399482732,-1.71969972767241,8392.04774785642,0.0056398
12.12,0.876436948015787,-0.111645466148726,2.924,13.7010515616318,0.839886725687052,0.273638819664095,0.200000000000024,0.902019826014379,-0.43169460672678,2.924,13.6907963267949,0.0734382094987634,0.451310181914735,0.544999999999958,0.0450298307033326,-0.220809958002117,-1.72451599589176,8393.46628764615,0.005635
12.14,0.878396980047698,-0.0940880356033741,2.928,13.7210452225365,0.839896116261907,0.273612337390385,0.200000000000008,0.9104727446158,-0.413569076832121,2.928,13.7107963267949,0.0734360220190458,0.451309476694738,0.545000000000008,0.0450298173546523,-0.185712111175092,-1.72863079639534,8394.96876089425,0.0059261
12.16,0.880006164389612,-0.0764949718180801,2.932,13.7410388435599,0.839904788971027,0.273585890158289,0.200000000000011,0.918561486258849,-0.39527812482091,2.932,13.7307963267949,0.0734337616645162,0.451308774625603,0.545000000000036,0.0450298109535717,-0.150542877629885,-1.73204256362381,8396.55334208921,0.0056134
12.18,0.881263854059585,-0.0588732980000397,2.936,13.7610324280825,0.83991274978873,0.27355948922937,0.200000000000024,0.926282815554718,-0.376829066830075,2.936,13.7507963267949,0.0734314304372934,0.451308075973087,0.545000000000018,0.0450298114077491,-0.115316304682047,-1.73475001266858,8398.21819433783,0.0057581
12.2,0.882169542688926,-0.0412300488911986,2.94,13.7810259794546,0.839920004923403,0.273533145690293,0.20000000000003,0.933633644074637,-0.358229282236829,2.94,13.7707963267949,0.0734290303418388,0.451307381001364,0.54499999999998,0.04502981862308,-0.0800464627149132,-1.73675213978942,8399.96147033786,0.0056759
12.22,0.882722864724487,-0.0235722679539622,2.944,13.8010195009953,0.839926560811472,0.273506870450474,0.200000000000023,0.94061103158521,-0.339486210707014,2.944,13.7907963267949,0.0734265633955361,0.451306689966634,0.544999999999965,0.0450298325038066,-0.0447474395508342,-1.73804822281957,8401.78131334132,0.0057229
12.24,0.88292359557463,-0.00590700455342041,2.948,13.8210129959914,0.839932424111818,0.273480674239552,0.200000000000011,0.947212187224461,-0.32060734921934,2.948,13.8107963267949,0.0734240316083876,0.451306003122314,0.545000000000007,0.0450298529523744,-0.00943333481544941,-1.73863782145821,8403.67585810452,0.0056381
12.26,0.882771651698825,0.0117586888627816,2.952,13.8410064676965,0.839937601699396,0.27345456760521,0.200000000000013,0.953434470618151,-0.301600249066684,2.952,13.8307963267949,0.0734214369920882,0.451305320715605,0.545000000000018,0.0450298798698588,0.0258817457027536,-1.73852077745021,8405.64323183148,0.0058698
12.28,0.882267090640833,0.0294177595857962,2.956,13.86099991933,0.839942100659245,0.273428560910962,0.20000000000002,0.959275392935883,-0.282472512835685,2.956,13.8507963267949,0.0734187815647618,0.451304642986979,0.545000000000031,0.0450299131556588,0.0611836956953353,-1.73769721465293,8407.68155510998,0.0056436
12.3,0.881410111005469,0.0470631574670268,2.96,13.8809933540761,0.839945928280715,0.273402664334027,0.200000000000031,0.96473261788661,-0.263231791365801,2.96,13.8707963267949,0.0734160673386074,0.451303970173075,0.544999999999995,0.0450299527077844,0.0964584139769994,-1.73616753899031,8409.78894283295,0.0056967
12.32,0.880201052378945,0.0646878377385523,2.964,13.9009867750828,0.839949092051225,0.27337688786344,0.200000000000029,0.969803962653111,-0.243885780689082,2.964,13.8907963267949,0.0734132963270863,0.451303302505705,0.544999999999969,0.0450299984228573,0.131691810126629,-1.73393243829403,8411.96350511465,0.0057403
12.34,0.878640395192842,0.0822847638313925,2.968,13.9209801854612,0.839951599650337,0.273351241298232,0.200000000000018,0.974487398765098,-0.224442218951855,2.968,13.9107963267949,0.0734104705359145,0.451302640207987,0.545000000000023,0.045030050196262,0.166869810124012,-1.73099288203186,8414.20334819072,0.0058188
12.36,0.876728760531736,0.0998469101904888,2.972,13.9409735882842,0.839953458943509,0.273325734245557,0.200000000000026,0.978781052910571,-0.204908883319571,2.972,13.9307963267949,0.0734075919748916,0.451301983502572,0.544999999999964,0.0450301079219353,0.201978361979993,-1.72735012092346,8416.50657531644,0.0057094
12.38,0.87446690988459,0.117367265085275,2.976,13.9609669865864,0.839954677976352,0.273300376119276,0.200000000000013,0.98268320768512,-0.18529358686604,2.976,13.9507963267949,0.0734046626428672,0.451301332603392,0.544999999999987,0.0450301714929131,0.23700344135781,-1.72300568644356,8418.87128764354,0.0057162
12.4,0.871855744839983,0.134838833414714,2.98,13.9809603833624,0.839955264968326,0.273275176138304,0.200000000000008,0.986192302278863,-0.165604175448311,2.98,13.9707963267949,0.0734016845426969,0.451300687718405,0.545000000000024,0.0450302408006826,0.271931057183361,-1.71796139021284,8421.29558509573,0.0057207
12.42,0.868896306725314,0.152254639505679,2.984,14.0009537815667,0.839955228307065,0.273250143325174,0.200000000000017,0.98930693310075,-0.145848524568428,2.984,13.9907963267949,0.073398659655564,0.45130004905056,0.545000000000032,0.0450303157362254,0.30674725724216,-1.71221932327679,8423.77756722168,0.0058655
12.44,0.865589776190118,0.169607729903563,2.988,14.0209471841128,0.839954576541727,0.273225286504757,0.200000000000028,0.99202585433998,-0.126034536223339,2.988,14.0107963267949,0.0733955899699074,0.45129941680041,0.544999999999999,0.045030396189023,0.341438133760742,-1.70578185527275,8426.31533405139,0.0056207
12.46,0.861937472733664,0.186891176153985,2.992,14.0409405938721,0.839953318377542,0.273200614303193,0.200000000000028,0.994347978464309,-0.106170135744198,2.992,14.0307963267949,0.0733924774700358,0.451298791160867,0.54499999999999,0.0450304820478951,0.375989828970285,-1.6986516334855,8428.90698692937,0.0056881
12.48,0.857940854177021,0.204098077574511,2.996,14.0609340136736,0.839951462669941,0.273176135146703,0.200000000000024,0.996272376655049,-0.0862632686263439,2.996,14.0507963267949,0.0733893241145531,0.451298172313524,0.544999999999953,0.0450305732007553,0.410388540650225,-1.69083158179175,8431.55062933201,0.0056363
12.5,0.853601516079809,0.221221564015254,3,14.0809274463031,0.839949018417882,0.273151857260354,0.200000000000007,0.997798279178581,-0.0663218973512007,3,14.0707963267949,0.0733861318660906,0.45129756044733,0.545000000000018,0.0450306695345798,0.444620527649648,-1.68232489949407,8434.24436769086,0.0061429
12.52,0.84892119110186,0.238254798607256,3.004,14.1009208945026,0.8399459947584,0.273127788667714,0.200000000000014,0.998925075694241,-0.0463539982013972,3.004,14.0907963267949,0.0733829026758634,0.451296955729836,0.545000000000013,0.0450307709356298,0.478672115384251,-1.67313506004454,8436.98631218337,0.0056971
12.54,0.843901748310047,0.255190980497562,3.008,14.1209143609695,0.839942400960605,0.273103937189402,0.200000000000019,0.999652315498447,-0.0263675580703583,3.008,14.1107963267949,0.0733796384837973,0.451296358338244,0.545000000000029,0.045030877289747,0.512529701306663,-1.66326580965875,8439.77457752622,0.0057262
12.56,0.838545192430566,0.27202334756988,3.012,14.1409078483562,0.839938246419723,0.273080310443028,0.200000000000029,0.999979707704973,-0.00637057126765391,3.012,14.1307963267949,0.0733763412198745,0.451295768435528,0.545000000000008,0.0450309884817141,0.54617976034796,-1.65272116582074,8442.60728374553,0.0056257
12.58,0.832853663046956,0.288745179149755,3.016,14.1609013592695,0.839933540651257,0.273056915842244,0.200000000000032,0.999907121361303,0.0136289636786195,3.016,14.1507963267949,0.073373012800904,0.451295186178424,0.544999999999967,0.0450311043960117,0.579608850328174,-1.64150541567935,8445.48255693875,0.0056113
12.6,0.826829433744189,0.305349798693155,3.02,14.1808948962702,0.839928293285065,0.27303376059622,0.20000000000002,0.999434585501005,0.0336230472211367,3.02,14.1707963267949,0.0733696551318361,0.451294611723244,0.54499999999997,0.0450312249166351,0.612803617333653,-1.62962311433672,8448.39853002491,0.0056817
12.62,0.820474911199166,0.321830576457408,3.024,14.2008884618723,0.839922514059556,0.273010851709469,0.200000000000009,0.998562289132123,0.0536036819930686,3.024,14.1907963267949,0.0733662701031386,0.451294045214862,0.54500000000003,0.0450313499268176,0.6457508010591,-1.61707908302961,8451.3533434764,0.0056758
12.64,0.81379263421799,0.33818093215342,3.028,14.2208820585426,0.839916212815829,0.272988195981294,0.20000000000002,0.997290581161575,0.0735628760069077,3.028,14.2107963267949,0.0733628595900983,0.451293486800618,0.545000000000019,0.0450314793098878,0.678437240112177,-1.6038784072042,8454.34514604377,0.0055684
12.66,0.806785272720385,0.354394337578104,3.032,14.2408756887005,0.83990939949186,0.272965800005929,0.200000000000026,0.995619970255593,0.0934926458511693,3.032,14.2307963267949,0.0733594254596053,0.451292936616344,0.544999999999993,0.0450316129482834,0.710849877278534,-1.59002643448527,8457.37209546282,0.0077528
12.68,0.799455626671691,0.370464319225986,3.036,14.2608693547174,0.83990208411701,0.272943670172166,0.200000000000024,0.993551124636264,0.113385019883642,3.036,14.2507963267949,0.0733559695604037,0.451292394790973,0.544999999999982,0.0450317507247065,0.742975764745172,-1.57552877254044,8460.43235914768,0.006883
12.7,0.791806624962835,0.386384460878921,3.04,14.2808630589162,0.839894276806207,0.272921812663282,0.200000000000018,0.991084871814253,0.133232041419942,3.04,14.2707963267949,0.0733524937242521,0.451291861452573,0.544999999999979,0.0450318925211637,0.774802069280034,-1.5603912868404,8463.52411487288,0.006137
12.72,0.783841324238753,0.402148406172905,3.044,14.3008568035711,0.839885987754245,0.272900233457303,0.20000000000001,0.988222198257805,0.153025771916078,3.044,14.2907963267949,0.073348999766587,0.451291336721611,0.545000000000034,0.0450320382197196,0.806316077365772,-1.54462009831599,8466.64555143912,0.0069374
12.74,0.77556290767571,0.417749861140941,3.048,14.3208505909072,0.839877227230172,0.272878938327076,0.200000000000022,0.984964248998174,0.172758294143763,3.048,14.3107963267949,0.0733454894847266,0.451290820711184,0.545000000000025,0.0450321877024529,0.837505200285624,-1.5282215809131,8469.79486932539,0.0066832
12.76,0.766974683708015,0.433182596730941,3.052,14.3408444231003,0.83986800557167,0.27285793284044,0.200000000000031,0.981312327171625,0.192421715357206,3.052,14.3307963267949,0.0733419646671682,0.451290313535811,0.544999999999986,0.045032340851065,0.868356979159364,-1.51120235904638,8472.97028133256,0.0065124
12.78,0.758080084704645,0.448440451297675,3.056,14.3608383022763,0.839858333179885,0.272837222360847,0.200000000000026,0.977267893498198,0.212008170450093,3.056,14.3507963267949,0.0733384270729816,0.451289815293643,0.544999999999963,0.0450324975474319,0.89885908992733,-1.49356930495266,8476.17001319873,0.0064697
12.8,0.748882665596294,0.463517333067755,3.06,14.3808322305113,0.83984822051349,0.272816812047321,0.200000000000013,0.972832565697435,0.231509825101539,3.06,14.3707963267949,0.0733348784474687,0.45128932608857,0.54500000000001,0.0450326576733881,0.928999348280509,-1.47532953594533,8479.39230421747,0.0061128
12.82,0.739386102453413,0.478407222576667,3.064,14.4008262098312,0.839837678083454,0.272796706855439,0.200000000000016,0.968008117841322,0.2509188789097,3.064,14.3907963267949,0.073331320521725,0.451288846010885,0.54500000000002,0.0450328211111006,0.958765714534732,-1.4564904115706,8482.63540783069,0.0062158
12.84,0.729594191015794,0.493104175076883,3.068,14.4208202422113,0.839826716447862,0.272776911537569,0.200000000000023,0.962796479644676,0.270227568511837,3.068,14.4107963267949,0.073327755000263,0.451288375155252,0.545000000000019,0.0450329877424649,0.988146298447019,-1.43705953066691,8485.89759221015,0.0060482
12.86,0.719510845174296,0.507602322916099,3.072,14.4408143295765,0.839815346206314,0.272757430643943,0.20000000000003,0.957199735693287,0.289428170689555,3.072,14.4307963267949,0.0733241835722959,0.451287913596818,0.544999999999985,0.0450331574498904,1.01712936397214,-1.41704472832857,8489.17714082247,0.0060234
12.88,0.709140095405311,0.521895877884617,3.076,14.4608084738009,0.839803577994848,0.272738268522818,0.200000000000025,0.951220124610113,0.308513005457989,3.076,14.4507963267949,0.0733206079004318,0.451287461415308,0.544999999999963,0.0450333301162391,1.04570333395751,-1.3964540727749,8492.47235298319,0.0060031
12.9,0.698486087158615,0.535979133530975,3.08,14.4808026767077,0.839791422480486,0.272719429321708,0.200000000000012,0.944860038159861,0.327474439137691,3.08,14.4707963267949,0.0733170296300515,0.451287018684236,0.545000000000009,0.0450335056237917,1.07385679477451,-1.37529586212612,8495.78154439501,0.0059311
12.92,0.68755307919922,0.549846467444854,3.084,14.5007969400691,0.839778890356228,0.272700916988261,0.200000000000015,0.938122020292311,0.346304887408008,3.084,14.4907963267949,0.0733134503934492,0.45128658547337,0.545000000000026,0.0450336838562475,1.10157850088444,-1.35357862108721,8499.10304767329,0.0060528
12.94,0.676345441903913,0.563492343506389,3.088,14.5207912656062,0.839765992336295,0.272682735271294,0.200000000000024,0.931008766124771,0.364996818340697,3.088,14.5107963267949,0.0733098717857271,0.451286161840634,0.545000000000029,0.0450338646969863,1.12885737933716,-1.33131109754123,8502.43521284652,0.0060328
12.96,0.664867655513154,0.576911314100959,3.092,14.5407856549888,0.839752739150478,0.272664887721567,0.200000000000035,0.923523120864065,0.38354275541261,3.092,14.5307963267949,0.0733062953919165,0.451285747848397,0.544999999999971,0.0450340480301012,1.15568253420079,-1.30850225905323,8505.77640786028,0.0062329
12.98,0.653124308339031,0.590098022298579,3.096,14.5607801098358,0.839739141539658,0.272647377693314,0.200000000000024,0.915668078668492,0.401935280496192,3.096,14.5507963267949,0.0733027227644862,0.451285343537885,0.544999999999962,0.0450342337399915,1.18204325092056,-1.28516128928636,8509.12501904507,0.0061094
13,0.641120094929996,0.603047203997018,3.1,14.5807746317146,0.83972521025049,0.272630208344772,0.200000000000011,0.907446781450196,0.420167036826641,3.1,14.5707963267949,0.0732991554422111,0.451284948970843,0.545000000000011,0.0450344217117726,1.20792900060508,-1.26129758433152,8512.47945159457,0.0060683
13.02,0.62885981419311,0.615753690027796,3.104,14.6007692221416,0.83971095603094,0.272613382640525,0.200000000000015,0.898862517618449,0.438230731944512,3.104,14.5907963267949,0.0732955949368941,0.451284564180446,0.545000000000015,0.0450346118310909,1.2333294442384,-1.23692074895194,8515.8381300025,0.0061321
13.04,0.616348367474537,0.628212408224203,3.108,14.6207638825819,0.839696389625364,0.272596903351842,0.20000000000002,0.889918720764329,0.456119140612603,3.108,14.6107963267949,0.0732920427309056,0.451284189203416,0.545000000000031,0.0450348039840763,1.25823443681612,-1.21204059274443,8519.19949850225,0.0060685
13.06,0.603590756599086,0.640418385450526,3.112,14.6407586144495,0.839681521769559,0.272580773058449,0.200000000000032,0.880618968287328,0.473825107705957,3.112,14.6307963267949,0.073288500296767,0.451283824078752,0.545000000000009,0.0450349980577306,1.28263403140385,-1.1866671262185,8522.56202149333,0.0064561
13.08,0.590592081869548,0.652366749591667,3.116,14.6607534191073,0.839666363186699,0.272564994150291,0.200000000000035,0.870966979964441,0.491341551073814,3.116,14.6507963267949,0.0732849690670807,0.45128346882607,0.544999999999966,0.0450351939393354,1.30651848311648,-1.16081055679528,8525.92418393412,0.0060568
13.1,0.577357540026651,0.664052731502351,3.12,14.6807482978672,0.839650924582127,0.272549568828461,0.200000000000022,0.860966616462307,0.508661464372374,3.12,14.6707963267949,0.0732814504582628,0.451283123472768,0.544999999999976,0.0450353915174261,1.32987825301664,-1.13448128472751,8529.28449174445,0.006025
13.12,0.56389242217045,0.67547166691516,3.124,14.7007432519904,0.839635216639197,0.272534499107327,0.200000000000014,0.850621877792988,0.525777919867248,3.124,14.6907963267949,0.0732779458612684,0.451282788035764,0.545000000000012,0.0450355906809933,1.35270401193077,-1.1076898989425,8532.64147217601,0.0058373
13.14,0.55020211164396,0.686618998306605,3.128,14.7207382826873,0.83961925001482,0.27251978681594,0.200000000000018,0.839936901714028,0.542684071204453,3.128,14.7107963267949,0.0732744566382386,0.451282462525326,0.545000000000023,0.0450357913199011,1.3749866441813,-1.0804471728095,8535.99367417376,0.0065581
13.16,0.536292081879916,0.697490276720517,3.132,14.7407333911177,0.839603035334957,0.272505433599675,0.200000000000026,0.828915962073391,0.559373156148867,3.132,14.7307963267949,0.0732709841320937,0.451282146956115,0.545000000000004,0.0450359933249894,1.3967172512334,-1.05276405983337,8539.33966872797,0.0058331
13.18,0.522167894211472,0.708081163548006,3.136,14.7607285783911,0.839586583190583,0.272491440922377,0.200000000000028,0.817563467099991,0.575838499289031,3.136,14.7507963267949,0.0732675296516317,0.451281841331453,0.544999999999977,0.0450361965876563,1.4178871552549,-1.02465168927615,8542.67804919985,0.0056609
13.2,0.507835195647767,0.718387432263293,3.14,14.7807238455667,0.839569904133141,0.272477810067909,0.200000000000019,0.805883957640451,0.592073514707223,3.14,14.7707963267949,0.0732640944894885,0.451281545646861,0.544999999999965,0.0450364010007214,1.43848790258798,-0.996121361708249,8546.00743164465,0.0056129
13.22,0.493299716615209,0.728404970114702,3.144,14.8007191936539,0.839553008670793,0.272464542141899,0.200000000000007,0.793882105342831,0.608071708613741,3.144,14.7907963267949,0.0732606798990632,0.451281259897895,0.545000000000039,0.0450366064573534,1.45851126713109,-0.967184544491221,8549.32645511061,0.0057057
13.24,0.478567268665397,0.738129779770156,3.148,14.8207146236121,0.839535907263832,0.272451638073865,0.20000000000002,0.781562710788028,0.623826681944328,3.148,14.8107963267949,0.0732572871226955,0.451280984079685,0.545000000000033,0.0450368128523823,1.47794925362995,-0.937852867193684,8552.63378193616,0.0056322
13.26,0.463643742150594,0.747557980916502,3.152,14.8407101363515,0.839518610321307,0.272439098619373,0.200000000000032,0.768930701569605,0.639332132919717,3.152,14.8307963267949,0.0732539173661661,0.451280718178169,0.544999999999998,0.0450370200811345,1.49679410087615,-0.908138116942419,8555.92809801663,0.0065481
13.28,0.448535103867679,0.756685811812035,3.156,14.860705732733,0.839501128196722,0.272426924361863,0.200000000000032,0.755991130322829,0.654581859566251,3.156,14.8507963267949,0.0732505718143112,0.451280462175736,0.544999999999964,0.0450372280402027,1.51503828481218,-0.878052233710398,8559.20811307008,0.0057222
13.3,0.433247394671521,0.765509630791598,3.16,14.8807014135684,0.839483471184424,0.27241511571477,0.200000000000019,0.742749172703669,0.669569762196602,3.16,14.8707963267949,0.0732472516120339,0.451280216045558,0.544999999999976,0.045037436627342,1.53267452154155,-0.847607305543673,8562.47256087675,0.005531
13.32,0.41778672705874,0.774025917723651,3.164,14.9006971796213,0.839465649515337,0.272403672923447,0.20000000000001,0.72921012531862,0.684289845849551,3.164,14.8907963267949,0.0732439578977774,0.451279979769937,0.54500000000002,0.0450376457411347,1.54969577024292,-0.816815563729,8565.72019952538,0.0056427
13.34,0.402159282722798,0.782231275418733,3.168,14.9206930316065,0.839447673354102,0.272392596067902,0.200000000000017,0.715379403606115,0.698736222687903,3.168,14.9107963267949,0.0732406917687441,0.451279753316181,0.545000000000041,0.045037855281789,1.56609523598695,-0.785689377904174,8568.9498116179,0.0055419
13.36,0.386371310081418,0.790122430988754,3.172,14.9406889701914,0.839429552794929,0.272381885064558,0.200000000000032,0.701262539670433,0.712903114353539,3.172,14.9307963267949,0.0732374542958095,0.451279536649136,0.545000000000005,0.0450380651502085,1.5818663724548,-0.754241251112985,8572.16020447968,0.0059511
13.38,0.370429121777313,0.797696237156557,3.176,14.9606849959953,0.839411297858112,0.272371539668578,0.200000000000034,0.686865180068925,0.726784854278681,3.176,14.9507963267949,0.0732342465260945,0.451279329730149,0.544999999999965,0.0450382752486337,1.59700288455721,-0.722483814806811,8575.35021035113,0.0060552
13.4,0.354339092153227,0.804949673515258,3.18000000000001,14.9806811095908,0.83939291848674,0.272361559476198,0.200000000000021,0.672193083553469,0.740375889952447,3.18,14.9707963267949,0.073231069483091,0.451279132523348,0.54499999999998,0.0450384854811393,1.6114987309531,-0.690429823794827,8578.51868656713,0.0059488
13.42,0.338107654702288,0.811879847736824,3.184,15.0006773115032,0.839374424543501,0.272351943927335,0.200000000000014,0.657252118767046,0.753670785141781,3.184,14.9907963267949,0.0732279241509399,0.451278944978428,0.545000000000025,0.0450386957518003,1.62534812646663,-0.658092151144845,8581.66451571227,0.0057134
13.44,0.321741299494708,0.818483996729432,3.188,15.0206736022117,0.839355825806938,0.272342692307528,0.200000000000023,0.642048261896362,0.766664222065866,3.188,15.0107963267949,0.0732248114959258,0.451278767048129,0.545000000000027,0.0450389059671575,1.63854554440187,-0.625483783036851,8584.78660578034,0.0060261
13.46,0.305246570581846,0.824759487743135,3.192,15.0406699821495,0.83933713196864,0.272333803750642,0.200000000000033,0.626587594281448,0.77935100352318,3.192,15.0307963267949,0.0732217324567237,0.451278598682577,0.544999999999996,0.0450391160345132,1.65108571875397,-0.592617813571262,8587.88389030798,0.0058433
13.48,0.288630063378679,0.830703819423389,3.19600000000001,15.0606664517042,0.839318352630145,0.272325277241353,0.200000000000031,0.610876299983212,0.791726054970291,3.196,15.0507963267949,0.0732186879386353,0.451278439822301,0.544999999999971,0.0450393258627006,1.66296364631622,-0.55950743953401,8590.95532849455,0.0057427
13.5,0.271898422025728,0.836314622812037,3.20000000000001,15.0806630112182,0.839299497299683,0.27231711161738,0.200000000000021,0.594920663309892,0.803784426551621,3.2,15.0707963267949,0.073215678822241,0.451278290411681,0.544999999999981,0.0450395353616222,1.67417458868179,-0.526165955120531,8593.9999053193,0.0055935
13.52,0.255058336731486,0.841589662295318,3.20400000000001,15.1006596609894,0.839280575389349,0.272309305572309,0.200000000000014,0.578727066303418,0.815521295079313,3.204,15.0907963267949,0.0732127059611172,0.451278150384614,0.545000000000013,0.0450397444428912,1.68471407413977,-0.492606746620768,8597.01663163442,0.0055746
13.54,0.238116541096427,0.846526836498563,3.208,15.1206564012716,0.839261596212275,0.272301857657841,0.200000000000019,0.56230198618668,0.826931965962445,3.208,15.1107963267949,0.0732097701802292,0.451278019678979,0.545000000000034,0.0450399530191423,1.69457789946434,-0.458843287067329,8600.00454425232,0.0055382
13.56,0.221079809419649,0.851124179127179,3.21200000000001,15.1406532322747,0.839242568979813,0.272294766286673,0.200000000000031,0.545651992772727,0.838011875084806,3.212,15.1307963267949,0.0732068722796122,0.451277898222301,0.544999999999998,0.0450401610049574,1.70376213159671,-0.424889130848918,8602.96270601625,0.0058418
13.58,0.203954953989234,0.855379859753613,3.21600000000001,15.1606501541657,0.839223502798951,0.272288029734794,0.20000000000003,0.528783745836927,0.848756590630475,3.216,15.1507963267949,0.073204013021113,0.451277785943907,0.544999999999994,0.0450403683157485,1.71226310921886,-0.390757908291216,8605.89020585814,0.0057115
13.6,0.18674882235742,0.859292184549971,3.22000000000001,15.1806471670687,0.839204406669281,0.272281646144324,0.200000000000028,0.511703992453149,0.859161814856496,3.22,15.1707963267949,0.0732011931520517,0.451277682765729,0.54499999999997,0.0450405748690052,1.7200774442187,-0.356463320207364,8608.78615885055,0.005659
13.62,0.169468294601654,0.862859596965997,3.22400000000001,15.200644271066,0.839185289480992,0.272275613525979,0.200000000000017,0.494419564295017,0.869223385811913,3.224,15.1907963267949,0.0731984133930986,0.45127758861551,0.544999999999998,0.0450407805829562,1.72720202304589,-0.322019132420233,8611.64970624175,0.005773
13.64,0.152120280572641,0.866080678352143,3.22800000000001,15.220641466198,0.839166160012464,0.272269929762112,0.200000000000017,0.476937374903342,0.878937279002494,3.228,15.2107963267949,0.0731956744240405,0.451277503409126,0.545000000000032,0.0450409853780092,1.73363400795785,-0.287439170258679,8614.48001547087,0.0058649
13.66,0.134711717130468,0.868954148527482,3.23200000000001,15.2406387524642,0.839147026927368,0.272264592609026,0.200000000000028,0.459264416920786,0.888299609000483,3.232,15.2307963267949,0.0731929769062584,0.451277427061132,0.545000000000025,0.0450411891756213,1.73937083815542,-0.252737313029964,8617.27628018603,0.0060978
13.68,0.117249565369941,0.871478866292233,3.23600000000001,15.2606361298238,0.839127898772748,0.272259599699754,0.200000000000037,0.441407759294906,0.897306630998707,3.236,15.2507963267949,0.0731903214712205,0.451277359486598,0.544999999999977,0.0450413918990763,1.74441023080783,-0.217927488470582,8620.03772024141,0.005915
13.7,0.0997408078362082,0.873653829884696,3.24000000000001,15.2806335981957,0.839108783976722,0.272254948546922,0.200000000000029,0.423374544450665,0.905954742308462,3.24,15.2707963267949,0.0731877087231183,0.45127730059164,0.544999999999985,0.0450415934728083,1.7487501819664,-0.183023667177689,8622.76358168308,0.0061483
13.72,0.0821924457318133,0.875478177382418,3.24400000000002,15.30063115746,0.839089690846364,0.272250636545235,0.200000000000024,0.405171985433564,0.914240483800528,3.244,15.2907963267949,0.0731851392453422,0.451277250292601,0.544999999999975,0.0450417938230589,1.75238896736673,-0.148039857023363,8625.45313673147,0.0061507
13.74,0.0646114961162708,0.876951187047415,3.24800000000001,15.3206288074576,0.839070627565926,0.272246660974774,0.200000000000015,0.38680736302451,0.922160541288785,3.248,15.3107963267949,0.0731826135832787,0.451277208488025,0.545000000000026,0.0450419928777639,1.75532514311899,-0.112990097553954,8628.10568373537,0.0062491
13.76,0.0470049890993021,0.878072277615326,3.25200000000001,15.3406265479917,0.839051602194454,0.272243019003126,0.200000000000024,0.368288022827607,0.929711746855837,3.252,15.3307963267949,0.0731801322622714,0.451277175084875,0.545000000000026,0.0450421905661039,1.75755754628612,-0.0778884543767241,8630.72054713515,0.0062689
13.78,0.0293799650288489,0.878841008528383,3.25600000000002,15.3606243788276,0.839032622664192,0.272239707688625,0.200000000000034,0.349621372332016,0.936891080120137,3.256,15.3507963267949,0.0731776957799464,0.451277149982563,0.544999999999996,0.0450423868189041,1.75908529534958,-0.0427490135360639,8633.29707740079,0.0057709
13.8,0.0117434716749852,0.87925708011209,3.26000000000002,15.3806222996939,0.839013696778754,0.272236723982935,0.200000000000032,0.330814877949047,0.943695669444105,3.26,15.3707963267949,0.0731753046076725,0.451277133078304,0.545000000000002,0.0450425815686834,1.75990779056259,-0.00758587588150342,8635.83465096481,0.0062793
13.82,-0.00589743858914173,0.87932033369556,3.26400000000002,15.4006203102829,0.838994832211441,0.272234064733856,0.200000000000033,0.311876062025706,0.950122793082735,3.264,15.3907963267949,0.0731729591889426,0.451277124269576,0.544999999999976,0.0450427747495439,1.76002471419064,0.0275868485702127,8638.33267014382,0.0059599
13.84,-0.0235357116082151,0.879030751675439,3.26800000000002,15.4206184102513,0.838976036503551,0.272231726688243,0.200000000000024,0.292812499835847,0.956169880272267,3.268,15.4107963267949,0.0731706599395164,0.451277123450841,0.544999999999967,0.0450429662969985,1.75943603063918,0.0627550462767358,8640.79056304852,0.0060598
13.86,-0.0411642942663682,0.878388457523414,3.27200000000002,15.4406165992208,0.838957317062788,0.272229706494789,0.200000000000013,0.273631816550168,0.961834512258452,3.272,15.4307963267949,0.0731684072477821,0.45127713051179,0.545000000000014,0.0450431561484168,1.7581419864685,0.0979046058131527,8643.20778348381,0.0059202
13.88,-0.0587761373083893,0.877393715737281,3.27600000000002,15.4606148767786,0.838938681161744,0.27222800070674,0.200000000000018,0.254341684186245,0.967114423264023,3.276,15.4507963267949,0.0731662014861439,0.451277145344116,0.545000000000042,0.0450433442426986,1.75614311029571,0.133021423514197,8645.58381084415,0.0059617
13.9,-0.0763641981593905,0.876046931735617,3.28000000000002,15.4806132424784,0.838920135936914,0.272226605784887,0.200000000000033,0.234949818539825,0.972007501394976,3.28,15.4707963267949,0.0731640429884706,0.451277167836919,0.545000000000019,0.0450435305202394,1.75344021258392,0.168091409113376,8647.91814998756,0.0059914
13.92,-0.0939214437418064,0.874348651696065,3.28400000000002,15.5006116958406,0.838901688386883,0.272225518100368,0.20000000000004,0.215463976098609,0.976511789485297,3.284,15.4907963267949,0.0731619320709435,0.451277197873691,0.544999999999992,0.0450437149230692,1.75003438531867,0.203100491376753,8650.21033111078,0.0059581
13.94,-0.111440853288596,0.872299562337332,3.28800000000003,15.5206102363536,0.838883345371411,0.272224733937349,0.200000000000037,0.19589195093977,0.980625485879809,3.288,15.5107963267949,0.0731598690201735,0.451277235342262,0.545,0.0450438973951806,1.74592700157176,0.238034623729138,8652.45990961036,0.0059824
13.96,-0.128915421151523,0.869900490644956,3.29200000000003,15.5406088634737,0.838865113610123,0.272224249496108,0.200000000000037,0.176241571612412,0.9843469451548,3.292,15.5307963267949,0.0731578540992816,0.451277280120641,0.544999999999975,0.0450440778816244,1.74111971495265,0.272879789870437,8654.66646593285,0.0059709
13.98,-0.146338159603396,0.867152403540981,3.29600000000003,15.5606075766264,0.838846999681499,0.272224060895527,0.200000000000028,0.156520698006267,0.98767467877618,3.296,15.5507963267949,0.0731558875477037,0.451277332092983,0.545000000000005,0.045044256329615,1.73561445894764,0.307622009379897,8656.8296054218,0.0063236
14,-0.163702101633141,0.864056407497641,3.30000000000003,15.5806063752068,0.838829010021932,0.272224164176249,0.20000000000003,0.136737218207834,0.99060735569487,3.3,15.5707963267949,0.0731539695779917,0.451277391140882,0.544999999999994,0.0450444326876585,1.72941344614711,0.342247343306037,8658.94895814917,0.006093
14.02,-0.181000303732591,0.860613748095233,3.30400000000003,15.6006052585802,0.838811150924725,0.272224555303453,0.200000000000027,0.116899045345256,0.993143802879204,3.304,15.5907963267949,0.073152100377737,0.451277457138683,0.544999999999996,0.045044606905959,1.72251916736106,0.376741899739988,8661.02417874014,0.0060715
14.04,-0.198225848673879,0.856825809524343,3.30800000000004,15.6206042260832,0.838793428539228,0.272225230169443,0.200000000000026,0.0970141144231735,0.995283005784127,3.308,15.6107963267949,0.0731502801128588,0.451277529964446,0.544999999999984,0.0450447789364471,1.7149343906235,0.411091839370055,8663.05494619322,0.0060527
14.06,-0.215371848276323,0.852694114032625,3.31200000000004,15.6406032770238,0.838775848870175,0.272226184596671,0.20000000000002,0.0770903791488259,0.997024108757,3.312,15.6307963267949,0.0731485089182654,0.451277609493073,0.545000000000009,0.0450449487326862,1.70666216008579,0.44528338101524,8665.04096368486,0.0062175
14.08,-0.232431446161689,0.848220321316361,3.31600000000004,15.6606024106826,0.838758417776707,0.27222741434047,0.200000000000023,0.0571358087506751,0.998366415379847,3.316,15.6507963267949,0.0731467869185897,0.451277695598336,0.545000000000039,0.0450451162497424,1.69770579479963,0.479302807135547,8666.98195837617,0.0061721
14.1,-0.249397820496751,0.843406227857034,3.32000000000004,15.6806016263132,0.838741140972295,0.272228915091853,0.200000000000037,0.0371583847908264,0.999309388747918,3.32,15.6707963267949,0.073145114205357,0.451277788153804,0.54500000000001,0.0450452814443027,1.68806888739008,0.513136469316837,8668.87768120006,0.0060322
14.12,-0.26626418672202,0.838253766203192,3.32400000000004,15.700600923143,0.838724024023804,0.272230682480351,0.200000000000041,0.0171660979724981,0.999852651684436,3.324,15.6907963267949,0.0731434908432884,0.451277887033689,0.544999999999992,0.0450454442748337,1.67775530261911,0.546770793728055,8670.72790664713,0.0059947
14.14,-0.283023800265583,0.832765004197874,3.32800000000004,15.7206003003741,0.838707072350875,0.27223271207686,0.200000000000038,-0.00283305505613911,0.999995986891472,3.328,15.7107963267949,0.0731419168812914,0.451277992103867,0.544999999999992,0.0450456047014174,1.66676917584036,0.580192286548645,8672.53243254428,0.0060132
14.16,-0.29966995924093,0.826942144151924,3.33200000000004,15.7405997571834,0.838690291225812,0.272234999396103,0.200000000000035,-0.0228310749005275,0.999739337036853,3.332,15.7307963267949,0.073140392343973,0.451278103234512,0.544999999999991,0.0450457626853593,1.65511491134559,0.613387539363972,8674.29107982494,0.0062065
14.18,-0.316196007127732,0.820787521963519,3.33600000000005,15.760599292724,0.838673685773174,0.272237539899611,0.200000000000031,-0.0428199626193659,0.9990828047771,3.336,15.7507963267949,0.0731389172308466,0.45127822029946,0.545000000000016,0.0450459181902782,1.6427971806036,0.64634323452661,8676.0036922922,0.0065379
14.2,-0.33259533543446,0.814303606184251,3.34000000000005,15.7805989061256,0.838657260969408,0.272240328998649,0.200000000000037,-0.0627917229240818,0.998026652716362,3.34,15.7707963267949,0.0731374915302558,0.451278343160282,0.544999999999988,0.0450460711806207,1.62982092039228,0.679046150481325,8677.67013637511,0.0063178
14.22,-0.348861386341806,0.807492997032149,3.34400000000005,15.8005985964952,0.838641021643089,0.272243362056467,0.200000000000033,-0.0827383673768398,0.996571303301382,3.344,15.7907963267949,0.0731361151882913,0.451278471687677,0.544999999999991,0.0450462216231388,1.61619133082451,0.711483167051656,8679.29030087373,0.0064017
14.24,-0.364987655325833,0.800358425352037,3.34800000000005,15.8205983629177,0.838624972473974,0.272246634391419,0.20000000000003,-0.102651917585811,0.994717338652522,3.348,15.8107963267949,0.0731347881563025,0.451278605749356,0.544999999999992,0.0450463694856494,1.60191387326874,0.743641270685952,8680.86409670928,0.0063635
14.26,-0.380967693759811,0.792902751523631,3.35200000000006,15.8405982044569,0.838609117994013,0.272250141279562,0.200000000000027,-0.122524408396423,0.992465500330922,3.352,15.8307963267949,0.0731335103454679,0.451278745214197,0.544999999999998,0.0450465147379363,1.58699426816509,0.775507559660778,8682.39145665528,0.0061687
14.28,-0.396795111493703,0.785128964317822,3.35600000000006,15.8605981201558,0.838593462586593,0.2722538779574,0.200000000000026,-0.142347891077312,0.989816689041886,3.356,15.8507963267949,0.0731322816417152,0.451278889935497,0.545000000000006,0.045046657350862,1.57143849273774,0.80706924923961,8683.87233506993,0.0061403
14.3,-0.412463579410251,0.777040179701605,3.36000000000006,15.8805981090379,0.838578010486435,0.272257839623918,0.200000000000028,-0.162114436499718,0.986771964274613,3.36,15.8707963267949,0.0731311019156549,0.451279039785186,0.545000000000009,0.0450467972973472,1.55525277860472,0.838313676784752,8685.30670762056,0.0062141
14.32,-0.427966831956655,0.76863963959213,3.36400000000006,15.9005981701072,0.838562765779938,0.272262021444033,0.200000000000032,-0.18181613830902,0.983332543878415,3.364,15.8907963267949,0.0731299710261497,0.451279194626318,0.544999999999995,0.045046934551577,1.53844360928587,0.869228306820425,8686.6945710033,0.0060159
14.34,-0.443298669650833,0.759930710560354,3.36800000000006,15.9205983023494,0.838547732405719,0.272266418550852,0.20000000000003,-0.201445116087181,0.979499803575591,3.368,15.9107963267949,0.0731288888038542,0.451279354323242,0.544999999999994,0.0450470690895322,1.52101771761001,0.899800736045019,8688.03594265367,0.0060808
14.36,-0.458452961561257,0.750916882484848,3.37200000000007,15.9405985047325,0.838532914154541,0.272271026048333,0.200000000000028,-0.220993518504806,0.975275276411161,3.372,15.9307963267949,0.0731278550715659,0.451279518736304,0.545000000000001,0.0450472008885498,1.50298208302246,0.930018698290483,8689.330860459,0.0060325
14.38,-0.473423647759369,0.741601767156262,3.37600000000007,15.9605987762075,0.838518314670106,0.272275839013702,0.200000000000028,-0.24045352646157,0.970660652139663,3.376,15.9507963267949,0.0731268696182528,0.451279687731453,0.545000000000004,0.0450473299273781,1.48434392879389,0.959870069426887,8690.57938245638,0.0063192
14.4,-0.488204741743604,0.731989096833037,3.38000000000007,15.9805991157088,0.838503937448851,0.272280852500252,0.200000000000029,-0.259817356213754,0.965657776549278,3.38,15.9707963267949,0.0731259322212629,0.451279861169485,0.54500000000001,0.0450474561866219,1.46511071913158,0.989342872210174,8691.78158653395,0.006402
14.42,-0.502790332834035,0.722082722748911,3.38400000000007,16.0005995221553,0.838489785840683,0.272286061539659,0.200000000000033,-0.279077262487639,0.960268650723539,3.384,15.9907963267949,0.0731250426462205,0.451280038917151,0.544999999999995,0.0450475796480824,1.44529015619439,1.01842528107119,8692.9375701272,0.006433
14.44,-0.517174588536701,0.711886613572845,3.38800000000008,16.0205999944511,0.838475863049756,0.272291461144734,0.200000000000031,-0.298225541577508,0.954495430240921,3.388,16.0107963267949,0.073124200625301,0.45128022083522,0.544999999999997,0.0450477002952675,1.42489017701247,1.04710562684403,8694.04744989948,0.0062455
14.46,-0.531351756876659,0.701404853821964,3.39200000000008,16.0406005314858,0.838462172134418,0.272297046311652,0.20000000000003,-0.317254534427036,0.948340424312644,3.392,16.0307963267949,0.0731234058885926,0.451280406783528,0.545,0.0450478181129312,1.40391895031309,1.07537240143191,8695.11136143507,0.0061857
14.48,-0.545316168698832,0.690641642228158,3.39600000000008,16.0606011321355,0.838448716008456,0.27230281202236,0.20000000000003,-0.336156629692795,0.941806094859011,3.396,16.0507963267949,0.0731226581383188,0.451280596629979,0.545000000000008,0.0450479330875404,1.38238487325371,1.10321426240853,8696.12945891581,0.0062101
14.5,-0.55906223993573,0.679601290058997,3.40000000000008,16.0806017952635,0.838435497441354,0.272308753247336,0.200000000000033,-0.354924266788705,0.934895055524683,3.4,16.0707963267949,0.0731219570612453,0.451280790234177,0.544999999999988,0.0450480452067389,1.36029656806378,1.13062003755324,8697.10191479664,0.0061744
14.52,-0.57258447384114,0.668288219393622,3.40400000000008,16.1006025197207,0.838422519059087,0.272314864947634,0.200000000000029,-0.37354993891016,0.927610070633246,3.404,16.0907963267949,0.0731213023336306,0.451280987455845,0.545000000000004,0.0450481544599155,1.33766287859638,1.15757872931816,8698.02891948177,0.0060696
14.54,-0.585877463188885,0.656706961354317,3.40800000000009,16.1206033043466,0.838409783345145,0.272321142077243,0.20000000000003,-0.392026196036651,0.919954054081525,3.408,16.1107963267949,0.073120693607251,0.451281188163776,0.544999999999999,0.0450482608375992,1.31449286679133,1.18407951922541,8698.91068099242,0.0061665
14.56,-0.598935892435788,0.64486215429445,3.41200000000009,16.1406041479699,0.838397292641044,0.272327579585795,0.20000000000003,-0.410345647911673,0.911930068174062,3.412,16.1307963267949,0.0731201305274721,0.451281392221279,0.544999999999998,0.0450483643318619,1.29079580905097,1.21011177219273,8699.74742463494,0.0063837
14.58,-0.611754539847949,0.632758541943523,3.41600000000009,16.160605049409,0.838385049147599,0.272334172420632,0.200000000000029,-0.428500966998735,0.903541322398234,3.416,16.1507963267949,0.0731196127144964,0.451281599485124,0.544999999999988,0.0450484649361768,1.26658119253021,1.23566504078576,8700.53939265791,0.0062333
14.6,-0.624328279589518,0.620400971510071,3.42000000000009,16.1806060074727,0.838373054925469,0.272340915528793,0.200000000000025,-0.446484891412266,0.894791172140504,3.42,16.1707963267949,0.0731191397791665,0.451281809827828,0.545000000000008,0.04504856264532,1.24185871134226,1.2607290693953,8701.28684392132,0.0060563
14.62,-0.636652083773092,0.607794391743165,3.4240000000001,16.200607020961,0.838361311896382,0.272347803859905,0.200000000000028,-0.464290227822285,0.885683117344307,3.424,16.1907963267949,0.0731187113192054,0.451282023111083,0.545,0.0450486574555082,1.21663826268157,1.28529379833786,8701.99005354776,0.0064729
14.64,-0.648721024470953,0.594943850953285,3.4280000000001,16.2206080886659,0.838349821844236,0.27235483236792,0.200000000000028,-0.481909854331628,0.876220801110125,3.428,16.2107963267949,0.0731183176834157,0.451282236025669,0.545000000000011,0.0450487492852578,1.19092994286552,1.30934936787776,8702.64931257769,0.0060189
14.66,-0.660530275683775,0.581854494996358,3.4320000000001,16.2406092093697,0.838338586046889,0.27236199588573,0.200000000000032,-0.499336723324618,0.866408008238286,3.432,16.2307963267949,0.0731179706522691,0.451282452580467,0.545000000000011,0.0450488382425388,1.16474404329651,1.33288612216945,8703.26492762466,0.0060731
14.68,-0.672075115272087,0.568531565214913,3.4360000000001,16.2606103818474,0.8383276061353,0.272369289432516,0.200000000000035,-0.516563864286012,0.856248663715105,3.436,16.2507963267949,0.0731176695920442,0.451282672512621,0.545000000000024,0.0450489243362283,1.13809104634613,1.35589461311829,8703.83722052598,0.0061785
14.7,-0.683350926848566,0.554980396338077,3.4400000000001,16.2806116048691,0.838316883598609,0.272376708028823,0.200000000000044,-0.533584386589118,0.845746831142934,3.44,16.2707963267949,0.0731174132444814,0.451282895402419,0.545000000000013,0.0450490075328902,1.11098162116271,1.37836560415813,8704.36652799096,0.0060763
14.72,-0.69435320162431,0.541206414348326,3.44400000000011,16.3006128772003,0.838306419760657,0.27238424669313,0.200000000000049,-0.550391482251952,0.834906711114781,3.444,16.2907963267949,0.073117200527484,0.451283120920386,0.544999999999973,0.0450490878317469,1.0834266194042,1.40029007394423,8704.85320124868,0.0061647
14.74,-0.705077540211976,0.527215134311873,3.44800000000011,16.3206141976017,0.838296215788603,0.272391900449071,0.200000000000039,-0.566978428660341,0.823732639534121,3.448,16.3107963267949,0.0731170304944583,0.451283348792525,0.545000000000056,0.0450491652365552,1.05543707089801,1.42165921996009,8705.29760568839,0.0064599
14.76,-0.715519654385281,0.513012158173313,3.45200000000011,16.3406155648293,0.838286272700166,0.272399664330323,0.200000000000059,-0.583338591256877,0.812229085880604,3.452,16.3307963267949,0.0731169023017376,0.45128357879918,0.545000000000015,0.0450492397524023,1.0270241792296,1.44246446203685,8705.70012050524,0.006422
14.78,-0.725675368794116,0.498603172515437,3.45600000000011,16.3606169776356,0.838276591369622,0.272407533385204,0.200000000000064,-0.599465426194654,0.800400651422312,3.456,16.3507963267949,0.073116815196166,0.451283810756898,0.545000000000025,0.045049311385596,0.998199317261614,1.46269744578374,8706.06113834531,0.0062168
14.8,-0.735540622634596,0.483993946285125,3.46000000000012,16.3806184347697,0.838267172533319,0.272415502680377,0.200000000000073,-0.615352482954721,0.788252067375316,3.46,16.3707963267949,0.0731167684760135,0.451284044489664,0.545000000000023,0.0450493801437203,0.968974022585271,1.4823500459282,8706.38106493752,0.0060959
14.82,-0.745111471273333,0.469190328486237,3.46400000000012,16.4006199349782,0.838258016793652,0.272423567303222,0.200000000000082,-0.630993406926194,0.775788193011259,3.464,16.3907963267949,0.0731167614945869,0.451284279856605,0.54499999999999,0.0450494460355212,0.939359992905863,1.50141436956442,8706.66031874661,0.0061473
14.84,-0.754384087825292,0.454198245840452,3.46800000000012,16.4206214770056,0.838249124623185,0.272431722365277,0.200000000000078,-0.646381941948031,0.763014013713701,3.468,16.4107963267949,0.0731167936297172,0.451284516716574,0.545000000000001,0.0450495090709087,0.909369081364235,1.51988275930897,8706.89933060241,0.0060649
14.86,-0.763354764684577,0.439023700416972,3.47200000000012,16.440623059595,0.838240496367583,0.272439963004104,0.200000000000078,-0.661511932811399,0.749934638984043,3.472,16.4307963267949,0.0731168642747593,0.451284754937909,0.545000000000015,0.0450495692609642,0.879013291796075,1.53774779636219,8707.09854334104,0.0067856
14.88,-0.772019915007524,0.423672767232083,3.47600000000013,16.4606246814888,0.83823213224818,0.272448284385497,0.200000000000084,-0.676377327721684,0.736555300397787,3.476,16.4507963267949,0.0731169728473278,0.451284994397904,0.54500000000001,0.0450496266177855,0.848304773930925,1.55500230347416,8707.25841144904,0.0061924
14.9,-0.780376074147507,0.408151591819499,3.48000000000013,16.4806263414289,0.838224032364926,0.272456681705608,0.200000000000087,-0.690972180719126,0.722881349511976,3.48,16.4707963267949,0.0731171187652254,0.451285234973257,0.545000000000007,0.045049681154674,0.817255818532835,1.57163934781413,8707.37940069577,0.0062486
14.92,-0.788419901040883,0.392466387772497,3.48400000000013,16.5006280381576,0.83821619669837,0.272465150192607,0.20000000000009,-0.705290654057118,0.708918255724651,3.484,16.4907963267949,0.0731173014449422,0.451285476545428,0.544999999999996,0.0450497328859645,0.785878852484596,1.5876522437421,8707.46198777359,0.0063021
14.94,-0.796148179543502,0.376623434258811,3.48800000000013,16.5206297704181,0.838208625111599,0.272473685108525,0.200000000000088,-0.719327020537238,0.694671604087154,3.488,16.5107963267949,0.073117520309932,0.451285718999151,0.545000000000001,0.0450497818270262,0.754186433817529,1.60303455548166,8707.50665993947,0.0060665
14.96,-0.80355781971726,0.360629073509288,3.49200000000014,16.5406315369549,0.83820131735253,0.272482281750984,0.200000000000089,-0.733075665800043,0.680147093070186,3.492,16.5307963267949,0.0731177747692287,0.451285962210873,0.544999999999991,0.0450498279942502,0.722191246688806,1.61778009969275,8707.51391464616,0.0058892
14.98,-0.810645859066172,0.344489708281317,3.49600000000014,16.5606333365145,0.838194273055339,0.272490935454397,0.200000000000085,-0.746531090570739,0.665350532284497,3.496,16.5507963267949,0.0731180642347573,0.451286206066461,0.545000000000042,0.0450498714050166,0.689906096308312,1.63188294794359,8707.48425918987,0.0061761
15,-0.81740946372147,0.328211799298033,3.50000000000014,16.5806351678458,0.838187491742607,0.272499641591875,0.2000000000001,-0.759687912858821,0.650287840157117,3.5,16.5707963267949,0.0731183881125983,0.451286450452999,0.544999999999985,0.0450499120777853,0.657343903817096,1.64533742908056,8707.41821034712,0.0063853
15.02,-0.823845929575253,0.311801862664338,3.50400000000015,16.6006370297007,0.838180972827122,0.272508395576738,0.200000000000095,-0.772540870110797,0.634965041564063,3.504,16.5907963267949,0.07311874579364,0.451286695254687,0.544999999999986,0.0450499500318974,0.624517701119432,1.65813813149529,8707.31629401147,0.0061565
15.04,-0.829952683362225,0.295266467260759,3.50800000000015,16.6206389208347,0.83817471561332,0.272517192863821,0.20000000000009,-0.785084821315137,0.619388265420471,3.508,16.6107963267949,0.0731191366709678,0.45128694035336,0.544999999999999,0.0450499852876023,0.591440625670576,1.67027990528781,8707.17904483939,0.006127
15.06,-0.835727283689107,0.2786122321162,3.51200000000015,16.6406408400071,0.838168719299425,0.272526028950764,0.200000000000089,-0.797314749058608,0.603563742229111,3.512,16.6307963267949,0.0731195601235954,0.451287185641211,0.544999999999997,0.0450500178661838,0.558125915222298,1.68175786432515,8707.0070058913,0.0059983
15.08,-0.841167422011289,0.26184582376062,3.51600000000015,16.6606427859818,0.838162982978949,0.27253489937979,0.200000000000088,-0.809225761533179,0.587497801588267,3.516,16.6507963267949,0.0731200155282468,0.451287431004509,0.544999999999982,0.0450500477897422,0.524586902528297,1.69256738819436,8706.80072827467,0.0063886
15.1,-0.846270923556346,0.24497395355872,3.52000000000016,16.6806447575279,0.838157505642672,0.272543799738765,0.200000000000082,-0.820813094492668,0.571196869659989,3.52,16.6707963267949,0.0731205022524743,0.451287676332259,0.544999999999985,0.0450500750812216,0.490837010011599,1.7027041240493,8706.56077078877,0.0071357
15.12,-0.851035748194045,0.228003375025685,3.52400000000016,16.7006467534196,0.838152286180353,0.272552725662579,0.200000000000077,-0.832072113158389,0.554667466599703,3.524,16.6907963267949,0.0731210196559174,0.451287921512306,0.545000000000013,0.045050099764497,0.456889744396092,1.71216398835043,8706.2876995698,0.0065006
15.14,-0.855459991252495,0.210940881126067,3.52800000000016,16.7206487724373,0.838147323382493,0.272561672834334,0.200000000000081,-0.842998314072995,0.537916203948244,3.528,16.7107963267949,0.0731215670998855,0.451288166440455,0.544999999999996,0.0450501218642944,0.422758691304342,1.7209431684968,8705.98208774356,0.0063898
15.16,-0.859541884280106,0.193793301556887,3.53200000000016,16.7406508133677,0.838142615942488,0.272570636986857,0.20000000000008,-0.853587326901798,0.520949781987327,3.532,16.7307963267949,0.0731221439296476,0.451288411010295,0.544999999999969,0.0450501414060748,0.388457509823829,1.7290381243498,8705.64451506826,0.0060635
15.18,-0.863279795753066,0.17656750001603,3.53600000000017,16.7606528750043,0.838138162458081,0.272579613903763,0.200000000000069,-0.863834916180852,0.50377498705952,3.536,16.7507963267949,0.0731227494957375,0.451288655114167,0.544999999999987,0.045050158416114,0.353999927043811,1.73644558964783,8705.27556759103,0.0061644
15.2,-0.866672231728042,0.159270371457057,3.54000000000017,16.7806549561479,0.838133961433663,0.272588599420513,0.200000000000064,-0.87373698301108,0.4863986888538,3.54,16.7707963267949,0.07312338313419,0.451288898650456,0.54499999999999,0.045050172921484,0.319399732564972,1.74316257331149,8704.87583729766,0.006182
15.22,-0.869717836439848,0.14190883933149,3.54400000000017,16.8006570556073,0.838130011281788,0.272597589425733,0.20000000000006,-0.883289566697775,0.468827837657767,3.544,16.7907963267949,0.0731240441835136,0.451289141516168,0.544999999999995,0.0450501849499076,0.284670772984067,1.74918636063872,8704.44592177066,0.00805
15.24,-0.872415392843841,0.124489852819718,3.54800000000017,16.820659172199,0.838126310325367,0.272606579862199,0.200000000000059,-0.892488846334828,0.451069461577624,3.548,16.8107963267949,0.0731247319799631,0.451289383611833,0.544999999999988,0.0450501945299262,0.249826946355762,1.75451451438932,8703.98642384703,0.0062188
15.26,-0.874763823102831,0.107020384051588,3.55200000000018,16.8406613047483,0.838122856799673,0.272615566727968,0.200000000000055,-0.901331142333039,0.433130663727031,3.552,16.8307963267949,0.0731254458507979,0.451289624839177,0.544999999999988,0.0450502016908138,0.214882196633892,1.75914487575858,8703.49795127583,0.0060888
15.28,-0.876762189018299,0.0895074253178246,3.55600000000018,16.8606634520895,0.838119648854074,0.272624546077381,0.20000000000005,-0.909812917891906,0.415018619385946,3.556,16.8507963267949,0.0731261851224578,0.451289865100326,0.544999999999998,0.0450502064623677,0.179850508094348,1.76307556523951,8702.98111638205,0.0060781
15.3,-0.878409692405769,0.0719579862733851,3.56000000000018,16.8806656130663,0.838116684554094,0.272633514021994,0.20000000000005,-0.917930780414293,0.396740573130612,3.56,16.8707963267949,0.0731269491236099,0.45129010430335,0.544999999999977,0.0450502088751735,0.144745899741843,1.76630498337338,8702.43653573417,0.0065106
15.32,-0.879705675414163,0.0543790911338578,3.56400000000018,16.9006677865319,0.838113961883587,0.272642466731702,0.200000000000041,-0.925681482863428,0.378303835935832,3.564,16.8907963267949,0.0731277371786857,0.45129034235423,0.544999999999982,0.0450502089603885,0.109582419702767,1.76883181138822,8701.86482980878,0.0063921
15.34,-0.880649620789028,0.0367777758660377,3.56800000000018,16.9206699713499,0.838111478746657,0.27265140043548,0.200000000000035,-0.933061925061673,0.359715782250661,3.568,16.9107963267949,0.0731285486030747,0.45129057915882,0.544999999999988,0.0450502067497639,0.0743741396064079,1.77065501172507,8701.26662265907,0.0061402
15.36,-0.881241152079524,0.019161085373801,3.57200000000019,16.9406721663941,0.83810923296937,0.272660311422174,0.200000000000031,-0.940069154930553,0.340983847048736,3.572,16.9307963267949,0.0731293827217642,0.451290814631467,0.544999999999972,0.0450502022757223,0.0391351489567548,1.77177382845178,8700.64254159564,0.0059747
15.38,-0.881480033789085,0.00153607068040204,3.57600000000019,16.9606743705495,0.838107222302216,0.272669196041616,0.20000000000002,-0.946700369671549,0.322115522854383,3.576,16.9507963267949,0.073130238852897,0.451291048681407,0.544999999999984,0.0450501955711427,0.00387954949715263,1.77218778756415,8699.99321685594,0.0059977
15.4,-0.881366171469702,-0.0160902138916826,3.58000000000019,16.9806765827121,0.838105444421901,0.272678050705121,0.200000000000015,-0.95295291688718,0.303118356745702,3.58,16.9707963267949,0.0731311163166261,0.451291281230496,0.545000000000039,0.0450501866695011,-0.0313785504299415,1.77189669717428,8699.31928128978,0.0060753
15.42,-0.880899611759779,-0.0337107135422306,3.58400000000019,17.0006788017893,0.83810389693349,0.272686871886695,0.200000000000029,-0.958824295641926,0.283999947335849,3.584,16.9907963267949,0.073132014429854,0.451291512183754,0.544999999999983,0.0450501756048072,-0.0666250415258463,1.77090064758613,8698.62137003461,0.0061489
15.44,-0.880080542365563,-0.051318375814943,3.58800000000019,17.0206810267007,0.838102577372322,0.272695656122968,0.200000000000023,-0.964312157462568,0.264767941733678,3.588,17.0107963267949,0.0731329325139797,0.451291741470081,0.544999999999992,0.0450501624115099,-0.10184581917893,1.76920001125822,8697.90012021188,0.0061627
15.46,-0.878909291986135,-0.0689061534181777,3.59200000000019,17.0406832563777,0.83810148320624,0.272704400014796,0.20000000000002,-0.969414307277549,0.245430032485003,3.592,17.0307963267949,0.0731338698843733,0.451291969002811,0.545000000000026,0.0450501471246445,-0.13702678910601,1.76679544265341,8697.15617060596,0.006019
15.48,-0.877386330182014,-0.0864670070436205,3.59600000000019,17.0606854897645,0.838100611837379,0.272713100227166,0.200000000000029,-0.974128704294971,0.225993954495693,3.596,17.0507963267949,0.0731348258650217,0.45129219470505,0.545000000000004,0.0450501297795645,-0.172153872989629,1.76368787797593,8696.39016136611,0.0061569
15.5,-0.875512267187405,-0.103993908181763,3.60000000000019,17.080687725818,0.83809996060453,0.272721753490138,0.200000000000031,-0.978453462818884,0.206467481937797,3.6,17.0707963267949,0.0731357997781001,0.451292418506094,0.544999999999976,0.0450501104121158,-0.207213014108943,1.75987853479579,8695.60273370017,0.0066498
15.52,-0.873287853666187,-0.121479841933065,3.60400000000019,17.100689963508,0.838099526785084,0.272730356599581,0.200000000000022,-0.982386853003542,0.186858425139989,3.604,17.0907963267949,0.073136790942272,0.451292640323275,0.544999999999975,0.0450500890585591,-0.242190182961979,1.75536891156051,8694.79452957011,0.0108814
15.54,-0.870713980411714,-0.138917809813676,3.60800000000019,17.1206922018178,0.838099307596884,0.272738906417129,0.200000000000013,-0.985927301545316,0.167174627463537,3.608,17.1107963267949,0.0731377986855224,0.451292860092365,0.545000000000005,0.0450500657555787,-0.277071382876999,1.75016078699462,8693.96619140591,0.0062985
15.56,-0.867791677990583,-0.156300832554586,3.61200000000019,17.1406944397444,0.838099300200587,0.272747399871361,0.200000000000015,-0.989073392311993,0.147423962165065,3.612,17.1307963267949,0.0731388223303977,0.451293077738721,0.545000000000028,0.0450500405401265,-0.311842655610747,1.74425621938705,8693.11836180399,0.0062544
15.58,-0.864522116330468,-0.173621952893099,3.61600000000019,17.1606966762985,0.838099501701416,0.272755833957741,0.200000000000025,-0.991823866909215,0.127614329247352,3.616,17.1507963267949,0.0731398612045043,0.451293293193936,0.545000000000022,0.045050013449587,-0.34649008693132,1.73765754576663,8692.25168324455,0.0062957
15.6,-0.860906604252232,-0.190874238355498,3.62000000000019,17.1806989105051,0.838099909151324,0.272764205739221,0.200000000000033,-0.994177625183815,0.107753652299444,3.62,17.1707963267949,0.0731409146424635,0.451293506391765,0.544999999999992,0.0450499845215858,-0.380999812183437,1.7303673809662,8691.36679780795,0.0063962
15.62,-0.856946588946463,-0.208050784029804,3.62400000000019,17.2007011414035,0.838100519551211,0.272772512346635,0.20000000000003,-0.996133725663867,0.0878498753273122,3.624,17.1907963267949,0.073141981981253,0.451293717269511,0.544999999999957,0.0450499537942563,-0.415358021833882,1.72238861657551,8690.46434689379,0.0063245
15.64,-0.852643655394675,-0.225144715327512,3.62800000000019,17.2207033680475,0.838101329852948,0.272780750979109,0.200000000000014,-0.997691385935259,0.0679109595763636,3.628,17.2107963267949,0.0731430625519612,0.451293925765582,0.544999999999994,0.0450499213056172,-0.449550966994906,1.71372441978353,8689.54497094195,0.0063461
15.66,-0.847999525735374,-0.242149190733192,3.63200000000019,17.2407055895059,0.838102336961051,0.27278891890434,0.200000000000012,-0.998849982954651,0.0479448803470537,3.632,17.2307963267949,0.0731441556860871,0.451294131814681,0.544999999999996,0.0450498870943928,-0.483564964923361,1.70437823211044,8688.6093091608,0.0064198
15.68,-0.843016058575281,-0.259057404540863,3.63600000000019,17.2607078048625,0.838103537734595,0.272797013458647,0.200000000000011,-0.999609053298684,0.0279596238048615,3.636,17.2507963267949,0.0731452607397777,0.451294335365071,0.545000000000028,0.0450498511992297,-0.517386404493394,1.69435376802997,8687.6579992705,0.0066387
15.7,-0.837695248245953,-0.275862589576046,3.64000000000019,17.2807100132163,0.838104928990074,0.272805032047698,0.200000000000021,-0.99996829334934,0.00796318378593734,3.64,17.2707963267949,0.0731463770527938,0.451294536354437,0.545000000000004,0.0450498136592278,-0.551001751640483,1.68365501348247,8686.69167722457,0.0063884
15.72,-0.832039224006114,-0.292558019902413,3.64400000000019,17.3007122136816,0.838106507502601,0.27281297214619,0.200000000000022,-0.999927559415389,-0.0120364414003268,3.644,17.2907963267949,0.0731475039815237,0.451294734729153,0.545000000000021,0.0450497745134298,-0.584397554774665,1.67228622427952,8685.7109769629,0.006365
15.74,-0.826050249190024,-0.309137013511929,3.64800000000019,17.3207144053886,0.838108270008416,0.272820831298312,0.20000000000003,-0.999486867789862,-0.0320312521705163,3.648,17.3107963267949,0.0731486408741106,0.451294930442539,0.544999999999973,0.0450497338012347,-0.61756045016076,1.66025192440054,8684.71653015116,0.0065032
15.76,-0.819730720302209,-0.325592934997437,3.65200000000019,17.340716587483,0.838110213206374,0.272828607118098,0.20000000000002,-0.998646394743533,-0.0520132508669136,3.652,17.3307963267949,0.0731497870958829,0.451295123435947,0.544999999999963,0.0450496915621541,-0.650477167263473,1.64755690418211,8683.70896593352,0.0062978
15.78,-0.813083166058915,-0.34191919820659,3.65600000000019,17.3607187591267,0.838112333760433,0.272836297288954,0.200000000000007,-0.997406476454414,-0.0719744449564648,3.656,17.3507963267949,0.0731509420060009,0.451295313660698,0.544999999999997,0.0450496478359086,-0.683134534055209,1.63420621840082,8682.68891068542,0.0069335
15.8,-0.806110246376702,-0.358109268876094,3.66000000000019,17.3807209194975,0.838114628301188,0.27284389956407,0.200000000000006,-0.995767608873289,-0.0919068502276816,3.66,17.3707963267949,0.0731521049748093,0.451295501073231,0.545000000000024,0.0450496026621675,-0.715519482284486,1.62020518425033,8681.65698777664,0.0061996
15.82,-0.798814751308527,-0.374156667245186,3.66400000000019,17.4007230677895,0.838117093428072,0.272851411766605,0.200000000000015,-0.993730447525339,-0.111802493984214,3.664,17.3907963267949,0.0731532753765269,0.451295685631433,0.545000000000001,0.045049556080879,-0.747619052702847,1.60555937921345,8680.61381733335,0.0062864
15.84,-0.791199599927791,-0.390054970647324,3.66800000000018,17.4207252032134,0.838119725711258,0.272858831789675,0.200000000000015,-0.991295807247941,-0.131653418233833,3.668,17.4107963267949,0.0731544525901126,0.45129586728482,0.545000000000009,0.045049508131952,-0.779420400248167,1.59027463883013,8679.56001600396,0.0063795
15.86,-0.783267839160771,-0.405797816079024,3.67200000000018,17.4407273249961,0.838122521693555,0.272866157595905,0.200000000000018,-0.988464661864746,-0.151451682871513,3.672,17.4307963267949,0.0731556359991159,0.451296045997337,0.54500000000001,0.0450494588555036,-0.810910799182295,1.57435705436225,8678.49619673738,0.0068763
15.88,-0.775022642567914,-0.421378902744852,3.67600000000018,17.4607294323812,0.838125477892293,0.272873387217907,0.200000000000022,-0.985238143796158,-0.171189368855374,3.676,17.4507963267949,0.0731568249932391,0.451296221732062,0.54500000000001,0.0450494082914689,-0.842077648180957,1.55781297035612,8677.42296855867,0.0063339
15.9,-0.766467309074467,-0.436791994577513,3.68000000000018,17.4807315246293,0.838128590801234,0.272880518758081,0.200000000000025,-0.981617543606384,-0.190858581374189,3.68,17.4707963267949,0.0731580189708708,0.451296394445965,0.544999999999968,0.0450493564799225,-0.872908475373912,1.54064898210365,8676.34093635123,0.0061799
15.92,-0.757605261650975,-0.452030922732066,3.68400000000018,17.5007336010176,0.838131856892572,0.272887550388177,0.200000000000014,-0.977604309487228,-0.2104514530052,3.684,17.4907963267949,0.0731592173326244,0.451296564101095,0.544999999999993,0.0450493034611237,-0.903390943333315,1.52287193300327,8675.25070064497,0.0063487
15.94,-0.74844004594415,-0.467089588053245,3.68800000000018,17.5207356608402,0.838135272618638,0.272894480349284,0.200000000000011,-0.973200046678827,-0.229960146860991,3.688,17.5107963267949,0.073160419485241,0.45129673067306,0.545000000000004,0.0450492492748299,-0.93351285400831,1.50448891182159,8674.15285741165,0.0065256
15.96,-0.738975328858678,-0.481961963514899,3.69200000000018,17.5407377034083,0.838138834413749,0.272901306952161,0.200000000000013,-0.968406516827582,-0.249376859724133,3.692,17.5307963267949,0.0731616248467929,0.45129689412475,0.544999999999988,0.0450491939615745,-0.963262153603881,1.48550724985694,8673.04799785874,0.006436
15.98,-0.729214897090511,-0.496642096630589,3.69600000000018,17.5607397280502,0.838142538696239,0.272908028576418,0.200000000000009,-0.963225637281521,-0.268693825168365,3.696,17.5507963267949,0.0731628328327587,0.451297054423255,0.545000000000019,0.0450491375609832,-0.992626937401992,1.46593451800587,8671.93670823069,0.0066101
16,-0.719162655612253,-0.511124111834369,3.70000000000017,17.5807417341114,0.838146381869903,0.272914643670398,0.200000000000015,-0.957659480323385,-0.287903316665065,3.7,17.5707963267949,0.0731640428775464,0.451297211548674,0.544999999999992,0.0450490801130226,-1.0215954545231,1.44577852373388,8670.81956962413,0.0064145
16.02,-0.708822626111228,-0.52540221283079,3.70400000000018,17.6007437209545,0.838150360326278,0.272921150751393,0.200000000000012,-0.951710272341742,-0.30699765067376,3.704,17.5907963267949,0.0731652544105501,0.451297365469694,0.544999999999965,0.0450490216577352,-1.05015611262617,1.42504730795148,8669.69715778887,0.0061149
16.04,-0.698198945380867,-0.53947068491321,3.70800000000018,17.6207456879594,0.838154470445948,0.272927548404809,0.2,-0.945380392940463,-0.325969189715432,3.708,17.6107963267949,0.0731664668774656,0.451297516161008,0.544999999999957,0.0450489622347795,-1.07829748254518,1.40374914179689,8668.57004295346,0.0060657
16.06,-0.687295863666052,-0.55332389724946,3.71200000000018,17.6407476345233,0.838158708600666,0.272933835284036,0.199999999999984,-0.938672373986913,-0.344810345427416,3.712,17.6307963267949,0.0731676797245877,0.451297663600599,0.544999999999964,0.0450489018837602,-1.1060083028605,1.38189252332666,8667.43878964298,0.0060194
16.08,-0.676117742963077,-0.566956305133962,3.71600000000018,17.6607495600608,0.838163071154824,0.272940010110179,0.199999999999971,-0.931588898599232,-0.363513581598639,3.716,17.6507963267949,0.073168892409742,0.451297807767814,0.544999999999971,0.0450488406442501,-1.13327748440305,1.35948617411555,8666.30395650837,0.005991
16.1,-0.664669055274911,-0.5803624522054,3.72000000000018,17.6807514640038,0.838167554467339,0.272946071671686,0.199999999999961,-0.92413280007313,-0.382071417184009,3.72,17.6707963267949,0.0731701043972553,0.451297948646621,0.545000000000018,0.0450487785557534,-1.16009411468964,1.33653903576702,8665.16609615801,0.0061421
16.12,-0.652954380822458,-0.593536972629049,3.72400000000017,17.7007533458014,0.838172154893307,0.272952018824081,0.199999999999967,-0.916307060748606,-0.40047642929672,3.724,17.6907963267949,0.0731713151566409,0.451298086212853,0.545000000000024,0.0450487156572567,-1.18644746228757,1.31306026633562,8664.0257549916,0.0062981
16.14,-0.640978406212526,-0.606474593242899,3.72800000000017,17.7207552049203,0.83817686878558,0.272957850489143,0.199999999999976,-0.908114810817047,-0.418721256177326,3.728,17.7107963267949,0.0731725241656374,0.45129822045543,0.545000000000012,0.0450486519878606,-1.21232698110688,1.28905923666296,8662.88347304653,0.0063979
16.16,-0.628745922563255,-0.619170135666707,3.73200000000017,17.7407570408446,0.838181692496432,0.272963565654958,0.19999999999998,-0.899559327069198,-0.436798600138338,3.732,17.7307963267949,0.0731737309176963,0.45129835136249,0.544999999999989,0.0450485875866053,-1.23772231461844,1.26454552662844,8661.73978384538,0.0062287
16.18,-0.616261823587721,-0.631618518373136,3.73600000000017,17.7607588530756,0.838186622379507,0.272969163375351,0.199999999999977,-0.890644031584486,-0.454701230483197,3.736,17.7507963267949,0.0731749348996306,0.45129847891608,0.544999999999972,0.0450485224918465,-1.26262329999619,1.23952892131647,8660.59521423985,0.0064725
16.2,-0.60353110363652,-0.643814758720158,3.74000000000017,17.780760641132,0.838191654790832,0.272974642769087,0.199999999999966,-0.881372490362235,-0.472421986398466,3.74,17.7707963267949,0.0731761356221776,0.451298603110823,0.544999999999997,0.0450484567420731,-1.28701997218193,1.21401940710155,8659.45028427976,0.0067178
16.22,-0.590558855700088,-0.655753974943896,3.74400000000016,17.8007624045499,0.838196786091037,0.272980003019829,0.199999999999965,-0.871748411895315,-0.489953779818051,3.744,17.7907963267949,0.0731773325922505,0.45129872393445,0.545000000000002,0.0450483903758241,-1.31090256787103,1.18802716765288,8658.30550706409,0.0063075
16.24,-0.57735026937157,-0.667431388111126,3.74800000000016,17.8207641428827,0.838202012646434,0.272985243375251,0.199999999999966,-0.861775645686795,-0.507289598258339,3.748,17.8107963267949,0.0731785253321865,0.451298841382613,0.54500000000002,0.0450483234304287,-1.33426152941736,1.16156257986002,8657.16138861542,0.006269
16.26,-0.563910628771045,-0.678842324030635,3.75200000000016,17.8407658557008,0.838207330830831,0.272990363146761,0.199999999999973,-0.851458180710189,-0.524422507623095,3.752,17.8307963267949,0.0731797133650975,0.451298955443404,0.545000000000011,0.0450482559440977,-1.35708750865605,1.13463620968135,8656.0184277448,0.0061308
16.28,-0.550245310431946,-0.689982215122693,3.75600000000016,17.8607675425923,0.838212737026735,0.272995361708556,0.199999999999977,-0.840800143813921,-0.541345654977011,3.756,17.8507963267949,0.073180896233847,0.451299066119564,0.54500000000001,0.0450481879539154,-1.37937137064241,1.1072588079168,8654.87711593822,0.0060786
16.3,-0.536359781150513,-0.700846602245874,3.76000000000016,17.880769203162,0.838218227627295,0.273000238497582,0.199999999999981,-0.829805798070649,-0.558052271286779,3.76,17.8707963267949,0.0731820734787552,0.451299173403953,0.544999999999979,0.0450481194972944,-1.40110419730556,1.07944130590678,8653.73793722802,0.0060901
16.32,-0.522259595799137,-0.711431136480505,3.76400000000016,17.9007708370321,0.83822379903731,0.273004993012443,0.199999999999973,-0.818479541072078,-0.574535674128631,3.764,17.8907963267949,0.0731832446603984,0.451299277302464,0.544999999999968,0.0450480506106446,-1.42227729101535,1.05119481115875,8652.60136808976,0.0060249
16.34,-0.507950395104483,-0.721731580868029,3.76800000000015,17.9207724438416,0.838229447675133,0.273009624813266,0.199999999999962,-0.806825903169994,-0.590789270361204,3.768,17.9107963267949,0.0731844093318245,0.451299377803824,0.545000000000035,0.0450479813308144,-1.44288217806108,1.02253060290349,8651.46787732012,0.0059916
16.36,-0.493437903391262,-0.73174381210558,3.77200000000015,17.9407740232467,0.838235169973423,0.273014133520274,0.199999999999975,-0.794849545664176,-0.606806558762718,3.772,17.9307963267949,0.0731855670689171,0.451299474915222,0.544999999999999,0.045047911693845,-1.46291061204065,0.993460127582563,8650.33792594824,0.0059006
16.38,-0.478727926292585,-0.741463822195102,3.77600000000015,17.9607755749204,0.83824096238109,0.273018518813833,0.199999999999974,-0.782555258937946,-0.622581132631374,3.776,17.9507963267949,0.0731867174564479,0.451299568646398,0.545000000000014,0.0450478417354786,-1.4823545771588,0.963994994268983,8649.21196713191,0.0064486
16.4,-0.463826348427763,-0.750887720046338,3.78000000000015,17.9807770985524,0.838246821364654,0.273022780433822,0.199999999999979,-0.769947960542072,-0.638106682347947,3.78,17.9707963267949,0.0731878600782496,0.451299658996552,0.54500000000001,0.0450477714915173,-1.50120629143311,0.934146970022791,8648.09044605749,0.00626
16.42,-0.44873913104854,-0.760011733033065,3.78400000000015,18.0007785938492,0.838252743409183,0.27302691817843,0.199999999999983,-0.757032693227814,-0.65337699789956,3.784,17.9907963267949,0.0731889945360446,0.451299745972121,0.544999999999959,0.0450477009967599,-1.51945820980649,0.903927975183466,8646.973799859,0.0066661
16.44,-0.433472309654663,-0.768832208501945,3.78800000000015,18.0207800605339,0.838258725019946,0.273030931903684,0.199999999999968,-0.743814622929902,-0.668385971363588,3.788,18.0107963267949,0.0731901204391158,0.45129982958428,0.54499999999998,0.0450476302861124,-1.53710302716487,0.87335007860103,8645.86245753212,0.0064655
16.46,-0.418031991579757,-0.777345615233376,3.79200000000014,18.0407814983462,0.838264762723635,0.273034821522871,0.199999999999961,-0.730299036700215,-0.683127599350765,3.792,18.0307963267949,0.0731912373972463,0.451299909836951,0.544999999999996,0.0450475593940339,-1.55413368125894,0.842425492807751,8644.75683984894,0.0062727
16.48,-0.402424353548464,-0.785548544853786,3.79600000000014,18.060782907042,0.838270853069266,0.273038587005418,0.199999999999959,-0.716491340593037,-0.697595985406447,3.796,18.0507963267949,0.0731923450422028,0.451299986743512,0.545000000000022,0.0450474883543404,-1.57054335552875,0.811166569132387,8643.65735929307,0.0068536
16.5,-0.386655639205835,-0.793437713198777,3.80000000000014,18.0807842863936,0.838276992629916,0.273042228376487,0.199999999999967,-0.702397057502714,-0.711785342369123,3.8,18.0707963267949,0.0731934430078134,0.451300060316235,0.544999999999994,0.0450474172008281,-1.58632548183003,0.779585792758917,8642.56441998272,0.0064259
16.52,-0.370732156619946,-0.801009961626595,3.80400000000014,18.1007856361895,0.838283178003638,0.27304574571609,0.199999999999965,-0.688021824954558,-0.725689994685196,3.804,18.0907963267949,0.0731945309407435,0.451300130571468,0.545000000000028,0.0450473459665901,-1.60147374306113,0.747695777731739,8641.47841760926,0.0062114
16.54,-0.354660275758748,-0.808262258281385,3.80800000000013,18.1207869562341,0.838289405814765,0.273049139158418,0.199999999999975,-0.673371392849922,-0.739304380679132,3.808,18.1107963267949,0.0731956084911086,0.451300197516523,0.544999999999999,0.0450472746844524,-1.61598207568958,0.715509261909328,8640.3997393709,0.0060219
16.56,-0.338446425942161,-0.815191699305737,3.81200000000013,18.1407882463478,0.838295672714827,0.273052408890606,0.199999999999975,-0.658451621166313,-0.752623054778057,3.812,18.1307963267949,0.0731966753222185,0.451300261172105,0.545000000000026,0.0450472033865564,-1.62984467217719,0.683039101868381,8639.32876392378,0.005914
16.58,-0.322097093270432,-0.821795510002035,3.81600000000013,18.1607895063667,0.838301975383809,0.27305555515244,0.199999999999984,-0.643268477613474,-0.765640689689912,3.816,18.1507963267949,0.073197731107429,0.451300321551994,0.544999999999977,0.0450471321050604,-1.6430559833028,0.650298267760483,8638.26586132602,0.005996
16.6,-0.305618818029776,-0.828071045942138,3.82000000000013,18.1807907361426,0.838308310531272,0.273058578235178,0.199999999999976,-0.627828035246386,-0.778352078534298,3.82,18.1707963267949,0.0731987755316251,0.45130037867774,0.544999999999955,0.045047060871294,-1.65561072038165,0.617299838123345,8637.21139299419,0.005932
16.62,-0.289018192076343,-0.834015794024962,3.82400000000013,18.2007919355428,0.838314674897493,0.273061478480995,0.199999999999959,-0.612136470036131,-0.790752136925159,3.824,18.1907963267949,0.0731998082802761,0.451300432566064,0.545000000000013,0.0450469897163161,-1.66750385738059,0.5840569946487,8636.16571165536,0.0059548
16.64,-0.272301856199563,-0.839627373481523,3.82800000000013,18.2207931044497,0.838321065254146,0.273064256281876,0.199999999999964,-0.596200058399572,-0.80283590500447,3.828,18.2107963267949,0.0732008290584926,0.451300483240325,0.545000000000016,0.0450469186706703,-1.67873063292821,0.550583016908946,8635.1291613161,0.0058959
16.66,-0.255476497465919,-0.844903536827057,3.83200000000012,18.2407942427612,0.838327478405715,0.273066912078994,0.19999999999997,-0.580025174688882,-0.814598549426116,3.832,18.2307963267949,0.0732018375707997,0.451300530717234,0.545000000000002,0.0450468477643815,-1.68928655221908,0.516891277044639,8634.102077221,0.0060929
16.68,-0.238548846544209,-0.849842170759824,3.83600000000012,18.2607953503898,0.838333911190062,0.27306944636151,0.19999999999997,-0.563618288641882,-0.82603536528916,3.836,18.2507963267949,0.0732028335463036,0.451300575028544,0.545000000000013,0.0450467770271783,-1.69916738881146,0.482995234414974,8633.08478583506,0.0063624
16.7,-0.221525675013368,-0.854441297006238,3.84000000000012,18.2807964272631,0.838340360479986,0.273071859666284,0.199999999999975,-0.546985962794236,-0.837141778019747,3.84,18.2707963267949,0.0732038167067507,0.451300616190739,0.545000000000011,0.045046706487993,-1.70836918631752,0.448908430213378,8632.07760480393,0.0062134
16.72,-0.204413792653922,-0.858699073111995,3.84400000000012,18.3007974733234,0.838346823183466,0.273074152576292,0.199999999999979,-0.530134849854521,-0.847913345200867,3.844,18.2907963267949,0.0732047867929242,0.451300654231361,0.544999999999988,0.0450466361758523,-1.71688825998571,0.414644482050385,8631.08084294492,0.0060131
16.74,-0.187220044724177,-0.862613793178865,3.84800000000011,18.3207984885273,0.838353296244938,0.273076325720158,0.199999999999975,-0.513071690043234,-0.858345758349268,3.848,18.3107963267949,0.0732057435490361,0.451300689174668,0.544999999999992,0.045046566118469,-1.72472119817435,0.380217078505942,8630.09480022385,0.0062161
16.76,-0.169951309222209,-0.866183888546872,3.85200000000011,18.3407994728458,0.838359776645914,0.273078379771064,0.199999999999972,-0.495803308396795,-0.868434844638786,3.852,18.3307963267949,0.073206686735703,0.451300721048863,0.545000000000009,0.0450464963435801,-1.73186486371602,0.345639973653344,8629.1197677477,0.0060175
16.78,-0.152614494134757,-0.869407928421577,3.85600000000011,18.3608004262641,0.838366261406096,0.273080315445972,0.199999999999975,-0.478336612037616,-0.878176568569428,3.856,18.3507963267949,0.0732076161190826,0.45130074988407,0.545000000000016,0.0450464268786945,-1.73831639517222,0.310926981556974,8628.15602775345,0.0059569
16.8,-0.13521653467413,-0.872284620446211,3.86000000000011,18.3808013487812,0.838372747584031,0.273082133504735,0.199999999999981,-0.460678587411363,-0.887567033581505,3.86,18.3707963267949,0.0732085314719559,0.451300775706395,0.545000000000001,0.0450463577500825,-1.74407320797763,0.276091970746053,8627.20385360272,0.0065107
16.82,-0.117764390504215,-0.874812811218445,3.86400000000011,18.40080224041,0.838379232277776,0.273083834748963,0.199999999999982,-0.442836297492443,-0.896602483614218,3.864,18.3907963267949,0.073209432584855,0.451300798547475,0.544999999999955,0.045046288983866,-1.74913299547373,0.241148858666615,8626.26350978642,0.0059546
16.84,-0.100265042956718,-0.876991486751574,3.86800000000011,18.4208031011767,0.838385712625985,0.273085420021294,0.199999999999965,-0.424816878958933,-0.905279304608026,3.868,18.4107963267949,0.0732103192446386,0.451300818436298,0.545,0.0450462206059114,-1.75349372983121,0.206111606113918,8625.33525192127,0.0059075
16.86,-0.0827254922387278,-0.878819772879938,3.87200000000011,18.4408039311211,0.838392185808105,0.273086890204302,0.199999999999965,-0.406627539337988,-0.913594025950221,3.872,18.4307963267949,0.073211191260368,0.451300835407808,0.545000000000003,0.0450461526409985,-1.75715366286085,0.170994211647527,8624.41932676609,0.0060203
16.88,-0.0651527546327418,-0.880296935608413,3.8760000000001,18.4608047302962,0.838398649045596,0.273088246219774,0.199999999999966,-0.388275554122936,-0.921543321863127,3.876,18.4507963267949,0.0732120484437199,0.451300849491733,0.545000000000011,0.0450460851140336,-1.76011132671257,0.135810705991293,8623.5159722263,0.0059093
16.9,-0.047553859690251,-0.881422381405847,3.8800000000001,18.4808054987677,0.838405099602323,0.273089489027503,0.19999999999997,-0.369768263863173,-0.929124012734368,3.88,18.4707963267949,0.0732128906137205,0.451300860722271,0.545000000000001,0.045046018048708,-1.76236553446234,0.100575146420477,8622.62541737175,0.0059852
16.92,-0.0299358474200299,-0.882195657442297,3.8840000000001,18.5008062366142,0.838411534785119,0.273090619624498,0.199999999999971,-0.35111307122804,-0.936333066388672,3.884,18.4907963267949,0.0732137176045524,0.451300869132603,0.545000000000036,0.0450459514686198,-1.7639153805867,0.0653016111382617,8621.74788245697,0.0059192
16.94,-0.0123057654722389,-0.882616451770001,3.8880000000001,18.5208069439268,0.838417951944639,0.273091639043955,0.199999999999984,-0.332317438045864,-0.943167599300694,3.888,18.5107963267949,0.0732145292521966,0.451300874760441,0.544999999999989,0.0450458853968245,-1.76476024132477,0.0300041936438893,8620.88357894186,0.0062633
16.96,0.00532933368052727,-0.882684593447992,3.8920000000001,18.540807620809,0.838424348475646,0.273092548354454,0.19999999999998,-0.313388882319309,-0.949624877748395,3.892,18.5307963267949,0.0732153254138518,0.45130087763966,0.544999999999965,0.0450458198556659,-1.76489977492752,-0.00530300290529975,8620.03270952109,0.0062573
16.98,0.0229623955641204,-0.882400052610315,3.8960000000001,18.5608082673764,0.83843072181805,0.273093348658811,0.199999999999967,-0.29433497521829,-0.955702318906493,3.896,18.5507963267949,0.0732161059418511,0.451300877807625,0.545000000000001,0.0450457548669068,-1.76433392179428,-0.0406058713356936,8619.19546814873,0.0064503
17,0.0405863665245185,-0.881762940477811,3.90000000000009,18.5808088837563,0.838437069456883,0.273094041093231,0.199999999999968,-0.275163338051597,-0.961397491879557,3.9,18.5707963267949,0.0732168707003813,0.451300875301706,0.545000000000014,0.0450456904521126,-1.76306290449633,-0.0758903061008329,8618.37204007474,0.0059701
17.02,0.0581941965491721,-0.880773509313481,3.90400000000009,18.600809470088,0.838443388922913,0.273094626826318,0.199999999999973,-0.255881639218479,-0.966708118674331,3.904,18.5907963267949,0.0732176195661792,0.451300870156353,0.544999999999997,0.0450456266317807,-1.76108722768767,-0.111142208924178,8617.56260188131,0.0060433
17.04,0.0757788420868951,-0.879432152321418,3.90800000000009,18.6208100265219,0.838449677793263,0.273095107057966,0.199999999999972,-0.236497591141384,-0.971632075110905,3.908,18.6107963267949,0.0732183524306762,0.451300862414953,0.54500000000003,0.0450455634262947,-1.75840767790301,-0.146347494438963,8616.76732152665,0.0059928
17.06,0.093333268865174,-0.877739403489382,3.91200000000009,18.6408105532199,0.838455933692089,0.273095483018736,0.199999999999983,-0.217018947181091,-0.976167391672356,3.912,18.6307963267949,0.073219069177704,0.451300852115451,0.544999999999987,0.0450455008554649,-1.75502532324289,-0.181492095822875,8615.9863583793,0.0059186
17.08,0.110850454703761,-0.875695937375053,3.91600000000009,18.6608110503548,0.838462154290349,0.27309575596864,0.199999999999978,-0.197453498535473,-0.98031225429253,3.916,18.6507963267949,0.0732197697157375,0.451300839293546,0.544999999999954,0.0450454389380522,-1.75094151294629,-0.216561970425319,8615.21986327315,0.0059918
17.1,0.128323392323427,-0.873302568836061,3.92000000000009,18.6808115181102,0.838468337306829,0.273095927196055,0.199999999999962,-0.177809071123116,-0.984065005081643,3.92,18.6707963267949,0.0732204539529517,0.451300823993854,0.545000000000028,0.0450453776930765,-1.74615787685072,-0.251543105384998,8614.4679785537,0.0059276
17.12,0.145745092148759,-0.870560252703907,3.92400000000008,18.7008119566802,0.83847448050815,0.273095998017112,0.199999999999972,-0.158093522453069,-0.987424142989415,3.924,18.6907963267949,0.0732211218048178,0.451300806254829,0.545000000000011,0.045045317138226,-1.74067632474012,-0.286421523235579,8613.73083812948,0.0060534
17.14,0.16310858510387,-0.867470083401884,3.92800000000008,18.7208123662693,0.838480581709065,0.27309596977445,0.199999999999975,-0.138314738481926,-0.990388324405471,3.928,18.7107963267949,0.0732217732022232,0.451300786120323,0.545000000000018,0.045045257290999,-1.73449904558078,-0.321183287497192,8613.0085675322,0.006021
17.16,0.180406925399907,-0.864033294507169,3.93200000000008,18.7408127470919,0.838486638773042,0.273095843836466,0.199999999999982,-0.118480630459562,-0.992956363696766,3.932,18.7307963267949,0.0732224080844225,0.451300763631622,0.544999999999976,0.0450451981684802,-1.72762850664552,-0.355814508251526,8612.30128397304,0.0065655
17.18,0.197633193313253,-0.860251258257265,3.93600000000008,18.7608130993725,0.838492649612556,0.273095621596215,0.199999999999973,-0.0985991317647353,-0.995127233681824,3.936,18.7507963267949,0.07322302638806,0.451300738828982,0.545000000000007,0.0450451397868984,-1.72006745252671,-0.390301347698306,8611.60909640073,0.006296
17.2,0.214780497953292,-0.856125485000966,3.94000000000008,18.780813423345,0.838498612188913,0.273095304470397,0.199999999999976,-0.0786781947318402,-0.996900066041596,3.94,18.7707963267949,0.0732236280641875,0.451300711755708,0.545000000000012,0.0450450821621167,-1.71181890403815,-0.424630025690901,8610.93210557129,0.0065392
17.22,0.231841980018638,-0.851657622594095,3.94400000000008,18.8008137192528,0.838504524512734,0.273094893898514,0.19999999999998,-0.0587257874700809,-0.998274151666775,3.944,18.7907963267949,0.0732242130807746,0.451300682457258,0.544999999999979,0.0450450253093399,-1.7028861570067,-0.45878682524888,8610.27040411682,0.0065383
17.24,0.248810814540741,-0.846849455740234,3.94800000000008,18.8208139873485,0.83851038464452,0.273094391341985,0.199999999999973,-0.0387498906763337,-0.999248940941431,3.948,18.8107963267949,0.0732247813977433,0.451300650971856,0.544999999999974,0.0450449692434116,-1.69327278095372,-0.492758098045291,8609.62407660634,0.0062514
17.26,0.265680213613748,-0.841702905276716,3.95200000000007,18.8408142278934,0.838516190694193,0.273093798282878,0.199999999999964,-0.0187584944429742,-0.999824043962853,3.952,18.8307963267949,0.0732253329932084,0.451300617349804,0.54500000000004,0.0450449139782465,-1.68298261766712,-0.526530269866468,8608.99319962912,0.0063775
17.28,0.282443429109537,-0.836220027406181,3.95600000000007,18.8608144411576,0.838521940821669,0.273093116223463,0.199999999999978,0.00124040493805602,-0.999999230697499,3.956,18.8507963267949,0.0732258678552571,0.451300581634524,0.545000000000017,0.0450448595276075,-1.67201977966453,-0.560089846042198,8608.37784186469,0.0063031
17.3,0.299093755376854,-0.830403012873961,3.96000000000007,18.8808146274198,0.838527633237084,0.27309234668496,0.199999999999984,0.021238808173646,-0.999774431073011,3.96,18.8707963267949,0.073226385969078,0.451300543867354,0.544999999999974,0.0450448059045231,-1.66038864854814,-0.59342341684406,8607.77806415755,0.0065508
17.32,0.315624531923439,-0.824254186091684,3.96400000000007,18.9008147869665,0.838533266200477,0.273091491206508,0.199999999999975,0.0412287161691469,-0.999149735006242,3.964,18.8907963267949,0.0732268873353929,0.451300504091713,0.544999999999981,0.0450447531214725,-1.64809387325192,-0.626517662849781,8607.19391960221,0.0066654
17.34,0.332029146080103,-0.817776004207392,3.96800000000007,18.9208149200924,0.838538838022197,0.273090551344303,0.199999999999968,0.061202133227889,-0.99812539236729,3.968,18.9107963267949,0.0732273719609622,0.451300462358369,0.545000000000001,0.0450447011904691,-1.6351403681819,-0.659359360271472,8606.62545362532,0.0063651
17.36,0.34830103564567,-0.810971056122576,3.97200000000007,18.9408150270999,0.83854434706291,0.273089528670973,0.199999999999968,0.0811510702493575,-0.996701812879551,3.972,18.9307963267949,0.0732278398622689,0.451300418710289,0.544999999999995,0.0450446501228577,-1.62153331125033,-0.691935386245596,8606.0727040682,0.0087446
17.38,0.364433691511728,-0.803842061456506,3.97600000000006,18.9608151082989,0.838549791733735,0.273088424774318,0.199999999999966,0.101067547924726,-0.994879565955841,3.976,18.9507963267949,0.0732282910536418,0.451300373190752,0.545000000000032,0.045044599929597,-1.60727814180434,-0.724232724082576,8605.53570127159,0.0064058
17.4,0.380420660266154,-0.796391869458291,3.98000000000006,18.9808151640064,0.838555170495879,0.273087241256397,0.199999999999978,0.120943599928474,-0.992659380470633,3.98,18.9707963267949,0.0732287255656225,0.451300325849217,0.545000000000024,0.0450445506210083,-1.59238055845012,-0.75623846847391,8605.01446817098,0.0062962
17.42,0.396255546774342,-0.788623457867075,3.98400000000006,19.0008151945465,0.838560481861004,0.273085979732873,0.199999999999986,0.140771276104814,-0.990042144468518,3.984,18.9907963267949,0.0732291434359447,0.451300276728432,0.544999999999992,0.0450445022068073,-1.57684651677337,-0.78793983065475,8604.50902038308,0.0063673
17.44,0.411932016737139,-0.780539931720848,3.98800000000006,19.0208152002499,0.838565724391194,0.273084641831821,0.199999999999984,0.160542645647634,-0.987028904809002,3.988,19.0107963267949,0.0732295447022037,0.45130022587543,0.544999999999958,0.0450444546963698,-1.56068222695695,-0.819324143519846,8604.01936629917,0.0063994
17.46,0.427443799224436,-0.77214452211434,3.99200000000006,19.0408151814541,0.838570896698632,0.273083229193005,0.199999999999969,0.180249800272735,-0.983620866747772,3.992,19.0307963267949,0.0732299294169052,0.451300173341427,0.544999999999947,0.0450444080983679,-1.5438941512967,-0.850378866690825,8603.5455071841,0.0064935
17.48,0.442784689183414,-0.763440584906495,3.99600000000006,19.0608151385025,0.838575997445849,0.273081743467163,0.19999999999995,0.199884857381025,-0.979819393454614,3.996,19.0507963267949,0.0732302976358105,0.4513001191655,0.545000000000042,0.0450443624211494,-1.52648900161643,-0.881091591532783,8603.08743726705,0.0062076
17.5,0.457948549920441,-0.754431599378038,4.00000000000006,19.0808150717449,0.838581025345492,0.273080186314604,0.199999999999965,0.219439963211459,-0.975626005468158,4,19.0707963267949,0.073230649415656,0.451300063396948,0.545000000000026,0.0450443176723282,-1.50847373658313,-0.911450046118164,8602.6451438436,0.006578
17.52,0.472929315555619,-0.74512116683969,4.00400000000006,19.1008149815367,0.838585979159989,0.273078559404764,0.199999999999974,0.238907295982436,-0.971042380087687,4.004,19.0907963267949,0.0732309848277346,0.45130000608557,0.544999999999962,0.0450442738590606,-1.48985555892338,-0.941442100135962,8602.21860737829,0.0066417
17.54,0.487720993449016,-0.735513009191555,4.00800000000006,19.1208148682387,0.83859085770174,0.273076864415363,0.19999999999996,0.258279069020408,-0.966070350702241,4.008,19.1107963267949,0.0732313039474011,0.451299947272991,0.544999999999962,0.0450442309879938,-1.47064191254219,-0.971055769744272,8601.80780160237,0.0062606
17.56,0.502317666597592,-0.72561096743429,4.01200000000006,19.1408147322174,0.838595659832865,0.273075103031201,0.199999999999947,0.277547533874446,-0.960711906057281,4.012,19.1307963267949,0.0732316068564939,0.451299887008021,0.544999999999983,0.0450441890654032,-1.4508404795454,-1.00027922236424,8601.41269362116,0.0064335
17.58,0.516713496001882,-0.715419000132635,4.01600000000006,19.1608145738442,0.838600384465046,0.273073276943606,0.199999999999941,0.296704983415519,-0.954969189459218,4.016,19.1507963267949,0.0732318936425409,0.451299825337235,0.544999999999952,0.0450441480968195,-1.43045917716669,-1.02910078141354,8601.03324401729,0.0064963
17.6,0.530902723001466,-0.70494118183191,4.02000000000006,19.1808143934952,0.838605030559311,0.273071387849504,0.199999999999924,0.315743754919243,-0.948844497918124,4.02,19.1707963267949,0.0732321643950764,0.451299762307738,0.544999999999961,0.0450441080875386,-1.40950615460071,-1.05750893097738,8600.66940695675,0.0064512
17.62,0.544879671578315,-0.69418170142814,4.02400000000007,19.2008141915513,0.838609597125665,0.273069437450607,0.19999999999991,0.334656233130857,-0.942340281228955,4.024,19.1907963267949,0.0732324192166905,0.451299697964569,0.544999999999966,0.0450440690420054,-1.38798978974329,-1.0854923204153,8600.32113029981,0.0065366
17.64,0.55863875062707,-0.683144860492428,4.02800000000007,19.2208139683978,0.838614083223143,0.273067427452513,0.199999999999897,0.353434853311242,-0.935459140991663,4.028,19.2107963267949,0.0732326582086479,0.451299632355344,0.544999999999873,0.0450440309645704,-1.36591868584023,-1.11303976890188,8599.98835570712,0.0066583
17.66,0.572174456191369,-0.671835071550272,4.03200000000007,19.2408137244241,0.838618487959279,0.273065359563998,0.199999999999852,0.372072104262704,-0.928203829570598,4.032,19.2307963267949,0.0732328814828798,0.451299565526871,0.545000000000053,0.0450439938587637,-1.34330166804597,-1.14014026989941,8599.67101875325,0.0068433
17.68,0.5854813736653,-0.660256856316494,4.03600000000006,19.2608134600235,0.83862281049004,0.27306323549619,0.199999999999871,0.390560531333356,-0.92057724899359,4.036,19.2507963267949,0.0732330891565276,0.451299497525049,0.54500000000006,0.0450439577278824,-1.32014777989348,-1.16678299556096,8599.36904903724,0.0067328
17.7,0.598554179959129,-0.648414843886505,4.04000000000006,19.2808131755929,0.838627050019524,0.273061056961737,0.199999999999892,0.40889273939888,-0.912582449791185,4.04,19.2707963267949,0.0732332813481244,0.451299428395356,0.544999999999994,0.0450439225746159,-1.29646627967678,-1.19295730106188,8599.08237029445,0.007069
17.72,0.611387645628417,-0.636313768884616,4.04400000000006,19.300812871533,0.838631205799501,0.273058825674015,0.199999999999891,0.427061395820474,-0.904222629776466,4.044,19.2907963267949,0.0732334581856184,0.451299358184907,0.544999999999961,0.0450438884011518,-1.27226663674763,-1.21865272885819,8598.8109005132,0.0065519
17.74,0.623976636965676,-0.623958469570141,4.04800000000006,19.3208125482474,0.838635277129258,0.273056543346427,0.199999999999876,0.445059233377816,-0.895501132765978,4.048,19.3107963267949,0.0732336198010677,0.451299286940501,0.544999999999966,0.0450438552093559,-1.24755852772773,-1.24385901286995,8598.55455204839,0.006381
17.76,0.636316118053739,-0.611353885902049,4.05200000000007,19.3408122061428,0.83863926335522,0.27305421169164,0.199999999999864,0.462879053175851,-0.88642144724224,4.052,19.3307963267949,0.0732337663273073,0.45129921470531,0.544999999999972,0.0450438230003978,-1.22235183263806,-1.2685660825881,8598.3132317355,0.0064198
17.78,0.648401152780005,-0.598505057562943,4.05600000000006,19.3608118456289,0.83864316387043,0.273051832420688,0.199999999999854,0.480513727524258,-0.876987204958398,4.056,19.3507963267949,0.073233897911753,0.451299141529333,0.545000000000061,0.0450437917753588,-1.19665663094683,-1.29276406710307,8598.08684101357,0.006334
17.8,0.660226906810779,-0.585417121943146,4.06000000000005,19.3808114671176,0.838646978114567,0.273049407242524,0.199999999999876,0.497956202788415,-0.867202179485581,4.06,19.3707963267949,0.0732340146941918,0.451299067449278,0.545000000000047,0.0450437615344767,-1.17048319753771,-1.31644329905354,8597.87527603289,0.0062715
17.82,0.671788649524881,-0.572095312085713,4.06400000000006,19.4008110710236,0.838650705573064,0.273046937862745,0.199999999999893,0.515199502210785,-0.857070284703512,4.064,19.3907963267949,0.073234116826612,0.451298992517343,0.544999999999986,0.045043732277726,-1.1438419985998,-1.33959431849377,8597.67842778384,0.0065258
17.84,0.683081755905793,-0.558544954593186,4.06800000000006,19.4208106577634,0.838654345777013,0.273044425983538,0.199999999999888,0.532236728701506,-0.846595573235013,4.068,19.4107963267949,0.0732342007912248,0.451298915518176,0.54499999999999,0.0450437039733052,-1.11674368744126,-1.36220787667796,8597.49618221229,0.0063851
17.86,0.694101708390608,-0.544771467498161,4.07200000000006,19.4408102277549,0.83865789815582,0.273041873251986,0.199999999999884,0.549061067597141,-0.83578223482501,4.072,19.4307963267949,0.0732342709937429,0.45129883792677,0.544999999999959,0.0450436766586105,-1.08919910022786,-1.38427493976019,8597.32842033205,0.0063001
17.88,0.70484409867717,-0.530780358095891,4.07600000000006,19.4608097814172,0.838661362353614,0.273039281371899,0.199999999999869,0.565665789386454,-0.824634594664691,4.076,19.4507963267949,0.07323432848128,0.451298760066017,0.544999999999963,0.0450436503440066,-1.06121925164867,-1.40578669240836,8597.17501835852,0.0062683
17.9,0.715304629488628,-0.516577220739632,4.08000000000006,19.4808093191717,0.838664738094279,0.273036652051501,0.199999999999856,0.582044252402122,-0.813157111661489,4.08,19.4707963267949,0.0732343729889604,0.451298681819942,0.545000000000084,0.0450436250135534,-1.03281533051013,-1.42673454133078,8597.03584781956,0.0063055
17.92,0.725479116292312,-0.502167734602711,4.08400000000005,19.5008088414414,0.838668025128243,0.27303398698426,0.199999999999887,0.598189905477316,-0.801354376655571,4.084,19.4907963267949,0.0732344043619911,0.45129860312876,0.545000000000002,0.0450436006610995,-1.00399869526054,-1.44711011871377,8596.91077568222,0.0063065
17.94,0.735363488973214,-0.487557661407079,4.08800000000006,19.5208083486507,0.838671223236153,0.273031287851318,0.199999999999887,0.614096290566081,-0.789231110583572,4.088,19.5107963267949,0.0732344225289637,0.451298523959538,0.544999999999975,0.0450435772837738,-0.974780869446635,-1.46690528556921,8596.79966446936,0.0060795
17.96,0.74495379346176,-0.472752843118789,4.09200000000006,19.5408078412247,0.838674332231576,0.273028556322341,0.199999999999879,0.629757045326459,-0.776792162590283,4.092,19.5307963267949,0.0732344274877216,0.451298444308152,0.544999999999992,0.045043554878627,-0.945173537104201,-1.48611213499047,8596.70237238447,0.0064463
17.98,0.754246193315213,-0.457759199611334,4.09600000000006,19.5608073195894,0.838677351963151,0.273025794056307,0.199999999999876,0.645165905665354,-0.764042508089049,4.096,19.5507963267949,0.0732344192933002,0.451298364185173,0.544999999999977,0.045043533442257,-0.915188538084463,-1.50472299531555,8596.61875343279,0.0064518
18,0.763236971252062,-0.442582726297784,4.10000000000006,19.580806784171,0.838680282316248,0.27302300270166,0.199999999999867,0.66031670824408,-0.750987246771676,4.1,19.5707963267949,0.0732343980378057,0.451298283613994,0.544999999999985,0.0450435129708934,-0.884837863318166,-1.52273043319613,8596.54865754211,0.0061957
18.02,0.771922530638781,-0.427229491732685,4.10400000000005,19.6008062353962,0.838683123213818,0.273020183896353,0.199999999999862,0.675203392943614,-0.737631600568625,4.104,19.5907963267949,0.0732343638491885,0.451298202623009,0.545000000000055,0.0450434934605714,-0.854133650019234,-1.54012725657126,8596.49193068627,0.0062397
18.04,0.780299396928349,-0.411705635184689,4.10800000000005,19.6208056736917,0.838685874617181,0.273017339267544,0.199999999999881,0.689820005288563,-0.723980911560303,4.108,19.6107963267949,0.0732343168854512,0.451298121251433,0.545000000000008,0.0450434749065899,-0.823088176829911,-1.55690651754463,8596.44841501048,0.0063514
18.06,0.788364219049944,-0.396017364180869,4.11200000000005,19.6408050994842,0.838688536526574,0.273014470431527,0.199999999999884,0.704160698828874,-0.710040639840307,4.112,19.6307963267949,0.0732342573163945,0.451298039537813,0.544999999999991,0.0450434573042592,-0.791713858909353,-1.57306151516406,8596.41794894868,0.0060897
18.08,0.796113770749278,-0.380170952023736,4.11600000000005,19.6608045131998,0.838691108980957,0.273011578993173,0.199999999999881,0.718219737478337,-0.695816361331457,4.116,19.6507963267949,0.0732341853257743,0.451297957521901,0.544999999999979,0.0450434406483807,-0.760023242967599,-1.58858579810227,8596.40036734792,0.0058778
18.1,0.803544951878994,-0.364172735281933,4.12000000000006,19.6808039152645,0.838693592057907,0.273008666545454,0.199999999999874,0.731991497808947,-0.6813137655555,4.12,19.6707963267949,0.073234101115565,0.451297875246378,0.544999999999977,0.0450434249333105,-0.728029002246944,-1.60347316723784,8596.3955015938,0.0058469
18.12,0.810654789638646,-0.348029111255622,4.12400000000006,19.7008033061035,0.838695985873661,0.273005734669042,0.199999999999865,0.745470471300187,-0.666538653357386,4.124,19.6907963267949,0.0732340048878093,0.451297792752313,0.544999999999994,0.0450434101532506,-0.695743931452681,-1.61771767813518,8596.4031797282,0.0057499
18.14,0.817440439763732,-0.331746535417572,4.12800000000005,19.7208026861411,0.83869829058244,0.273002784931734,0.199999999999863,0.758651266542381,-0.651496934584992,4.128,19.7107963267949,0.0732338968553235,0.451297710079738,0.545000000000081,0.0450433963019299,-0.663180941635285,-1.63131364342276,8596.42322657431,0.0057963
18.16,0.823899187663326,-0.315331518830984,4.13200000000005,19.7408020558007,0.838700506376189,0.272999818887893,0.199999999999892,0.771528611393173,-0.636194625725274,4.132,19.7307963267949,0.073233777230905,0.4512976272725,0.545000000000012,0.0450433833728443,-0.630353055026044,-1.64425563506839,8596.45546385753,0.0057391
18.18,0.83002844950584,-0.29879062554507,4.13600000000005,19.7608014155044,0.838702633483879,0.272996838078127,0.199999999999896,0.78409735508632,-0.620637847497748,4.136,19.7507963267949,0.0732336462379751,0.451297544366418,0.544999999999976,0.0450433713590614,-0.597273399828227,-1.65653848655087,8596.49971032778,0.0058741
18.2,0.835825773252485,-0.282130469969453,4.14000000000005,19.780800765673,0.838704672171242,0.272993844028461,0.199999999999888,0.796352470291923,-0.604832822406284,4.14,19.7707963267949,0.0732335040954086,0.451297461405089,0.54499999999995,0.0450433602534536,-0.563955204965871,-1.66815729492693,8596.5557818803,0.0059371
18.22,0.841288839638022,-0.265357714228407,4.14400000000005,19.8008001067259,0.838706622739876,0.272990838250204,0.19999999999987,0.808289055127301,-0.588785872250188,4.144,19.7907963267949,0.0732333510316271,0.451297378426601,0.544999999999977,0.0450433500485508,-0.530411794792272,-1.67910742279286,8596.62349167595,0.0058416
18.24,0.846415463098399,-0.248479065496025,4.14800000000005,19.8207994390805,0.838708485526933,0.272987822239254,0.199999999999862,0.819902335117672,-0.572503415595565,4.148,19.8107963267949,0.0732331872702551,0.451297295466867,0.54500000000004,0.0450433407364717,-0.496656583760315,-1.68938450013983,8596.70265026162,0.0058598
18.26,0.851203592644916,-0.231501273313363,4.15200000000005,19.8407987631527,0.838710260904212,0.272984797475576,0.199999999999876,0.831187665105884,-0.555991965207978,4.152,19.8307963267949,0.0732330130294269,0.451297212562797,0.545000000000022,0.0450433323092304,-0.462703071056766,-1.69898442610225,8596.79306569219,0.0057157
18.28,0.855651312684557,-0.214431126888649,4.15600000000005,19.8607980793562,0.838711949277235,0.272981765422813,0.199999999999884,0.842140531110405,-0.539258125447438,4.156,19.8507963267949,0.0732328285346447,0.451297129751648,0.545000000000021,0.0450433247583227,-0.428564835202668,-1.70790337059858,8596.89454364737,0.0056545
18.3,0.859756843786164,-0.197275452381615,4.16000000000005,19.8807973881025,0.838713551084829,0.272978727527905,0.199999999999891,0.852756552130873,-0.522308589626732,4.16,19.8707963267949,0.0732326340118389,0.451297047063862,0.544999999999948,0.0450433180752306,-0.394255528622013,-1.7161377758637,8597.00688754956,0.0055709
18.32,0.863518543392156,-0.180041110173067,4.16400000000005,19.9007966898009,0.838715066798437,0.272975685220399,0.199999999999873,0.863031481900425,-0.505150137334196,4.164,19.8907963267949,0.0732324296983578,0.451296964539222,0.544999999999965,0.0450433122509462,-0.359788872180847,-1.72368435787243,8597.12989868934,0.0054762
18.34,0.866934906475496,-0.162734992120748,4.16800000000005,19.9207959848581,0.838716496921857,0.272972639912466,0.19999999999986,0.872961210584149,-0.487789631721972,4.168,19.9107963267949,0.07323221581441,0.451296882211149,0.545000000000022,0.0450433072764556,-0.325178649699006,-1.73054010765354,8597.26337633209,0.0057917
18.36,0.870004566141651,-0.145364018802622,4.17200000000005,19.9407952736783,0.838717841989845,0.272969592998254,0.199999999999868,0.882541766422967,-0.470234016760835,4.172,19.9307963267949,0.0732319925906233,0.45129680011187,0.545000000000045,0.0450433031421799,-0.290438702436676,-1.73670229249369,8597.40711784232,0.0057685
18.38,0.872726294175292,-0.127935136748677,4.17600000000005,19.9607945566629,0.838719102567824,0.272966545853498,0.199999999999885,0.891769317322283,-0.452490314462696,4.176,19.9507963267949,0.0732317602580233,0.451296718276678,0.545000000000009,0.0450432998385699,-0.255582923557966,-1.74216845703097,8597.56091879865,0.0058724
18.4,0.875099001531539,-0.110455315662336,4.18000000000005,19.9807938342103,0.838720279251185,0.272963499835304,0.199999999999888,0.900640172384768,-0.434565622071897,4.18,19.9707963267949,0.0732315190507853,0.451296636738076,0.544999999999981,0.0450432973556888,-0.220625252573736,-1.74693642423742,8597.72457310894,0.0057359
18.42,0.877121738771529,-0.0929315456326117,4.18400000000005,20.0007931067161,0.838721372664703,0.272960456281706,0.199999999999881,0.909150783386676,-0.416467109226399,4.184,19.9907963267949,0.0732312691937022,0.451296555524317,0.54499999999998,0.0450432956833772,-0.18557966976588,-1.75100429629023,8597.89787312033,0.0056974
18.44,0.878793696442148,-0.0753708343380989,4.18800000000005,20.0207923745725,0.838722383461448,0.272957416511177,0.199999999999874,0.917297746197079,-0.398202015090029,4.188,20.0107963267949,0.0732310109195274,0.451296474672203,0.544999999999973,0.0450432948113451,-0.150460190595303,-1.75437045533127,8598.08060974011,0.0056102
18.46,0.880114205399776,-0.0577802042439431,4.19200000000005,20.0407916381685,0.838723312322401,0.272954381822692,0.199999999999864,0.925077802139475,-0.379777645456915,4.192,20.0307963267949,0.0732307444609214,0.451296394209435,0.545000000000015,0.0450432947289535,-0.115280860095831,-1.75703356411463,8598.27257254341,0.0058358
18.48,0.881082737077896,-0.0401666897928864,4.19600000000005,20.0607908978897,0.838724159955738,0.272951353495061,0.19999999999987,0.932487839295222,-0.361201369829252,4.196,20.0507963267949,0.0732304700413112,0.451296314164849,0.544999999999995,0.045043295425499,-0.0800557472562915,-1.75899256654195,8598.47354988321,0.0055884
18.5,0.881698903698493,-0.0225373345915311,4.20000000000005,20.0807901541179,0.838724927095758,0.272948332786712,0.199999999999868,0.939524893748256,-0.342480618469613,4.2,20.0707963267949,0.0732301879018568,0.451296234568341,0.544999999999986,0.0450432968899674,-0.0447989393930123,-1.76024668808524,8598.68332900897,0.0058564
18.52,0.881962458427131,-0.00489918859293395,4.20400000000005,20.1007894072316,0.838725614502888,0.272945320935478,0.199999999999863,0.946186150770622,-0.323622879428932,4.204,20.0907963267949,0.073229898266382,0.451296155452074,0.545000000000043,0.0450432991112125,-0.00952453651499433,-1.76079543609708,8598.90169616764,0.0056187
18.54,0.881873295471653,0.0127406947233367,4.20800000000004,20.1207886576053,0.838726222962286,0.272942319158444,0.199999999999879,0.952468945948328,-0.304635695551394,4.208,20.1107963267949,0.073229601376014,0.451296076843116,0.545000000000018,0.0450433020779052,0.0257533543159951,-1.76063860000813,8599.12843671975,0.005596
18.56,0.881431450124472,0.0303752611725542,4.21200000000005,20.1407879056095,0.838726753283842,0.272939328651508,0.199999999999885,0.95837076624707,-0.285526661457391,4.212,20.1307963267949,0.0732292974551532,0.45129599876771,0.544999999999997,0.0450433057785174,0.0610206246281468,-1.75977625141172,8599.36333523881,0.0056771
18.58,0.88063709874843,0.0479974586864673,4.21600000000005,20.160787151611,0.838727206300807,0.272936350589125,0.199999999999884,0.96388925101742,-0.266303420505776,4.216,20.1507963267949,0.0732289867348854,0.451295921254916,0.544999999999981,0.0450433102013506,0.0962631701828977,-1.75820874403566,8599.60617562405,0.0059495
18.6,0.879490558706226,0.0656002401340832,4.22000000000005,20.180786395972,0.83872758286937,0.272933386124229,0.199999999999877,0.96902219293905,-0.246973661736621,4.22,20.1707963267949,0.0732286694468469,0.451295844328766,0.544999999999967,0.0450433153345507,0.131466896616525,-1.75593671360113,8599.85674120292,0.0056992
18.62,0.877992288233458,0.0831765661404782,4.22400000000005,20.2007856390509,0.838727883867994,0.272930436387827,0.199999999999866,0.973767538903626,-0.227545116795712,4.224,20.1907963267949,0.0732283458224109,0.451295768017787,0.54499999999999,0.0450433211661159,0.166617725077789,-1.75296107756885,8600.11481483726,0.0058165
18.64,0.876142886255308,0.100719407902505,4.22800000000004,20.2207848812016,0.838728110196716,0.272927502489013,0.199999999999862,0.978123390836036,-0.20802555684198,4.228,20.2107963267949,0.0732280160951437,0.451295692346742,0.545000000000077,0.0450433276839832,0.201701597859371,-1.74928303477244,8600.38017902489,0.005789
18.66,0.873943092146959,0.118221750000275,4.23200000000004,20.2407841227735,0.838728262776559,0.272924585514641,0.199999999999889,0.982088006453582,-0.188422789439148,4.232,20.2307963267949,0.0732276804888236,0.451295617339116,0.545000000000034,0.0450433348756534,0.236704484020851,-1.74490406493937,8600.65261599838,0.0067909
18.68,0.871393785437831,0.135676593203277,4.23600000000004,20.2607833641116,0.838728342548457,0.272921686529123,0.199999999999902,0.985659799962879,-0.168744655432811,4.236,20.2507963267949,0.0732273392397312,0.451295543022112,0.544999999999962,0.0450433427289353,0.27161238500098,-1.73982592809945,8600.93190783256,0.0060452
18.7,0.868495985459767,0.153076957270031,4.24000000000005,20.2807826055562,0.838728350473091,0.272918806574445,0.199999999999888,0.988837342694146,-0.148999025814199,4.24,20.2707963267949,0.0732269925744123,0.451295469414263,0.54499999999997,0.0450433512311717,0.306411340217002,-1.73405066388127,8601.21783653538,0.0058657
18.72,0.86525085093929,0.17041588374014,4.24400000000005,20.3007818474429,0.838728287529823,0.27291594666967,0.199999999999877,0.991619363672658,-0.129193798571889,4.244,20.2907963267949,0.0732266407193494,0.45129539654138,0.544999999999989,0.0450433603697104,0.341087432648779,-1.72758059069673,8601.51018415076,0.0058214
18.74,0.86165967953411,0.18768643871763,4.24800000000005,20.3207810901026,0.838728154716034,0.272913107811134,0.199999999999873,0.994004750127115,-0.109336895532711,4.248,20.3107963267949,0.0732262839011007,0.451295324428729,0.544999999999964,0.0450433701317455,0.375626794405496,-1.72041830481412,8601.80873285404,0.0056588
18.76,0.857723907314063,0.204881715644464,4.25200000000005,20.3407803338612,0.838727953046472,0.272910290972321,0.19999999999986,0.995992547934743,-0.0894362591931219,4.252,20.3307963267949,0.0732259223483388,0.45129525309176,0.545000000000031,0.0450433805045538,0.410015612272712,-1.71256667932004,8602.11326504527,0.0059848
18.78,0.853445108186683,0.221994838063121,4.25600000000004,20.3607795790397,0.838727683552682,0.272907497103356,0.199999999999871,0.997581962002919,-0.0694998495423269,4.256,20.3507963267949,0.0732255562864939,0.451295182556157,0.545000000000043,0.0450433914750225,0.444240133237539,-1.7040288629706,8602.42356344592,0.0056249
18.8,0.848824993267645,0.239018962367135,4.26000000000004,20.3807788259541,0.838727347282227,0.272904727131356,0.199999999999887,0.99877235658721,-0.0495356408783674,4.26,20.3707963267949,0.0732251859398494,0.451295112837696,0.545000000000005,0.0450434030301994,0.478286669989744,-1.69480827893234,8602.73941118704,0.0057696
18.82,0.843865410196332,0.255947280538499,4.26400000000004,20.4007780749153,0.838726945298003,0.272901981959948,0.199999999999889,0.999563255545654,-0.0295516186185229,4.264,20.3907963267949,0.0732248115296611,0.451295043961828,0.54499999999998,0.0450434151567554,0.512141606396569,-1.68490862341336,8603.06059190367,0.0058133
18.84,0.838568342396779,0.272773022870821,4.26800000000005,20.4207773262291,0.838726478677484,0.272899262469621,0.199999999999881,0.999954342529211,-0.00955577610524739,4.268,20.4107963267949,0.0732244332790775,0.451294975943646,0.544999999999948,0.0450434278417398,0.545791402949076,-1.67433386418535,8603.38688982145,0.0058749
